date,close
1980-03-17,0.1775526702404022
1980-03-18,0.1787944585084915
1980-03-19,0.1812778562307357
1980-03-20,0.176932081580162
1980-03-21,0.1787944585084915
1980-03-24,0.1732072085142135
1980-03-25,0.1725863367319107
1980-03-26,0.1725863367319107
1980-03-27,0.1738279461860656
1980-03-28,0.1794153451919555
1980-03-31,0.1818985342979431
1980-04-01,0.1825195401906967
1980-04-02,0.1837612837553024
1980-04-03,0.1837612837553024
1980-04-07,0.1837612837553024
1980-04-08,0.1831403225660324
1980-04-09,0.185623362660408
1980-04-10,0.1936940252780914
1980-04-11,0.1961774379014969
1980-04-14,0.191210925579071
1980-04-15,0.1930730789899826
1980-04-16,0.1899691373109817
1980-04-17,0.1881066113710403
1980-04-18,0.1868650913238525
1980-04-21,0.1899691373109817
1980-04-22,0.1961774379014969
1980-04-23,0.1949357539415359
1980-04-24,0.1974188983440399
1980-04-25,0.1949357539415359
1980-04-28,0.1967982351779937
1980-04-29,0.1974188983440399
1980-04-30,0.1992815285921096
1980-05-01,0.2005231082439422
1980-05-02,0.2011436969041824
1980-05-05,0.2005231082439422
1980-05-06,0.2023852914571762
1980-05-07,0.2030063718557357
1980-05-08,0.1986604928970337
1980-05-09,0.1999021619558334
1980-05-12,0.2005231082439422
1980-05-13,0.1986604928970337
1980-05-14,0.2005231082439422
1980-05-15,0.2036271840333938
1980-05-16,0.2017646729946136
1980-05-19,0.2005231082439422
1980-05-20,0.2005231082439422
1980-05-21,0.2011436969041824
1980-05-22,0.2036271840333938
1980-05-23,0.210455983877182
1980-05-27,0.2110767960548401
1980-05-28,0.2135602384805679
1980-05-29,0.2123187929391861
1980-05-30,0.2116977423429489
1980-06-02,0.210455983877182
1980-06-03,0.2116977423429489
1980-06-04,0.2129393815994262
1980-06-05,0.2110767960548401
1980-06-06,0.2148018479347229
1980-06-09,0.2148018479347229
1980-06-10,0.2210099250078201
1980-06-11,0.2278387546539306
1980-06-12,0.2234930992126464
1980-06-13,0.2234930992126464
1980-06-16,0.2216306924819946
1980-06-17,0.2247347682714462
1980-06-18,0.2241137623786926
1980-06-19,0.2234930992126464
1980-06-20,0.2210099250078201
1980-06-23,0.2179058641195297
1980-06-24,0.2216306924819946
1980-06-25,0.2228721976280212
1980-06-26,0.2197683751583099
1980-06-27,0.2166640907526016
1980-06-30,0.2092143297195434
1980-07-01,0.2116977423429489
1980-07-02,0.2191472500562667
1980-07-03,0.2185267657041549
1980-07-07,0.2185267657041549
1980-07-08,0.2166640907526016
1980-07-09,0.2135602384805679
1980-07-10,0.2110767960548401
1980-07-11,0.2098350822925567
1980-07-14,0.210455983877182
1980-07-15,0.2116977423429489
1980-07-16,0.2110767960548401
1980-07-17,0.2135602384805679
1980-07-18,0.2148018479347229
1980-07-21,0.2222516685724258
1980-07-22,0.2265971004962921
1980-07-23,0.2247347682714462
1980-07-24,0.2265971004962921
1980-07-25,0.2259763926267624
1980-07-28,0.2265971004962921
1980-07-29,0.2321846485137939
1980-07-30,0.2390135675668716
1980-07-31,0.2390135675668716
1980-08-01,0.2396343052387237
1980-08-04,0.2402552515268325
1980-08-05,0.2408758401870727
1980-08-06,0.2408758401870727
1980-08-07,0.2446009367704391
1980-08-08,0.2439800500869751
1980-08-11,0.2477050423622131
1980-08-12,0.2489465028047561
1980-08-13,0.2458426654338836
1980-08-14,0.2439800500869751
1980-08-15,0.2439800500869751
1980-08-18,0.2402552515268325
1980-08-19,0.2390135675668716
1980-08-20,0.238392636179924
1980-08-21,0.238392636179924
1980-08-22,0.2483259439468383
1980-08-25,0.2458426654338836
1980-08-26,0.2483259439468383
1980-08-27,0.243359163403511
1980-08-28,0.2408758401870727
1980-08-29,0.2377720028162002
1980-09-02,0.2390135675668716
1980-09-03,0.2470840662717819
1980-09-04,0.2446009367704391
1980-09-05,0.2427383959293365
1980-09-08,0.2427383959293365
1980-09-09,0.24522165954113
1980-09-10,0.2483259439468383
1980-09-11,0.2483259439468383
1980-09-12,0.2464632838964462
1980-09-15,0.24522165954113
1980-09-16,0.253913015127182
1980-09-17,0.265708327293396
1980-09-18,0.2675709426403045
1980-09-19,0.2719165384769439
1980-09-22,0.2731583714485168
1980-09-23,0.2650878727436065
1980-09-24,0.2632253468036651
1980-09-25,0.2595003545284271
1980-09-26,0.2582587599754333
1980-09-29,0.2545339465141296
1980-09-30,0.2557754814624786
1980-10-01,0.2582587599754333
1980-10-02,0.2607419192790985
1980-10-03,0.2632253468036651
1980-10-06,0.2638463377952575
1980-10-07,0.2669500708580017
1980-10-08,0.2688127756118774
1980-10-09,0.265708327293396
1980-10-10,0.2607419192790985
1980-10-13,0.2619837522506714
1980-10-14,0.2595003545284271
1980-10-15,0.2582587599754333
1980-10-16,0.2508089542388916
1980-10-17,0.2532923519611358
1980-10-20,0.2545339465141296
1980-10-21,0.2495674192905426
1980-10-22,0.2532923519611358
1980-10-23,0.2526714205741882
1980-10-24,0.2532923519611358
1980-10-27,0.2458426654338836
1980-10-28,0.24522165954113
1980-10-29,0.2464632838964462
1980-10-30,0.23653045296669
1980-10-31,0.2470840662717819
1980-11-03,0.2470840662717819
1980-11-05,0.2501881718635559
1980-11-06,0.24522165954113
1980-11-07,0.2390135675668716
1980-11-10,0.238392636179924
1980-11-11,0.238392636179924
1980-11-12,0.2439800500869751
1980-11-13,0.2483259439468383
1980-11-14,0.2508089542388916
1980-11-17,0.2532923519611358
1980-11-18,0.253913015127182
1980-11-19,0.2545339465141296
1980-11-20,0.2532923519611358
1980-11-21,0.252050518989563
1980-11-24,0.2532923519611358
1980-11-25,0.2663293182849884
1980-11-26,0.265708327293396
1980-11-28,0.265708327293396
1980-12-01,0.2588794827461242
1980-12-02,0.2582587599754333
1980-12-03,0.2601209282875061
1980-12-04,0.2669500708580017
1980-12-05,0.2632253468036651
1980-12-08,0.2557754814624786
1980-12-09,0.2545339465141296
1980-12-10,0.2446009367704391
1980-12-11,0.2427383959293365
1980-12-12,0.2464632838964462
1980-12-15,0.252050518989563
1980-12-16,0.2514297664165497
1980-12-17,0.2508089542388916
1980-12-18,0.2495674192905426
1980-12-19,0.2495674192905426
1980-12-22,0.2576379776000976
1980-12-23,0.2675709426403045
1980-12-24,0.2669500708580017
1980-12-26,0.2681917548179626
1980-12-29,0.2731583714485168
1980-12-30,0.2719165384769439
1980-12-31,0.2806081771850586
1981-01-02,0.2824704945087433
1981-01-05,0.2837118804454803
1981-01-06,0.2924032807350158
1981-01-07,0.2948870062828064
1981-01-08,0.2967492341995239
1981-01-09,0.293024331331253
1981-01-12,0.2880580723285675
1981-01-13,0.2843330204486847
1981-01-14,0.2824704945087433
1981-01-15,0.2768832743167877
1981-01-16,0.2799871861934662
1981-01-19,0.2824704945087433
1981-01-20,0.2768832743167877
1981-01-21,0.2799871861934662
1981-01-22,0.2725374400615692
1981-01-23,0.2688127756118774
1981-01-26,0.2694332897663116
1981-01-27,0.2706749141216278
1981-01-28,0.2706749141216278
1981-01-29,0.2731583714485168
1981-01-30,0.2731583714485168
1981-02-02,0.2712960839271545
1981-02-03,0.2768832743167877
1981-02-04,0.2737791836261749
1981-02-05,0.2806081771850586
1981-02-06,0.2849536836147308
1981-02-09,0.2849536836147308
1981-02-10,0.2868163287639618
1981-02-11,0.2874368131160736
1981-02-12,0.2837118804454803
1981-02-13,0.2849536836147308
1981-02-17,0.2861953973770141
1981-02-18,0.293024331331253
1981-02-19,0.2892996072769165
1981-02-20,0.2905411720275879
1981-02-23,0.2855747044086456
1981-02-24,0.2868163287639618
1981-02-25,0.2855747044086456
1981-02-26,0.2955075204372406
1981-02-27,0.2973701059818268
1981-03-02,0.3023366630077362
1981-03-03,0.2955075204372406
1981-03-04,0.2955075204372406
1981-03-05,0.2892996072769165
1981-03-06,0.2905411720275879
1981-03-09,0.291161835193634
1981-03-10,0.2917825877666473
1981-03-11,0.291161835193634
1981-03-12,0.2961284816265106
1981-03-13,0.297991007566452
1981-03-16,0.2967492341995239
1981-03-17,0.293024331331253
1981-03-18,0.2942660450935364
1981-03-19,0.2924032807350158
1981-03-20,0.2973701059818268
1981-03-23,0.3017157316207886
1981-03-24,0.2961284816265106
1981-03-25,0.297991007566452
1981-03-26,0.293024331331253
1981-03-27,0.2924032807350158
1981-03-30,0.2967492341995239
1981-03-31,0.297991007566452
1981-04-01,0.297991007566452
1981-04-02,0.2967492341995239
1981-04-03,0.293024331331253
1981-04-06,0.2892996072769165
1981-04-07,0.2868163287639618
1981-04-08,0.2868163287639618
1981-04-09,0.2948870062828064
1981-04-10,0.2967492341995239
1981-04-13,0.2948870062828064
1981-04-14,0.2955075204372406
1981-04-15,0.2955075204372406
1981-04-16,0.2955075204372406
1981-04-20,0.293024331331253
1981-04-21,0.2924032807350158
1981-04-22,0.2924032807350158
1981-04-23,0.293024331331253
1981-04-24,0.293024331331253
1981-04-27,0.293024331331253
1981-04-28,0.2905411720275879
1981-04-29,0.2892996072769165
1981-04-30,0.2868163287639618
1981-05-01,0.2843330204486847
1981-05-04,0.2843330204486847
1981-05-05,0.2799871861934662
1981-05-06,0.2781249582767486
1981-05-07,0.2818500399589538
1981-05-08,0.2830913662910461
1981-05-11,0.2781249582767486
1981-05-12,0.2762625217437744
1981-05-13,0.2775038778781891
1981-05-14,0.2781249582767486
1981-05-15,0.2799871861934662
1981-05-18,0.2843330204486847
1981-05-19,0.2812289595603943
1981-05-20,0.2781249582767486
1981-05-21,0.2799871861934662
1981-05-22,0.2799871861934662
1981-05-26,0.2799871861934662
1981-05-27,0.2793666124343872
1981-05-28,0.2775038778781891
1981-05-29,0.2768832743167877
1981-06-01,0.2806081771850586
1981-06-02,0.2793666124343872
1981-06-03,0.2756415903568268
1981-06-04,0.2768832743167877
1981-06-05,0.2781249582767486
1981-06-08,0.2855747044086456
1981-06-09,0.2880580723285675
1981-06-10,0.2942660450935364
1981-06-11,0.3029572069644928
1981-06-12,0.305440604686737
1981-06-15,0.2967492341995239
1981-06-16,0.2992324531078338
1981-06-17,0.3104073703289032
1981-06-18,0.3128905296325683
1981-06-19,0.305440604686737
1981-06-22,0.305440604686737
1981-06-23,0.3079238831996918
1981-06-24,0.3116488456726074
1981-06-25,0.3128905296325683
1981-06-26,0.3141321241855621
1981-06-29,0.3116488456726074
1981-06-30,0.3128905296325683
1981-07-01,0.3041988909244537
1981-07-02,0.2955075204372406
1981-07-06,0.2868163287639618
1981-07-07,0.2868163287639618
1981-07-08,0.2806081771850586
1981-07-09,0.2818500399589538
1981-07-10,0.2818500399589538
1981-07-13,0.2768832743167877
1981-07-14,0.2818500399589538
1981-07-15,0.2892996072769165
1981-07-16,0.2855747044086456
1981-07-17,0.2880580723285675
1981-07-20,0.2880580723285675
1981-07-21,0.2793666124343872
1981-07-22,0.2731583714485168
1981-07-23,0.2619837522506714
1981-07-24,0.2607419192790985
1981-07-27,0.2719165384769439
1981-07-28,0.2706749141216278
1981-07-29,0.2681917548179626
1981-07-30,0.2706749141216278
1981-07-31,0.2756415903568268
1981-08-03,0.2706749141216278
1981-08-04,0.2743995487689972
1981-08-05,0.2756415903568268
1981-08-06,0.2781249582767486
1981-08-07,0.2793666124343872
1981-08-10,0.2818500399589538
1981-08-11,0.2830913662910461
1981-08-12,0.2806081771850586
1981-08-13,0.2806081771850586
1981-08-14,0.2743995487689972
1981-08-17,0.2582587599754333
1981-08-18,0.2595003545284271
1981-08-19,0.2681917548179626
1981-08-20,0.2669500708580017
1981-08-21,0.2681917548179626
1981-08-24,0.2719165384769439
1981-08-25,0.2669500708580017
1981-08-26,0.2607419192790985
1981-08-27,0.2619837522506714
1981-08-28,0.2632253468036651
1981-08-31,0.2595003545284271
1981-09-01,0.2582587599754333
1981-09-02,0.252050518989563
1981-09-03,0.243359163403511
1981-09-04,0.238392636179924
1981-09-08,0.238392636179924
1981-09-09,0.2421175092458725
1981-09-10,0.2483259439468383
1981-09-11,0.252050518989563
1981-09-14,0.2508089542388916
1981-09-15,0.2532923519611358
1981-09-16,0.2545339465141296
1981-09-17,0.252050518989563
1981-09-18,0.252050518989563
1981-09-21,0.2545339465141296
1981-09-22,0.252050518989563
1981-09-23,0.2483259439468383
1981-09-24,0.2421175092458725
1981-09-25,0.2408758401870727
1981-09-28,0.2483259439468383
1981-09-29,0.2557754814624786
1981-09-30,0.2582587599754333
1981-10-01,0.2607419192790985
1981-10-02,0.2756415903568268
1981-10-05,0.2731583714485168
1981-10-06,0.2694332897663116
1981-10-07,0.2731583714485168
1981-10-08,0.2793666124343872
1981-10-09,0.2706749141216278
1981-10-12,0.2781249582767486
1981-10-13,0.2768832743167877
1981-10-14,0.2694332897663116
1981-10-15,0.2706749141216278
1981-10-16,0.2669500708580017
1981-10-19,0.2644668519496918
1981-10-20,0.265708327293396
1981-10-21,0.2607419192790985
1981-10-22,0.2607419192790985
1981-10-23,0.2582587599754333
1981-10-26,0.2532923519611358
1981-10-27,0.252050518989563
1981-10-28,0.2632253468036651
1981-10-29,0.2743995487689972
1981-10-30,0.2793666124343872
1981-11-02,0.2855747044086456
1981-11-03,0.2880580723285675
1981-11-04,0.2855747044086456
1981-11-05,0.2892996072769165
1981-11-06,0.2830913662910461
1981-11-09,0.2855747044086456
1981-11-10,0.2830913662910461
1981-11-11,0.2855747044086456
1981-11-12,0.2806081771850586
1981-11-13,0.2768832743167877
1981-11-16,0.2743995487689972
1981-11-17,0.2880580723285675
1981-11-18,0.2855747044086456
1981-11-19,0.2855747044086456
1981-11-20,0.2843330204486847
1981-11-23,0.293024331331253
1981-11-24,0.293024331331253
1981-11-25,0.2880580723285675
1981-11-27,0.2880580723285675
1981-11-30,0.2942660450935364
1981-12-01,0.2917825877666473
1981-12-02,0.2843330204486847
1981-12-03,0.2818500399589538
1981-12-04,0.2880580723285675
1981-12-07,0.2855747044086456
1981-12-08,0.2855747044086456
1981-12-09,0.2830913662910461
1981-12-10,0.2806081771850586
1981-12-11,0.2843330204486847
1981-12-14,0.2806081771850586
1981-12-15,0.2818500399589538
1981-12-16,0.2793666124343872
1981-12-17,0.2781249582767486
1981-12-18,0.2781249582767486
1981-12-21,0.2768832743167877
1981-12-22,0.2768832743167877
1981-12-23,0.2793666124343872
1981-12-24,0.2768832743167877
1981-12-28,0.2731583714485168
1981-12-29,0.2669500708580017
1981-12-30,0.2719165384769439
1981-12-31,0.2681917548179626
1982-01-04,0.2681917548179626
1982-01-05,0.2669500708580017
1982-01-06,0.2595003545284271
1982-01-07,0.2619837522506714
1982-01-08,0.2619837522506714
1982-01-11,0.2607419192790985
1982-01-12,0.252050518989563
1982-01-13,0.2570172548294067
1982-01-14,0.2619837522506714
1982-01-15,0.2644668519496918
1982-01-18,0.2706749141216278
1982-01-19,0.2706749141216278
1982-01-20,0.2632253468036651
1982-01-21,0.2644668519496918
1982-01-22,0.2607419192790985
1982-01-25,0.2595003545284271
1982-01-26,0.2619837522506714
1982-01-27,0.2669500708580017
1982-01-28,0.2781249582767486
1982-01-29,0.2880580723285675
1982-02-01,0.2756415903568268
1982-02-02,0.2855747044086456
1982-02-03,0.2843330204486847
1982-02-04,0.2843330204486847
1982-02-05,0.2892996072769165
1982-02-08,0.293024331331253
1982-02-09,0.2892996072769165
1982-02-10,0.2868163287639618
1982-02-11,0.2855747044086456
1982-02-12,0.2917825877666473
1982-02-16,0.2942660450935364
1982-02-17,0.293024331331253
1982-02-18,0.293024331331253
1982-02-19,0.2880580723285675
1982-02-22,0.2830913662910461
1982-02-23,0.2830913662910461
1982-02-24,0.2868163287639618
1982-02-25,0.2868163287639618
1982-02-26,0.2855747044086456
1982-03-01,0.2880580723285675
1982-03-02,0.2905411720275879
1982-03-03,0.2892996072769165
1982-03-04,0.2806081771850586
1982-03-05,0.2806081771850586
1982-03-08,0.2731583714485168
1982-03-09,0.2756415903568268
1982-03-10,0.2706749141216278
1982-03-11,0.2731583714485168
1982-03-12,0.2694332897663116
1982-03-15,0.2681917548179626
1982-03-16,0.2719165384769439
1982-03-17,0.2719165384769439
1982-03-18,0.2743995487689972
1982-03-19,0.2756415903568268
1982-03-22,0.2781249582767486
1982-03-23,0.2892996072769165
1982-03-24,0.2917825877666473
1982-03-25,0.2992324531078338
1982-03-26,0.2905411720275879
1982-03-29,0.2955075204372406
1982-03-30,0.2942660450935364
1982-03-31,0.2880580723285675
1982-04-01,0.2868163287639618
1982-04-02,0.2917825877666473
1982-04-05,0.2880580723285675
1982-04-06,0.2892996072769165
1982-04-07,0.293024331331253
1982-04-08,0.293024331331253
1982-04-12,0.2942660450935364
1982-04-13,0.293024331331253
1982-04-14,0.2917825877666473
1982-04-15,0.2942660450935364
1982-04-16,0.2955075204372406
1982-04-19,0.3029572069644928
1982-04-20,0.3004741072654724
1982-04-21,0.297991007566452
1982-04-22,0.3029572069644928
1982-04-23,0.3066823184490204
1982-04-26,0.3091653287410736
1982-04-27,0.3017157316207886
1982-04-28,0.3004741072654724
1982-04-29,0.2992324531078338
1982-04-30,0.3029572069644928
1982-05-03,0.305440604686737
1982-05-04,0.3116488456726074
1982-05-05,0.3128905296325683
1982-05-06,0.3153737485408783
1982-05-07,0.3153737485408783
1982-05-10,0.3104073703289032
1982-05-11,0.3128905296325683
1982-05-12,0.3104073703289032
1982-05-13,0.3128905296325683
1982-05-14,0.3104073703289032
1982-05-17,0.3066823184490204
1982-05-18,0.3079238831996918
1982-05-19,0.3029572069644928
1982-05-20,0.3004741072654724
1982-05-21,0.297991007566452
1982-05-24,0.2942660450935364
1982-05-25,0.293024331331253
1982-05-26,0.2892996072769165
1982-05-27,0.2880580723285675
1982-05-28,0.2868163287639618
1982-06-01,0.2868163287639618
1982-06-02,0.2917825877666473
1982-06-03,0.2942660450935364
1982-06-04,0.2892996072769165
1982-06-07,0.2855747044086456
1982-06-08,0.2855747044086456
1982-06-09,0.2830913662910461
1982-06-10,0.2868163287639618
1982-06-11,0.2843330204486847
1982-06-14,0.2781249582767486
1982-06-15,0.2806081771850586
1982-06-16,0.2793666124343872
1982-06-17,0.2768832743167877
1982-06-18,0.2756415903568268
1982-06-21,0.2768832743167877
1982-06-22,0.2781249582767486
1982-06-23,0.2942660450935364
1982-06-24,0.2892996072769165
1982-06-25,0.2830913662910461
1982-06-28,0.2868163287639618
1982-06-29,0.2868163287639618
1982-06-30,0.2843330204486847
1982-07-01,0.2818500399589538
1982-07-02,0.2818500399589538
1982-07-06,0.2793666124343872
1982-07-07,0.2830913662910461
1982-07-08,0.2830913662910461
1982-07-09,0.2830913662910461
1982-07-12,0.2942660450935364
1982-07-13,0.3004741072654724
1982-07-14,0.3004741072654724
1982-07-15,0.3041988909244537
1982-07-16,0.3141321241855621
1982-07-19,0.3166154325008392
1982-07-20,0.3190986514091491
1982-07-21,0.3153737485408783
1982-07-22,0.3203402161598205
1982-07-23,0.3066823184490204
1982-07-26,0.2992324531078338
1982-07-27,0.3029572069644928
1982-07-28,0.3017157316207886
1982-07-29,0.297991007566452
1982-07-30,0.2992324531078338
1982-08-02,0.3091653287410736
1982-08-03,0.3017157316207886
1982-08-04,0.2917825877666473
1982-08-05,0.2942660450935364
1982-08-06,0.2880580723285675
1982-08-09,0.2843330204486847
1982-08-10,0.2880580723285675
1982-08-11,0.2855747044086456
1982-08-12,0.2843330204486847
1982-08-13,0.2880580723285675
1982-08-16,0.2892996072769165
1982-08-17,0.3004741072654724
1982-08-18,0.3004741072654724
1982-08-19,0.305440604686737
1982-08-20,0.3128905296325683
1982-08-23,0.3141321241855621
1982-08-24,0.3203402161598205
1982-08-25,0.327789843082428
1982-08-26,0.3315148055553436
1982-08-27,0.3290314674377441
1982-08-30,0.3377226889133453
1982-08-31,0.3476561903953552
1982-09-01,0.3451730012893677
1982-09-02,0.3526226878166199
1982-09-03,0.3600721955299377
1982-09-07,0.3551057279109955
1982-09-08,0.3625554144382477
1982-09-09,0.3538641631603241
1982-09-10,0.3451730012893677
1982-09-13,0.3551057279109955
1982-09-14,0.3600721955299377
1982-09-15,0.3724884688854217
1982-09-16,0.3625554144382477
1982-09-17,0.3526226878166199
1982-09-20,0.3563474118709564
1982-09-21,0.3675220608711242
1982-09-22,0.3650386035442352
1982-09-23,0.3675220608711242
1982-09-24,0.3662806451320648
1982-09-27,0.3637970685958862
1982-09-28,0.3625554144382477
1982-09-29,0.350139319896698
1982-09-30,0.3464144170284271
1982-10-01,0.3488979041576385
1982-10-04,0.350139319896698
1982-10-05,0.3513810932636261
1982-10-06,0.3625554144382477
1982-10-07,0.371246725320816
1982-10-08,0.3774554133415222
1982-10-11,0.3799382746219635
1982-10-12,0.3824218511581421
1982-10-13,0.3799382746219635
1982-10-14,0.3675220608711242
1982-10-15,0.3762136399745941
1982-10-18,0.3824218511581421
1982-10-19,0.3749721646308899
1982-10-20,0.3824218511581421
1982-10-21,0.3836634457111358
1982-10-22,0.3724884688854217
1982-10-25,0.3662806451320648
1982-10-26,0.3687635660171509
1982-10-27,0.3687635660171509
1982-10-28,0.3687635660171509
1982-10-29,0.3700050413608551
1982-11-01,0.3762136399745941
1982-11-02,0.3849049806594848
1982-11-03,0.3898715078830719
1982-11-04,0.396079421043396
1982-11-05,0.396079421043396
1982-11-08,0.3948377966880798
1982-11-09,0.3935961425304413
1982-11-10,0.3774554133415222
1982-11-11,0.3849049806594848
1982-11-12,0.3836634457111358
1982-11-15,0.3799382746219635
1982-11-16,0.3675220608711242
1982-11-17,0.3737301826477051
1982-11-18,0.3724884688854217
1982-11-19,0.3700050413608551
1982-11-22,0.3551057279109955
1982-11-23,0.3414477705955505
1982-11-24,0.3600721955299377
1982-11-26,0.3662806451320648
1982-11-29,0.3700050413608551
1982-11-30,0.3799382746219635
1982-12-01,0.3886299431324005
1982-12-02,0.3824218511581421
1982-12-03,0.3737301826477051
1982-12-06,0.3749721646308899
1982-12-07,0.3774554133415222
1982-12-08,0.3762136399745941
1982-12-09,0.3786969780921936
1982-12-10,0.3849049806594848
1982-12-13,0.396079421043396
1982-12-14,0.3985627889633178
1982-12-15,0.3873880505561828
1982-12-16,0.3836634457111358
1982-12-17,0.3849049806594848
1982-12-20,0.3811803162097931
1982-12-21,0.3849049806594848
1982-12-22,0.3873880505561828
1982-12-23,0.3923548758029938
1982-12-27,0.3911130428314209
1982-12-28,0.3886299431324005
1982-12-29,0.3873880505561828
1982-12-30,0.3836634457111358
1982-12-31,0.3849049806594848
1983-01-03,0.3675220608711242
1983-01-04,0.3762136399745941
1983-01-05,0.3786969780921936
1983-01-06,0.3861466944217682
1983-01-07,0.3873880505561828
1983-01-10,0.3985627889633178
1983-01-11,0.4019078910350799
1983-01-12,0.4081485867500305
1983-01-13,0.4093973636627197
1983-01-14,0.4069001674652099
1983-01-17,0.4031559824943542
1983-01-18,0.3994115889072418
1983-01-19,0.4044041335582733
1983-01-20,0.4118934571743011
1983-01-21,0.3969151377677917
1983-01-24,0.3919227123260498
1983-01-25,0.3969151377677917
1983-01-26,0.4044041335582733
1983-01-27,0.4156378209590912
1983-01-28,0.4093973636627197
1983-01-31,0.4031559824943542
1983-02-01,0.3906745910644531
1983-02-02,0.3981634378433227
1983-02-03,0.3969151377677917
1983-02-04,0.3969151377677917
1983-02-07,0.3819372653961181
1983-02-08,0.3731999695301056
1983-02-09,0.3657111823558807
1983-02-10,0.3719517886638641
1983-02-11,0.3769448101520538
1983-02-14,0.3906745910644531
1983-02-15,0.3856820166110992
1983-02-16,0.3881784379482269
1983-02-17,0.3856820166110992
1983-02-18,0.3906745910644531
1983-02-22,0.3906745910644531
1983-02-23,0.3969151377677917
1983-02-24,0.4044041335582733
1983-02-25,0.4019078910350799
1983-02-28,0.400659829378128
1983-03-01,0.4031559824943542
1983-03-02,0.4168858230113983
1983-03-03,0.4268712997436523
1983-03-04,0.4393523633480072
1983-03-07,0.4393523633480072
1983-03-08,0.4381044507026672
1983-03-09,0.4430977404117584
1983-03-10,0.4293674528598785
1983-03-11,0.4293674528598785
1983-03-14,0.4293674528598785
1983-03-15,0.4231267869472503
1983-03-16,0.4243749678134918
1983-03-17,0.4243749678134918
1983-03-18,0.4218786358833313
1983-03-21,0.425623208284378
1983-03-22,0.4231267869472503
1983-03-23,0.4343602955341339
1983-03-24,0.4368563592433929
1983-03-25,0.4368563592433929
1983-03-28,0.4293674528598785
1983-03-29,0.4318636655807495
1983-03-30,0.4293674528598785
1983-03-31,0.4293674528598785
1983-04-04,0.4268712997436523
1983-04-05,0.4281192719936371
1983-04-06,0.4231267869472503
1983-04-07,0.4268712997436523
1983-04-08,0.4243749678134918
1983-04-11,0.4281415641307831
1983-04-12,0.4319083392620086
1983-04-13,0.438185453414917
1983-04-14,0.446974903345108
1983-04-15,0.4507412314414978
1983-04-18,0.4482303261756897
1983-04-19,0.446974903345108
1983-04-20,0.4595301151275635
1983-04-21,0.4595301151275635
1983-04-22,0.4658079147338867
1983-04-25,0.4670634865760803
1983-04-26,0.4745967090129852
1983-04-27,0.4683188796043396
1983-04-28,0.4708300232887268
1983-04-29,0.4670634865760803
1983-05-02,0.4545080065727234
1983-05-03,0.4545080065727234
1983-05-04,0.4494858682155609
1983-05-05,0.4507412314414978
1983-05-06,0.458274632692337
1983-05-09,0.4570190906524658
1983-05-10,0.4570190906524658
1983-05-11,0.4570190906524658
1983-05-12,0.4557631611824035
1983-05-13,0.4557631611824035
1983-05-16,0.4507412314414978
1983-05-17,0.4545080065727234
1983-05-18,0.4570190906524658
1983-05-19,0.4482303261756897
1983-05-20,0.446974903345108
1983-05-23,0.441952109336853
1983-05-24,0.4406968951225281
1983-05-25,0.4406968951225281
1983-05-26,0.441952109336853
1983-05-27,0.4394412040710449
1983-05-31,0.4356746077537536
1983-06-01,0.4293971061706543
1983-06-02,0.4256303608417511
1983-06-03,0.4306525588035583
1983-06-06,0.4344190955162048
1983-06-07,0.4432075917720794
1983-06-08,0.4394412040710449
1983-06-09,0.4432075917720794
1983-06-10,0.4293971061706543
1983-06-13,0.4243751466274261
1983-06-14,0.4344190955162048
1983-06-15,0.4519966840744018
1983-06-16,0.4695746600627899
1983-06-17,0.4771075248718261
1983-06-20,0.4745967090129852
1983-06-21,0.4645521938800812
1983-06-22,0.4645521938800812
1983-06-23,0.4570190906524658
1983-06-24,0.4858968555927276
1983-06-27,0.4771075248718261
1983-06-28,0.4783636927604675
1983-06-29,0.4758521020412445
1983-06-30,0.4833856523036957
1983-07-01,0.4884074926376343
1983-07-05,0.4796192646026611
1983-07-06,0.4846413731575012
1983-07-07,0.4796192646026611
1983-07-08,0.4758521020412445
1983-07-11,0.4670166075229645
1983-07-12,0.4581812024116516
1983-07-13,0.4531325399875641
1983-07-14,0.4695411026477813
1983-07-15,0.4771142899990082
1983-07-18,0.4758518636226654
1983-07-19,0.488474428653717
1983-07-20,0.4947856068611145
1983-07-21,0.5010964870452881
1983-07-22,0.4998342096805572
1983-07-25,0.5023583769798279
1983-07-26,0.5111938118934631
1983-07-27,0.4998342096805572
1983-07-28,0.4872123897075653
1983-07-29,0.4909987151622772
1983-08-01,0.4834257662296295
1983-08-02,0.4783768355846405
1983-08-03,0.4796386659145355
1983-08-04,0.4783768355846405
1983-08-05,0.4821637272834778
1983-08-08,0.474589467048645
1983-08-09,0.4682789742946625
1983-08-10,0.4796386659145355
1983-08-11,0.4809013605117798
1983-08-12,0.4733277559280395
1983-08-15,0.4821637272834778
1983-08-16,0.4771142899990082
1983-08-17,0.4796386659145355
1983-08-18,0.4809013605117798
1983-08-19,0.4821637272834778
1983-08-22,0.4834257662296295
1983-08-23,0.4846877753734588
1983-08-24,0.4846877753734588
1983-08-25,0.4783768355846405
1983-08-26,0.474589467048645
1983-08-29,0.4708033800125122
1983-08-30,0.4708033800125122
1983-08-31,0.474589467048645
1983-09-01,0.4809013605117798
1983-09-02,0.4821637272834778
1983-09-06,0.4935229122638702
1983-09-07,0.4922610223293304
1983-09-08,0.4859500825405121
1983-09-09,0.4897364675998688
1983-09-12,0.4834257662296295
1983-09-13,0.4758518636226654
1983-09-14,0.4783768355846405
1983-09-15,0.4720658361911773
1983-09-16,0.4733277559280395
1983-09-19,0.4872123897075653
1983-09-20,0.5023583769798279
1983-09-21,0.4985721111297607
1983-09-22,0.5137185454368591
1983-09-23,0.5099316239356995
1983-09-26,0.5137185454368591
1983-09-27,0.5074068307876587
1983-09-28,0.5061450004577637
1983-09-29,0.4909987151622772
1983-09-30,0.488474428653717
1983-10-03,0.4947856068611145
1983-10-04,0.4998342096805572
1983-10-05,0.5048829913139343
1983-10-06,0.5225540399551392
1983-10-07,0.5288955569267273
1983-10-10,0.5377737283706665
1983-10-11,0.5238220691680908
1983-10-12,0.5238220691680908
1983-10-13,0.5200172066688538
1983-10-14,0.5263590216636658
1983-10-17,0.5327005982398987
1983-10-18,0.5238220691680908
1983-10-19,0.5212854146957397
1983-10-20,0.5238220691680908
1983-10-21,0.5200172066688538
1983-10-24,0.5200172066688538
1983-10-25,0.5225539207458496
1983-10-26,0.5200172066688538
1983-10-27,0.5174806714057922
1983-10-28,0.513675332069397
1983-10-31,0.513675332069397
1983-11-01,0.5162122845649719
1983-11-02,0.5200172066688538
1983-11-03,0.5073340535163879
1983-11-04,0.5035287141799927
1983-11-07,0.4984555840492248
1983-11-08,0.5035287141799927
1983-11-09,0.5022605657577515
1983-11-10,0.4984555840492248
1983-11-11,0.4997238218784332
1983-11-14,0.5035287141799927
1983-11-15,0.5086022019386292
1983-11-16,0.4997238218784332
1983-11-17,0.4857722222805023
1983-11-18,0.4756253361701965
1983-11-21,0.4756253361701965
1983-11-22,0.4616737961769104
1983-11-23,0.4591372013092041
1983-11-25,0.4566004574298858
1983-11-28,0.4540637731552124
1983-11-29,0.4578685164451599
1983-11-30,0.4553321599960327
1983-12-01,0.4286971688270569
1983-12-02,0.4413807094097137
1983-12-05,0.4439170360565185
1983-12-06,0.4515271782875061
1983-12-07,0.4578685164451599
1983-12-08,0.4553321599960327
1983-12-09,0.4515271782875061
1983-12-12,0.4489900171756744
1983-12-13,0.4578685164451599
1983-12-14,0.4515271782875061
1983-12-15,0.44011190533638
1983-12-16,0.4527957141399383
1983-12-19,0.4642105102539062
1983-12-20,0.4654788672924042
1983-12-21,0.4654788672924042
1983-12-22,0.4629419147968292
1983-12-23,0.4616737961769104
1983-12-27,0.4591372013092041
1983-12-28,0.4553321599960327
1983-12-29,0.4604054093360901
1983-12-30,0.4591372013092041
1984-01-03,0.4667472839355469
1984-01-04,0.4819668531417846
1984-01-05,0.4870404899120331
1984-01-06,0.4857722222805023
1984-01-09,0.4819469153881073
1984-01-10,0.4768471717834472
1984-01-11,0.469197154045105
1984-01-12,0.4628219902515411
1984-01-13,0.4551726281642914
1984-01-16,0.4640973210334778
1984-01-17,0.4640973210334778
1984-01-18,0.4755719602108001
1984-01-19,0.4755719602108001
1984-01-20,0.4717472195625305
1984-01-23,0.4602722227573395
1984-01-24,0.4564473927021026
1984-01-25,0.4538972973823547
1984-01-26,0.4487972259521484
1984-01-27,0.4475221931934356
1984-01-30,0.444972276687622
1984-01-31,0.444972276687622
1984-02-01,0.4513471722602844
1984-02-02,0.4666474461555481
1984-02-03,0.465372085571289
1984-02-06,0.465372085571289
1984-02-07,0.4577221870422363
1984-02-08,0.4475221931934356
1984-02-09,0.450072169303894
1984-02-10,0.4538972973823547
1984-02-13,0.4538972973823547
1984-02-14,0.4628219902515411
1984-02-15,0.4666474461555481
1984-02-16,0.4640973210334778
1984-02-17,0.4589974284172058
1984-02-21,0.4436975121498108
1984-02-22,0.4309475719928741
1984-02-23,0.4232975840568542
1984-02-24,0.4334975779056549
1984-02-27,0.4436975121498108
1984-02-28,0.4309475719928741
1984-02-29,0.4309475719928741
1984-03-01,0.428397387266159
1984-03-02,0.4118222892284393
1984-03-05,0.4092723727226257
1984-03-06,0.4105473458766937
1984-03-07,0.4156472682952881
1984-03-08,0.4169224798679352
1984-03-09,0.4118222892284393
1984-03-12,0.4232975840568542
1984-03-13,0.4245725274085998
1984-03-14,0.428397387266159
1984-03-15,0.4258475303649902
1984-03-16,0.4232975840568542
1984-03-19,0.4181979298591614
1984-03-20,0.4220226109027862
1984-03-21,0.4245725274085998
1984-03-22,0.4156472682952881
1984-03-23,0.4092723727226257
1984-03-26,0.3965228199958801
1984-03-27,0.4028978049755096
1984-03-28,0.4092723727226257
1984-03-29,0.4105473458766937
1984-03-30,0.4194725155830383
1984-04-02,0.4207477569580078
1984-04-03,0.4220226109027862
1984-04-04,0.4181979298591614
1984-04-05,0.4079976677894592
1984-04-06,0.4130972623825073
1984-04-09,0.4200335144996643
1984-04-10,0.4303098022937774
1984-04-11,0.4277408719062805
1984-04-12,0.4290255308151245
1984-04-13,0.4328790009021759
1984-04-16,0.4405860602855682
1984-04-17,0.4508619606494903
1984-04-18,0.4495773315429687
1984-04-19,0.4470086991786957
1984-04-23,0.4482928812503814
1984-04-24,0.4431547522544861
1984-04-25,0.4444392025470733
1984-04-26,0.4534309804439544
1984-04-27,0.4521467685699463
1984-04-30,0.4547154307365417
1984-05-01,0.4470086991786957
1984-05-02,0.4534309804439544
1984-05-03,0.4495773315429687
1984-05-04,0.4393016695976257
1984-05-07,0.4470086991786957
1984-05-08,0.4495773315429687
1984-05-09,0.4457237720489502
1984-05-10,0.4418701529502868
1984-05-11,0.4418701529502868
1984-05-14,0.4431547522544861
1984-05-15,0.4418701529502868
1984-05-16,0.4393016695976257
1984-05-17,0.4418701529502868
1984-05-18,0.4328790009021759
1984-05-21,0.4290255308151245
1984-05-22,0.4264566302299499
1984-05-23,0.4251720905303955
1984-05-24,0.4123265445232391
1984-05-25,0.4123265445232391
1984-05-29,0.404619961977005
1984-05-30,0.403335303068161
1984-05-31,0.4059042632579803
1984-06-01,0.4187492132186889
1984-06-04,0.4303098022937774
1984-06-05,0.4367323517799377
1984-06-06,0.4431547522544861
1984-06-07,0.4521467685699463
1984-06-08,0.4482928812503814
1984-06-11,0.4457237720489502
1984-06-12,0.4431547522544861
1984-06-13,0.4405860602855682
1984-06-14,0.4418701529502868
1984-06-15,0.4380171597003937
1984-06-18,0.4495773315429687
1984-06-19,0.4534309804439544
1984-06-20,0.4598537683486938
1984-06-21,0.4611381888389587
1984-06-22,0.4598537683486938
1984-06-25,0.4585694372653961
1984-06-26,0.4585694372653961
1984-06-27,0.4521467685699463
1984-06-28,0.4572845697402954
1984-06-29,0.4482928812503814
1984-07-02,0.4431547522544861
1984-07-03,0.4444392025470733
1984-07-05,0.4431547522544861
1984-07-06,0.4405860602855682
1984-07-09,0.4488646388053894
1984-07-10,0.4514519870281219
1984-07-11,0.4462777972221374
1984-07-12,0.4359294474124908
1984-07-13,0.4333425462245941
1984-07-16,0.4346357882022857
1984-07-17,0.4333425462245941
1984-07-18,0.4204063713550567
1984-07-19,0.4152321219444275
1984-07-20,0.4139387309551239
1984-07-23,0.4216997623443603
1984-07-24,0.4255810976028442
1984-07-25,0.4359294474124908
1984-07-26,0.4501581788063049
1984-07-27,0.4488646388053894
1984-07-30,0.4501581788063049
1984-07-31,0.4501581788063049
1984-08-01,0.4566262364387512
1984-08-02,0.4734425842761993
1984-08-03,0.4773231744766235
1984-08-06,0.4863778352737427
1984-08-07,0.4889651536941528
1984-08-08,0.4747358858585357
1984-08-09,0.487671285867691
1984-08-10,0.4863778352737427
1984-08-13,0.4824974238872528
1984-08-14,0.4812038242816925
1984-08-15,0.4721488058567047
1984-08-16,0.4734425842761993
1984-08-17,0.4734425842761993
1984-08-20,0.4824974238872528
1984-08-21,0.4915518164634704
1984-08-22,0.4799106419086456
1984-08-23,0.4824974238872528
1984-08-24,0.4863778352737427
1984-08-27,0.4799106419086456
1984-08-28,0.4928458333015442
1984-08-29,0.4967264831066131
1984-08-30,0.4863778352737427
1984-08-31,0.4889651536941528
1984-09-04,0.4824974238872528
1984-09-05,0.4760297536849975
1984-09-06,0.4812038242816925
1984-09-07,0.4708551466464996
1984-09-10,0.4760297536849975
1984-09-11,0.4837909638881683
1984-09-12,0.4786165058612823
1984-09-13,0.4850843846797943
1984-09-14,0.4824974238872528
1984-09-17,0.4928458333015442
1984-09-18,0.4747358858585357
1984-09-19,0.4643873572349548
1984-09-20,0.4618007242679596
1984-09-21,0.4501581788063049
1984-09-24,0.4475707709789276
1984-09-25,0.4436903893947601
1984-09-26,0.4423969686031341
1984-09-27,0.4346357882022857
1984-09-28,0.4307552278041839
1984-10-01,0.4216997623443603
1984-10-02,0.4191131293773651
1984-10-03,0.4152321219444275
1984-10-04,0.4074710607528686
1984-10-05,0.4010032117366791
1984-10-08,0.3984159827232361
1984-10-09,0.4015448987483978
1984-10-10,0.3963302373886108
1984-10-11,0.4015448987483978
1984-10-12,0.4106710851192474
1984-10-15,0.4184930920600891
1984-10-16,0.4132784008979797
1984-10-17,0.4250116050243377
1984-10-18,0.4419603943824768
1984-10-19,0.4406568706035614
1984-10-22,0.4354416728019714
1984-10-23,0.4328344464302063
1984-10-24,0.4276195168495178
1984-10-25,0.426315575838089
1984-10-26,0.4211005866527557
1984-10-29,0.426315575838089
1984-10-30,0.4341381788253784
1984-10-31,0.4289233982563019
1984-11-01,0.4224045574665069
1984-11-02,0.426315575838089
1984-11-05,0.4341381788253784
1984-11-06,0.447174996137619
1984-11-07,0.4432641863822937
1984-11-08,0.4458713829517364
1984-11-09,0.4484788179397583
1984-11-12,0.447174996137619
1984-11-13,0.4406568706035614
1984-11-14,0.4419603943824768
1984-11-15,0.4419603943824768
1984-11-16,0.4341381788253784
1984-11-19,0.4328344464302063
1984-11-20,0.4289233982563019
1984-11-21,0.4237080216407776
1984-11-23,0.4367458522319793
1984-11-26,0.4315307438373565
1984-11-27,0.4380491375923157
1984-11-28,0.4315307438373565
1984-11-29,0.4302270412445068
1984-11-30,0.4302270412445068
1984-12-03,0.4171896874904632
1984-12-04,0.4171896874904632
1984-12-05,0.4106710851192474
1984-12-06,0.4106710851192474
1984-12-07,0.4093673527240753
1984-12-10,0.4067596197128296
1984-12-11,0.4145821332931518
1984-12-12,0.4158859848976135
1984-12-13,0.4171896874904632
1984-12-14,0.4237080216407776
1984-12-17,0.4315307438373565
1984-12-18,0.4341381788253784
1984-12-19,0.4419603943824768
1984-12-20,0.4380491375923157
1984-12-21,0.4302270412445068
1984-12-24,0.4341381788253784
1984-12-26,0.4354416728019714
1984-12-27,0.4315307438373565
1984-12-28,0.4276195168495178
1984-12-31,0.4354416728019714
1985-01-02,0.4237080216407776
1985-01-03,0.4184930920600891
1985-01-04,0.4184930920600891
1985-01-07,0.4237080216407776
1985-01-08,0.4211005866527557
1985-01-09,0.4203125834465027
1985-01-10,0.4373879432678222
1985-01-11,0.4334478378295898
1985-01-14,0.4465824663639068
1985-01-15,0.4492091536521911
1985-01-16,0.4610302746295929
1985-01-17,0.464970588684082
1985-01-18,0.4610302746295929
1985-01-21,0.4715379476547241
1985-01-22,0.4675981402397156
1985-01-23,0.4702248871326446
1985-01-24,0.4715379476547241
1985-01-25,0.4754786789417267
1985-01-28,0.4807324707508087
1985-01-29,0.4873004555702209
1985-01-30,0.491240382194519
1985-01-31,0.4964940845966339
1985-02-01,0.4899269044399261
1985-02-04,0.4951806664466858
1985-02-05,0.4991213679313659
1985-02-06,0.5004348158836365
1985-02-07,0.4978078603744507
1985-02-08,0.4978078603744507
1985-02-11,0.4899269044399261
1985-02-12,0.4846731722354889
1985-02-13,0.5004348158836365
1985-02-14,0.5109430551528931
1985-02-15,0.5109430551528931
1985-02-19,0.508315920829773
1985-02-20,0.5096296668052673
1985-02-21,0.5056889057159424
1985-02-22,0.5004348158836365
1985-02-25,0.4991213679313659
1985-02-26,0.5017485618591309
1985-02-27,0.5004348158836365
1985-02-28,0.5030619502067566
1985-03-01,0.5096296668052673
1985-03-04,0.5188233852386475
1985-03-05,0.524077296257019
1985-03-06,0.5135695934295654
1985-03-07,0.5109430551528931
1985-03-08,0.5122565031051636
1985-03-11,0.5109430551528931
1985-03-12,0.5214503407478333
1985-03-13,0.5188233852386475
1985-03-14,0.5214503407478333
1985-03-15,0.5175098180770874
1985-03-18,0.520136833190918
1985-03-19,0.5385259389877319
1985-03-20,0.5464068055152893
1985-03-21,0.5372124314308167
1985-03-22,0.5332711935043335
1985-03-25,0.5319579839706421
1985-03-26,0.542466402053833
1985-03-27,0.5529735684394836
1985-03-28,0.5490334630012512
1985-03-29,0.5569143891334534
1985-04-01,0.5661084055900574
1985-04-02,0.5569143891334534
1985-04-03,0.5464068055152893
1985-04-04,0.5477200746536255
1985-04-08,0.5516604781150818
1985-04-09,0.5513960123062134
1985-04-10,0.5487515926361084
1985-04-11,0.5368503928184509
1985-04-12,0.5381731986999512
1985-04-15,0.5368503928184509
1985-04-16,0.5421400666236877
1985-04-17,0.5447845458984375
1985-04-18,0.5394955277442932
1985-04-19,0.5447845458984375
1985-04-22,0.5355282425880432
1985-04-23,0.5408182144165039
1985-04-24,0.5394955277442932
1985-04-25,0.5421400666236877
1985-04-26,0.5368503928184509
1985-04-29,0.5275946259498596
1985-04-30,0.5394955277442932
1985-05-01,0.5289171934127808
1985-05-02,0.5368503928184509
1985-05-03,0.5421400666236877
1985-05-06,0.5434628129005432
1985-05-07,0.55007404088974
1985-05-08,0.5474292039871216
1985-05-09,0.554040789604187
1985-05-10,0.5619744062423706
1985-05-13,0.5619744062423706
1985-05-14,0.554040789604187
1985-05-15,0.5513960123062134
1985-05-16,0.554040789604187
1985-05-17,0.565941333770752
1985-05-20,0.5725531578063965
1985-05-21,0.5685861110687256
1985-05-22,0.5672634243965149
1985-05-23,0.5685861110687256
1985-05-24,0.5725531578063965
1985-05-28,0.5699078440666199
1985-05-29,0.5619744062423706
1985-05-30,0.5672634243965149
1985-05-31,0.5725531578063965
1985-06-03,0.5791643857955933
1985-06-04,0.5923876762390137
1985-06-05,0.5989981889724731
1985-06-06,0.6016430854797363
1985-06-07,0.5976764559745789
1985-06-10,0.5963538289070129
1985-06-11,0.5963538289070129
1985-06-12,0.5831312537193298
1985-06-13,0.5738754272460938
1985-06-14,0.5831312537193298
1985-06-17,0.5923876762390137
1985-06-18,0.5963538289070129
1985-06-19,0.6016430854797363
1985-06-20,0.59503173828125
1985-06-21,0.6042875051498413
1985-06-24,0.6108994483947754
1985-06-25,0.6122217774391174
1985-06-26,0.6108994483947754
1985-06-27,0.6029652953147888
1985-06-28,0.6069321632385254
1985-07-01,0.6135441064834595
1985-07-02,0.6069321632385254
1985-07-03,0.6029652953147888
1985-07-05,0.6108994483947754
1985-07-08,0.6029652953147888
1985-07-09,0.6000383496284485
1985-07-10,0.6279784440994263
1985-07-11,0.6279784440994263
1985-07-12,0.6306391358375549
1985-07-15,0.6213259100914001
1985-07-16,0.6319696307182312
1985-07-17,0.6319696307182312
1985-07-18,0.6306391358375549
1985-07-19,0.6346306800842285
1985-07-22,0.6346306800842285
1985-07-23,0.6346306800842285
1985-07-24,0.6120133399963379
1985-07-25,0.6026991605758667
1985-07-26,0.5893951654434204
1985-07-29,0.5694376826286316
1985-07-30,0.5774211883544922
1985-07-31,0.5907254815101624
1985-08-01,0.604029655456543
1985-08-02,0.596047580242157
1985-08-05,0.5907254815101624
1985-08-06,0.5760905146598816
1985-08-07,0.5814117193222046
1985-08-08,0.5880647301673889
1985-08-09,0.5893951654434204
1985-08-12,0.5893951654434204
1985-08-13,0.5907254815101624
1985-08-14,0.596047580242157
1985-08-15,0.5907254815101624
1985-08-16,0.5854037404060364
1985-08-19,0.5893951654434204
1985-08-20,0.5907254815101624
1985-08-21,0.6066905856132507
1985-08-22,0.6026991605758667
1985-08-23,0.6080208420753479
1985-08-26,0.61068195104599
1985-08-27,0.6133432984352112
1985-08-28,0.6226563453674316
1985-08-29,0.6226563453674316
1985-08-30,0.6160042881965637
1985-09-03,0.6133432984352112
1985-09-04,0.605360209941864
1985-09-05,0.6013689637184143
1985-09-06,0.6013689637184143
1985-09-09,0.61068195104599
1985-09-10,0.598707914352417
1985-09-11,0.596047580242157
1985-09-12,0.5933864116668701
1985-09-13,0.5854037404060364
1985-09-16,0.5840728878974915
1985-09-17,0.5774211883544922
1985-09-18,0.5840728878974915
1985-09-19,0.5947165489196777
1985-09-20,0.5920557975769043
1985-09-23,0.6093513369560242
1985-09-24,0.598707914352417
1985-09-25,0.6013689637184143
1985-09-26,0.598707914352417
1985-09-30,0.604029655456543
1985-10-01,0.6120133399963379
1985-10-02,0.604029655456543
1985-10-03,0.6000383496284485
1985-10-04,0.586733877658844
1985-10-07,0.5800818204879761
1985-10-08,0.5744577050209045
1985-10-09,0.5771359801292419
1985-10-10,0.5838314294815063
1985-10-11,0.5945439338684082
1985-10-14,0.6012389659881592
1985-10-15,0.5998995304107666
1985-10-16,0.6025782227516174
1985-10-17,0.6079343557357788
1985-10-18,0.614629864692688
1985-10-21,0.6106124520301819
1985-10-22,0.6159690618515015
1985-10-23,0.614629864692688
1985-10-24,0.6079343557357788
1985-10-25,0.603916585445404
1985-10-28,0.6052559018135071
1985-10-29,0.6132903695106506
1985-10-30,0.6253422498703003
1985-10-31,0.6240027546882629
1985-11-01,0.6333766579627991
1985-11-04,0.6240027546882629
1985-11-05,0.6293594241142273
1985-11-06,0.6387324333190918
1985-11-07,0.6414108872413635
1985-11-08,0.6387324333190918
1985-11-11,0.6521232724189758
1985-11-12,0.6561408042907715
1985-11-13,0.6561408042907715
1985-11-14,0.6588189601898193
1985-11-15,0.6641750335693359
1985-11-18,0.6614971160888672
1985-11-19,0.666853129863739
1985-11-20,0.6735482811927795
1985-11-21,0.6722089648246765
1985-11-22,0.6655142307281494
1985-11-25,0.6588189601898193
1985-11-26,0.666853129863739
1985-11-27,0.6735482811927795
1985-11-29,0.666853129863739
1985-12-02,0.6561408042907715
1985-12-03,0.657480001449585
1985-12-04,0.6695312857627869
1985-12-05,0.6614971160888672
1985-12-06,0.6561408042907715
1985-12-09,0.6601579189300537
1985-12-10,0.6789044737815857
1985-12-11,0.6922948956489563
1985-12-12,0.7070248126983643
1985-12-13,0.7244327068328857
1985-12-16,0.7512142062187195
1985-12-17,0.7471967339515686
1985-12-18,0.7097027897834778
1985-12-19,0.7123806476593018
1985-12-20,0.7137200832366943
1985-12-23,0.7043464779853821
1985-12-24,0.6976510882377625
1985-12-26,0.6989904642105103
1985-12-27,0.7016683220863342
1985-12-30,0.7137200832366943
1985-12-31,0.7324668765068054
1986-01-02,0.728449821472168
1986-01-03,0.7324668765068054
1986-01-06,0.7324668765068054
1986-01-07,0.755231499671936
1986-01-08,0.7177373766899109
1986-01-09,0.7080457210540771
1986-01-10,0.7188141345977783
1986-01-13,0.726891040802002
1986-01-14,0.7336216568946838
1986-01-15,0.7376596331596375
1986-01-16,0.7322754263877869
1986-01-17,0.7134299278259277
1986-01-20,0.717467725276947
1986-01-21,0.717467725276947
1986-01-22,0.7080457210540771
1986-01-23,0.6986228823661804
1986-01-24,0.6972766518592834
1986-01-27,0.6865076422691345
1986-01-28,0.7134299278259277
1986-01-29,0.7322754263877869
1986-01-30,0.726891040802002
1986-01-31,0.7403518557548523
1986-02-03,0.7457361221313477
1986-02-04,0.7430441975593567
1986-02-05,0.7430441975593567
1986-02-06,0.7390056252479553
1986-02-07,0.7376596331596375
1986-02-10,0.7416977882385254
1986-02-11,0.7336216568946838
1986-02-12,0.7241992950439453
1986-02-13,0.717467725276947
1986-02-14,0.717467725276947
1986-02-18,0.7322754263877869
1986-02-19,0.7188141345977783
1986-02-20,0.7215064167976379
1986-02-21,0.7215064167976379
1986-02-24,0.717467725276947
1986-02-25,0.7134299278259277
1986-02-26,0.717467725276947
1986-02-27,0.7376596331596375
1986-02-28,0.760543942451477
1986-03-03,0.7632355690002441
1986-03-04,0.7726579308509827
1986-03-05,0.7861190438270569
1986-03-06,0.7968878746032715
1986-03-07,0.7995801568031311
1986-03-10,0.7968878746032715
1986-03-11,0.8076563477516174
1986-03-12,0.7968878746032715
1986-03-13,0.8157330751419067
1986-03-14,0.8265015482902527
1986-03-17,0.8345786333084106
1986-03-18,0.8641924262046814
1986-03-19,0.861500084400177
1986-03-20,0.8641924262046814
1986-03-21,0.8480395674705505
1986-03-24,0.8776533007621765
1986-03-25,0.8749616742134094
1986-03-26,0.9018831253051758
1986-03-27,0.9207286834716796
1986-03-31,0.9288049340248108
1986-04-01,0.8978452682495117
1986-04-02,0.8938058018684387
1986-04-03,0.9032293558120728
1986-04-04,0.8911145925521851
1986-04-07,0.879000186920166
1986-04-08,0.8897674679756165
1986-04-09,0.8889026641845703
1986-04-10,0.9159623980522156
1986-04-11,0.9146096110343932
1986-04-14,0.9213735461235046
1986-04-15,0.936256229877472
1986-04-16,0.971433699131012
1986-04-17,0.9822577834129332
1986-04-18,0.9863161444664
1986-04-21,0.9809044003486632
1986-04-22,0.955198049545288
1986-04-23,0.951139748096466
1986-04-24,0.9741395711898804
1986-04-25,0.9809044003486632
1986-04-28,0.9741395711898804
1986-04-29,0.957904040813446
1986-04-30,0.9335503578186036
1986-05-01,0.9281391501426696
1986-05-02,0.9267855286598206
1986-05-05,0.9457275867462158
1986-05-06,0.9403151869773864
1986-05-07,0.936256229877472
1986-05-08,0.9349037408828736
1986-05-09,0.9308447241783142
1986-05-12,0.920021116733551
1986-05-13,0.9254331588745116
1986-05-14,0.9349037408828736
1986-05-15,0.9146096110343932
1986-05-16,0.9186679124832152
1986-05-19,0.9227266907691956
1986-05-20,0.9254331588745116
1986-05-21,0.9267855286598206
1986-05-22,0.9673753380775452
1986-05-23,0.9741395711898804
1986-05-27,0.9890226125717164
1986-05-28,0.9944350719451904
1986-05-29,0.9971405267715454
1986-05-30,1.0011993646621704
1986-06-02,0.995787799358368
1986-06-03,0.9984934329986572
1986-06-04,0.9903757572174072
1986-06-05,1.00931715965271
1986-06-06,1.014729380607605
1986-06-09,1.0011993646621704
1986-06-10,1.00931715965271
1986-06-11,1.0228475332260132
1986-06-12,1.052612066268921
1986-06-13,1.071553111076355
1986-06-16,1.0769654512405396
1986-06-17,1.074259877204895
1986-06-18,1.0580240488052368
1986-06-19,1.052612066268921
1986-06-20,1.1040245294570925
1986-06-23,1.0688481330871582
1986-06-24,1.0986133813858032
1986-06-25,1.1229668855667114
1986-06-26,1.12026047706604
1986-06-27,1.1473199129104614
1986-06-30,1.1635565757751465
1986-07-01,1.177085518836975
1986-07-02,1.1743801832199097
1986-07-03,1.1743801832199097
1986-07-07,1.1067310571670532
1986-07-08,1.0607303380966189
1986-07-09,1.108777403831482
1986-07-10,1.1006245613098145
1986-07-11,1.108777403831482
1986-07-14,1.0652949810028076
1986-07-15,1.0381200313568115
1986-07-16,1.0462723970413208
1986-07-17,1.0761663913726809
1986-07-18,1.097907781600952
1986-07-21,1.097907781600952
1986-07-22,1.095188856124878
1986-07-23,1.0816011428833008
1986-07-24,1.0870366096496582
1986-07-25,1.0924721956253052
1986-07-28,1.0761663913726809
1986-07-29,1.0544250011444092
1986-07-30,1.0707305669784546
1986-07-31,1.0924721956253052
1986-08-01,1.1196476221084597
1986-08-04,1.1305173635482788
1986-08-05,1.1196476221084597
1986-08-06,1.135953068733215
1986-08-07,1.1250824928283691
1986-08-08,1.1114953756332395
1986-08-11,1.1223649978637695
1986-08-12,1.1305173635482788
1986-08-13,1.1413888931274414
1986-08-14,1.127800464630127
1986-08-15,1.1169297695159912
1986-08-18,1.103341579437256
1986-08-19,1.108777403831482
1986-08-20,1.106059432029724
1986-08-21,1.0897539854049685
1986-08-22,1.0816011428833008
1986-08-25,1.0625780820846558
1986-08-26,1.0897539854049685
1986-08-27,1.0652949810028076
1986-08-28,1.0598602294921875
1986-08-29,1.0788835287094116
1986-09-02,1.057142972946167
1986-09-03,1.0489901304244995
1986-09-04,1.0544250011444092
1986-09-05,1.0163789987564087
1986-09-08,1.0109440088272097
1986-09-09,1.024532675743103
1986-09-10,0.9837680459022522
1986-09-11,0.9321335554122924
1986-09-12,0.9185456037521362
1986-09-15,0.9158282279968262
1986-09-16,0.9103925824165344
1986-09-17,0.9294165372848512
1986-09-18,0.9158282279968262
1986-09-19,0.9131109714508056
1986-09-22,0.9620270133018494
1986-09-23,0.9701802730560304
1986-09-24,0.9593102335929872
1986-09-25,0.9239805340766908
1986-09-26,0.9185456037521362
1986-09-29,0.9076750874519348
1986-09-30,0.9103925824165344
1986-10-01,0.9348518252372742
1986-10-02,0.9565922021865844
1986-10-03,0.9701802730560304
1986-10-06,0.9810513257980348
1986-10-07,0.9810513257980348
1986-10-08,0.971985936164856
1986-10-09,0.9692558646202089
1986-10-10,0.9610649943351746
1986-10-13,0.9474132657051086
1986-10-14,0.9228402376174928
1986-10-15,0.9283008575439452
1986-10-16,0.971985936164856
1986-10-17,0.9610649943351746
1986-10-20,0.9474132657051086
1986-10-21,0.9556049108505248
1986-10-22,0.9610649943351746
1986-10-23,0.9774466156959534
1986-10-24,0.9665250182151794
1986-10-27,0.9610649943351746
1986-10-28,0.9392229914665222
1986-10-29,0.9364919662475586
1986-10-30,0.9474132657051086
1986-10-31,0.9392229914665222
1986-11-03,0.9528741240501404
1986-11-04,0.9801767468452454
1986-11-05,0.9774466156959534
1986-11-06,0.9774466156959534
1986-11-07,0.9910986423492432
1986-11-10,1.045704007148743
1986-11-11,1.048434138298035
1986-11-12,1.0238618850708008
1986-11-13,1.0047495365142822
1986-11-14,1.002019286155701
1986-11-17,0.9910986423492432
1986-11-18,0.9610649943351746
1986-11-19,0.9692558646202089
1986-11-20,1.007479906082153
1986-11-21,1.0402437448501587
1986-11-24,1.0375126600265503
1986-11-25,1.045704007148743
1986-11-26,1.0375126600265503
1986-11-28,1.029322624206543
1986-12-01,1.0129400491714478
1986-12-02,1.048434138298035
1986-12-03,1.0566251277923584
1986-12-04,1.0648159980773926
1986-12-05,1.0620861053466797
1986-12-08,1.0620861053466797
1986-12-09,1.0648159980773926
1986-12-10,1.0675464868545532
1986-12-11,1.0648159980773926
1986-12-12,1.0566251277923584
1986-12-15,1.0593557357788086
1986-12-16,1.0675464868545532
1986-12-17,1.045704007148743
1986-12-18,1.0375126600265503
1986-12-19,1.048434138298035
1986-12-22,1.048434138298035
1986-12-23,1.0375126600265503
1986-12-24,1.042973518371582
1986-12-26,1.048434138298035
1986-12-29,1.032052755355835
1986-12-30,1.0211316347122192
1986-12-31,0.9965589046478271
1987-01-02,1.0375126600265503
1987-01-05,1.0620861053466797
1987-01-06,1.0538945198059082
1987-01-07,1.0648159980773926
1987-01-08,1.0839279890060425
1987-01-09,1.0803093910217283
1987-01-12,1.110470175743103
1987-01-13,1.115953803062439
1987-01-14,1.110470175743103
1987-01-15,1.1214377880096436
1987-01-16,1.1296629905700684
1987-01-19,1.1433724164962769
1987-01-20,1.148856520652771
1987-01-21,1.1406313180923462
1987-01-22,1.1570820808410645
1987-01-23,1.165307879447937
1987-01-26,1.1598237752914429
1987-01-27,1.1872425079345703
1987-01-28,1.200952172279358
1987-01-29,1.1982111930847168
1987-01-30,1.1927263736724854
1987-02-02,1.200952172279358
1987-02-03,1.1982111930847168
1987-02-04,1.2722424268722534
1987-02-05,1.2996612787246704
1987-02-06,1.2886937856674194
1987-02-09,1.2804681062698364
1987-02-10,1.2585320472717283
1987-02-11,1.2777252197265625
1987-02-12,1.2667584419250488
1987-02-13,1.2996612787246704
1987-02-17,1.346273422241211
1987-02-18,1.3517574071884155
1987-02-19,1.3435310125350952
1987-02-20,1.338047742843628
1987-02-23,1.2941768169403076
1987-02-24,1.3270801305770874
1987-02-25,1.35724139213562
1987-02-26,1.346273422241211
1987-02-27,1.3215957880020142
1987-03-02,1.3270801305770874
1987-03-03,1.3435310125350952
1987-03-04,1.3599828481674194
1987-03-05,1.379176139831543
1987-03-06,1.368208646774292
1987-03-09,1.340788960456848
1987-03-10,1.35724139213562
1987-03-11,1.368208646774292
1987-03-12,1.368208646774292
1987-03-13,1.3517574071884155
1987-03-16,1.3188542127609253
1987-03-17,1.3435310125350952
1987-03-18,1.35724139213562
1987-03-19,1.379176139831543
1987-03-20,1.4011119604110718
1987-03-23,1.4477237462997437
1987-03-24,1.4669181108474731
1987-03-25,1.4422398805618286
1987-03-26,1.425788640975952
1987-03-27,1.3517574071884155
1987-03-30,1.3243383169174194
1987-03-31,1.3215957880020142
1987-04-01,1.3819173574447632
1987-04-02,1.406594157218933
1987-04-03,1.43127179145813
1987-04-06,1.4203040599822998
1987-04-07,1.3709509372711182
1987-04-08,1.4011119604110718
1987-04-09,1.3543158769607544
1987-04-10,1.3653268814086914
1987-04-13,1.304767608642578
1987-04-14,1.2882522344589231
1987-04-15,1.33229398727417
1987-04-16,1.3515633344650269
1987-04-20,1.3433053493499756
1987-04-21,1.3845956325531006
1987-04-22,1.3570683002471924
1987-04-23,1.315778732299805
1987-04-24,1.2827459573745728
1987-04-27,1.2854993343353271
1987-04-28,1.2992613315582275
1987-04-29,1.307520627975464
1987-04-30,1.315778732299805
1987-05-01,1.30201518535614
1987-05-04,1.3102723360061646
1987-05-05,1.3515633344650269
1987-05-06,1.3625741004943848
1987-05-07,1.3460577726364136
1987-05-08,1.3212835788726809
1987-05-11,1.3267886638641355
1987-05-12,1.3267886638641355
1987-05-13,1.3267886638641355
1987-05-14,1.3625741004943848
1987-05-15,1.2965099811553955
1987-05-18,1.2882522344589231
1987-05-19,1.194660782814026
1987-05-20,1.2276928424835205
1987-05-21,1.2497142553329468
1987-05-22,1.2827459573745728
1987-05-26,1.33229398727417
1987-05-27,1.3295423984527588
1987-05-28,1.3515633344650269
1987-05-29,1.3240362405776978
1987-06-01,1.3212835788726809
1987-06-02,1.30201518535614
1987-06-03,1.3515633344650269
1987-06-04,1.3625741004943848
1987-06-05,1.373584508895874
1987-06-08,1.373584508895874
1987-06-09,1.3708317279815674
1987-06-10,1.373584508895874
1987-06-11,1.376337647438049
1987-06-12,1.3873472213745115
1987-06-15,1.4286383390426636
1987-06-16,1.4396491050720217
1987-06-17,1.4231324195861816
1987-06-18,1.434143304824829
1987-06-19,1.434143304824829
1987-06-22,1.4534125328063965
1987-06-23,1.4368953704833984
1987-06-24,1.42588472366333
1987-06-25,1.4231324195861816
1987-06-26,1.406617522239685
1987-06-29,1.3901000022888184
1987-06-30,1.373584508895874
1987-07-01,1.373584508895874
1987-07-02,1.3598215579986572
1987-07-06,1.3570683002471924
1987-07-07,1.3873472213745115
1987-07-08,1.406617522239685
1987-07-09,1.3845081329345703
1987-07-10,1.370691418647766
1987-07-13,1.345819354057312
1987-07-14,1.3430562019348145
1987-07-15,1.3485833406448364
1987-07-16,1.3817453384399414
1987-07-17,1.4149073362350464
1987-07-20,1.3817453384399414
1987-07-21,1.370691418647766
1987-07-22,1.37621808052063
1987-07-23,1.3624006509780884
1987-07-24,1.3817453384399414
1987-07-27,1.37621808052063
1987-07-28,1.373454213142395
1987-07-29,1.4121437072753906
1987-07-30,1.4010895490646362
1987-07-31,1.392798662185669
1987-08-03,1.3983268737792969
1987-08-04,1.3679280281066897
1987-08-05,1.356873869895935
1987-08-06,1.3651649951934814
1987-08-07,1.3845081329345703
1987-08-10,1.425961136817932
1987-08-11,1.4535959959030151
1987-08-12,1.459123134613037
1987-08-13,1.4480689764022827
1987-08-14,1.428724765777588
1987-08-17,1.4231972694396973
1987-08-18,1.4314875602722168
1987-08-19,1.4231972694396973
1987-08-20,1.4397789239883425
1987-08-21,1.4397789239883425
1987-08-24,1.4204344749450684
1987-08-25,1.442541480064392
1987-08-26,1.4149073362350464
1987-08-27,1.3872721195220947
1987-08-28,1.3485833406448364
1987-08-31,1.3872721195220947
1987-09-01,1.37621808052063
1987-09-02,1.3541096448898315
1987-09-03,1.3513468503952026
1987-09-04,1.3596371412277222
1987-09-08,1.3375300168991089
1987-09-09,1.3292388916015625
1987-09-10,1.3430562019348145
1987-09-11,1.39003586769104
1987-09-14,1.392798662185669
1987-09-15,1.3651649951934814
1987-09-16,1.3237128257751465
1987-09-17,1.312658190727234
1987-09-18,1.3237128257751465
1987-09-21,1.2794959545135498
1987-09-22,1.312658190727234
1987-09-23,1.296077013015747
1987-09-24,1.296077013015747
1987-09-25,1.285022854804993
1987-09-28,1.290550947189331
1987-09-29,1.3209482431411743
1987-09-30,1.3043670654296875
1987-10-01,1.3237128257751465
1987-10-02,1.345819354057312
1987-10-05,1.3485833406448364
1987-10-06,1.260151505470276
1987-10-07,1.2933133840560913
1987-10-08,1.2656781673431396
1987-10-09,1.2988412380218506
1987-10-12,1.2629152536392212
1987-10-13,1.2767329216003418
1987-10-14,1.2269892692565918
1987-10-15,1.204882025718689
1987-10-16,1.1496127843856812
1987-10-19,1.028017520904541
1987-10-20,1.0224921703338623
1987-10-21,1.0667072534561155
1987-10-22,1.016964316368103
1987-10-23,1.0335458517074585
1987-10-26,0.958930730819702
1987-10-27,1.030781865119934
1987-10-28,1.0473634004592896
1987-10-29,1.072234034538269
1987-10-30,1.0998693704605105
1987-11-02,1.1219772100448608
1987-11-03,1.1192137002944946
1987-11-04,1.0888150930404663
1987-11-05,1.0971060991287231
1987-11-06,1.0611802339553833
1987-11-09,1.016964316368103
1987-11-10,1.0031474828720093
1987-11-11,1.0556529760360718
1987-11-12,1.080524444580078
1987-11-13,1.0528898239135742
1987-11-16,1.0556529760360718
1987-11-17,1.0197278261184692
1987-11-18,1.016964316368103
1987-11-19,1.0114374160766602
1987-11-20,1.0252548456192017
1987-11-23,1.0224921703338623
1987-11-24,1.0611802339553833
1987-11-25,1.030781865119934
1987-11-27,1.0224921703338623
1987-11-30,0.9534035921096802
1987-12-01,0.9644581079483032
1987-12-02,0.9920925498008728
1987-12-03,0.9534035921096802
1987-12-04,0.9506403207778932
1987-12-07,0.9727489948272704
1987-12-08,1.0086737871170044
1987-12-09,1.016964316368103
1987-12-10,1.0003830194473269
1987-12-11,0.9920925498008728
1987-12-14,1.016964316368103
1987-12-15,1.030781865119934
1987-12-16,1.0473634004592896
1987-12-17,1.0390725135803225
1987-12-18,1.0528898239135742
1987-12-21,1.0611802339553833
1987-12-22,1.030781865119934
1987-12-23,1.07776141166687
1987-12-24,1.0611802339553833
1987-12-28,1.0335458517074585
1987-12-29,1.030781865119934
1987-12-30,1.0556529760360718
1987-12-31,1.0667072534561155
1988-01-04,1.0749986171722412
1988-01-05,1.0998693704605105
1988-01-06,1.0971060991287231
1988-01-07,1.0888150930404663
1988-01-08,1.0473634004592896
1988-01-11,1.0390284061431885
1988-01-12,1.0418070554733276
1988-01-13,1.033471941947937
1988-01-14,1.0529190301895142
1988-01-15,1.086256980895996
1988-01-18,1.0640314817428589
1988-01-19,1.0779224634170532
1988-01-20,1.0584750175476074
1988-01-21,1.0612531900405884
1988-01-22,1.0362496376037598
1988-01-25,1.0223591327667236
1988-01-26,1.0195811986923218
1988-01-27,1.0223591327667236
1988-01-28,1.0501405000686646
1988-01-29,1.0834788084030151
1988-02-01,1.0779224634170532
1988-02-02,1.0779224634170532
1988-02-03,1.055696964263916
1988-02-04,1.0418070554733276
1988-02-05,1.0362496376037598
1988-02-08,1.0362496376037598
1988-02-09,1.033471941947937
1988-02-10,1.0584750175476074
1988-02-11,1.055696964263916
1988-02-12,1.07236647605896
1988-02-16,1.0807005167007446
1988-02-17,1.07236647605896
1988-02-18,1.0501405000686646
1988-02-19,1.0751450061798096
1988-02-22,1.1001476049423218
1988-02-23,1.108481764793396
1988-02-24,1.122373104095459
1988-02-25,1.116816759109497
1988-02-26,1.108481764793396
1988-02-29,1.1557108163833618
1988-03-01,1.1501541137695312
1988-03-02,1.1473759412765503
1988-03-03,1.1501541137695312
1988-03-04,1.1473759412765503
1988-03-07,1.1445978879928589
1988-03-08,1.116816759109497
1988-03-09,1.116816759109497
1988-03-10,1.09459125995636
1988-03-11,1.066809892654419
1988-03-14,1.0779224634170532
1988-03-15,1.0807005167007446
1988-03-16,1.0779224634170532
1988-03-17,1.0973700284957886
1988-03-18,1.116816759109497
1988-03-21,1.1057040691375732
1988-03-22,1.09459125995636
1988-03-23,1.0751450061798096
1988-03-24,1.0640314817428589
1988-03-25,1.0306930541992188
1988-03-28,1.033471941947937
1988-03-29,1.0445852279663086
1988-03-30,1.0418070554733276
1988-03-31,1.0418070554733276
1988-04-04,1.0279163122177124
1988-04-05,1.0418070554733276
1988-04-06,1.0584750175476074
1988-04-07,1.086256980895996
1988-04-08,1.122373104095459
1988-04-11,1.1206955909729004
1988-04-12,1.1262857913970947
1988-04-13,1.1234911680221558
1988-04-14,1.0787746906280518
1988-04-15,1.0675954818725586
1988-04-18,1.0620064735412598
1988-04-19,1.0396485328674316
1988-04-20,1.025674819946289
1988-04-21,1.0117006301879885
1988-04-22,1.0340585708618164
1988-04-25,1.0592122077941897
1988-04-26,1.0787746906280518
1988-04-27,1.0536222457885742
1988-04-28,1.0396485328674316
1988-04-29,1.0200849771499634
1988-05-02,1.0340585708618164
1988-05-03,1.028469204902649
1988-05-04,1.0200849771499634
1988-05-05,1.008906006813049
1988-05-06,0.9893420338630676
1988-05-09,0.9977267980575562
1988-05-10,0.9837532043457032
1988-05-11,0.964189887046814
1988-05-12,0.9613957405090332
1988-05-13,0.9781635999679564
1988-05-16,1.0061113834381104
1988-05-17,0.9949315190315248
1988-05-18,0.9753695726394652
1988-05-19,0.9725742340087892
1988-05-20,0.9781635999679564
1988-05-23,0.964189887046814
1988-05-24,0.9781635999679564
1988-05-25,0.9865479469299316
1988-05-26,1.0172908306121826
1988-05-27,1.008906006813049
1988-05-31,1.0368531942367554
1988-06-01,1.0927481651306152
1988-06-02,1.0508275032043457
1988-06-03,1.008906006813049
1988-06-06,1.0005217790603638
1988-06-07,0.9921376705169678
1988-06-08,1.0117006301879885
1988-06-09,1.0061113834381104
1988-06-10,1.003316044807434
1988-06-13,1.0061113834381104
1988-06-14,1.008906006813049
1988-06-15,1.0200849771499634
1988-06-16,1.008906006813049
1988-06-17,1.0061113834381104
1988-06-20,1.0005217790603638
1988-06-21,1.0005217790603638
1988-06-22,1.0117006301879885
1988-06-23,1.0061113834381104
1988-06-24,0.9949315190315248
1988-06-27,1.003316044807434
1988-06-28,1.0061113834381104
1988-06-29,1.0005217790603638
1988-06-30,1.0061113834381104
1988-07-01,0.9949315190315248
1988-07-05,1.0228798389434814
1988-07-06,1.0200849771499634
1988-07-07,1.0228798389434814
1988-07-08,1.0172908306121826
1988-07-11,1.0240428447723389
1988-07-12,1.015602469444275
1988-07-13,1.0212290287017822
1988-07-14,1.0212290287017822
1988-07-15,1.015602469444275
1988-07-18,1.0127893686294556
1988-07-19,1.004348874092102
1988-07-20,1.009975552558899
1988-07-21,1.0015350580215454
1988-07-22,0.9874697923660278
1988-07-25,0.9902827143669128
1988-07-26,0.9930955171585084
1988-07-27,0.979029417037964
1988-07-28,0.995908498764038
1988-07-29,1.015602469444275
1988-08-01,1.0324821472167969
1988-08-02,1.0409221649169922
1988-08-03,1.0606155395507812
1988-08-04,1.0493621826171875
1988-08-05,1.043735384941101
1988-08-08,1.02685546875
1988-08-09,1.02685546875
1988-08-10,1.009975552558899
1988-08-11,1.015602469444275
1988-08-12,1.0127893686294556
1988-08-15,0.9930955171585084
1988-08-16,1.0127893686294556
1988-08-17,1.0127893686294556
1988-08-18,1.02685546875
1988-08-19,1.02685546875
1988-08-22,1.0127893686294556
1988-08-23,1.0184156894683838
1988-08-24,1.0352952480316162
1988-08-25,1.0240428447723389
1988-08-26,1.0296690464019775
1988-08-29,1.0409221649169922
1988-08-30,1.052175521850586
1988-08-31,1.0493621826171875
1988-09-01,1.0352952480316162
1988-09-02,1.0606155395507812
1988-09-06,1.0746814012527466
1988-09-07,1.0971884727478027
1988-09-08,1.1056277751922607
1988-09-09,1.0915614366531372
1988-09-12,1.0971884727478027
1988-09-13,1.08593487739563
1988-09-14,1.0971884727478027
1988-09-15,1.088747501373291
1988-09-16,1.0971884727478027
1988-09-19,1.0915614366531372
1988-09-20,1.0915614366531372
1988-09-21,1.1028143167495728
1988-09-22,1.1056277751922607
1988-09-23,1.0803080797195437
1988-09-26,1.088747501373291
1988-09-27,1.0943745374679563
1988-09-28,1.08593487739563
1988-09-29,1.0971884727478027
1988-09-30,1.08593487739563
1988-10-03,1.0915614366531372
1988-10-04,1.0690549612045288
1988-10-05,1.054989218711853
1988-10-06,1.0296690464019775
1988-10-07,1.0506246089935305
1988-10-10,1.053456425666809
1988-10-11,1.0647839307785034
1988-10-12,1.0591204166412354
1988-10-13,1.081775188446045
1988-10-14,1.0987659692764282
1988-10-17,1.0931029319763184
1988-10-18,1.0987659692764282
1988-10-19,1.0902711153030396
1988-10-20,1.1044303178787231
1988-10-21,1.0987659692764282
1988-10-24,1.0931029319763184
1988-10-25,1.0987659692764282
1988-10-26,1.1015981435775757
1988-10-27,1.09593403339386
1988-10-28,1.0987659692764282
1988-10-31,1.0874390602111816
1988-11-01,1.09593403339386
1988-11-02,1.0931029319763184
1988-11-03,1.081775188446045
1988-11-04,1.0704481601715088
1988-11-07,1.0562885999679563
1988-11-08,1.053456425666809
1988-11-09,1.0392976999282837
1988-11-10,1.033633589744568
1988-11-11,1.0194741487503052
1988-11-14,1.0223060846328735
1988-11-15,1.0138105154037476
1988-11-16,1.0109784603118896
1988-11-17,1.0081465244293213
1988-11-18,1.0166417360305786
1988-11-21,1.0053149461746216
1988-11-22,1.0053149461746216
1988-11-23,1.0194741487503052
1988-11-25,1.0053149461746216
1988-11-28,1.0194741487503052
1988-11-29,1.0364656448364258
1988-11-30,1.0421289205551147
1988-12-01,1.0364656448364258
1988-12-02,1.0421289205551147
1988-12-05,1.053456425666809
1988-12-06,1.0619527101516724
1988-12-07,1.0704481601715088
1988-12-08,1.0704481601715088
1988-12-09,1.0761114358901978
1988-12-12,1.0704481601715088
1988-12-13,1.0704481601715088
1988-12-14,1.0704481601715088
1988-12-15,1.0477933883666992
1988-12-16,1.053456425666809
1988-12-19,1.0647839307785034
1988-12-20,1.0647839307785034
1988-12-21,1.0732805728912354
1988-12-22,1.0562885999679563
1988-12-23,1.0676162242889404
1988-12-27,1.0647839307785034
1988-12-28,1.0647839307785034
1988-12-29,1.0874390602111816
1988-12-30,1.0902711153030396
1989-01-03,1.081775188446045
1989-01-04,1.0987659692764282
1989-01-05,1.09593403339386
1989-01-06,1.081775188446045
1989-01-09,1.0658174753189087
1989-01-10,1.0658174753189087
1989-01-11,1.0772159099578855
1989-01-12,1.0772159099578855
1989-01-13,1.0857652425765991
1989-01-16,1.0857652425765991
1989-01-17,1.074366807937622
1989-01-18,1.074366807937622
1989-01-19,1.074366807937622
1989-01-20,1.0658174753189087
1989-01-23,1.0629668235778809
1989-01-24,1.0857652425765991
1989-01-25,1.1028642654418943
1989-01-26,1.108563780784607
1989-01-27,1.1114137172698977
1989-01-30,1.1199625730514526
1989-01-31,1.1171129941940308
1989-02-01,1.1028642654418943
1989-02-02,1.1228125095367432
1989-02-03,1.1399115324020386
1989-02-06,1.1285120248794556
1989-02-07,1.1456100940704346
1989-02-08,1.148460030555725
1989-02-09,1.1285120248794556
1989-02-10,1.1114137172698977
1989-02-13,1.1028642654418943
1989-02-14,1.1057136058807373
1989-02-15,1.137061357498169
1989-02-16,1.151310682296753
1989-02-17,1.1798076629638672
1989-02-21,1.2026065587997437
1989-02-22,1.1598594188690186
1989-02-23,1.1712583303451538
1989-02-24,1.148460030555725
1989-02-27,1.1570097208023071
1989-02-28,1.165558695793152
1989-03-01,1.1855076551437378
1989-03-02,1.1712583303451538
1989-03-03,1.1741080284118652
1989-03-06,1.1826577186584473
1989-03-07,1.176958084106445
1989-03-08,1.1798076629638672
1989-03-09,1.1883567571640017
1989-03-10,1.1855076551437378
1989-03-13,1.1912076473236084
1989-03-14,1.196906328201294
1989-03-15,1.2140042781829834
1989-03-16,1.2111555337905884
1989-03-17,1.165558695793152
1989-03-20,1.176958084106445
1989-03-21,1.1912076473236084
1989-03-22,1.1798076629638672
1989-03-23,1.176958084106445
1989-03-27,1.2026065587997437
1989-03-28,1.2254045009613037
1989-03-29,1.2254045009613037
1989-03-30,1.2339533567428589
1989-03-31,1.2482020854949951
1989-04-03,1.2311038970947266
1989-04-04,1.2311038970947266
1989-04-05,1.2254045009613037
1989-04-06,1.2339533567428589
1989-04-07,1.2510521411895752
1989-04-10,1.2562140226364136
1989-04-11,1.2590824365615845
1989-04-12,1.2562140226364136
1989-04-13,1.2447426319122314
1989-04-14,1.273423194885254
1989-04-17,1.264818787574768
1989-04-18,1.26768696308136
1989-04-19,1.2562140226364136
1989-04-20,1.2447426319122314
1989-04-21,1.2590824365615845
1989-04-24,1.2533468008041382
1989-04-25,1.2361385822296145
1989-04-26,1.2390061616897583
1989-04-27,1.273423194885254
1989-04-28,1.26768696308136
1989-05-01,1.2619507312774658
1989-05-02,1.264818787574768
1989-05-03,1.282026767730713
1989-05-04,1.282026767730713
1989-05-05,1.2762908935546875
1989-05-08,1.26768696308136
1989-05-09,1.282026767730713
1989-05-10,1.282026767730713
1989-05-11,1.2992359399795532
1989-05-12,1.3307840824127195
1989-05-15,1.3709368705749512
1989-05-16,1.3766732215881348
1989-05-17,1.3967503309249878
1989-05-18,1.3709368705749512
1989-05-19,1.3537287712097168
1989-05-22,1.365201473236084
1989-05-23,1.3451249599456787
1989-05-24,1.3365206718444824
1989-05-25,1.3250484466552734
1989-05-26,1.347993016242981
1989-05-30,1.3307840824127195
1989-05-31,1.3594651222229004
1989-06-01,1.3680692911148071
1989-06-02,1.3996185064315796
1989-06-05,1.382409691810608
1989-06-06,1.3852778673171997
1989-06-07,1.393882155418396
1989-06-08,1.3881458044052124
1989-06-09,1.382409691810608
1989-06-12,1.3738054037094116
1989-06-13,1.3307840824127195
1989-06-14,1.3078397512435913
1989-06-15,1.284894585609436
1989-06-16,1.3021034002304075
1989-06-19,1.3193122148513794
1989-06-20,1.3221807479858398
1989-06-21,1.3164440393447876
1989-06-22,1.3307840824127195
1989-06-23,1.3307840824127195
1989-06-26,1.3537287712097168
1989-06-27,1.3766732215881348
1989-06-28,1.3594651222229004
1989-06-29,1.3365206718444824
1989-06-30,1.3307840824127195
1989-07-03,1.3422565460205078
1989-07-05,1.347993016242981
1989-07-06,1.3565973043441772
1989-07-07,1.3738054037094116
1989-07-10,1.3703430891036987
1989-07-11,1.384768009185791
1989-07-12,1.390537977218628
1989-07-13,1.407848238945007
1989-07-14,1.4136171340942385
1989-07-17,1.428042769432068
1989-07-18,1.436697244644165
1989-07-19,1.4482357501983645
1989-07-20,1.4222720861434937
1989-07-21,1.4482357501983645
1989-07-24,1.430927276611328
1989-07-25,1.4165021181106567
1989-07-26,1.4511220455169678
1989-07-27,1.497281551361084
1989-07-28,1.5059350728988647
1989-07-31,1.5174750089645386
1989-08-01,1.5030502080917358
1989-08-02,1.4915107488632202
1989-08-03,1.474201202392578
1989-08-04,1.4655462503433228
1989-08-07,1.471316933631897
1989-08-08,1.4684312343597412
1989-08-09,1.454006314277649
1989-08-10,1.4655462503433228
1989-08-11,1.4424667358398438
1989-08-14,1.428042769432068
1989-08-15,1.430927276611328
1989-08-16,1.4453508853912354
1989-08-17,1.4626617431640625
1989-08-18,1.471316933631897
1989-08-21,1.4338122606277466
1989-08-22,1.4424667358398438
1989-08-23,1.439581274986267
1989-08-24,1.4684312343597412
1989-08-25,1.454006314277649
1989-08-28,1.474201202392578
1989-08-29,1.4626617431640625
1989-08-30,1.4568908214569092
1989-08-31,1.459776520729065
1989-09-01,1.477085828781128
1989-09-05,1.477085828781128
1989-09-06,1.436697244644165
1989-09-07,1.4251564741134644
1989-09-08,1.4511220455169678
1989-09-11,1.436697244644165
1989-09-12,1.454006314277649
1989-09-13,1.4338122606277466
1989-09-14,1.439581274986267
1989-09-15,1.4511220455169678
1989-09-18,1.4886255264282229
1989-09-19,1.4799712896347046
1989-09-20,1.454006314277649
1989-09-21,1.430927276611328
1989-09-22,1.4424667358398438
1989-09-25,1.4251564741134644
1989-09-26,1.4165021181106567
1989-09-27,1.4338122606277466
1989-09-28,1.477085828781128
1989-09-29,1.471316933631897
1989-10-02,1.4886255264282229
1989-10-03,1.5001652240753174
1989-10-04,1.5232442617416382
1989-10-05,1.5376697778701782
1989-10-06,1.5544897317886353
1989-10-09,1.5689915418624878
1989-10-10,1.580592155456543
1989-10-11,1.566091537475586
1989-10-12,1.5544897317886353
1989-10-13,1.4268839359283447
1989-10-16,1.508088231086731
1989-10-17,1.508088231086731
1989-10-18,1.5370889902114868
1989-10-19,1.566091537475586
1989-10-20,1.5573900938034058
1989-10-23,1.566091537475586
1989-10-24,1.5544897317886353
1989-10-25,1.5341888666152954
1989-10-26,1.5254887342453003
1989-10-27,1.4993873834609983
1989-10-30,1.5051881074905396
1989-10-31,1.5138894319534302
1989-11-01,1.5225887298583984
1989-11-02,1.5138894319534302
1989-11-03,1.4993873834609983
1989-11-06,1.473285675048828
1989-11-07,1.4877864122390747
1989-11-08,1.5109871625900269
1989-11-09,1.5196882486343384
1989-11-10,1.548690676689148
1989-11-13,1.539989709854126
1989-11-14,1.5225887298583984
1989-11-15,1.5167882442474363
1989-11-16,1.5167882442474363
1989-11-17,1.5341888666152954
1989-11-20,1.539989709854126
1989-11-21,1.528388738632202
1989-11-22,1.5631917715072632
1989-11-24,1.6066938638687134
1989-11-27,1.6269948482513428
1989-11-28,1.6211942434310913
1989-11-29,1.6008926630020142
1989-11-30,1.6066938638687134
1989-12-01,1.624094843864441
1989-12-04,1.6211942434310913
1989-12-05,1.6066938638687134
1989-12-06,1.5863924026489258
1989-12-07,1.5573900938034058
1989-12-08,1.5573900938034058
1989-12-11,1.508088231086731
1989-12-12,1.5051881074905396
1989-12-13,1.4906870126724243
1989-12-14,1.5138894319534302
1989-12-15,1.5138894319534302
1989-12-18,1.5109871625900269
1989-12-19,1.5051881074905396
1989-12-20,1.5167882442474363
1989-12-21,1.548690676689148
1989-12-22,1.5602902173995972
1989-12-26,1.5602902173995972
1989-12-27,1.5631917715072632
1989-12-28,1.5631917715072632
1989-12-29,1.5776909589767456
1990-01-02,1.6066938638687134
1990-01-03,1.6124930381774902
1990-01-04,1.6095932722091677
1990-01-05,1.5921924114227295
1990-01-08,1.600354790687561
1990-01-09,1.594524383544922
1990-01-10,1.5741194486618042
1990-01-11,1.5886943340301514
1990-01-12,1.556629657745361
1990-01-15,1.5362237691879272
1990-01-16,1.55371356010437
1990-01-17,1.5362237691879272
1990-01-18,1.5682884454727173
1990-01-19,1.5857785940170288
1990-01-22,1.55371356010437
1990-01-23,1.5391390323638916
1990-01-24,1.544968605041504
1990-01-25,1.4924979209899902
1990-01-26,1.5070736408233645
1990-01-29,1.5041589736938477
1990-01-30,1.501243233680725
1990-01-31,1.515819072723389
1990-02-01,1.5216498374938965
1990-02-02,1.533308506011963
1990-02-05,1.5274784564971924
1990-02-06,1.5099884271621704
1990-02-07,1.5099884271621704
1990-02-08,1.5041589736938477
1990-02-09,1.4954131841659546
1990-02-12,1.483753323554993
1990-02-13,1.501243233680725
1990-02-14,1.5129038095474243
1990-02-15,1.533308506011963
1990-02-16,1.524563908576965
1990-02-20,1.501243233680725
1990-02-21,1.486667513847351
1990-02-22,1.4924979209899902
1990-02-23,1.4691780805587769
1990-02-26,1.4808379411697388
1990-02-27,1.4808379411697388
1990-02-28,1.4954131841659546
1990-03-01,1.5041589736938477
1990-03-02,1.515819072723389
1990-03-05,1.501243233680725
1990-03-06,1.515819072723389
1990-03-07,1.5099884271621704
1990-03-08,1.5099884271621704
1990-03-09,1.5070736408233645
1990-03-12,1.5041589736938477
1990-03-13,1.4808379411697388
1990-03-14,1.483753323554993
1990-03-15,1.4924979209899902
1990-03-16,1.5129038095474243
1990-03-19,1.5129038095474243
1990-03-20,1.4895832538604736
1990-03-21,1.4779233932495115
1990-03-22,1.472093105316162
1990-03-23,1.486667513847351
1990-03-26,1.4924979209899902
1990-03-27,1.5129038095474243
1990-03-28,1.5274784564971924
1990-03-29,1.533308506011963
1990-03-30,1.533308506011963
1990-04-02,1.524563908576965
1990-04-03,1.562458634376526
1990-04-04,1.556629657745361
1990-04-05,1.5682884454727173
1990-04-06,1.5869450569152832
1990-04-09,1.5986783504486084
1990-04-10,1.6104127168655396
1990-04-11,1.6250789165496826
1990-04-12,1.6250789165496826
1990-04-16,1.6250789165496826
1990-04-17,1.6280118227005005
1990-04-18,1.6074786186218262
1990-04-19,1.584012150764465
1990-04-20,1.572278380393982
1990-04-23,1.5576118230819702
1990-04-24,1.5605450868606567
1990-04-25,1.572278380393982
1990-04-26,1.592812180519104
1990-04-27,1.5752114057540894
1990-04-30,1.5664119720458984
1990-05-01,1.5869450569152832
1990-05-02,1.592812180519104
1990-05-03,1.5869450569152832
1990-05-04,1.5986783504486084
1990-05-07,1.6074786186218262
1990-05-08,1.6192114353179932
1990-05-09,1.6250789165496826
1990-05-10,1.6368120908737185
1990-05-11,1.663212537765503
1990-05-14,1.674945592880249
1990-05-15,1.6690791845321655
1990-05-16,1.6602789163589478
1990-05-17,1.674945592880249
1990-05-18,1.6690791845321655
1990-05-21,1.677879810333252
1990-05-22,1.689612865447998
1990-05-23,1.7130793333053589
1990-05-24,1.7248128652572632
1990-05-25,1.7160117626190186
1990-05-29,1.7453458309173584
1990-05-30,1.7394791841506958
1990-05-31,1.7570796012878418
1990-06-01,1.7834798097610474
1990-06-04,1.7893463373184204
1990-06-05,1.777612328529358
1990-06-06,1.818679690361023
1990-06-07,1.7893463373184204
1990-06-08,1.754148006439209
1990-06-11,1.7717466354370115
1990-06-12,1.830414056777954
1990-06-13,1.8069466352462769
1990-06-14,1.8069466352462769
1990-06-15,1.8128149509429927
1990-06-18,1.830414056777954
1990-06-19,1.830414056777954
1990-06-20,1.877347469329834
1990-06-21,1.912546873092652
1990-06-22,1.883214950561524
1990-06-25,1.877347469329834
1990-06-26,1.8890804052352903
1990-06-27,1.9184143543243408
1990-06-28,1.9712146520614624
1990-06-29,1.924281358718872
1990-07-02,1.924281358718872
1990-07-03,1.9594804048538208
1990-07-05,1.9360136985778809
1990-07-06,1.9536142349243164
1990-07-09,1.9812095165252688
1990-07-10,2.016590118408203
1990-07-11,2.063760280609131
1990-07-12,2.0578649044036865
1990-07-13,2.0578649044036865
1990-07-16,2.0932424068450928
1990-07-17,2.116827964782715
1990-07-18,2.099139213562012
1990-07-19,2.0932424068450928
1990-07-20,2.099139213562012
1990-07-23,2.0578649044036865
1990-07-24,2.016590118408203
1990-07-25,2.0519673824310303
1990-07-26,2.02838134765625
1990-07-27,2.016590118408203
1990-07-30,1.9930037260055544
1990-07-31,2.0519673824310303
1990-08-01,2.02838134765625
1990-08-02,1.9576239585876465
1990-08-03,1.9104526042938232
1990-08-06,1.8043162822723389
1990-08-07,1.875072240829468
1990-08-08,1.9104526042938232
1990-08-09,1.9399334192276
1990-08-10,1.898659110069275
1990-08-13,1.9517271518707275
1990-08-14,1.96941602230072
1990-08-15,1.9399334192276
1990-08-16,1.8868671655654907
1990-08-17,1.8927632570266724
1990-08-20,1.8514879941940308
1990-08-21,1.7984204292297363
1990-08-22,1.7158693075180054
1990-08-23,1.6863861083984375
1990-08-24,1.7571452856063845
1990-08-27,1.8514879941940308
1990-08-28,1.898659110069275
1990-08-29,1.9222444295883176
1990-08-30,1.8927632570266724
1990-08-31,1.8868671655654907
1990-09-04,1.8868671655654907
1990-09-05,1.9104526042938232
1990-09-06,1.857383131980896
1990-09-07,1.9222444295883176
1990-09-10,1.9104526042938232
1990-09-11,1.9104526042938232
1990-09-12,1.9222444295883176
1990-09-13,1.898659110069275
1990-09-14,1.898659110069275
1990-09-17,1.9045557975769043
1990-09-18,1.9635202884674072
1990-09-19,1.9399334192276
1990-09-20,1.8691774606704712
1990-09-21,1.827901721000672
1990-09-24,1.8161088228225708
1990-09-25,1.8691774606704712
1990-09-26,1.833798050880432
1990-09-27,1.792522668838501
1990-09-28,1.8455922603607176
1990-10-01,1.9576239585876465
1990-10-02,1.9635202884674072
1990-10-03,1.9458309412002563
1990-10-04,1.916348576545716
1990-10-05,1.9045557975769043
1990-10-08,1.9517271518707275
1990-10-09,1.9083452224731443
1990-10-10,1.896491527557373
1990-10-11,1.896491527557373
1990-10-12,1.920198678970337
1990-10-15,1.949830174446106
1990-10-16,1.9261243343353271
1990-10-17,1.93797767162323
1990-10-18,2.02687668800354
1990-10-19,2.05058217048645
1990-10-22,2.1157734394073486
1990-10-23,2.068362236022949
1990-10-24,2.068362236022949
1990-10-25,2.068362236022949
1990-10-26,2.0328025817871094
1990-10-29,1.955757975578308
1990-10-30,1.9439043998718264
1990-10-31,1.9439043998718264
1990-11-01,1.9261243343353271
1990-11-02,1.9261243343353271
1990-11-05,1.9439043998718264
1990-11-06,1.9261243343353271
1990-11-07,1.9024184942245483
1990-11-08,1.9261243343353271
1990-11-09,1.955757975578308
1990-11-12,2.003170967102051
1990-11-13,1.9972429275512693
1990-11-14,2.0328025817871094
1990-11-15,2.038728952407837
1990-11-16,2.003170967102051
1990-11-19,2.003170967102051
1990-11-20,1.979463815689087
1990-11-21,2.00909686088562
1990-11-23,2.00909686088562
1990-11-26,1.9972429275512693
1990-11-27,2.015022754669189
1990-11-28,2.02687668800354
1990-11-29,2.003170967102051
1990-11-30,2.068362236022949
1990-12-03,2.0861408710479736
1990-12-04,2.121700525283813
1990-12-05,2.1098473072052
1990-12-06,2.133553504943848
1990-12-07,2.127626657485962
1990-12-10,2.151332378387451
1990-12-11,2.127626657485962
1990-12-12,2.157259702682495
1990-12-13,2.139479875564575
1990-12-14,2.121700525283813
1990-12-17,2.103919982910156
1990-12-18,2.127626657485962
1990-12-19,2.133553504943848
1990-12-20,2.092067241668701
1990-12-21,2.068362236022949
1990-12-24,2.074288845062256
1990-12-26,2.074288845062256
1990-12-27,2.0861408710479736
1990-12-28,2.097993850708008
1990-12-31,2.133553504943848
1991-01-02,2.05058217048645
1991-01-03,1.9735370874404907
1991-01-04,1.932050824165344
1991-01-07,1.9024184942245483
1991-01-08,1.9261243343353271
1991-01-09,1.924218773841858
1991-01-10,1.9361333847045896
1991-01-11,1.942088842391968
1991-01-14,1.8944308757781985
1991-01-15,1.900389075279236
1991-01-16,1.942088842391968
1991-01-17,2.025491952896118
1991-01-18,2.0374083518981934
1991-01-21,2.0135788917541504
1991-01-22,1.9957060813903809
1991-01-23,2.0374083518981934
1991-01-24,2.0910239219665527
1991-01-25,2.1029372215271
1991-01-28,2.114851951599121
1991-01-29,2.0671937465667725
1991-01-30,2.108895778656006
1991-01-31,2.073150873184204
1991-02-01,2.049322366714477
1991-02-04,2.0552804470062256
1991-02-05,2.1208107471466064
1991-02-06,2.138681173324585
1991-02-07,2.1446399688720703
1991-02-08,2.132725477218628
1991-02-11,2.234001398086548
1991-02-12,2.2280428409576416
1991-02-13,2.210171222686768
1991-02-14,2.180383443832397
1991-02-15,2.239956378936768
1991-02-19,2.234001398086548
1991-02-20,2.2042131423950195
1991-02-21,2.1982550621032715
1991-02-22,2.234001398086548
1991-02-25,2.2637853622436523
1991-02-26,2.186342000961304
1991-02-27,2.2637853622436523
1991-02-28,2.210171222686768
1991-03-01,2.1625120639801025
1991-03-04,2.1625120639801025
1991-03-05,2.168468713760376
1991-03-06,2.210171222686768
1991-03-07,2.1982550621032715
1991-03-08,2.2578277587890625
1991-03-11,2.2756989002227783
1991-03-12,2.234001398086548
1991-03-13,2.251871585845948
1991-03-14,2.323359966278076
1991-03-15,2.287616014480591
1991-03-18,2.317401885986328
1991-03-19,2.2637853622436523
1991-03-20,2.251871585845948
1991-03-21,2.239956378936768
1991-03-22,2.24591326713562
1991-03-25,2.293572902679444
1991-03-26,2.353144884109497
1991-03-27,2.299530506134033
1991-03-28,2.287616014480591
1991-04-01,2.239956378936768
1991-04-02,2.3769750595092773
1991-04-03,2.353144884109497
1991-04-04,2.371018171310425
1991-04-05,2.382932424545288
1991-04-08,2.382932424545288
1991-04-09,2.341021776199341
1991-04-10,2.3230605125427246
1991-04-11,2.418858051300049
1991-04-12,2.418858051300049
1991-04-15,2.4727425575256348
1991-04-16,2.5146520137786865
1991-04-17,2.562551498413086
1991-04-18,2.526625871658325
1991-04-19,2.4547793865203857
1991-04-22,2.448792219161988
1991-04-23,2.4966912269592285
1991-04-24,2.460767984390259
1991-04-25,2.460767984390259
1991-04-26,2.460767984390259
1991-04-29,2.4128692150115967
1991-04-30,2.424844264984131
1991-05-01,2.460767984390259
1991-05-02,2.4547793865203857
1991-05-03,2.4428038597106934
1991-05-06,2.448792219161988
1991-05-07,2.436816453933716
1991-05-08,2.448792219161988
1991-05-09,2.4966912269592285
1991-05-10,2.436816453933716
1991-05-13,2.436816453933716
1991-05-14,2.388918876647949
1991-05-15,2.3529956340789795
1991-05-16,2.4008941650390625
1991-05-17,2.4128692150115967
1991-05-20,2.430830717086792
1991-05-21,2.478729724884033
1991-05-22,2.5086653232574463
1991-05-23,2.478729724884033
1991-05-24,2.484714984893799
1991-05-28,2.55057692527771
1991-05-29,2.5386013984680176
1991-05-30,2.5146520137786865
1991-05-31,2.460767984390259
1991-06-03,2.4128692150115967
1991-06-04,2.418858051300049
1991-06-05,2.424844264984131
1991-06-06,2.394906997680664
1991-06-07,2.370958089828491
1991-06-10,2.3529956340789795
1991-06-11,2.394906997680664
1991-06-12,2.424844264984131
1991-06-13,2.4128692150115967
1991-06-14,2.460767984390259
1991-06-17,2.424844264984131
1991-06-18,2.388918876647949
1991-06-19,2.382932424545288
1991-06-20,2.4727425575256348
1991-06-21,2.478729724884033
1991-06-24,2.430830717086792
1991-06-25,2.448792219161988
1991-06-26,2.484714984893799
1991-06-27,2.5086653232574463
1991-06-28,2.478729724884033
1991-07-01,2.5146520137786865
1991-07-02,2.55057692527771
1991-07-03,2.5086653232574463
1991-07-05,2.4966912269592285
1991-07-08,2.4966912269592285
1991-07-09,2.484658718109131
1991-07-10,2.4545769691467285
1991-07-11,2.448559284210205
1991-07-12,2.472626209259033
1991-07-15,2.484658718109131
1991-07-16,2.472626209259033
1991-07-17,2.472626209259033
1991-07-18,2.508723258972168
1991-07-19,2.478642225265503
1991-07-22,2.496690273284912
1991-07-23,2.460592269897461
1991-07-24,2.472626209259033
1991-07-25,2.49067497253418
1991-07-26,2.502707004547119
1991-07-29,2.5388028621673584
1991-07-30,2.5388028621673584
1991-07-31,2.5929477214813232
1991-08-01,2.5929477214813232
1991-08-02,2.610997676849365
1991-08-05,2.604979515075684
1991-08-06,2.653109550476074
1991-08-07,2.6350605487823486
1991-08-08,2.598966121673584
1991-08-09,2.598966121673584
1991-08-12,2.604979515075684
1991-08-13,2.598966121673584
1991-08-14,2.598966121673584
1991-08-15,2.629045963287353
1991-08-16,2.586932420730591
1991-08-19,2.5207552909851074
1991-08-20,2.5388028621673584
1991-08-21,2.617014646530152
1991-08-22,2.6350605487823486
1991-08-23,2.6350605487823486
1991-08-26,2.629045963287353
1991-08-27,2.623028039932251
1991-08-28,2.641077280044556
1991-08-29,2.641077280044556
1991-08-30,2.610997676849365
1991-09-03,2.580915689468384
1991-09-04,2.580915689468384
1991-09-05,2.598966121673584
1991-09-06,2.623028039932251
1991-09-09,2.617014646530152
1991-09-10,2.5929477214813232
1991-09-11,2.5929477214813232
1991-09-12,2.586932420730591
1991-09-13,2.5388028621673584
1991-09-16,2.562868356704712
1991-09-17,2.580915689468384
1991-09-18,2.562868356704712
1991-09-19,2.562868356704712
1991-09-20,2.598966121673584
1991-09-23,2.562868356704712
1991-09-24,2.574899435043335
1991-09-25,2.574899435043335
1991-09-26,2.586932420730591
1991-09-27,2.586932420730591
1991-09-30,2.5929477214813232
1991-10-01,2.623028039932251
1991-10-02,2.629045963287353
1991-10-03,2.598966121673584
1991-10-04,2.5508346557617188
1991-10-07,2.574899435043335
1991-10-08,2.5809450149536133
1991-10-09,2.5809450149536133
1991-10-10,2.5869882106781006
1991-10-11,2.5869882106781006
1991-10-14,2.635342597961426
1991-10-15,2.665565490722656
1991-10-16,2.689742088317871
1991-10-17,2.7260091304779053
1991-10-18,2.701831817626953
1991-10-21,2.6836998462677
1991-10-22,2.7441415786743164
1991-10-23,2.7804083824157715
1991-10-24,2.7501864433288574
1991-10-25,2.73809814453125
1991-10-28,2.8348071575164795
1991-10-29,2.828763484954834
1991-10-30,2.828763484954834
1991-10-31,2.846895933151245
1991-11-01,2.925471782684326
1991-11-04,2.8710744380950928
1991-11-05,2.865028381347656
1991-11-06,2.8771185874938965
1991-11-07,2.8589837551116943
1991-11-08,2.865028381347656
1991-11-11,2.919429302215576
1991-11-12,2.9677836894989014
1991-11-13,2.9556963443756104
1991-11-14,2.9315171241760254
1991-11-15,2.768320083618164
1991-11-18,2.846895933151245
1991-11-19,2.8106300830841064
1991-11-20,2.8045859336853027
1991-11-21,2.846895933151245
1991-11-22,2.8348071575164795
1991-11-25,2.828763484954834
1991-11-26,2.816673040390014
1991-11-27,2.792496919631958
1991-11-29,2.7864527702331543
1991-12-02,2.889206647872925
1991-12-03,2.889206647872925
1991-12-04,2.889206647872925
1991-12-05,2.8589837551116943
1991-12-06,2.907339334487915
1991-12-09,2.925471782684326
1991-12-10,2.883162021636963
1991-12-11,2.8348071575164795
1991-12-12,2.889206647872925
1991-12-13,2.8771185874938965
1991-12-16,2.9315171241760254
1991-12-17,2.9677836894989014
1991-12-18,2.9556963443756104
1991-12-19,2.985917091369629
1991-12-20,3.0463595390319824
1991-12-23,3.1491146087646484
1991-12-24,3.1309823989868164
1991-12-26,3.233736515045166
1991-12-27,3.2881340980529785
1991-12-30,3.270003080368042
1991-12-31,3.3304450511932373
1992-01-02,3.25186824798584
1992-01-03,3.263958692550659
1992-01-06,3.294179916381836
1992-01-07,3.282089710235596
1992-01-08,3.215602397918701
1992-01-09,3.179198265075684
1992-01-10,3.197401285171509
1992-01-13,3.1549317836761475
1992-01-14,3.1488635540008545
1992-01-15,3.0942602157592773
1992-01-16,3.021453380584717
1992-01-17,3.0396533012390137
1992-01-20,3.0396533012390137
1992-01-21,3.0093190670013428
1992-01-22,3.076058864593506
1992-01-23,3.057854413986206
1992-01-24,3.0881922245025635
1992-01-27,3.021453380584717
1992-01-28,2.9850497245788574
1992-01-29,2.997184991836548
1992-01-30,3.0093190670013428
1992-01-31,3.100325345993042
1992-02-03,3.0881922245025635
1992-02-04,3.11852765083313
1992-02-05,3.2034695148468018
1992-02-06,3.185267210006714
1992-02-07,3.173133134841919
1992-02-10,3.1488635540008545
1992-02-11,3.136730194091797
1992-02-12,3.1488635540008545
1992-02-13,3.0942602157592773
1992-02-14,3.1549317836761475
1992-02-18,3.063922643661499
1992-02-19,3.0093190670013428
1992-02-20,3.03358793258667
1992-02-21,2.991116762161255
1992-02-24,3.057854413986206
1992-02-25,3.0396533012390137
1992-02-26,3.124595642089844
1992-02-27,3.069990634918213
1992-02-28,3.0881922245025635
1992-03-02,3.069990634918213
1992-03-03,3.045722007751465
1992-03-04,3.0093190670013428
1992-03-05,2.966848850250244
1992-03-06,2.900108814239502
1992-03-09,2.9243807792663574
1992-03-10,2.906175374984741
1992-03-11,2.906175374984741
1992-03-12,2.900108814239502
1992-03-13,2.900108814239502
1992-03-16,2.8697731494903564
1992-03-17,2.918310642242432
1992-03-18,2.918310642242432
1992-03-19,2.9122443199157715
1992-03-20,2.930445909500122
1992-03-23,2.9607808589935303
1992-03-24,3.0093190670013428
1992-03-25,2.9607808589935303
1992-03-26,2.978982448577881
1992-03-27,2.9486474990844727
1992-03-30,2.9607808589935303
1992-03-31,2.9607808589935303
1992-04-01,2.991116762161255
1992-04-02,2.930445909500122
1992-04-03,2.9486474990844727
1992-04-06,2.936511278152466
1992-04-07,2.9122443199157715
1992-04-08,3.0275208950042725
1992-04-09,3.109212636947632
1992-04-10,3.176275491714477
1992-04-13,3.200660228729248
1992-04-14,3.2799150943756104
1992-04-15,3.237239360809326
1992-04-16,3.1640825271606445
1992-04-20,3.084826707839966
1992-04-21,3.060441732406616
1992-04-22,3.0909249782562256
1992-04-23,3.0543441772460938
1992-04-24,3.023862600326538
1992-04-27,3.048248052597046
1992-04-28,3.109212636947632
1992-04-29,3.188469648361206
1992-04-30,3.2189526557922363
1992-05-01,3.1945650577545166
1992-05-04,3.2982065677642822
1992-05-05,3.255528450012207
1992-05-06,3.206756830215454
1992-05-07,3.2189526557922363
1992-05-08,3.212855339050293
1992-05-11,3.273819923400879
1992-05-12,3.249432325363159
1992-05-13,3.225046396255493
1992-05-14,3.1701786518096924
1992-05-15,3.182371139526367
1992-05-18,3.200660228729248
1992-05-19,3.2311437129974365
1992-05-20,3.206756830215454
1992-05-21,3.212855339050293
1992-05-22,3.212855339050293
1992-05-26,3.182371139526367
1992-05-27,3.200660228729248
1992-05-28,3.2677218914031982
1992-05-29,3.249432325363159
1992-06-01,3.292106866836548
1992-06-02,3.1945650577545166
1992-06-03,3.07263445854187
1992-06-04,3.097019910812378
1992-06-05,3.109212636947632
1992-06-08,2.70684552192688
1992-06-09,2.70684552192688
1992-06-10,2.645879983901977
1992-06-11,2.6336874961853027
1992-06-12,2.70684552192688
1992-06-15,2.682457447052002
1992-06-16,2.645879983901977
1992-06-17,2.670264482498169
1992-06-18,2.70684552192688
1992-06-19,2.70684552192688
1992-06-22,2.8531603813171387
1992-06-23,2.7800040245056152
1992-06-24,2.7800040245056152
1992-06-25,2.7312307357788086
1992-06-26,2.804389476776123
1992-06-29,2.8775463104248047
1992-06-30,2.901933193206787
1992-07-01,2.962897539138794
1992-07-02,2.9263176918029785
1992-07-06,2.962897539138794
1992-07-07,2.914124011993408
1992-07-08,2.889739990234375
1992-07-09,2.879936456680298
1992-07-10,2.8554251194000244
1992-07-13,2.8921899795532227
1992-07-14,2.990231275558472
1992-07-15,2.9657199382781982
1992-07-16,2.9534671306610107
1992-07-17,2.928955078125
1992-07-20,2.879936456680298
1992-07-21,2.904444456100464
1992-07-22,2.8554251194000244
1992-07-23,2.8921899795532227
1992-07-24,2.904444456100464
1992-07-27,2.9412100315093994
1992-07-28,3.00248646736145
1992-07-29,3.014739751815796
1992-07-30,2.9657199382781982
1992-07-31,2.977975368499756
1992-08-03,3.0392510890960693
1992-08-04,3.00248646736145
1992-08-05,3.00248646736145
1992-08-06,3.00248646736145
1992-08-07,2.990231275558472
1992-08-10,3.051506996154785
1992-08-11,3.00248646736145
1992-08-12,2.977975368499756
1992-08-13,2.9657199382781982
1992-08-14,2.9657199382781982
1992-08-17,3.014739751815796
1992-08-18,3.0392510890960693
1992-08-19,3.014739751815796
1992-08-20,2.990231275558472
1992-08-21,2.9412100315093994
1992-08-24,2.9412100315093994
1992-08-25,2.9657199382781982
1992-08-26,3.063760995864868
1992-08-27,3.051506996154785
1992-08-28,3.026995182037353
1992-08-31,2.990231275558472
1992-09-01,3.088270664215088
1992-09-02,3.051506996154785
1992-09-03,3.026995182037353
1992-09-04,3.051506996154785
1992-09-08,2.9657199382781982
1992-09-09,2.9657199382781982
1992-09-10,2.9657199382781982
1992-09-11,2.977975368499756
1992-09-14,3.026995182037353
1992-09-15,2.9412100315093994
1992-09-16,2.916701316833496
1992-09-17,2.916701316833496
1992-09-18,2.928955078125
1992-09-21,2.904444456100464
1992-09-22,2.879936456680298
1992-09-23,2.867680788040161
1992-09-24,2.867680788040161
1992-09-25,2.7818942070007324
1992-09-28,2.7696402072906494
1992-09-29,2.7818942070007324
1992-09-30,2.7696402072906494
1992-10-01,2.7818942070007324
1992-10-02,2.732874155044556
1992-10-05,2.696110486984253
1992-10-06,2.7083659172058105
1992-10-07,2.7083659172058105
1992-10-08,2.809406518936157
1992-10-09,2.8217289447784424
1992-10-12,2.8463711738586426
1992-10-13,2.8217289447784424
1992-10-14,2.8463711738586426
1992-10-15,2.90798020362854
1992-10-16,2.90798020362854
1992-10-19,2.90798020362854
1992-10-20,2.8463711738586426
1992-10-21,2.883336305618286
1992-10-22,2.895660400390625
1992-10-23,2.8463711738586426
1992-10-26,2.8710148334503174
1992-10-27,2.8463711738586426
1992-10-28,2.8217289447784424
1992-10-29,2.858695268630981
1992-10-30,2.858695268630981
1992-11-02,2.932623863220215
1992-11-03,2.8710148334503174
1992-11-04,2.7847609519958496
1992-11-05,2.7847609519958496
1992-11-06,2.760117053985596
1992-11-09,2.7847609519958496
1992-11-10,2.7847609519958496
1992-11-11,2.895660400390625
1992-11-12,2.9203038215637207
1992-11-13,2.9449474811553955
1992-11-16,2.969591856002808
1992-11-17,3.043521881103516
1992-11-18,3.0804877281188965
1992-11-19,3.0804877281188965
1992-11-20,3.129774332046509
1992-11-23,3.068166255950928
1992-11-24,3.0804877281188965
1992-11-25,3.068166255950928
1992-11-27,3.068166255950928
1992-11-30,3.0311994552612305
1992-12-01,3.043521881103516
1992-12-02,3.0311994552612305
1992-12-03,3.0311994552612305
1992-12-04,3.055842876434326
1992-12-07,3.0928101539611816
1992-12-08,3.117454767227173
1992-12-09,3.129774332046509
1992-12-10,3.043521881103516
1992-12-11,3.0804877281188965
1992-12-14,3.129774332046509
1992-12-15,3.1051316261291504
1992-12-16,3.068166255950928
1992-12-17,3.1544198989868164
1992-12-18,3.216029405593872
1992-12-21,3.2529959678649902
1992-12-22,3.179063320159912
1992-12-23,3.0928101539611816
1992-12-24,3.0804877281188965
1992-12-28,3.0928101539611816
1992-12-29,3.0311994552612305
1992-12-30,3.043521881103516
1992-12-31,2.9942336082458496
1993-01-04,2.9942336082458496
1993-01-05,2.932623863220215
1993-01-06,2.858695268630981
1993-01-07,2.79708218574524
1993-01-08,2.8463711738586426
1993-01-11,2.8364622592926025
1993-01-12,2.786916732788086
1993-01-13,2.824075698852539
1993-01-14,2.7497572898864746
1993-01-15,2.786916732788086
1993-01-18,2.7373716831207275
1993-01-19,2.650667190551758
1993-01-20,2.700214147567749
1993-01-21,2.7497572898864746
1993-01-22,2.7621445655822754
1993-01-25,2.799304962158203
1993-01-26,2.7373716831207275
1993-01-27,2.700214147567749
1993-01-28,2.6754400730133057
1993-01-29,2.7249860763549805
1993-02-01,2.7249860763549805
1993-02-02,2.5887370109558105
1993-02-03,2.7373716831207275
1993-02-04,2.71259880065918
1993-02-05,2.7249860763549805
1993-02-08,2.6382830142974854
1993-02-09,2.71259880065918
1993-02-10,2.7249860763549805
1993-02-11,2.7497572898864746
1993-02-12,2.77453088760376
1993-02-16,2.6382830142974854
1993-02-17,2.5515780448913574
1993-02-18,2.477260112762451
1993-02-19,2.402941465377808
1993-02-22,2.303852081298828
1993-02-23,2.402941465377808
1993-02-24,2.576349973678589
1993-02-25,2.613508939743042
1993-02-26,2.5887370109558105
1993-03-01,2.5639631748199463
1993-03-02,2.576349973678589
1993-03-03,2.5391924381256104
1993-03-04,2.526803970336914
1993-03-05,2.526803970336914
1993-03-08,2.613508939743042
1993-03-09,2.5020318031311035
1993-03-10,2.613508939743042
1993-03-11,2.601123094558716
1993-03-12,2.6382830142974854
1993-03-15,2.625895977020264
1993-03-16,2.576349973678589
1993-03-17,2.526803970336914
1993-03-18,2.526803970336914
1993-03-19,2.36578369140625
1993-03-22,2.452486991882324
1993-03-23,2.452486991882324
1993-03-24,2.3781704902648926
1993-03-25,2.4153285026550293
1993-03-26,2.3533971309661865
1993-03-29,2.4277148246765137
1993-03-30,2.576349973678589
1993-03-31,2.5515780448913574
1993-04-01,2.489645481109619
1993-04-02,2.477260112762451
1993-04-05,2.5144200325012207
1993-04-06,2.477260112762451
1993-04-07,2.44010066986084
1993-04-08,2.3697571754455566
1993-04-12,2.5194242000579834
1993-04-13,2.482008695602417
1993-04-14,2.482008695602417
1993-04-15,2.544369697570801
1993-04-16,2.5194242000579834
1993-04-19,2.6067323684692383
1993-04-20,2.6940391063690186
1993-04-21,2.7314565181732178
1993-04-22,2.5693154335021973
1993-04-23,2.5693154335021973
1993-04-26,2.656622886657715
1993-04-27,2.818763494491577
1993-04-28,2.7439286708831787
1993-04-29,2.7065114974975586
1993-04-30,2.7813467979431152
1993-05-03,2.8561806678771973
1993-05-04,2.7938194274902344
1993-05-05,2.7938194274902344
1993-05-06,2.7564005851745605
1993-05-07,2.7564005851745605
1993-05-10,2.7314565181732178
1993-05-11,2.7439286708831787
1993-05-12,2.718984365463257
1993-05-13,2.6192052364349365
1993-05-14,2.6940391063690186
1993-05-17,2.8062899112701416
1993-05-18,2.8062899112701416
1993-05-19,2.7938194274902344
1993-05-20,2.8062899112701416
1993-05-21,2.7938194274902344
1993-05-24,2.8062899112701416
1993-05-25,2.7813467979431152
1993-05-26,2.7813467979431152
1993-05-27,2.7439286708831787
1993-05-28,2.7065114974975586
1993-06-01,2.7065114974975586
1993-06-02,2.7439286708831787
1993-06-03,2.6940391063690186
1993-06-04,2.581787586212158
1993-06-07,2.5942599773406982
1993-06-08,2.5693154335021973
1993-06-09,2.581787586212158
1993-06-10,2.6067323684692383
1993-06-11,2.5942599773406982
1993-06-14,2.64414930343628
1993-06-15,2.6067323684692383
1993-06-16,2.7065114974975586
1993-06-17,2.6940391063690186
1993-06-18,2.6067323684692383
1993-06-21,2.6067323684692383
1993-06-22,2.5942599773406982
1993-06-23,2.5568442344665527
1993-06-24,2.5942599773406982
1993-06-25,2.64414930343628
1993-06-28,2.6067323684692383
1993-06-29,2.5942599773406982
1993-06-30,2.5568442344665527
1993-07-01,2.544369697570801
1993-07-02,2.5194242000579834
1993-07-06,2.4695348739624023
1993-07-07,2.531899690628052
1993-07-08,2.5693154335021973
1993-07-09,2.536168336868286
1993-07-12,2.561279058456421
1993-07-13,2.598945140838623
1993-07-14,2.598945140838623
1993-07-15,2.536168336868286
1993-07-16,2.4985034465789795
1993-07-19,2.511059045791626
1993-07-20,2.573836088180542
1993-07-21,2.62405776977539
1993-07-22,2.573836088180542
1993-07-23,2.598945140838623
1993-07-26,2.573836088180542
1993-07-27,2.561279058456421
1993-07-28,2.536168336868286
1993-07-29,2.4985034465789795
1993-07-30,2.511059045791626
1993-08-02,2.4985034465789795
1993-08-03,2.511059045791626
1993-08-04,2.511059045791626
1993-08-05,2.485948085784912
1993-08-06,2.4733920097351074
1993-08-09,2.4357266426086426
1993-08-10,2.3855059146881104
1993-08-11,2.3101742267608643
1993-08-12,2.347840070724488
1993-08-13,2.4106178283691406
1993-08-16,2.4985034465789795
1993-08-17,2.5236146450042725
1993-08-18,2.598945140838623
1993-08-19,2.649166345596313
1993-08-20,2.6115009784698486
1993-08-23,2.6115009784698486
1993-08-24,2.598945140838623
1993-08-25,2.586390495300293
1993-08-26,2.649166345596313
1993-08-27,2.62405776977539
1993-08-30,2.62405776977539
1993-08-31,2.6115009784698486
1993-09-01,2.6115009784698486
1993-09-02,2.6993887424468994
1993-09-03,2.686833381652832
1993-09-07,2.6366121768951416
1993-09-08,2.586390495300293
1993-09-09,2.6366121768951416
1993-09-10,2.6366121768951416
1993-09-13,2.598945140838623
1993-09-14,2.674278736114502
1993-09-15,2.711942672729492
1993-09-16,2.6617226600646973
1993-09-17,2.649166345596313
1993-09-20,2.586390495300293
1993-09-21,2.62405776977539
1993-09-22,2.6115009784698486
1993-09-23,2.711942672729492
1993-09-24,2.7370548248291016
1993-09-27,2.7496085166931152
1993-09-28,2.6993887424468994
1993-09-29,2.7496085166931152
1993-09-30,2.7496085166931152
1993-10-01,2.76216459274292
1993-10-04,2.711942672729492
1993-10-05,2.711942672729492
1993-10-06,2.6993887424468994
1993-10-07,2.6617226600646973
1993-10-08,2.666271209716797
1993-10-11,2.716817855834961
1993-10-12,2.6915462017059326
1993-10-13,2.653635740280152
1993-10-14,2.7294533252716064
1993-10-15,2.754725456237793
1993-10-18,2.843181133270264
1993-10-19,2.8052711486816406
1993-10-20,2.8305447101593018
1993-10-21,2.931635618209839
1993-10-22,2.8052711486816406
1993-10-25,2.8179075717926025
1993-10-26,2.8179075717926025
1993-10-27,2.767361640930176
1993-10-28,2.8305447101593018
1993-10-29,2.8684537410736084
1993-11-01,2.881088733673096
1993-11-02,2.918999433517456
1993-11-03,2.9063608646392822
1993-11-04,2.8305447101593018
1993-11-05,2.8179075717926025
1993-11-08,2.8305447101593018
1993-11-09,2.8179075717926025
1993-11-10,2.855818271636963
1993-11-11,2.9063608646392822
1993-11-12,2.9442713260650635
1993-11-15,2.918999433517456
1993-11-16,2.969545602798462
1993-11-17,2.918999433517456
1993-11-18,2.918999433517456
1993-11-19,2.931635618209839
1993-11-22,2.8684537410736084
1993-11-23,2.893728017807007
1993-11-24,2.9442713260650635
1993-11-26,2.956906795501709
1993-11-29,2.956906795501709
1993-11-30,2.956906795501709
1993-12-01,2.9442713260650635
1993-12-02,2.9821791648864746
1993-12-03,3.0074524879455566
1993-12-06,3.032726526260376
1993-12-07,3.0074524879455566
1993-12-08,3.020088195800781
1993-12-09,2.956906795501709
1993-12-10,2.881088733673096
1993-12-13,2.881088733673096
1993-12-14,2.893728017807007
1993-12-15,2.8684537410736084
1993-12-16,2.843181133270264
1993-12-17,2.881088733673096
1993-12-20,2.918999433517456
1993-12-21,2.918999433517456
1993-12-22,2.969545602798462
1993-12-23,2.994815826416016
1993-12-27,3.032726526260376
1993-12-28,3.0074524879455566
1993-12-29,3.0074524879455566
1993-12-30,2.956906795501709
1993-12-31,2.994815826416016
1994-01-03,2.918999433517456
1994-01-04,2.9821791648864746
1994-01-05,3.045361995697021
1994-01-06,3.0074524879455566
1994-01-07,3.0074524879455566
1994-01-10,3.0501558780670166
1994-01-11,3.0628647804260254
1994-01-12,3.012028455734253
1994-01-13,2.973900556564331
1994-01-14,3.012028455734253
1994-01-17,3.0247371196746826
1994-01-18,3.0247371196746826
1994-01-19,2.9611926078796387
1994-01-20,2.9866111278533936
1994-01-21,2.923064708709717
1994-01-24,2.8722312450408936
1994-01-25,2.884938716888428
1994-01-26,2.897647857666016
1994-01-27,2.948483943939209
1994-01-28,2.973900556564331
1994-01-31,2.999317169189453
1994-02-01,3.0247371196746826
1994-02-02,3.0628647804260254
1994-02-03,3.0501558780670166
1994-02-04,2.948483943939209
1994-02-07,2.999317169189453
1994-02-08,2.973900556564331
1994-02-09,2.973900556564331
1994-02-10,2.897647857666016
1994-02-11,2.948483943939209
1994-02-14,3.012028455734253
1994-02-15,2.9866111278533936
1994-02-16,2.923064708709717
1994-02-17,2.884938716888428
1994-02-18,2.8722312450408936
1994-02-22,2.884938716888428
1994-02-23,2.859520435333252
1994-02-24,2.757848024368286
1994-02-25,2.7959766387939453
1994-02-28,2.8086843490600586
1994-03-01,2.8341026306152344
1994-03-02,2.757848024368286
1994-03-03,2.719722509384156
1994-03-04,2.707015037536621
1994-03-07,2.78326678276062
1994-03-08,2.8086843490600586
1994-03-09,2.859520435333252
1994-03-10,2.8468129634857178
1994-03-11,2.859520435333252
1994-03-14,2.8722312450408936
1994-03-15,2.897647857666016
1994-03-16,2.8722312450408936
1994-03-17,2.884938716888428
1994-03-18,2.8722312450408936
1994-03-21,2.884938716888428
1994-03-22,2.897647857666016
1994-03-23,2.859520435333252
1994-03-24,2.770557165145874
1994-03-25,2.7451395988464355
1994-03-28,2.78326678276062
1994-03-29,2.8213934898376465
1994-03-30,2.7959766387939453
1994-03-31,2.707015037536621
1994-04-04,2.656178951263428
1994-04-05,2.757848024368286
1994-04-06,2.719722509384156
1994-04-07,2.732431173324585
1994-04-08,2.6815948486328125
1994-04-11,2.739457368850708
1994-04-12,2.68825364112854
1994-04-13,2.7778589725494385
1994-04-14,2.7778589725494385
1994-04-15,2.7906606197357178
1994-04-18,2.7906606197357178
1994-04-19,2.8418660163879395
1994-04-20,2.8418660163879395
1994-04-21,2.893072366714477
1994-04-22,2.880269765853882
1994-04-25,2.893072366714477
1994-04-26,2.880269765853882
1994-04-28,2.944275140762329
1994-04-29,2.905872106552124
1994-05-02,2.944275140762329
1994-05-03,2.9570772647857666
1994-05-04,2.9314773082733154
1994-05-05,2.918673753738404
1994-05-06,2.8546667098999023
1994-05-09,2.82906460762024
1994-05-10,2.905872106552124
1994-05-11,2.893072366714477
1994-05-12,2.944275140762329
1994-05-13,2.9570772647857666
1994-05-16,3.033884286880493
1994-05-17,3.059485673904419
1994-05-18,3.046685218811035
1994-05-19,3.046685218811035
1994-05-20,3.033884286880493
1994-05-23,2.969878673553467
1994-05-24,2.995479822158813
1994-05-25,3.046685218811035
1994-05-26,3.1106910705566406
1994-05-27,3.149095296859741
1994-05-31,3.059485673904419
1994-06-01,3.1106910705566406
1994-06-02,3.1618969440460205
1994-06-03,3.200300455093384
1994-06-06,3.1106910705566406
1994-06-07,3.136295318603516
1994-06-08,3.1746981143951416
1994-06-09,3.149095296859741
1994-06-10,3.0978899002075195
1994-06-13,3.136295318603516
1994-06-14,3.1106910705566406
1994-06-15,3.136295318603516
1994-06-16,3.1106910705566406
1994-06-17,3.059485673904419
1994-06-20,3.02108097076416
1994-06-21,3.059485673904419
1994-06-22,3.059485673904419
1994-06-23,3.0082828998565674
1994-06-24,2.944275140762329
1994-06-27,2.995479822158813
1994-06-28,3.033884286880493
1994-06-29,3.033884286880493
1994-06-30,2.969878673553467
1994-07-01,2.969878673553467
1994-07-05,3.059485673904419
1994-07-06,3.059485673904419
1994-07-07,3.059485673904419
1994-07-08,3.072288751602173
1994-07-11,2.9888081550598145
1994-07-12,2.7698006629943848
1994-07-13,2.821331739425659
1994-07-14,2.859979152679444
1994-07-15,2.859979152679444
1994-07-18,2.847096920013428
1994-07-19,2.847096920013428
1994-07-20,2.872863292694092
1994-07-21,2.885747194290161
1994-07-22,2.859979152679444
1994-07-25,2.937276840209961
1994-07-26,2.859979152679444
1994-07-27,2.885747194290161
1994-07-28,2.885747194290161
1994-07-29,2.8986291885375977
1994-08-01,2.8986291885375977
1994-08-02,2.963042497634888
1994-08-03,2.872863292694092
1994-08-04,2.847096920013428
1994-08-05,2.834213733673096
1994-08-08,2.7955658435821533
1994-08-09,2.834213733673096
1994-08-10,2.937276840209961
1994-08-11,2.9243948459625244
1994-08-12,2.9501585960388184
1994-08-15,2.9888081550598145
1994-08-16,3.117636203765869
1994-08-17,3.207814693450928
1994-08-18,3.117636203765869
1994-08-19,3.117636203765869
1994-08-22,3.143401622772217
1994-08-23,3.104753494262696
1994-08-24,3.1305179595947266
1994-08-25,3.1305179595947266
1994-08-26,3.1691677570343018
1994-08-29,3.1305179595947266
1994-08-30,3.104753494262696
1994-08-31,3.091869831085205
1994-09-01,3.078985929489136
1994-09-02,3.0532214641571045
1994-09-06,3.0532214641571045
1994-09-07,3.117636203765869
1994-09-08,3.18204927444458
1994-09-09,3.078985929489136
1994-09-12,3.078985929489136
1994-09-13,3.091869831085205
1994-09-14,3.1305179595947266
1994-09-15,3.1691677570343018
1994-09-16,3.143401622772217
1994-09-19,3.156283140182495
1994-09-20,3.078985929489136
1994-09-21,3.1305179595947266
1994-09-22,3.246464967727661
1994-09-23,3.156283140182495
1994-09-26,3.18204927444458
1994-09-27,3.207814693450928
1994-09-28,3.285113573074341
1994-09-29,3.2206966876983643
1994-09-30,3.233579635620117
1994-10-03,3.259346008300781
1994-10-04,3.1691677570343018
1994-10-05,3.143401622772217
1994-10-06,3.156283140182495
1994-10-07,3.2148783206939697
1994-10-10,3.2019143104553223
1994-10-11,3.2408034801483154
1994-10-12,3.253767490386963
1994-10-13,3.2667315006256104
1994-10-14,3.3185837268829346
1994-10-17,3.2667315006256104
1994-10-18,3.227841377258301
1994-10-19,3.2667315006256104
1994-10-20,3.2408034801483154
1994-10-21,3.2148783206939697
1994-10-24,3.17598819732666
1994-10-25,3.163026571273804
1994-10-26,3.1241345405578613
1994-10-27,3.2019143104553223
1994-10-28,3.2667315006256104
1994-10-31,3.2148783206939697
1994-11-01,3.227841377258301
1994-11-02,3.2019143104553223
1994-11-03,3.253767490386963
1994-11-04,3.2148783206939697
1994-11-07,3.2148783206939697
1994-11-08,3.227841377258301
1994-11-09,3.3185837268829346
1994-11-10,3.3315463066101074
1994-11-11,3.3445115089416504
1994-11-14,3.3704371452331543
1994-11-15,3.3704371452331543
1994-11-16,3.357472896575928
1994-11-17,3.4093258380889893
1994-11-18,3.3704371452331543
1994-11-21,3.3185837268829346
1994-11-22,3.2408034801483154
1994-11-23,3.2408034801483154
1994-11-25,3.2667315006256104
1994-11-28,3.305622339248657
1994-11-29,3.3185837268829346
1994-11-30,3.305622339248657
1994-12-01,3.2796943187713623
1994-12-02,3.2408034801483154
1994-12-05,3.3185837268829346
1994-12-06,3.3704371452331543
1994-12-07,3.3445115089416504
1994-12-08,3.2667315006256104
1994-12-09,3.2796943187713623
1994-12-12,3.3315463066101074
1994-12-13,3.2796943187713623
1994-12-14,3.3315463066101074
1994-12-15,3.305622339248657
1994-12-16,3.357472896575928
1994-12-19,3.357472896575928
1994-12-20,3.357472896575928
1994-12-21,3.4352548122406006
1994-12-22,3.4871037006378174
1994-12-23,3.4741406440734863
1994-12-27,3.4482154846191406
1994-12-28,3.422291040420532
1994-12-29,3.422291040420532
1994-12-30,3.383399486541748
1995-01-03,3.3963630199432373
1995-01-04,3.3963630199432373
1995-01-05,3.3704371452331543
1995-01-06,3.3185837268829346
1995-01-09,3.312324285507202
1995-01-10,3.260160684585572
1995-01-11,3.260160684585572
1995-01-12,3.2862439155578613
1995-01-13,3.2992846965789795
1995-01-16,3.3384058475494385
1995-01-17,3.3644888401031494
1995-01-18,3.325366735458374
1995-01-19,3.3514461517333984
1995-01-20,3.3514461517333984
1995-01-23,3.4296905994415283
1995-01-24,3.455774307250977
1995-01-25,3.494893312454224
1995-01-26,3.4688119888305664
1995-01-27,3.573137283325196
1995-01-30,3.5992186069488525
1995-01-31,3.6905016899108887
1995-02-01,3.677462339401245
1995-02-02,3.625300168991089
1995-02-03,3.612259149551392
1995-02-06,3.716583490371704
1995-02-07,3.7296254634857178
1995-02-08,3.6513805389404297
1995-02-09,3.6513805389404297
1995-02-10,3.625300168991089
1995-02-13,3.625300168991089
1995-02-14,3.612259149551392
1995-02-15,3.612259149551392
1995-02-16,3.612259149551392
1995-02-17,3.5992186069488525
1995-02-21,3.5600972175598145
1995-02-22,3.625300168991089
1995-02-23,3.6905016899108887
1995-02-24,3.7296254634857178
1995-02-27,3.664419889450073
1995-02-28,3.703545093536377
1995-03-01,3.6905016899108887
1995-03-02,3.664419889450073
1995-03-03,3.6905016899108887
1995-03-06,3.664419889450073
1995-03-07,3.625300168991089
1995-03-08,3.638341188430786
1995-03-09,3.638341188430786
1995-03-10,3.703545093536377
1995-03-13,3.794828414916992
1995-03-14,3.8991544246673584
1995-03-15,3.83395004272461
1995-03-16,3.846991539001465
1995-03-17,3.846991539001465
1995-03-20,3.938277244567871
1995-03-21,3.938277244567871
1995-03-22,3.964355945587158
1995-03-23,3.964355945587158
1995-03-24,3.938277244567871
1995-03-27,3.925233602523804
1995-03-28,3.8991544246673584
1995-03-29,3.83395004272461
1995-03-30,3.807870864868164
1995-03-31,3.7296254634857178
1995-04-03,3.794828414916992
1995-04-04,3.912194013595581
1995-04-05,3.938277244567871
1995-04-06,3.977396249771118
1995-04-07,3.907636880874634
1995-04-10,3.933861970901489
1995-04-11,4.012538433074951
1995-04-12,4.038767337799072
1995-04-13,4.091217994689941
1995-04-17,3.986315488815308
1995-04-18,3.960087776184082
1995-04-19,3.894522905349731
1995-04-20,3.881411552429199
1995-04-21,3.907636880874634
1995-04-24,4.064991474151611
1995-04-25,3.999427556991577
1995-04-26,4.091217994689941
1995-04-27,4.091217994689941
1995-04-28,4.130556583404541
1995-05-01,4.14367151260376
1995-05-02,4.1961212158203125
1995-05-03,4.235459804534912
1995-05-04,4.169896125793457
1995-05-05,4.222346305847168
1995-05-08,4.248573780059815
1995-05-09,4.156781196594238
1995-05-10,4.1961212158203125
1995-05-11,4.248573780059815
1995-05-12,4.02565336227417
1995-05-15,3.986315488815308
1995-05-16,4.064991474151611
1995-05-17,4.064991474151611
1995-05-18,3.97320008277893
1995-05-19,3.97320008277893
1995-05-22,3.999427556991577
1995-05-23,4.078104972839356
1995-05-24,3.986315488815308
1995-05-25,4.078104972839356
1995-05-26,4.051880359649658
1995-05-30,4.117443084716797
1995-05-31,4.1961212158203125
1995-06-01,4.1961212158203125
1995-06-02,4.156781196594238
1995-06-05,4.104330539703369
1995-06-06,4.169896125793457
1995-06-07,4.14367151260376
1995-06-08,4.18300724029541
1995-06-09,4.117443084716797
1995-06-12,4.18300724029541
1995-06-13,4.248573780059815
1995-06-14,4.1961212158203125
1995-06-15,4.1961212158203125
1995-06-16,4.248573780059815
1995-06-19,4.287909030914307
1995-06-20,4.301023006439209
1995-06-21,4.327250003814697
1995-06-22,4.445263385772705
1995-06-23,4.405928134918213
1995-06-26,4.301023006439209
1995-06-27,4.235459804534912
1995-06-28,4.274794578552246
1995-06-29,4.274794578552246
1995-06-30,4.248573780059815
1995-07-03,4.261685371398926
1995-07-05,4.18300724029541
1995-07-06,4.156781196594238
1995-07-07,3.986315488815308
1995-07-10,4.012538433074951
1995-07-11,4.012538433074951
1995-07-12,3.981951951980591
1995-07-13,4.061063289642334
1995-07-14,4.061063289642334
1995-07-17,4.1006178855896
1995-07-18,4.113804817199707
1995-07-19,4.1006178855896
1995-07-20,4.047876358032227
1995-07-21,4.047876358032227
1995-07-24,4.047876358032227
1995-07-25,4.087430953979492
1995-07-26,4.1006178855896
1995-07-27,4.206101417541504
1995-07-28,4.21928596496582
1995-07-31,4.21928596496582
1995-08-01,4.153357028961182
1995-08-02,4.1006178855896
1995-08-03,4.0742506980896
1995-08-04,4.0742506980896
1995-08-07,4.047876358032227
1995-08-08,4.0742506980896
1995-08-09,4.061063289642334
1995-08-10,4.087430953979492
1995-08-11,4.03469181060791
1995-08-14,4.087430953979492
1995-08-15,4.008322238922119
1995-08-16,3.8896543979644775
1995-08-17,3.8764681816101074
1995-08-18,3.9028379917144775
1995-08-21,3.942396640777588
1995-08-22,3.955578804016113
1995-08-23,3.968765258789064
1995-08-24,3.981951951980591
1995-08-25,3.995136022567749
1995-08-28,4.047876358032227
1995-08-29,4.0742506980896
1995-08-30,4.087430953979492
1995-08-31,4.087430953979492
1995-09-01,4.061063289642334
1995-09-05,4.061063289642334
1995-09-06,4.113804817199707
1995-09-07,4.140174865722656
1995-09-08,4.140174865722656
1995-09-11,4.126988887786865
1995-09-12,4.153357028961182
1995-09-13,4.192914009094238
1995-09-14,4.272027969360352
1995-09-15,4.21928596496582
1995-09-18,4.36432409286499
1995-09-19,4.456620216369629
1995-09-20,4.443434715270996
1995-09-21,4.48298978805542
1995-09-22,4.469803333282471
1995-09-25,4.509361743927002
1995-09-26,4.588473796844482
1995-09-27,4.548916816711426
1995-09-28,4.509361743927002
1995-09-29,4.496175289154053
1995-10-02,4.509361743927002
1995-10-03,4.588473796844482
1995-10-04,4.70713996887207
1995-10-05,4.6280293464660645
1995-10-06,4.654398918151856
1995-10-09,4.6280293464660645
1995-10-10,4.258841037750244
1995-10-11,4.161821365356445
1995-10-12,4.214837074279785
1995-10-13,4.254599571228027
1995-10-16,4.228092670440674
1995-10-17,4.188330173492432
1995-10-18,4.161821365356445
1995-10-19,4.320868968963623
1995-10-20,4.281108379364014
1995-10-23,4.294364929199219
1995-10-24,4.281108379364014
1995-10-25,4.267853736877441
1995-10-26,4.2015814781188965
1995-10-27,4.161821365356445
1995-10-30,4.175073623657227
1995-10-31,4.214837074279785
1995-11-01,4.188330173492432
1995-11-02,4.135313510894775
1995-11-03,4.175073623657227
1995-11-06,4.188330173492432
1995-11-07,4.161821365356445
1995-11-08,4.228092670440674
1995-11-09,4.2015814781188965
1995-11-10,4.161821365356445
1995-11-13,4.135313510894775
1995-11-14,4.161821365356445
1995-11-15,4.214837074279785
1995-11-16,4.267853736877441
1995-11-17,4.294364929199219
1995-11-20,4.320868968963623
1995-11-21,4.3738884925842285
1995-11-22,4.320868968963623
1995-11-24,4.320868968963623
1995-11-27,4.347378730773926
1995-11-28,4.320868968963623
1995-11-29,4.320868968963623
1995-11-30,4.307616233825684
1995-12-01,4.175073623657227
1995-12-04,4.2015814781188965
1995-12-05,4.281108379364014
1995-12-06,4.426905155181885
1995-12-07,4.360633373260498
1995-12-08,4.400394916534424
1995-12-11,4.413650989532471
1995-12-12,4.413650989532471
1995-12-13,4.426905155181885
1995-12-14,4.426905155181885
1995-12-15,4.400394916534424
1995-12-18,4.387143135070801
1995-12-19,4.281108379364014
1995-12-20,4.294364929199219
1995-12-21,4.254599571228027
1995-12-22,4.320868968963623
1995-12-26,4.334123134613037
1995-12-27,4.267853736877441
1995-12-28,4.387143135070801
1995-12-29,4.413650989532471
1996-01-02,4.426905155181885
1996-01-03,4.440157890319824
1996-01-04,4.506429672241211
1996-01-05,4.413650989532471
1996-01-08,4.493173122406006
1996-01-09,4.458383083343506
1996-01-10,4.2759552001953125
1996-01-11,4.329239845275879
1996-01-12,4.315919876098633
1996-01-15,4.289276599884033
1996-01-16,4.262635707855225
1996-01-17,4.1294264793396
1996-01-18,4.169392108917236
1996-01-19,4.156069278717041
1996-01-22,4.1294264793396
1996-01-23,4.196030139923096
1996-01-24,4.235992431640625
1996-01-25,4.222671985626221
1996-01-26,4.289276599884033
1996-01-29,4.2759552001953125
1996-01-30,4.47576904296875
1996-01-31,4.529049873352051
1996-02-01,4.582332134246826
1996-02-02,4.595652580261231
1996-02-05,4.622292518615723
1996-02-06,4.54237174987793
1996-02-07,4.622292518615723
1996-02-08,4.635618686676025
1996-02-09,4.635618686676025
1996-02-12,4.715539932250977
1996-02-13,4.662258625030518
1996-02-14,4.569011688232422
1996-02-15,4.688898086547852
1996-02-16,4.608975410461426
1996-02-20,4.55569314956665
1996-02-21,4.369202136993408
1996-02-22,4.449126243591309
1996-02-23,4.449126243591309
1996-02-26,4.369202136993408
1996-02-27,4.329239845275879
1996-02-28,4.4091620445251465
1996-02-29,4.449126243591309
1996-03-01,4.5024094581604
1996-03-04,4.675577640533447
1996-03-05,4.608975410461426
1996-03-06,4.595652580261231
1996-03-07,4.675577640533447
1996-03-08,4.54237174987793
1996-03-11,4.5024094581604
1996-03-12,4.51572847366333
1996-03-13,4.422483921051025
1996-03-14,4.489087104797363
1996-03-15,4.369202136993408
1996-03-18,4.315919876098633
1996-03-19,4.4091620445251465
1996-03-20,4.315919876098633
1996-03-21,4.395843982696533
1996-03-22,4.369202136993408
1996-03-25,4.329239845275879
1996-03-26,4.369202136993408
1996-03-27,4.315919876098633
1996-03-28,4.329239845275879
1996-03-29,4.342556953430176
1996-04-01,4.462445259094238
1996-04-02,4.449126243591309
1996-04-03,4.449126243591309
1996-04-04,4.47576904296875
1996-04-08,4.595652580261231
1996-04-09,4.5024094581604
1996-04-10,4.395843982696533
1996-04-11,4.421567440032959
1996-04-12,4.448365688323975
1996-04-15,4.421567440032959
1996-04-16,4.394771099090576
1996-04-17,4.367970943450928
1996-04-18,4.394771099090576
1996-04-19,4.461764812469482
1996-04-22,4.434967517852783
1996-04-23,4.475163459777832
1996-04-24,4.341177940368652
1996-04-25,4.394771099090576
1996-04-26,4.3545756340026855
1996-04-29,4.408168792724609
1996-04-30,4.3545756340026855
1996-05-01,4.367970943450928
1996-05-02,4.300978660583496
1996-05-03,4.220588684082031
1996-05-06,4.24738359451294
1996-05-07,4.233988285064697
1996-05-08,4.220588684082031
1996-05-09,4.260784149169922
1996-05-10,4.300978660583496
1996-05-13,4.381371974945068
1996-05-14,4.341177940368652
1996-05-15,4.394771099090576
1996-05-16,4.381371974945068
1996-05-17,4.421567440032959
1996-05-20,4.448365688323975
1996-05-21,4.434967517852783
1996-05-22,4.488560676574707
1996-05-23,4.434967517852783
1996-05-24,4.582353591918945
1996-05-28,4.542157173156738
1996-05-29,4.515360832214356
1996-05-30,4.595752239227295
1996-05-31,4.62254810333252
1996-06-03,4.568954944610596
1996-06-04,4.582353591918945
1996-06-05,4.702942371368408
1996-06-06,4.67614221572876
1996-06-07,4.67614221572876
1996-06-10,4.6493449211120605
1996-06-11,4.635946750640869
1996-06-12,4.582353591918945
1996-06-13,4.6493449211120605
1996-06-14,4.595752239227295
1996-06-17,4.609149932861328
1996-06-18,4.635946750640869
1996-06-19,4.62254810333252
1996-06-20,4.582353591918945
1996-06-21,4.62254810333252
1996-06-24,4.635946750640869
1996-06-25,4.662746429443359
1996-06-26,4.6493449211120605
1996-06-27,4.689543724060059
1996-06-28,4.662746429443359
1996-07-01,4.6493449211120605
1996-07-02,4.6493449211120605
1996-07-03,4.67614221572876
1996-07-05,4.582353591918945
1996-07-08,4.515360832214356
1996-07-09,4.461764812469482
1996-07-10,4.555554389953613
1996-07-11,4.6892266273498535
1996-07-12,4.770074367523193
1996-07-15,4.6892266273498535
1996-07-16,4.6757493019104
1996-07-17,4.621851921081543
1996-07-18,4.8643951416015625
1996-07-19,4.783547401428223
1996-07-22,4.783547401428223
1996-07-23,4.702698707580566
1996-07-24,4.716175079345703
1996-07-25,4.756599426269531
1996-07-26,4.810498237609863
1996-07-29,4.7431230545043945
1996-07-30,4.770074367523193
1996-07-31,4.729650974273682
1996-08-01,4.797024726867676
1996-08-02,4.877870559692383
1996-08-05,4.904819011688232
1996-08-06,4.945245742797852
1996-08-07,4.877870559692383
1996-08-08,4.945245742797852
1996-08-09,5.012621402740479
1996-08-12,4.999147891998291
1996-08-13,4.958723068237305
1996-08-14,4.945245742797852
1996-08-15,4.985671520233154
1996-08-16,5.093469142913818
1996-08-19,5.120419025421143
1996-08-20,5.120419025421143
1996-08-21,5.0665202140808105
1996-08-22,5.13389253616333
1996-08-23,5.039568901062012
1996-08-26,5.012621402740479
1996-08-27,4.999147891998291
1996-08-28,4.931770324707031
1996-08-29,4.877870559692383
1996-08-30,4.850925445556641
1996-09-03,4.904819011688232
1996-09-04,4.945245742797852
1996-09-05,4.985671520233154
1996-09-06,5.012621402740479
1996-09-09,5.0665202140808105
1996-09-10,5.0665202140808105
1996-09-11,5.039568901062012
1996-09-12,5.079992294311523
1996-09-13,5.147368907928467
1996-09-16,5.187789916992188
1996-09-17,5.160841464996338
1996-09-18,5.120419025421143
1996-09-19,5.2147417068481445
1996-09-20,5.13389253616333
1996-09-23,5.13389253616333
1996-09-24,5.174320220947266
1996-09-25,5.2147417068481445
1996-09-26,5.255165100097656
1996-09-27,5.309065818786621
1996-09-30,5.309065818786621
1996-10-01,5.3225417137146
1996-10-02,5.309065818786621
1996-10-03,5.336014270782471
1996-10-04,5.430337429046631
1996-10-07,5.430337429046631
1996-10-08,5.4572858810424805
1996-10-09,5.3225417137146
1996-10-10,5.294373989105225
1996-10-11,5.45686149597168
1996-10-14,5.60581111907959
1996-10-15,5.551646709442139
1996-10-16,5.5381059646606445
1996-10-17,5.64642858505249
1996-10-18,5.727674961090088
1996-10-21,5.63289213180542
1996-10-22,5.511022567749023
1996-10-23,5.497485160827637
1996-10-24,5.524567127227783
1996-10-25,5.416239261627197
1996-10-28,5.389157772064209
1996-10-29,5.48394250869751
1996-10-30,5.416239261627197
1996-10-31,5.497485160827637
1996-11-01,5.416239261627197
1996-11-04,5.44332218170166
1996-11-05,5.524567127227783
1996-11-06,5.700591564178467
1996-11-07,5.714133739471436
1996-11-08,5.781838893890381
1996-11-11,5.7682976722717285
1996-11-12,5.687050819396973
1996-11-13,5.687050819396973
1996-11-14,5.795377731323242
1996-11-15,5.795377731323242
1996-11-18,5.7682976722717285
1996-11-19,5.822457790374756
1996-11-20,5.835997581481934
1996-11-21,5.930782794952393
1996-11-22,6.039108753204346
1996-11-25,6.147434234619141
1996-11-26,6.079730033874512
1996-11-27,6.039108753204346
1996-11-29,6.025566577911377
1996-12-02,5.9849467277526855
1996-12-03,5.849539756774902
1996-12-04,5.7682976722717285
1996-12-05,5.727674961090088
1996-12-06,5.714133739471436
1996-12-09,5.835997581481934
1996-12-10,5.835997581481934
1996-12-11,5.659974098205566
1996-12-12,5.5381059646606445
1996-12-13,5.565187454223633
1996-12-16,5.45686149597168
1996-12-17,5.497485160827637
1996-12-18,5.48394250869751
1996-12-19,5.673510551452637
1996-12-20,5.714133739471436
1996-12-23,5.687050819396973
1996-12-24,5.714133739471436
1996-12-26,5.727674961090088
1996-12-27,5.727674961090088
1996-12-30,5.659974098205566
1996-12-31,5.497485160827637
1997-01-02,5.45686149597168
1997-01-03,5.578728199005127
1997-01-06,5.511022567749023
1997-01-07,5.63289213180542
1997-01-08,5.551646709442139
1997-01-09,5.60581111907959
1997-01-10,5.714133739471436
1997-01-13,5.699443817138672
1997-01-14,5.808260917663574
1997-01-15,5.794655799865723
1997-01-16,6.025900840759277
1997-01-17,5.998697757720947
1997-01-20,6.01230001449585
1997-01-21,5.998697757720947
1997-01-22,6.12112283706665
1997-01-23,5.903480052947998
1997-01-24,5.930687427520752
1997-01-27,5.835467338562012
1997-01-28,5.835467338562012
1997-01-29,5.781058311462402
1997-01-30,5.903480052947998
1997-01-31,5.930687427520752
1997-02-03,5.903480052947998
1997-02-04,5.957888126373291
1997-02-05,5.889877796173096
1997-02-06,5.944289207458496
1997-02-07,6.039505958557129
1997-02-10,6.080310344696045
1997-02-11,6.093915939331055
1997-02-12,6.189132213592529
1997-02-13,6.365967273712158
1997-02-14,6.338758945465088
1997-02-18,6.4883880615234375
1997-02-19,6.406773567199707
1997-02-20,6.311556816101074
1997-02-21,6.28640604019165
1997-02-24,6.354739665985107
1997-02-25,6.39573860168457
1997-02-26,6.3274102210998535
1997-02-27,6.28640604019165
1997-02-28,6.149748802185059
1997-03-03,6.231744289398193
1997-03-04,6.108748912811279
1997-03-05,6.436738967895508
1997-03-06,6.28640604019165
1997-03-07,6.450403213500977
1997-03-10,6.573395252227783
1997-03-11,6.464069843292236
1997-03-12,6.464069843292236
1997-03-13,6.39573860168457
1997-03-14,6.3274102210998535
1997-03-17,6.546067237854004
1997-03-18,6.505068778991699
1997-03-19,6.423071384429932
1997-03-20,6.354739665985107
1997-03-21,6.313739776611328
1997-03-24,6.505068778991699
1997-03-25,6.450403213500977
1997-03-26,6.47773551940918
1997-03-27,6.341075897216797
1997-03-31,6.136081695556641
1997-04-01,6.081418991088867
1997-04-02,6.108748912811279
1997-04-03,6.108748912811279
1997-04-04,6.245412349700928
1997-04-07,6.163416385650635
1997-04-08,6.177079677581787
1997-04-09,6.067749977111816
1997-04-10,6.190746307373047
1997-04-11,5.904580593109131
1997-04-14,6.041895389556885
1997-04-15,6.2066755294799805
1997-04-16,6.398919105529785
1997-04-17,6.42638111114502
1997-04-18,6.371453762054443
1997-04-21,6.4538421630859375
1997-04-22,6.618624687194824
1997-04-23,6.577427864074707
1997-04-24,6.522504806518555
1997-04-25,6.4675774574279785
1997-04-28,6.495038986206055
1997-04-29,6.659821033477783
1997-04-30,6.701013565063477
1997-05-01,6.701013565063477
1997-05-02,6.797134876251221
1997-05-05,6.948180675506592
1997-05-06,6.948180675506592
1997-05-07,6.879523754119873
1997-05-08,6.86579179763794
1997-05-09,6.893257141113281
1997-05-12,7.003106117248535
1997-05-13,7.0443034172058105
1997-05-14,7.12669563293457
1997-05-15,7.373858451843262
1997-05-16,7.27773904800415
1997-05-19,7.264008522033691
1997-05-20,7.140425682067871
1997-05-21,6.961911201477051
1997-05-22,6.961911201477051
1997-05-23,7.03057336807251
1997-05-27,7.03057336807251
1997-05-28,6.934447765350342
1997-05-29,6.920717239379883
1997-05-30,6.920717239379883
1997-06-02,6.879523754119873
1997-06-03,6.948180675506592
1997-06-04,6.906985282897949
1997-06-05,6.879523754119873
1997-06-06,7.03057336807251
1997-06-09,7.140425682067871
1997-06-10,7.099228858947754
1997-06-11,7.209082126617432
1997-06-12,7.305201053619385
1997-06-13,7.2914719581604
1997-06-16,7.264008522033691
1997-06-17,7.18161678314209
1997-06-18,7.112963199615479
1997-06-19,7.332667350769043
1997-06-20,7.332667350769043
1997-06-23,7.12669563293457
1997-06-24,7.469980716705322
1997-06-25,7.366996765136719
1997-06-26,7.236542701721191
1997-06-27,7.442514896392822
1997-06-30,7.332667350769043
1997-07-01,7.229678153991699
1997-07-02,7.305201053619385
1997-07-03,7.524908065795898
1997-07-07,7.366996765136719
1997-07-08,7.435654640197754
1997-07-09,7.298332691192627
1997-07-10,7.250275135040283
1997-07-11,7.080134868621826
1997-07-14,7.087028503417969
1997-07-15,7.155969142913818
1997-07-16,7.135284900665283
1997-07-17,6.921572685241699
1997-07-18,6.845735549926758
1997-07-21,6.825052261352539
1997-07-22,6.962935924530029
1997-07-23,7.073238849639893
1997-07-24,7.011192321777344
1997-07-25,7.018085479736328
1997-07-28,6.962935924530029
1997-07-29,7.073238849639893
1997-07-30,7.169749736785889
1997-07-31,7.218010425567627
1997-08-01,7.045663356781006
1997-08-04,6.976723670959473
1997-08-05,6.997403621673584
1997-08-06,6.976723670959473
1997-08-07,7.031872749328613
1997-08-08,7.052554607391357
1997-08-11,7.073238849639893
1997-08-12,7.052554607391357
1997-08-13,6.928463459014893
1997-08-14,7.018085479736328
1997-08-15,6.687173366546631
1997-08-18,6.887096881866455
1997-08-19,6.804370403289795
1997-08-20,6.838844299316406
1997-08-21,6.735430717468262
1997-08-22,6.694068431854248
1997-08-25,6.563084125518799
1997-08-26,6.61134147644043
1997-08-27,6.645809650421143
1997-08-28,6.635470867156982
1997-08-29,6.61134147644043
1997-09-02,6.859522819519043
1997-09-03,6.914676666259766
1997-09-04,6.900891780853272
1997-09-05,6.825052261352539
1997-09-08,6.707854747772217
1997-09-09,6.694068431854248
1997-09-10,6.576871871948242
1997-09-11,6.563084125518799
1997-09-12,6.838844299316406
1997-09-15,6.818163871765137
1997-09-16,6.997403621673584
1997-09-17,6.962935924530029
1997-09-18,7.031872749328613
1997-09-19,7.107710361480713
1997-09-22,7.149074554443359
1997-09-23,7.100815773010254
1997-09-24,6.962935924530029
1997-09-25,6.928463459014893
1997-09-26,7.011192321777344
1997-09-29,7.107710361480713
1997-09-30,7.052554607391357
1997-10-01,7.066344738006592
1997-10-02,7.11460542678833
1997-10-03,7.093921184539795
1997-10-06,7.169749736785889
1997-10-07,7.266268730163574
1997-10-08,7.2318010330200195
1997-10-09,7.162857532501221
1997-10-10,7.1027703285217285
1997-10-13,7.109694957733154
1997-10-14,7.178922653198242
1997-10-15,7.04046630859375
1997-10-16,7.04046630859375
1997-10-17,7.075080394744873
1997-10-20,7.04046630859375
1997-10-21,7.054308891296387
1997-10-22,7.033543586730957
1997-10-23,6.839704036712647
1997-10-24,6.812014579772949
1997-10-27,6.452026844024658
1997-10-28,6.784320831298828
1997-10-29,6.742788314819336
1997-10-30,6.6666340827941895
1997-10-31,6.791245460510254
1997-11-03,6.895090103149414
1997-11-04,6.992007255554199
1997-11-05,7.061232089996338
1997-11-06,6.922779083251953
1997-11-07,6.915852069854736
1997-11-10,6.943546772003174
1997-11-11,6.929703712463379
1997-11-12,6.9504714012146
1997-11-13,7.04046630859375
1997-11-14,7.137386798858643
1997-11-17,7.178922653198242
1997-11-18,7.1166181564331055
1997-11-19,7.2066121101379395
1997-11-20,7.248147487640381
1997-11-21,7.296607494354248
1997-11-24,7.2066121101379395
1997-11-25,7.303531169891357
1997-11-26,7.296607494354248
1997-11-28,7.213536739349365
1997-12-01,7.448910713195801
1997-12-02,7.448910713195801
1997-12-03,7.5596747398376465
1997-12-04,7.483521461486816
1997-12-05,7.531980514526367
1997-12-08,7.448910713195801
1997-12-09,7.594288349151611
1997-12-10,7.504289627075195
1997-12-11,7.400445938110352
1997-12-12,7.379681587219238
1997-12-15,7.490447044372559
1997-12-16,7.601211547851562
1997-12-17,7.4627580642700195
1997-12-18,7.227381706237793
1997-12-19,7.1581549644470215
1997-12-22,7.3173747062683105
1997-12-23,7.185846328735352
1997-12-24,7.144309520721436
1997-12-26,7.227381706237793
1997-12-29,7.296607494354248
1997-12-30,7.414295196533203
1997-12-31,7.255074977874756
1998-01-02,7.469675540924072
1998-01-05,7.511212825775146
1998-01-06,7.386602878570557
1998-01-07,7.435065269470215
1998-01-08,7.531980514526367
1998-01-09,7.448910713195801
1998-01-12,7.70505428314209
1998-01-13,7.762874126434326
1998-01-14,7.783723831176758
1998-01-15,7.721177577972412
1998-01-16,7.790669441223144
1998-01-20,7.943566799163818
1998-01-21,7.860170841217041
1998-01-22,7.811522006988525
1998-01-23,7.769826889038086
1998-01-26,7.693377494812012
1998-01-27,7.881021976470947
1998-01-28,7.887968063354492
1998-01-29,7.992214679718018
1998-01-30,7.87407112121582
1998-02-02,7.915767669677734
1998-02-03,7.83237361907959
1998-02-04,7.825424671173096
1998-02-05,7.853219032287598
1998-02-06,7.985262393951416
1998-02-09,7.971364498138428
1998-02-10,8.179862022399902
1998-02-11,8.138163566589355
1998-02-12,8.21461009979248
1998-02-13,8.235457420349121
1998-02-17,8.367506980895996
1998-02-18,8.32580852508545
1998-02-19,8.20070743560791
1998-02-20,8.256305694580078
1998-02-23,8.332754135131836
1998-02-24,8.318854331970215
1998-02-25,8.311904907226562
1998-02-26,8.284109115600586
1998-02-27,8.318854331970215
1998-03-02,8.360552787780762
1998-03-03,8.34665298461914
1998-03-04,8.256305694580078
1998-03-05,8.311904907226562
1998-03-06,8.436999320983887
1998-03-09,8.409201622009277
1998-03-10,8.548195838928223
1998-03-11,8.63159465789795
1998-03-12,8.680242538452148
1998-03-13,8.65939712524414
1998-03-16,8.666342735290527
1998-03-17,8.687187194824219
1998-03-18,8.589895248413086
1998-03-19,8.562093734741211
1998-03-20,8.645495414733887
1998-03-23,8.5829439163208
1998-03-24,8.534293174743652
1998-03-25,8.291054725646973
1998-03-26,8.381401062011719
1998-03-27,8.353605270385742
1998-03-30,8.242402076721191
1998-03-31,8.374452590942383
1998-04-01,8.450899124145508
1998-04-02,8.603797912597656
1998-04-03,8.694144248962402
1998-04-06,8.5829439163208
1998-04-07,8.541248321533203
1998-04-08,8.416155815124512
1998-04-09,8.492596626281738
1998-04-13,8.365619659423828
1998-04-14,8.393523216247559
1998-04-15,8.260957717895508
1998-04-16,8.037686347961426
1998-04-17,8.358637809753418
1998-04-20,8.15629768371582
1998-04-21,8.114437103271484
1998-04-22,8.065591812133789
1998-04-23,8.051644325256348
1998-04-24,8.016754150390625
1998-04-27,7.967917442321777
1998-04-28,7.835347652435303
1998-04-29,7.884190082550049
1998-04-30,8.163278579711914
1998-05-01,8.135369300842285
1998-05-04,8.093506813049316
1998-05-05,7.995824813842773
1998-05-06,7.891168117523193
1998-05-07,7.960941314697266
1998-05-08,8.107462882995605
1998-05-11,8.079551696777344
1998-05-12,8.184211730957031
1998-05-13,8.191186904907227
1998-05-14,8.093506813049316
1998-05-15,8.309794425964355
1998-05-18,8.407480239868164
1998-05-19,8.37956428527832
1998-05-20,8.533069610595703
1998-05-21,8.400501251220703
1998-05-22,8.41445255279541
1998-05-26,8.358637809753418
1998-05-27,8.316773414611816
1998-05-28,8.358637809753418
1998-05-29,8.281889915466309
1998-06-01,8.177230834960938
1998-06-02,8.163278579711914
1998-06-03,8.121413230895996
1998-06-04,8.14932632446289
1998-06-05,8.372591018676758
1998-06-08,8.302820205688477
1998-06-09,8.302820205688477
1998-06-10,8.372591018676758
1998-06-11,8.316773414611816
1998-06-12,8.567952156066895
1998-06-15,8.609816551208496
1998-06-16,8.707494735717773
1998-06-17,8.916808128356934
1998-06-18,9.126121520996094
1998-06-19,8.930764198303223
1998-06-22,8.958671569824219
1998-06-23,9.098212242126465
1998-06-24,9.279622077941896
1998-06-25,9.293580055236816
1998-06-26,9.433116912841797
1998-06-29,9.447080612182615
1998-06-30,9.154033660888672
1998-07-01,9.251718521118164
1998-07-02,9.321484565734863
1998-07-06,9.544757843017578
1998-07-07,9.488935470581056
1998-07-08,9.558711051940918
1998-07-09,9.586614608764648
1998-07-10,9.795936584472656
1998-07-13,9.983564376831056
1998-07-14,10.0955810546875
1998-07-15,9.85754108428955
1998-07-16,9.983564376831056
1998-07-17,10.053571701049805
1998-07-20,10.011566162109377
1998-07-21,9.717522621154783
1998-07-22,9.997564315795898
1998-07-23,9.745519638061523
1998-07-24,9.773526191711426
1998-07-27,9.759531021118164
1998-07-28,9.549495697021484
1998-07-29,9.59150218963623
1998-07-30,9.64750862121582
1998-07-31,9.32546043395996
1998-08-03,9.493480682373049
1998-08-04,9.101422309875488
1998-08-05,9.101422309875488
1998-08-06,9.073423385620115
1998-08-07,9.05941390991211
1998-08-10,9.05941390991211
1998-08-11,9.143427848815918
1998-08-12,9.269450187683104
1998-08-13,9.269450187683104
1998-08-14,9.129425048828123
1998-08-17,9.465478897094728
1998-08-18,9.549495697021484
1998-08-19,9.619502067565918
1998-08-20,9.63350772857666
1998-08-21,9.717522621154783
1998-08-24,9.689515113830566
1998-08-25,9.689515113830566
1998-08-26,9.85754108428955
1998-08-27,9.521488189697266
1998-08-28,9.283454895019531
1998-08-31,8.625350952148438
1998-09-01,8.849387168884277
1998-09-02,8.723368644714355
1998-09-03,8.989401817321777
1998-09-04,8.877386093139648
1998-09-08,9.311457633972168
1998-09-09,9.101422309875488
1998-09-10,9.129425048828123
1998-09-11,9.199443817138672
1998-09-14,9.59150218963623
1998-09-15,9.843536376953123
1998-09-16,9.66150951385498
1998-09-17,9.535489082336426
1998-09-18,9.605504035949709
1998-09-21,9.85754108428955
1998-09-22,9.829543113708496
1998-09-23,10.207592964172363
1998-09-24,9.941554069519045
1998-09-25,9.913549423217772
1998-09-28,9.997564315795898
1998-09-29,9.997564315795898
1998-09-30,9.731524467468262
1998-10-01,9.465478897094728
1998-10-02,9.423468589782717
1998-10-05,9.675514221191406
1998-10-06,9.619502067565918
1998-10-07,9.36746311187744
1998-10-08,9.073423385620115
1998-10-09,9.395469665527344
1998-10-12,9.619502067565918
1998-10-13,9.77968406677246
1998-10-14,9.849942207336426
1998-10-15,9.962362289428713
1998-10-16,10.0747652053833
1998-10-19,10.0747652053833
1998-10-20,10.102869987487791
1998-10-21,10.08881664276123
1998-10-22,10.327689170837402
1998-10-23,10.524404525756836
1998-10-26,10.243377685546877
1998-10-27,10.102869987487791
1998-10-28,10.341737747192385
1998-10-29,10.608715057373049
1998-10-30,10.566554069519045
1998-11-02,10.580617904663086
1998-11-03,10.524404525756836
1998-11-04,10.257433891296388
1998-11-05,10.468195915222168
1998-11-06,10.63681697845459
1998-11-09,10.468195915222168
1998-11-10,10.678972244262695
1998-11-11,10.327689170837402
1998-11-12,10.285536766052246
1998-11-13,10.327689170837402
1998-11-16,10.875691413879396
1998-11-17,10.608715057373049
1998-11-18,10.63681697845459
1998-11-19,10.960000038146973
1998-11-20,11.058353424072266
1998-11-23,11.17077350616455
1998-11-24,10.988096237182615
1998-11-25,10.974047660827637
1998-11-27,11.08645725250244
1998-11-30,10.791380882263184
1998-12-01,10.763283729553224
1998-12-02,10.988096237182615
1998-12-03,10.763283729553224
1998-12-04,11.184816360473633
1998-12-07,11.184816360473633
1998-12-08,11.156713485717772
1998-12-09,11.100516319274902
1998-12-10,10.81948184967041
1998-12-11,10.988096237182615
1998-12-14,10.735174179077148
1998-12-15,10.566554069519045
1998-12-16,10.369844436645508
1998-12-17,10.7211275100708
1998-12-18,10.580617904663086
1998-12-21,10.411996841430664
1998-12-22,10.63681697845459
1998-12-23,10.875691413879396
1998-12-24,10.763283729553224
1998-12-28,10.552505493164062
1998-12-29,11.002151489257812
1998-12-30,10.931894302368164
1998-12-31,11.016202926635742
1999-01-04,10.960000038146973
1999-01-05,10.974047660827637
1999-01-06,10.88973903656006
1999-01-07,10.749222755432127
1999-01-08,10.70706844329834
1999-01-11,10.566554069519045
1999-01-12,10.468195915222168
1999-01-13,10.840354919433594
1999-01-14,10.69938850402832
1999-01-15,10.741673469543455
1999-01-19,10.459739685058594
1999-01-20,10.572518348693848
1999-01-21,10.149616241455078
1999-01-22,9.980456352233888
1999-01-25,9.79720401763916
1999-01-26,10.276482582092283
1999-01-27,10.31877899169922
1999-01-28,10.38221263885498
1999-01-29,10.47384262084961
1999-02-01,10.332870483398438
1999-02-02,10.40335750579834
1999-02-03,10.516127586364746
1999-02-04,10.290582656860352
1999-02-05,10.332870483398438
1999-02-08,10.177807807922363
1999-02-09,9.994556427001951
1999-02-10,10.149616241455078
1999-02-11,10.346964836120604
1999-02-12,10.149616241455078
1999-02-16,10.586609840393066
1999-02-17,10.149616241455078
1999-02-18,10.37515926361084
1999-02-19,10.37515926361084
1999-02-22,10.657097816467283
1999-02-23,10.643001556396484
1999-02-24,10.31877899169922
1999-02-25,10.431551933288574
1999-02-26,10.44564437866211
1999-03-01,10.361066818237305
1999-03-02,10.346964836120604
1999-03-03,10.600708961486816
1999-03-04,10.924933433532717
1999-03-05,11.15048122406006
1999-03-08,11.263250350952148
1999-03-09,11.206873893737791
1999-03-10,11.206873893737791
1999-03-11,11.418322563171388
1999-03-12,11.235062599182127
1999-03-15,11.432413101196287
1999-03-16,11.46060848236084
1999-03-17,11.122288703918455
1999-03-18,11.164581298828123
1999-03-19,10.826258659362791
1999-03-22,10.95312786102295
1999-03-23,10.431551933288574
1999-03-24,10.643001556396484
1999-03-25,10.657097816467283
1999-03-26,10.558419227600098
1999-03-29,10.81216526031494
1999-03-30,10.798068046569824
1999-03-31,10.558419227600098
1999-04-01,10.727585792541504
1999-04-05,10.882644653320312
1999-04-06,10.882644653320312
1999-04-07,10.939027786254885
1999-04-08,11.601569175720217
1999-04-09,11.48880100250244
1999-04-12,11.841222763061523
1999-04-13,11.96453857421875
1999-04-14,11.653409004211426
1999-04-15,11.299839973449709
1999-04-16,11.101851463317873
1999-04-19,10.762434005737305
1999-04-20,11.511981964111328
1999-04-21,11.865549087524414
1999-04-22,11.83725357055664
1999-04-23,11.978683471679688
1999-04-26,11.808974266052246
1999-04-27,11.709978103637695
1999-04-28,11.55440902709961
1999-04-29,11.455416679382324
1999-04-30,10.946282386779783
1999-05-03,10.932141304016112
1999-05-04,10.677577018737791
1999-05-05,10.861432075500488
1999-05-06,10.691720962524414
1999-05-07,10.606863021850586
1999-05-10,10.53614330291748
1999-05-11,10.762434005737305
1999-05-12,11.257418632507324
1999-05-13,11.299839973449709
1999-05-14,11.04527759552002
1999-05-17,11.144275665283203
1999-05-18,10.804855346679688
1999-05-19,10.9887113571167
1999-05-20,10.776569366455078
1999-05-21,10.663434028625488
1999-05-24,10.19672966003418
1999-05-25,10.083592414855955
1999-05-26,10.069449424743652
1999-05-27,9.95630931854248
1999-05-28,10.225015640258787
1999-06-01,10.154300689697266
1999-06-02,10.267444610595703
1999-06-03,9.95630931854248
1999-06-04,10.18258571624756
1999-06-07,10.16844654083252
1999-06-08,10.154300689697266
1999-06-09,10.111876487731934
1999-06-10,9.871448516845703
1999-06-11,9.772459983825684
1999-06-14,9.772459983825684
1999-06-15,9.786601066589355
1999-06-16,9.95630931854248
1999-06-17,10.097732543945312
1999-06-18,10.111876487731934
1999-06-21,9.998739242553713
1999-06-22,9.843165397644045
1999-06-23,9.913877487182615
1999-06-24,9.843165397644045
1999-06-25,9.899742126464844
1999-06-28,9.970453262329102
1999-06-29,10.069449424743652
1999-06-30,10.267444610595703
1999-07-01,10.281586647033691
1999-07-02,10.267444610595703
1999-07-06,10.069449424743652
1999-07-07,9.857314109802246
1999-07-08,9.701743125915527
1999-07-09,9.546171188354492
1999-07-12,9.47546672821045
1999-07-13,9.42888641357422
1999-07-14,9.485689163208008
1999-07-15,9.514082908630373
1999-07-16,9.528287887573242
1999-07-19,9.485689163208008
1999-07-20,9.599289894104004
1999-07-21,9.82648754119873
1999-07-22,9.783890724182127
1999-07-23,9.741292953491213
1999-07-26,9.798089981079102
1999-07-27,9.840691566467283
1999-07-28,9.88328742980957
1999-07-29,9.85488986968994
1999-07-30,9.755491256713867
1999-08-02,9.840691566467283
1999-08-03,9.755491256713867
1999-08-04,9.613486289978027
1999-08-05,9.485689163208008
1999-08-06,9.42888641357422
1999-08-09,9.499885559082031
1999-08-10,9.471487045288086
1999-08-11,9.485689163208008
1999-08-12,9.372092247009276
1999-08-13,9.28688621520996
1999-08-16,9.471487045288086
1999-08-17,9.585091590881348
1999-08-18,9.514082908630373
1999-08-19,9.599289894104004
1999-08-20,9.769691467285156
1999-08-23,9.911688804626465
1999-08-24,10.039494514465332
1999-08-25,10.337693214416504
1999-08-26,10.039494514465332
1999-08-27,9.85488986968994
1999-08-30,9.96849250793457
1999-08-31,9.85488986968994
1999-09-01,9.996892929077148
1999-09-02,9.96849250793457
1999-09-03,10.167299270629885
1999-09-07,10.209894180297852
1999-09-08,10.22410011291504
1999-09-09,10.252495765686035
1999-09-10,10.366093635559082
1999-09-13,10.266691207885742
1999-09-14,9.96849250793457
1999-09-15,9.911688804626465
1999-09-16,9.769691467285156
1999-09-17,9.840691566467283
1999-09-20,9.94009017944336
1999-09-21,9.769691467285156
1999-09-22,9.599289894104004
1999-09-23,9.201683044433594
1999-09-24,9.05967903137207
1999-09-27,9.244287490844728
1999-09-28,9.08808422088623
1999-09-29,8.520079612731934
1999-09-30,8.335476875305176
1999-10-01,8.406474113464355
1999-10-04,8.548476219177246
1999-10-05,8.236075401306152
1999-10-06,8.26447582244873
1999-10-07,8.605278015136719
1999-10-08,9.27268409729004
1999-10-11,9.414687156677246
1999-10-12,9.187482833862305
1999-10-13,8.826985359191895
1999-10-14,8.755694389343262
1999-10-15,8.570310592651367
1999-10-18,8.49901008605957
1999-10-19,8.841254234313965
1999-10-20,8.884027481079102
1999-10-21,8.855508804321289
1999-10-22,8.912548065185547
1999-10-25,8.898290634155273
1999-10-26,8.584563255310059
1999-10-27,8.613088607788086
1999-10-28,9.083670616149902
1999-10-29,9.21201229095459
1999-11-01,9.19775390625
1999-11-02,8.67012882232666
1999-11-03,8.399185180664062
1999-11-04,8.641610145568848
1999-11-05,8.769953727722168
1999-11-08,8.869769096374512
1999-11-09,8.441965103149414
1999-11-10,8.441965103149414
1999-11-11,8.327887535095215
1999-11-12,8.313629150390625
1999-11-15,8.356410026550293
1999-11-16,8.655867576599121
1999-11-17,8.51326847076416
1999-11-18,8.67012882232666
1999-11-19,8.556051254272461
1999-11-22,8.869769096374512
1999-11-23,8.655867576599121
1999-11-24,8.784209251403809
1999-11-26,8.67012882232666
1999-11-29,8.869769096374512
1999-11-30,8.67012882232666
1999-12-01,8.541787147521973
1999-12-02,8.573873519897461
1999-12-03,8.541787147521973
1999-12-06,8.29936408996582
1999-12-07,8.171029090881348
1999-12-08,8.110422134399414
1999-12-09,8.028427124023438
1999-12-10,7.957125663757324
1999-12-13,7.743222713470459
1999-12-14,7.600618362426758
1999-12-15,8.028427124023438
1999-12-16,9.012375831604004
1999-12-17,8.49901008605957
1999-12-20,8.545352935791016
1999-12-21,8.59882926940918
1999-12-22,8.556051254272461
1999-12-23,8.456230163574219
1999-12-27,8.484750747680664
1999-12-28,8.456230163574219
1999-12-29,8.29936408996582
1999-12-30,8.370665550231934
1999-12-31,8.285107612609863
2000-01-03,7.985647201538086
2000-01-04,7.757482528686523
2000-01-05,7.743222713470459
2000-01-06,8.014163970947266
2000-01-07,8.099724769592285
2000-01-10,8.04268741607666
2000-01-11,7.928604125976562
2000-01-12,7.809946060180664
2000-01-13,7.738302707672119
2000-01-14,7.910264492034912
2000-01-18,7.738302707672119
2000-01-19,7.5806708335876465
2000-01-20,7.351383209228516
2000-01-21,7.150761127471924
2000-01-24,6.8784894943237305
2000-01-25,6.792510032653809
2000-01-26,6.806838035583496
2000-01-27,7.064777851104736
2000-01-28,7.308398246765137
2000-01-31,7.466029167175293
2000-02-01,7.537681102752685
2000-02-02,7.5806708335876465
2000-02-03,7.623659610748291
2000-02-04,7.895934104919434
2000-02-07,7.752630233764648
2000-02-08,7.824282646179199
2000-02-09,8.268516540527344
2000-02-10,8.05356216430664
2000-02-11,7.795621871948242
2000-02-14,8.039234161376953
2000-02-15,8.05356216430664
2000-02-16,7.953251361846924
2000-02-17,7.852942943572998
2000-02-18,7.48035717010498
2000-02-22,7.652318000793457
2000-02-23,7.365715980529785
2000-02-24,7.2797346115112305
2000-02-25,7.351383209228516
2000-02-28,7.59499979019165
2000-02-29,7.566340923309326
2000-03-01,7.752630233764648
2000-03-02,7.680980682373047
2000-03-03,7.437366008758545
2000-03-06,7.165095329284668
2000-03-07,6.792510032653809
2000-03-08,7.107773303985596
2000-03-09,7.165095329284668
2000-03-10,7.093440532684326
2000-03-13,7.00745964050293
2000-03-14,7.1364336013793945
2000-03-15,7.451696395874023
2000-03-16,7.910264492034912
2000-03-17,7.680980682373047
2000-03-20,7.766961097717285
2000-03-21,7.723968982696533
2000-03-22,7.867270946502685
2000-03-23,7.752630233764648
2000-03-24,7.709636211395264
2000-03-27,7.623659610748291
2000-03-28,7.766961097717285
2000-03-29,7.996241569519043
2000-03-30,8.139544486999512
2000-03-31,8.067893981933594
2000-04-03,8.483469009399414
2000-04-04,9.042348861694336
2000-04-05,8.512133598327637
2000-04-06,8.669761657714844
2000-04-07,8.397489547729492
2000-04-10,8.497800827026367
2000-04-11,8.727082252502441
2000-04-12,9.130913734436035
2000-04-13,9.030099868774414
2000-04-14,8.48282527923584
2000-04-17,8.684456825256348
2000-04-18,8.79966926574707
2000-04-19,8.842876434326172
2000-04-20,9.044507026672363
2000-04-24,9.231735229492188
2000-04-25,9.159717559814451
2000-04-26,8.986894607543945
2000-04-27,8.986894607543945
2000-04-28,8.857278823852539
2000-05-01,8.770865440368652
2000-05-02,8.79966926574707
2000-05-03,8.67004680633545
2000-05-04,8.583636283874512
2000-05-05,8.74206256866455
2000-05-08,8.943692207336426
2000-05-09,8.986894607543945
2000-05-10,8.88608169555664
2000-05-11,8.713260650634766
2000-05-12,8.526029586791992
2000-05-15,8.972489356994629
2000-05-16,8.900485038757324
2000-05-17,8.88608169555664
2000-05-18,9.346953392028809
2000-05-19,9.577378273010254
2000-05-22,9.851021766662598
2000-05-23,9.851021766662598
2000-05-24,10.016645431518556
2000-05-25,9.851021766662598
2000-05-26,9.606183052062988
2000-05-30,9.476563453674316
2000-05-31,9.375750541687012
2000-06-01,9.41895866394043
2000-06-02,9.015698432922363
2000-06-05,9.159717559814451
2000-06-06,9.260538101196287
2000-06-07,9.260538101196287
2000-06-08,9.36134910583496
2000-06-09,9.40455436706543
2000-06-12,9.289336204528809
2000-06-13,9.462165832519531
2000-06-14,9.678192138671877
2000-06-15,9.879825592041016
2000-06-16,9.779006958007812
2000-06-19,9.807814598083496
2000-06-20,9.634991645812988
2000-06-21,9.577378273010254
2000-06-22,9.40455436706543
2000-06-23,9.31814193725586
2000-06-26,9.462165832519531
2000-06-27,9.577378273010254
2000-06-28,9.800615310668944
2000-06-29,9.649386405944824
2000-06-30,10.26867389678955
2000-07-03,10.21107578277588
2000-07-05,10.26867389678955
2000-07-06,10.095852851867676
2000-07-07,9.98064422607422
2000-07-10,9.908628463745115
2000-07-11,9.908628463745115
2000-07-12,10.256393432617188
2000-07-13,10.097267150878906
2000-07-14,9.836878776550291
2000-07-17,9.836878776550291
2000-07-18,9.706684112548828
2000-07-19,9.518620491027832
2000-07-20,9.518620491027832
2000-07-21,9.345032691955566
2000-07-24,9.431832313537598
2000-07-25,9.200372695922852
2000-07-26,9.229300498962402
2000-07-27,9.258234024047852
2000-07-28,9.605419158935549
2000-07-31,9.605419158935549
2000-08-01,9.764555931091309
2000-08-02,9.894742012023926
2000-08-03,9.938143730163574
2000-08-04,9.721150398254396
2000-08-07,9.359496116638184
2000-08-08,9.3016357421875
2000-08-09,9.156978607177734
2000-08-10,9.388432502746582
2000-08-11,9.475226402282717
2000-08-14,9.3016357421875
2000-08-15,9.3016357421875
2000-08-16,9.44629192352295
2000-08-17,9.475226402282717
2000-08-18,9.3016357421875
2000-08-21,9.67774772644043
2000-08-22,9.735617637634276
2000-08-23,9.634352684020996
2000-08-24,9.475226402282717
2000-08-25,9.692211151123049
2000-08-28,10.01046657562256
2000-08-29,9.851346015930176
2000-08-30,9.967073440551758
2000-08-31,10.129812240600586
2000-09-01,10.01046657562256
2000-09-05,9.880270957946776
2000-09-06,9.807943344116213
2000-09-07,9.996005058288574
2000-09-08,10.212993621826172
2000-09-11,10.40104866027832
2000-09-12,10.38658046722412
2000-09-13,10.24192237854004
2000-09-14,10.18406105041504
2000-09-15,11.109885215759276
2000-09-18,10.24192237854004
2000-09-19,10.068334579467772
2000-09-20,10.169597625732422
2000-09-21,10.64697551727295
2000-09-22,11.225614547729492
2000-09-25,11.109885215759276
2000-09-26,10.76269817352295
2000-09-27,10.82056999206543
2000-09-28,10.806100845336914
2000-09-29,11.008625984191896
2000-10-02,11.095420837402344
2000-10-03,11.167753219604492
2000-10-04,10.96522045135498
2000-10-05,11.02308464050293
2000-10-06,11.095420837402344
2000-10-09,11.037551879882812
2000-10-10,11.355805397033691
2000-10-11,11.632309913635254
2000-10-12,11.559700012207031
2000-10-13,11.675870895385742
2000-10-16,11.719444274902344
2000-10-17,11.966320037841797
2000-10-18,11.850137710571287
2000-10-19,11.327342987060549
2000-10-20,11.341861724853516
2000-10-23,11.458040237426758
2000-10-24,11.443520545959473
2000-10-25,11.951802253723145
2000-10-26,11.864664077758787
2000-10-27,12.009893417358398
2000-10-30,12.547216415405272
2000-10-31,12.271291732788086
2000-11-01,12.285810470581056
2000-11-02,12.431036949157717
2000-11-03,12.256763458251951
2000-11-06,12.2277250289917
2000-11-07,12.15511417388916
2000-11-08,12.198674201965332
2000-11-09,12.169633865356444
2000-11-10,12.213196754455566
2000-11-13,11.90823459625244
2000-11-14,11.821093559265137
2000-11-15,12.37294864654541
2000-11-16,12.285810470581056
2000-11-17,12.111539840698242
2000-11-20,12.242241859436035
2000-11-21,12.51817226409912
2000-11-22,12.44555950164795
2000-11-24,12.329374313354492
2000-11-27,12.314859390258787
2000-11-28,12.721481323242188
2000-11-29,12.953831672668455
2000-11-30,12.794090270996094
2000-12-01,12.285810470581056
2000-12-04,12.561737060546877
2000-12-05,12.489124298095703
2000-12-06,11.893712043762209
2000-12-07,11.864664077758787
2000-12-08,11.54517650604248
2000-12-11,11.632309913635254
2000-12-12,11.66135311126709
2000-12-13,12.038936614990234
2000-12-14,11.182120323181152
2000-12-15,10.877150535583496
2000-12-18,11.516136169433594
2000-12-19,11.690399169921877
2000-12-20,11.341861724853516
2000-12-21,11.182120323181152
2000-12-22,11.007848739624023
2000-12-26,11.196640968322754
2000-12-27,11.28377628326416
2000-12-28,11.269256591796877
2000-12-29,11.254731178283691
2001-01-02,11.182120323181152
2001-01-03,10.935243606567385
2001-01-04,9.933208465576172
2001-01-05,9.991296768188477
2001-01-08,9.889643669128418
2001-01-09,10.107476234436035
2001-01-10,9.933028221130373
2001-01-11,9.8163423538208
2001-01-12,10.16640567779541
2001-01-16,10.501882553100586
2001-01-17,10.326845169067385
2001-01-18,10.516464233398438
2001-01-19,10.283089637756348
2001-01-22,10.312262535095217
2001-01-23,10.268506050109863
2001-01-24,10.09347152709961
2001-01-25,10.647738456726074
2001-01-26,10.779013633728027
2001-01-29,10.60689926147461
2001-01-30,10.513551712036133
2001-01-31,10.46920680999756
2001-02-01,10.735254287719728
2001-02-02,10.620898246765137
2001-02-05,10.812268257141112
2001-02-06,11.008310317993164
2001-02-07,11.099324226379396
2001-02-08,11.269685745239258
2001-02-09,11.295360565185549
2001-02-12,11.552067756652832
2001-02-13,11.122662544250488
2001-02-14,11.064311981201172
2001-02-15,11.190338134765623
2001-02-16,11.31869411468506
2001-02-20,11.358368873596191
2001-02-21,11.66875457763672
2001-02-22,11.657082557678224
2001-02-23,11.412043571472168
2001-02-26,11.482057571411133
2001-02-27,11.346698760986328
2001-02-28,11.4330472946167
2001-03-01,11.629085540771484
2001-03-02,11.594073295593262
2001-03-05,11.428380012512209
2001-03-06,11.206672668457031
2001-03-07,10.998968124389648
2001-03-08,11.31869411468506
2001-03-09,11.145999908447266
2001-03-12,11.01297092437744
2001-03-13,11.173995971679688
2001-03-14,10.8006010055542
2001-03-15,10.8006010055542
2001-03-16,10.501882553100586
2001-03-19,10.443537712097168
2001-03-20,10.105137825012209
2001-03-21,10.268506050109863
2001-03-22,10.147154808044434
2001-03-23,10.147154808044434
2001-03-26,10.326845169067385
2001-03-27,10.450539588928224
2001-03-28,10.62556266784668
2001-03-29,10.851938247680664
2001-03-30,11.01297092437744
2001-04-02,10.828607559204102
2001-04-03,10.483209609985352
2001-04-04,10.602234840393066
2001-04-05,10.991972923278809
2001-04-06,11.033973693847656
2001-04-09,11.300018310546877
2001-04-10,11.300021171569824
2001-04-11,11.014065742492676
2001-04-12,10.704665184020996
2001-04-16,10.908588409423828
2001-04-17,11.039850234985352
2001-04-18,10.99062156677246
2001-04-19,10.716385841369627
2001-04-20,10.568721771240234
2001-04-23,10.43980312347412
2001-04-24,10.414021492004396
2001-04-25,10.667162895202637
2001-04-26,10.514810562133787
2001-04-27,10.777325630187988
2001-04-30,10.871085166931152
2001-05-01,10.735137939453123
2001-05-02,10.634350776672363
2001-05-03,10.737481117248535
2001-05-04,10.92031192779541
2001-05-07,11.016404151916504
2001-05-08,11.1804838180542
2001-05-09,11.33518409729004
2001-05-10,11.274240493774414
2001-05-11,11.546131134033203
2001-05-14,11.684428215026855
2001-05-15,12.071172714233398
2001-05-16,12.610271453857422
2001-05-17,12.58682918548584
2001-05-18,12.427451133728027
2001-05-21,12.48369598388672
2001-05-22,12.411039352416992
2001-05-23,12.399320602416992
2001-05-24,12.174304962158203
2001-05-25,12.04773235321045
2001-05-29,12.03601360321045
2001-05-30,12.066485404968262
2001-05-31,12.183675765991213
2001-06-01,12.09929656982422
2001-06-04,12.150859832763672
2001-06-05,12.387598037719728
2001-06-06,12.118048667907717
2001-06-07,12.106330871582031
2001-06-08,12.075860023498535
2001-06-11,11.810995101928713
2001-06-12,11.888348579406738
2001-06-13,11.902406692504885
2001-06-14,11.836787223815918
2001-06-15,11.850844383239746
2001-06-18,11.977418899536133
2001-06-19,12.019606590270996
2001-06-20,12.246963500976562
2001-06-21,12.422762870788574
2001-06-22,12.193048477172852
2001-06-25,12.155553817749023
2001-06-26,12.064142227172852
2001-06-27,11.719582557678224
2001-06-28,11.86256504058838
2001-06-29,11.250800132751465
2001-07-02,11.571914672851562
2001-07-03,11.54847812652588
2001-07-05,11.4711275100708
2001-07-06,11.089068412780762
2001-07-09,11.227357864379885
2001-07-10,11.344561576843262
2001-07-11,11.813027381896973
2001-07-12,11.535236358642578
2001-07-13,11.676491737365724
2001-07-16,11.71179485321045
2001-07-17,11.8059663772583
2001-07-18,12.135554313659668
2001-07-19,12.147318840026855
2001-07-20,12.307395935058594
2001-07-23,12.10258960723877
2001-07-24,12.07198429107666
2001-07-25,12.123774528503418
2001-07-26,12.206171989440918
2001-07-27,12.13319206237793
2001-07-30,12.309754371643066
2001-07-31,12.615789413452148
2001-08-01,12.500441551208496
2001-08-02,12.241475105285645
2001-08-03,12.302692413330078
2001-08-06,12.173211097717283
2001-08-07,12.380380630493164
2001-08-08,12.210877418518066
2001-08-09,12.140254020690918
2001-08-10,12.307395935058594
2001-08-13,12.37096118927002
2001-08-14,12.309754371643066
2001-08-15,12.512207984924316
2001-08-16,12.469834327697754
2001-08-17,12.309754371643066
2001-08-20,12.474536895751951
2001-08-21,12.415685653686523
2001-08-22,12.465123176574709
2001-08-23,12.309754371643066
2001-08-24,12.359188079833984
2001-08-27,12.255607604980469
2001-08-28,12.100234031677246
2001-08-29,12.00606632232666
2001-08-30,11.845987319946287
2001-08-31,11.700030326843262
2001-09-04,11.911907196044922
2001-09-05,12.154379844665527
2001-09-06,11.761238098144531
2001-09-07,11.511701583862305
2001-09-10,11.66001796722412
2001-09-17,11.895421981811523
2001-09-18,11.867173194885254
2001-09-19,11.676491737365724
2001-09-20,11.415185928344728
2001-09-21,11.076187133789062
2001-09-24,11.12326717376709
2001-09-25,11.40576457977295
2001-09-26,11.747109413146973
2001-09-27,12.003711700439451
2001-09-28,12.206171989440918
2001-10-01,12.42745876312256
2001-10-02,12.57106113433838
2001-10-03,12.112006187438965
2001-10-04,12.161441802978516
2001-10-05,12.23676872253418
2001-10-08,12.187341690063477
2001-10-09,12.01313304901123
2001-10-10,12.394498825073242
2001-10-11,12.058871269226074
2001-10-12,12.269231796264648
2001-10-15,12.526864051818848
2001-10-16,12.640313148498535
2001-10-17,12.57886028289795
2001-10-18,12.42286205291748
2001-10-19,12.538683891296388
2001-10-22,12.900306701660156
2001-10-23,12.730128288269045
2001-10-24,12.819939613342283
2001-10-25,12.893213272094728
2001-10-26,12.83412265777588
2001-10-29,12.770309448242188
2001-10-30,12.71121311187744
2001-10-31,12.522133827209473
2001-11-01,12.744306564331056
2001-11-02,12.869577407836914
2001-11-05,12.715943336486816
2001-11-06,12.822301864624023
2001-11-07,12.697036743164062
2001-11-08,12.652129173278809
2001-11-09,12.57412815093994
2001-11-12,12.671038627624512
2001-11-13,12.55522346496582
2001-11-14,12.333047866821287
2001-11-15,12.503223419189451
2001-11-16,12.29759407043457
2001-11-19,12.3212308883667
2001-11-20,12.51267910003662
2001-11-21,12.70412540435791
2001-11-23,12.751399993896484
2001-11-26,12.775033950805664
2001-11-27,12.71121311187744
2001-11-28,12.784489631652832
2001-11-29,12.893213272094728
2001-11-30,12.999574661254885
2001-12-03,13.108296394348145
2001-12-04,13.02084732055664
2001-12-05,13.03738498687744
2001-12-06,12.98066520690918
2001-12-07,13.03266429901123
2001-12-10,13.117752075195312
2001-12-11,12.796307563781738
2001-12-12,12.536316871643066
2001-12-13,12.571767807006836
2001-12-14,12.857758522033691
2001-12-17,12.763218879699709
2001-12-18,12.72775936126709
2001-12-19,12.95702838897705
2001-12-20,13.141387939453123
2001-12-21,13.375380516052246
2001-12-24,13.344653129577637
2001-12-26,13.417924880981444
2001-12-27,13.354105949401855
2001-12-28,13.34938144683838
2001-12-31,13.176834106445312
2002-01-02,13.198112487792969
2002-01-03,13.209927558898926
2002-01-04,13.186291694641112
2002-01-07,13.094109535217283
2002-01-08,13.009025573730469
2002-01-09,12.938114166259766
2002-01-10,13.056297302246094
2002-01-11,13.25796604156494
2002-01-14,13.26033878326416
2002-01-15,13.231874465942385
2002-01-16,13.405067443847656
2002-01-17,13.618597030639648
2002-01-18,13.6209716796875
2002-01-22,13.637577056884766
2002-01-23,13.616230010986328
2002-01-24,13.604364395141602
2002-01-25,13.580628395080566
2002-01-28,13.488106727600098
2002-01-29,13.33863353729248
2002-01-30,13.4003267288208
2002-01-31,13.68977165222168
2002-02-01,13.628091812133787
2002-02-04,13.431164741516112
2002-02-05,13.523688316345217
2002-02-06,13.267457962036133
2002-02-07,13.18679141998291
2002-02-08,13.117984771728516
2002-02-11,13.2105131149292
2002-02-12,13.317280769348145
2002-02-13,13.279322624206545
2002-02-14,13.350502014160156
2002-02-15,13.604364395141602
2002-02-19,13.426424980163574
2002-02-20,13.661304473876951
2002-02-21,13.559279441833496
2002-02-22,13.66842269897461
2002-02-25,13.469120979309082
2002-02-26,13.402694702148438
2002-02-27,13.37896728515625
2002-02-28,13.4169282913208
2002-03-01,13.6399507522583
2002-03-04,13.611480712890623
2002-03-05,13.05392360687256
2002-03-06,13.291179656982422
2002-03-07,12.89496612548828
2002-03-08,12.83327579498291
2002-03-11,12.97087860107422
2002-03-12,13.094255447387695
2002-03-13,13.167799949645996
2002-03-14,13.01121997833252
2002-03-15,12.814297676086426
2002-03-18,12.695667266845703
2002-03-19,12.664814949035645
2002-03-20,12.289955139160156
2002-03-21,12.422815322875977
2002-03-22,12.740744590759276
2002-03-25,12.434679985046388
2002-03-26,12.536701202392578
2002-03-27,12.316051483154297
2002-03-28,12.479763984680176
2002-04-01,12.63160228729248
2002-04-02,12.688549995422363
2002-04-03,12.562799453735352
2002-04-04,12.527207374572754
2002-04-05,12.316051483154297
2002-04-08,12.325541496276855
2002-04-09,12.493996620178224
2002-04-10,12.94953155517578
2002-04-11,12.82442855834961
2002-04-12,12.793457984924316
2002-04-15,12.807751655578612
2002-04-16,12.94595718383789
2002-04-17,12.986462593078612
2002-04-18,13.026968955993652
2002-04-19,13.046042442321776
2002-04-22,12.960253715515137
2002-04-23,13.00553035736084
2002-04-24,12.786307334899902
2002-04-25,12.721968650817873
2002-04-26,12.895915985107422
2002-04-29,12.662393569946287
2002-04-30,12.855406761169434
2002-05-01,13.105607986450195
2002-05-02,12.867321968078612
2002-05-03,12.731502532958984
2002-05-06,12.433640480041504
2002-05-07,12.314504623413086
2002-05-08,12.486069679260254
2002-05-09,12.42650032043457
2002-05-10,12.212041854858398
2002-05-13,12.157238006591797
2002-05-14,12.328801155090332
2002-05-15,11.175508499145508
2002-05-16,10.901480674743652
2002-05-17,11.342310905456545
2002-05-20,11.20172119140625
2002-05-21,11.11116886138916
2002-05-22,11.342310905456545
2002-05-23,11.378055572509766
2002-05-24,11.175508499145508
2002-05-28,11.14453411102295
2002-05-29,11.223169326782228
2002-05-30,11.137381553649902
2002-05-31,11.318474769592283
2002-06-03,10.82284927368164
2002-06-04,10.644134521484377
2002-06-05,10.734683990478516
2002-06-06,10.663201332092283
2002-06-07,10.808544158935549
2002-06-10,10.882417678833008
2002-06-11,9.126264572143556
2002-06-12,8.82126522064209
2002-06-13,8.566298484802246
2002-06-14,8.756924629211426
2002-06-17,8.999978065490723
2002-06-18,9.233489990234377
2002-06-19,8.971380233764648
2002-06-20,8.976147651672363
2002-06-21,8.6091947555542
2002-06-24,8.86892318725586
2002-06-25,9.08099365234375
2002-06-26,9.042866706848145
2002-06-27,9.328804969787598
2002-06-28,8.971380233764648
2002-07-01,8.887982368469238
2002-07-02,8.764076232910156
2002-07-03,8.84032917022705
2002-07-05,8.928492546081543
2002-07-08,8.816497802734375
2002-07-09,8.437627792358398
2002-07-10,8.077820777893066
2002-07-11,7.594323635101318
2002-07-12,7.954249858856201
2002-07-15,8.278176307678223
2002-07-16,8.062224388122559
2002-07-17,8.302170753479004
2002-07-18,7.935052394866943
2002-07-19,7.711898326873779
2002-07-22,7.678309440612793
2002-07-23,7.438363075256348
2002-07-24,8.026230812072754
2002-07-25,9.026810646057127
2002-07-26,9.27395725250244
2002-07-29,9.513909339904783
2002-07-30,9.693864822387695
2002-07-31,9.936206817626951
2002-08-01,9.576286315917969
2002-08-02,9.626676559448242
2002-08-05,9.08199977874756
2002-08-06,9.134783744812012
2002-08-07,9.564289093017578
2002-08-08,9.777846336364746
2002-08-09,9.677066802978516
2002-08-12,9.775444984436035
2002-08-13,9.482707977294922
2002-08-14,9.6002836227417
2002-08-15,9.669865608215332
2002-08-16,9.585885047912598
2002-08-19,9.59788703918457
2002-08-20,9.381930351257324
2002-08-21,9.703460693359377
2002-08-22,10.01539421081543
2002-08-23,9.725061416625977
2002-08-26,9.881019592285156
2002-08-27,9.780243873596191
2002-08-28,9.559494018554688
2002-08-29,9.710659980773926
2002-08-30,9.60507869720459
2002-09-03,9.185176849365234
2002-09-04,9.30994701385498
2002-09-05,9.070002555847168
2002-09-06,8.998014450073242
2002-09-09,9.101191520690918
2002-09-10,9.153980255126951
2002-09-11,9.264354705810549
2002-09-12,9.170774459838867
2002-09-13,9.026810646057127
2002-09-16,9.192376136779783
2002-09-17,9.259559631347656
2002-09-18,9.698664665222168
2002-09-19,9.621878623962402
2002-09-20,10.029794692993164
2002-09-23,10.00579833984375
2002-09-24,10.10177516937256
2002-09-25,10.509683609008787
2002-09-26,10.05378246307373
2002-09-27,9.68186378479004
2002-09-30,9.693864822387695
2002-10-01,10.077777862548828
2002-10-02,9.99379062652588
2002-10-03,10.17135524749756
2002-10-04,9.81143283843994
2002-10-07,9.489906311035156
2002-10-08,9.470715522766112
2002-10-09,9.669865608215332
2002-10-10,9.729000091552734
2002-10-11,10.013797760009766
2002-10-14,10.445823669433594
2002-10-15,10.650975227355955
2002-10-16,10.498921394348145
2002-10-17,10.667869567871094
2002-10-18,10.619598388671877
2002-10-21,10.53512477874756
2002-10-22,10.329975128173828
2002-10-23,10.416863441467283
2002-10-24,10.245501518249512
2002-10-25,10.39754867553711
2002-10-28,10.276874542236328
2002-10-29,10.105511665344238
2002-10-30,10.16344165802002
2002-10-31,10.105511665344238
2002-11-01,10.071730613708496
2002-11-04,10.15378761291504
2002-11-05,10.486857414245604
2002-11-06,10.993701934814451
2002-11-07,11.017834663391112
2002-11-08,11.075759887695312
2002-11-11,10.641324043273926
2002-11-12,10.484437942504885
2002-11-13,10.373416900634766
2002-11-14,10.609943389892578
2002-11-15,10.848891258239746
2002-11-18,10.749933242797852
2002-11-19,10.72579574584961
2002-11-20,10.909224510192873
2002-11-21,10.887506484985352
2002-11-22,10.571324348449709
2002-11-25,10.566498756408691
2002-11-26,10.465127944946287
2002-11-27,10.52305793762207
2002-11-29,10.566498756408691
2002-12-02,10.14896297454834
2002-12-03,10.18033504486084
2002-12-04,10.19722843170166
2002-12-05,10.01621150970459
2002-12-06,10.363761901855469
2002-12-09,10.052412033081056
2002-12-10,9.79416561126709
2002-12-11,9.902777671813965
2002-12-12,9.859329223632812
2002-12-13,9.770028114318848
2002-12-16,9.885883331298828
2002-12-17,9.897947311401367
2002-12-18,9.8400239944458
2002-12-19,9.748310089111328
2002-12-20,9.34041690826416
2002-12-23,9.202845573425291
2002-12-24,9.099063873291016
2002-12-26,8.845643043518066
2002-12-27,8.877018928527832
2002-12-30,8.954251289367676
2002-12-31,9.654184341430664
2003-01-02,9.666247367858888
2003-01-03,9.760374069213867
2003-01-06,9.823126792907717
2003-01-07,9.381449699401855
2003-01-08,9.617975234985352
2003-01-09,9.649351119995115
2003-01-10,9.60108470916748
2003-01-13,9.573163032531738
2003-01-14,9.48332691192627
2003-01-15,9.213833808898926
2003-01-16,9.517324447631836
2003-01-17,9.22597599029541
2003-01-21,9.325519561767578
2003-01-22,9.281811714172363
2003-01-23,9.293954849243164
2003-01-24,9.06816291809082
2003-01-27,8.97347354888916
2003-01-28,9.153139114379885
2003-01-29,9.269679069519045
2003-01-30,9.218690872192385
2003-01-31,9.255107879638672
2003-02-03,9.20169448852539
2003-02-04,9.031746864318848
2003-02-05,8.954049110412598
2003-02-06,8.958910942077637
2003-02-07,9.06816291809082
2003-02-10,8.968620300292969
2003-02-11,8.781671524047852
2003-02-12,8.597155570983887
2003-02-13,8.468474388122559
2003-02-14,8.694267272949219
2003-02-18,8.886067390441895
2003-02-19,8.691840171813965
2003-02-20,8.546163558959961
2003-02-21,8.517029762268066
2003-02-24,8.347077369689941
2003-02-25,8.424771308898926
2003-02-26,8.424771308898926
2003-02-27,8.626286506652832
2003-02-28,8.648136138916016
2003-03-03,8.504890441894531
2003-03-04,8.609293937683105
2003-03-05,8.725830078125
2003-03-06,8.55102252960205
2003-03-07,8.606861114501953
2003-03-10,8.378640174865723
2003-03-11,8.441770553588867
2003-03-12,8.48547077178955
2003-03-13,8.711262702941895
2003-03-14,8.543736457824707
2003-03-17,8.873927116394043
2003-03-18,9.077876091003418
2003-03-19,9.255107879638672
2003-03-20,9.160422325134276
2003-03-21,9.539173126220703
2003-03-24,9.31095027923584
2003-03-25,9.463908195495604
2003-03-26,9.432343482971191
2003-03-27,9.352221488952637
2003-03-28,9.27696132659912
2003-03-31,9.13128662109375
2003-04-01,9.446916580200195
2003-04-02,9.796526908874512
2003-04-03,9.561025619506836
2003-04-04,9.755253791809082
2003-04-07,9.752824783325195
2003-04-08,9.694557189941406
2003-04-09,9.762531280517578
2003-04-10,9.738256454467772
2003-04-11,9.556268692016602
2003-04-14,9.805434226989746
2003-04-15,9.66374969482422
2003-04-16,9.44878387451172
2003-04-17,9.683298110961914
2003-04-21,9.514739990234377
2003-04-22,9.697954177856444
2003-04-23,9.746810913085938
2003-04-24,9.75169277191162
2003-04-25,9.646653175354004
2003-04-28,9.812761306762695
2003-04-29,9.922694206237791
2003-04-30,9.925138473510742
2003-05-01,10.069258689880373
2003-05-02,10.335526466369627
2003-05-05,10.142550468444824
2003-05-06,10.357516288757324
2003-05-07,10.43079662322998
2003-05-08,10.46743869781494
2003-05-09,10.59690761566162
2003-05-12,10.557819366455078
2003-05-13,10.61889362335205
2003-05-14,10.528505325317385
2003-05-15,10.728822708129885
2003-05-16,10.5162935256958
2003-05-19,10.074148178100586
2003-05-20,10.015514373779297
2003-05-21,10.113236427307127
2003-05-22,10.247588157653809
2003-05-23,10.279340744018556
2003-05-27,10.489420890808104
2003-05-28,10.638436317443848
2003-05-29,10.704392433166504
2003-05-30,10.882713317871094
2003-06-02,10.7312650680542
2003-06-03,10.760575294494627
2003-06-04,10.909585952758787
2003-06-05,11.051265716552734
2003-06-06,11.04394245147705
2003-06-09,10.965770721435549
2003-06-10,11.1587553024292
2003-06-11,11.139214515686035
2003-06-12,11.170968055725098
2003-06-13,11.139214515686035
2003-06-16,11.290666580200195
2003-06-17,11.359066009521484
2003-06-18,11.236923217773438
2003-06-19,11.139214515686035
2003-06-20,11.14165496826172
2003-06-23,10.833857536315918
2003-06-24,10.853399276733398
2003-06-25,10.836301803588867
2003-06-26,10.9486665725708
2003-06-27,10.650650024414062
2003-06-30,10.689735412597656
2003-07-01,10.638436317443848
2003-07-02,10.792333602905272
2003-07-03,10.802101135253906
2003-07-07,10.987753868103027
2003-07-08,10.870500564575195
2003-07-09,10.67019271850586
2003-07-10,10.638436317443848
2003-07-11,10.81408405303955
2003-07-14,10.81899642944336
2003-07-15,10.60035800933838
2003-07-16,10.416109085083008
2003-07-17,10.330124855041504
2003-07-18,10.170445442199709
2003-07-21,10.145877838134766
2003-07-22,10.180267333984377
2003-07-23,10.02305507659912
2003-07-24,9.828972816467283
2003-07-25,9.883024215698242
2003-07-28,9.666834831237791
2003-07-29,9.558746337890623
2003-07-30,9.649641036987305
2003-07-31,9.6422758102417
2003-08-01,9.467848777770996
2003-08-04,9.458025932312012
2003-08-05,9.298344612121582
2003-08-06,9.482593536376951
2003-08-07,9.804407119750977
2003-08-08,9.801956176757812
2003-08-11,9.728254318237305
2003-08-12,9.720885276794434
2003-08-13,9.684041023254396
2003-08-14,9.728254318237305
2003-08-15,9.74790859222412
2003-08-18,9.774930000305176
2003-08-19,9.711057662963867
2003-08-20,9.580854415893556
2003-08-21,9.482593536376951
2003-08-22,9.575937271118164
2003-08-25,9.725793838500977
2003-08-26,9.814233779907228
2003-08-27,9.75282096862793
2003-08-28,9.782299995422363
2003-08-29,9.90021800994873
2003-09-02,10.10903263092041
2003-09-03,10.256430625915527
2003-09-04,10.12131118774414
2003-09-05,10.31784439086914
2003-09-08,10.514376640319824
2003-09-09,10.396456718444824
2003-09-10,10.632299423217772
2003-09-11,10.703532218933104
2003-09-12,10.823911666870115
2003-09-15,10.7452974319458
2003-09-16,10.791975021362305
2003-09-17,10.821453094482422
2003-09-18,10.836189270019531
2003-09-19,10.676512718200684
2003-09-22,10.492268562316896
2003-09-23,10.570878982543944
2003-09-24,10.3424072265625
2003-09-25,10.3424072265625
2003-09-26,10.396456718444824
2003-09-29,10.452961921691896
2003-09-30,10.452961921691896
2003-10-01,10.5094575881958
2003-10-02,10.60035800933838
2003-10-03,10.472613334655762
2003-10-06,10.499635696411133
2003-10-07,10.366973876953123
2003-10-08,10.305560111999512
2003-10-09,10.366973876953123
2003-10-10,10.326210975646973
2003-10-13,10.380569458007812
2003-10-14,10.402806282043455
2003-10-15,10.360797882080078
2003-10-16,10.439870834350586
2003-10-17,10.323729515075684
2003-10-20,10.439870834350586
2003-10-21,10.501646995544434
2003-10-22,10.135941505432127
2003-10-23,10.284198760986328
2003-10-24,10.318793296813965
2003-10-27,10.237252235412598
2003-10-28,10.489290237426758
2003-10-29,10.598016738891602
2003-10-30,10.610365867614746
2003-10-31,10.531295776367188
2003-11-03,10.575772285461426
2003-11-04,10.336089134216309
2003-11-05,10.454697608947754
2003-11-06,10.439870834350586
2003-11-07,10.257025718688965
2003-11-10,10.222426414489746
2003-11-11,10.296557426452637
2003-11-12,10.336089134216309
2003-11-13,10.837698936462402
2003-11-14,10.921710968017578
2003-11-17,10.911827087402344
2003-11-18,10.892060279846191
2003-11-19,10.961249351501465
2003-11-20,10.758625984191896
2003-11-21,10.79074764251709
2003-11-24,11.015607833862305
2003-11-25,10.98595142364502
2003-11-26,11.020550727844238
2003-11-28,10.921710968017578
2003-12-01,11.116923332214355
2003-12-02,11.183633804321287
2003-12-03,11.188578605651855
2003-12-04,11.205872535705566
2003-12-05,11.109506607055664
2003-12-08,11.195988655090332
2003-12-09,11.257762908935549
2003-12-10,11.208344459533691
2003-12-11,11.307178497314451
2003-12-12,11.324480056762695
2003-12-15,11.279998779296877
2003-12-16,11.34177303314209
2003-12-17,11.26764965057373
2003-12-18,11.50733470916748
2003-12-19,11.465326309204102
2003-12-22,11.4406156539917
2003-12-23,11.492504119873049
2003-12-24,11.578994750976562
2003-12-26,11.57404327392578
2003-12-29,11.65064811706543
2003-12-30,11.50733470916748
2003-12-31,11.514748573303224
2004-01-02,11.551813125610352
2004-01-05,11.551813125610352
2004-01-06,11.467796325683594
2004-01-07,11.58887767791748
2004-01-08,11.247881889343262
2004-01-09,11.102094650268556
2004-01-12,10.98101806640625
2004-01-13,11.039411544799805
2004-01-14,11.056796073913574
2004-01-15,11.168608665466309
2004-01-16,10.74621295928955
2004-01-20,10.753673553466797
2004-01-21,10.858020782470703
2004-01-22,10.703970909118652
2004-01-23,10.67664623260498
2004-01-26,10.902750015258787
2004-01-27,10.781001091003418
2004-01-28,10.882872581481934
2004-01-29,10.870450019836426
2004-01-30,10.703970909118652
2004-02-02,10.803361892700195
2004-02-03,10.994686126708984
2004-02-04,10.99716567993164
2004-02-05,11.074189186096191
2004-02-06,11.024496078491213
2004-02-09,11.022013664245604
2004-02-10,10.95741081237793
2004-02-11,11.081645011901855
2004-02-12,10.875411987304688
2004-02-13,11.00959014892578
2004-02-17,11.1810302734375
2004-02-18,11.079158782958984
2004-02-19,10.768573760986328
2004-02-20,10.778509140014648
2004-02-23,10.862993240356444
2004-02-24,10.820757865905762
2004-02-25,10.808327674865724
2004-02-26,10.696521759033203
2004-02-27,10.6343994140625
2004-03-01,10.783479690551758
2004-03-02,10.835660934448242
2004-03-03,10.915173530578612
2004-03-04,10.840632438659668
2004-03-05,10.82820987701416
2004-03-08,10.721364974975586
2004-03-09,10.535019874572754
2004-03-10,10.298970222473145
2004-03-11,10.316364288330078
2004-03-12,10.296483993530272
2004-03-15,10.11262035369873
2004-03-16,10.326303482055664
2004-03-17,10.09523105621338
2004-03-18,9.961054801940918
2004-03-19,9.990872383117676
2004-03-22,9.841792106628418
2004-03-23,9.948633193969728
2004-03-24,9.777193069458008
2004-03-25,9.891485214233398
2004-03-26,9.973477363586426
2004-03-29,10.080321311950684
2004-03-30,10.17721939086914
2004-03-31,10.212010383605955
2004-04-01,10.398362159729004
2004-04-02,10.527560234069824
2004-04-05,10.656770706176758
2004-04-06,10.731303215026855
2004-04-07,10.621981620788574
2004-04-08,10.515144348144531
2004-04-12,10.23685359954834
2004-04-13,10.064326286315918
2004-04-14,10.491907119750977
2004-04-15,10.994491577148438
2004-04-16,11.034494400024414
2004-04-19,11.052000999450684
2004-04-20,10.809463500976562
2004-04-21,10.781951904296877
2004-04-22,11.064505577087402
2004-04-23,10.97698974609375
2004-04-26,11.001989364624023
2004-04-27,11.107013702392578
2004-04-28,11.03950309753418
2004-04-29,11.10200309753418
2004-04-30,11.006993293762209
2004-05-03,12.14988613128662
2004-05-04,11.994861602783203
2004-05-05,12.04940414428711
2004-05-06,12.055148124694824
2004-05-07,11.914474487304688
2004-05-10,11.710627555847168
2004-05-11,11.750823974609377
2004-05-12,11.834081649780272
2004-05-13,11.770926475524902
2004-05-14,11.813989639282228
2004-05-17,11.793889999389648
2004-05-18,11.768056869506836
2004-05-19,11.722119331359863
2004-05-20,11.558472633361816
2004-05-21,11.469473838806152
2004-05-24,11.354637145996094
2004-05-25,11.661825180053713
2004-05-26,11.7824068069458
2004-05-27,11.928825378417969
2004-05-28,11.831212043762209
2004-06-01,11.773798942565918
2004-06-02,11.82834243774414
2004-06-03,11.813989639282228
2004-06-04,11.983378410339355
2004-06-07,12.14702320098877
2004-06-08,12.25898551940918
2004-06-09,12.221662521362305
2004-06-10,12.25898551940918
2004-06-14,12.227411270141602
2004-06-15,12.345109939575195
2004-06-16,12.299175262451172
2004-06-17,12.396790504455566
2004-06-18,12.345109939575195
2004-06-21,12.218791007995604
2004-06-22,12.063759803771973
2004-06-23,12.043664932250977
2004-06-24,12.032180786132812
2004-06-25,11.644598960876465
2004-06-28,11.707764625549316
2004-06-29,11.8570556640625
2004-06-30,11.702017784118652
2004-07-01,11.690533638000488
2004-07-02,11.65321445465088
2004-07-06,11.423542022705078
2004-07-07,11.36324691772461
2004-07-08,11.56421184539795
2004-07-09,11.455119132995604
2004-07-12,11.598668098449709
2004-07-13,11.639119148254396
2004-07-14,11.491751670837402
2004-07-15,11.491751670837402
2004-07-16,11.298151016235352
2004-07-19,11.306818962097168
2004-07-20,11.376171112060549
2004-07-21,11.199904441833496
2004-07-22,11.34727668762207
2004-07-23,11.16234302520752
2004-07-26,11.127667427062988
2004-07-27,11.324159622192385
2004-07-28,11.283703804016112
2004-07-29,11.312599182128906
2004-07-30,11.370386123657228
2004-08-02,11.344388008117676
2004-08-03,11.318382263183594
2004-08-04,11.306818962097168
2004-08-05,11.185461044311523
2004-08-06,11.179681777954102
2004-08-09,11.08432674407959
2004-08-10,11.283703804016112
2004-08-11,11.494643211364746
2004-08-12,11.451298713684082
2004-08-13,11.439740180969238
2004-08-16,11.558212280273438
2004-08-17,11.558212280273438
2004-08-18,11.728693962097168
2004-08-19,11.7633695602417
2004-08-20,11.850059509277344
2004-08-23,11.812496185302734
2004-08-24,11.84716796875
2004-08-25,11.977202415466309
2004-08-26,11.91073513031006
2004-08-27,11.994532585144045
2004-08-30,11.91073513031006
2004-08-31,12.046546936035156
2004-09-01,12.153462409973145
2004-09-02,12.309491157531738
2004-09-03,12.329721450805664
2004-09-07,12.1592378616333
2004-09-08,12.185245513916016
2004-09-09,12.136120796203612
2004-09-10,12.225701332092283
2004-09-13,12.410636901855469
2004-09-14,12.407737731933594
2004-09-15,12.283492088317873
2004-09-16,12.335504531860352
2004-09-17,12.40196132659912
2004-09-20,12.306612014770508
2004-09-21,12.436640739440918
2004-09-22,12.13901424407959
2004-09-23,12.243041038513184
2004-09-24,12.234370231628418
2004-09-27,12.260372161865234
2004-09-28,12.283492088317873
2004-09-29,12.225701332092283
2004-09-30,12.24014377593994
2004-10-01,12.19102954864502
2004-10-04,12.193915367126465
2004-10-05,12.217025756835938
2004-10-06,12.193915367126465
2004-10-07,11.942519187927246
2004-10-08,11.798047065734863
2004-10-11,11.896286964416504
2004-10-12,11.994532585144045
2004-10-13,11.96545696258545
2004-10-14,11.924750328063965
2004-10-15,12.026517868041992
2004-10-18,12.02361297607422
2004-10-19,12.032337188720703
2004-10-20,12.038151741027832
2004-10-21,11.950921058654783
2004-10-22,11.88113498687744
2004-10-25,11.817158699035645
2004-10-26,11.916022300720217
2004-10-27,12.33764934539795
2004-10-28,12.419066429138184
2004-10-29,12.395808219909668
2004-11-01,12.42779541015625
2004-11-02,12.302762985229492
2004-11-03,12.68076515197754
2004-11-04,12.925020217895508
2004-11-05,12.925020217895508
2004-11-08,13.073311805725098
2004-11-09,13.084951400756836
2004-11-10,13.0994873046875
2004-11-11,13.172174453735352
2004-11-12,12.846511840820312
2004-11-15,12.936650276184082
2004-11-16,12.849416732788086
2004-11-17,12.69239902496338
2004-11-18,12.61098289489746
2004-11-19,12.430697441101074
2004-11-22,12.465593338012695
2004-11-23,12.28530979156494
2004-11-24,12.326024055480955
2004-11-26,12.384172439575195
2004-11-29,12.33764934539795
2004-11-30,12.200984954833984
2004-12-01,12.576089859008787
2004-12-02,12.69820785522461
2004-12-03,12.628424644470217
2004-12-06,12.674954414367676
2004-12-07,12.66331958770752
2004-12-08,12.753462791442873
2004-12-09,12.785449028015137
2004-12-10,12.718565940856934
2004-12-13,12.76218318939209
2004-12-14,12.936650276184082
2004-12-15,12.89594268798828
2004-12-16,13.430973052978516
2004-12-17,13.66359043121338
2004-12-20,13.497851371765137
2004-12-21,13.40479564666748
2004-12-22,13.521109580993652
2004-12-23,13.497851371765137
2004-12-27,13.37862777709961
2004-12-28,13.480401039123535
2004-12-29,13.619975090026855
2004-12-30,13.64323616027832
2004-12-31,13.56472873687744
2005-01-03,13.570542335510254
2005-01-04,13.433880805969238
2005-01-05,13.279767990112305
2005-01-06,13.57927131652832
2005-01-07,13.811884880065918
2005-01-10,13.94564437866211
2005-01-11,13.689764976501465
2005-01-12,13.721924781799316
2005-01-13,13.458772659301758
2005-01-14,13.523097038269045
2005-01-18,13.46169090270996
2005-01-19,13.464614868164062
2005-01-20,13.376901626586914
2005-01-21,13.444156646728516
2005-01-24,13.429530143737791
2005-01-25,13.42368984222412
2005-01-26,13.417828559875488
2005-01-27,13.292104721069336
2005-01-28,13.236557006835938
2005-01-31,13.163455963134766
2005-02-01,13.318426132202148
2005-02-02,13.344738960266112
2005-02-03,13.350591659545898
2005-02-04,13.309654235839844
2005-02-07,13.330118179321287
2005-02-08,13.239483833312988
2005-02-09,13.204395294189451
2005-02-10,13.15175724029541
2005-02-11,13.508477210998535
2005-02-14,13.59327220916748
2005-02-15,13.704383850097656
2005-02-16,13.6926851272583
2005-02-17,13.613734245300291
2005-02-18,13.566951751708984
2005-02-22,13.286261558532717
2005-02-23,13.373981475830078
2005-02-24,13.555258750915527
2005-02-25,13.528940200805664
2005-02-28,13.447075843811035
2005-03-01,13.438302040100098
2005-03-02,13.467547416687012
2005-03-03,13.452925682067873
2005-03-04,13.569876670837402
2005-03-07,13.64004898071289
2005-03-08,13.596197128295898
2005-03-09,13.420763969421388
2005-03-10,13.5347900390625
2005-03-11,13.45000171661377
2005-03-14,13.485093116760254
2005-03-15,13.350591659545898
2005-03-16,13.28041934967041
2005-03-17,13.020180702209473
2005-03-18,13.00264835357666
2005-03-21,12.827204704284668
2005-03-22,12.795044898986816
2005-03-23,13.040650367736816
2005-03-24,13.140061378479004
2005-03-28,13.210240364074709
2005-03-29,13.376901626586914
2005-03-30,13.669291496276855
2005-03-31,13.631278038024902
2005-04-01,13.505555152893066
2005-04-04,13.502634048461914
2005-04-05,13.800868034362791
2005-04-06,13.920751571655272
2005-04-07,14.137118339538574
2005-04-08,13.99384880065918
2005-04-11,13.96168613433838
2005-04-12,14.00554656982422
2005-04-13,14.127580642700195
2005-04-14,14.201107025146484
2005-04-15,14.66574764251709
2005-04-18,14.40401840209961
2005-04-19,14.16582202911377
2005-04-20,13.909971237182615
2005-04-21,14.145224571228027
2005-04-22,13.989376068115234
2005-04-25,14.048187255859377
2005-04-26,14.09818172454834
2005-04-27,14.254036903381348
2005-04-28,14.142292022705078
2005-04-29,14.456958770751951
2005-05-02,14.521653175354004
2005-05-03,14.486360549926758
2005-05-04,14.618697166442873
2005-05-05,14.465776443481444
2005-05-06,14.415782928466797
2005-05-09,14.4304838180542
2005-05-10,14.365792274475098
2005-05-11,14.486360549926758
2005-05-12,14.445189476013184
2005-05-13,14.339323043823242
2005-05-16,14.548123359680176
2005-05-17,14.53048038482666
2005-05-18,14.512828826904297
2005-05-19,14.421670913696287
2005-05-20,14.374614715576172
2005-05-23,14.321684837341309
2005-05-24,14.312861442565918
2005-05-25,14.186405181884766
2005-05-26,14.18052101135254
2005-05-27,14.115826606750488
2005-05-31,14.186405181884766
2005-06-01,14.212868690490724
2005-06-02,14.19228172302246
2005-06-03,14.195228576660156
2005-06-06,14.248160362243652
2005-06-07,14.339323043823242
2005-06-08,14.309914588928224
2005-06-09,14.40401840209961
2005-06-10,14.380501747131348
2005-06-13,14.365792274475098
2005-06-14,14.415782928466797
2005-06-15,14.415782928466797
2005-06-16,14.433433532714844
2005-06-17,14.536356925964355
2005-06-20,14.524596214294434
2005-06-21,14.542240142822266
2005-06-22,14.621642112731934
2005-06-23,14.433433532714844
2005-06-24,14.415782928466797
2005-06-27,14.40696144104004
2005-06-28,14.55693531036377
2005-06-29,14.477540969848633
2005-06-30,14.412840843200684
2005-07-01,14.418731689453123
2005-07-05,14.395208358764648
2005-07-06,14.451075553894045
2005-07-07,14.401079177856444
2005-07-08,14.512828826904297
2005-07-11,14.601056098937988
2005-07-12,14.701043128967283
2005-07-13,14.090414047241213
2005-07-14,13.785828590393066
2005-07-15,13.859763145446776
2005-07-18,13.72373390197754
2005-07-19,13.7059907913208
2005-07-20,13.853840827941896
2005-07-21,13.738521575927734
2005-07-22,13.6143159866333
2005-07-25,13.451684951782228
2005-07-26,13.52560806274414
2005-07-27,13.676420211791992
2005-07-28,13.844970703125
2005-07-29,13.788790702819824
2005-08-01,13.904111862182615
2005-08-02,13.981000900268556
2005-08-03,13.995783805847168
2005-08-04,13.907065391540527
2005-08-05,13.747391700744627
2005-08-08,13.714866638183594
2005-08-09,13.779912948608398
2005-08-10,13.779912948608398
2005-08-11,13.833139419555664
2005-08-12,13.76217555999756
2005-08-15,13.815400123596191
2005-08-16,13.60840892791748
2005-08-17,13.629107475280762
2005-08-18,13.60840892791748
2005-08-19,13.552223205566406
2005-08-22,13.59066390991211
2005-08-23,13.513784408569336
2005-08-24,13.283129692077637
2005-08-25,13.33931827545166
2005-08-26,13.22695255279541
2005-08-29,13.345230102539062
2005-08-30,13.197376251220703
2005-08-31,13.345230102539062
2005-09-01,13.348186492919922
2005-09-02,13.2713041305542
2005-09-06,13.395493507385254
2005-09-07,13.50786304473877
2005-09-08,13.422112464904783
2005-09-09,13.47534465789795
2005-09-12,13.374797821044922
2005-09-13,13.206247329711914
2005-09-14,12.966723442077637
2005-09-15,12.92236614227295
2005-09-16,12.934198379516602
2005-09-19,12.807037353515623
2005-09-20,12.741991996765137
2005-09-21,12.744942665100098
2005-09-22,12.984466552734377
2005-09-23,13.076138496398926
2005-09-26,12.614832878112791
2005-09-27,12.635534286499023
2005-09-28,12.401923179626465
2005-09-29,12.446280479431152
2005-09-30,12.537952423095703
2005-10-03,12.561606407165527
2005-10-04,13.0140380859375
2005-10-05,12.798173904418944
2005-10-06,12.72128677368164
2005-10-07,12.626657485961914
2005-10-10,12.472893714904783
2005-10-11,12.543868064880373
2005-10-12,12.53046989440918
2005-10-13,12.67035675048828
2005-10-14,12.691191673278809
2005-10-17,12.664405822753906
2005-10-18,12.619763374328612
2005-10-19,13.081101417541504
2005-10-20,12.875724792480469
2005-10-21,12.723931312561035
2005-10-24,12.768579483032228
2005-10-25,12.881684303283691
2005-10-26,12.80132007598877
2005-10-27,12.631667137145996
2005-10-28,12.723931312561035
2005-10-31,12.813220977783203
2005-11-01,12.732860565185549
2005-11-02,12.691191673278809
2005-11-03,12.73583984375
2005-11-04,12.67035675048828
2005-11-07,12.664405822753906
2005-11-08,12.655477523803713
2005-11-09,12.709050178527832
2005-11-10,12.73881721496582
2005-11-11,13.015612602233888
2005-11-14,12.060208320617676
2005-11-15,12.342962265014648
2005-11-16,12.078069686889648
2005-11-17,12.161399841308594
2005-11-18,12.173309326171877
2005-11-21,12.015559196472168
2005-11-22,11.703042030334473
2005-11-23,11.604823112487791
2005-11-25,11.601847648620604
2005-11-28,11.592914581298828
2005-11-29,11.357786178588867
2005-11-30,11.223848342895508
2005-12-01,11.200039863586426
2005-12-02,11.47684383392334
2005-12-05,11.366717338562012
2005-12-06,11.27147102355957
2005-12-07,11.310165405273438
2005-12-08,11.396475791931152
2005-12-09,11.604823112487791
2005-12-12,11.65839672088623
2005-12-13,11.747686386108398
2005-12-14,11.747686386108398
2005-12-15,11.682209014892578
2005-12-16,11.956032752990724
2005-12-19,12.033416748046877
2005-12-20,11.905435562133787
2005-12-21,12.015559196472168
2005-12-22,12.125692367553713
2005-12-23,12.161399841308594
2005-12-27,12.02448558807373
2005-12-28,12.009611129760742
2005-12-29,11.84591293334961
2005-12-30,11.735784530639648
2006-01-03,11.771495819091797
2006-01-04,11.789353370666504
2006-01-05,11.941149711608888
2006-01-06,12.170332908630373
2006-01-09,12.622736930847168
2006-01-10,12.500709533691406
2006-01-11,12.412325859069824
2006-01-12,12.38536548614502
2006-01-13,12.340418815612791
2006-01-17,12.30446720123291
2006-01-18,12.349409103393556
2006-01-19,12.445281982421877
2006-01-20,12.088765144348145
2006-01-23,12.136699676513672
2006-01-24,12.00188159942627
2006-01-25,12.634032249450684
2006-01-26,12.978570938110352
2006-01-27,12.882694244384766
2006-01-30,12.86472225189209
2006-01-31,12.927632331848145
2006-02-01,12.912653923034668
2006-02-02,12.708929061889648
2006-02-03,12.729899406433104
2006-02-06,12.708929061889648
2006-02-07,12.61605167388916
2006-02-08,12.601072311401367
2006-02-09,12.628034591674805
2006-02-10,12.723907470703123
2006-02-13,12.831759452819824
2006-02-14,13.101397514343262
2006-02-15,13.227229118347168
2006-02-16,13.290141105651855
2006-02-17,13.28416347503662
2006-02-21,13.17929744720459
2006-02-22,13.152332305908203
2006-02-23,13.011521339416504
2006-02-24,13.167316436767578
2006-02-27,13.317113876342772
2006-02-28,13.236217498779297
2006-03-01,13.182292938232422
2006-03-02,13.014513969421388
2006-03-03,13.11638641357422
2006-03-06,13.086420059204102
2006-03-07,13.041479110717772
2006-03-08,13.02650260925293
2006-03-09,12.939621925354004
2006-03-10,13.158323287963867
2006-03-13,13.460911750793455
2006-03-14,13.529820442199709
2006-03-15,13.556790351867676
2006-03-16,13.481891632080078
2006-03-17,13.535811424255373
2006-03-20,13.257186889648438
2006-03-21,13.164312362670898
2006-03-22,13.21224880218506
2006-03-23,13.146342277526855
2006-03-24,13.14334487915039
2006-03-27,13.020512580871582
2006-03-28,12.870710372924805
2006-03-29,12.85873031616211
2006-03-30,12.774835586547852
2006-03-31,12.723907470703123
2006-04-03,12.85273265838623
2006-04-04,12.759862899780272
2006-04-05,12.780832290649414
2006-04-06,12.843750953674316
2006-04-07,12.610058784484863
2006-04-10,12.637022972106934
2006-04-11,12.505784034729004
2006-04-12,12.563104629516602
2006-04-13,12.52086353302002
2006-04-17,12.409236907958984
2006-04-18,12.575173377990724
2006-04-19,12.472591400146484
2006-04-20,12.644570350646973
2006-04-21,12.67172908782959
2006-04-24,12.412248611450195
2006-04-25,12.430355072021484
2006-04-26,12.403203010559082
2006-04-27,12.680768966674805
2006-04-28,12.894983291625977
2006-05-01,12.768267631530762
2006-05-02,12.7169771194458
2006-05-03,12.747147560119627
2006-05-04,12.831631660461426
2006-05-05,12.904041290283203
2006-05-08,12.813518524169922
2006-05-09,12.747147560119627
2006-05-10,12.608363151550291
2006-05-11,12.677751541137695
2006-05-12,12.496726989746094
2006-05-15,12.762234687805176
2006-05-16,12.870845794677734
2006-05-17,12.620434761047363
2006-05-18,12.659650802612305
2006-05-19,12.61740779876709
2006-05-22,12.596295356750488
2006-05-23,12.593280792236328
2006-05-24,12.7169771194458
2006-05-25,12.822572708129885
2006-05-26,12.87386703491211
2006-05-30,12.83464241027832
2006-05-31,12.882914543151855
2006-06-01,13.039798736572266
2006-06-02,13.012651443481444
2006-06-05,12.810507774353027
2006-06-06,12.741106986999512
2006-06-07,12.940245628356934
2006-06-08,13.024718284606934
2006-06-09,12.973426818847656
2006-06-12,12.888949394226074
2006-06-13,12.807488441467283
2006-06-14,12.882914543151855
2006-06-15,12.991527557373049
2006-06-16,12.907052040100098
2006-06-19,12.768267631530762
2006-06-20,12.7380952835083
2006-06-21,12.753186225891112
2006-06-22,12.683785438537598
2006-06-23,12.656635284423828
2006-06-26,12.680768966674805
2006-06-27,12.563104629516602
2006-06-28,12.72904109954834
2006-06-29,12.94326114654541
2006-06-30,13.15746784210205
2006-07-03,13.148418426513672
2006-07-05,13.15746784210205
2006-07-06,13.208759307861328
2006-07-07,13.214789390563965
2006-07-10,13.169535636901855
2006-07-11,13.444096565246582
2006-07-12,13.397015571594238
2006-07-13,13.360572814941406
2006-07-14,13.36664867401123
2006-07-17,13.509384155273438
2006-07-18,13.576207160949709
2006-07-19,14.0560884475708
2006-07-20,14.034825325012209
2006-07-21,14.226173400878906
2006-07-24,14.444841384887695
2006-07-25,14.602782249450684
2006-07-26,14.305129051208496
2006-07-27,14.341580390930176
2006-07-28,14.523821830749512
2006-07-31,14.508625030517578
2006-08-01,14.429654121398926
2006-08-02,14.320319175720217
2006-08-03,14.341580390930176
2006-08-04,14.347650527954102
2006-08-07,14.37802505493164
2006-08-08,14.478248596191406
2006-08-09,14.371955871582031
2006-08-10,14.493435859680176
2006-08-11,14.399286270141602
2006-08-14,14.56633472442627
2006-08-15,14.778940200805664
2006-08-16,14.967240333557127
2006-08-17,14.921682357788086
2006-08-18,14.882194519042969
2006-08-21,14.781970024108888
2006-08-22,14.863975524902344
2006-08-23,14.882194519042969
2006-08-24,14.82752799987793
2006-08-25,14.81842041015625
2006-08-28,14.87005615234375
2006-08-29,14.87005615234375
2006-08-30,14.63314723968506
2006-08-31,14.791088104248049
2006-09-01,14.690851211547852
2006-09-05,14.684784889221191
2006-09-06,14.55721950531006
2006-09-07,14.54810619354248
2006-09-08,14.85182762145996
2006-09-11,14.772856712341309
2006-09-12,14.821451187133787
2006-09-13,14.936864852905272
2006-09-14,14.927753448486328
2006-09-15,15.027979850769045
2006-09-18,14.845749855041504
2006-09-19,14.930791854858398
2006-09-20,14.745522499084473
2006-09-21,14.639225006103516
2006-09-22,14.54810619354248
2006-09-25,14.563294410705566
2006-09-26,14.599742889404297
2006-09-27,14.690851211547852
2006-09-28,14.678709983825684
2006-09-29,14.748558044433594
2006-10-02,14.651368141174316
2006-10-03,14.46002960205078
2006-10-04,14.31727695465088
2006-10-05,14.077342987060549
2006-10-06,14.028756141662598
2006-10-09,14.183646202087402
2006-10-10,14.138092041015623
2006-10-11,14.203801155090332
2006-10-12,14.197684288024902
2006-10-13,14.344402313232422
2006-10-16,14.417762756347656
2006-10-17,14.42387866973877
2006-10-18,14.62559986114502
2006-10-19,14.647006034851074
2006-10-20,14.909873962402344
2006-10-23,14.925148010253906
2006-10-24,14.708144187927246
2006-10-25,14.757041931152344
2006-10-26,14.637832641601562
2006-10-27,14.57059097290039
2006-10-30,14.393310546875
2006-10-31,14.521681785583496
2006-11-01,14.494180679321287
2006-11-02,14.5064058303833
2006-11-03,14.561420440673828
2006-11-06,14.509456634521484
2006-11-07,14.628671646118164
2006-11-08,14.451379776000977
2006-11-09,14.011245727539062
2006-11-10,14.050975799560549
2006-11-13,13.953167915344238
2006-11-14,14.115159034729004
2006-11-15,14.36273956298828
2006-11-16,14.515570640563965
2006-11-17,14.57059097290039
2006-11-20,14.59809684753418
2006-11-21,14.515570640563965
2006-11-22,14.533909797668455
2006-11-24,14.350523948669434
2006-11-27,14.179350852966309
2006-11-28,14.182405471801758
2006-11-29,14.295499801635742
2006-11-30,14.261879920959473
2006-12-01,14.234375953674316
2006-12-04,14.702020645141602
2006-12-05,14.760096549987791
2006-12-06,14.674514770507812
2006-12-07,14.683688163757324
2006-12-08,14.659235000610352
2006-12-11,14.616439819335938
2006-12-12,14.66840362548828
2006-12-13,14.659235000610352
2006-12-14,14.702020645141602
2006-12-15,14.81511116027832
2006-12-18,14.711191177368164
2006-12-19,14.750926971435549
2006-12-20,14.656177520751951
2006-12-21,14.671449661254885
2006-12-22,14.588924407958984
2006-12-26,14.74176025390625
2006-12-27,14.97711181640625
2006-12-28,14.955716133117676
2006-12-29,14.888479232788086
2007-01-03,14.967942237854004
2007-01-04,15.252202033996582
2007-01-05,15.252202033996582
2007-01-08,15.307220458984377
2007-01-09,15.441710472106934
2007-01-10,15.492433547973633
2007-01-11,15.480138778686523
2007-01-12,15.51088523864746
2007-01-16,15.560080528259276
2007-01-17,15.84908390045166
2007-01-18,16.23031234741211
2007-01-19,16.454757690429688
2007-01-22,16.393272399902344
2007-01-23,16.411712646484375
2007-01-24,16.463985443115234
2007-01-25,16.168832778930664
2007-01-26,16.156526565551758
2007-01-29,16.190353393554688
2007-01-30,16.353307723999023
2007-01-31,16.294883728027344
2007-02-01,16.254915237426758
2007-02-02,16.193429946899414
2007-02-05,16.141151428222656
2007-02-06,16.128860473632812
2007-02-07,16.12578773498535
2007-02-08,16.030475616455078
2007-02-09,16.070451736450195
2007-02-12,16.20879364013672
2007-02-13,16.20572280883789
2007-02-14,16.20265007019043
2007-02-15,16.233394622802734
2007-02-16,16.138093948364258
2007-02-20,16.165760040283203
2007-02-21,16.20572280883789
2007-02-22,16.48550033569336
2007-02-23,16.47627830505371
2007-02-26,16.74683380126953
2007-02-27,16.553144454956055
2007-02-28,16.79296112060547
2007-03-01,16.53470230102539
2007-03-02,16.297962188720703
2007-03-05,16.21802520751953
2007-03-06,16.254915237426758
2007-03-07,16.199575424194336
2007-03-08,16.41786766052246
2007-03-09,16.722244262695312
2007-03-12,16.71916389465332
2007-03-13,16.636154174804688
2007-03-14,16.531612396240234
2007-03-15,16.48857879638672
2007-03-16,16.25798988342285
2007-03-19,16.35023307800293
2007-03-20,16.749914169311523
2007-03-21,16.811399459838867
2007-03-22,16.75605583190918
2007-03-23,16.559288024902344
2007-03-26,17.598482131958008
2007-03-27,17.401704788208008
2007-03-28,17.1434383392334
2007-03-29,17.158823013305664
2007-03-30,17.155742645263672
2007-04-02,17.158823013305664
2007-04-03,17.4232234954834
2007-04-04,17.306392669677734
2007-04-05,17.53083610534668
2007-04-09,17.589248657226562
2007-04-10,17.54313850402832
2007-04-11,17.62506866455078
2007-04-12,17.751846313476562
2007-04-13,18.085792541503903
2007-04-16,18.20639991760254
2007-04-17,18.24349594116211
2007-04-18,17.943561553955078
2007-04-19,17.699283599853516
2007-04-20,17.887903213500977
2007-04-23,17.690004348754883
2007-04-24,17.677642822265625
2007-04-25,17.798236846923828
2007-04-26,17.597240447998047
2007-04-27,17.550861358642578
2007-04-30,17.507566452026367
2007-05-01,17.6281681060791
2007-05-02,17.683826446533203
2007-05-03,17.751846313476562
2007-05-04,18.02704620361328
2007-05-07,18.228036880493164
2007-05-08,18.19402313232422
2007-05-09,18.144550323486328
2007-05-10,17.727113723754883
2007-05-11,17.884817123413086
2007-05-14,17.918821334838867
2007-05-15,18.144550323486328
2007-05-16,18.27132797241211
2007-05-17,18.21257400512696
2007-05-18,18.3764591217041
2007-05-21,18.12909889221192
2007-05-22,17.838441848754883
2007-05-23,17.690004348754883
2007-05-24,17.458101272583008
2007-05-25,17.43027114868164
2007-05-29,17.51685333251953
2007-05-30,17.26639175415039
2007-05-31,17.424083709716797
2007-06-01,17.408628463745117
2007-06-04,17.198366165161133
2007-06-05,17.158170700073242
2007-06-06,16.926254272460938
2007-06-07,16.69124412536621
2007-06-08,16.787109375
2007-06-11,16.716001510620117
2007-06-12,16.493356704711914
2007-06-13,16.75619125366211
2007-06-14,16.75619125366211
2007-06-15,16.920072555541992
2007-06-18,16.86441421508789
2007-06-19,16.907711029052734
2007-06-20,16.784013748168945
2007-06-21,16.635597229003906
2007-06-22,16.344942092895508
2007-06-25,16.712892532348633
2007-06-26,16.68816375732422
2007-06-27,16.68816375732422
2007-06-28,16.61086082458496
2007-06-29,16.558292388916016
2007-07-02,16.796388626098633
2007-07-03,16.796388626098633
2007-07-05,16.7685546875
2007-07-06,16.69744300842285
2007-07-09,16.607770919799805
2007-07-10,16.363487243652344
2007-07-11,16.554834365844727
2007-07-12,16.725942611694336
2007-07-13,16.564157485961914
2007-07-16,16.66373062133789
2007-07-17,16.61083221435547
2007-07-18,16.707275390625
2007-07-19,16.900178909301758
2007-07-20,16.44904327392578
2007-07-23,16.775728225708008
2007-07-24,16.337045669555664
2007-07-25,16.271709442138672
2007-07-26,15.89525318145752
2007-07-27,15.565467834472656
2007-07-30,15.811254501342772
2007-07-31,15.77080249786377
2007-08-01,15.851694107055664
2007-08-02,15.932589530944824
2007-08-03,15.89525318145752
2007-08-06,16.526830673217773
2007-08-07,16.89395523071289
2007-08-08,17.516202926635742
2007-08-09,17.089967727661133
2007-08-10,17.180192947387695
2007-08-13,16.76639747619629
2007-08-14,16.324596405029297
2007-08-15,16.287263870239258
2007-08-16,16.13481330871582
2007-08-17,16.405494689941406
2007-08-20,16.299707412719727
2007-08-21,16.29037857055664
2007-08-22,16.221935272216797
2007-08-23,16.2281494140625
2007-08-24,16.343273162841797
2007-08-27,16.18149185180664
2007-08-28,15.801912307739258
2007-08-29,16.019697189331055
2007-08-30,15.991700172424316
2007-08-31,16.150365829467773
2007-09-04,16.04769515991211
2007-09-05,16.091259002685547
2007-09-06,16.458391189575195
2007-09-07,16.13481330871582
2007-09-10,16.078811645507812
2007-09-11,16.165929794311523
2007-09-12,16.25615119934082
2007-09-13,16.2281494140625
2007-09-14,16.20948600769043
2007-09-17,16.175254821777344
2007-09-18,16.676172256469727
2007-09-19,16.785064697265625
2007-09-20,16.70417022705078
2007-09-21,16.937509536743164
2007-09-24,16.757061004638672
2007-09-25,16.90951919555664
2007-09-26,16.800621032714844
2007-09-27,16.816165924072266
2007-09-28,16.682388305664062
2007-10-01,17.177074432373047
2007-10-02,17.254854202270508
2007-10-03,17.276636123657227
2007-10-04,17.279743194580078
2007-10-05,17.111736297607422
2007-10-08,17.093076705932617
2007-10-09,17.06818199157715
2007-10-10,16.87528419494629
2007-10-11,16.701581954956055
2007-10-12,16.47621726989746
2007-10-15,16.250856399536133
2007-10-16,16.266502380371094
2007-10-17,16.025497436523438
2007-10-18,16.172605514526367
2007-10-19,16.088096618652344
2007-10-22,16.16321563720703
2007-10-23,16.219560623168945
2007-10-24,16.545080184936523
2007-10-25,16.861194610595703
2007-10-26,16.92380714416504
2007-10-29,17.042747497558594
2007-10-30,17.105344772338867
2007-10-31,17.0959529876709
2007-11-01,16.9394474029541
2007-11-02,16.917537689208984
2007-11-05,16.90815544128418
2007-11-06,17.008312225341797
2007-11-07,16.823646545410156
2007-11-08,16.876855850219727
2007-11-09,16.9394474029541
2007-11-12,17.111597061157227
2007-11-13,17.24932098388672
2007-11-14,16.99892234802246
2007-11-15,17.052127838134766
2007-11-16,17.280616760253906
2007-11-19,17.158550262451172
2007-11-20,17.39643096923828
2007-11-21,17.130382537841797
2007-11-23,17.368263244628906
2007-11-26,16.98014259338379
2007-11-27,17.499710083007812
2007-11-28,17.659353256225586
2007-11-29,17.84088134765625
2007-11-30,18.00051498413086
2007-12-03,17.84401512145996
2007-12-04,17.997379302978516
2007-12-05,18.20396041870117
2007-12-06,18.200830459594727
2007-12-07,18.222749710083008
2007-12-10,18.43558120727539
2007-12-11,18.18204498291016
2007-12-12,18.18831443786621
2007-12-13,18.272825241088867
2007-12-14,18.00051498413086
2007-12-17,17.76889419555664
2007-12-18,18.056861877441406
2007-12-19,17.912870407104492
2007-12-20,18.028688430786133
2007-12-21,18.23526382446289
2007-12-24,18.26343536376953
2007-12-26,18.1163272857666
2007-12-27,17.834625244140625
2007-12-28,17.912870407104492
2007-12-31,17.574838638305664
2008-01-02,17.46841812133789
2008-01-03,17.362001419067383
2008-01-04,17.462156295776367
2008-01-07,17.997379302978516
2008-01-08,18.470016479492188
2008-01-09,18.792400360107425
2008-01-10,18.81431198120117
2008-01-11,19.039325714111328
2008-01-14,18.85993766784668
2008-01-15,18.778114318847656
2008-01-16,19.039325714111328
2008-01-17,18.803295135498047
2008-01-18,18.70259094238281
2008-01-22,18.09206962585449
2008-01-23,18.24313735961914
2008-01-24,17.956750869750977
2008-01-25,17.45952796936035
2008-01-28,17.761642456054688
2008-01-29,17.70184898376465
2008-01-30,17.607440948486328
2008-01-31,17.67982292175293
2008-02-01,18.1109561920166
2008-02-04,18.268299102783203
2008-02-05,18.04486846923828
2008-02-06,18.167598724365234
2008-02-07,18.284040451049805
2008-02-08,17.874935150146484
2008-02-11,17.730173110961914
2008-02-12,17.607440948486328
2008-02-13,17.786815643310547
2008-02-14,17.428058624267578
2008-02-15,17.4815616607666
2008-02-19,17.487850189208984
2008-02-20,17.500436782836914
2008-02-21,17.26441192626953
2008-02-22,17.16370964050293
2008-02-25,17.45638084411621
2008-02-26,17.487850189208984
2008-02-27,17.16370964050293
2008-02-28,17.063013076782227
2008-02-29,16.85215950012207
2008-03-03,16.75145721435547
2008-03-04,16.75460433959961
2008-03-05,16.672780990600586
2008-03-06,16.392696380615234
2008-03-07,16.06226348876953
2008-03-10,15.923795700073242
2008-03-11,16.005619049072266
2008-03-12,16.156673431396484
2008-03-13,16.53745460510254
2008-03-14,16.169260025024414
2008-03-17,16.540607452392578
2008-03-18,16.937131881713867
2008-03-19,17.116506576538086
2008-03-20,17.516172409057617
2008-03-24,17.443788528442383
2008-03-25,17.160560607910156
2008-03-26,17.00320816040039
2008-03-27,16.85215950012207
2008-03-28,16.701101303100586
2008-03-31,17.355674743652344
2008-04-01,17.38085174560547
2008-04-02,17.08818817138672
2008-04-03,17.160560607910156
2008-04-04,17.25811767578125
2008-04-07,17.267559051513672
2008-04-08,16.993772506713867
2008-04-09,16.95285987854004
2008-04-10,16.9654483795166
2008-04-11,16.72784423828125
2008-04-14,16.623287200927734
2008-04-15,16.445873260498047
2008-04-16,16.268455505371094
2008-04-17,16.13540267944336
2008-04-18,16.068859100341797
2008-04-21,16.0086669921875
2008-04-22,16.0054988861084
2008-04-23,16.018177032470703
2008-04-24,15.98015308380127
2008-04-25,16.24628257751465
2008-04-28,16.350828170776367
2008-04-29,16.94327163696289
2008-04-30,16.711999893188477
2008-05-01,16.971784591674805
2008-05-02,16.845054626464844
2008-05-05,16.79121208190918
2008-05-06,16.658143997192383
2008-05-07,16.249448776245117
2008-05-08,16.24628257751465
2008-05-09,16.404682159423828
2008-05-12,16.721508026123047
2008-05-13,17.2347412109375
2008-05-14,17.370973587036133
2008-05-15,17.383642196655273
2008-05-16,17.332956314086914
2008-05-19,17.440677642822266
2008-05-20,17.323448181152344
2008-05-21,17.222070693969727
2008-05-22,17.37730598449707
2008-05-23,17.190385818481445
2008-05-27,17.294940948486328
2008-05-28,17.139698028564453
2008-05-29,17.728971481323242
2008-05-30,17.852540969848633
2008-06-02,17.640274047851562
2008-06-03,17.656103134155273
2008-06-04,17.741653442382812
2008-06-05,17.656103134155273
2008-06-06,17.348800659179688
2008-06-09,17.355138778686523
2008-06-10,17.180883407592773
2008-06-11,16.949607849121094
2008-06-12,17.085844039916992
2008-06-13,17.142866134643555
2008-06-16,17.21256446838379
2008-06-17,16.971784591674805
2008-06-18,16.8260555267334
2008-06-19,17.152376174926758
2008-06-20,16.902090072631836
2008-06-23,17.19989776611328
2008-06-24,17.028810501098633
2008-06-25,16.95911407470703
2008-06-26,16.708831787109375
2008-06-27,16.79121208190918
2008-06-30,16.781700134277344
2008-07-01,17.174549102783203
2008-07-02,17.18404197692871
2008-07-03,17.345632553100586
2008-07-07,17.168212890625
2008-07-08,18.17569160461425
2008-07-09,18.029953002929688
2008-07-10,18.16935157775879
2008-07-11,17.990814208984375
2008-07-14,17.92385482788086
2008-07-15,18.44353675842285
2008-07-16,18.1629695892334
2008-07-17,18.331939697265625
2008-07-18,18.35744857788086
2008-07-21,18.10239601135254
2008-07-22,18.39252471923828
2008-07-23,18.169353485107425
2008-07-24,18.159786224365234
2008-07-25,18.30644416809082
2008-07-28,17.92066764831543
2008-07-29,17.834596633911133
2008-07-30,18.12471580505371
2008-07-31,17.962121963500977
2008-08-01,17.876035690307617
2008-08-04,18.255434036254883
2008-08-05,18.717716217041016
2008-08-06,18.74002265930176
2008-08-07,18.606130599975582
2008-08-08,18.81973457336425
2008-08-11,18.77828788757324
2008-08-12,18.77191162109375
2008-08-13,18.634822845458984
2008-08-14,18.714529037475582
2008-08-15,19.007831573486328
2008-08-18,18.79741859436035
2008-08-19,18.76553535461425
2008-08-20,18.599750518798828
2008-08-21,18.504112243652344
2008-08-22,18.644392013549805
2008-08-25,18.414831161499023
2008-08-26,18.35425567626953
2008-08-27,18.40207862854004
2008-08-28,18.73046493530273
2008-08-29,18.30962562561035
2008-09-02,18.813356399536133
2008-09-03,18.469032287597656
2008-09-04,18.03544044494629
2008-09-05,18.175724029541016
2008-09-08,18.62525177001953
2008-09-09,18.3255558013916
2008-09-10,18.459470748901367
2008-09-11,18.908998489379883
2008-09-12,18.8388671875
2008-09-15,18.644392013549805
2008-09-16,19.068405151367188
2008-09-17,18.252246856689453
2008-09-18,18.51685333251953
2008-09-19,18.717716217041016
2008-09-22,18.217174530029297
2008-09-23,18.65395736694336
2008-09-24,18.76234245300293
2008-09-25,18.915382385253903
2008-09-26,18.937694549560547
2008-09-29,18.30006599426269
2008-09-30,18.35744857788086
2008-10-01,18.583812713623047
2008-10-02,18.77828788757324
2008-10-03,18.65395736694336
2008-10-06,17.981246948242188
2008-10-07,17.815462112426758
2008-10-08,17.627365112304688
2008-10-09,16.02052116394043
2008-10-10,15.87923526763916
2008-10-13,17.40775489807129
2008-10-14,17.590784072875977
2008-10-15,17.301782608032227
2008-10-16,17.783462524414062
2008-10-17,17.809144973754883
2008-10-20,18.480287551879883
2008-10-21,17.979337692260742
2008-10-22,17.29536247253418
2008-10-23,17.6678524017334
2008-10-24,17.4366512298584
2008-10-27,17.073787689208984
2008-10-28,17.66143035888672
2008-10-29,17.394908905029297
2008-10-30,17.52013397216797
2008-10-31,17.709598541259766
2008-11-03,17.982545852661133
2008-11-04,18.114213943481445
2008-11-05,17.719236373901367
2008-11-06,17.256834030151367
2008-11-07,17.75777244567871
2008-11-10,17.783462524414062
2008-11-11,17.71602439880371
2008-11-12,17.50087547302246
2008-11-13,18.34861946105957
2008-11-14,17.680702209472656
2008-11-17,17.764184951782227
2008-11-18,18.165586471557617
2008-11-19,17.507295608520508
2008-11-20,16.168235778808594
2008-11-21,16.5439510345459
2008-11-24,16.306320190429688
2008-11-25,16.44761085510254
2008-11-26,16.49578285217285
2008-11-28,16.823318481445312
2008-12-01,16.104013442993164
2008-12-02,16.688447952270508
2008-12-03,17.067365646362305
2008-12-04,16.707714080810547
2008-12-05,16.938922882080078
2008-12-08,16.993507385253906
2008-12-09,16.688447952270508
2008-12-10,16.5439510345459
2008-12-11,16.386598587036133
2008-12-12,16.296689987182617
2008-12-15,16.582481384277344
2008-12-16,17.070573806762695
2008-12-17,16.717344284057617
2008-12-18,16.694866180419922
2008-12-19,16.7847900390625
2008-12-22,16.926076889038086
2008-12-23,16.845794677734375
2008-12-24,16.906818389892578
2008-12-26,16.861854553222656
2008-12-29,16.752666473388672
2008-12-30,17.070573806762695
2008-12-31,17.138015747070312
2009-01-02,17.199026107788086
2009-01-05,16.90359878540039
2009-01-06,16.35128402709961
2009-01-07,16.26136589050293
2009-01-08,16.441190719604492
2009-01-09,16.43154525756836
2009-01-12,16.075117111206055
2009-01-13,16.191553115844727
2009-01-14,16.00072479248047
2009-01-15,15.919858932495115
2009-01-16,16.146276473999023
2009-01-20,15.913400650024414
2009-01-21,16.922536849975586
2009-01-22,17.145708084106445
2009-01-23,17.08102035522461
2009-01-26,17.482091903686523
2009-01-27,17.592060089111328
2009-01-28,17.776416778564453
2009-01-29,17.921977996826172
2009-01-30,17.931676864624023
2009-02-02,17.973731994628906
2009-02-03,18.429777145385746
2009-02-04,18.083696365356445
2009-02-05,18.28423309326172
2009-02-06,18.484766006469727
2009-02-09,18.517108917236328
2009-02-10,18.044883728027344
2009-02-11,18.01577949523925
2009-02-12,18.15485382080078
2009-02-13,17.769954681396484
2009-02-17,17.443281173706055
2009-02-18,17.530609130859375
2009-02-19,17.61470603942871
2009-02-20,17.47562599182129
2009-02-23,17.271854400634766
2009-02-24,17.705272674560547
2009-02-25,17.343013763427734
2009-02-26,16.359745025634766
2009-02-27,15.31178855895996
2009-03-02,15.21475601196289
2009-03-03,14.820152282714844
2009-03-04,15.260037422180176
2009-03-05,14.891312599182127
2009-03-06,15.166239738464355
2009-03-09,15.088617324829102
2009-03-10,15.195352554321287
2009-03-11,14.38350772857666
2009-03-12,15.088617324829102
2009-03-13,15.153302192687988
2009-03-16,15.47674560546875
2009-03-17,15.893986701965332
2009-03-18,15.729031562805176
2009-03-19,15.373251914978027
2009-03-20,15.376480102539062
2009-03-23,15.77108097076416
2009-03-24,15.027162551879885
2009-03-25,14.888078689575195
2009-03-26,15.023924827575684
2009-03-27,15.072442054748535
2009-03-30,15.48967456817627
2009-03-31,15.428224563598633
2009-04-01,15.104788780212402
2009-04-02,14.677838325500488
2009-04-03,14.270307540893556
2009-04-06,14.024487495422363
2009-04-07,13.882172584533691
2009-04-08,14.12475299835205
2009-04-09,14.241188049316406
2009-04-13,14.48599910736084
2009-04-14,14.593717575073242
2009-04-15,13.92458152770996
2009-04-16,13.934365272521973
2009-04-17,14.326058387756348
2009-04-20,14.391342163085938
2009-04-21,14.482736587524414
2009-04-22,13.872354507446287
2009-04-23,14.15306282043457
2009-04-24,14.064936637878418
2009-04-27,14.087778091430664
2009-04-28,14.038825988769531
2009-04-29,13.91152000427246
2009-04-30,13.660185813903809
2009-05-01,13.552467346191406
2009-05-04,14.094313621520996
2009-05-05,14.273834228515623
2009-05-06,14.012714385986328
2009-05-07,14.564337730407717
2009-05-08,14.665528297424316
2009-05-11,14.645939826965332
2009-05-12,14.822200775146484
2009-05-13,14.851573944091797
2009-05-14,14.567597389221191
2009-05-15,14.140006065368652
2009-05-18,14.10084056854248
2009-05-19,13.99638843536377
2009-05-20,14.06166648864746
2009-05-21,14.140006065368652
2009-05-22,14.342378616333008
2009-05-26,14.548015594482422
2009-05-27,14.489265441894531
2009-05-28,14.55780792236328
2009-05-29,14.707959175109863
2009-06-01,14.681845664978027
2009-06-02,14.737327575683594
2009-06-03,14.727543830871582
2009-06-04,14.606771469116213
2009-06-05,14.681845664978027
2009-06-08,14.600238800048828
2009-06-09,14.476203918457031
2009-06-10,14.410924911499023
2009-06-11,14.544758796691896
2009-06-12,14.825465202331545
2009-06-15,14.600238800048828
2009-06-16,14.600238800048828
2009-06-17,14.988666534423828
2009-06-18,15.556614875793455
2009-06-19,15.53050422668457
2009-06-22,15.246535301208496
2009-06-23,15.295498847961426
2009-06-24,15.33792209625244
2009-06-25,15.674124717712402
2009-06-26,15.481538772583008
2009-06-29,15.608844757080078
2009-06-30,15.354249000549316
2009-07-01,15.223679542541504
2009-07-02,15.106176376342772
2009-07-06,15.014778137207031
2009-07-07,14.799355506896973
2009-07-08,15.11596965789795
2009-07-09,14.99192237854004
2009-07-10,14.822200775146484
2009-07-13,15.197607040405272
2009-07-14,15.30958366394043
2009-07-15,14.911113739013672
2009-07-16,14.799153327941896
2009-07-17,14.644372940063477
2009-07-20,14.822200775146484
2009-07-21,14.81890869140625
2009-07-22,14.56204891204834
2009-07-23,14.436901092529297
2009-07-24,14.822200775146484
2009-07-27,14.82878875732422
2009-07-28,14.960508346557615
2009-07-29,15.046133041381836
2009-07-30,15.049426078796388
2009-07-31,14.815618515014648
2009-08-03,14.759634017944336
2009-08-04,14.588393211364746
2009-08-05,14.489598274230955
2009-08-06,14.36775016784668
2009-08-07,14.436901092529297
2009-08-10,14.660841941833496
2009-08-11,14.720117568969728
2009-08-12,14.49288272857666
2009-08-13,14.594975471496582
2009-08-14,14.608147621154783
2009-08-17,14.73987102508545
2009-08-18,14.598272323608398
2009-08-19,14.874889373779297
2009-08-20,14.911113739013672
2009-08-21,14.947340965270996
2009-08-24,15.174566268920898
2009-08-25,15.121866226196287
2009-08-26,15.171268463134766
2009-08-27,15.349090576171877
2009-08-28,15.121866226196287
2009-08-31,14.894647598266602
2009-09-01,14.858430862426758
2009-09-02,14.81890869140625
2009-09-03,14.838665008544922
2009-09-04,15.0263671875
2009-09-08,15.11858081817627
2009-09-09,15.266764640808104
2009-09-10,15.434712409973145
2009-09-11,15.421548843383787
2009-09-14,15.58619785308838
2009-09-15,15.507159233093262
2009-09-16,15.385313987731934
2009-09-17,15.266764640808104
2009-09-18,15.138335227966309
2009-09-21,15.319454193115234
2009-09-22,15.388606071472168
2009-09-23,15.191027641296388
2009-09-24,15.45777416229248
2009-09-25,15.58619785308838
2009-09-28,15.997833251953123
2009-09-29,16.169071197509766
2009-09-30,16.290922164916992
2009-10-01,16.0307674407959
2009-10-02,16.41275978088379
2009-10-05,16.574121475219727
2009-10-06,16.52472686767578
2009-10-07,16.47862434387207
2009-10-08,16.501676559448242
2009-10-09,16.49180030822754
2009-10-12,16.465450286865234
2009-10-13,16.48204803466797
2009-10-14,16.996591567993164
2009-10-15,17.2322940826416
2009-10-16,17.072946548461914
2009-10-19,17.338518142700195
2009-10-20,17.215688705444336
2009-10-21,16.979997634887695
2009-10-22,17.31859588623047
2009-10-23,17.033109664916992
2009-10-26,16.893688201904297
2009-10-27,17.00323486328125
2009-10-28,16.93683624267578
2009-10-29,16.883724212646484
2009-10-30,16.787458419799805
2009-11-02,16.90031623840332
2009-11-03,16.74098777770996
2009-11-04,16.90031623840332
2009-11-05,17.13602066040039
2009-11-06,17.106151580810547
2009-11-09,17.37835121154785
2009-11-10,17.52774429321289
2009-11-11,17.680438995361328
2009-11-12,17.670486450195312
2009-11-13,17.57753562927246
2009-11-16,17.803268432617188
2009-11-17,17.697044372558594
2009-11-18,17.65388298034668
2009-11-19,17.580848693847656
2009-11-20,17.806591033935547
2009-11-23,17.637285232543945
2009-11-24,18.005767822265625
2009-11-25,18.062198638916016
2009-11-27,17.95265007019043
2009-11-30,18.08875846862793
2009-12-01,18.08544158935547
2009-12-02,18.072166442871094
2009-12-03,18.005767822265625
2009-12-04,17.85306167602539
2009-12-07,17.813232421875
2009-12-08,17.673809051513672
2009-12-09,17.796627044677734
2009-12-10,17.94933319091797
2009-12-11,17.849740982055664
2009-12-14,17.85306167602539
2009-12-15,17.922779083251953
2009-12-16,17.886262893676758
2009-12-17,17.78666877746582
2009-12-18,17.707002639770508
2009-12-21,17.899538040161133
2009-12-22,17.96593475341797
2009-12-23,17.95597267150879
2009-12-24,17.975887298583984
2009-12-28,18.10203742980957
2009-12-29,18.012414932250977
2009-12-30,18.105356216430664
2009-12-31,17.922779083251953
2010-01-04,18.07880401611328
2010-01-05,17.932737350463867
2010-01-06,18.032331466674805
2010-01-07,18.18171119689941
2010-01-08,18.27466583251953
2010-01-11,18.36761283874512
2010-01-12,18.314496994018555
2010-01-13,18.488374710083008
2010-01-14,18.50844383239746
2010-01-15,18.55526161193848
2010-01-19,18.79267120361328
2010-01-20,18.806055068969727
2010-01-21,18.578662872314453
2010-01-22,18.2275619506836
2010-01-25,18.29108428955078
2010-01-26,18.21751976013184
2010-01-27,18.02357482910156
2010-01-28,18.0402946472168
2010-01-29,17.702564239501953
2010-02-01,17.836320877075195
2010-02-02,18.20415306091309
2010-02-03,18.274370193481445
2010-02-04,17.99683380126953
2010-02-05,18.046987533569336
2010-02-08,17.83966636657715
2010-02-09,17.83966636657715
2010-02-10,17.809572219848633
2010-02-11,17.903196334838867
2010-02-12,18.03360748291016
2010-02-16,18.25430679321289
2010-02-17,18.30780792236328
2010-02-18,18.38136863708496
2010-02-19,18.18408393859864
2010-02-22,18.190773010253903
2010-02-23,18.046987533569336
2010-02-24,18.167369842529297
2010-02-25,18.09714126586914
2010-02-26,18.15065193176269
2010-03-01,18.15399932861328
2010-03-02,18.25096893310547
2010-03-03,18.08377265930176
2010-03-04,18.08377265930176
2010-03-05,18.16402244567871
2010-03-08,18.19746208190918
2010-03-09,18.32452774047852
2010-03-10,18.401445388793945
2010-03-11,18.57198143005371
2010-03-12,18.23090171813965
2010-03-15,18.32452774047852
2010-03-16,18.284400939941406
2010-03-17,18.22421264648437
2010-03-18,17.980106353759766
2010-03-19,17.876440048217773
2010-03-22,18.013553619384766
2010-03-23,18.170703887939453
2010-03-24,18.013553619384766
2010-03-25,17.89651107788086
2010-03-26,17.689184188842773
2010-03-29,17.76276206970215
2010-03-30,17.55877685546875
2010-03-31,17.615623474121094
2010-04-01,17.709253311157227
2010-04-05,17.699222564697266
2010-04-06,17.66912269592285
2010-04-07,17.555431365966797
2010-04-08,17.48185920715332
2010-04-09,17.63234519958496
2010-04-12,17.61227798461914
2010-04-13,17.629135131835938
2010-04-14,17.639259338378906
2010-04-15,17.656118392944336
2010-04-16,17.622398376464844
2010-04-19,17.84157943725586
2010-04-20,17.892160415649414
2010-04-21,17.460540771484375
2010-04-22,17.23798370361328
2010-04-23,17.26495361328125
2010-04-26,16.985069274902344
2010-04-27,16.782751083374023
2010-04-28,16.951353073120117
2010-04-29,17.11321449279785
2010-04-30,17.251466751098633
2010-05-03,17.1536808013916
2010-05-04,16.924373626708984
2010-05-05,16.910886764526367
2010-05-06,16.523101806640625
2010-05-07,16.428691864013672
2010-05-10,16.755775451660156
2010-05-11,16.657989501953125
2010-05-12,16.573680877685547
2010-05-13,16.391592025756836
2010-05-14,16.354501724243164
2010-05-17,16.330894470214844
2010-05-18,16.2027587890625
2010-05-19,16.165666580200195
2010-05-20,15.673346519470217
2010-05-21,15.828463554382324
2010-05-24,16.037527084350586
2010-05-25,15.926244735717772
2010-05-26,15.90602207183838
2010-05-27,16.142059326171875
2010-05-28,16.037527084350586
2010-06-01,15.828463554382324
2010-06-02,16.010555267333984
2010-06-03,16.094852447509766
2010-06-04,15.690200805664062
2010-06-07,15.589038848876951
2010-06-08,15.616012573242188
2010-06-09,15.464279174804688
2010-06-10,15.916135787963867
2010-06-11,15.916135787963867
2010-06-14,15.959967613220217
2010-06-15,16.24321746826172
2010-06-16,16.452287673950195
2010-06-17,16.39834213256836
2010-06-18,16.445547103881836
2010-06-21,16.28705596923828
2010-06-22,16.182525634765625
2010-06-23,16.037527084350586
2010-06-24,16.003803253173828
2010-06-25,15.912757873535156
2010-06-28,15.909390449523926
2010-06-29,15.730661392211914
2010-06-30,15.774505615234377
2010-07-01,15.666603088378906
2010-07-02,15.666603088378906
2010-07-06,15.744160652160645
2010-07-07,16.088106155395508
2010-07-08,16.219615936279297
2010-07-09,16.196008682250977
2010-07-12,16.125198364257812
2010-07-13,16.223899841308594
2010-07-14,16.285160064697266
2010-07-15,16.3430118560791
2010-07-16,16.019697189331055
2010-07-19,16.135412216186523
2010-07-20,16.15582847595215
2010-07-21,16.56764030456543
2010-07-22,16.679948806762695
2010-07-23,16.652725219726562
2010-07-26,16.75823211669922
2010-07-27,16.768434524536133
2010-07-28,16.751413345336914
2010-07-29,16.66974639892578
2010-07-30,16.703767776489258
2010-08-02,16.95902442932129
2010-08-03,17.016881942749023
2010-08-04,17.078142166137695
2010-08-05,17.01007843017578
2010-08-06,17.210872650146484
2010-08-09,17.316383361816406
2010-08-10,17.517173767089844
2010-08-11,17.149616241455078
2010-08-12,17.149616241455078
2010-08-13,17.037302017211914
2010-08-16,17.132593154907227
2010-08-17,17.25171661376953
2010-08-18,17.09516143798828
2010-08-19,16.78545570373535
2010-08-20,16.792261123657227
2010-08-23,16.942014694213867
2010-08-24,16.839906692504883
2010-08-25,16.955615997314453
2010-08-26,16.84671974182129
2010-08-27,16.96242904663086
2010-08-30,16.84331703186035
2010-08-31,16.792261123657227
2010-09-01,17.108776092529297
2010-09-02,17.2244930267334
2010-09-03,17.268733978271484
2010-09-07,17.18364715576172
2010-09-08,17.17003631591797
2010-09-09,17.38785171508789
2010-09-10,17.541000366210938
2010-09-13,17.510372161865234
2010-09-14,17.496763229370117
2010-09-15,17.581846237182617
2010-09-16,17.564830780029297
2010-09-17,17.575031280517578
2010-09-20,17.78604507446289
2010-09-21,17.748607635498047
2010-09-22,17.694150924682617
2010-09-23,17.56142234802246
2010-09-24,17.67714500427246
2010-09-27,17.731590270996094
2010-09-28,17.826887130737305
2010-09-29,17.864328384399414
2010-09-30,17.779239654541016
2010-10-01,17.89495277404785
2010-10-04,17.87113380432129
2010-10-05,18.06513023376465
2010-10-06,18.031089782714844
2010-10-07,17.89495277404785
2010-10-08,17.973230361938477
2010-10-11,17.973230361938477
2010-10-12,18.21146774291992
2010-10-13,18.24921989440918
2010-10-14,18.25950813293457
2010-10-15,18.245784759521484
2010-10-18,18.417367935180664
2010-10-19,18.14283561706543
2010-10-20,17.988418579101562
2010-10-21,18.13254737854004
2010-10-22,18.036453247070312
2010-10-25,18.01929473876953
2010-10-26,18.08106803894043
2010-10-27,17.720754623413086
2010-10-28,17.75849723815918
2010-10-29,17.61094093322754
2010-11-01,17.36387062072754
2010-11-02,17.45994758605957
2010-11-03,17.51485252380371
2010-11-04,17.45994758605957
2010-11-05,17.473682403564453
2010-11-08,17.312397003173828
2010-11-09,17.175121307373047
2010-11-10,17.216306686401367
2010-11-11,17.082475662231445
2010-11-12,16.670684814453125
2010-11-15,16.52655792236328
2010-11-16,16.35497283935547
2010-11-17,16.40302085876465
2010-11-18,16.34124755859375
2010-11-19,16.265762329101562
2010-11-22,16.214279174804688
2010-11-23,16.111331939697266
2010-11-24,16.11476707458496
2010-11-26,16.059852600097656
2010-11-29,15.953483581542969
2010-11-30,15.960350036621094
2010-12-01,16.13191795349121
2010-12-02,16.33782386779785
2010-12-03,16.25545310974121
2010-12-06,16.10103416442871
2010-12-07,16.090744018554688
2010-12-08,16.035839080810547
2010-12-09,16.17310333251953
2010-12-10,16.34124755859375
2010-12-13,16.2932071685791
2010-12-14,16.48880386352539
2010-12-15,16.512828826904297
2010-12-16,16.663820266723633
2010-12-17,16.608911514282227
2010-12-20,16.564298629760742
2010-12-21,16.471656799316406
2010-12-22,16.416746139526367
2010-12-23,16.40645980834961
2010-12-27,16.258892059326172
2010-12-28,16.26232147216797
2010-12-29,16.272615432739258
2010-12-30,16.324094772338867
2010-12-31,16.440765380859375
2011-01-03,16.409881591796875
2011-01-04,16.564298629760742
2011-01-05,16.564298629760742
2011-01-06,16.529987335205078
2011-01-07,16.598621368408203
2011-01-10,16.451066970825195
2011-01-11,16.416746139526367
2011-01-12,16.479087829589844
2011-01-13,16.40634536743164
2011-01-14,16.240110397338867
2011-01-18,16.347475051879883
2011-01-19,16.39250373840332
2011-01-20,16.61069679260254
2011-01-21,16.596837997436523
2011-01-24,16.683427810668945
2011-01-25,16.61069679260254
2011-01-26,16.191621780395508
2011-01-27,16.063480377197266
2011-01-28,15.755226135253906
2011-01-31,15.64093017578125
2011-02-01,15.665173530578612
2011-02-02,15.83835220336914
2011-02-03,15.931867599487305
2011-02-04,15.973419189453123
2011-02-07,15.824492454528809
2011-02-08,15.796791076660156
2011-02-09,15.772539138793944
2011-02-10,15.755226135253906
2011-02-11,15.779479026794434
2011-02-14,15.924931526184082
2011-02-15,16.191621780395508
2011-02-16,16.021909713745117
2011-02-17,16.042692184448242
2011-02-18,16.236644744873047
2011-02-22,16.26781463623047
2011-02-23,16.094648361206055
2011-02-24,16.347475051879883
2011-02-25,16.49986457824707
2011-02-28,16.659189224243164
2011-03-01,16.451383590698242
2011-03-02,16.513723373413086
2011-03-03,16.74577522277832
2011-03-04,16.86353302001953
2011-03-07,16.79772186279297
2011-03-08,16.866992950439453
2011-03-09,16.99513816833496
2011-03-10,16.79772186279297
2011-03-11,16.783864974975586
2011-03-14,16.70074462890625
2011-03-15,16.503332138061523
2011-03-16,16.177772521972656
2011-03-17,16.368263244628906
2011-03-18,16.5933837890625
2011-03-21,16.634939193725586
2011-03-22,16.61069679260254
2011-03-23,16.62108612060547
2011-03-24,16.662647247314453
2011-03-25,16.634939193725586
2011-03-28,16.65226173400879
2011-03-29,16.75616455078125
2011-03-30,16.95704460144043
2011-03-31,16.988210678100586
2011-04-01,17.099048614501953
2011-04-04,17.403827667236328
2011-04-05,17.313777923583984
2011-04-06,17.552757263183594
2011-04-07,17.486953735351562
2011-04-08,17.486953735351562
2011-04-11,17.632421493530273
2011-04-12,17.673982620239258
2011-04-13,17.639013290405273
2011-04-14,17.83131980895996
2011-04-15,18.14598274230957
2011-04-18,17.929210662841797
2011-04-19,17.862781524658203
2011-04-20,17.76137924194336
2011-04-21,18.11101722717285
2011-04-25,17.94319725036621
2011-04-26,18.100536346435547
2011-04-27,18.24387550354004
2011-04-28,18.282339096069336
2011-04-29,18.19493103027344
2011-05-02,18.3872299194336
2011-05-03,18.47813415527344
2011-05-04,18.509597778320312
2011-05-05,18.380239486694336
2011-05-06,18.362756729125977
2011-05-09,18.411699295043945
2011-05-10,18.47463798522949
2011-05-11,18.548065185546875
2011-05-12,18.715883255004883
2011-05-13,18.70189666748047
2011-05-16,18.880210876464844
2011-05-17,18.70539665222168
2011-05-18,18.817277908325195
2011-05-19,18.67742729187012
2011-05-20,18.708890914916992
2011-05-23,18.617992401123047
2011-05-24,18.645957946777344
2011-05-25,18.520092010498047
2011-05-26,18.22989082336425
2011-05-27,18.02360343933105
2011-05-31,18.26835060119629
2011-06-01,18.15297508239746
2011-06-02,17.918720245361328
2011-06-03,17.859285354614258
2011-06-06,17.838300704956055
2011-06-07,17.964170455932617
2011-06-08,18.016620635986328
2011-06-09,18.016620635986328
2011-06-10,17.79635238647461
2011-06-13,17.971160888671875
2011-06-14,17.932703018188477
2011-06-15,17.939693450927734
2011-06-16,17.939693450927734
2011-06-17,18.06905746459961
2011-06-20,18.18793678283692
2011-06-21,18.27185440063477
2011-06-22,18.20891571044922
2011-06-23,18.15297508239746
2011-06-24,18.09353828430176
2011-06-27,18.14598274230957
2011-06-28,18.26835060119629
2011-06-29,18.23688507080078
2011-06-30,18.39772605895996
2011-07-01,18.565542221069336
2011-07-05,18.586524963378903
2011-07-06,18.628467559814453
2011-07-07,18.71938133239746
2011-07-08,18.645957946777344
2011-07-11,18.59351348876953
2011-07-12,18.631977081298828
2011-07-13,18.61786460876465
2011-07-14,18.75546264648437
2011-07-15,18.713119506835938
2011-07-18,18.53671836853028
2011-07-19,18.660194396972656
2011-07-20,18.48731803894043
2011-07-21,18.646085739135746
2011-07-22,18.681371688842773
2011-07-25,18.55082893371582
2011-07-26,18.40970039367676
2011-07-27,18.286216735839844
2011-07-28,18.212127685546875
2011-07-29,18.10628700256348
2011-08-01,17.806394577026367
2011-08-02,17.711132049560547
2011-08-03,17.742883682250977
2011-08-04,17.20661163330078
2011-08-05,17.721725463867188
2011-08-08,16.956111907958984
2011-08-09,17.132530212402344
2011-08-10,16.543325424194336
2011-08-11,17.421836853027344
2011-08-12,17.510032653808594
2011-08-15,17.608821868896484
2011-08-16,17.66526985168457
2011-08-17,17.69349479675293
2011-08-18,17.241891860961914
2011-08-19,17.31598472595215
2011-08-22,17.421836853027344
2011-08-23,17.82050323486328
2011-08-24,18.03219223022461
2011-08-25,17.619400024414062
2011-08-26,17.69349479675293
2011-08-29,18.067476272583008
2011-08-30,18.25446128845215
2011-08-31,18.5261344909668
2011-09-01,18.325029373168945
2011-09-02,18.007495880126953
2011-09-06,18.09569931030273
2011-09-07,18.452043533325195
2011-09-08,18.14862060546875
2011-09-09,17.79228401184082
2011-09-12,17.82050323486328
2011-09-13,17.845203399658203
2011-09-14,17.965152740478516
2011-09-15,18.09569931030273
2011-09-16,18.40617752075196
2011-09-19,18.34266662597656
2011-09-20,18.61786460876465
2011-09-21,18.25446128845215
2011-09-22,17.88401222229004
2011-09-23,17.97926902770996
2011-09-26,17.905179977416992
2011-09-27,18.063947677612305
2011-09-28,17.961633682250977
2011-09-29,18.29327392578125
2011-09-30,18.04277992248535
2011-10-03,17.69349479675293
2011-10-04,17.816980361938477
2011-10-05,18.03219223022461
2011-10-06,18.0568904876709
2011-10-07,18.18037986755371
2011-10-10,18.56494140625
2011-10-11,18.593158721923828
2011-10-12,18.632339477539062
2011-10-13,18.568239212036133
2011-10-14,18.77475357055664
2011-10-17,18.529077529907227
2011-10-18,18.67149543762207
2011-10-19,18.959901809692383
2011-10-20,19.24474334716797
2011-10-21,19.17709922790528
2011-10-24,19.03110885620117
2011-10-25,18.867332458496094
2011-10-26,19.102319717407227
2011-10-27,19.27323341369629
2011-10-28,19.30527114868164
2011-10-31,19.180648803710938
2011-11-01,18.78544044494629
2011-11-02,18.82815742492676
2011-11-03,19.16996955871582
2011-11-04,18.988380432128903
2011-11-07,19.09520149230957
2011-11-08,19.31951141357422
2011-11-09,18.84951972961425
2011-11-10,19.20913887023925
2011-11-11,19.4156551361084
2011-11-14,19.31239891052246
2011-11-15,19.404972076416016
2011-11-16,19.145044326782227
2011-11-17,19.0168685913086
2011-11-18,19.056020736694336
2011-11-21,18.788997650146484
2011-11-22,18.7605094909668
2011-11-23,18.63944625854492
2011-11-25,18.532629013061523
2011-11-28,18.94209289550781
2011-11-29,18.88869857788086
2011-11-30,19.422775268554688
2011-12-01,19.41208839416504
2011-12-02,19.28035545349121
2011-12-05,19.33731460571289
2011-12-06,19.4192123413086
2011-12-07,19.47618293762207
2011-12-08,19.291030883789062
2011-12-09,19.429893493652344
2011-12-12,19.323074340820312
2011-12-13,19.35155296325684
2011-12-14,19.308826446533203
2011-12-15,19.543825149536133
2011-12-16,19.543825149536133
2011-12-19,19.35155296325684
2011-12-20,19.53315162658692
2011-12-21,19.739660263061523
2011-12-22,19.81443214416504
2011-12-23,19.94617080688477
2011-12-27,20.02094459533692
2011-12-28,19.87852096557617
2011-12-29,20.056549072265625
2011-12-30,20.02094459533692
2012-01-03,20.19541549682617
2012-01-04,20.117076873779297
2012-01-05,20.070785522460938
2012-01-06,19.889205932617188
2012-01-09,19.885643005371094
2012-01-10,19.978212356567383
2012-01-11,19.902793884277344
2012-01-12,19.809425354003903
2012-01-13,19.906394958496094
2012-01-17,20.006940841674805
2012-01-18,19.881256103515625
2012-01-19,19.906394958496094
2012-01-20,20.0248966217041
2012-01-23,20.01053810119629
2012-01-24,20.10390853881836
2012-01-25,19.83456993103028
2012-01-26,19.705278396606445
2012-01-27,19.759151458740234
2012-01-30,19.56163024902344
2012-01-31,19.446706771850582
2012-02-01,19.4862117767334
2012-02-02,19.554447174072266
2012-02-03,19.75196647644043
2012-02-06,19.892019271850582
2012-02-07,20.006940841674805
2012-02-08,19.956663131713867
2012-02-09,19.84534072875977
2012-02-10,19.79146957397461
2012-02-13,19.809425354003903
2012-02-14,19.780696868896484
2012-02-15,19.917165756225582
2012-02-16,20.057228088378903
2012-02-17,20.240379333496094
2012-02-21,20.168550491333008
2012-02-22,20.193696975708008
2012-02-23,20.21524429321289
2012-02-24,20.36248588562012
2012-02-27,20.326562881469727
2012-02-28,20.484582901000977
2012-02-29,20.330162048339844
2012-03-01,20.58514213562012
2012-03-02,20.61027336120605
2012-03-05,20.570775985717773
2012-03-06,20.236780166625977
2012-03-07,20.20447158813477
2012-03-08,20.646190643310547
2012-03-09,20.811389923095703
2012-03-12,20.91194534301757
2012-03-13,21.16332626342773
2012-03-14,21.18488883972168
2012-03-15,21.22797584533692
2012-03-16,21.339305877685547
2012-03-19,21.626605987548828
2012-03-20,21.691251754760746
2012-03-21,21.68765449523925
2012-03-22,21.587100982666016
2012-03-23,21.691251754760746
2012-03-26,21.903133392333984
2012-03-27,22.02524185180664
2012-03-28,21.94982147216797
2012-03-29,21.89954376220703
2012-03-30,22.01087188720703
2012-04-02,21.99291229248047
2012-04-03,21.957000732421875
2012-04-04,22.071928024291992
2012-04-05,22.01446533203125
2012-04-09,21.89595603942871
2012-04-10,21.59787368774414
2012-04-11,21.608741760253903
2012-04-12,21.63047790527344
2012-04-13,21.583385467529297
2012-04-16,21.67756080627441
2012-04-17,21.887638092041016
2012-04-18,21.898496627807617
2012-04-19,21.55441665649414
2012-04-20,21.688426971435547
2012-04-23,21.684799194335938
2012-04-24,21.99629592895508
2012-04-25,22.31140899658203
2012-04-26,22.405580520629883
2012-04-27,22.45266532897949
2012-04-30,22.478012084960938
2012-05-01,22.53959274291992
2012-05-02,22.69171714782715
2012-05-03,22.83659553527832
2012-05-04,22.60478973388672
2012-05-07,22.64101219177246
2012-05-08,22.673603057861328
2012-05-09,22.177398681640625
2012-05-10,22.535966873168945
2012-05-11,22.47076988220215
2012-05-14,22.34038352966309
2012-05-15,22.416444778442383
2012-05-16,22.65549659729004
2012-05-17,22.53959274291992
2012-05-18,22.30054473876953
2012-05-21,22.387466430664062
2012-05-22,22.45266532897949
2012-05-23,22.22809791564941
2012-05-24,22.60841178894043
2012-05-25,22.54683303833008
2012-05-29,22.50699234008789
2012-05-30,22.380220413208008
2012-05-31,22.380220413208008
2012-06-01,21.92023658752441
2012-06-04,21.81157493591309
2012-06-05,21.840551376342773
2012-06-06,22.10857963562012
2012-06-07,22.166534423828125
2012-06-08,22.412822723388672
2012-06-11,22.27881050109864
2012-06-12,22.441797256469727
2012-06-13,22.27881050109864
2012-06-14,22.50699234008789
2012-06-15,22.637386322021484
2012-06-18,22.70982551574707
2012-06-19,22.771390914916992
2012-06-20,22.7532901763916
2012-06-21,22.543212890625
2012-06-22,22.572189331054688
2012-06-25,22.49974822998047
2012-06-26,22.58304977416992
2012-06-27,22.771390914916992
2012-06-28,22.7858829498291
2012-06-29,23.35092163085937
2012-07-02,23.40887451171875
2012-07-03,23.48130989074707
2012-07-05,23.452333450317383
2012-07-06,23.452333450317383
2012-07-09,23.76382064819336
2012-07-10,23.78555679321289
2012-07-11,23.792856216430664
2012-07-12,23.774600982666016
2012-07-13,23.891416549682617
2012-07-16,23.9023666381836
2012-07-17,24.260099411010746
2012-07-18,24.066633224487305
2012-07-19,24.019182205200195
2012-07-20,23.749048233032227
2012-07-23,23.59573745727539
2012-07-24,23.34021377563477
2012-07-25,23.40592193603516
2012-07-26,23.59938621520996
2012-07-27,24.23454666137696
2012-07-30,24.31120681762696
2012-07-31,24.205347061157227
2012-08-01,24.128681182861328
2012-08-02,24.216297149658203
2012-08-03,24.307558059692383
2012-08-06,24.227251052856445
2012-08-07,24.10313415527344
2012-08-08,24.055679321289062
2012-08-09,23.989967346191406
2012-08-10,24.132339477539062
2012-08-13,24.088531494140625
2012-08-14,24.15423393249512
2012-08-15,24.2454891204834
2012-08-16,24.2491512298584
2012-08-17,24.0629825592041
2012-08-20,23.993623733520508
2012-08-21,23.8366641998291
2012-08-22,23.92427444458008
2012-08-23,23.84760284423828
2012-08-24,24.033781051635746
2012-08-27,23.989967346191406
2012-08-28,23.993623733520508
2012-08-29,23.949817657470703
2012-08-30,23.87315559387207
2012-08-31,23.92427444458008
2012-09-04,23.89506149291992
2012-09-05,24.00092506408692
2012-09-06,24.4280014038086
2012-09-07,24.344051361083984
2012-09-10,24.52657127380371
2012-09-11,24.57767868041992
2012-09-12,24.76384162902832
2012-09-13,25.28583335876465
2012-09-14,24.92080307006836
2012-09-17,25.23109245300293
2012-09-18,25.154430389404297
2012-09-19,25.31504249572754
2012-09-20,25.50121116638184
2012-09-21,25.41360282897949
2012-09-24,25.409948348999023
2012-09-25,25.395353317260746
2012-09-26,25.25663375854492
2012-09-27,25.304086685180664
2012-09-28,25.02667236328125
2012-10-01,25.21648406982422
2012-10-02,25.01936721801757
2012-10-03,25.49025535583496
2012-10-04,25.8370361328125
2012-10-05,26.140010833740234
2012-10-08,26.034156799316406
2012-10-09,25.88084602355957
2012-10-10,25.6873722076416
2012-10-11,25.52558898925781
2012-10-12,25.47411155700684
2012-10-15,26.49264144897461
2012-10-16,26.522048950195312
2012-10-17,25.3858642578125
2012-10-18,24.50338554382324
2012-10-19,24.32321548461914
2012-10-22,24.19820213317871
2012-10-23,24.032733917236328
2012-10-24,24.106279373168945
2012-10-25,24.187162399291992
2012-10-26,24.07685661315918
2012-10-31,24.084213256835938
2012-11-01,24.06583023071289
2012-11-02,23.88565254211425
2012-11-05,23.91507148742676
2012-11-06,23.83418083190918
2012-11-07,23.723875045776367
2012-11-08,23.34146308898925
2012-11-09,23.841529846191406
2012-11-12,23.852558135986328
2012-11-13,23.782703399658203
2012-11-14,23.43706321716309
2012-11-15,23.238508224487305
2012-11-16,23.120838165283203
2012-11-19,23.135557174682617
2012-11-20,23.19438743591309
2012-11-21,23.28631591796875
2012-11-23,23.70548820495605
2012-11-26,23.665037155151367
2012-11-27,23.55472946166992
2012-11-28,23.742259979248047
2012-11-29,23.92977905273437
2012-11-30,23.900365829467773
2012-12-03,23.639293670654297
2012-12-04,23.676071166992188
2012-12-05,23.731216430664062
2012-12-06,23.74592971801757
2012-12-07,24.095245361328125
2012-12-10,24.02169609069824
2012-12-11,24.33056831359864
2012-12-12,24.271738052368164
2012-12-13,24.01802635192871
2012-12-14,24.02906036376953
2012-12-17,23.97389793395996
2012-12-18,24.24232482910156
2012-12-19,24.025379180908203
2012-12-20,24.10259246826172
2012-12-21,24.28644752502441
2012-12-24,24.073184967041016
2012-12-26,23.922426223754883
2012-12-27,23.918746948242188
2012-12-28,23.68710327148437
2012-12-31,24.084213256835938
2013-01-02,24.56173515319824
2013-01-03,25.49667739868164
2013-01-04,25.343414306640625
2013-01-07,25.55033302307129
2013-01-08,25.558000564575195
2013-01-09,25.726593017578125
2013-01-10,25.9411678314209
2013-01-11,25.67951774597168
2013-01-14,25.67182350158692
2013-01-15,25.410192489624023
2013-01-16,25.1639347076416
2013-01-17,25.225509643554688
2013-01-18,25.19472312927246
2013-01-22,25.317846298217773
2013-01-23,25.248584747314453
2013-01-24,25.240896224975582
2013-01-25,25.23319625854492
2013-01-28,25.394800186157227
2013-01-29,25.64875221252441
2013-01-30,25.56410789489746
2013-01-31,26.071998596191406
2013-02-01,26.064298629760746
2013-02-04,25.779560089111328
2013-02-05,26.041215896606445
2013-02-06,26.24129295349121
2013-02-07,26.46446228027344
2013-02-08,26.4798526763916
2013-02-11,26.36441802978516
2013-02-12,26.395204544067383
2013-02-13,26.518325805664062
2013-02-14,26.703014373779297
2013-02-15,26.99544906616211
2013-02-19,26.79536437988281
2013-02-20,26.56449508666992
2013-02-21,26.36441802978516
2013-02-22,26.58758354187012
2013-02-25,26.372108459472656
2013-02-26,26.21051597595215
2013-02-27,26.36441802978516
2013-02-28,26.002735137939453
2013-03-01,25.856517791748047
2013-03-04,26.40289688110352
2013-03-05,26.679931640625
2013-03-06,26.372108459472656
2013-03-07,26.495241165161133
2013-03-08,26.68762969970703
2013-03-11,26.880001068115234
2013-03-12,26.918481826782227
2013-03-13,26.94157600402832
2013-03-14,27.041608810424805
2013-03-15,26.27207374572754
2013-03-18,25.74878692626953
2013-03-19,25.81035614013672
2013-03-20,26.01813316345215
2013-03-21,25.76418685913086
2013-03-22,25.9257755279541
2013-03-25,26.01043510437012
2013-03-26,26.433670043945312
2013-03-27,26.633758544921875
2013-03-28,27.18012046813965
2013-04-01,27.17243385314941
2013-04-02,27.79576873779297
2013-04-03,27.94967460632324
2013-04-04,28.20362091064453
2013-04-05,27.94197654724121
2013-04-08,28.12666130065918
2013-04-09,28.21130752563477
2013-04-10,28.549909591674805
2013-04-11,28.78937339782715
2013-04-12,28.68122673034668
2013-04-15,27.90877342224121
2013-04-16,28.117338180541992
2013-04-17,28.79709243774414
2013-04-18,28.488115310668945
2013-04-19,28.73529815673828
2013-04-22,28.49584007263184
2013-04-23,28.74301528930664
2013-04-24,28.210039138793945
2013-04-25,28.186851501464844
2013-04-26,28.16368293762207
2013-04-29,28.372243881225582
2013-04-30,28.519018173217773
2013-05-01,28.49584007263184
2013-05-02,28.627159118652344
2013-05-03,28.426326751708984
2013-05-06,27.692481994628903
2013-05-07,27.85470199584961
2013-05-08,28.032365798950195
2013-05-09,27.94739151000977
2013-05-10,27.939668655395508
2013-05-13,28.078712463378903
2013-05-14,28.619434356689453
2013-05-15,29.090633392333984
2013-05-16,28.44949150085449
2013-05-17,28.26409912109375
2013-05-20,29.206506729125977
2013-05-21,29.13697624206543
2013-05-22,29.13697624206543
2013-05-23,28.95158195495605
2013-05-24,29.167875289916992
2013-05-28,29.78583526611328
2013-05-29,29.13697624206543
2013-05-30,29.106081008911133
2013-05-31,28.325904846191406
2013-06-03,28.70440673828125
2013-06-04,28.426326751708984
2013-06-05,28.040098190307617
2013-06-06,28.302715301513672
2013-06-07,28.97475814819336
2013-06-10,28.95931434631348
2013-06-11,28.44949150085449
2013-06-12,28.148229598999023
2013-06-13,28.34906959533692
2013-06-14,28.434053421020508
2013-06-17,28.49584007263184
2013-06-18,28.97475814819336
2013-06-19,27.97056770324707
2013-06-20,27.16721534729004
2013-06-21,27.48391914367676
2013-06-24,27.01272392272949
2013-06-25,27.120864868164062
2013-06-26,27.49937057495117
2013-06-27,27.3139877319336
2013-06-28,26.943191528320312
2013-07-01,27.05907249450684
2013-07-02,26.927759170532227
2013-07-03,26.456567764282227
2013-07-05,26.974103927612305
2013-07-08,27.352615356445312
2013-07-09,26.83506774902344
2013-07-10,26.83506774902344
2013-07-11,27.43225860595703
2013-07-12,27.393474578857425
2013-07-15,27.5175724029541
2013-07-16,27.68819808959961
2013-07-17,27.78126716613769
2013-07-18,27.68819808959961
2013-07-19,27.820049285888672
2013-07-22,27.7657527923584
2013-07-23,28.448272705078125
2013-07-24,28.269880294799805
2013-07-25,28.37071418762207
2013-07-26,28.52582359313965
2013-07-29,28.49480438232422
2013-07-30,28.603391647338867
2013-07-31,28.409486770629883
2013-08-01,28.57237243652344
2013-08-02,28.502552032470703
2013-08-05,28.269880294799805
2013-08-06,27.998435974121094
2013-08-07,27.866594314575195
2013-08-08,27.858816146850582
2013-08-09,27.8355655670166
2013-08-12,27.84331512451172
2013-08-13,27.87433624267578
2013-08-14,27.618396759033203
2013-08-15,27.16855812072754
2013-08-16,27.12203598022461
2013-08-19,27.05221366882324
2013-08-20,26.92037773132324
2013-08-21,26.8660888671875
2013-08-22,26.889345169067383
2013-08-23,27.021209716796875
2013-08-26,26.77301979064941
2013-08-27,26.37747573852539
2013-08-28,26.175819396972656
2013-08-29,26.160314559936523
2013-08-30,25.850072860717773
2013-09-03,25.53984832763672
2013-09-04,25.950899124145508
2013-09-05,26.16806602478028
2013-09-06,25.98192024230957
2013-09-09,26.2145938873291
2013-09-10,26.439510345458984
2013-09-11,26.951396942138672
2013-09-12,26.959152221679688
2013-09-13,27.044471740722656
2013-09-16,27.15304946899414
2013-09-17,27.12203598022461
2013-09-18,27.64942169189453
2013-09-19,27.40898895263672
2013-09-20,27.37021255493164
2013-09-23,27.23836708068848
2013-09-24,26.6489200592041
2013-09-25,26.11376953125
2013-09-26,26.106014251708984
2013-09-27,25.702714920043945
2013-09-30,25.741491317749023
2013-10-01,26.199085235595703
2013-10-02,26.292150497436523
2013-10-03,25.81905746459961
2013-10-04,26.02846336364746
2013-10-07,25.98192024230957
2013-10-08,25.601884841918945
2013-10-09,25.725980758666992
2013-10-10,26.201095581054688
2013-10-11,26.2945499420166
2013-10-14,26.481483459472656
2013-10-15,26.255613327026367
2013-10-16,27.96133041381836
2013-10-17,28.950496673583984
2013-10-18,29.0439567565918
2013-10-21,28.709047317504883
2013-10-22,28.83365631103516
2013-10-23,28.997228622436523
2013-10-24,28.98163795471192
2013-10-25,29.012800216674805
2013-10-28,29.03616142272949
2013-10-29,29.03616142272949
2013-10-30,28.771352767944336
2013-10-31,28.46759605407715
2013-11-01,28.78692626953125
2013-11-04,28.80250740051269
2013-11-05,29.09847450256348
2013-11-06,29.25425148010254
2013-11-07,29.31656265258789
2013-11-08,29.69041633605957
2013-11-11,29.5190658569336
2013-11-12,29.18416213989257
2013-11-13,29.41781616210937
2013-11-14,29.41001892089844
2013-11-15,29.635889053344727
2013-11-18,29.55022621154785
2013-11-19,30.14995002746582
2013-11-20,29.73715209960937
2013-11-21,29.651472091674805
2013-11-22,29.791677474975582
2013-11-25,29.71378326416016
2013-11-26,29.651472091674805
2013-11-27,29.846189498901367
2013-11-29,29.74493408203125
2013-12-02,29.70598220825196
2013-12-03,29.28541755676269
2013-12-04,29.09847450256348
2013-12-05,28.75576972961425
2013-12-06,29.230880737304688
2013-12-09,28.973852157592773
2013-12-10,28.903759002685547
2013-12-11,28.4909610748291
2013-12-12,28.265087127685547
2013-12-13,28.350759506225582
2013-12-16,28.452009201049805
2013-12-17,28.51433563232422
2013-12-18,29.69041633605957
2013-12-19,29.62031364440918
2013-12-20,29.47234344482422
2013-12-23,29.939647674560547
2013-12-24,29.74493408203125
2013-12-26,29.869548797607425
2013-12-27,29.885133743286133
2013-12-30,29.9162826538086
2013-12-31,29.85397720336914
2014-01-02,29.77607536315918
2014-01-03,30.095430374145508
2014-01-06,30.492658615112305
2014-01-07,30.25898551940918
2014-01-08,30.531583786010746
2014-01-09,30.586116790771484
2014-01-10,30.81978225708008
2014-01-13,30.631792068481445
2014-01-14,30.99208068847656
2014-01-15,30.96074485778809
2014-01-16,30.968584060668945
2014-01-17,30.85892105102539
2014-01-21,30.63962745666504
2014-01-22,29.817243576049805
2014-01-23,29.31598472595215
2014-01-24,28.65025329589844
2014-01-27,28.430952072143555
2014-01-28,28.48577308654785
2014-01-29,28.078500747680664
2014-01-30,28.6110782623291
2014-01-31,28.712905883789062
2014-02-03,28.078500747680664
2014-02-04,28.391788482666016
2014-02-05,28.47010612487793
2014-02-06,28.705055236816406
2014-02-07,29.12017250061035
2014-02-10,29.104522705078125
2014-02-11,29.723257064819336
2014-02-12,29.96605491638184
2014-02-13,30.32633209228516
2014-02-14,30.396827697753903
2014-02-18,30.490827560424805
2014-02-19,30.35766792297364
2014-02-20,30.506488800048828
2014-02-21,30.404659271240234
2014-02-24,30.52997589111328
2014-02-25,30.74144554138184
2014-02-26,30.8510971069336
2014-02-27,31.16438674926757
2014-02-28,31.156557083129883
2014-03-03,30.804107666015625
2014-03-04,31.42284774780273
2014-03-05,31.16438674926757
2014-03-06,31.117395401000977
2014-03-07,30.99208068847656
2014-03-10,31.187875747680664
2014-03-11,31.10173225402832
2014-03-12,31.062578201293945
2014-03-13,30.72579002380371
2014-03-14,30.52213859558105
2014-03-17,30.945093154907227
2014-03-18,31.117395401000977
2014-03-19,30.898082733154297
2014-03-20,30.443832397460938
2014-03-21,30.06788444519043
2014-03-24,30.09921646118164
2014-03-25,30.07571220397949
2014-03-26,30.201021194458008
2014-03-27,30.114887237548828
2014-03-28,30.005226135253903
2014-03-31,30.1618709564209
2014-04-01,30.13053131103516
2014-04-02,30.216697692871094
2014-04-03,30.27152633666992
2014-04-04,30.25585556030273
2014-04-07,29.89557456970215
2014-04-08,29.46479797363281
2014-04-09,29.472625732421875
2014-04-10,29.182842254638672
2014-04-11,29.16707801818848
2014-04-14,29.734344482421875
2014-04-15,29.91557502746582
2014-04-16,30.23857879638672
2014-04-17,30.671920776367188
2014-04-21,30.49860191345215
2014-04-22,30.411922454833984
2014-04-23,30.411922454833984
2014-04-24,30.27798843383789
2014-04-25,29.96283531188965
2014-04-28,30.23071479797364
2014-04-29,30.364643096923828
2014-04-30,30.5222225189209
2014-05-01,30.46706962585449
2014-05-02,30.380407333374023
2014-05-05,30.600997924804688
2014-05-06,30.39617156982422
2014-05-07,30.48282814025879
2014-05-08,30.51434326171875
2014-05-09,30.71919059753418
2014-05-12,30.93979835510254
2014-05-13,31.247074127197266
2014-05-14,31.45978546142578
2014-05-15,30.916162490844727
2014-05-16,30.774333953857425
2014-05-19,31.223426818847656
2014-05-20,31.15251922607422
2014-05-21,31.168275833129883
2014-05-22,31.23918914794922
2014-05-23,31.19979476928711
2014-05-27,31.184038162231445
2014-05-28,31.25494956970215
2014-05-29,31.19979476928711
2014-05-30,31.522817611694336
2014-06-02,31.357372283935547
2014-06-03,31.37311363220215
2014-06-04,31.31796836853028
2014-06-05,31.63312721252441
2014-06-06,31.55433654785156
2014-06-09,31.61738014221192
2014-06-10,31.932525634765625
2014-06-11,31.51494407653809
2014-06-12,31.3652572631836
2014-06-13,31.3494930267334
2014-06-16,31.43616485595703
2014-06-17,31.40464401245117
2014-06-18,31.80646324157715
2014-06-19,32.30282211303711
2014-06-20,32.18463897705078
2014-06-23,32.090084075927734
2014-06-24,31.869478225708008
2014-06-25,32.06645965576172
2014-06-26,32.0034294128418
2014-06-27,31.94039535522461
2014-06-30,32.224029541015625
2014-07-01,32.44463348388672
2014-07-02,32.92523956298828
2014-07-03,33.0040283203125
2014-07-07,32.70463180541992
2014-07-08,32.34221267700195
2014-07-09,32.51554870605469
2014-07-10,32.49190902709961
2014-07-11,32.71369171142578
2014-07-14,33.12558364868164
2014-07-15,32.6107177734375
2014-07-16,32.51566696166992
2014-07-17,33.1889533996582
2014-07-18,33.846397399902344
2014-07-21,34.028587341308594
2014-07-22,34.131553649902344
2014-07-23,34.03650665283203
2014-07-24,33.97313690185547
2014-07-25,34.09195327758789
2014-07-28,34.004825592041016
2014-07-29,33.862247467041016
2014-07-30,33.94938278198242
2014-07-31,33.36321258544922
2014-08-01,33.29192352294922
2014-08-04,33.57709503173828
2014-08-05,33.09389114379883
2014-08-06,33.08598709106445
2014-08-07,32.89588165283203
2014-08-08,33.022613525390625
2014-08-11,33.30776596069336
2014-08-12,32.927547454833984
2014-08-13,33.39490509033203
2014-08-14,33.529563903808594
2014-08-15,33.31570053100586
2014-08-18,33.45034408569336
2014-08-19,33.695892333984375
2014-08-20,33.37907409667969
2014-08-21,33.52164077758789
2014-08-22,33.35530471801758
2014-08-25,33.65629959106445
2014-08-26,33.9018440246582
2014-08-27,33.74342727661133
2014-08-28,33.54538345336914
2014-08-29,33.458274841308594
2014-09-02,33.45034408569336
2014-09-03,33.87015914916992
2014-09-04,33.9810676574707
2014-09-05,34.020660400390625
2014-09-08,33.90978240966797
2014-09-09,33.92560577392578
2014-09-10,33.9810676574707
2014-09-11,33.71173858642578
2014-09-12,33.70381164550781
2014-09-15,33.838478088378906
2014-09-16,33.9810676574707
2014-09-17,34.36125564575195
2014-09-18,34.6068000793457
2014-09-19,34.527610778808594
2014-09-22,34.37709045410156
2014-09-23,33.664207458496094
2014-09-24,33.767189025878906
2014-09-25,33.26816940307617
2014-09-26,33.27608108520508
2014-09-29,33.1889533996582
2014-09-30,32.94340133666992
2014-10-01,32.61865234375
2014-10-02,32.64242172241211
2014-10-03,33.10181427001953
2014-10-06,33.553321838378906
2014-10-07,32.84043884277344
2014-10-08,33.37907409667969
2014-10-09,32.97507858276367
2014-10-10,33.07859802246094
2014-10-13,32.584896087646484
2014-10-14,32.696372985839844
2014-10-15,31.860254287719727
2014-10-16,31.84433555603028
2014-10-17,32.53712463378906
2014-10-20,33.01491165161133
2014-10-21,33.75547790527344
2014-10-22,33.11842346191406
2014-10-23,33.78731155395508
2014-10-24,33.81121826171875
2014-10-27,33.63603210449219
2014-10-28,33.843055725097656
2014-10-29,34.0341796875
2014-10-30,34.631404876708984
2014-10-31,34.7110481262207
2014-11-03,34.472164154052734
2014-11-04,34.72696685791016
2014-11-05,34.76678466796875
2014-11-06,34.790653228759766
2014-11-07,34.53584671020508
2014-11-10,35.10918426513672
2014-11-11,35.23660659790039
2014-11-12,35.220672607421875
2014-11-13,35.507347106933594
2014-11-14,34.886226654052734
2014-11-17,34.80659103393555
2014-11-18,34.798641204833984
2014-11-19,34.58362579345703
2014-11-20,34.862335205078125
2014-11-21,34.886226654052734
2014-11-24,35.29234313964844
2014-11-25,35.16492462158203
2014-11-26,35.23660659790039
2014-11-28,35.443634033203125
2014-12-01,35.29234313964844
2014-12-02,36.0090217590332
2014-12-03,36.37531661987305
2014-12-04,36.22401428222656
2014-12-05,36.07272720336914
2014-12-08,36.39921569824219
2014-12-09,36.18421173095703
2014-12-10,35.332157135009766
2014-12-11,35.403831481933594
2014-12-12,34.790653228759766
2014-12-15,34.607513427734375
2014-12-16,34.55972671508789
2014-12-17,35.244571685791016
2014-12-18,36.44698333740234
2014-12-19,36.6699447631836
2014-12-22,36.92477035522461
2014-12-23,36.40716552734375
2014-12-24,36.391258239746094
2014-12-26,36.51070022583008
2014-12-29,36.311614990234375
2014-12-30,36.38328552246094
2014-12-31,35.84976577758789
2015-01-02,35.75420379638672
2015-01-05,35.76215744018555
2015-01-06,35.35604476928711
2015-01-07,35.64270782470703
2015-01-08,36.37531661987305
2015-01-09,35.993099212646484
2015-01-12,36.29570388793945
2015-01-13,35.7113037109375
2015-01-14,35.4471321105957
2015-01-15,35.18296432495117
2015-01-16,35.61524963378906
2015-01-20,35.39909744262695
2015-01-21,35.2710075378418
2015-01-22,35.61524963378906
2015-01-23,35.110923767089844
2015-01-26,35.34306335449219
2015-01-27,34.96682357788086
2015-01-28,34.75068664550781
2015-01-29,36.23165893554688
2015-01-30,35.831382751464844
2015-02-02,36.2076301574707
2015-02-03,36.68793869018555
2015-02-04,36.15959548950195
2015-02-05,36.54384613037109
2015-02-06,36.42377471923828
2015-02-09,35.6392707824707
2015-02-10,35.95947265625
2015-02-11,35.96747970581055
2015-02-12,36.19963073730469
2015-02-13,36.89608383178711
2015-02-17,37.15224838256836
2015-02-18,37.15224838256836
2015-02-19,37.31235122680664
2015-02-20,38.0088119506836
2015-02-23,37.88071060180664
2015-02-24,38.00081253051758
2015-02-25,37.94477081298828
2015-02-26,38.11287307739258
2015-02-27,37.920745849609375
2015-03-02,37.800689697265625
2015-03-03,37.69660568237305
2015-03-04,37.632568359375
2015-03-05,37.97677993774414
2015-03-06,37.22430419921875
2015-03-09,37.48847198486328
2015-03-10,36.96012878417969
2015-03-11,37.064186096191406
2015-03-12,37.82469177246094
2015-03-13,37.52849960327149
2015-03-16,38.28899765014648
2015-03-17,37.69660568237305
2015-03-18,37.936767578125
2015-03-19,37.97677993774414
2015-03-20,38.00081253051758
2015-03-23,38.00081253051758
2015-03-24,37.62455749511719
2015-03-25,37.24831008911133
2015-03-26,37.22430419921875
2015-03-27,37.44844436645508
2015-03-30,37.6886100769043
2015-03-31,37.08821105957031
2015-04-01,36.73597717285156
2015-04-02,36.9281005859375
2015-04-06,37.064186096191406
2015-04-07,36.97613525390625
2015-04-08,37.31235122680664
2015-04-09,37.62455749511719
2015-04-10,37.7446403503418
2015-04-13,37.43887710571289
2015-04-14,37.5756721496582
2015-04-15,37.68027114868164
2015-04-16,37.43083572387695
2015-04-17,37.21358871459961
2015-04-20,37.519344329833984
2015-04-21,37.91360855102539
2015-04-22,38.90329360961914
2015-04-23,38.991798400878906
2015-04-24,38.87914276123047
2015-04-27,38.21132278442383
2015-04-28,38.29177474975586
2015-04-29,37.95384979248047
2015-04-30,37.35036849975586
2015-05-01,37.56762313842773
2015-05-04,37.81704711914063
2015-05-05,37.69636535644531
2015-05-06,37.44692611694336
2015-05-07,37.41475296020508
2015-05-08,38.27568817138672
2015-05-11,38.08257293701172
2015-05-12,37.921653747558594
2015-05-13,37.841190338134766
2015-05-14,39.1607666015625
2015-05-15,39.19294357299805
2015-05-18,39.29754257202149
2015-05-19,39.43434143066406
2015-05-20,39.53893280029297
2015-05-21,39.69985580444336
2015-05-22,39.45042037963867
2015-05-26,39.10444259643555
2015-05-27,39.43434143066406
2015-05-28,39.635475158691406
2015-05-29,39.10444259643555
2015-06-01,39.37801361083984
2015-06-02,39.37801361083984
2015-06-03,39.31363677978516
2015-06-04,39.16880035400391
2015-06-05,38.98374938964844
2015-06-08,38.97568893432617
2015-06-09,38.7664909362793
2015-06-10,39.02399063110352
2015-06-11,39.47456741333008
2015-06-12,39.1607666015625
2015-06-15,38.67798614501953
2015-06-16,39.00788497924805
2015-06-17,39.08028793334961
2015-06-18,40.18263244628906
2015-06-19,40.14238357543945
2015-06-22,40.25505447387695
2015-06-23,40.13433837890625
2015-06-24,39.82860565185547
2015-06-25,39.69180679321289
2015-06-26,40.2067756652832
2015-06-29,39.43434143066406
2015-06-30,39.49065017700195
2015-07-01,39.84469604492188
2015-07-02,39.75618743896485
2015-07-06,40.02169799804688
2015-07-07,40.39987564086914
2015-07-08,39.62744903564453
2015-07-09,39.57917404174805
2015-07-10,40.174583435058594
2015-07-13,40.19882583618164
2015-07-14,40.5869140625
2015-07-15,39.86734390258789
2015-07-16,40.2392578125
2015-07-17,40.344383239746094
2015-07-20,40.4737434387207
2015-07-21,40.23118591308594
2015-07-22,41.21755599975586
2015-07-23,41.39543533325195
2015-07-24,41.27414321899414
2015-07-27,40.98307418823242
2015-07-28,41.18522262573242
2015-07-29,41.28223419189453
2015-07-30,41.04777145385742
2015-07-31,40.98307418823242
2015-08-03,40.82947540283203
2015-08-04,40.83755111694336
2015-08-05,40.81329727172852
2015-08-06,40.68394088745117
2015-08-07,40.51415252685547
2015-08-10,40.958831787109375
2015-08-11,40.74052810668945
2015-08-12,40.49797821044922
2015-08-13,40.295860290527344
2015-08-14,40.611175537109375
2015-08-17,40.732452392578125
2015-08-18,40.78096389770508
2015-08-19,40.295860290527344
2015-08-20,39.23671340942383
2015-08-21,38.10480880737305
2015-08-24,35.33163833618164
2015-08-25,34.68484115600586
2015-08-26,35.55802154541016
2015-08-27,36.90013885498047
2015-08-28,37.20735931396485
2015-08-31,36.617164611816406
2015-09-01,35.22652816772461
2015-09-02,35.76823043823242
2015-09-03,35.687381744384766
2015-09-04,34.82228088378906
2015-09-08,35.60653305053711
2015-09-09,34.95165252685547
2015-09-10,34.86271286010742
2015-09-11,35.097171783447266
2015-09-14,34.903133392333984
2015-09-15,35.42058563232422
2015-09-16,35.46100616455078
2015-09-17,35.76823043823242
2015-09-18,35.032508850097656
2015-09-21,35.00822830200195
2015-09-22,34.34525680541992
2015-09-23,34.1188850402832
2015-09-24,33.90867614746094
2015-09-25,33.03548049926758
2015-09-28,31.58018112182617
2015-09-29,31.935937881469727
2015-09-30,32.51804733276367
2015-10-01,32.95464324951172
2015-10-02,33.45590591430664
2015-10-05,33.463985443115234
2015-10-06,32.25124740600586
2015-10-07,32.84953689575195
2015-10-08,33.27803039550781
2015-10-09,33.868247985839844
2015-10-12,33.60953140258789
2015-10-13,33.27610778808594
2015-10-14,33.11347961425781
2015-10-15,34.04866409301758
2015-10-16,34.3332633972168
2015-10-19,34.2763557434082
2015-10-20,33.94294357299805
2015-10-21,34.31699752807617
2015-10-22,35.374168395996094
2015-10-23,35.45548629760742
2015-10-26,35.463623046875
2015-10-27,35.68318176269531
2015-10-28,36.398807525634766
2015-10-29,36.78913879394531
2015-10-30,36.43133163452149
2015-11-02,36.94363784790039
2015-11-03,37.00870513916016
2015-11-04,36.7403450012207
2015-11-05,36.7403450012207
2015-11-06,37.10627365112305
2015-11-09,36.63462448120117
2015-11-10,37.212005615234375
2015-11-11,36.65089797973633
2015-11-12,35.93526077270508
2015-11-13,35.748233795166016
2015-11-16,36.49639129638672
2015-11-17,36.40693283081055
2015-11-18,37.24452972412109
2015-11-19,37.1876106262207
2015-11-20,37.41530227661133
2015-11-23,36.9517707824707
2015-11-24,36.95989608764648
2015-11-25,36.92739486694336
2015-11-27,36.93550491333008
2015-11-30,36.52891540527344
2015-12-01,36.96804428100586
2015-12-02,36.77286911010742
2015-12-03,35.90274429321289
2015-12-04,36.83792495727539
2015-12-07,37.04936218261719
2015-12-08,37.04123306274414
2015-12-09,36.56143569946289
2015-12-10,36.84606170654297
2015-12-11,36.073524475097656
2015-12-14,36.4394645690918
2015-12-15,37.07374954223633
2015-12-16,37.44783020019531
2015-12-17,36.80540084838867
2015-12-18,35.53682327270508
2015-12-21,35.813289642333984
2015-12-22,36.17110824584961
2015-12-23,36.67529678344727
2015-12-24,36.67529678344727
2015-12-28,36.61835479736328
2015-12-29,37.26078414916992
2015-12-30,36.81353378295898
2015-12-31,36.52077102661133
2016-01-04,34.910640716552734
2016-01-05,34.902523040771484
2016-01-06,34.60976028442383
2016-01-07,33.78029251098633
2016-01-08,33.072811126708984
2016-01-11,33.121604919433594
2016-01-12,33.71524810791016
2016-01-13,32.96237564086914
2016-01-14,33.63340759277344
2016-01-15,33.175140380859375
2016-01-19,33.08513641357422
2016-01-20,32.70051193237305
2016-01-21,32.307716369628906
2016-01-22,32.75779724121094
2016-01-25,32.45500564575195
2016-01-26,32.86418151855469
2016-01-27,33.11785888671875
2016-01-28,30.040935516357425
2016-01-29,30.973833084106445
2016-02-01,31.464826583862305
2016-02-02,30.998380661010746
2016-02-03,31.11296272277832
2016-02-04,31.1047592163086
2016-02-05,30.6137752532959
2016-02-08,30.654682159423828
2016-02-09,30.278255462646484
2016-02-10,30.450096130371094
2016-02-11,29.7381534576416
2016-02-12,30.3846435546875
2016-02-16,31.088397979736328
2016-02-17,31.464826583862305
2016-02-18,31.35025215148925
2016-02-19,31.53030204772949
2016-02-22,32.045841217041016
2016-02-23,31.41573143005371
2016-02-24,32.07857894897461
2016-02-25,32.43045425415039
2016-02-26,32.3404426574707
2016-02-29,31.7021541595459
2016-03-01,32.18497467041016
2016-03-02,32.19314193725586
2016-03-03,31.76761245727539
2016-03-04,32.06221389770508
2016-03-07,32.06221389770508
2016-03-08,32.05402755737305
2016-03-09,32.1440544128418
2016-03-10,31.939451217651367
2016-03-11,33.03602600097656
2016-03-14,33.14241409301758
2016-03-15,32.65141677856445
2016-03-16,32.88055419921875
2016-03-17,32.9705696105957
2016-03-18,33.379737854003906
2016-03-21,33.35517883300781
2016-03-22,33.57613754272461
2016-03-23,33.37153625488281
2016-03-24,33.34698867797852
2016-03-28,33.453372955322266
2016-03-29,33.93620681762695
2016-03-30,34.0834846496582
2016-03-31,34.23079299926758
2016-04-01,34.5254020690918
2016-04-04,34.63177490234375
2016-04-05,34.40263366699219
2016-04-06,35.229156494140625
2016-04-07,34.86908721923828
2016-04-08,34.672691345214844
2016-04-11,34.7627067565918
2016-04-12,35.04092788696289
2016-04-13,35.69137191772461
2016-04-14,35.82310485839844
2016-04-15,35.74076461791992
2016-04-18,36.18537521362305
2016-04-19,36.1030387878418
2016-04-20,36.20183563232422
2016-04-21,36.12774658203125
2016-04-22,36.29240036010742
2016-04-25,36.23476791381836
2016-04-26,36.12774658203125
2016-04-27,36.08656692504883
2016-04-28,33.27901077270508
2016-04-29,32.027549743652344
2016-05-02,31.98638916015625
2016-05-03,31.73938751220703
2016-05-04,31.368894577026367
2016-05-05,31.698213577270508
2016-05-06,31.26184844970703
2016-05-09,31.27009391784668
2016-05-10,31.368894577026367
2016-05-11,31.29478073120117
2016-05-12,31.286535263061523
2016-05-13,30.957225799560547
2016-05-16,31.49238967895508
2016-05-17,31.04778289794922
2016-05-18,31.08072090148925
2016-05-19,30.66082000732422
2016-05-20,30.957225799560547
2016-05-23,30.767860412597656
2016-05-24,31.27009391784668
2016-05-25,31.84642219543457
2016-05-26,32.019309997558594
2016-05-27,32.35687255859375
2016-05-31,32.62857437133789
2016-06-01,32.52155303955078
2016-06-02,32.546241760253906
2016-06-03,32.25808334350586
2016-06-06,32.24984359741211
2016-06-07,32.05223846435547
2016-06-08,32.03578567504883
2016-06-09,32.00285720825195
2016-06-10,31.61587905883789
2016-06-13,31.171274185180664
2016-06-14,31.00662422180176
2016-06-15,30.817251205444336
2016-06-16,30.87489318847656
2016-06-17,30.78431510925293
2016-06-20,31.08072090148925
2016-06-21,31.06426048278809
2016-06-22,31.89582252502441
2016-06-23,32.62857437133789
2016-06-24,31.212446212768555
2016-06-27,30.42205810546875
2016-06-28,30.924291610717773
2016-06-29,31.75585174560547
2016-06-30,32.3651237487793
2016-07-01,32.55447769165039
2016-07-05,32.47214126586914
2016-07-06,33.616580963134766
2016-07-07,34.052947998046875
2016-07-08,34.48930740356445
2016-07-11,34.67868423461914
2016-07-12,34.96684646606445
2016-07-13,34.76803207397461
2016-07-14,35.02483367919922
2016-07-15,34.875728607177734
2016-07-18,34.8674201965332
2016-07-19,34.627193450927734
2016-07-20,35.331329345703125
2016-07-21,35.65442657470703
2016-07-22,35.762115478515625
2016-07-25,35.9609260559082
2016-07-26,36.11831283569336
2016-07-27,36.17630386352539
2016-07-28,36.82247161865234
2016-07-29,37.07097625732422
2016-08-01,37.51832962036133
2016-08-02,37.33607482910156
2016-08-03,37.236663818359375
2016-08-04,37.12067413330078
2016-08-05,37.49345779418945
2016-08-08,37.29466247558594
2016-08-09,37.34433364868164
2016-08-10,37.12067413330078
2016-08-11,37.31950759887695
2016-08-12,37.31121826171875
2016-08-15,37.40234756469727
2016-08-16,37.21181869506836
2016-08-17,37.012996673583984
2016-08-18,36.74790573120117
2016-08-19,36.64850616455078
2016-08-22,36.59050369262695
2016-08-23,36.366844177246094
2016-08-24,35.762115478515625
2016-08-25,35.48873519897461
2016-08-26,35.60469436645508
2016-08-29,35.82838821411133
2016-08-30,35.48044967651367
2016-08-31,34.8094482421875
2016-09-01,35.041404724121094
2016-09-02,34.8674201965332
2016-09-06,34.9254264831543
2016-09-07,34.71002197265625
2016-09-08,34.66861343383789
2016-09-09,33.97276306152344
2016-09-12,34.312400817871094
2016-09-13,33.66625213623047
2016-09-14,33.80707550048828
2016-09-15,34.06387710571289
2016-09-16,34.685184478759766
2016-09-19,34.527793884277344
2016-09-20,34.44493865966797
2016-09-21,34.726600646972656
2016-09-22,34.975128173828125
2016-09-23,34.95027160644531
2016-09-26,34.527793884277344
2016-09-27,35.066253662109375
2016-09-28,35.033103942871094
2016-09-29,34.32896041870117
2016-09-30,35.033103942871094
2016-10-03,35.24849319458008
2016-10-04,34.875728607177734
2016-10-05,35.40589904785156
2016-10-06,35.596431732177734
2016-10-07,35.596431732177734
2016-10-10,36.03548431396485
2016-10-11,34.097015380859375
2016-10-12,34.16372299194336
2016-10-13,34.16372299194336
2016-10-14,34.00533676147461
2016-10-17,33.83858108520508
2016-10-18,34.32209777832031
2016-10-19,33.35504531860352
2016-10-20,33.963623046875
2016-10-21,33.763553619384766
2016-10-24,33.68851089477539
2016-10-25,33.50511169433594
2016-10-26,33.31336975097656
2016-10-27,33.58848190307617
2016-10-28,32.96322250366211
2016-10-31,32.713134765625
2016-11-01,32.55473709106445
2016-11-02,32.262943267822266
2016-11-03,31.99617958068848
2016-11-04,32.58808517456055
2016-11-07,33.230003356933594
2016-11-08,33.20499420166016
2016-11-09,33.40507507324219
2016-11-10,33.855255126953125
2016-11-11,33.463436126708984
2016-11-14,32.679786682128906
2016-11-15,33.188323974609375
2016-11-16,33.30502700805664
2016-11-17,33.671852111816406
2016-11-18,33.21333312988281
2016-11-21,33.14663314819336
2016-11-22,31.76274681091309
2016-11-23,32.496368408203125
2016-11-25,32.64643478393555
2016-11-28,32.29629898071289
2016-11-29,32.287960052490234
2016-11-30,31.73774147033692
2016-12-01,31.34592056274414
2016-12-02,31.59601402282715
2016-12-05,32.037845611572266
2016-12-06,32.02952194213867
2016-12-07,32.07954406738281
2016-12-08,32.24628448486328
2016-12-09,32.679786682128906
2016-12-12,32.679786682128906
2016-12-13,32.87985610961914
2016-12-14,32.36299133300781
2016-12-15,32.45469284057617
2016-12-16,31.76274681091309
2016-12-19,31.96283912658692
2016-12-20,31.8377742767334
2016-12-21,31.87946319580078
2016-12-22,31.92114448547364
2016-12-23,32.02952194213867
2016-12-27,32.179588317871094
2016-12-28,31.862796783447266
2016-12-29,31.93781471252441
2016-12-30,32.021183013916016
2017-01-03,32.55473709106445
2017-01-04,32.813167572021484
2017-01-05,33.09662628173828
2017-01-06,33.996971130371094
2017-01-09,33.963623046875
2017-01-10,34.422149658203125
2017-01-11,34.46830368041992
2017-01-12,34.16624450683594
2017-01-13,34.34244537353516
2017-01-17,34.317264556884766
2017-01-18,34.19979476928711
2017-01-19,33.897743225097656
2017-01-20,33.948081970214844
2017-01-23,33.84739303588867
2017-01-24,33.822235107421875
2017-01-25,33.822235107421875
2017-01-26,34.36760711669922
2017-01-27,34.40117263793945
2017-01-30,34.40956115722656
2017-01-31,35.047245025634766
2017-02-01,35.51711654663086
2017-02-02,35.86951446533203
2017-02-03,35.89468765258789
2017-02-06,35.601009368896484
2017-02-07,35.98698425292969
2017-02-08,35.57584762573242
2017-02-09,35.69330978393555
2017-02-10,35.861122131347656
2017-02-13,36.26387023925781
2017-02-14,36.62466049194336
2017-02-15,36.9183235168457
2017-02-16,37.08614349365234
2017-02-17,37.49728012084961
2017-02-21,37.76577377319336
2017-02-22,37.76577377319336
2017-02-23,38.093017578125
2017-02-24,38.32794189453125
2017-02-27,38.143348693847656
2017-02-28,37.82451248168945
2017-03-01,38.25241470336914
2017-03-02,38.336334228515625
2017-03-03,37.96714782714844
2017-03-06,37.86645126342773
2017-03-07,37.75737762451172
2017-03-08,38.05944061279297
2017-03-09,38.28598785400391
2017-03-10,38.36151123046875
2017-03-13,38.20208358764648
2017-03-14,37.58955383300781
2017-03-15,38.02587890625
2017-03-16,37.74060821533203
2017-03-17,37.916805267333984
2017-03-20,37.74060821533203
2017-03-21,37.58955383300781
2017-03-22,37.59796524047852
2017-03-23,37.56441116333008
2017-03-24,37.53083801269531
2017-03-27,37.505672454833984
2017-03-28,37.505672454833984
2017-03-29,37.4804916381836
2017-03-30,37.37981414794922
2017-03-31,37.262351989746094
2017-04-03,37.312686920166016
2017-04-04,37.0693588256836
2017-04-05,36.75050735473633
2017-04-06,36.641448974609375
2017-04-07,36.77568817138672
2017-04-10,36.574317932128906
2017-04-11,36.78958511352539
2017-04-12,36.7051887512207
2017-04-13,36.02137756347656
2017-04-17,36.5616569519043
2017-04-18,36.662967681884766
2017-04-19,36.798038482666016
2017-04-20,37.12726593017578
2017-04-21,36.74737930297852
2017-04-24,37.253883361816406
2017-04-25,36.94153594970703
2017-04-26,36.97529983520508
2017-04-27,36.84867477416992
2017-04-28,36.84024429321289
2017-05-01,36.7051887512207
2017-05-02,36.80646133422852
2017-05-03,36.90776824951172
2017-05-04,37.64221954345703
2017-05-05,37.684417724609375
2017-05-08,37.71818542480469
2017-05-09,37.709747314453125
2017-05-10,37.56623077392578
2017-05-11,37.02596282958984
2017-05-12,37.11037826538086
2017-05-15,37.17791366577149
2017-05-16,36.88245391845703
2017-05-17,36.36749649047852
2017-05-18,36.28307342529297
2017-05-19,36.43502426147461
2017-05-22,36.91621780395508
2017-05-23,36.8740119934082
2017-05-24,36.74737930297852
2017-05-25,37.1019401550293
2017-05-26,37.7435188293457
2017-05-30,37.98833847045898
2017-05-31,38.545501708984375
2017-06-01,38.91692733764648
2017-06-02,39.25461959838867
2017-06-05,39.35591506958008
2017-06-06,39.13641357421875
2017-06-07,39.30525588989258
2017-06-08,39.440338134765625
2017-06-09,39.9215087890625
2017-06-12,39.82021331787109
2017-06-13,40.06502532958984
2017-06-14,40.21699142456055
2017-06-15,40.622188568115234
2017-06-16,40.69816589355469
2017-06-19,41.27220916748047
2017-06-20,41.17090606689453
2017-06-21,41.002071380615234
2017-06-22,41.5930061340332
2017-06-23,41.43260192871094
2017-06-26,41.28908920288086
2017-06-27,41.08648681640625
2017-06-28,40.92609786987305
2017-06-29,41.13714218139648
2017-06-30,41.03584289550781
2017-07-03,41.12026596069336
2017-07-05,41.36506652832031
2017-07-06,40.47023391723633
2017-07-07,40.89231872558594
2017-07-10,40.71503829956055
2017-07-11,40.64750289916992
2017-07-12,41.11014175415039
2017-07-13,40.81304931640625
2017-07-14,41.5175895690918
2017-07-17,41.390254974365234
2017-07-18,41.373291015625
2017-07-19,41.9589958190918
2017-07-20,43.16437149047852
2017-07-21,43.155879974365234
2017-07-24,43.1219367980957
2017-07-25,43.14740753173828
2017-07-26,42.78239440917969
2017-07-27,42.53621673583984
2017-07-28,42.11178588867188
2017-07-31,41.74678039550781
2017-08-01,41.72132873535156
2017-08-02,41.78923034667969
2017-08-03,41.72980880737305
2017-08-04,41.81468200683594
2017-08-07,41.848628997802734
2017-08-08,41.492130279541016
2017-08-09,41.39875030517578
2017-08-10,40.79606246948242
2017-08-11,41.20351791381836
2017-08-14,41.661895751953125
2017-08-15,41.44119644165039
2017-08-16,42.28156280517578
2017-08-17,41.84016418457031
2017-08-18,41.373291015625
2017-08-21,41.492130279541016
2017-08-22,42.19667816162109
2017-08-23,42.13725662231445
2017-08-24,41.91655349731445
2017-08-25,41.89108276367188
2017-08-28,42.66354370117188
2017-08-29,42.57017135620117
2017-08-30,42.53621673583984
2017-08-31,43.24076843261719
2017-09-01,43.44450378417969
2017-09-05,43.317169189453125
2017-09-06,43.45299530029297
2017-09-07,43.707645416259766
2017-09-08,44.15754318237305
2017-09-11,44.522552490234375
2017-09-12,44.35277557373047
2017-09-13,44.14056015014648
2017-09-14,43.87741470336914
2017-09-15,43.93682861328125
2017-09-18,44.20847702026367
2017-09-19,43.63973236083984
2017-09-20,44.04718017578125
2017-09-21,43.65671157836914
2017-09-22,44.5734748840332
2017-09-25,44.65837097167969
2017-09-26,44.86208724975586
2017-09-27,44.26789855957031
2017-09-28,45.53268814086914
2017-09-29,45.29500579833984
2017-10-02,45.5666389465332
2017-10-03,45.62606048583984
2017-10-04,46.12689208984375
2017-10-05,46.619232177734375
2017-10-06,46.6871337890625
2017-10-09,46.39852142333984
2017-10-10,47.02667999267578
2017-10-11,46.21176528930664
2017-10-12,46.66812896728516
2017-10-13,46.61695098876953
2017-10-16,46.599891662597656
2017-10-17,46.966678619384766
2017-10-18,47.57230758666992
2017-10-19,47.76850509643555
2017-10-20,48.04146194458008
2017-10-23,47.83675003051758
2017-10-24,47.23964309692383
2017-10-25,47.33349609375
2017-10-26,47.32494354248047
2017-10-27,47.23112487792969
2017-10-30,46.309871673583984
2017-10-31,46.25868988037109
2017-11-01,46.0625
2017-11-02,46.37811279296875
2017-11-03,47.31641006469727
2017-11-06,46.92403793334961
2017-11-07,47.05198669433594
2017-11-08,47.128753662109375
2017-11-09,47.29935836791992
2017-11-10,46.744903564453125
2017-11-13,47.17140579223633
2017-11-14,46.92403793334961
2017-11-15,46.77050018310547
2017-11-16,47.37612915039063
2017-11-17,47.3931884765625
2017-11-20,47.16288757324219
2017-11-21,47.8708610534668
2017-11-22,47.59790802001953
2017-11-24,47.8794059753418
2017-11-27,47.89647674560547
2017-11-28,47.78557968139648
2017-11-29,47.41025161743164
2017-11-30,48.08412170410156
2017-12-01,47.75145721435547
2017-12-04,46.66812896728516
2017-12-05,46.73637390136719
2017-12-06,46.62548065185547
2017-12-07,46.65107345581055
2017-12-08,46.60841751098633
2017-12-11,46.86432647705078
2017-12-12,47.51260757446289
2017-12-13,46.966678619384766
2017-12-14,46.68519592285156
2017-12-15,47.34199523925781
2017-12-18,48.10971832275391
2017-12-19,48.45091247558594
2017-12-20,48.63858413696289
2017-12-21,48.561805725097656
2017-12-22,48.561805725097656
2017-12-26,48.62151718139648
2017-12-27,49.02243423461914
2017-12-28,49.013893127441406
2017-12-29,48.68122863769531
2018-01-02,50.148414611816406
2018-01-03,50.25930404663086
2018-01-04,50.17400360107422
2018-01-05,50.31900787353516
2018-01-08,50.17400360107422
2018-01-09,50.25930404663086
2018-01-10,50.182525634765625
2018-01-11,50.52536010742188
2018-01-12,50.43108367919922
2018-01-16,50.08824920654297
2018-01-17,50.55964279174805
2018-01-18,50.628204345703125
2018-01-19,50.83392333984375
2018-01-22,51.056758880615234
2018-01-23,50.76535034179688
2018-01-24,52.89949417114258
2018-01-25,54.18513870239258
2018-01-26,54.35654830932617
2018-01-29,54.26227951049805
2018-01-30,53.5166015625
2018-01-31,53.27661895751953
2018-02-01,53.293758392333984
2018-02-02,52.87379455566406
2018-02-05,50.3368034362793
2018-02-06,50.44822311401367
2018-02-07,50.2853889465332
2018-02-08,48.22837066650391
2018-02-09,48.99974822998047
2018-02-12,49.2054557800293
2018-02-13,49.40258026123047
2018-02-14,49.951114654541016
2018-02-15,50.99676132202149
2018-02-16,51.57101821899414
2018-02-20,50.67106628417969
2018-02-21,50.55964279174805
2018-02-22,50.55964279174805
2018-02-23,51.176753997802734
2018-02-26,51.87956619262695
2018-02-27,51.896705627441406
2018-02-28,51.70814895629883
2018-03-01,50.38823699951172
2018-03-02,50.96247863769531
2018-03-05,51.742431640625
2018-03-06,52.17953872680664
2018-03-07,52.53096389770508
2018-03-08,53.0280647277832
2018-03-09,54.51082992553711
2018-03-12,54.52797317504883
2018-03-13,54.167999267578125
2018-03-14,53.87657165527344
2018-03-15,53.645164489746094
2018-03-16,54.15084457397461
2018-03-19,53.36233139038086
2018-03-20,53.69660186767578
2018-03-21,53.49946594238281
2018-03-22,52.22239303588867
2018-03-23,50.99676132202149
2018-03-26,52.342384338378906
2018-03-27,51.6652946472168
2018-03-28,50.76535034179688
2018-03-29,51.35674285888672
2018-04-02,49.89112091064453
2018-04-03,50.56822967529297
2018-04-04,50.96247863769531
2018-04-05,51.3053092956543
2018-04-06,49.34257507324219
2018-04-09,49.89969253540039
2018-04-10,50.68820571899414
2018-04-11,50.09681701660156
2018-04-12,50.66521835327149
2018-04-13,50.37240982055664
2018-04-16,51.04415512084961
2018-04-17,51.50060272216797
2018-04-18,51.25946044921875
2018-04-19,51.56948852539063
2018-04-20,50.97526168823242
2018-04-23,50.673828125
2018-04-24,50.21738815307617
2018-04-25,50.51020812988281
2018-04-26,51.24223709106445
2018-04-27,51.29391860961914
2018-04-30,50.0623779296875
2018-05-01,50.65661239624024
2018-05-02,49.821231842041016
2018-05-03,49.89012908935547
2018-05-04,50.58771514892578
2018-05-07,51.087215423583984
2018-05-08,50.5618782043457
2018-05-09,51.15612030029297
2018-05-10,52.155120849609375
2018-05-11,52.75796890258789
2018-05-14,53.412506103515625
2018-05-15,52.13789749145508
2018-05-16,52.33597183227539
2018-05-17,52.585723876953125
2018-05-18,53.14551544189453
2018-05-21,53.48999786376953
2018-05-22,52.86992263793945
2018-05-23,53.25747680664063
2018-05-24,53.83449172973633
2018-05-25,53.71390914916992
2018-05-29,52.79241180419922
2018-05-30,53.45555877685547
2018-05-31,52.99050521850586
2018-06-01,53.74836730957031
2018-06-04,54.27370834350586
2018-06-05,54.282325744628906
2018-06-06,54.72154235839844
2018-06-07,54.41149520874024
2018-06-08,54.48900985717773
2018-06-11,54.368446350097656
2018-06-12,54.18758773803711
2018-06-13,53.93782806396485
2018-06-14,54.22203063964844
2018-06-15,54.17897033691406
2018-06-18,54.10146331787109
2018-06-19,53.68808364868164
2018-06-20,53.51584243774414
2018-06-21,53.17997360229492
2018-06-22,53.34359359741211
2018-06-25,52.33597183227539
2018-06-26,52.37042999267578
2018-06-27,52.094852447509766
2018-06-28,52.76659393310547
2018-06-29,52.52543258666992
2018-07-02,52.5340576171875
2018-07-03,52.37042999267578
2018-07-05,52.81827926635742
2018-07-06,53.53306198120117
2018-07-09,53.774208068847656
2018-07-10,54.092864990234375
2018-07-11,53.88616561889648
2018-07-12,54.27544784545898
2018-07-13,54.552284240722656
2018-07-16,53.44496536254883
2018-07-17,54.32735443115234
2018-07-18,56.014259338378906
2018-07-19,55.17514419555664
2018-07-20,54.77720642089844
2018-07-23,54.67338943481445
2018-07-24,55.71148681640625
2018-07-25,56.42951583862305
2018-07-26,56.80150604248047
2018-07-27,56.45546340942383
2018-07-30,56.37762069702149
2018-07-31,56.69770050048828
2018-08-01,56.04022216796875
2018-08-02,55.8671989440918
2018-08-03,56.42951583862305
2018-08-06,56.43816375732422
2018-08-07,56.0056266784668
2018-08-08,56.09212875366211
2018-08-09,55.91911697387695
2018-08-10,55.39141845703125
2018-08-13,54.87236404418945
2018-08-14,55.045372009277344
2018-08-15,54.906959533691406
2018-08-16,55.50387954711914
2018-08-17,55.98832702636719
2018-08-20,55.91911697387695
2018-08-21,56.014259338378906
2018-08-22,56.81016159057617
2018-08-23,56.94855117797852
2018-08-24,57.18214416503906
2018-08-27,57.822303771972656
2018-08-28,57.77904891967773
2018-08-29,58.07316589355469
2018-08-30,57.97801971435547
2018-08-31,57.822303771972656
2018-09-04,58.05587768554688
2018-09-05,57.09561538696289
2018-09-06,56.94855117797852
2018-09-07,57.27729797363281
2018-09-10,57.57142639160156
2018-09-11,57.61467361450195
2018-09-12,57.93478393554688
2018-09-13,59.258331298828125
2018-09-14,59.18912887573242
2018-09-17,58.540306091308594
2018-09-18,59.18048858642578
2018-09-19,59.258331298828125
2018-09-20,59.50920486450195
2018-09-21,59.734130859375
2018-09-24,61.80171203613281
2018-09-25,62.45915603637695
2018-09-26,63.01279830932617
2018-09-27,63.16853332519531
2018-09-28,63.46265411376953
2018-10-01,64.12013244628906
2018-10-02,63.85194396972656
2018-10-03,62.32073593139648
2018-10-04,62.13041687011719
2018-10-05,61.92278289794922
2018-10-08,61.80171203613281
2018-10-09,61.67193603515625
2018-10-10,59.621673583984375
2018-10-11,59.15452194213867
2018-10-12,60.22296905517578
2018-10-15,59.67571640014648
2018-10-16,61.63014221191406
2018-10-17,61.00473785400391
2018-10-18,59.18928146362305
2018-10-19,58.7115364074707
2018-10-22,59.51935195922852
2018-10-23,59.56278610229492
2018-10-24,58.14690780639648
2018-10-25,58.78100204467773
2018-10-26,58.19033050537109
2018-10-29,58.46831130981445
2018-10-30,59.06768035888672
2018-10-31,59.884185791015625
2018-11-01,60.93526458740234
2018-11-02,60.969993591308594
2018-11-05,61.14373016357422
2018-11-06,61.638858795166016
2018-11-07,62.9765510559082
2018-11-08,63.37613677978516
2018-11-09,63.22847366333008
2018-11-12,61.29139709472656
2018-11-13,60.361942291259766
2018-11-14,60.29243850708008
2018-11-15,61.43907928466797
2018-11-16,62.57696914672852
2018-11-19,61.27402114868164
2018-11-20,59.98843383789063
2018-11-21,59.52803802490234
2018-11-23,59.1632080078125
2018-11-26,59.77125930786133
2018-11-27,60.55305099487305
2018-11-28,63.263221740722656
2018-11-29,63.63671875
2018-11-30,64.32296752929688
2018-12-03,64.51406860351562
2018-12-04,62.10791778564453
2018-12-06,62.142669677734375
2018-12-07,60.76152038574219
2018-12-10,61.60408782958984
2018-12-11,62.40325164794922
2018-12-12,63.00263214111328
2018-12-13,62.6985969543457
2018-12-14,61.465126037597656
2018-12-17,60.58778762817383
2018-12-18,60.87444305419922
2018-12-19,59.936309814453125
2018-12-20,59.39774703979492
2018-12-21,58.433555603027344
2018-12-24,56.94818878173828
2018-12-26,60.47486877441406
2018-12-27,61.35220336914063
2018-12-28,61.75177764892578
2018-12-31,62.82887649536133
2019-01-02,60.3706283569336
2019-01-03,57.52149200439453
2019-01-04,59.1632080078125
2019-01-07,60.04924011230469
2019-01-08,59.32827377319336
2019-01-09,60.31852722167969
2019-01-10,60.00579833984375
2019-01-11,60.22296905517578
2019-01-14,59.577186584472656
2019-01-15,61.49706268310547
2019-01-16,60.92982864379883
2019-01-17,61.54068756103516
2019-01-18,62.32609939575195
2019-01-22,62.387184143066406
2019-01-23,61.00836563110352
2019-01-24,61.83738708496094
2019-01-25,62.09049224853516
2019-01-28,60.25787353515625
2019-01-29,60.816383361816406
2019-01-30,62.55299377441406
2019-01-31,63.68745422363281
2019-02-01,63.14640808105469
2019-02-04,63.26859664916992
2019-02-05,63.8009033203125
2019-02-06,64.13251495361328
2019-02-07,63.47803497314453
2019-02-08,63.99288940429688
2019-02-11,64.17613983154297
2019-02-12,65.50262451171875
2019-02-13,64.90918731689453
2019-02-14,64.55139923095703
2019-02-15,65.6684341430664
2019-02-19,65.45025634765625
2019-02-20,65.92150115966797
2019-02-21,65.57243347167969
2019-02-22,66.43635559082031
2019-02-25,67.07341766357422
2019-02-26,66.97742462158203
2019-02-27,67.39631652832031
2019-02-28,67.73664093017578
2019-03-01,68.5831298828125
2019-03-04,68.60933685302734
2019-03-05,68.26026153564453
2019-03-06,67.80645751953125
2019-03-07,67.02107238769531
2019-03-08,66.87271118164062
2019-03-11,67.9024429321289
2019-03-12,68.27771759033203
2019-03-13,68.60933685302734
2019-03-14,68.92351531982422
2019-03-15,69.69141387939453
2019-03-18,68.79256439208984
2019-03-19,69.7786865234375
2019-03-20,69.76126861572266
2019-03-21,69.86595916748047
2019-03-22,68.0420913696289
2019-03-25,68.26898956298828
2019-03-26,68.94093322753906
2019-03-27,68.705322265625
2019-03-28,69.32490539550781
2019-03-29,69.76126861572266
2019-04-01,69.51690673828125
2019-04-02,69.48200988769531
2019-04-03,69.37728118896484
2019-04-04,68.60933685302734
2019-04-05,68.94093322753906
2019-04-08,68.52204895019531
2019-04-09,68.65293884277344
2019-04-10,68.91474151611328
2019-04-11,68.5133285522461
2019-04-12,68.3556137084961
2019-04-15,67.90872192382812
2019-04-16,66.9273452758789
2019-04-17,63.86048126220703
2019-04-18,64.77178955078125
2019-04-22,65.28877258300781
2019-04-23,66.68197631835938
2019-04-24,67.25155639648438
2019-04-25,68.44322204589844
2019-04-26,68.83753967285156
2019-04-29,68.58342742919922
2019-04-30,69.71379089355469
2019-05-01,68.99525451660156
2019-05-02,69.03031921386719
2019-05-03,68.9514389038086
2019-05-06,69.28440856933594
2019-05-07,67.3917465209961
2019-05-08,66.78712463378906
2019-05-09,66.9623794555664
2019-05-10,66.9886703491211
2019-05-13,66.15624237060547
2019-05-14,66.62063598632812
2019-05-15,67.04124450683594
2019-05-16,67.12010192871094
2019-05-17,66.56806945800781
2019-05-20,66.39281463623047
2019-05-21,66.62063598632812
2019-05-22,66.82218933105469
2019-05-23,66.27014923095703
2019-05-24,67.45307159423828
2019-05-28,66.34026336669922
2019-05-29,66.30521392822266
2019-05-30,67.05000305175781
2019-05-31,66.70825958251953
2019-06-03,66.34026336669922
2019-06-04,67.87367248535156
2019-06-05,68.9514389038086
2019-06-06,70.17819213867188
2019-06-07,70.74774932861328
2019-06-10,71.21212768554688
2019-06-11,71.0807113647461
2019-06-12,71.8080062866211
2019-06-13,72.10591888427734
2019-06-14,72.04457092285156
2019-06-17,71.8956069946289
2019-06-18,73.0960693359375
2019-06-19,73.89344024658203
2019-06-20,74.42798614501953
2019-06-21,74.48053741455078
2019-06-24,74.22642517089844
2019-06-25,73.81458282470703
2019-06-26,72.6929931640625
2019-06-27,73.33264923095703
2019-06-28,73.69190216064453
2019-07-01,74.03365325927734
2019-07-02,74.43672180175781
2019-07-03,75.04132843017578
2019-07-05,74.84854125976562
2019-07-08,74.55936431884766
2019-07-09,74.71712493896484
2019-07-10,74.81351470947266
2019-07-11,75.15523529052734
2019-07-12,73.80955505371094
2019-07-15,73.71282958984375
2019-07-16,73.1411361694336
2019-07-17,75.42788696289062
2019-07-18,77.18692016601562
2019-07-19,76.94945526123047
2019-07-22,77.45958709716797
2019-07-23,78.04887390136719
2019-07-24,77.91693115234375
2019-07-25,77.39801025390625
2019-07-26,77.17813873291016
2019-07-29,77.88177490234375
2019-07-30,77.670654296875
2019-07-31,76.60643768310547
2019-08-01,75.70934295654297
2019-08-02,75.48065948486328
2019-08-05,73.1411361694336
2019-08-06,74.63631439208984
2019-08-07,74.40765380859375
2019-08-08,75.25199127197266
2019-08-09,76.18428802490234
2019-08-12,74.46041107177734
2019-08-13,76.42174530029297
2019-08-14,73.82715606689453
2019-08-15,73.82715606689453
2019-08-16,74.56594848632812
2019-08-19,75.25199127197266
2019-08-20,74.3548812866211
2019-08-21,74.67151641845703
2019-08-22,74.20535278320312
2019-08-23,72.0593032836914
2019-08-26,73.10594177246094
2019-08-27,73.57209014892578
2019-08-28,74.07343292236328
2019-08-29,74.60114288330078
2019-08-30,75.0408935546875
2019-09-03,73.93270874023438
2019-09-04,74.07343292236328
2019-09-05,75.55105590820312
2019-09-06,75.67415618896484
2019-09-09,74.07343292236328
2019-09-10,73.18511199951172
2019-09-11,74.3372573852539
2019-09-12,74.94412994384766
2019-09-13,74.11739349365234
2019-09-16,73.31702423095703
2019-09-17,73.51052856445312
2019-09-18,73.56328582763672
2019-09-19,73.20266723632812
2019-09-20,73.51052856445312
2019-09-23,73.1411361694336
2019-09-24,72.50787353515625
2019-09-25,72.87728118896484
2019-09-26,72.7013931274414
2019-09-27,71.98014831542969
2019-09-30,73.58966064453125
2019-10-01,71.98014831542969
2019-10-02,69.94845581054688
2019-10-03,71.30292510986328
2019-10-04,72.11207580566406
2019-10-07,71.27654266357422
2019-10-08,69.05135345458984
2019-10-09,69.92205810546875
2019-10-10,70.48495483398438
2019-10-11,70.31718444824219
2019-10-14,70.48497009277344
2019-10-15,72.39236450195312
2019-10-16,72.21572875976562
2019-10-17,72.7455825805664
2019-10-18,73.10761260986328
2019-10-21,72.10096740722656
2019-10-22,71.12075805664062
2019-10-23,71.76538848876953
2019-10-24,71.84485626220703
2019-10-25,72.10096740722656
2019-10-28,72.99283599853516
2019-10-29,73.69043731689453
2019-10-30,74.18495178222656
2019-10-31,73.83171081542969
2019-11-01,72.99283599853516
2019-11-04,72.60428619384766
2019-11-05,72.71025085449219
2019-11-06,73.39901733398438
2019-11-07,73.637451171875
2019-11-08,73.946533203125
2019-11-11,73.96419525146484
2019-11-12,74.47633361816406
2019-11-13,74.37039947509766
2019-11-14,74.28208923339844
2019-11-15,75.68614196777344
2019-11-18,74.40572357177734
2019-11-19,74.43221282958984
2019-11-20,74.0789794921875
2019-11-21,73.89351654052734
2019-11-22,73.946533203125
2019-11-25,74.60879516601562
2019-11-26,75.43004608154297
2019-11-27,75.43004608154297
2019-11-29,75.45652770996094
2019-12-02,74.62647247314453
2019-12-03,74.49401092529297
2019-12-04,75.2181167602539
2019-12-05,75.27108764648438
2019-12-06,75.48302459716797
2019-12-09,74.06131744384766
2019-12-10,74.67062377929688
2019-12-11,74.97969818115234
2019-12-12,75.91573333740234
2019-12-13,76.25128936767578
2019-12-16,76.29544067382812
2019-12-17,76.87823486328125
2019-12-18,76.76346588134766
2019-12-19,77.13433837890625
2019-12-20,76.52501678466797
2019-12-23,77.13433837890625
2019-12-24,77.07252502441406
2019-12-26,77.07252502441406
2019-12-27,77.17847442626953
2019-12-30,76.64866638183594
2019-12-31,76.70165252685547
2020-01-02,76.78112030029297
2020-01-03,75.84508514404297
2020-01-06,76.24246978759766
2020-01-07,75.81857299804688
2020-01-08,76.12764739990234
2020-01-09,76.33074188232422
2020-01-10,75.37705993652344
2020-01-13,75.16513061523438
2020-01-14,76.03418731689453
2020-01-15,77.4885482788086
2020-01-16,78.28665924072266
2020-01-17,78.92515563964844
2020-01-21,79.57252502441406
2020-01-22,81.46141052246094
2020-01-23,80.45933532714844
2020-01-24,80.16669464111328
2020-01-27,79.44837188720703
2020-01-28,79.40403747558594
2020-01-29,79.04930877685547
2020-01-30,79.06704711914062
2020-01-31,77.27571868896484
2020-02-03,77.20475769042969
2020-02-04,78.24231719970703
2020-02-05,79.42176818847656
2020-02-06,79.34195709228516
2020-02-07,77.92308044433594
2020-02-10,78.30438995361328
2020-02-11,79.07589721679688
2020-02-12,78.73892211914062
2020-02-13,78.64138793945312
2020-02-14,79.51045989990234
2020-02-18,78.8187484741211
2020-02-19,79.24440002441406
2020-02-20,78.44627380371094
2020-02-21,77.55062866210938
2020-02-24,75.04984283447266
2020-02-25,71.94605255126953
2020-02-26,72.15000915527344
2020-02-27,70.22565460205078
2020-02-28,68.3101806640625
2020-03-02,72.3717041015625
2020-03-03,69.16150665283203
2020-03-04,72.79735565185547
2020-03-05,71.40509796142578
2020-03-06,72.48699951171875
2020-03-09,68.30130004882812
2020-03-10,71.72434997558594
2020-03-11,69.25018310546875
2020-03-12,66.2793960571289
2020-03-13,72.4072036743164
2020-03-16,65.3216552734375
2020-03-17,70.49168395996094
2020-03-18,70.28772735595703
2020-03-19,66.06657409667969
2020-03-20,60.302371978759766
2020-03-23,55.70874786376953
2020-03-24,61.80105972290039
2020-03-25,62.74105072021485
2020-03-26,67.22828674316406
2020-03-27,66.11976623535156
2020-03-30,70.35868835449219
2020-03-31,69.97736358642578
2020-04-01,67.9022445678711
2020-04-02,70.44734954833984
2020-04-03,70.45619201660156
2020-04-06,73.36493682861328
2020-04-07,72.65547180175781
2020-04-08,75.33362579345703
2020-04-09,76.30023193359375
2020-04-13,76.13174438476562
2020-04-14,79.38219451904297
2020-04-15,80.98515319824219
2020-04-16,85.49126434326172
2020-04-17,85.50018310546875
2020-04-20,87.2723159790039
2020-04-21,83.75471496582031
2020-04-22,85.0281753540039
2020-04-23,83.65673065185547
2020-04-24,83.76361083984375
2020-04-27,84.5561752319336
2020-04-28,81.44823455810547
2020-04-29,82.17848205566406
2020-04-30,82.00926971435547
2020-05-01,80.01446533203125
2020-05-04,79.99665069580078
2020-05-05,82.84635162353516
2020-05-06,81.10982513427734
2020-05-07,83.70126342773438
2020-05-08,83.44303131103516
2020-05-11,85.5535888671875
2020-05-12,83.53207397460938
2020-05-13,82.07161712646484
2020-05-14,81.73319244384766
2020-05-15,80.05009460449219
2020-05-18,80.38848114013672
2020-05-19,78.56287384033203
2020-05-20,80.22818756103516
2020-05-21,80.49535369873047
2020-05-22,81.4571533203125
2020-05-26,79.68496704101562
2020-05-27,80.82487487792969
2020-05-28,82.01817321777344
2020-05-29,84.52947235107422
2020-06-01,82.82856750488281
2020-06-02,82.48126220703125
2020-06-03,81.3947982788086
2020-06-04,78.5896224975586
2020-06-05,80.02336883544922
2020-06-08,82.42781829833984
2020-06-09,80.38848114013672
2020-06-10,82.07161712646484
2020-06-11,78.17106628417969
2020-06-12,79.27532196044922
2020-06-15,79.747314453125
2020-06-16,79.91650390625
2020-06-17,80.94954681396484
2020-06-18,80.39741516113281
2020-06-19,80.75361633300781
2020-06-22,80.45082092285156
2020-06-23,81.30574798583984
2020-06-24,77.74359893798828
2020-06-25,79.80966186523438
2020-06-26,78.99925231933594
2020-06-29,79.26643371582031
2020-06-30,81.42149353027344
2020-07-01,81.60852813720703
2020-07-02,82.1339340209961
2020-07-06,82.7929458618164
2020-07-07,82.3387451171875
2020-07-08,82.44562530517578
2020-07-09,83.41630554199219
2020-07-10,82.85527038574219
2020-07-13,82.8998031616211
2020-07-14,84.76824188232422
2020-07-15,86.47576904296875
2020-07-16,86.1807632446289
2020-07-17,88.72859954833984
2020-07-20,88.57665252685547
2020-07-21,87.78099060058594
2020-07-22,89.56898498535156
2020-07-23,90.13218688964844
2020-07-24,88.4604263305664
2020-07-27,89.3901596069336
2020-07-28,89.27395629882812
2020-07-29,91.65196228027344
2020-07-30,90.76692199707033
2020-07-31,89.97127532958984
2020-08-03,90.00702667236328
2020-08-04,89.33654022216797
2020-08-05,91.31227111816406
2020-08-06,90.9636001586914
2020-08-07,90.4987335205078
2020-08-10,89.43487548828125
2020-08-11,88.55876159667969
2020-08-12,89.9802017211914
2020-08-13,90.38251495361328
2020-08-14,89.3901596069336
2020-08-17,90.0338363647461
2020-08-18,90.2573471069336
2020-08-19,89.82823181152344
2020-08-20,90.85633087158205
2020-08-21,91.54469299316406
2020-08-24,90.64176177978516
2020-08-25,91.60725402832033
2020-08-26,92.25096130371094
2020-08-27,99.49227905273438
2020-08-28,99.04528045654295
2020-08-31,97.86522674560548
2020-09-01,95.2547607421875
2020-09-02,97.83838653564452
2020-09-03,94.34290313720705
2020-09-04,93.11813354492188
2020-09-08,91.93804931640624
2020-09-09,94.59318542480467
2020-09-10,92.97506713867188
2020-09-11,93.60086822509766
2020-09-14,94.48591613769533
2020-09-15,95.2815933227539
2020-09-16,94.4948501586914
2020-09-17,95.35308837890624
2020-09-18,95.53189849853516
2020-09-21,94.71835327148438
2020-09-22,93.69025421142578
2020-09-23,91.83969116210938
2020-09-24,90.22157287597656
2020-09-25,92.48338317871094
2020-09-28,93.36843872070312
2020-09-29,94.03892517089844
2020-09-30,97.29306030273438
2020-10-01,97.1231918334961
2020-10-02,95.21004486083984
2020-10-05,97.0516586303711
2020-10-06,94.98656463623048
2020-10-07,96.318603515625
2020-10-08,97.0338134765625
2020-10-09,98.02610778808594
2020-10-12,99.27772521972656
2020-10-13,96.88182830810548
2020-10-14,96.64859771728516
2020-10-15,96.26290893554688
2020-10-16,98.37079620361328
2020-10-19,96.9087371826172
2020-10-20,97.19577026367188
2020-10-21,95.01612091064452
2020-10-22,98.20036315917967
2020-10-23,96.68447875976562
2020-10-26,97.76980590820312
2020-10-27,97.39309692382812
2020-10-28,95.45562744140624
2020-10-29,94.18193817138672
2020-10-30,94.28060913085938
2020-11-02,96.40644073486328
2020-11-03,98.27212524414062
2020-11-04,100.03913116455078
2020-11-05,101.83309173583984
2020-11-06,102.63140106201172
2020-11-09,98.11964416503906
2020-11-10,99.3933334350586
2020-11-11,101.04376983642578
2020-11-12,100.4158706665039
2020-11-13,100.9989013671875
2020-11-16,101.95866394042967
2020-11-17,101.4115219116211
2020-11-18,98.46047973632812
2020-11-19,99.5637664794922
2020-11-20,99.46507263183594
2020-11-23,98.0120086669922
2020-11-24,96.52304077148438
2020-11-25,95.44666290283205
2020-11-27,96.53199768066406
2020-11-30,97.07019805908205
2020-12-01,97.3123550415039
2020-12-02,97.00739288330078
2020-12-03,96.4512710571289
2020-12-04,96.7831573486328
2020-12-07,96.13732147216795
2020-12-08,95.79649353027344
2020-12-09,95.36595916748048
2020-12-10,95.54533386230467
2020-12-11,95.99381256103516
2020-12-14,95.78752899169922
2020-12-15,96.37952423095705
2020-12-16,96.28083801269533
2020-12-17,97.57250213623048
2020-12-18,97.74291229248048
2020-12-21,96.9535903930664
2020-12-22,97.1240005493164
2020-12-23,96.37952423095705
2020-12-24,97.18678283691406
2020-12-28,96.68447875976562
2020-12-29,97.16885375976562
2020-12-30,97.26751708984376
2020-12-31,98.20933532714844
2021-01-04,97.86849975585938
2021-01-05,99.07941436767578
2021-01-06,98.87308502197266
2021-01-07,99.83284759521484
2021-01-08,100.11090087890624
2021-01-11,99.42024230957033
2021-01-12,97.6263198852539
2021-01-13,100.59526824951172
2021-01-14,99.10032653808594
2021-01-15,100.23504638671876
2021-01-19,101.37879180908205
2021-01-20,101.6669692993164
2021-01-21,101.72101593017578
2021-01-22,101.6219253540039
2021-01-25,103.31504821777344
2021-01-26,103.32405853271484
2021-01-27,102.92780303955078
2021-01-28,108.4213638305664
2021-01-29,111.30322265625
2021-02-01,110.35761260986328
2021-02-02,108.2862777709961
2021-02-03,108.26822662353516
2021-02-04,107.83596801757812
2021-02-05,111.69947814941406
2021-02-08,112.12276458740234
2021-02-09,112.70813751220705
2021-02-10,112.834228515625
2021-02-11,114.23011016845705
2021-02-12,115.48193359375
2021-02-16,115.29283905029295
2021-02-17,114.59036254882812
2021-02-18,112.9422836303711
2021-02-19,110.80789947509766
2021-02-22,110.36661529541016
2021-02-23,108.79059600830078
2021-02-24,110.21350860595705
2021-02-25,109.49305725097656
2021-02-26,107.87200164794922
2021-03-01,110.06040954589844
2021-03-02,110.34860229492188
2021-03-03,107.33163452148438
2021-03-04,104.47681427001952
2021-03-05,105.59352111816406
2021-03-08,104.1345672607422
2021-03-09,105.09819793701172
2021-03-10,104.3597183227539
2021-03-11,105.83667755126952
2021-03-12,105.10719299316406
2021-03-15,106.35901641845705
2021-03-16,106.46709442138672
2021-03-17,105.9267349243164
2021-03-18,106.36801147460938
2021-03-19,108.2952880859375
2021-03-22,109.39398193359376
2021-03-23,108.51140594482422
2021-03-24,106.2869644165039
2021-03-25,107.21458435058594
2021-03-26,109.93433380126952
2021-03-29,110.07843780517578
2021-03-30,107.84498596191406
2021-03-31,107.92604064941406
2021-04-01,107.11551666259766
2021-04-05,107.9440460205078
2021-04-06,108.04312133789062
2021-04-07,108.16920471191406
2021-04-08,107.87200164794922
2021-04-09,108.8806610107422
2021-04-12,109.0067367553711
2021-04-13,110.78087615966795
2021-04-14,109.82274627685548
2021-04-15,112.02825164794922
2021-04-16,112.39885711669922
2021-04-19,112.56155395507812
2021-04-20,108.4669418334961
2021-04-21,110.81703186035156
2021-04-22,111.63055419921876
2021-04-23,111.45879364013672
2021-04-26,110.7989730834961
2021-04-27,110.00353240966795
2021-04-28,109.7775650024414
2021-04-29,109.37986755371094
2021-04-30,108.53923797607422
2021-05-03,108.04209899902344
2021-05-04,106.24333953857422
2021-05-05,107.12010955810548
2021-05-06,107.37321472167967
2021-05-07,107.51783752441406
2021-05-10,107.5088119506836
2021-05-11,107.01165771484376
2021-05-12,105.16773223876952
2021-05-13,106.1620101928711
2021-05-14,106.93933868408205
2021-05-17,105.5202407836914
2021-05-18,105.73717498779295
2021-05-19,105.19483184814452
2021-05-20,106.47837829589844
2021-05-21,105.8727569580078
2021-05-24,106.0173797607422
2021-05-25,107.02071380615234
2021-05-26,105.52926635742188
2021-05-27,104.57113647460938
2021-05-28,105.43888854980467
2021-06-01,95.62264251708984
2021-06-02,96.6259536743164
2021-06-03,98.7048797607422
2021-06-04,98.7862319946289
2021-06-07,99.42801666259766
2021-06-08,97.52984619140624
2021-06-09,98.56932830810548
2021-06-10,99.56360626220705
2021-06-11,99.3466567993164
2021-06-14,99.86187744140624
2021-06-15,99.7986297607422
2021-06-16,99.48223876953124
2021-06-17,100.90135955810548
2021-06-18,99.7262954711914
2021-06-21,100.72962188720705
2021-06-22,100.2957534790039
2021-06-23,100.18728637695312
2021-06-24,100.96461486816406
2021-06-25,101.8866195678711
2021-06-28,104.58019256591795
2021-06-29,105.94507598876952
2021-06-30,104.78807830810548
2021-07-01,105.8998794555664
2021-07-02,106.69529724121094
2021-07-06,107.40032958984376
2021-07-07,108.34943389892578
2021-07-08,107.79802703857422
2021-07-09,108.23191833496094
2021-07-12,107.39129638671876
2021-07-13,107.2466812133789
2021-07-14,106.31211853027344
2021-07-15,105.84938049316406
2021-07-16,106.62062072753906
2021-07-19,107.7820053100586
2021-07-20,107.7275619506836
2021-07-21,107.95439910888672
2021-07-22,107.29202270507812
2021-07-23,109.60572052001952
2021-07-26,108.4443359375
2021-07-27,108.70746612548828
2021-07-28,109.35167694091795
2021-07-29,109.86886596679688
2021-07-30,109.76905822753906
2021-08-02,109.71460723876952
2021-08-03,110.80341339111328
2021-08-04,110.30438995361328
2021-08-05,110.88507080078124
2021-08-06,110.84877014160156
2021-08-09,111.7470474243164
2021-08-10,111.32968139648438
2021-08-11,110.2045669555664
2021-08-12,111.42947387695312
2021-08-13,111.6562957763672
2021-08-16,113.10802459716795
2021-08-17,114.04258728027344
2021-08-18,112.44569396972656
2021-08-19,114.0698013305664
2021-08-20,114.61420440673828
2021-08-23,114.1786880493164
2021-08-24,113.87019348144533
2021-08-25,113.18062591552734
2021-08-26,113.84298706054688
2021-08-27,113.04450225830078
2021-08-30,114.2694320678711
2021-08-31,114.65958404541016
2021-09-01,115.59413146972656
2021-09-02,116.58312225341795
2021-09-03,116.99139404296876
2021-09-07,116.49237060546876
2021-09-08,117.1002960205078
2021-09-09,116.12037658691406
2021-09-10,116.86439514160156
2021-09-13,114.88640594482422
2021-09-14,115.2765655517578
2021-09-15,115.67578125
2021-09-16,115.63042449951172
2021-09-17,115.0406494140625
2021-09-20,113.2985610961914
2021-09-21,113.53448486328124
2021-09-22,113.09896850585938
2021-09-23,113.68873596191406
2021-09-24,112.84490966796876
2021-09-27,109.4061279296875
2021-09-28,107.73662567138672
2021-09-29,108.38990783691406
2021-09-30,107.18314361572266
2021-10-01,106.3484115600586
2021-10-04,104.82408905029295
2021-10-05,105.14167022705078
2021-10-06,105.69512939453124
2021-10-07,106.98353576660156
2021-10-08,107.4190673828125
2021-10-11,106.0489730834961
2021-10-12,106.4482192993164
2021-10-13,106.15788269042967
2021-10-14,107.08692932128906
2021-10-15,107.01404571533205
2021-10-18,106.40380096435548
2021-10-19,108.69910430908205
2021-10-20,112.31511688232422
2021-10-21,113.89998626708984
2021-10-22,115.42107391357422
2021-10-25,115.29354095458984
2021-10-26,116.7053451538086
2021-10-27,116.3227996826172
2021-10-28,116.3227996826172
2021-10-29,117.3975830078125
2021-11-01,117.44312286376952
2021-11-02,116.3227996826172
2021-11-03,117.22450256347656
2021-11-04,117.5797348022461
2021-11-05,113.28060913085938
2021-11-08,115.49392700195312
2021-11-09,115.1569366455078
2021-11-10,116.4229736328125
2021-11-11,115.90380096435548
2021-11-12,116.99681091308594
2021-11-15,117.89854431152344
2021-11-16,119.2192611694336
2021-11-17,117.15164947509766
2021-11-18,116.259033203125
2021-11-19,115.5303726196289
2021-11-22,114.09123992919922
2021-11-23,113.38080596923828
2021-11-24,113.9181900024414
2021-11-26,114.65596771240234
2021-11-29,116.61426544189452
2021-11-30,114.5557632446289
2021-12-01,115.43929290771484
2021-12-02,116.93307495117188
2021-12-03,118.65454864501952
2021-12-06,120.6583480834961
2021-12-07,120.6128158569336
2021-12-08,120.56727600097656
2021-12-09,120.7130355834961
2021-12-10,122.38894653320312
2021-12-13,123.8371810913086
2021-12-14,121.08648681640624
2021-12-15,123.47283935546876
2021-12-16,123.95558166503906
2021-12-17,124.88463592529295
2021-12-20,122.94456481933594
2021-12-21,123.2087173461914
2021-12-22,126.5970230102539
2021-12-23,126.75184631347656
2021-12-27,128.84683227539062
2021-12-28,127.94503784179688
2021-12-29,128.60086059570312
2021-12-30,128.42779541015625
2021-12-31,128.19097900390625
2022-01-03,126.6425552368164
2022-01-04,123.66413879394533
2022-01-05,123.10852813720705
2022-01-06,123.0903091430664
2022-01-07,123.47283935546876
2022-01-10,123.1995849609375
2022-01-11,123.6003646850586
2022-01-12,121.79692840576172
2022-01-13,118.5063247680664
2022-01-14,117.14440155029295
2022-01-18,115.69107055664062
2022-01-19,115.21575927734376
2022-01-20,113.9909439086914
2022-01-21,115.01468658447266
2022-01-24,113.1774444580078
2022-01-25,112.67471313476562
2022-01-26,109.74977111816406
2022-01-27,110.08795928955078
2022-01-28,114.57592010498048
2022-01-31,116.50458526611328
2022-02-01,116.26692199707033
2022-02-02,118.86280059814452
2022-02-03,118.92679595947266
2022-02-04,118.56121063232422
2022-02-07,117.04386901855467
2022-02-08,117.59230041503906
2022-02-09,119.27415466308594
2022-02-10,116.77879333496094
2022-02-11,114.7039031982422
2022-02-14,112.2268295288086
2022-02-15,113.32369995117188
2022-02-16,113.04947662353516
2022-02-17,110.2159423828125
2022-02-18,106.75167846679688
2022-02-22,107.4098129272461
2022-02-23,107.1721420288086
2022-02-24,108.51578521728516
2022-02-25,111.88863372802734
2022-02-28,110.25251007080078
2022-03-01,108.01306915283205
2022-03-02,110.01483154296876
2022-03-03,110.57242584228516
2022-03-04,110.97460174560548
2022-03-07,108.64376831054688
2022-03-08,106.13013458251952
2022-03-09,108.2141571044922
2022-03-10,106.94363403320312
2022-03-11,104.21976470947266
2022-03-14,105.5908432006836
2022-03-15,107.38238525390624
2022-03-16,109.21047973632812
2022-03-17,110.78264617919922
2022-03-18,111.9251937866211
2022-03-21,111.29450988769533
2022-03-22,111.41331481933594
2022-03-23,106.87051391601562
2022-03-24,107.69315338134766
2022-03-25,108.72604370117188
2022-03-28,109.67664337158205
2022-03-29,109.85945129394533
2022-03-30,110.03311920166016
2022-03-31,108.1867446899414
2022-04-01,108.3878402709961
2022-04-04,108.66205596923828
2022-04-05,109.21047973632812
2022-04-06,109.63093566894533
2022-04-07,112.76614379882812
2022-04-08,112.65643310546876
2022-04-11,109.72233581542967
2022-04-12,108.2141571044922
2022-04-13,109.64576721191406
2022-04-14,108.00309753417967
2022-04-18,106.71831512451172
2022-04-19,110.10460662841795
2022-04-20,112.54566955566406
2022-04-21,113.215576171875
2022-04-22,109.79258728027344
2022-04-25,110.13213348388672
2022-04-26,107.34236145019533
2022-04-27,107.1129379272461
2022-04-28,108.2967529296875
2022-04-29,104.15796661376952
2022-05-02,103.54310607910156
2022-05-03,103.1760482788086
2022-05-04,106.17687225341795
2022-05-05,103.7082977294922
2022-05-06,103.02922058105467
2022-05-09,98.55087280273438
2022-05-10,97.96353912353516
2022-05-11,97.12845611572266
2022-05-12,99.08312225341795
2022-05-13,100.83592987060548
2022-05-16,100.67991638183594
2022-05-17,105.11236572265624
2022-05-18,103.46051788330078
2022-05-19,103.18523406982422
2022-05-20,103.91935729980467
2022-05-23,105.56202697753906
2022-05-24,104.40574645996094
2022-05-25,103.87350463867188
2022-05-26,105.41521453857422
2022-05-27,107.0854034423828
2022-05-31,107.79202270507812
2022-06-01,105.60791778564452
2022-06-02,107.83792114257812
2022-06-03,106.97530364990234
2022-06-06,106.8376235961914
2022-06-07,107.25975799560548
2022-06-08,105.25000762939452
2022-06-09,103.43299102783205
2022-06-10,100.60650634765624
2022-06-13,97.19268798828124
2022-06-14,94.4671401977539
2022-06-15,96.17406463623048
2022-06-16,93.6687469482422
2022-06-17,94.09088897705078
2022-06-21,95.816162109375
2022-06-22,96.7613754272461
2022-06-23,97.46798706054688
2022-06-24,100.44129943847656
2022-06-27,100.10176849365234
2022-06-28,98.1654281616211
2022-06-29,100.12010955810548
2022-06-30,99.7071762084961
2022-07-01,101.14794921875
2022-07-05,100.30367279052734
2022-07-06,99.7438735961914
2022-07-07,100.47802734375
2022-07-08,100.2669677734375
2022-07-11,99.92740631103516
2022-07-12,99.38597106933594
2022-07-13,97.46798706054688
2022-07-14,97.44033813476562
2022-07-15,100.30704498291016
2022-07-18,98.64784240722656
2022-07-19,101.33020782470705
2022-07-20,99.76319122314452
2022-07-21,102.03075408935548
2022-07-22,100.65731811523438
2022-07-25,100.01207733154295
2022-07-26,100.55591583251952
2022-07-27,101.38550567626952
2022-07-28,101.72657012939452
2022-07-29,100.32549285888672
2022-08-01,100.9522705078125
2022-08-02,100.14112091064452
2022-08-03,101.03524017333984
2022-08-04,101.13664245605467
2022-08-05,100.70339965820312
2022-08-08,100.47296142578124
2022-08-09,99.4682388305664
2022-08-10,101.64360809326172
2022-08-11,101.8463897705078
2022-08-12,102.75897216796876
2022-08-15,103.14611053466795
2022-08-16,103.26593017578124
2022-08-17,101.9017105102539
2022-08-18,101.35787200927734
2022-08-19,101.45002746582033
2022-08-22,99.0442123413086
2022-08-23,97.71688079833984
2022-08-24,97.19147491455078
2022-08-25,97.60626983642578
2022-08-26,93.92839813232422
2022-08-29,93.87308502197266
2022-08-30,94.20491790771484
2022-08-31,94.61972045898438
2022-09-01,96.63839721679688
2022-09-02,94.48145294189452
2022-09-06,94.67503356933594
2022-09-07,96.50934600830078
2022-09-08,98.62019348144533
2022-09-09,99.99365234375
2022-09-12,100.7402801513672
2022-09-13,97.56017303466795
2022-09-14,97.50485229492188
2022-09-15,96.84119415283205
2022-09-16,95.86410522460938
2022-09-19,95.94707489013672
2022-09-20,94.30632781982422
2022-09-21,92.77617645263672
2022-09-22,93.16333770751952
2022-09-23,92.8038330078125
2022-09-26,92.02953338623048
2022-09-27,90.63768005371094
2022-09-28,90.99715423583984
2022-09-29,90.6008071899414
2022-09-30,89.19049835205078
2022-10-03,91.7345733642578
2022-10-04,95.0160903930664
2022-10-05,95.29261016845705
2022-10-06,94.43537139892578
2022-10-07,93.82699584960938
2022-10-10,93.2186279296875
2022-10-11,93.79012298583984
2022-10-12,92.25078582763672
2022-10-13,94.89946746826172
2022-10-14,93.4547348022461
2022-10-17,95.87191009521484
2022-10-18,97.22402954101562
2022-10-19,90.86157989501952
2022-10-20,88.17583465576172
2022-10-21,88.03692626953125
2022-10-24,91.02828979492188
2022-10-25,90.71341705322266
2022-10-26,91.14869689941406
2022-10-27,89.76878356933594
2022-10-28,92.13963317871094
2022-10-31,91.6302719116211
2022-11-01,91.9729461669922
2022-11-02,90.79676818847656
2022-11-03,89.32421875
2022-11-04,90.82455444335938
2022-11-07,92.14891052246094
2022-11-08,92.27855682373048
2022-11-09,92.11185455322266
2022-11-10,96.52945709228516
2022-11-11,96.39979553222656
2022-11-14,94.47346496582033
2022-11-15,95.51998138427734
2022-11-16,95.95525360107422
2022-11-17,94.9828109741211
2022-11-18,96.196044921875
2022-11-21,96.20530700683594
2022-11-22,97.12218475341795
2022-11-23,98.18718719482422
2022-11-25,99.05774688720705
2022-11-28,97.6037368774414
2022-11-29,97.2425537109375
2022-11-30,99.63192749023438
2022-12-01,99.95606994628906
2022-12-02,100.10427856445312
2022-12-05,97.62227630615234
2022-12-06,96.18677520751952
2022-12-07,97.06658935546876
2022-12-08,99.0207061767578
2022-12-09,99.56712341308594
2022-12-12,101.40084838867188
2022-12-13,103.29011535644533
2022-12-14,103.0400619506836
2022-12-15,100.50250244140624
2022-12-16,99.01144409179688
2022-12-19,98.71507263183594
2022-12-20,98.62248229980467
2022-12-21,100.15058135986328
2022-12-22,100.04869079589844
2022-12-23,100.18761444091795
2022-12-27,100.54878997802734
2022-12-28,99.86347198486328
2022-12-29,102.1602554321289
2022-12-30,101.67868041992188
2023-01-03,101.48418426513672
2023-01-04,102.99376678466795
2023-01-05,102.61405181884766
2023-01-06,104.03103637695312
2023-01-09,103.86431884765624
2023-01-10,105.43871307373048
2023-01-11,104.79043579101562
2023-01-12,103.59963989257812
2023-01-13,105.59980010986328
2023-01-17,105.48817443847656
2023-01-18,103.73918151855467
2023-01-19,104.00897979736328
2023-01-20,104.9578857421875
2023-01-23,106.06497192382812
2023-01-24,104.68810272216795
2023-01-25,103.26471710205078
2023-01-26,103.32984161376952
2023-01-27,102.28789520263672
2023-01-30,102.15765380859376
2023-01-31,102.8460693359375
2023-02-01,104.02757263183594
2023-02-02,104.42760467529295
2023-02-03,103.9996566772461
2023-02-06,103.03213500976562
2023-02-07,104.18572998046876
2023-02-08,102.5204620361328
2023-02-09,100.53890228271484
2023-02-10,100.62263488769533
2023-02-13,100.95755004882812
2023-02-14,99.78534698486328
2023-02-15,99.80396270751952
2023-02-16,98.68757629394533
2023-02-17,99.30158996582033
2023-02-21,96.42691802978516
2023-02-22,95.53382110595705
2023-02-23,95.403564453125
2023-02-24,93.45922088623048
2023-02-27,92.81731414794922
2023-02-28,94.63143157958984
2023-03-01,93.8034439086914
2023-03-02,95.47799682617188
2023-03-03,97.17117309570312
2023-03-06,95.58963775634766
2023-03-07,93.0126724243164
2023-03-08,92.47310638427734
2023-03-09,91.03109741210938
2023-03-10,90.20313262939452
2023-03-13,91.34741973876952
2023-03-14,91.68233489990234
2023-03-15,90.98458862304688
2023-03-16,92.12887573242188
2023-03-17,90.2496566772461
2023-03-20,91.04972839355467
2023-03-21,91.4776611328125
2023-03-22,90.110107421875
2023-03-23,90.27755737304688
2023-03-24,91.21717071533205
2023-03-27,91.59859466552734
2023-03-28,90.3426742553711
2023-03-29,91.74745178222656
2023-03-30,92.17538452148438
2023-03-31,94.20347595214844
2023-04-03,94.51046752929688
2023-04-04,95.63615417480467
2023-04-05,96.9478988647461
2023-04-06,97.61771392822266
2023-04-10,96.47344207763672
2023-04-11,96.09201049804688
2023-04-12,95.4128646850586
2023-04-13,96.87141418457033
2023-04-14,97.19864654541016
2023-04-17,97.72223663330078
2023-04-18,97.37628173828124
2023-04-19,104.98689270019533
2023-04-20,103.17305755615234
2023-04-21,104.39787292480467
2023-04-24,103.2198257446289
2023-04-25,102.81779479980467
2023-04-26,101.67713165283205
2023-04-27,102.37834930419922
2023-04-28,103.28526306152344
2023-05-01,103.88362884521484
2023-05-02,104.24827575683594
2023-05-03,104.4913558959961
2023-05-04,103.64991760253906
2023-05-05,104.02387237548828
2023-05-08,103.68729400634766
2023-05-09,103.07957458496094
2023-05-10,103.4909439086914
2023-05-11,102.89258575439452
2023-05-12,103.30394744873048
2023-05-15,102.69623565673828
2023-05-16,102.27550506591795
2023-05-17,101.74256134033205
2023-05-18,101.41534423828124
2023-05-19,101.8454360961914
2023-05-22,101.20964813232422
2023-05-23,98.8628921508789
2023-05-24,97.2734603881836
2023-05-25,95.4970474243164
2023-05-26,96.17955017089844
2023-05-30,95.0949935913086
2023-05-31,95.36614227294922
2023-06-01,96.13280487060548
2023-06-02,97.42305755615234
2023-06-05,97.01166534423828
2023-06-06,95.94580078125
2023-06-07,95.0482406616211
2023-06-08,94.22547912597656
2023-06-09,95.0762939453125
2023-06-12,94.80516815185548
2023-06-13,95.23523712158205
2023-06-14,96.53483581542967
2023-06-15,98.18971252441406
2023-06-16,99.29297637939452
2023-06-20,99.7604522705078
2023-06-21,99.3397216796875
2023-06-22,101.20964813232422
2023-06-23,101.02264404296876
2023-06-26,101.45272827148438
2023-06-27,100.77955627441406
2023-06-28,100.61127471923828
2023-06-29,100.65802001953124
2023-06-30,101.92955780029295
2023-07-03,100.2466278076172
2023-07-05,100.38687133789062
2023-07-06,100.22793579101562
2023-07-07,99.4332275390625
2023-07-10,100.05963134765624
2023-07-11,100.50843048095705
2023-07-12,99.90069580078124
2023-07-13,101.2159194946289
2023-07-14,101.3944091796875
2023-07-17,100.5207290649414
2023-07-18,100.47376251220705
2023-07-19,100.78377532958984
2023-07-20,105.05826568603516
2023-07-21,107.36929321289062
2023-07-24,107.67931365966795
2023-07-25,106.0916519165039
2023-07-26,107.17201232910156
2023-07-27,105.82858276367188
2023-07-28,105.9037628173828
2023-07-31,104.58853149414062
2023-08-01,103.83696746826172
2023-08-02,102.04264068603516
2023-08-03,101.0280303955078
2023-08-04,101.13136291503906
2023-08-07,101.8829345703125
2023-08-08,99.1867218017578
2023-08-09,98.92367553710938
2023-08-10,98.3975830078125
2023-08-11,98.93305206298828
2023-08-14,99.67521667480467
2023-08-15,98.58547973632812
2023-08-16,98.2002944946289
2023-08-17,98.5760726928711
2023-08-18,97.4299545288086
2023-08-21,97.5802764892578
2023-08-22,98.78276824951172
2023-08-23,98.76396942138672
2023-08-24,97.46752166748048
2023-08-25,97.89968872070312
2023-08-28,96.56565856933594
2023-08-29,97.5802764892578
2023-08-30,98.08757019042967
2023-08-31,96.66900634765624
2023-09-01,96.6220245361328
2023-09-05,94.77130889892578
2023-09-06,95.41014862060548
2023-09-07,94.57403564453124
2023-09-08,94.63040161132812
2023-09-11,96.24624633789062
2023-09-12,96.19927215576172
2023-09-13,96.47171783447266
2023-09-14,96.4341278076172
2023-09-15,95.57923889160156
2023-09-18,94.8840560913086
2023-09-19,94.57403564453124
2023-09-20,94.20764923095705
2023-09-21,92.93939208984376
2023-09-22,92.2066421508789
2023-09-25,91.56781005859376
2023-09-26,90.40290832519533
2023-09-27,89.74527740478516
2023-09-28,92.17845153808594
2023-09-29,90.98535919189452
2023-10-02,89.93318176269531
2023-10-03,89.98954010009766
2023-10-04,89.85800170898438
2023-10-05,90.37470245361328
2023-10-06,91.01354217529295
2023-10-09,90.90079498291016
2023-10-10,91.65235900878906
2023-10-11,87.0302734375
2023-10-12,85.19766998291016
2023-10-13,85.84001922607422
2023-10-16,87.07752990722656
2023-10-17,87.03974151611328
2023-10-18,90.27042388916016
2023-10-19,90.15706634521484
2023-10-20,91.42288208007812
2023-10-23,90.47826385498048
2023-10-24,89.56193542480469
2023-10-25,88.39057922363281
2023-10-26,88.77788543701172
2023-10-27,87.71043395996094
2023-10-30,87.85212707519531
2023-10-31,89.31632995605469
2023-11-01,89.75086975097656
2023-11-02,90.6482925415039
2023-11-03,90.53491973876952
2023-11-06,89.7414321899414
2023-11-07,89.55249786376953
2023-11-08,89.49580383300781
2023-11-09,88.37169647216797
2023-11-10,88.76844024658203
2023-11-13,90.4876937866211
2023-11-14,91.706298828125
2023-11-15,92.57536315917967
2023-11-16,94.71025848388672
2023-11-17,94.0395736694336
2023-11-20,95.59822845458984
2023-11-21,96.2689437866211
2023-11-22,97.01519775390624
2023-11-24,97.17579650878906
2023-11-27,97.0246353149414
2023-11-28,96.41062927246094
2023-11-29,97.89372253417967
2023-11-30,98.5171890258789
2023-12-01,99.07452392578124
2023-12-04,99.36737060546876
2023-12-05,98.57386016845705
2023-12-06,99.13121032714844
2023-12-07,98.29047393798828
2023-12-08,98.72501373291016
2023-12-11,100.34036254882812
2023-12-12,100.77488708496094
2023-12-13,101.31333923339844
2023-12-14,102.58861541748048
2023-12-15,101.35112762451172
2023-12-18,102.07849884033205
2023-12-19,102.41858673095705
2023-12-20,101.45503997802734
2023-12-21,102.47527313232422
2023-12-22,102.99481201171876
2023-12-26,103.1837387084961
2023-12-27,103.71275329589844
2023-12-28,104.28898620605467
2023-12-29,103.97724151611328
2024-01-02,103.76941680908205
2024-01-03,103.45767211914062
2024-01-04,104.83687591552734
2024-01-05,104.66683197021484
2024-01-08,106.1782684326172
2024-01-09,106.4900131225586
2024-01-10,108.06755065917967
2024-01-11,107.73534393310548
2024-01-12,108.1340103149414
2024-01-16,107.98213958740234
2024-01-17,108.1435089111328
2024-01-18,108.22892761230467
2024-01-19,108.86490631103516
2024-01-22,108.39028930664062
2024-01-23,108.2099380493164
2024-01-24,105.14398193359376
2024-01-25,106.73866271972656
2024-01-26,106.32102966308594
2024-01-29,107.6878890991211
2024-01-30,107.71636199951172
2024-01-31,107.40312957763672
2024-02-01,108.6750717163086
2024-02-02,106.41593933105467
2024-02-05,105.97931671142578
2024-02-06,108.2099380493164
2024-02-07,107.55499267578124
2024-02-08,106.71969604492188
2024-02-09,106.13117218017578
2024-02-12,106.81461334228516
2024-02-13,105.68504333496094
2024-02-14,106.36847686767578
2024-02-15,107.86823272705078
2024-02-16,108.2194366455078
2024-02-20,110.7158660888672
2024-02-21,111.88339233398438
2024-02-22,112.9749755859375
2024-02-23,113.39264678955078
2024-02-26,112.6617431640625
2024-02-27,113.33567810058594
2024-02-28,113.95267486572266
2024-02-29,112.61428833007812
2024-03-01,112.59529113769533
2024-03-04,113.94316864013672
2024-03-05,112.46241760253906
2024-03-06,113.27873229980467
2024-03-07,114.77848052978516
2024-03-08,114.81643676757812
2024-03-11,114.08556365966795
2024-03-12,114.6266098022461
2024-03-13,114.05709075927734
2024-03-14,112.8136215209961
2024-03-15,109.62428283691406
2024-03-18,106.72918701171876
2024-03-19,107.4126205444336
2024-03-20,105.83692169189452
2024-03-21,105.8464126586914
2024-03-22,104.9541473388672
2024-03-25,104.422607421875
2024-03-26,105.83692169189452
2024-03-27,107.71636199951172
2024-03-28,107.88722229003906
2024-04-01,106.3969497680664
2024-04-02,106.33050537109376
2024-04-03,105.62808990478516
2024-04-04,104.51750946044922
2024-04-05,105.55216217041016
2024-04-08,104.9066925048828
2024-04-09,106.72918701171876
2024-04-10,105.52368927001952
2024-04-11,105.7894515991211
2024-04-12,104.08196258544922
2024-04-15,103.87207794189452
2024-04-16,104.17733764648438
2024-04-17,101.0198745727539
2024-04-18,100.4188995361328
2024-04-19,102.33629608154295
2024-04-22,102.13595581054688
2024-04-23,102.63199615478516
2024-04-24,101.96424865722656
2024-04-25,101.93563842773438
2024-04-26,102.57476806640624
2024-04-29,102.32673645019533
2024-04-30,101.08665466308594
2024-05-01,101.39189910888672
2024-05-02,101.03895568847656
2024-05-03,101.0198745727539
2024-05-06,100.77186584472656
2024-05-07,101.27743530273438
2024-05-08,100.10411834716795
2024-05-09,99.8465576171875
2024-05-10,99.91332244873048
2024-05-13,99.94194793701172
2024-05-14,99.21697998046876
2024-05-15,99.77024841308594
2024-05-16,100.03734588623048
2024-05-17,99.29329681396484
2024-05-20,98.4538345336914
2024-05-21,98.21534729003906
2024-05-22,99.98965454101562
2024-05-23,99.42683410644533
2024-05-24,99.1597137451172
2024-05-28,97.2519073486328
2024-05-29,96.08812713623048
2024-05-30,97.05157470703124
2024-05-31,97.4808349609375
2024-06-03,98.12950897216795
2024-06-04,98.66371154785156
2024-06-05,98.47293090820312
2024-06-06,99.46498107910156
2024-06-07,102.6224594116211
2024-06-10,102.53660583496094
2024-06-11,100.93402862548828
2024-06-12,99.56990814208984
2024-06-13,98.68278503417967
2024-06-14,98.90219116210938
2024-06-17,98.68278503417967
2024-06-18,99.19788360595705
2024-06-20,101.65899658203124
2024-06-21,100.84817504882812
2024-06-24,100.4475326538086
2024-06-25,100.62877655029295
2024-06-26,100.046875
2024-06-27,99.82747650146484
2024-06-28,99.12158966064452
2024-07-01,98.44430541992188
2024-07-02,98.44430541992188
2024-07-03,97.61439514160156
2024-07-05,99.2265167236328
2024-07-08,97.41407012939452
2024-07-09,96.95618438720705
2024-07-10,98.30120849609376
2024-07-11,99.379150390625
2024-07-12,99.41729736328124
2024-07-15,98.7364273071289
2024-07-16,98.50627136230467
2024-07-17,100.38585662841795
2024-07-18,95.9649658203125
2024-07-19,97.84456634521484
2024-07-22,99.4652328491211
2024-07-23,99.65703582763672
2024-07-24,102.86003112792967
2024-07-25,101.61334991455078
2024-07-26,100.92288970947266
2024-07-29,100.47217559814452
2024-07-30,100.99958801269533
2024-07-31,101.59417724609376
2024-08-01,105.63148498535156
2024-08-02,106.74388885498048
2024-08-05,104.17382049560548
2024-08-06,105.00813293457033
2024-08-07,105.43009185791016
2024-08-08,105.25746154785156
2024-08-09,104.25054168701172
2024-08-12,103.37787628173828
2024-08-13,103.7998275756836
2024-08-14,105.38214111328124
2024-08-15,106.38906860351562
2024-08-16,106.44660186767578
2024-08-19,107.3096923828125
2024-08-20,106.2260284423828
2024-08-21,106.82061767578124
2024-08-22,107.50148010253906
2024-08-23,108.06727600097656
2024-08-26,108.07687377929688
2024-08-27,108.46045684814452
2024-08-28,108.26866149902344
2024-08-29,108.1343994140625
2024-08-30,108.62348175048828
2024-09-03,109.95646667480467
2024-09-04,109.7071304321289
2024-09-05,108.46045684814452
2024-09-06,109.18929290771484
2024-09-09,111.65386199951172
2024-09-10,112.30596160888672
2024-09-11,111.81689453125
2024-09-12,112.03744506835938
2024-09-13,111.62508392333984
2024-09-16,112.80461883544922
2024-09-17,113.28411102294922
2024-09-18,110.1674346923828
2024-09-19,109.46739196777344
2024-09-20,109.03583526611328
2024-09-23,110.10030364990234
2024-09-24,108.69061279296876
2024-09-25,107.99055480957033
2024-09-26,108.10563659667967
2024-09-27,107.81795501708984
2024-09-30,109.3331298828125
2024-10-01,108.9015884399414
2024-10-02,108.97830963134766
2024-10-03,107.62615203857422
2024-10-04,108.0193328857422
2024-10-07,108.70980072021484
2024-10-08,109.9276885986328
2024-10-09,111.19353485107422
2024-10-10,110.87709045410156
2024-10-11,111.35657501220705
2024-10-14,112.44022369384766
2024-10-15,111.81394958496094
2024-10-16,113.51934814453124
2024-10-17,113.58678436279295
2024-10-18,115.0320281982422
2024-10-21,112.71963500976562
2024-10-22,111.88138580322266
2024-10-23,112.73889923095705
2024-10-24,112.28605651855467
2024-10-25,110.0507354736328
2024-10-28,109.9062271118164
2024-10-29,109.26068115234376
2024-10-30,110.27234649658205
2024-10-31,109.23178100585938
2024-11-01,114.27086639404295
2024-11-04,113.35554504394533
2024-11-05,113.43262481689452
2024-11-06,112.53658294677734
2024-11-07,111.0913314819336
2024-11-08,112.33423614501952
2024-11-11,112.53658294677734
2024-11-12,112.18971252441406
2024-11-13,111.51526641845705
2024-11-14,110.83118438720705
2024-11-15,111.66941833496094
2024-11-18,113.0761260986328
2024-11-19,112.85453033447266
2024-11-20,111.69832611083984
2024-11-21,112.9797821044922
2024-11-22,113.4615249633789
2024-11-25,113.8180160522461
2024-11-26,113.65422821044922
2024-11-27,114.60807800292967
2024-11-29,114.43465423583984
2024-12-02,112.54621124267578
2024-12-03,112.04520416259766
2024-12-04,111.73687744140624
2024-12-05,111.37071990966795
2024-12-06,111.38036346435548
2024-12-09,110.70594024658205
2024-12-10,111.28401947021484
2024-12-11,109.97366333007812
2024-12-12,109.70388793945312
2024-12-13,109.2414093017578
2024-12-16,108.5091552734375
2024-12-17,109.15469360351562
2024-12-18,107.8443374633789
2024-12-19,108.31644439697266
2024-12-20,110.06037902832033
2024-12-23,110.13745880126952
2024-12-24,110.5710220336914
2024-12-26,111.06240844726562
2024-12-27,110.79263305664062
2024-12-30,108.68257904052734
2024-12-31,108.98126220703124
2025-01-02,109.2992172241211
2025-01-03,109.67498016357422
2025-01-06,108.91381072998048
2025-01-07,109.26068115234376
2025-01-08,110.07965087890624
2025-01-10,108.21046447753906
2025-01-13,109.058349609375
2025-01-14,108.8945541381836
2025-01-15,107.60636138916016
2025-01-16,110.32801055908205
2025-01-17,109.91152954101562
2025-01-21,113.11743927001952
2025-01-22,114.07630920410156
2025-01-23,119.34524536132812
2025-01-24,121.09832763671876
2025-01-27,125.35994720458984
2025-01-28,123.38411712646484
2025-01-29,123.83932495117188
2025-01-30,124.75946044921876
2025-01-31,123.90713500976562
2025-02-03,124.4107894897461
2025-02-04,125.04035186767578
2025-02-05,127.90725708007812
2025-02-06,124.18801879882812
2025-02-07,125.01129913330078
2025-02-10,127.18083190917967
2025-02-11,127.3067626953125
2025-02-12,126.38663482666016
2025-02-13,127.645751953125
2025-02-14,126.50286102294922
2025-02-18,126.08637237548828
2025-02-19,127.97506713867188
2025-02-20,128.98236083984375
2025-02-21,130.6773223876953
2025-02-24,130.70639038085938
2025-02-25,131.54905700683594
2025-02-26,131.6846160888672
2025-02-27,131.59744262695312
2025-02-28,133.670166015625
2025-03-03,135.8106689453125
2025-03-04,133.25369262695312
2025-03-05,133.37957763671875
2025-03-06,130.83229064941406
2025-03-07,132.82754516601562
2025-03-10,133.0406036376953
2025-03-11,128.48838806152344
2025-03-12,126.1832275390625
2025-03-13,125.80550384521484
2025-03-14,122.72550201416016
2025-03-17,123.62625122070312
2025-03-18,122.3283920288086
2025-03-19,123.41316223144533
2025-03-20,122.79329681396484
2025-03-21,122.3671417236328
2025-03-24,123.20977020263672
2025-03-25,121.65039825439452
2025-03-26,122.62864685058594
2025-03-27,127.21959686279295
2025-03-28,126.70626831054688
2025-03-31,128.4787139892578
2025-04-01,127.54891204833984
2025-04-02,127.78134155273438
2025-04-03,127.49079132080078
2025-04-04,120.52688598632812
2025-04-07,120.93367004394533
2025-04-08,120.05228424072266
2025-04-09,123.04512786865234
2025-04-10,120.58499145507812
2025-04-11,122.89014434814452
2025-04-14,123.93617248535156
2025-04-15,122.81719970703124
2025-04-16,126.20337677001952
2025-04-17,127.44886779785156
2025-04-21,126.38825988769533
2025-04-22,128.17861938476562
2025-04-23,126.33960723876952
2025-04-24,125.89202117919922
2025-04-25,125.37630462646484
2025-04-28,126.0379638671875
2025-04-29,126.9818115234375
2025-04-30,127.22505950927734
2025-05-01,127.3515625
2025-05-02,129.2392578125
2025-05-05,129.0251922607422
2025-05-06,129.4727783203125
2025-05-07,130.33880615234375
2025-05-08,130.387451171875
2025-05-09,129.64794921875
2025-05-12,128.43165588378906
2025-05-13,125.57090759277344
2025-05-14,125.09410858154295
2025-05-15,129.75497436523438
2025-05-16,131.16587829589844
2025-05-19,131.8956756591797
2025-05-20,131.5550994873047
2025-05-21,129.46304321289062
2025-05-22,127.954833984375
2025-05-23,127.76026153564452
2025-05-27,129.35604858398438
2025-05-28,128.46084594726562
2025-05-29,129.2684783935547
2025-05-30,129.97877502441406
2025-06-02,129.96905517578125
2025-06-03,130.1052703857422
2025-06-04,129.37548828125
2025-06-05,130.32908630371094
2025-06-06,129.97877502441406
2025-06-09,129.80360412597656
2025-06-10,130.5139617919922
2025-06-11,131.63294982910156
2025-06-12,132.77139282226562
2025-06-13,131.9637908935547
2025-06-16,130.39718627929688
2025-06-17,128.71383666992188
2025-06-18,128.84033203125
2025-06-20,129.40469360351562
2025-06-23,129.66738891601562
2025-06-24,134.35745239257812
2025-06-25,133.69580078125
2025-06-26,130.06634521484375
2025-06-27,130.75721740722656
2025-06-30,132.34326171875
2025-07-01,132.58651733398438
2025-07-02,130.49447631835938
2025-07-03,130.81558227539062
2025-07-07,130.0955352783203
2025-07-08,129.7647247314453
2025-07-09,129.62847900390625
2025-07-10,129.9982452392578
2025-07-11,128.46084594726562
2025-07-14,128.47055053710938
2025-07-15,128.51943969726562
2025-07-16,128.7637939453125
2025-07-17,117.7874984741211
2025-07-18,120.87609100341795
2025-07-21,121.6091537475586
2025-07-22,122.88956451416016
2025-07-23,122.9873046875
2025-07-24,122.80158996582033
2025-07-25,123.68125915527344
2025-07-28,123.4955596923828
2025-07-29,125.11804962158205
2025-07-30,125.64585876464844
2025-07-31,123.33917236328124
2025-08-01,124.41432189941406
2025-08-04,126.99466705322266
2025-08-05,127.73751068115234
2025-08-06,127.97207641601562
2025-08-07,129.07655334472656
2025-08-08,131.2463836669922
2025-08-11,128.39236450195312
2025-08-12,128.06005859375
2025-08-13,126.47664642333984
2025-08-14,126.35936737060548
2025-08-15,128.7735595703125
2025-08-18,127.3270034790039
2025-08-19,128.2848663330078
2025-08-20,129.44796752929688
2025-08-21,129.0178985595703
2025-08-22,129.5945587158203
2025-08-25,128.89083862304688
2025-08-26,128.61717224121094
2025-08-27,128.49012756347656
2025-08-28,128.40213012695312
2025-08-29,129.66299438476562
2025-09-02,128.49012756347656
2025-09-03,129.19384765625
2025-09-04,129.8096160888672
2025-09-05,129.9366912841797
2025-09-08,129.21339416503906
2025-09-09,128.9690399169922
2025-09-10,126.43755340576172
2025-09-11,129.65322875976562
2025-09-12,130.70883178710938
2025-09-15,128.36305236816406
2025-09-16,129.76072692871094
2025-09-17,131.13890075683594
2025-09-18,131.5298614501953
2025-09-19,132.9666290283203
2025-09-22,133.5335235595703
2025-09-23,132.82003784179688
2025-09-24,130.86521911621094
2025-09-25,130.29832458496094
2025-09-26,130.53289794921875
2025-09-29,130.10284423828125
2025-09-30,130.91409301757812
2025-10-01,130.45469665527344
2025-10-02,129.9855499267578
2025-10-03,131.54940795898438
2025-10-06,130.71861267089844
2025-10-07,130.01486206054688
2025-10-08,131.23663330078125
2025-10-09,130.29832458496094
2025-10-10,129.57504272460938
2025-10-13,128.4119110107422
2025-10-14,130.2592315673828
2025-10-15,127.08815002441406
2025-10-16,125.30134582519533
2025-10-17,126.19474029541016
2025-10-20,127.14705657958984
2025-10-21,125.21299743652344
2025-10-22,125.61551666259766
2025-10-23,124.0348892211914
2025-10-24,124.53558349609376
2025-10-27,124.85956573486328
2025-10-28,124.29996490478516
2025-10-29,122.15973663330078
2025-10-30,122.3953628540039
2025-10-31,121.36451721191406
2025-11-03,121.58049774169922
2025-11-04,123.50474548339844
2025-11-05,122.26773071289062
2025-11-06,122.67024993896484
2025-11-07,124.05452728271484
2025-11-10,123.59310150146484
2025-11-11,124.68285369873048
2025-11-12,126.46965026855467
2025-11-13,126.90160369873048
2025-11-14,128.2073516845703
2025-11-17,127.65756225585938
2025-11-18,127.62812042236328
2025-11-19,123.84835815429688
2025-11-20,121.70813751220705
2025-11-21,125.77259826660156
2025-11-24,124.869384765625
2025-11-25,125.71369934082033
2025-11-26,126.19474029541016
2025-11-28,126.54817199707033
2025-12-01,125.6744155883789
2025-12-02,124.0152587890625
2025-12-03,123.0040512084961
2025-12-04,123.11204528808594
2025-12-05,122.79788208007812
2025-12-08,119.8624267578125
2025-12-09,119.03775787353516
2025-12-10,120.31404113769533
2025-12-11,121.03072357177734
2025-12-12,123.1709442138672
2025-12-15,126.12602996826172
2025-12-16,124.54540252685548
2025-12-17,124.39813995361328
2025-12-18,122.837158203125
2025-12-19,123.16112518310548
2025-12-22,122.91569519042967
2025-12-23,122.26773071289062
2025-12-24,122.53280639648438
2025-12-26,122.562255859375
2025-12-29,122.29718780517578
2025-12-30,123.485107421875
2025-12-31,123.0040512084961
2026-01-02,121.92412567138672
2026-01-05,124.14287567138672
2026-01-06,125.44861602783205
2026-01-07,124.7221221923828
2026-01-08,123.8778076171875
2026-01-09,123.62255096435548
2026-01-12,122.36591339111328
2026-01-13,122.03211212158205
2026-01-14,122.7193374633789
2026-01-15,121.89048767089844
2026-01-16,120.14398193359376
2026-01-20,119.53221130371094
2026-01-21,119.12765502929688
2026-01-22,107.16851043701172
2026-01-23,105.99430084228516
2026-01-26,107.32637786865234
2026-01-27,106.83301544189452
2026-01-28,104.64248657226562
2026-01-29,104.68194580078124
2026-01-30,107.84934997558594
2026-02-02,107.95789337158205
2026-02-03,107.57306671142578
2026-02-04,106.76394653320312
2026-02-05,107.63227081298828
2026-02-06,109.35904693603516
2026-02-09,109.59586334228516
2026-02-10,110.789794921875
2026-02-11,112.08240509033205
2026-02-12,109.99055480957033
2026-02-13,111.18449401855467
2026-02-17,110.7700653076172
2026-02-18,111.7863998413086
2026-02-19,110.70099639892578
2026-02-20,110.7207260131836
2026-02-23,113.75984954833984
2026-02-24,113.05927276611328
2026-02-25,113.23688507080078
2026-02-26,114.71697998046876
2026-02-27,114.80577850341795
2026-03-02,112.60537719726562
2026-03-03,112.1021499633789
2026-03-04,111.59891510009766
2026-03-05,109.56625366210938
2026-03-06,108.10590362548828
2026-03-09,111.15489196777344
2026-03-10,109.082763671875
2026-03-11,108.7867431640625
2026-03-12,106.70474243164062
2026-03-13,106.59620666503906
2026-03-16,108.49072265625
2026-03-17,109.24063873291016
2026-03-18,107.05010223388672
2026-03-19,105.7673568725586
2026-03-20,104.06031799316406
2026-03-23,103.45841217041016
2026-03-24,102.67889404296876
2026-03-25,103.43868255615234
2026-03-26,103.18212890625
2026-03-27,102.60982513427734
2026-03-30,100.52783203125
2026-03-31,101.30734252929688
2026-04-01,101.0211944580078
2026-04-02,101.50469970703124
2026-04-06,100.94225311279295
2026-04-07,100.4784927368164
2026-04-08,102.18553161621094
2026-04-09,101.35668182373048
2026-04-10,98.96880340576172
2026-04-13,99.35363006591795
2026-04-14,99.70884704589844
2026-04-15,100.84076690673828
2026-04-16,94.7938995361328
2026-04-17,96.12440490722656
2026-04-20,95.32014465332033
2026-04-21,92.0633773803711
2026-04-22,91.05059814453124
2026-04-23,91.82508087158205
2026-04-24,90.48463439941406
2026-04-27,92.14281463623048
2026-04-28,93.19530487060548
2026-04-29,90.68321990966795
2026-04-30,90.14704132080078
2026-05-01,88.82646179199219
2026-05-04,86.92005920410156
2026-05-05,86.55267333984375
2026-05-06,85.6888427734375
2026-05-07,86.39381408691406
2026-05-08,83.72286224365234
2026-05-11,81.97532653808594
2026-05-12,83.75264739990234
2026-05-13,83.23633575439453
2026-05-14,84.29875946044922
2026-05-15,83.8718032836914
2026-05-18,87.28744506835938
2026-05-19,88.19099426269531
2026-05-20,87.75410461425781
2026-05-21,87.14842987060547
2026-05-22,86.79098510742188
2026-05-26,86.05622100830078
2026-05-27,85.07323455810547
2026-05-28,85.6888427734375
2026-05-29,84.9937973022461
2026-06-01,87.15835571289062
2026-06-02,86.35409545898438
2026-06-03,86.37395477294922
2026-06-04,90.13711547851562
2026-06-05,90.42505645751952
2026-06-08,89.85909271240234
2026-06-09,90.6037826538086
2026-06-10,88.53851318359375
2026-06-11,89.0151138305664
2026-06-12,87.55552673339844
2026-06-15,88.04205322265625
2026-06-16,89.9782485961914
2026-06-17,87.87326049804688
2026-06-18,87.78389739990234
2026-06-22,87.2080078125
2026-06-23,89.88888549804688
2026-06-24,89.84916687011719
2026-06-25,92.5796890258789
2026-06-26,93.45346069335938
2026-06-29,92.0534439086914
2026-06-30,90.09739685058594
2026-07-01,91.5271987915039
2026-07-02,94.72439575195312
2026-07-06,94.95276641845705
2026-07-07,95.1612777709961
2026-07-08,94.50595092773438
2026-07-09,93.73147583007812
2026-07-10,93.26480865478516
2026-07-13,91.45769500732422
2026-07-14,88.33000183105469
2026-07-15,89.2699966430664
2026-07-16,98.83000183105467
2026-07-17,100.68000030517578
2026-07-20,101.66000366210938
2026-07-21,99.66999816894533
2026-07-22,100.56999969482422
2026-07-23,100.75
2026-07-24,103.05999755859376
2026-07-27,104.48999786376952
2026-07-28,107.2699966430664
2026-07-29,108.0
2026-07-30,105.61000061035156
2026-07-31,105.6999969482422
2026-08-03,107.12000274658205
2026-08-04,105.45999908447266
2026-08-05,105.70999908447266
2026-08-06,107.95999908447266
2026-08-07,107.80999755859376
2026-08-10,108.62000274658205
2026-08-11,109.72000122070312
2026-08-12,110.91000366210938
2026-08-13,111.2699966430664
2026-08-14,111.25
2026-08-17,110.37000274658205
2026-08-18,112.68000030517578
2026-08-19,114.43000030517578
2026-08-20,114.13999938964844
2026-08-21,116.63999938964844
