date,close
2011-11-17,16.338987350463867
2011-11-18,16.086204528808594
2011-11-21,15.549999237060549
2011-11-22,15.2435941696167
2011-11-23,15.03676986694336
2011-11-25,15.05208969116211
2011-11-28,15.350831985473633
2011-11-29,15.31253433227539
2011-11-30,15.963640213012695
2011-12-01,15.940662384033203
2011-12-02,16.36962890625
2011-12-05,16.676029205322266
2011-12-06,16.951793670654297
2011-12-07,16.852214813232422
2011-12-08,16.614748001098633
2011-12-09,16.66071319580078
2011-12-12,16.476871490478516
2011-12-13,16.323665618896484
2011-12-14,15.810442924499512
2011-12-15,16.05556297302246
2011-12-16,16.063220977783203
2011-12-19,16.078542709350586
2011-12-20,16.469207763671875
2011-12-21,16.392606735229492
2011-12-22,16.69135093688965
2011-12-23,16.806251525878906
2011-12-27,16.5841121673584
2011-12-28,16.231748580932617
2011-12-29,16.407928466796875
2011-12-30,16.49985122680664
2012-01-03,17.036056518554688
2012-01-04,17.26585578918457
2012-01-05,16.95945167541504
2012-01-06,17.273521423339844
2012-01-09,17.396072387695312
2012-01-10,18.254011154174805
2012-01-11,18.345932006835938
2012-01-12,18.912782669067383
2012-01-13,18.997039794921875
2012-01-17,18.65999794006348
2012-01-18,18.767236709594727
2012-01-19,19.20386505126953
2012-01-20,19.22684097290039
2012-01-23,19.51792526245117
2012-01-24,19.770708084106445
2012-01-25,19.73240852355957
2012-01-26,19.877954483032227
2012-01-27,20.804821014404297
2012-01-30,20.743539810180664
2012-01-31,20.552038192749023
2012-02-01,21.90021324157715
2012-02-02,22.191303253173828
2012-02-03,23.55480194091797
2012-02-06,23.378618240356445
2012-02-07,23.04156875610352
2012-02-08,22.903688430786133
2012-02-09,22.827089309692383
2012-02-10,23.010936737060547
2012-02-13,22.987951278686523
2012-02-14,22.26024055480957
2012-02-15,22.5053653717041
2012-02-16,23.225414276123047
2012-02-17,23.96843719482422
2012-02-21,23.69267845153809
2012-02-22,23.761613845825195
2012-02-23,23.746301651000977
2012-02-24,24.045045852661133
2012-02-27,23.96843719482422
2012-02-28,24.420385360717773
2012-02-29,24.51231002807617
2012-03-01,24.51231002807617
2012-03-02,24.765092849731445
2012-03-05,24.236547470092773
2012-03-06,22.96497344970703
2012-03-07,22.987951278686523
2012-03-08,24.282506942749023
2012-03-09,24.38208770751953
2012-03-12,24.45103073120117
2012-03-13,24.474010467529297
2012-03-14,24.34379005432129
2012-03-15,24.297828674316406
2012-03-16,24.51231002807617
2012-03-19,24.1676082611084
2012-03-20,23.85354423522949
2012-03-21,23.945463180541992
2012-03-22,23.723318099975582
2012-03-23,23.723318099975582
2012-03-26,24.481666564941406
2012-03-27,24.443368911743164
2012-03-28,24.175264358520508
2012-03-29,24.33612823486328
2012-03-30,24.20590782165528
2012-04-02,24.1676082611084
2012-04-03,23.95312118530273
2012-04-04,24.228879928588867
2012-04-05,24.328468322753903
2012-04-09,23.95312118530273
2012-04-10,23.623735427856445
2012-04-11,24.12164688110352
2012-04-12,24.33612823486328
2012-04-13,24.39740562438965
2012-04-16,24.50465202331543
2012-04-17,24.59657096862793
2012-04-18,24.665515899658203
2012-04-19,24.40507125854492
2012-04-20,24.41272735595703
2012-04-23,24.129302978515625
2012-04-24,23.14881134033203
2012-04-25,23.63140106201172
2012-04-26,23.45521545410156
2012-04-27,23.830564498901367
2012-04-30,23.508838653564453
2012-05-01,23.639057159423828
2012-05-02,23.547138214111328
2012-05-03,23.32499313354492
2012-05-04,22.497705459594727
2012-05-07,22.71218681335449
2012-05-08,21.83127212524414
2012-05-09,21.8542537689209
2012-05-10,22.05341529846192
2012-05-11,21.999799728393555
2012-05-14,21.4559268951416
2012-05-15,21.149526596069336
2012-05-16,21.432950973510746
2012-05-17,21.057605743408203
2012-05-18,20.881425857543945
2012-05-21,21.448272705078125
2012-05-22,21.593812942504883
2012-05-23,21.47125244140625
2012-05-24,21.21846580505371
2012-05-25,21.792972564697266
2012-05-29,22.857728958129883
2012-05-30,22.09937858581543
2012-05-31,22.23725891113281
2012-06-01,21.632116317749023
2012-06-04,21.241453170776367
2012-06-05,21.65509414672852
2012-06-06,22.21428108215332
2012-06-07,21.8542537689209
2012-06-08,22.022783279418945
2012-06-11,21.83127212524414
2012-06-12,22.11469841003418
2012-06-13,21.90787696838379
2012-06-14,21.78531646728516
2012-06-15,21.86191368103028
2012-06-18,22.14534568786621
2012-06-19,22.29087829589844
2012-06-20,21.892555236816406
2012-06-21,21.118885040283203
2012-06-22,20.69758415222168
2012-06-25,19.72474670410156
2012-06-26,19.847309112548828
2012-06-27,19.71708869934082
2012-06-28,19.47962188720703
2012-06-29,19.53324508666992
2012-07-02,19.372390747070312
2012-07-03,20.15371322631836
2012-07-05,20.536720275878903
2012-07-06,20.22265625
2012-07-09,20.421817779541016
2012-07-10,20.322235107421875
2012-07-11,20.01583480834961
2012-07-12,20.115413665771484
2012-07-13,20.582677841186523
2012-07-16,20.39883613586425
2012-07-17,20.682262420654297
2012-07-18,20.84311866760254
2012-07-19,20.835468292236328
2012-07-20,20.666942596435547
2012-07-23,20.597993850708008
2012-07-24,20.306922912597656
2012-07-25,20.46012115478516
2012-07-26,20.64395904541016
2012-07-27,21.279748916625977
2012-07-30,21.44060707092285
2012-07-31,21.74701499938965
2012-08-01,21.432950973510746
2012-08-02,21.057605743408203
2012-08-03,21.70105743408203
2012-08-06,22.22960090637207
2012-08-07,22.24492073059082
2012-08-08,21.976821899414062
2012-08-09,22.16832160949707
2012-08-10,21.86191368103028
2012-08-13,21.99213600158692
2012-08-14,21.930849075317383
2012-08-15,21.815956115722656
2012-08-16,22.497705459594727
2012-08-17,22.5972843170166
2012-08-20,22.51302528381348
2012-08-21,22.44408416748047
2012-08-22,22.398122787475582
2012-08-23,22.313861846923828
2012-08-24,22.352161407470703
2012-08-27,22.64324760437012
2012-08-28,23.386274337768555
2012-08-29,23.13349342346192
2012-08-30,22.819429397583008
2012-08-31,23.20243263244629
2012-09-04,22.98028945922852
2012-09-05,22.98028945922852
2012-09-06,23.639057159423828
2012-09-07,23.8612060546875
2012-09-10,23.646717071533203
2012-09-11,23.822906494140625
2012-09-12,23.7309799194336
2012-09-13,23.56245803833008
2012-09-14,24.374425888061523
2012-09-17,24.221227645874023
2012-09-18,24.31315040588379
2012-09-19,24.527631759643555
2012-09-20,24.527631759643555
2012-09-21,24.34379005432129
2012-09-24,24.251867294311523
2012-09-25,24.02972412109375
2012-09-26,24.00674629211425
2012-09-27,23.945463180541992
2012-09-28,23.746301651000977
2012-10-01,23.976104736328125
2012-10-02,24.15994453430176
2012-10-03,24.175264358520508
2012-10-04,24.665515899658203
2012-10-05,24.89531135559082
2012-10-08,24.71913146972656
2012-10-09,24.420385360717773
2012-10-10,24.12164688110352
2012-10-11,24.53529357910156
2012-10-12,24.573585510253903
2012-10-15,24.879993438720703
2012-10-16,25.09447860717773
2012-10-17,24.89531135559082
2012-10-18,24.864669799804688
2012-10-19,24.45103073120117
2012-10-22,24.77275848388672
2012-10-23,24.045045852661133
2012-10-24,24.00674629211425
2012-10-25,24.07568550109864
2012-10-26,23.363296508789062
2012-10-31,24.083341598510746
2012-11-01,24.94127655029297
2012-11-02,25.17108154296875
2012-11-05,24.665515899658203
2012-11-06,25.17108154296875
2012-11-07,24.573585510253903
2012-11-08,24.27484130859375
2012-11-09,24.70380973815918
2012-11-12,24.864669799804688
2012-11-13,24.65785789489746
2012-11-14,24.45868873596192
2012-11-15,24.26718521118164
2012-11-16,24.61955451965332
2012-11-19,25.561742782592773
2012-11-20,25.5847225189209
2012-11-21,25.737924575805664
2012-11-23,26.082630157470703
2012-11-26,25.5540828704834
2012-11-27,25.60769844055176
2012-11-28,25.737924575805664
2012-11-29,26.02134895324707
2012-11-30,26.03667259216309
2012-12-03,25.66132164001465
2012-12-04,25.967723846435547
2012-12-05,25.94474983215332
2012-12-06,25.990711212158203
2012-12-07,26.02134895324707
2012-12-10,26.082630157470703
2012-12-11,26.22051429748535
2012-12-12,26.343074798583984
2012-12-13,26.2971134185791
2012-12-14,26.24349594116211
2012-12-17,26.32775115966797
2012-12-18,26.389034271240234
2012-12-19,27.308250427246094
2012-12-20,27.606992721557617
2012-12-21,27.68359375
2012-12-24,27.79083251953125
2012-12-26,28.51088523864746
2012-12-27,29.20795249938965
2012-12-28,28.89388465881348
2012-12-31,29.299867630004883
2013-01-02,29.78245735168457
2013-01-03,29.376474380493164
2013-01-04,29.4990291595459
2013-01-07,29.253904342651367
2013-01-08,29.246244430541992
2013-01-09,29.4683895111084
2013-01-10,29.72884178161621
2013-01-11,29.17730712890625
2013-01-14,28.817285537719727
2013-01-15,29.33051109313965
2013-01-16,29.353492736816406
2013-01-17,29.87437629699707
2013-01-18,29.73650360107422
2013-01-22,29.75946998596192
2013-01-23,29.606277465820312
2013-01-24,29.77479553222656
2013-01-25,30.08119010925293
2013-01-28,30.4871883392334
2013-01-29,30.326322555541992
2013-01-30,29.78245735168457
2013-01-31,29.613937377929688
2013-02-01,30.04290771484375
2013-02-04,29.72884178161621
2013-02-05,30.13482093811035
2013-02-06,29.567970275878903
2013-02-07,29.345836639404297
2013-02-08,29.50669860839844
2013-02-11,30.01991844177246
2013-02-12,30.494844436645508
2013-02-13,30.60209083557129
2013-02-14,30.617414474487305
2013-02-15,30.62506866455078
2013-02-19,30.456541061401367
2013-02-20,29.71351623535156
2013-02-21,29.039426803588867
2013-02-22,29.39179420471192
2013-02-25,29.20795249938965
2013-02-26,30.43355941772461
2013-02-27,32.01921463012695
2013-02-28,32.05751037597656
2013-03-01,32.32561492919922
2013-03-04,32.37922668457031
2013-03-05,32.555419921875
2013-03-06,32.44817352294922
2013-03-07,32.7392578125
2013-03-08,32.93841552734375
2013-03-11,33.09161758422852
2013-03-12,32.96139144897461
2013-03-13,33.222869873046875
2013-03-14,33.26132583618164
2013-03-15,33.28438949584961
2013-03-18,32.907562255859375
2013-03-19,33.153656005859375
2013-03-20,33.330543518066406
2013-03-21,33.361297607421875
2013-03-22,33.23056411743164
2013-03-25,33.00753402709961
2013-03-26,34.18418884277344
2013-03-27,34.23802185058594
2013-03-28,34.145729064941406
2013-04-01,33.838111877441406
2013-04-02,33.92270278930664
2013-04-03,33.34592056274414
2013-04-04,33.269012451171875
2013-04-05,32.86911392211914
2013-04-08,32.67684555053711
2013-04-09,32.684547424316406
2013-04-10,33.56126022338867
2013-04-11,34.03037643432617
2013-04-12,34.522560119628906
2013-04-15,32.54610824584961
2013-04-16,33.49204635620117
2013-04-17,32.20005416870117
2013-04-18,31.484827041625977
2013-04-19,32.176963806152344
2013-04-22,32.46151351928711
2013-04-23,33.00753402709961
2013-04-24,33.676612854003906
2013-04-25,34.3610725402832
2013-04-26,34.37644577026367
2013-04-29,34.86094284057617
2013-04-30,35.5377082824707
2013-05-01,34.968624114990234
2013-05-02,34.99167251586914
2013-05-03,35.17625427246094
2013-05-06,35.58384704589844
2013-05-07,35.61460494995117
2013-05-08,35.45310592651367
2013-05-09,34.79174041748047
2013-05-10,34.9147834777832
2013-05-13,35.16952133178711
2013-05-14,35.763912200927734
2013-05-15,35.91830062866211
2013-05-16,36.28111267089844
2013-05-17,37.45444869995117
2013-05-20,37.66287612915039
2013-05-21,37.86359024047852
2013-05-22,37.64744186401367
2013-05-23,37.32322311401367
2013-05-24,37.09164047241211
2013-05-28,38.457969665527344
2013-05-29,38.24954605102539
2013-05-30,38.0411262512207
2013-05-31,37.67831039428711
2013-06-03,37.74779891967773
2013-06-04,37.63971710205078
2013-06-05,37.14567565917969
2013-06-06,38.12604522705078
2013-06-07,38.90570068359375
2013-06-10,39.10639572143555
2013-06-11,38.51973724365234
2013-06-12,38.59692001342773
2013-06-13,39.41518020629883
2013-06-14,39.5386848449707
2013-06-17,39.53096771240234
2013-06-18,40.086761474609375
2013-06-19,40.21026992797852
2013-06-20,38.7899055480957
2013-06-21,38.35762023925781
2013-06-24,37.18427276611328
2013-06-25,37.83269882202149
2013-06-26,39.06009292602539
2013-06-27,39.36886596679688
2013-06-28,39.12955856323242
2013-07-01,40.10992050170898
2013-07-02,40.086761474609375
2013-07-03,39.84746170043945
2013-07-05,40.46501922607422
2013-07-08,41.39906311035156
2013-07-09,41.51484298706055
2013-07-10,41.51484298706055
2013-07-11,42.27907180786133
2013-07-12,42.40258026123047
2013-07-15,42.45661544799805
2013-07-16,41.6846809387207
2013-07-17,42.024322509765625
2013-07-18,42.526100158691406
2013-07-19,42.41802215576172
2013-07-22,42.533817291259766
2013-07-23,42.170997619628906
2013-07-24,42.834869384765625
2013-07-25,42.86573791503906
2013-07-26,43.01240539550781
2013-07-29,42.61100769042969
2013-07-30,42.70363998413086
2013-07-31,41.46854019165039
2013-08-01,42.78854751586914
2013-08-02,43.11276626586914
2013-08-05,43.159088134765625
2013-08-06,42.94293594360352
2013-08-07,42.38713073730469
2013-08-08,42.88118362426758
2013-08-09,42.88890075683594
2013-08-12,42.98153305053711
2013-08-13,43.84611129760742
2013-08-14,43.00991439819336
2013-08-15,41.96466827392578
2013-08-16,42.553104400634766
2013-08-19,42.35953521728516
2013-08-20,42.37501525878906
2013-08-21,42.14274597167969
2013-08-22,42.36729049682617
2013-08-23,43.01765823364258
2013-08-26,43.07959365844727
2013-08-27,41.75561141967773
2013-08-28,42.8240966796875
2013-08-29,42.97894287109375
2013-08-30,42.59956359863281
2013-09-03,43.34284210205078
2013-09-04,43.88481521606445
2013-09-05,44.49648666381836
2013-09-06,43.745452880859375
2013-09-09,43.77642822265625
2013-09-10,44.442291259765625
2013-09-11,44.6358528137207
2013-09-12,43.79190826416016
2013-09-13,44.05515670776367
2013-09-16,44.1480598449707
2013-09-17,44.19451522827149
2013-09-18,44.411319732666016
2013-09-19,44.99200439453125
2013-09-20,44.90684127807617
2013-09-23,44.372596740722656
2013-09-24,44.891361236572266
2013-09-25,44.65133666992188
2013-09-26,45.19331741333008
2013-09-27,45.24750900268555
2013-09-30,45.232025146484375
2013-10-01,45.54947280883789
2013-10-02,45.06942367553711
2013-10-03,44.55067443847656
2013-10-04,44.91457748413086
2013-10-07,44.72876739501953
2013-10-08,43.26541519165039
2013-10-09,43.28863906860352
2013-10-10,44.690040588378906
2013-10-11,44.372596740722656
2013-10-14,44.42679977416992
2013-10-15,44.05515670776367
2013-10-16,45.72754669189453
2013-10-17,46.486324310302734
2013-10-18,46.45534896850586
2013-10-21,46.06047821044922
2013-10-22,45.99853897094727
2013-10-23,44.82941436767578
2013-10-24,45.09265899658203
2013-10-25,44.93006896972656
2013-10-28,44.1480598449707
2013-10-29,43.81513977050781
2013-10-30,43.799652099609375
2013-10-31,44.28743362426758
2013-11-01,44.5274543762207
2013-11-04,44.90684127807617
2013-11-05,42.5918197631836
2013-11-06,43.24993515014648
2013-11-07,41.82529830932617
2013-11-08,42.90925216674805
2013-11-11,42.4292221069336
2013-11-12,42.7156982421875
2013-11-13,43.39137649536133
2013-11-14,44.23015975952149
2013-11-15,45.10776519775391
2013-11-18,44.78934097290039
2013-11-19,43.63990783691406
2013-11-20,44.19132995605469
2013-11-21,44.93691253662109
2013-11-22,44.95244216918945
2013-11-25,44.781585693359375
2013-11-26,44.81264114379883
2013-11-27,45.06894302368164
2013-11-29,45.472801208496094
2013-12-02,44.88254165649414
2013-12-03,44.43985748291016
2013-12-04,44.63401794433594
2013-12-05,44.64178466796875
2013-12-06,45.38736343383789
2013-12-09,45.23203659057617
2013-12-10,45.91549301147461
2013-12-11,44.77381896972656
2013-12-12,44.94467926025391
2013-12-13,45.51162338256836
2013-12-16,46.31157302856445
2013-12-17,46.45137786865234
2013-12-18,46.699893951416016
2013-12-19,45.79898834228516
2013-12-20,45.31746673583984
2013-12-23,46.16401672363281
2013-12-24,46.5911750793457
2013-12-26,46.63777542114258
2013-12-27,46.466915130615234
2013-12-30,46.47467422485352
2013-12-31,46.699893951416016
2014-01-02,46.14847946166992
2014-01-03,46.0319938659668
2014-01-06,46.03975296020508
2014-01-07,46.86299514770508
2014-01-08,47.18918991088867
2014-01-09,47.08047103881836
2014-01-10,47.74061965942383
2014-01-13,46.754276275634766
2014-01-14,48.13670349121094
2014-01-15,48.47065734863281
2014-01-16,48.32310104370117
2014-01-17,48.695892333984375
2014-01-21,48.928897857666016
2014-01-22,49.123043060302734
2014-01-23,48.38523483276367
2014-01-24,46.53680419921875
2014-01-27,46.280517578125
2014-01-28,46.630008697509766
2014-01-29,46.466915130615234
2014-01-30,47.36004638671875
2014-01-31,47.290157318115234
2014-02-03,45.92324066162109
2014-02-04,46.606712341308594
2014-02-05,47.35228729248047
2014-02-06,47.80274963378906
2014-02-07,48.47065734863281
2014-02-10,48.60269165039063
2014-02-11,48.90559387207031
2014-02-12,49.775428771972656
2014-02-13,50.03273391723633
2014-02-14,49.993743896484375
2014-02-18,50.66427230834961
2014-02-19,50.79682159423828
2014-02-20,51.23345184326172
2014-02-21,51.38938903808594
2014-02-24,51.857208251953125
2014-02-25,51.80263137817383
2014-02-26,52.098915100097656
2014-02-27,51.93517303466797
2014-02-28,51.90398406982422
2014-03-03,51.67008590698242
2014-03-04,52.098915100097656
2014-03-05,51.311431884765625
2014-03-06,52.20806121826172
2014-03-07,51.95077133178711
2014-03-10,52.13010025024414
2014-03-11,52.83961486816406
2014-03-12,52.371803283691406
2014-03-13,51.272438049316406
2014-03-14,50.6564826965332
2014-03-17,51.8650016784668
2014-03-18,52.63689422607422
2014-03-19,52.356201171875
2014-03-20,52.63689422607422
2014-03-21,51.95857238769531
2014-03-24,51.65449523925781
2014-03-25,51.01514434814453
2014-03-26,50.976165771484375
2014-03-27,51.2022705078125
2014-03-28,52.03653717041016
2014-03-31,52.909786224365234
2014-04-01,54.1884765625
2014-04-02,54.66408920288086
2014-04-03,54.36781311035156
2014-04-04,52.87079620361328
2014-04-07,51.39718246459961
2014-04-08,51.54533004760742
2014-04-09,53.24504852294922
2014-04-10,51.95077133178711
2014-04-11,50.60190200805664
2014-04-14,51.16328811645508
2014-04-15,51.19446563720703
2014-04-16,51.38159942626953
2014-04-17,52.39519119262695
2014-04-21,52.89419174194336
2014-04-22,53.66608047485352
2014-04-23,53.60371017456055
2014-04-24,53.28403472900391
2014-04-25,51.83381271362305
2014-04-28,51.31922149658203
2014-04-29,51.63889694213867
2014-04-30,52.114505767822266
2014-05-01,52.31722640991211
2014-05-02,52.92538833618164
2014-05-05,52.9643669128418
2014-05-06,52.44976425170898
2014-05-07,52.64469909667969
2014-05-08,51.96636199951172
2014-05-09,52.114505767822266
2014-05-12,52.74059677124024
2014-05-13,52.795387268066406
2014-05-14,52.41188430786133
2014-05-15,51.6214485168457
2014-05-16,51.66841506958008
2014-05-19,52.21623992919922
2014-05-20,52.34145736694336
2014-05-21,52.85016632080078
2014-05-22,53.11625289916992
2014-05-23,54.78322982788086
2014-05-27,55.09627914428711
2014-05-28,54.337135314941406
2014-05-29,54.16495513916016
2014-05-30,54.04755783081055
2014-06-02,53.875396728515625
2014-06-03,54.54060363769531
2014-06-04,54.79888153076172
2014-06-05,55.182350158691406
2014-06-06,55.36236572265625
2014-06-09,54.97106552124024
2014-06-10,54.74409103393555
2014-06-11,54.18844223022461
2014-06-12,52.709285736083984
2014-06-13,53.21016693115234
2014-06-16,52.99103927612305
2014-06-17,52.91276550292969
2014-06-18,53.17886734008789
2014-06-19,52.73278045654297
2014-06-20,52.73278045654297
2014-06-23,52.31016159057617
2014-06-24,52.86581039428711
2014-06-25,53.21799087524414
2014-06-26,53.34321212768555
2014-06-27,53.60931015014648
2014-06-30,53.797122955322266
2014-07-01,54.642356872558594
2014-07-02,54.68149948120117
2014-07-03,54.955413818359375
2014-07-07,54.47018051147461
2014-07-08,54.30583190917969
2014-07-09,54.587589263916016
2014-07-10,54.368431091308594
2014-07-11,54.43887710571289
2014-07-14,54.587589263916016
2014-07-15,54.43105697631836
2014-07-16,54.05539321899414
2014-07-17,53.31974029541016
2014-07-18,53.69539260864258
2014-07-21,53.46842575073242
2014-07-22,53.96148300170898
2014-07-23,53.80495834350586
2014-07-24,53.70320892333984
2014-07-25,53.83626556396485
2014-07-28,53.96930694580078
2014-07-29,53.17886734008789
2014-07-30,52.88929748535156
2014-07-31,52.27885818481445
2014-08-01,52.34145736694336
2014-08-04,53.07712173461914
2014-08-05,53.56233978271485
2014-08-06,53.2258186340332
2014-08-07,52.67799377441406
2014-08-08,53.58583068847656
2014-08-11,53.42872619628906
2014-08-12,53.26377487182617
2014-08-13,53.562259674072266
2014-08-14,54.206356048583984
2014-08-15,53.923583984375
2014-08-18,54.45771789550781
2014-08-19,54.81904602050781
2014-08-20,55.44741821289063
2014-08-21,55.49455261230469
2014-08-22,55.478851318359375
2014-08-25,55.56524658203125
2014-08-26,54.99184036254883
2014-08-27,54.591251373291016
2014-08-28,54.45771789550781
2014-08-29,54.65408706665039
2014-09-02,55.22748565673828
2014-09-03,54.99184036254883
2014-09-04,55.180362701416016
2014-09-05,55.36102294921875
2014-09-08,56.09152221679688
2014-09-09,55.95798873901367
2014-09-10,55.65950393676758
2014-09-11,55.35316848754883
2014-09-12,55.11753082275391
2014-09-15,54.2613410949707
2014-09-16,52.81604766845703
2014-09-17,52.28977584838867
2014-09-18,51.75563430786133
2014-09-19,51.40217590332031
2014-09-22,51.064414978027344
2014-09-23,50.51457595825195
2014-09-24,50.71094512939453
2014-09-25,50.46744918823242
2014-09-26,50.373191833496094
2014-09-29,49.3285026550293
2014-09-30,48.18168258666992
2014-10-01,48.055999755859375
2014-10-02,49.10856246948242
2014-10-03,49.68195724487305
2014-10-06,49.85477066040039
2014-10-07,49.257808685302734
2014-10-08,49.56414031982422
2014-10-09,48.51159286499024
2014-10-10,47.404056549072266
2014-10-13,45.7938117980957
2014-10-14,48.28379821777344
2014-10-15,48.37020111083984
2014-10-16,48.9671745300293
2014-10-17,49.55628204345703
2014-10-20,49.88619613647461
2014-10-21,51.01728439331055
2014-10-22,50.60099029541016
2014-10-23,51.60639953613281
2014-10-24,52.4547233581543
2014-10-27,52.53327941894531
2014-10-28,54.08853912353516
2014-10-29,53.19308090209961
2014-10-30,53.20879364013672
2014-10-31,54.18280029296875
2014-11-03,54.26919937133789
2014-11-04,53.75863265991211
2014-11-05,54.93686676025391
2014-11-06,55.32174682617188
2014-11-07,54.85666275024414
2014-11-10,55.0773811340332
2014-11-11,55.369049072265625
2014-11-12,55.53458404541016
2014-11-13,55.73953628540039
2014-11-14,55.71588897705078
2014-11-17,55.849891662597656
2014-11-18,56.55147171020508
2014-11-19,56.04697036743164
2014-11-20,56.07851028442383
2014-11-21,56.65394592285156
2014-11-24,57.39493942260742
2014-11-25,56.66183853149414
2014-11-26,56.583003997802734
2014-11-28,57.50529098510742
2014-12-01,57.46589279174805
2014-12-02,57.71024703979492
2014-12-03,58.443359375
2014-12-04,57.85213470458984
2014-12-05,57.85213470458984
2014-12-08,57.33975982666016
2014-12-09,57.418582916259766
2014-12-10,55.88930892944336
2014-12-11,56.094268798828125
2014-12-12,54.99855422973633
2014-12-15,55.25868225097656
2014-12-16,54.76994705200195
2014-12-17,55.96814727783203
2014-12-18,57.17420959472656
2014-12-19,57.94673156738281
2014-12-22,58.10438919067383
2014-12-23,58.23051452636719
2014-12-24,57.89944076538086
2014-12-26,58.03344345092773
2014-12-29,58.16746520996094
2014-12-30,57.79696273803711
2014-12-31,57.32398986816406
2015-01-02,57.22150802612305
2015-01-05,54.72265625
2015-01-06,54.37581634521485
2015-01-07,54.809364318847656
2015-01-08,56.157325744628906
2015-01-09,55.30599212646485
2015-01-12,54.30486679077149
2015-01-13,53.32740020751953
2015-01-14,52.92536926269531
2015-01-15,52.92536926269531
2015-01-16,52.49181365966797
2015-01-20,53.18549728393555
2015-01-21,54.09990692138672
2015-01-22,54.588653564453125
2015-01-23,54.91971969604492
2015-01-26,54.84089660644531
2015-01-27,55.0222053527832
2015-01-28,53.7372932434082
2015-01-29,54.52558135986328
2015-01-30,54.1787338256836
2015-02-02,55.81837463378906
2015-02-03,57.33975982666016
2015-02-04,57.34764099121094
2015-02-05,59.8149642944336
2015-02-06,60.82397079467773
2015-02-09,60.86338806152344
2015-02-10,61.95122146606445
2015-02-11,61.41518020629883
2015-02-12,61.5334358215332
2015-02-13,62.23725128173828
2015-02-17,62.0791015625
2015-02-18,62.03164291381836
2015-02-19,62.79872894287109
2015-02-20,62.68801498413086
2015-02-23,62.63267517089844
2015-02-24,62.34796524047852
2015-02-25,63.146705627441406
2015-02-26,62.52194595336914
2015-02-27,62.34796524047852
2015-03-02,63.37602996826172
2015-03-03,63.2811164855957
2015-03-04,63.88214874267578
2015-03-05,63.36812973022461
2015-03-06,62.5456657409668
2015-03-09,62.45869445800781
2015-03-10,61.39897537231445
2015-03-11,60.797969818115234
2015-03-12,61.63623046875
2015-03-13,60.73470306396485
2015-03-16,61.90511322021485
2015-03-17,61.8497428894043
2015-03-18,62.60893249511719
2015-03-19,62.616844177246094
2015-03-20,63.233673095703125
2015-03-23,63.138771057128906
2015-03-24,62.64847946166992
2015-03-25,61.256629943847656
2015-03-26,60.80587768554688
2015-03-27,61.28036117553711
2015-03-30,62.64054870605469
2015-03-31,63.059696197509766
2015-04-01,62.35587310791016
2015-04-02,64.19847869873047
2015-04-06,66.27041625976562
2015-04-07,65.54287719726562
2015-04-08,65.80382537841797
2015-04-09,66.61045837402344
2015-04-10,66.99006652832031
2015-04-13,66.40485382080078
2015-04-14,66.52346801757812
2015-04-15,66.23086547851562
2015-04-16,66.44438934326172
2015-04-17,65.85127258300781
2015-04-20,65.89874267578125
2015-04-21,65.6614990234375
2015-04-22,65.54287719726562
2015-04-23,65.78801727294922
2015-04-24,66.04109191894531
2015-04-27,65.41632843017578
2015-04-28,65.38469696044922
2015-04-29,64.79158020019531
2015-04-30,65.63776397705078
2015-05-01,66.69745635986328
2015-05-04,68.0418472290039
2015-05-05,66.53137969970703
2015-05-06,66.82398223876953
2015-05-07,66.3099594116211
2015-05-08,67.48036193847656
2015-05-11,67.29000091552734
2015-05-12,67.9086685180664
2015-05-13,67.70243835449219
2015-05-14,68.64627838134766
2015-05-15,69.20148468017578
2015-05-18,69.16182708740234
2015-05-19,69.15388488769531
2015-05-20,68.88421630859375
2015-05-21,69.23321533203125
2015-05-22,69.01905059814453
2015-05-26,68.3528060913086
2015-05-27,69.13802337646484
2015-05-28,69.47906494140625
2015-05-29,68.98734283447266
2015-06-01,68.86837005615234
2015-06-02,69.39977264404297
2015-06-03,70.07392883300781
2015-06-04,69.03489685058594
2015-06-05,69.25698852539062
2015-06-08,68.87627410888672
2015-06-09,68.66215515136719
2015-06-10,70.03428649902344
2015-06-11,69.6059799194336
2015-06-12,69.45527648925781
2015-06-15,69.24907684326172
2015-06-16,69.53458404541016
2015-06-17,70.46258544921875
2015-06-18,70.62914276123047
2015-06-19,70.71637725830078
2015-06-22,70.45465850830078
2015-06-23,70.2246322631836
2015-06-24,69.7328872680664
2015-06-25,70.38327026367188
2015-06-26,70.2801513671875
2015-06-29,67.04413604736328
2015-06-30,67.4883041381836
2015-07-01,68.2100601196289
2015-07-02,68.2021255493164
2015-07-06,67.2662124633789
2015-07-07,66.65550994873047
2015-07-08,62.04736328125
2015-07-09,61.81734848022461
2015-07-10,62.81671524047852
2015-07-13,63.44328308105469
2015-07-14,63.625709533691406
2015-07-15,64.02227020263672
2015-07-16,60.91317367553711
2015-07-17,61.81734848022461
2015-07-20,61.92045974731445
2015-07-21,62.16633224487305
2015-07-22,61.46834564208984
2015-07-23,61.722164154052734
2015-07-24,61.35732269287109
2015-07-27,59.77898025512695
2015-07-28,61.34938430786133
2015-07-29,62.18218612670898
2015-07-30,61.46834564208984
2015-07-31,61.92837524414063
2015-08-03,61.19869613647461
2015-08-04,61.722164154052734
2015-08-05,61.46043395996094
2015-08-06,61.36524963378906
2015-08-07,62.80876541137695
2015-08-10,64.57511901855469
2015-08-11,61.830116271972656
2015-08-12,60.73212814331055
2015-08-13,61.28907012939453
2015-08-14,60.64459228515625
2015-08-17,61.83807373046875
2015-08-18,61.94152069091797
2015-08-19,61.26519393920898
2015-08-20,59.36359786987305
2015-08-21,57.34264373779297
2015-08-24,56.109375
2015-08-25,55.8786506652832
2015-08-26,58.45654678344727
2015-08-27,59.69777297973633
2015-08-28,59.95238876342773
2015-08-31,60.0876350402832
2015-09-01,57.31081008911133
2015-09-02,57.90755081176758
2015-09-03,58.28946685791016
2015-09-04,57.29490661621094
2015-09-08,60.11151123046875
2015-09-09,60.20699691772461
2015-09-10,59.86486053466797
2015-09-11,60.78781509399414
2015-09-14,60.73212814331055
2015-09-15,61.4163818359375
2015-09-16,63.36574935913086
2015-09-17,63.023582458496094
2015-09-18,61.78237533569336
2015-09-21,61.448204040527344
2015-09-22,59.22834014892578
2015-09-23,58.95781326293945
2015-09-24,57.987117767333984
2015-09-25,58.28946685791016
2015-09-28,55.99003601074219
2015-09-29,58.03486251831055
2015-09-30,60.50137710571289
2015-10-01,61.61529159545898
2015-10-02,62.04494094848633
2015-10-05,62.562110900878906
2015-10-06,62.10859680175781
2015-10-07,63.44529724121094
2015-10-08,64.3682632446289
2015-10-09,65.15594482421875
2015-10-12,65.06842041015625
2015-10-13,63.52486801147461
2015-10-14,63.77947235107422
2015-10-15,64.30458068847656
2015-10-16,64.52738189697266
2015-10-19,64.90132904052734
2015-10-20,65.45828247070312
2015-10-21,65.1718521118164
2015-10-22,67.27236938476562
2015-10-23,67.67816925048828
2015-10-26,67.65428924560547
2015-10-27,67.05754852294922
2015-10-28,68.55337524414062
2015-10-29,63.683990478515625
2015-10-30,66.1902847290039
2015-11-02,67.16893768310547
2015-11-03,66.373291015625
2015-11-04,65.89588928222656
2015-11-05,66.26189422607422
2015-11-06,66.27780151367188
2015-11-09,65.687255859375
2015-11-10,66.26185607910156
2015-11-11,66.96414184570312
2015-11-12,65.98253631591797
2015-11-13,64.08317565917969
2015-11-16,64.77748107910156
2015-11-17,64.38642883300781
2015-11-18,65.49571990966797
2015-11-19,66.98807525634766
2015-11-20,68.79964447021484
2015-11-23,68.90338134765625
2015-11-24,69.38221740722656
2015-11-25,70.00469207763672
2015-11-27,69.90094757080078
2015-11-30,70.13236236572266
2015-12-01,70.73090362548828
2015-12-02,69.14278411865234
2015-12-03,68.52828979492188
2015-12-04,70.10842895507812
2015-12-07,69.05501556396484
2015-12-08,68.2330322265625
2015-12-09,67.35517120361328
2015-12-10,67.37112426757812
2015-12-11,65.43984985351562
2015-12-14,65.5595703125
2015-12-15,66.77259063720703
2015-12-16,68.4405288696289
2015-12-17,66.60501098632812
2015-12-18,66.64492797851562
2015-12-21,67.07586669921875
2015-12-22,67.60257720947266
2015-12-23,69.52587127685547
2015-12-24,69.30239868164062
2015-12-28,69.57374572753906
2015-12-29,69.93285369873047
2015-12-30,69.06300354003906
2015-12-31,68.41658020019531
2016-01-04,67.02796173095703
2016-01-05,65.16851043701172
2016-01-06,63.436767578125
2016-01-07,59.88544845581055
2016-01-08,58.72030258178711
2016-01-11,60.52389526367188
2016-01-12,59.81363296508789
2016-01-13,55.983009338378906
2016-01-14,55.40042495727539
2016-01-15,53.84423828125
2016-01-19,53.74049377441406
2016-01-20,52.44765090942383
2016-01-21,51.952857971191406
2016-01-22,51.90497970581055
2016-01-25,51.2984619140625
2016-01-26,52.96638870239258
2016-01-27,52.85465621948242
2016-01-28,51.18674850463867
2016-01-29,51.8251838684082
2016-02-01,52.990333557128906
2016-02-02,51.05106735229492
2016-02-03,49.91785430908203
2016-02-04,49.6624755859375
2016-02-05,47.42794418334961
2016-02-08,45.49666595458984
2016-02-09,45.99943542480469
2016-02-10,47.052860260009766
2016-02-11,46.78950119018555
2016-02-12,49.11534881591797
2016-02-16,50.62313079833984
2016-02-17,52.940948486328125
2016-02-18,52.42766571044922
2016-02-19,52.25924301147461
2016-02-22,53.01313400268555
2016-02-23,51.65773010253906
2016-02-24,51.08028030395508
2016-02-25,53.47830581665039
2016-02-26,53.5103874206543
2016-02-29,53.47830581665039
2016-03-01,55.23470687866211
2016-03-02,55.29085159301758
2016-03-03,56.77457809448242
2016-03-04,57.36806869506836
2016-03-07,56.61417388916016
2016-03-08,55.29085159301758
2016-03-09,55.42719268798828
2016-03-10,54.83370590209961
2016-03-11,56.36554718017578
2016-03-14,56.189109802246094
2016-03-15,56.92695617675781
2016-03-16,57.85729598999024
2016-03-17,58.627227783203125
2016-03-18,58.25830459594727
2016-03-21,58.03374099731445
2016-03-22,58.75555419921875
2016-03-23,58.17810821533203
2016-03-24,58.04175567626953
2016-03-28,57.95354080200195
2016-03-29,59.28488540649414
2016-03-30,60.07887649536133
2016-03-31,60.16709518432617
2016-04-01,59.10042190551758
2016-04-04,56.80666732788086
2016-04-05,56.95101547241211
2016-04-06,57.47233963012695
2016-04-07,57.1034049987793
2016-04-08,57.41618728637695
2016-04-11,58.24226760864258
2016-04-12,58.02571868896485
2016-04-13,61.2899169921875
2016-04-14,61.907474517822266
2016-04-15,61.12950897216797
2016-04-18,61.36210250854492
2016-04-19,61.57062530517578
2016-04-20,61.45833587646485
2016-04-21,60.95308303833008
2016-04-22,60.73653411865234
2016-04-25,60.98514938354492
2016-04-26,62.45283508300781
2016-04-27,61.771121978759766
2016-04-28,60.14303207397461
2016-04-29,59.05229949951172
2016-05-02,59.116458892822266
2016-05-03,58.683372497558594
2016-05-04,56.213172912597656
2016-05-05,55.58759689331055
2016-05-06,56.509910583496094
2016-05-09,56.38912582397461
2016-05-10,57.41993713378906
2016-05-11,56.59849548339844
2016-05-12,56.10725021362305
2016-05-13,55.1408576965332
2016-05-16,55.22944641113281
2016-05-17,54.00534439086914
2016-05-18,54.20667266845703
2016-05-19,53.03894805908203
2016-05-20,53.76374053955078
2016-05-23,53.31276321411133
2016-05-24,54.810672760009766
2016-05-25,54.762351989746094
2016-05-26,54.11003112792969
2016-05-27,54.585182189941406
2016-05-31,54.73014068603516
2016-06-01,54.00534439086914
2016-06-02,55.03616714477539
2016-06-03,54.01339340209961
2016-06-06,54.38385391235352
2016-06-07,55.03616714477539
2016-06-08,55.599891662597656
2016-06-09,55.51130294799805
2016-06-10,54.2227897644043
2016-06-13,53.08727264404297
2016-06-14,52.4671630859375
2016-06-15,53.03089904785156
2016-06-16,53.34496688842773
2016-06-17,53.52214813232422
2016-06-20,56.12336730957031
2016-06-21,55.70458984375
2016-06-22,55.59183883666992
2016-06-23,56.944786071777344
2016-06-24,49.98674774169922
2016-06-27,47.56271362304688
2016-06-28,48.89956283569336
2016-06-29,50.53437805175781
2016-06-30,50.4135856628418
2016-07-01,51.23501205444336
2016-07-05,48.47273254394531
2016-07-06,49.06063079833984
2016-07-07,50.486061096191406
2016-07-08,52.22557067871094
2016-07-11,52.523536682128906
2016-07-12,53.69126129150391
2016-07-13,53.95703125
2016-07-14,54.09392547607422
2016-07-15,54.01339340209961
2016-07-18,54.02950286865234
2016-07-19,53.74763870239258
2016-07-20,54.97173309326172
2016-07-21,55.37440490722656
2016-07-22,55.05227279663086
2016-07-25,55.03616714477539
2016-07-26,55.89786529541016
2016-07-27,55.76095962524414
2016-07-28,54.49658966064453
2016-07-29,54.61738967895508
2016-08-01,54.60128402709961
2016-08-02,52.60406494140625
2016-08-03,51.581302642822266
2016-08-04,51.13032150268555
2016-08-05,53.36108016967773
2016-08-08,53.12650680541992
2016-08-09,53.03753662109375
2016-08-10,52.72206878662109
2016-08-11,52.85957717895508
2016-08-12,51.75143432617188
2016-08-15,52.398529052734375
2016-08-16,52.19630432128906
2016-08-17,52.53603363037109
2016-08-18,52.63310241699219
2016-08-19,52.82722473144531
2016-08-22,52.62501525878906
2016-08-23,54.88984298706055
2016-08-24,55.52885437011719
2016-08-25,55.52885437011719
2016-08-26,56.313453674316406
2016-08-29,57.300270080566406
2016-08-30,56.95246124267578
2016-08-31,57.154666900634766
2016-09-01,56.86348342895508
2016-09-02,56.758338928222656
2016-09-06,57.0009880065918
2016-09-07,56.85539245605469
2016-09-08,57.16276550292969
2016-09-09,55.011173248291016
2016-09-12,55.82812881469727
2016-09-13,55.148681640625
2016-09-14,55.35898971557617
2016-09-15,55.90092468261719
2016-09-16,56.43478012084961
2016-09-19,56.27301406860352
2016-09-20,55.69062423706055
2016-09-21,56.23256301879883
2016-09-22,56.80686950683594
2016-09-23,56.22447967529297
2016-09-26,55.61782836914063
2016-09-27,55.32662963867188
2016-09-28,57.13041305541992
2016-09-29,56.36198425292969
2016-09-30,57.68852615356445
2016-10-03,57.60764694213867
2016-10-04,57.19511413574219
2016-10-05,58.05251693725586
2016-10-06,57.45396041870117
2016-10-07,56.717891693115234
2016-10-10,56.58846282958984
2016-10-11,54.84130859375
2016-10-12,54.73615646362305
2016-10-13,53.31254577636719
2016-10-14,53.37725830078125
2016-10-17,53.72507095336914
2016-10-18,51.85658645629883
2016-10-19,52.681636810302734
2016-10-20,52.10733795166016
2016-10-21,51.70289993286133
2016-10-24,51.953651428222656
2016-10-25,51.144779205322266
2016-10-26,51.98599624633789
2016-10-27,52.1316032409668
2016-10-28,52.3419075012207
2016-10-31,52.63310241699219
2016-11-01,52.73825454711914
2016-11-02,53.95964431762695
2016-11-03,53.66035842895508
2016-11-04,54.00008392333984
2016-11-07,56.17731475830078
2016-11-08,56.95722198486328
2016-11-09,53.27705001831055
2016-11-10,54.00008773803711
2016-11-11,52.992713928222656
2016-11-14,54.073204040527344
2016-11-15,54.24380111694336
2016-11-16,54.05695343017578
2016-11-17,55.28367614746094
2016-11-18,55.39741134643555
2016-11-21,55.78736877441406
2016-11-22,54.41440963745117
2016-11-23,54.47940444946289
2016-11-25,54.85311126708984
2016-11-28,53.87822723388672
2016-11-29,51.53852081298828
2016-11-30,51.993465423583984
2016-12-01,53.31767272949219
2016-12-02,51.76598739624024
2016-12-05,51.79037094116211
2016-12-06,53.52076721191406
2016-12-07,57.16030883789063
2016-12-08,57.96459579467773
2016-12-09,58.10269165039063
2016-12-12,56.36417388916016
2016-12-13,56.90034866333008
2016-12-14,55.89296340942383
2016-12-15,56.096073150634766
2016-12-16,55.32429504394531
2016-12-19,54.98308563232422
2016-12-20,54.65813064575195
2016-12-21,56.209808349609375
2016-12-22,54.63375854492188
2016-12-23,55.08057022094727
2016-12-27,55.29179763793945
2016-12-28,54.682498931884766
2016-12-29,54.72311782836914
2016-12-30,54.71499252319336
2017-01-03,54.86935806274414
2017-01-04,56.90034866333008
2017-01-05,56.55102157592773
2017-01-06,56.19356155395508
2017-01-09,55.29179763793945
2017-01-10,57.24967193603516
2017-01-11,58.11894607543945
2017-01-12,57.72899627685547
2017-01-13,58.19206237792969
2017-01-17,58.24080657958984
2017-01-18,58.0864486694336
2017-01-19,58.50077438354492
2017-01-20,57.40402603149414
2017-01-23,56.92471694946289
2017-01-24,58.04582977294922
2017-01-25,59.60563278198242
2017-01-26,58.37890625
2017-01-27,57.672122955322266
2017-01-30,56.62413787841797
2017-01-31,56.91659927368164
2017-02-01,57.68024826049805
2017-02-02,59.96429443359375
2017-02-03,60.15191650390625
2017-02-06,60.14374923706055
2017-02-07,60.4537353515625
2017-02-08,60.315059661865234
2017-02-09,60.1682243347168
2017-02-10,60.62503433227539
2017-02-13,61.99546813964844
2017-02-14,61.96284103393555
2017-02-15,62.19939422607422
2017-02-16,61.359188079833984
2017-02-17,61.55496597290039
2017-02-21,61.86494827270508
2017-02-22,62.10966873168945
2017-02-23,61.97915267944336
2017-02-24,62.55831909179688
2017-02-27,62.97433853149414
2017-02-28,62.10150909423828
2017-03-01,62.623573303222656
2017-03-02,63.12932205200195
2017-03-03,62.95802307128906
2017-03-06,61.930206298828125
2017-03-07,61.97099304199219
2017-03-08,62.50936508178711
2017-03-09,62.23201751708984
2017-03-10,62.88460540771485
2017-03-13,65.42152404785156
2017-03-14,66.07411193847656
2017-03-15,67.12639617919922
2017-03-16,67.11009216308594
2017-03-17,66.7674789428711
2017-03-20,66.17200469970703
2017-03-21,63.7574462890625
2017-03-22,64.2223892211914
2017-03-23,64.11636352539062
2017-03-24,64.361083984375
2017-03-27,64.80973052978516
2017-03-28,65.56836700439453
2017-03-29,65.65808868408203
2017-03-30,66.07411193847656
2017-03-31,65.65808868408203
2017-04-03,63.83085632324219
2017-04-04,61.97915267944336
2017-04-05,61.25314712524414
2017-04-06,61.27762222290039
2017-04-07,61.2939338684082
2017-04-10,61.6120719909668
2017-04-11,61.1063117980957
2017-04-12,60.59241485595703
2017-04-13,60.16006851196289
2017-04-17,60.94317626953125
2017-04-18,60.64950180053711
2017-04-19,61.48155212402344
2017-04-20,63.54534530639648
2017-04-21,62.48489761352539
2017-04-24,64.64659118652344
2017-04-25,64.78526306152344
2017-04-26,64.64659118652344
2017-04-27,65.22574615478516
2017-04-28,65.58467102050781
2017-05-01,65.25837707519531
2017-05-02,63.99401092529297
2017-05-03,70.97665405273438
2017-05-04,71.83316040039062
2017-05-05,71.53949737548828
2017-05-08,71.53950500488281
2017-05-09,72.24334716796875
2017-05-10,71.8259506225586
2017-05-11,71.09754943847656
2017-05-12,70.95022583007812
2017-05-15,70.95841979980469
2017-05-16,71.2530517578125
2017-05-17,69.73075103759766
2017-05-18,69.6734619140625
2017-05-19,70.30366516113281
2017-05-22,71.2857894897461
2017-05-23,70.71287536621094
2017-05-24,70.80290985107422
2017-05-25,70.90111541748047
2017-05-26,71.61316680908203
2017-05-30,70.8765640258789
2017-05-31,71.99781799316406
2017-06-01,72.98812103271484
2017-06-02,72.87356567382812
2017-06-05,72.12877655029297
2017-06-06,72.71805572509766
2017-06-07,72.18606567382812
2017-06-08,70.4100570678711
2017-06-09,70.13179016113281
2017-06-12,69.6980209350586
2017-06-13,70.89293670654297
2017-06-14,70.3282241821289
2017-06-15,70.31185150146484
2017-06-16,69.57526397705078
2017-06-19,70.79471588134766
2017-06-20,69.01053619384766
2017-06-21,70.2300033569336
2017-06-22,70.18089294433594
2017-06-23,70.4100570678711
2017-06-26,70.82745361328125
2017-06-27,70.78654479980469
2017-06-28,71.2121353149414
2017-06-29,70.73741912841797
2017-06-30,71.73593139648438
2017-07-03,71.85870361328125
2017-07-05,71.94054412841797
2017-07-06,70.98296356201172
2017-07-07,72.93902587890625
2017-07-10,74.42039489746094
2017-07-11,75.1078872680664
2017-07-12,75.78717803955078
2017-07-13,75.1160659790039
2017-07-14,74.8296127319336
2017-07-17,75.23883056640625
2017-07-18,74.9769287109375
2017-07-19,76.02454376220703
2017-07-20,76.19640350341797
2017-07-21,74.42039489746094
2017-07-24,74.06846618652344
2017-07-25,74.42039489746094
2017-07-26,74.20760345458984
2017-07-27,74.07666015625
2017-07-28,73.61832427978516
2017-07-31,74.00299835205078
2017-08-01,73.5201187133789
2017-08-02,74.49404907226562
2017-08-03,75.99996948242188
2017-08-04,76.27006530761719
2017-08-07,76.738037109375
2017-08-08,77.10746002197266
2017-08-09,76.1879653930664
2017-08-10,74.83332061767578
2017-08-11,75.810302734375
2017-08-14,76.75444793701172
2017-08-15,76.63130187988281
2017-08-16,77.2552490234375
2017-08-17,75.87598419189453
2017-08-18,75.75284576416016
2017-08-21,76.27827453613281
2017-08-22,77.32093811035156
2017-08-23,77.32913970947266
2017-08-24,77.60828399658203
2017-08-25,77.38661193847656
2017-08-28,77.575439453125
2017-08-29,77.38661193847656
2017-08-30,78.03520202636719
2017-08-31,79.14353942871094
2017-09-01,80.14513397216797
2017-09-05,79.29952239990234
2017-09-06,79.4144515991211
2017-09-07,79.52938842773438
2017-09-08,79.35698699951172
2017-09-11,80.03840637207031
2017-09-12,80.28470611572266
2017-09-13,80.44890594482422
2017-09-14,80.3667984008789
2017-09-15,82.25508117675781
2017-09-18,82.56706237792969
2017-09-19,82.8379898071289
2017-09-20,83.04324340820312
2017-09-21,82.95293426513672
2017-09-22,84.38145446777344
2017-09-25,84.93150329589844
2017-09-26,84.6523666381836
2017-09-27,81.09749603271484
2017-09-28,80.24365234375
2017-09-29,80.7854995727539
2017-10-02,82.05804443359375
2017-10-03,81.78711700439453
2017-10-04,83.99559020996094
2017-10-05,83.99559020996094
2017-10-06,82.46854400634766
2017-10-09,82.1976089477539
2017-10-10,80.96612548828125
2017-10-11,81.48335266113281
2017-10-12,80.53921508789062
2017-10-13,80.03020477294922
2017-10-16,80.4406967163086
2017-10-17,79.8331527709961
2017-10-18,80.23545837402344
2017-10-19,80.16156005859375
2017-10-20,79.5047607421875
2017-10-23,80.26828002929688
2017-10-24,80.67877960205078
2017-10-25,79.96451568603516
2017-10-26,81.3355712890625
2017-10-27,81.05644226074219
2017-10-30,80.66236877441406
2017-10-31,81.59007263183594
2017-11-01,81.59007263183594
2017-11-02,81.53260803222656
2017-11-03,79.54581451416016
2017-11-06,79.8577880859375
2017-11-07,80.0883560180664
2017-11-08,79.3390121459961
2017-11-09,78.7049560546875
2017-11-10,78.4661636352539
2017-11-13,78.69673156738281
2017-11-14,82.5833969116211
2017-11-15,80.82945251464844
2017-11-16,81.7187728881836
2017-11-17,81.27412414550781
2017-11-20,84.10676574707031
2017-11-21,83.99148559570312
2017-11-22,82.98690795898438
2017-11-24,83.05277252197266
2017-11-27,82.97865295410156
2017-11-28,83.76091766357422
2017-11-29,84.03267669677734
2017-11-30,86.19009399414062
2017-12-01,85.2348861694336
2017-12-04,85.88541412353516
2017-12-05,87.205078125
2017-12-06,83.85518646240234
2017-12-07,82.89246368408203
2017-12-08,83.71765899658203
2017-12-11,84.37584686279297
2017-12-12,84.15972137451172
2017-12-13,82.08692169189453
2017-12-14,81.58592224121094
2017-12-15,82.91212463378906
2017-12-18,82.75493621826172
2017-12-19,84.1106185913086
2017-12-20,84.356201171875
2017-12-21,83.48189544677734
2017-12-22,83.29524993896484
2017-12-26,83.38365173339844
2017-12-27,83.2363052368164
2017-12-28,84.05167388916016
2017-12-29,83.33454132080078
2018-01-02,84.59197998046875
2018-01-03,85.99675750732422
2018-01-04,87.34260559082031
2018-01-05,89.95571899414062
2018-01-08,90.30938720703124
2018-01-09,91.11492919921876
2018-01-10,88.86528778076172
2018-01-11,90.43708801269533
2018-01-12,91.27210235595705
2018-01-16,90.92826080322266
2018-01-17,91.91064453125
2018-01-18,91.458740234375
2018-01-19,91.871337890625
2018-01-22,91.90081787109376
2018-01-23,91.19351196289062
2018-01-24,91.8909912109375
2018-01-25,90.85948944091795
2018-01-26,92.81442260742188
2018-01-29,93.21719360351562
2018-01-30,92.96177673339844
2018-01-31,93.2073745727539
2018-02-01,94.32726287841795
2018-02-02,92.76171875
2018-02-05,89.73890686035156
2018-02-06,91.1764678955078
2018-02-07,92.2497100830078
2018-02-08,87.89765930175781
2018-02-09,87.19856262207031
2018-02-12,90.0343017578125
2018-02-13,89.37459564208984
2018-02-14,91.2650909423828
2018-02-15,91.8952407836914
2018-02-16,90.97954559326172
2018-02-20,90.9204559326172
2018-02-21,91.1272430419922
2018-02-22,91.51123046875
2018-02-23,91.62940216064452
2018-02-26,93.26388549804688
2018-02-27,91.19615936279295
2018-02-28,89.92598724365234
2018-03-01,86.42070770263672
2018-03-02,87.24781036376953
2018-03-05,87.4545669555664
2018-03-06,88.56719970703125
2018-03-07,88.04534912109375
2018-03-08,88.32105255126953
2018-03-09,90.85154724121094
2018-03-12,90.04415130615234
2018-03-13,89.50260162353516
2018-03-14,87.92720031738281
2018-03-15,87.5924301147461
2018-03-16,87.94688415527344
2018-03-19,86.53887176513672
2018-03-20,86.4994888305664
2018-03-21,86.7850341796875
2018-03-22,82.50189971923828
2018-03-23,79.96156311035156
2018-03-26,83.73268127441406
2018-03-27,83.03359985351562
2018-03-28,81.54681396484375
2018-03-29,83.66375732421875
2018-04-02,80.32588195800781
2018-04-03,81.31051635742188
2018-04-04,82.92529296875
2018-04-05,84.5794677734375
2018-04-06,82.53143310546875
2018-04-09,82.38374328613281
2018-04-10,84.70746612548828
2018-04-11,84.08715057373047
2018-04-12,84.54007720947266
2018-04-13,84.19546508789062
2018-04-16,85.58378601074219
2018-04-17,86.77517700195312
2018-04-18,86.35179901123047
2018-04-19,84.69762420654297
2018-04-20,84.98316192626953
2018-04-23,85.2096176147461
2018-04-24,84.53022766113281
2018-04-25,83.90006256103516
2018-04-26,86.07609558105469
2018-04-27,84.68777465820312
2018-04-30,83.27974700927734
2018-05-01,83.23052215576172
2018-05-02,88.6459732055664
2018-05-03,89.71922302246094
2018-05-04,91.1666030883789
2018-05-07,91.84600067138672
2018-05-08,92.41844177246094
2018-05-09,93.15866088867188
2018-05-10,94.80686950683594
2018-05-11,94.96479034423828
2018-05-14,94.4713134765625
2018-05-15,94.7476577758789
2018-05-16,96.5833969116211
2018-05-17,96.94857025146484
2018-05-18,96.07018280029295
2018-05-21,96.8992156982422
2018-05-22,96.8597412109375
2018-05-23,96.61300659179688
2018-05-24,96.40574645996094
2018-05-25,96.37614440917967
2018-05-29,94.95491790771484
2018-05-30,95.21153259277344
2018-05-31,96.22809600830078
2018-06-01,97.78748321533205
2018-06-04,98.15264892578124
2018-06-05,98.82378387451172
2018-06-06,99.67255401611328
2018-06-07,99.34687042236328
2018-06-08,99.49491119384766
2018-06-11,100.49173736572266
2018-06-12,100.63977813720705
2018-06-13,100.29434204101562
2018-06-14,101.27143096923828
2018-06-15,101.3898696899414
2018-06-18,101.58726501464844
2018-06-19,99.2481689453125
2018-06-20,98.28095245361328
2018-06-21,96.0109634399414
2018-06-22,94.9845199584961
2018-06-25,93.87914276123048
2018-06-26,93.64226531982422
2018-06-27,92.0631332397461
2018-06-28,90.73075103759766
2018-06-29,90.4346694946289
2018-07-02,90.94789123535156
2018-07-03,89.72405242919922
2018-07-05,91.85587310791016
2018-07-06,93.03036499023438
2018-07-09,94.2837905883789
2018-07-10,95.0832290649414
2018-07-11,91.8262710571289
2018-07-12,91.8953628540039
2018-07-13,92.40857696533205
2018-07-16,92.32962036132812
2018-07-17,95.0832290649414
2018-07-18,95.51748657226562
2018-07-19,93.7311019897461
2018-07-20,91.72757720947266
2018-07-23,91.52032470703124
2018-07-24,92.00392150878906
2018-07-25,93.95809936523438
2018-07-26,92.03353118896484
2018-07-27,92.38883209228516
2018-07-30,91.2933120727539
2018-07-31,96.7906494140625
2018-08-01,94.63909912109376
2018-08-02,95.50760650634766
2018-08-03,97.16569519042967
2018-08-06,96.74130249023438
2018-08-07,97.16569519042967
2018-08-08,96.81039428710938
2018-08-09,95.45826721191406
2018-08-10,93.29683685302734
2018-08-13,91.5597915649414
2018-08-14,92.8033676147461
2018-08-15,89.79314422607422
2018-08-16,90.5827178955078
2018-08-17,91.5499267578125
2018-08-20,93.24748229980467
2018-08-21,92.53688049316406
2018-08-22,89.6352310180664
2018-08-23,87.92780303955078
2018-08-24,87.31588745117188
2018-08-27,90.84919738769533
2018-08-28,90.85905456542967
2018-08-29,89.59574890136719
2018-08-30,87.78962707519531
2018-08-31,86.86190032958984
2018-09-04,85.90454864501953
2018-09-05,84.14777374267578
2018-09-06,83.67402648925781
2018-09-07,83.22988891601562
2018-09-10,84.40437316894531
2018-09-11,83.8516845703125
2018-09-12,83.75298309326172
2018-09-13,84.94720458984375
2018-09-14,85.74662780761719
2018-09-17,84.33527374267578
2018-09-18,84.88797760009766
2018-09-19,86.16114807128906
2018-09-20,88.59893035888672
2018-09-21,89.0924072265625
2018-09-24,86.84214782714844
2018-09-25,83.70362854003906
2018-09-26,83.57533264160156
2018-09-27,83.04237365722656
2018-09-28,82.80551147460938
2018-10-01,82.99302673339844
2018-10-02,83.8319320678711
2018-10-03,84.01947021484375
2018-10-04,81.74947357177734
2018-10-05,77.97930908203125
2018-10-08,78.66029357910156
2018-10-09,75.5612564086914
2018-10-10,74.64337921142578
2018-10-11,72.95569610595703
2018-10-12,73.05438232421875
2018-10-15,72.68922424316406
2018-10-16,73.31100463867188
2018-10-17,73.01492309570312
2018-10-18,73.24191284179688
2018-10-19,73.32087707519531
2018-10-22,73.31100463867188
2018-10-23,75.33425903320312
2018-10-24,71.92925262451172
2018-10-25,73.16294860839844
2018-10-26,72.76818084716797
2018-10-29,75.22569274902344
2018-10-30,73.20243072509766
2018-10-31,75.79813385009766
2018-11-01,76.42977905273438
2018-11-02,78.42341613769531
2018-11-05,75.10726165771484
2018-11-06,75.37373352050781
2018-11-07,77.32789611816406
2018-11-08,76.66664123535156
2018-11-09,74.63352966308594
2018-11-12,73.52812957763672
2018-11-13,74.0216064453125
2018-11-14,74.0216064453125
2018-11-15,74.16964721679688
2018-11-16,73.2123031616211
2018-11-19,71.297607421875
2018-11-20,70.13299560546875
2018-11-21,72.34378814697266
2018-11-23,72.03782653808594
2018-11-26,73.46892547607422
2018-11-27,70.16261291503906
2018-11-28,71.60357666015625
2018-11-29,70.56726837158203
2018-11-30,70.96205139160156
2018-12-03,73.73538970947266
2018-12-04,70.64622497558594
2018-12-06,68.95853424072266
2018-12-07,66.21479797363281
2018-12-10,64.4777603149414
2018-12-11,65.88910675048828
2018-12-12,66.49114227294922
2018-12-13,65.82003021240234
2018-12-14,65.08967590332031
2018-12-17,63.599369049072266
2018-12-18,62.56306838989258
2018-12-19,61.19119644165039
2018-12-20,61.5464973449707
2018-12-21,60.63850402832031
2018-12-24,59.29624938964844
2018-12-26,60.93458557128906
2018-12-27,61.1517219543457
2018-12-28,60.57928466796875
2018-12-31,60.76680755615234
2019-01-02,60.3522834777832
2019-01-03,59.63180541992188
2019-01-04,61.803104400634766
2019-01-07,62.740718841552734
2019-01-08,66.13583374023438
2019-01-09,68.63285064697266
2019-01-10,69.3138427734375
2019-01-11,68.52426147460938
2019-01-14,69.45201110839844
2019-01-15,68.9091796875
2019-01-16,69.4322738647461
2019-01-17,70.21195983886719
2019-01-18,71.97860717773438
2019-01-22,70.7844009399414
2019-01-23,69.33357238769531
2019-01-24,70.88308715820312
2019-01-25,72.04769134521484
2019-01-28,72.07730102539062
2019-01-29,71.4851303100586
2019-01-30,72.827392578125
2019-01-31,78.09773254394531
2019-02-01,77.00220489501953
2019-02-04,77.56476593017578
2019-02-05,77.85179138183594
2019-02-06,77.47570037841797
2019-02-07,75.4368667602539
2019-02-08,74.91232299804688
2019-02-11,75.27850341796875
2019-02-12,76.3672103881836
2019-02-13,78.70295715332031
2019-02-14,78.83162689208984
2019-02-15,80.1182632446289
2019-02-19,80.46466827392578
2019-02-20,80.8704605102539
2019-02-21,80.2865219116211
2019-02-22,81.51378631591797
2019-02-25,82.19670104980469
2019-02-26,81.91956329345703
2019-02-27,82.45401763916016
2019-02-28,82.25607299804688
2019-03-01,83.4041519165039
2019-03-04,83.08744049072266
2019-03-05,83.12703704833984
2019-03-06,81.61275482177734
2019-03-07,81.2960433959961
2019-03-08,80.94963836669922
2019-03-11,81.73151397705078
2019-03-12,81.62265014648438
2019-03-13,81.50387573242188
2019-03-14,80.2667236328125
2019-03-15,81.11788940429688
2019-03-18,80.16775512695312
2019-03-19,81.95915985107422
2019-03-20,79.6036148071289
2019-03-21,80.06878662109375
2019-03-22,76.81258392333984
2019-03-25,77.21837615966797
2019-03-26,78.16851806640625
2019-03-27,76.91156005859375
2019-03-28,78.00025177001953
2019-03-29,78.67327117919922
2019-04-01,81.73151397705078
2019-04-02,82.07792663574219
2019-04-03,84.10685729980469
2019-04-04,85.55187225341797
2019-04-05,86.04672241210938
2019-04-08,87.58079528808594
2019-04-09,86.61087036132812
2019-04-10,87.65007019042969
2019-04-11,88.16474151611328
2019-04-12,89.85716247558594
2019-04-15,88.79815673828125
2019-04-16,89.19405364990234
2019-04-17,89.78787994384766
2019-04-18,89.41178894042969
2019-04-22,88.81794738769531
2019-04-23,88.57051849365234
2019-04-24,88.03607177734375
2019-04-25,84.57202911376953
2019-04-26,85.62113952636719
2019-04-29,84.95802307128906
2019-04-30,84.8194580078125
2019-05-01,82.78063201904297
2019-05-02,78.96028900146484
2019-05-03,79.35618591308594
2019-05-06,78.881103515625
2019-05-07,78.83148956298828
2019-05-08,79.11930847167969
2019-05-09,77.32294464111328
2019-05-10,76.6480712890625
2019-05-13,72.75759887695312
2019-05-14,74.16690826416016
2019-05-15,74.47457122802734
2019-05-16,73.15458679199219
2019-05-17,73.09504699707031
2019-05-20,72.18197631835938
2019-05-21,71.83460998535156
2019-05-22,68.82744598388672
2019-05-23,67.20972442626953
2019-05-24,67.29904174804688
2019-05-28,68.59918212890625
2019-05-29,68.093017578125
2019-05-30,68.1525650024414
2019-05-31,63.55745697021485
2019-06-03,66.33634948730469
2019-06-04,69.97870635986328
2019-06-05,71.96363830566406
2019-06-06,72.37054443359375
2019-06-07,72.84693145751953
2019-06-10,75.13951873779297
2019-06-11,75.56627655029297
2019-06-12,74.32569885253906
2019-06-13,75.51665496826172
2019-06-14,74.76239013671875
2019-06-17,75.26853942871094
2019-06-18,76.22130584716797
2019-06-19,76.27092742919922
2019-06-20,77.87872314453125
2019-06-21,77.82909393310547
2019-06-24,77.71992492675781
2019-06-25,77.52143859863281
2019-06-26,78.32532501220703
2019-06-27,80.44920349121094
2019-06-28,80.22093963623047
2019-07-01,80.10184478759766
2019-07-02,78.98035430908203
2019-07-03,78.72232055664062
2019-07-05,78.59329986572266
2019-07-08,76.1915283203125
2019-07-09,75.4968032836914
2019-07-10,76.93587493896484
2019-07-11,77.1343765258789
2019-07-12,79.59568786621094
2019-07-15,80.17131042480469
2019-07-16,79.38726043701172
2019-07-17,77.7695541381836
2019-07-18,78.057373046875
2019-07-19,79.48651123046875
2019-07-22,79.48651123046875
2019-07-23,81.58061218261719
2019-07-24,83.04946899414062
2019-07-25,81.29280853271484
2019-07-26,81.77910614013672
2019-07-29,81.5607681274414
2019-07-30,80.95536041259766
2019-07-31,86.98954772949219
2019-08-01,82.99983215332031
2019-08-02,82.6227035522461
2019-08-05,80.37973022460938
2019-08-06,82.79798889160156
2019-08-07,83.11643981933594
2019-08-08,85.04706573486328
2019-08-09,83.1363525390625
2019-08-12,82.16108703613281
2019-08-13,83.15625
2019-08-14,79.1357650756836
2019-08-15,78.80736541748047
2019-08-16,81.45451354980469
2019-08-19,83.15625
2019-08-20,81.79287719726562
2019-08-21,83.0268783569336
2019-08-22,83.11643981933594
2019-08-23,79.49403381347656
2019-08-26,80.46929931640625
2019-08-27,80.62852478027344
2019-08-28,82.28050231933594
2019-08-29,82.89750671386719
2019-08-30,82.76813507080078
2019-09-03,81.16590881347656
2019-09-04,83.78321075439453
2019-09-05,87.74397277832031
2019-09-06,88.32117462158203
2019-09-09,89.8736343383789
2019-09-10,90.32146453857422
2019-09-11,90.65982055664062
2019-09-12,90.70957946777344
2019-09-13,89.7442626953125
2019-09-16,89.15711212158203
2019-09-17,89.20687103271484
2019-09-18,89.07750701904297
2019-09-19,89.0376968383789
2019-09-20,86.6492919921875
2019-09-23,87.5648422241211
2019-09-24,86.27112579345703
2019-09-25,87.64445495605469
2019-09-26,87.28619384765625
2019-09-27,86.460205078125
2019-09-30,86.99759674072266
2019-10-01,84.69876098632812
2019-10-02,81.8227310180664
2019-10-03,82.20088195800781
2019-10-04,83.0268783569336
2019-10-07,83.59412384033203
2019-10-08,80.17074584960938
2019-10-09,81.45451354980469
2019-10-10,82.76813507080078
2019-10-11,85.84320831298828
2019-10-14,86.17160034179688
2019-10-15,87.62455749511719
2019-10-16,88.67943572998047
2019-10-17,88.60977172851562
2019-10-18,88.5301513671875
2019-10-21,88.92822265625
2019-10-22,89.9532470703125
2019-10-23,88.93817901611328
2019-10-24,88.58985900878906
2019-10-25,89.14716339111328
2019-10-28,89.67459869384766
2019-10-29,89.94329071044922
2019-10-30,91.97344207763672
2019-10-31,89.1173095703125
2019-11-01,91.90377807617188
2019-11-04,95.1579818725586
2019-11-05,94.98841857910156
2019-11-06,95.3375244140625
2019-11-07,96.2452163696289
2019-11-08,96.63422393798828
2019-11-11,95.80633544921876
2019-11-12,94.93853759765624
2019-11-13,91.4573974609375
2019-11-14,92.0159683227539
2019-11-15,92.07581329345705
2019-11-18,92.0857925415039
2019-11-19,90.9087905883789
2019-11-20,89.27294921875
2019-11-21,88.76423645019531
2019-11-22,91.23795318603516
2019-11-25,93.78147888183594
2019-11-26,94.62932586669922
2019-11-27,94.43980407714844
2019-11-29,93.64183044433594
2019-12-02,94.26026153564452
2019-12-03,91.59703826904295
2019-12-04,92.13567352294922
2019-12-05,93.14310455322266
2019-12-06,93.53211212158205
2019-12-09,92.7241668701172
2019-12-10,92.53465270996094
2019-12-11,92.75408935546876
2019-12-12,95.5669403076172
2019-12-13,93.31267547607422
2019-12-16,94.7190933227539
2019-12-17,95.59686279296876
2019-12-18,97.61174011230467
2019-12-19,97.6017608642578
2019-12-20,96.1055679321289
2019-12-23,95.28765106201172
2019-12-24,94.64927673339844
2019-12-26,95.4771728515625
2019-12-27,96.06566619873048
2019-12-30,95.00836181640624
2019-12-31,94.72907257080078
2020-01-02,96.06566619873048
2020-01-03,93.86127471923828
2020-01-06,92.11571502685548
2020-01-07,90.95866394042967
2020-01-08,92.85383605957033
2020-01-09,91.4972915649414
2020-01-10,89.28292846679688
2020-01-13,88.64454650878906
2020-01-14,88.78419494628906
2020-01-15,87.66703033447266
2020-01-16,90.96863555908205
2020-01-17,91.29779815673828
2020-01-21,90.7691421508789
2020-01-22,90.91876220703124
2020-01-23,92.09577178955078
2020-01-24,91.30777740478516
2020-01-27,88.37522888183594
2020-01-28,89.41259002685547
2020-01-29,89.6519775390625
2020-01-30,87.45756530761719
2020-01-31,84.57489776611328
2020-02-03,86.5
2020-02-04,90.51000213623048
2020-02-05,90.5199966430664
2020-02-06,88.23999786376953
2020-02-07,87.12999725341797
2020-02-10,87.30000305175781
2020-02-11,90.77999877929688
2020-02-12,91.51000213623048
2020-02-13,90.5199966430664
2020-02-14,88.31999969482422
2020-02-18,88.0199966430664
2020-02-19,90.70999908447266
2020-02-20,91.08999633789062
2020-02-21,90.06999969482422
2020-02-24,83.9800033569336
2020-02-25,81.11000061035156
2020-02-26,81.0999984741211
2020-02-27,77.9800033569336
2020-02-28,78.11000061035156
2020-03-02,82.16999816894531
2020-03-03,80.56999969482422
2020-03-04,83.0999984741211
2020-03-05,78.5
2020-03-06,76.29000091552734
2020-03-09,68.91000366210938
2020-03-10,72.83999633789062
2020-03-11,67.2300033569336
2020-03-12,59.400001525878906
2020-03-13,66.47000122070312
2020-03-16,51.119998931884766
2020-03-17,48.310001373291016
2020-03-18,33.54999923706055
2020-03-19,40.58000183105469
2020-03-20,45.16999816894531
2020-03-23,46.5
2020-03-24,49.52000045776367
2020-03-25,50.72999954223633
2020-03-26,55.27999877929688
2020-03-27,51.27999877929688
2020-03-30,49.91999816894531
2020-03-31,49.2400016784668
2020-04-01,45.91999816894531
2020-04-02,45.59000015258789
2020-04-03,43.290000915527344
2020-04-06,49.93000030517578
2020-04-07,53.5
2020-04-08,60.20000076293945
2020-04-09,62.22999954223633
2020-04-13,60.7400016784668
2020-04-14,62.81999969482422
2020-04-15,60.869998931884766
2020-04-16,59.36000061035156
2020-04-17,63.91999816894531
2020-04-20,59.52999877929688
2020-04-21,58.34999847412109
2020-04-22,60.5
2020-04-23,60.72999954223633
2020-04-24,62.7400016784668
2020-04-27,65.51000213623047
2020-04-28,66.68000030517578
2020-04-29,71.66000366210938
2020-04-30,69.55000305175781
2020-05-01,65.75
2020-05-04,64.2699966430664
2020-05-05,65.63999938964844
2020-05-06,65.18000030517578
2020-05-07,65.2300033569336
2020-05-08,68.1500015258789
2020-05-11,66.70999908447266
2020-05-12,64.5
2020-05-13,60.790000915527344
2020-05-14,63.150001525878906
2020-05-15,64.06999969482422
2020-05-18,70.18000030517578
2020-05-19,70.0
2020-05-20,71.70999908447266
2020-05-21,71.52999877929688
2020-05-22,71.88999938964844
2020-05-26,75.68000030517578
2020-05-27,77.62999725341797
2020-05-28,73.62999725341797
2020-05-29,75.3499984741211
2020-06-01,76.63999938964844
2020-06-02,79.66000366210938
2020-06-03,83.33000183105469
2020-06-04,83.69000244140625
2020-06-05,85.8499984741211
2020-06-08,87.5
2020-06-09,75.91000366210938
2020-06-10,82.43000030517578
2020-06-11,72.94999694824219
2020-06-12,75.66000366210938
2020-06-15,75.55000305175781
2020-06-16,76.1500015258789
2020-06-17,76.05000305175781
2020-06-18,76.61000061035156
2020-06-19,77.7300033569336
2020-06-22,78.5199966430664
2020-06-23,78.76000213623047
2020-06-24,74.62000274658203
2020-06-25,76.62999725341797
2020-06-26,74.12999725341797
2020-06-29,75.66999816894531
2020-06-30,77.91999816894531
2020-07-01,75.41999816894531
2020-07-02,76.80999755859375
2020-07-06,78.43000030517578
2020-07-07,77.11000061035156
2020-07-08,76.76000213623047
2020-07-09,75.38999938964844
2020-07-10,76.27999877929688
2020-07-13,76.68000030517578
2020-07-14,78.19000244140625
2020-07-15,81.77999877929688
2020-07-16,82.2699966430664
2020-07-17,81.77999877929688
2020-07-20,81.94000244140625
2020-07-21,81.87000274658203
2020-07-22,82.72000122070312
2020-07-23,82.33000183105469
2020-07-24,82.25
2020-07-27,83.55000305175781
2020-07-28,82.16999816894531
2020-07-29,83.66999816894531
2020-07-30,80.45999908447266
2020-07-31,77.75
2020-08-03,79.72000122070312
2020-08-04,81.0199966430664
2020-08-05,83.83999633789062
2020-08-06,84.52999877929688
2020-08-07,83.86000061035156
2020-08-10,86.44000244140625
2020-08-11,88.83999633789062
2020-08-12,89.5
2020-08-13,88.62999725341797
2020-08-14,88.33999633789062
2020-08-17,88.16000366210938
2020-08-18,87.23999786376953
2020-08-19,85.41999816894531
2020-08-20,84.48999786376953
2020-08-21,83.87999725341797
2020-08-24,85.5
2020-08-25,85.36000061035156
2020-08-26,85.44000244140625
2020-08-27,85.33999633789062
2020-08-28,87.25
2020-08-31,86.12000274658203
2020-09-01,87.05000305175781
2020-09-02,90.0
2020-09-03,86.76000213623047
2020-09-04,86.20999908447266
2020-09-08,84.66000366210938
2020-09-09,85.6500015258789
2020-09-10,84.08999633789062
2020-09-11,84.55000305175781
2020-09-14,85.88999938964844
2020-09-15,86.01000213623047
2020-09-16,84.97000122070312
2020-09-17,83.29000091552734
2020-09-18,88.94999694824219
2020-09-21,84.55999755859375
2020-09-22,84.51000213623047
2020-09-23,83.94999694824219
2020-09-24,84.33000183105469
2020-09-25,86.4000015258789
2020-09-28,90.02999877929688
2020-09-29,91.91999816894533
2020-09-30,91.68000030517578
2020-10-01,93.95999908447266
2020-10-02,93.55999755859376
2020-10-05,97.1999969482422
2020-10-06,94.4800033569336
2020-10-07,99.19000244140624
2020-10-08,97.97000122070312
2020-10-09,98.05999755859376
2020-10-12,98.26000213623048
2020-10-13,96.06999969482422
2020-10-14,95.73999786376952
2020-10-15,97.68000030517578
2020-10-16,98.1999969482422
2020-10-19,99.4000015258789
2020-10-20,100.19000244140624
2020-10-21,99.41000366210938
2020-10-22,100.1500015258789
2020-10-23,100.29000091552734
2020-10-26,98.19000244140624
2020-10-27,96.29000091552734
2020-10-28,93.56999969482422
2020-10-29,98.31999969482422
2020-10-30,96.48999786376952
2020-11-02,97.87999725341795
2020-11-03,101.79000091552734
2020-11-04,99.25
2020-11-05,104.77999877929688
2020-11-06,104.4800033569336
2020-11-09,106.69000244140624
2020-11-10,108.83999633789062
2020-11-11,111.02999877929688
2020-11-12,108.81999969482422
2020-11-13,109.91000366210938
2020-11-16,114.47000122070312
2020-11-17,114.44000244140624
2020-11-18,115.0500030517578
2020-11-19,115.36000061035156
2020-11-20,114.31999969482422
2020-11-23,116.5999984741211
2020-11-24,121.66000366210938
2020-11-25,118.47000122070312
2020-11-27,121.86000061035156
2020-11-30,118.6999969482422
2020-12-01,122.20999908447266
2020-12-02,121.0
2020-12-03,121.16000366210938
2020-12-04,123.3499984741211
2020-12-07,123.45999908447266
2020-12-08,123.06999969482422
2020-12-09,123.7300033569336
2020-12-10,124.1500015258789
2020-12-11,122.23999786376952
2020-12-14,121.6500015258789
2020-12-15,122.61000061035156
2020-12-16,122.83999633789062
2020-12-17,124.88999938964844
2020-12-18,124.3000030517578
2020-12-21,123.31999969482422
2020-12-22,125.04000091552734
2020-12-23,128.35000610351562
2020-12-24,128.4199981689453
2020-12-28,128.13999938964844
2020-12-29,128.07000732421875
2020-12-30,130.7899932861328
2020-12-31,130.2899932861328
2021-01-04,129.50999450683594
2021-01-05,133.38999938964844
2021-01-06,138.11000061035156
2021-01-07,144.8000030517578
2021-01-08,145.55999755859375
2021-01-11,145.0800018310547
2021-01-12,151.08999633789062
2021-01-13,146.05999755859375
2021-01-14,144.22000122070312
2021-01-15,142.75
2021-01-19,142.57000732421875
2021-01-20,145.1199951171875
2021-01-21,143.85000610351562
2021-01-22,139.49000549316406
2021-01-25,139.00999450683594
2021-01-26,135.6999969482422
2021-01-27,127.95999908447266
2021-01-28,133.4199981689453
2021-01-29,133.60000610351562
2021-02-01,138.77000427246094
2021-02-02,141.25999450683594
2021-02-03,143.14999389648438
2021-02-04,142.14999389648438
2021-02-05,147.1300048828125
2021-02-08,148.77000427246094
2021-02-09,148.27999877929688
2021-02-10,149.88999938964844
2021-02-11,153.9499969482422
2021-02-12,156.2899932861328
2021-02-16,155.08999633789062
2021-02-17,156.57000732421875
2021-02-18,149.35000610351562
2021-02-19,153.8000030517578
2021-02-22,156.99000549316406
2021-02-23,151.66000366210938
2021-02-24,155.22000122070312
2021-02-25,147.44000244140625
2021-02-26,149.83999633789062
2021-03-01,154.75999450683594
2021-03-02,154.2100067138672
2021-03-03,155.5500030517578
2021-03-04,146.39999389648438
2021-03-05,146.1699981689453
2021-03-08,144.60000610351562
2021-03-09,143.5
2021-03-10,148.69000244140625
2021-03-11,152.50999450683594
2021-03-12,150.89999389648438
2021-03-15,152.8300018310547
2021-03-16,147.35000610351562
2021-03-17,153.22999572753906
2021-03-18,148.89999389648438
2021-03-19,145.94000244140625
2021-03-22,145.0399932861328
2021-03-23,139.47999572753906
2021-03-24,139.85000610351562
2021-03-25,142.67999267578125
2021-03-26,140.63999938964844
2021-03-29,135.0800018310547
2021-03-30,137.2899932861328
2021-03-31,137.89999389648438
2021-04-01,140.74000549316406
2021-04-05,142.00999450683594
2021-04-06,144.27999877929688
2021-04-07,140.7100067138672
2021-04-08,140.14999389648438
2021-04-09,142.42999267578125
2021-04-12,143.14999389648438
2021-04-13,141.1999969482422
2021-04-14,142.25
2021-04-15,141.83999633789062
2021-04-16,141.0500030517578
2021-04-19,140.32000732421875
2021-04-20,135.0399932861328
2021-04-21,139.17999267578125
2021-04-22,138.92999267578125
2021-04-23,144.88999938964844
2021-04-26,145.1999969482422
2021-04-27,146.7100067138672
2021-04-28,146.9199981689453
2021-04-29,144.5399932861328
2021-04-30,143.88999938964844
2021-05-03,143.44000244140625
2021-05-04,139.74000549316406
2021-05-05,142.9199981689453
2021-05-06,141.4600067138672
2021-05-07,148.77000427246094
2021-05-10,143.77999877929688
2021-05-11,140.6300048828125
2021-05-12,134.3699951171875
2021-05-13,136.92999267578125
2021-05-14,139.17999267578125
2021-05-17,139.0399932861328
2021-05-18,137.3300018310547
2021-05-19,136.9199981689453
2021-05-20,137.30999755859375
2021-05-21,140.4600067138672
2021-05-24,141.4600067138672
2021-05-25,141.86000061035156
2021-05-26,143.3800048828125
2021-05-27,150.88999938964844
2021-05-28,150.4199981689453
2021-06-01,154.91000366210938
2021-06-02,155.0
2021-06-03,155.99000549316406
2021-06-04,159.75
2021-06-07,157.25
2021-06-08,159.27000427246094
2021-06-09,158.3300018310547
2021-06-10,155.5399932861328
2021-06-11,156.75999450683594
2021-06-14,157.47000122070312
2021-06-15,157.0
2021-06-16,154.3699951171875
2021-06-17,151.36000061035156
2021-06-18,147.27000427246094
2021-06-21,150.44000244140625
2021-06-22,151.63999938964844
2021-06-23,152.75
2021-06-24,155.1300048828125
2021-06-25,155.77000427246094
2021-06-28,154.6999969482422
2021-06-29,158.3000030517578
2021-06-30,157.3300018310547
2021-07-01,158.72999572753906
2021-07-02,159.8699951171875
2021-07-06,157.60000610351562
2021-07-07,154.0
2021-07-08,151.27999877929688
2021-07-09,155.61000061035156
2021-07-12,158.52000427246094
2021-07-13,157.52999877929688
2021-07-14,155.80999755859375
2021-07-15,153.58999633789062
2021-07-16,149.75
2021-07-19,147.1699981689453
2021-07-20,153.14999389648438
2021-07-21,156.0500030517578
2021-07-22,154.49000549316406
2021-07-23,157.38999938964844
2021-07-26,159.75
2021-07-27,158.89999389648438
2021-07-28,162.32000732421875
2021-07-29,167.64999389648438
2021-07-30,166.85000610351562
2021-08-02,167.66000366210938
2021-08-03,169.13999938964844
2021-08-04,165.72000122070312
2021-08-05,159.64999389648438
2021-08-06,163.14999389648438
2021-08-09,165.30999755859375
2021-08-10,169.75999450683594
2021-08-11,168.13999938964844
2021-08-12,166.52000427246094
2021-08-13,164.92999267578125
2021-08-16,164.24000549316406
2021-08-17,158.25
2021-08-18,156.5800018310547
2021-08-19,152.9199981689453
2021-08-20,154.64999389648438
2021-08-23,155.1999969482422
2021-08-24,157.63999938964844
2021-08-25,157.4199981689453
2021-08-26,154.2100067138672
2021-08-27,156.41000366210938
2021-08-30,153.11000061035156
2021-08-31,152.19000244140625
2021-09-01,151.39999389648438
2021-09-02,151.07000732421875
2021-09-03,149.92999267578125
2021-09-07,150.61000061035156
2021-09-08,148.0399932861328
2021-09-09,148.92999267578125
2021-09-10,146.44000244140625
2021-09-13,148.25
2021-09-14,149.8300018310547
2021-09-15,154.27000427246094
2021-09-16,149.17999267578125
2021-09-17,146.42999267578125
2021-09-20,143.47999572753906
2021-09-21,142.3000030517578
2021-09-22,145.1699981689453
2021-09-23,152.75999450683594
2021-09-24,151.02999877929688
2021-09-27,154.1999969482422
2021-09-28,154.2100067138672
2021-09-29,150.63999938964844
2021-09-30,148.97000122070312
2021-10-01,152.6999969482422
2021-10-04,157.66000366210938
2021-10-05,158.10000610351562
2021-10-06,157.6999969482422
2021-10-07,164.8000030517578
2021-10-08,165.1199951171875
2021-10-11,160.14999389648438
2021-10-12,163.02000427246094
2021-10-13,164.8800048828125
2021-10-14,167.32000732421875
2021-10-15,168.74000549316406
2021-10-18,167.8000030517578
2021-10-19,166.5800018310547
2021-10-20,168.97999572753906
2021-10-21,169.50999450683594
2021-10-22,168.3800048828125
2021-10-25,170.2899932861328
2021-10-26,169.17999267578125
2021-10-27,169.22000122070312
2021-10-28,172.07000732421875
2021-10-29,172.88999938964844
2021-11-01,175.72999572753906
2021-11-02,174.61000061035156
2021-11-03,178.1199951171875
2021-11-04,177.4600067138672
2021-11-05,175.02999877929688
2021-11-08,173.22999572753906
2021-11-09,172.47000122070312
2021-11-10,171.4199981689453
2021-11-11,169.00999450683594
2021-11-12,170.5
2021-11-15,172.1300048828125
2021-11-16,174.6300048828125
2021-11-17,176.50999450683594
2021-11-18,176.25999450683594
2021-11-19,176.05999755859375
2021-11-22,175.5
2021-11-23,170.3000030517578
2021-11-24,169.55999755859375
2021-11-26,163.41000366210938
2021-11-29,165.49000549316406
2021-11-30,160.35000610351562
2021-12-01,160.0
2021-12-02,165.77000427246094
2021-12-03,162.35000610351562
2021-12-06,164.41000366210938
2021-12-07,167.6199951171875
2021-12-08,170.3800048828125
2021-12-09,166.8000030517578
2021-12-10,168.97000122070312
2021-12-13,162.9600067138672
2021-12-14,160.82000732421875
2021-12-15,164.44000244140625
2021-12-16,162.16000366210938
2021-12-17,158.4199981689453
2021-12-20,153.36000061035156
2021-12-21,158.02000427246094
2021-12-22,160.82000732421875
2021-12-23,162.39999389648438
2021-12-27,163.4499969482422
2021-12-28,162.6300048828125
2021-12-29,163.2100067138672
2021-12-30,163.13999938964844
2021-12-31,164.9499969482422
2022-01-03,166.02999877929688
2022-01-04,172.2100067138672
2022-01-05,168.27999877929688
2022-01-06,174.1199951171875
2022-01-07,169.47000122070312
2022-01-10,165.07000732421875
2022-01-11,159.6999969482422
2022-01-12,159.7899932861328
2022-01-13,158.57000732421875
2022-01-14,152.60000610351562
2022-01-18,149.55999755859375
2022-01-19,145.8800048828125
2022-01-20,142.0
2022-01-21,140.19000244140625
2022-01-24,139.88999938964844
2022-01-25,135.92999267578125
2022-01-26,135.2100067138672
2022-01-27,132.00999450683594
2022-01-28,130.97999572753906
2022-01-31,136.5800018310547
2022-02-01,139.99000549316406
2022-02-02,139.7899932861328
2022-02-03,131.86000061035156
2022-02-04,132.1999969482422
2022-02-07,130.83999633789062
2022-02-08,134.24000549316406
2022-02-09,139.27999877929688
2022-02-10,135.9199981689453
2022-02-11,134.0
2022-02-14,136.60000610351562
2022-02-15,143.61000061035156
2022-02-16,146.25999450683594
2022-02-17,143.1300048828125
2022-02-18,141.14999389648438
2022-02-22,137.52000427246094
2022-02-23,133.25
2022-02-24,134.22000122070312
2022-02-25,136.0
2022-02-28,129.44000244140625
2022-03-01,118.0500030517578
2022-03-02,121.70999908447266
2022-03-03,116.87000274658205
2022-03-04,105.87000274658205
2022-03-07,97.62999725341795
2022-03-08,100.13999938964844
2022-03-09,104.61000061035156
2022-03-10,105.68000030517578
2022-03-11,106.1500015258789
2022-03-14,104.47000122070312
2022-03-15,108.06999969482422
2022-03-16,116.70999908447266
2022-03-17,115.6999969482422
2022-03-18,118.6999969482422
2022-03-21,116.19000244140624
2022-03-22,118.3000030517578
2022-03-23,117.94000244140624
2022-03-24,118.77999877929688
2022-03-25,118.23999786376952
2022-03-28,118.8499984741211
2022-03-29,126.13999938964844
2022-03-30,122.16000366210938
2022-03-31,119.70999908447266
2022-04-01,119.06999969482422
2022-04-04,118.7300033569336
2022-04-05,112.77999877929688
2022-04-06,111.38999938964844
2022-04-07,110.22000122070312
2022-04-08,108.37000274658205
2022-04-11,108.20999908447266
2022-04-12,110.86000061035156
2022-04-13,108.9000015258789
2022-04-14,107.51000213623048
2022-04-18,105.77999877929688
2022-04-19,110.47000122070312
2022-04-20,111.04000091552734
2022-04-21,109.45999908447266
2022-04-22,106.4800033569336
2022-04-25,107.62999725341795
2022-04-26,102.51000213623048
2022-04-27,103.70999908447266
2022-04-28,107.83999633789062
2022-04-29,106.4000015258789
2022-05-02,108.69000244140624
2022-05-03,107.61000061035156
2022-05-04,110.41999816894533
2022-05-05,104.62999725341795
2022-05-06,101.83999633789062
2022-05-09,95.20999908447266
2022-05-10,95.9000015258789
2022-05-11,90.73999786376952
2022-05-12,91.48999786376952
2022-05-13,98.12999725341795
2022-05-16,95.12000274658205
2022-05-17,99.16999816894533
2022-05-18,94.1500015258789
2022-05-19,94.93000030517578
2022-05-20,93.58000183105467
2022-05-23,94.0
2022-05-24,91.06999969482422
2022-05-25,93.5
2022-05-26,101.75
2022-05-27,104.3499984741211
2022-05-31,106.23999786376952
2022-06-01,107.5199966430664
2022-06-02,110.88999938964844
2022-06-03,106.27999877929688
2022-06-06,109.88999938964844
2022-06-07,109.66000366210938
2022-06-08,109.7699966430664
2022-06-09,107.22000122070312
2022-06-10,101.31999969482422
2022-06-13,95.23999786376952
2022-06-14,94.91999816894533
2022-06-15,95.45999908447266
2022-06-16,86.16000366210938
2022-06-17,86.83999633789062
2022-06-21,90.69000244140624
2022-06-22,90.95999908447266
2022-06-23,92.13999938964844
2022-06-24,97.08999633789062
2022-06-27,97.5
2022-06-28,95.61000061035156
2022-06-29,92.7699966430664
2022-06-30,89.06999969482422
2022-07-01,91.4499969482422
2022-07-05,90.62999725341795
2022-07-06,87.54000091552734
2022-07-07,92.6999969482422
2022-07-08,92.45999908447266
2022-07-11,87.51000213623047
2022-07-12,89.91000366210938
2022-07-13,89.6500015258789
2022-07-14,87.58000183105469
2022-07-15,91.47000122070312
2022-07-18,90.81999969482422
2022-07-19,97.11000061035156
2022-07-20,98.38999938964844
2022-07-21,100.41000366210938
2022-07-22,97.62999725341795
2022-07-25,97.87000274658205
2022-07-26,96.23999786376952
2022-07-27,100.29000091552734
2022-07-28,103.55999755859376
2022-07-29,104.88999938964844
2022-08-01,106.37999725341795
2022-08-02,108.44000244140624
2022-08-03,109.73999786376952
2022-08-04,99.06999969482422
2022-08-05,98.41000366210938
2022-08-08,102.4800033569336
2022-08-09,99.43000030517578
2022-08-10,105.33000183105467
2022-08-11,108.62999725341795
2022-08-12,111.43000030517578
2022-08-15,108.79000091552734
2022-08-16,108.06999969482422
2022-08-17,106.0999984741211
2022-08-18,106.75
2022-08-19,103.7699966430664
2022-08-22,96.12000274658205
2022-08-23,96.02999877929688
2022-08-24,97.5
2022-08-25,99.86000061035156
2022-08-26,94.5500030517578
2022-08-29,94.62999725341795
2022-08-30,94.31999969482422
2022-08-31,93.43000030517578
2022-09-01,93.55999755859376
2022-09-02,91.30999755859376
2022-09-06,88.91000366210938
2022-09-07,92.08999633789062
2022-09-08,93.41999816894533
2022-09-09,96.73999786376952
2022-09-12,99.75
2022-09-13,97.02999877929688
2022-09-14,97.63999938964844
2022-09-15,96.75
2022-09-16,93.27999877929688
2022-09-19,96.1999969482422
2022-09-20,93.02999877929688
2022-09-21,90.8499984741211
2022-09-22,86.87000274658203
2022-09-23,83.55000305175781
2022-09-26,83.62999725341797
2022-09-27,83.0
2022-09-28,85.94000244140625
2022-09-29,80.44999694824219
2022-09-30,78.20999908447266
2022-10-03,83.04000091552734
2022-10-04,88.12999725341797
2022-10-05,87.0999984741211
2022-10-06,88.37000274658203
2022-10-07,85.19000244140625
2022-10-10,83.4000015258789
2022-10-11,81.91999816894531
2022-10-12,81.80999755859375
2022-10-13,83.44000244140625
2022-10-14,81.38999938964844
2022-10-17,85.33999633789062
2022-10-18,88.16000366210938
2022-10-19,85.94999694824219
2022-10-20,84.66000366210938
2022-10-21,87.04000091552734
2022-10-24,88.58000183105469
2022-10-25,90.3000030517578
2022-10-26,89.4000015258789
2022-10-27,88.51000213623047
2022-10-28,90.54000091552734
2022-10-31,91.06999969482422
2022-11-01,91.58999633789062
2022-11-02,88.0
2022-11-03,91.62000274658205
2022-11-04,97.62999725341795
2022-11-07,99.16999816894533
2022-11-08,101.12999725341795
2022-11-09,97.47000122070312
2022-11-10,109.31999969482422
2022-11-11,111.70999908447266
2022-11-14,109.62999725341795
2022-11-15,111.1500015258789
2022-11-16,108.88999938964844
2022-11-17,106.72000122070312
2022-11-18,108.02999877929688
2022-11-21,105.83999633789062
2022-11-22,107.06999969482422
2022-11-23,106.91000366210938
2022-11-25,105.86000061035156
2022-11-28,102.0199966430664
2022-11-29,101.87999725341795
2022-11-30,106.66999816894533
2022-12-01,105.19000244140624
2022-12-02,103.7300033569336
2022-12-05,101.62999725341795
2022-12-06,99.70999908447266
2022-12-07,97.79000091552734
2022-12-08,93.45999908447266
2022-12-09,93.27999877929688
2022-12-12,96.11000061035156
2022-12-13,97.58000183105467
2022-12-14,96.5999984741211
2022-12-15,95.97000122070312
2022-12-16,93.4800033569336
2022-12-19,93.11000061035156
2022-12-20,93.6999969482422
2022-12-21,94.13999938964844
2022-12-22,91.0
2022-12-23,91.26000213623048
2022-12-27,91.5
2022-12-28,90.27999877929688
2022-12-29,93.80999755859376
2022-12-30,93.12999725341795
2023-01-03,92.9499969482422
2023-01-04,95.87999725341795
2023-01-05,95.86000061035156
2023-01-06,98.30999755859376
2023-01-09,97.9800033569336
2023-01-10,99.63999938964844
2023-01-11,99.27999877929688
2023-01-12,101.66999816894533
2023-01-13,101.5500030517578
2023-01-17,102.5500030517578
2023-01-18,102.63999938964844
2023-01-19,101.0999984741211
2023-01-20,104.08000183105467
2023-01-23,107.3499984741211
2023-01-24,106.0199966430664
2023-01-25,105.7699966430664
2023-01-26,106.8000030517578
2023-01-27,110.58999633789062
2023-01-30,109.83000183105467
2023-01-31,113.08999633789062
2023-02-01,114.75
2023-02-02,118.68000030517578
2023-02-03,115.7300033569336
2023-02-06,114.9499969482422
2023-02-07,115.91000366210938
2023-02-08,115.79000091552734
2023-02-09,116.01000213623048
2023-02-10,112.8000030517578
2023-02-13,112.79000091552734
2023-02-14,121.0999984741211
2023-02-15,123.06999969482422
2023-02-16,120.7300033569336
2023-02-17,119.63999938964844
2023-02-21,116.3000030517578
2023-02-22,116.0999984741211
2023-02-23,116.44000244140624
2023-02-24,114.94000244140624
2023-02-27,116.29000091552734
2023-02-28,116.27999877929688
2023-03-01,118.0999984741211
2023-03-02,116.93000030517578
2023-03-03,119.3000030517578
2023-03-06,118.4499969482422
2023-03-07,116.58000183105467
2023-03-08,116.9000015258789
2023-03-09,113.43000030517578
2023-03-10,111.08000183105467
2023-03-13,110.25
2023-03-14,113.0
2023-03-15,108.76000213623048
2023-03-16,112.16999816894533
2023-03-17,107.1999969482422
2023-03-20,108.80999755859376
2023-03-21,110.9800033569336
2023-03-22,107.76000213623048
2023-03-23,107.6999969482422
2023-03-24,107.18000030517578
2023-03-27,108.0999984741211
2023-03-28,107.9800033569336
2023-03-29,109.55999755859376
2023-03-30,109.9000015258789
2023-03-31,112.19000244140624
2023-04-03,110.48999786376952
2023-04-04,107.22000122070312
2023-04-05,104.5
2023-04-06,103.0199966430664
2023-04-10,104.33999633789062
2023-04-11,104.97000122070312
2023-04-12,104.19000244140624
2023-04-13,106.04000091552734
2023-04-14,107.06999969482422
2023-04-17,107.5999984741211
2023-04-18,107.51000213623048
2023-04-19,107.41000366210938
2023-04-20,106.08000183105467
2023-04-21,105.29000091552734
2023-04-24,105.61000061035156
2023-04-25,102.31999969482422
2023-04-26,102.86000061035156
2023-04-27,101.6500015258789
2023-04-28,102.86000061035156
2023-05-01,102.19000244140624
2023-05-02,101.2300033569336
2023-05-03,99.83999633789062
2023-05-04,92.0500030517578
2023-05-05,93.41999816894533
2023-05-08,93.97000122070312
2023-05-09,93.37000274658205
2023-05-10,94.91000366210938
2023-05-11,94.29000091552734
2023-05-12,92.69000244140624
2023-05-15,92.93000030517578
2023-05-16,90.9000015258789
2023-05-17,93.86000061035156
2023-05-18,94.83000183105467
2023-05-19,94.37000274658205
2023-05-22,94.43000030517578
2023-05-23,92.4800033569336
2023-05-24,90.5
2023-05-25,89.70999908447266
2023-05-26,92.12999725341795
2023-05-30,91.2300033569336
2023-05-31,88.08000183105469
2023-06-01,90.20999908447266
2023-06-02,93.69000244140624
2023-06-05,92.2699966430664
2023-06-06,95.4499969482422
2023-06-07,96.08999633789062
2023-06-08,97.4000015258789
2023-06-09,97.98999786376952
2023-06-12,100.2699966430664
2023-06-13,101.1500015258789
2023-06-14,101.01000213623048
2023-06-15,101.27999877929688
2023-06-16,101.44000244140624
2023-06-20,100.16000366210938
2023-06-21,99.7699966430664
2023-06-22,98.5999984741211
2023-06-23,97.4000015258789
2023-06-26,97.87000274658205
2023-06-27,100.54000091552734
2023-06-28,101.16999816894533
2023-06-29,100.88999938964844
2023-06-30,102.08999633789062
2023-07-03,103.02999877929688
2023-07-05,103.47000122070312
2023-07-06,104.87999725341795
2023-07-07,107.5500030517578
2023-07-10,108.6500015258789
2023-07-11,110.37999725341795
2023-07-12,112.4000015258789
2023-07-13,112.37000274658205
2023-07-14,111.01000213623048
2023-07-17,109.2300033569336
2023-07-18,108.94000244140624
2023-07-19,110.37999725341795
2023-07-20,108.62000274658205
2023-07-21,109.23999786376952
2023-07-24,109.43000030517578
2023-07-25,109.9000015258789
2023-07-26,110.38999938964844
2023-07-27,109.25
2023-07-28,109.16999816894533
2023-07-31,109.48999786376952
2023-08-01,109.48999786376952
2023-08-02,106.27999877929688
2023-08-03,109.58000183105467
2023-08-04,106.8000030517578
2023-08-07,107.1500015258789
2023-08-08,106.31999969482422
2023-08-09,104.31999969482422
2023-08-10,103.18000030517578
2023-08-11,98.6999969482422
2023-08-14,99.43000030517578
2023-08-15,97.3000030517578
2023-08-16,95.62000274658205
2023-08-17,96.05999755859376
2023-08-18,95.87999725341795
2023-08-21,96.55999755859376
2023-08-22,96.12999725341795
2023-08-23,98.08000183105467
2023-08-24,96.36000061035156
2023-08-25,97.61000061035156
2023-08-28,98.87000274658205
2023-08-29,100.81999969482422
2023-08-30,101.63999938964844
2023-08-31,101.4499969482422
2023-09-01,104.48999786376952
2023-09-05,103.16000366210938
2023-09-06,102.3499984741211
2023-09-07,100.68000030517578
2023-09-08,100.4800033569336
2023-09-11,99.7699966430664
2023-09-12,102.66999816894533
2023-09-13,101.29000091552734
2023-09-14,102.29000091552734
2023-09-15,102.45999908447266
2023-09-18,101.38999938964844
2023-09-19,102.56999969482422
2023-09-20,101.8499984741211
2023-09-21,97.9000015258789
2023-09-22,97.93000030517578
2023-09-25,99.08000183105467
2023-09-26,96.4499969482422
2023-09-27,95.86000061035156
2023-09-28,99.13999938964844
2023-09-29,98.58999633789062
2023-10-02,97.25
2023-10-03,94.56999969482422
2023-10-04,96.45999908447266
2023-10-05,94.05999755859376
2023-10-06,96.97000122070312
2023-10-09,96.83999633789062
2023-10-10,98.12000274658205
2023-10-11,98.91999816894533
2023-10-12,97.0
2023-10-13,94.95999908447266
2023-10-16,96.62999725341795
2023-10-17,96.58000183105467
2023-10-18,92.01000213623048
2023-10-19,90.25
2023-10-20,92.0
2023-10-23,89.6500015258789
2023-10-24,90.79000091552734
2023-10-25,89.37000274658203
2023-10-26,89.38999938964844
2023-10-27,86.01000213623047
2023-10-30,86.38999938964844
2023-10-31,87.19999694824219
2023-11-01,86.08000183105469
2023-11-02,77.19999694824219
2023-11-03,77.5
2023-11-06,74.44999694824219
2023-11-07,75.72000122070312
2023-11-08,73.95999908447266
2023-11-09,72.80999755859375
2023-11-10,75.93000030517578
2023-11-13,75.43000030517578
2023-11-14,79.41000366210938
2023-11-15,80.29000091552734
2023-11-16,79.1500015258789
2023-11-17,81.18000030517578
2023-11-20,81.45999908447266
2023-11-21,80.83000183105469
2023-11-22,81.62999725341797
2023-11-24,83.11000061035156
2023-11-27,81.80999755859375
2023-11-28,81.94999694824219
2023-11-29,82.2699966430664
2023-11-30,82.83999633789062
2023-12-01,84.01000213623047
2023-12-04,82.83000183105469
2023-12-05,80.8499984741211
2023-12-06,80.87999725341797
2023-12-07,80.8499984741211
2023-12-08,79.83000183105469
2023-12-11,80.61000061035156
2023-12-12,80.44000244140625
2023-12-13,81.58000183105469
2023-12-14,88.8499984741211
2023-12-15,87.19999694824219
2023-12-18,87.30000305175781
2023-12-19,88.83999633789062
2023-12-20,86.63999938964844
2023-12-21,89.06999969482422
2023-12-22,89.0199966430664
2023-12-26,89.44000244140625
2023-12-27,89.62999725341797
2023-12-28,90.47000122070312
2023-12-29,89.72000122070312
2024-01-02,90.16999816894533
2024-01-03,84.48999786376953
2024-01-04,83.58999633789062
2024-01-05,83.4800033569336
2024-01-08,84.55999755859375
2024-01-09,82.26000213623047
2024-01-10,82.91999816894531
2024-01-11,83.5999984741211
2024-01-12,80.87999725341797
2024-01-16,80.79000091552734
2024-01-17,78.86000061035156
2024-01-18,79.01000213623047
2024-01-19,79.0
2024-01-22,80.0
2024-01-23,81.63999938964844
2024-01-24,83.08000183105469
2024-01-25,84.5199966430664
2024-01-26,86.04000091552734
2024-01-29,87.44000244140625
2024-01-30,86.72000122070312
2024-01-31,81.33000183105469
2024-02-01,83.5
2024-02-02,83.5
2024-02-05,82.2300033569336
2024-02-06,84.19000244140625
2024-02-07,82.0199966430664
2024-02-08,81.29000091552734
2024-02-09,82.0199966430664
2024-02-12,83.77999877929688
2024-02-13,79.08999633789062
2024-02-14,79.13999938964844
2024-02-15,79.41000366210938
2024-02-16,78.95999908447266
2024-02-20,77.76000213623047
2024-02-21,77.62999725341797
2024-02-22,77.80000305175781
2024-02-23,77.2300033569336
2024-02-26,77.5199966430664
2024-02-27,78.83000183105469
2024-02-28,78.7699966430664
2024-02-29,79.48999786376953
2024-03-01,79.05000305175781
2024-03-04,78.48999786376953
2024-03-05,79.43000030517578
2024-03-06,78.12999725341797
2024-03-07,78.7699966430664
2024-03-08,78.19000244140625
2024-03-11,78.51000213623047
2024-03-12,78.70999908447266
2024-03-13,79.72000122070312
2024-03-14,76.19999694824219
2024-03-15,77.23999786376953
2024-03-18,77.80999755859375
2024-03-19,77.91999816894531
2024-03-20,79.01000213623047
2024-03-21,80.55999755859375
2024-03-22,78.72000122070312
2024-03-25,79.08999633789062
2024-03-26,76.58999633789062
2024-03-27,78.63999938964844
2024-03-28,79.6500015258789
2024-04-01,78.79000091552734
2024-04-02,77.16000366210938
2024-04-03,77.56999969482422
2024-04-04,75.2699966430664
2024-04-05,74.7300033569336
2024-04-08,76.06999969482422
2024-04-09,78.93000030517578
2024-04-10,74.94999694824219
2024-04-11,75.7699966430664
2024-04-12,74.19000244140625
2024-04-15,73.01000213623047
2024-04-16,71.94000244140625
2024-04-17,69.3499984741211
2024-04-18,69.31999969482422
2024-04-19,69.62999725341797
2024-04-22,70.0999984741211
2024-04-23,70.25
2024-04-24,71.4000015258789
2024-04-25,70.12999725341797
2024-04-26,71.20999908447266
2024-04-29,72.41000366210938
2024-04-30,71.0
2024-05-01,69.75
2024-05-02,77.79000091552734
2024-05-03,80.81999969482422
2024-05-06,84.4000015258789
2024-05-07,83.0
2024-05-08,83.19999694824219
2024-05-09,83.69000244140625
2024-05-10,82.77999877929688
2024-05-13,82.73999786376953
2024-05-14,82.83999633789062
2024-05-15,81.7300033569336
2024-05-16,82.29000091552734
2024-05-17,82.11000061035156
2024-05-20,81.94000244140625
2024-05-21,82.30999755859375
2024-05-22,81.70999908447266
2024-05-23,80.27999877929688
2024-05-24,82.55000305175781
2024-05-28,83.12999725341797
2024-05-29,81.5199966430664
2024-05-30,81.95999908447266
2024-05-31,83.26000213623047
2024-06-03,84.6500015258789
2024-06-04,83.79000091552734
2024-06-05,81.58999633789062
2024-06-06,81.30000305175781
2024-06-07,81.41999816894531
2024-06-10,79.66000366210938
2024-06-11,76.27999877929688
2024-06-12,75.2699966430664
2024-06-13,74.51000213623047
2024-06-14,70.30000305175781
2024-06-17,70.94999694824219
2024-06-18,70.62000274658203
2024-06-20,73.25
2024-06-21,75.20999908447266
2024-06-24,76.08999633789062
2024-06-25,73.36000061035156
2024-06-26,67.54000091552734
2024-06-27,68.9800033569336
2024-06-28,70.41999816894531
2024-07-01,68.44000244140625
2024-07-02,69.44000244140625
2024-07-03,69.79000091552734
2024-07-05,70.18000030517578
2024-07-08,69.68000030517578
2024-07-09,69.08000183105469
2024-07-10,69.5999984741211
2024-07-11,71.75
2024-07-12,72.72000122070312
2024-07-15,72.26000213623047
2024-07-16,73.41000366210938
2024-07-17,72.41000366210938
2024-07-18,71.68000030517578
2024-07-19,68.87000274658203
2024-07-22,69.93000030517578
2024-07-23,68.58999633789062
2024-07-24,67.08000183105469
2024-07-25,67.83000183105469
2024-07-26,68.73999786376953
2024-07-29,68.9000015258789
2024-07-30,67.62999725341797
2024-07-31,69.38999938964844
2024-08-01,73.12999725341797
2024-08-02,69.62999725341797
2024-08-05,69.12000274658203
2024-08-06,69.05000305175781
2024-08-07,67.91000366210938
2024-08-08,68.94000244140625
2024-08-09,67.63999938964844
2024-08-12,67.25
2024-08-13,67.97000122070312
2024-08-14,66.9800033569336
2024-08-15,68.69000244140625
2024-08-16,68.93000030517578
2024-08-19,70.98999786376953
2024-08-20,69.8499984741211
2024-08-21,70.87999725341797
2024-08-22,70.0999984741211
2024-08-23,72.29000091552734
2024-08-26,72.08999633789062
2024-08-27,70.83000183105469
2024-08-28,70.0199966430664
2024-08-29,70.91999816894531
2024-08-30,71.52999877929688
2024-09-03,70.11000061035156
2024-09-04,69.45999908447266
2024-09-05,70.97000122070312
2024-09-06,68.48999786376953
2024-09-09,69.08000183105469
2024-09-10,65.37999725341797
2024-09-11,65.47000122070312
2024-09-12,67.0
2024-09-13,68.94999694824219
2024-09-16,68.79000091552734
2024-09-17,70.22000122070312
2024-09-18,69.66999816894531
2024-09-19,70.5199966430664
2024-09-20,69.83999633789062
2024-09-23,71.55999755859375
2024-09-24,72.11000061035156
2024-09-25,70.55999755859375
2024-09-26,72.30999755859375
2024-09-27,74.23999786376953
2024-09-30,72.01000213623047
2024-10-01,70.5199966430664
2024-10-02,70.05000305175781
2024-10-03,68.97000122070312
2024-10-04,70.33000183105469
2024-10-07,70.47000122070312
2024-10-08,69.5999984741211
2024-10-09,71.36000061035156
2024-10-10,70.75
2024-10-11,71.29000091552734
2024-10-14,71.08999633789062
2024-10-15,70.0
2024-10-16,70.36000061035156
2024-10-17,69.9000015258789
2024-10-18,71.76000213623047
2024-10-21,70.0999984741211
2024-10-22,69.68000030517578
2024-10-23,69.52999877929688
2024-10-24,68.30999755859375
2024-10-25,69.30999755859375
2024-10-28,70.4000015258789
2024-10-29,69.1500015258789
2024-10-30,69.06999969482422
2024-10-31,56.83000183105469
2024-11-01,56.369998931884766
2024-11-04,55.93000030517578
2024-11-05,55.2400016784668
2024-11-06,53.83000183105469
2024-11-07,55.63999938964844
2024-11-08,56.25
2024-11-11,55.93000030517578
2024-11-12,56.380001068115234
2024-11-13,56.13999938964844
2024-11-14,54.02999877929688
2024-11-15,52.93000030517578
2024-11-18,52.709999084472656
2024-11-19,52.11000061035156
2024-11-20,52.59000015258789
2024-11-21,53.36000061035156
2024-11-22,54.380001068115234
2024-11-25,57.130001068115234
2024-11-26,55.27999877929688
2024-11-27,55.52000045776367
2024-11-29,55.52999877929688
2024-12-02,56.06999969482422
2024-12-03,55.709999084472656
2024-12-04,56.40999984741211
2024-12-05,56.90999984741211
2024-12-06,56.66999816894531
2024-12-09,57.400001525878906
2024-12-10,58.41999816894531
2024-12-11,58.88999938964844
2024-12-12,58.540000915527344
2024-12-13,57.970001220703125
2024-12-16,58.0
2024-12-17,57.86000061035156
2024-12-18,56.650001525878906
2024-12-19,57.0099983215332
2024-12-20,58.86000061035156
2024-12-23,59.470001220703125
2024-12-24,59.95000076293945
2024-12-26,60.06999969482422
2024-12-27,60.34000015258789
2024-12-30,60.11000061035156
2024-12-31,60.47999954223633
2025-01-02,60.29999923706055
2025-01-03,60.52999877929688
2025-01-06,61.380001068115234
2025-01-07,61.81999969482422
2025-01-08,60.79999923706055
2025-01-10,59.34999847412109
2025-01-13,60.61000061035156
2025-01-14,61.470001220703125
2025-01-15,60.88999938964844
2025-01-16,61.33000183105469
2025-01-17,61.15999984741211
2025-01-21,61.790000915527344
2025-01-22,62.72999954223633
2025-01-23,63.91999816894531
2025-01-24,63.43000030517578
2025-01-27,64.16999816894531
2025-01-28,62.79999923706055
2025-01-29,62.68000030517578
2025-01-30,62.90999984741211
2025-01-31,62.41999816894531
2025-02-03,60.68000030517578
2025-02-04,61.400001525878906
2025-02-05,61.27000045776367
2025-02-06,63.47999954223633
2025-02-07,64.0999984741211
2025-02-10,63.97999954223633
2025-02-11,64.66000366210938
2025-02-12,65.44999694824219
2025-02-13,66.41000366210938
2025-02-14,67.0
2025-02-18,66.87999725341797
2025-02-19,66.66000366210938
2025-02-20,67.62000274658203
2025-02-21,66.68000030517578
2025-02-24,66.79000091552734
2025-02-25,66.6500015258789
2025-02-26,66.22000122070312
2025-02-27,65.31999969482422
2025-02-28,65.12000274658203
2025-03-03,64.01000213623047
2025-03-04,62.79999923706055
2025-03-05,65.08999633789062
2025-03-06,65.13999938964844
2025-03-07,66.83000183105469
2025-03-10,64.33999633789062
2025-03-11,63.18999862670898
2025-03-12,63.7599983215332
2025-03-13,62.16999816894531
2025-03-14,63.22999954223633
2025-03-17,62.650001525878906
2025-03-18,62.81999969482422
2025-03-19,62.72999954223633
2025-03-20,62.47999954223633
2025-03-21,62.45000076293945
2025-03-24,63.90999984741211
2025-03-25,64.48999786376953
2025-03-26,65.80000305175781
2025-03-27,62.25
2025-03-28,60.59000015258789
2025-03-31,59.5
2025-04-01,59.150001525878906
2025-04-02,60.77999877929688
2025-04-03,55.38999938964844
2025-04-04,53.0
2025-04-07,51.97999954223633
2025-04-08,49.36000061035156
2025-04-09,54.41999816894531
2025-04-10,49.41999816894531
2025-04-11,47.91999816894531
2025-04-14,50.09999847412109
2025-04-15,50.7400016784668
2025-04-16,50.709999084472656
2025-04-17,51.709999084472656
2025-04-21,50.9900016784668
2025-04-22,52.27999877929688
2025-04-23,53.310001373291016
2025-04-24,55.060001373291016
2025-04-25,55.93000030517578
2025-04-28,56.27999877929688
2025-04-29,57.650001525878906
2025-04-30,57.060001373291016
2025-05-01,56.959999084472656
2025-05-02,58.970001220703125
2025-05-05,58.77999877929688
2025-05-06,58.18999862670898
2025-05-07,58.91999816894531
2025-05-08,61.11000061035156
2025-05-09,61.970001220703125
2025-05-12,66.93000030517578
2025-05-13,68.79000091552734
2025-05-14,69.41999816894531
2025-05-15,68.0999984741211
2025-05-16,68.26000213623047
2025-05-19,67.33999633789062
2025-05-20,67.48999786376953
2025-05-21,66.95999908447266
2025-05-22,66.97000122070312
2025-05-23,66.05999755859375
2025-05-27,68.4000015258789
2025-05-28,67.70999908447266
2025-05-29,68.08999633789062
2025-05-30,66.80999755859375
2025-06-02,65.30000305175781
2025-06-03,66.88999938964844
2025-06-04,65.87999725341797
2025-06-05,65.4800033569336
2025-06-06,66.63999938964844
2025-06-09,67.19000244140625
2025-06-10,70.37000274658203
2025-06-11,70.19000244140625
2025-06-12,69.68000030517578
2025-06-13,67.25
2025-06-16,69.18000030517578
2025-06-17,67.5999984741211
2025-06-18,67.66000366210938
2025-06-20,67.05000305175781
2025-06-23,66.51000213623047
2025-06-24,68.44999694824219
2025-06-25,67.41000366210938
2025-06-26,67.94000244140625
2025-06-27,68.77999877929688
2025-06-30,68.22000122070312
2025-07-01,71.66999816894531
2025-07-02,72.19000244140625
2025-07-03,72.55999755859375
2025-07-07,72.02999877929688
2025-07-08,71.45999908447266
2025-07-09,70.91999816894531
2025-07-10,70.58000183105469
2025-07-11,69.27999877929688
2025-07-14,70.4800033569336
2025-07-15,69.30000305175781
2025-07-16,70.12999725341797
2025-07-17,70.2699966430664
2025-07-18,68.19999694824219
2025-07-21,69.0
2025-07-22,69.97000122070312
2025-07-23,71.91000366210938
2025-07-24,70.45999908447266
2025-07-25,70.91000366210938
2025-07-28,69.87000274658203
2025-07-29,68.23999786376953
2025-07-30,66.68000030517578
2025-07-31,68.63999938964844
2025-08-01,65.6500015258789
2025-08-04,64.86000061035156
2025-08-05,64.77999877929688
2025-08-06,65.12000274658203
2025-08-07,65.80000305175781
2025-08-08,66.9000015258789
2025-08-11,66.77999877929688
2025-08-12,71.69999694824219
2025-08-13,74.72000122070312
2025-08-14,74.29000091552734
2025-08-15,74.18000030517578
2025-08-18,75.70999908447266
2025-08-19,76.13999938964844
2025-08-20,75.1500015258789
2025-08-21,74.37000274658203
2025-08-22,78.43000030517578
2025-08-25,78.83000183105469
2025-08-26,79.87999725341797
2025-08-27,79.94999694824219
2025-08-28,80.30000305175781
2025-08-29,79.52999877929688
2025-09-02,78.38999938964844
2025-09-03,79.62999725341797
2025-09-04,80.44999694824219
2025-09-05,80.44000244140625
2025-09-08,82.30000305175781
2025-09-09,82.13999938964844
2025-09-10,81.61000061035156
2025-09-11,83.72000122070312
2025-09-12,82.79000091552734
2025-09-15,82.80000305175781
2025-09-16,83.12000274658203
2025-09-17,82.87999725341797
2025-09-18,85.37000274658203
2025-09-19,85.27999877929688
2025-09-22,85.38999938964844
2025-09-23,85.45999908447266
2025-09-24,85.04000091552734
2025-09-25,84.72000122070312
2025-09-26,86.22000122070312
2025-09-29,85.7699966430664
2025-09-30,86.22000122070312
2025-10-01,87.0999984741211
2025-10-02,87.36000061035156
2025-10-03,87.9800033569336
2025-10-06,87.5999984741211
2025-10-07,85.26000213623047
2025-10-08,84.45999908447266
2025-10-09,82.70999908447266
2025-10-10,80.69999694824219
2025-10-13,81.69999694824219
2025-10-14,82.7300033569336
2025-10-15,83.63999938964844
2025-10-16,83.48999786376953
2025-10-17,82.76000213623047
2025-10-20,83.4000015258789
2025-10-21,85.58999633789062
2025-10-22,84.4800033569336
2025-10-23,84.97000122070312
2025-10-24,86.19000244140625
2025-10-27,86.11000061035156
2025-10-28,86.63999938964844
2025-10-29,85.7699966430664
2025-10-30,82.12000274658203
2025-10-31,81.0999984741211
2025-11-03,81.7699966430664
2025-11-04,80.8499984741211
2025-11-05,83.61000061035156
2025-11-06,82.0999984741211
2025-11-07,83.66000366210938
2025-11-10,82.55999755859375
2025-11-11,81.5999984741211
2025-11-12,82.73999786376953
2025-11-13,81.05000305175781
2025-11-14,78.91000366210938
2025-11-17,76.8499984741211
2025-11-18,75.7699966430664
2025-11-19,72.36000061035156
2025-11-20,70.27999877929688
2025-11-21,74.12999725341797
2025-11-24,74.8499984741211
2025-11-25,76.37999725341797
2025-11-26,76.83000183105469
2025-11-28,77.55000305175781
2025-12-01,76.94000244140625
2025-12-02,77.4800033569336
2025-12-03,78.08999633789062
2025-12-04,76.44000244140625
2025-12-05,76.37000274658203
2025-12-08,77.08000183105469
2025-12-09,76.3499984741211
2025-12-10,78.55000305175781
2025-12-11,79.9000015258789
2025-12-12,78.77999877929688
2025-12-15,77.3499984741211
2025-12-16,77.41999816894531
2025-12-17,76.75
2025-12-18,77.58999633789062
2025-12-19,78.29000091552734
2025-12-22,77.19999694824219
2025-12-23,76.36000061035156
2025-12-24,76.7699966430664
2025-12-26,76.91000366210938
2025-12-29,76.79000091552734
2025-12-30,76.9000015258789
2025-12-31,76.08999633789062
2026-01-02,78.44000244140625
2026-01-05,80.5199966430664
2026-01-06,82.61000061035156
2026-01-07,82.1500015258789
2026-01-08,86.44999694824219
2026-01-09,88.66999816894531
2026-01-12,86.83000183105469
2026-01-13,88.25
2026-01-14,82.93000030517578
2026-01-15,82.61000061035156
2026-01-16,78.61000061035156
2026-01-20,77.16999816894531
2026-01-21,80.2699966430664
2026-01-22,77.52999877929688
2026-01-23,76.47000122070312
2026-01-26,77.04000091552734
2026-01-27,78.01000213623047
2026-01-28,77.80999755859375
2026-01-29,78.83000183105469
2026-01-30,75.75
2026-02-02,77.9800033569336
2026-02-03,78.19999694824219
2026-02-04,81.01000213623047
2026-02-05,79.72000122070312
2026-02-06,82.37999725341797
2026-02-09,83.37000274658203
2026-02-10,85.1500015258789
2026-02-11,83.76000213623047
2026-02-12,83.0
2026-02-13,85.19999694824219
2026-02-17,82.7699966430664
2026-02-18,83.80999755859375
2026-02-19,80.45999908447266
2026-02-20,79.56999969482422
2026-02-23,76.87000274658203
2026-02-24,77.69000244140625
2026-02-25,76.44000244140625
2026-02-26,77.04000091552734
2026-02-27,73.54000091552734
2026-03-02,72.47000122070312
2026-03-03,71.4000015258789
2026-03-04,73.38999938964844
2026-03-05,72.20999908447266
2026-03-06,72.69999694824219
2026-03-09,72.8499984741211
2026-03-10,72.05000305175781
2026-03-11,70.31999969482422
2026-03-12,70.06999969482422
2026-03-13,70.5
2026-03-16,71.56999969482422
2026-03-17,72.0199966430664
2026-03-18,70.12999725341797
2026-03-19,69.16999816894531
2026-03-20,68.0999984741211
2026-03-23,70.9800033569336
2026-03-24,70.91999816894531
2026-03-25,70.88999938964844
2026-03-26,70.94999694824219
2026-03-27,67.04000091552734
2026-03-30,66.63999938964844
2026-03-31,69.44000244140625
2026-04-01,62.09000015258789
2026-04-02,60.9900016784668
2026-04-06,60.36000061035156
2026-04-07,58.220001220703125
2026-04-08,60.72999954223633
2026-04-09,60.119998931884766
2026-04-10,59.650001525878906
2026-04-13,59.36000061035156
2026-04-14,59.06999969482422
2026-04-15,58.459999084472656
2026-04-16,57.52000045776367
2026-04-17,59.619998931884766
2026-04-20,60.83000183105469
2026-04-21,60.79999923706055
2026-04-22,60.86000061035156
2026-04-23,60.40999984741211
2026-04-24,60.09999847412109
2026-04-27,60.06999969482422
2026-04-28,59.119998931884766
2026-04-29,58.33000183105469
2026-04-30,60.2599983215332
2026-05-01,60.4900016784668
2026-05-04,59.52999877929688
2026-05-05,54.83000183105469
2026-05-06,56.79999923706055
2026-05-07,57.11000061035156
2026-05-08,57.93999862670898
2026-05-11,55.40999984741211
2026-05-12,54.95000076293945
2026-05-13,54.209999084472656
2026-05-14,57.560001373291016
2026-05-15,54.34000015258789
2026-05-18,53.0099983215332
2026-05-19,52.56999969482422
2026-05-20,54.56999969482422
2026-05-21,55.84999847412109
2026-05-22,57.36000061035156
2026-05-26,58.7599983215332
2026-05-27,61.900001525878906
2026-05-28,63.66999816894531
2026-05-29,67.94000244140625
2026-06-01,68.5999984741211
2026-06-02,73.8499984741211
2026-06-03,76.81999969482422
2026-06-04,72.91999816894531
2026-06-05,68.5999984741211
2026-06-08,69.29000091552734
2026-06-09,68.4800033569336
2026-06-10,65.19999694824219
2026-06-11,67.95999908447266
2026-06-12,68.05000305175781
2026-06-15,66.62000274658203
2026-06-16,65.68000030517578
2026-06-17,62.869998931884766
2026-06-18,63.68000030517578
2026-06-22,63.56999969482422
2026-06-23,61.41999816894531
2026-06-24,60.41999816894531
2026-06-25,61.970001220703125
2026-06-26,60.31999969482422
2026-06-29,59.22999954223633
2026-06-30,61.380001068115234
2026-07-01,60.27999877929688
2026-07-02,58.88999938964844
2026-07-06,59.72999954223633
2026-07-07,58.84999847412109
2026-07-08,58.56999969482422
2026-07-09,59.86000061035156
2026-07-10,60.56999969482422
2026-07-13,59.22999954223633
2026-07-14,58.060001373291016
2026-07-15,58.959999084472656
2026-07-16,59.2599983215332
2026-07-17,57.470001220703125
2026-07-20,57.310001373291016
2026-07-21,57.90999984741211
2026-07-22,58.220001220703125
2026-07-23,56.09999847412109
2026-07-24,56.54999923706055
2026-07-27,57.45000076293945
2026-07-28,59.400001525878906
2026-07-29,57.970001220703125
2026-07-30,58.09000015258789
2026-07-31,56.470001220703125
2026-08-03,57.22999954223633
2026-08-04,47.720001220703125
2026-08-05,47.0099983215332
2026-08-06,46.29999923706055
2026-08-07,49.54999923706055
2026-08-10,49.810001373291016
2026-08-11,49.619998931884766
2026-08-12,48.47999954223633
2026-08-13,49.16999816894531
2026-08-14,49.560001373291016
2026-08-17,50.040000915527344
2026-08-18,48.59999847412109
2026-08-19,48.91999816894531
