date,close
1983-09-23,0.0263107996433973
1983-09-26,0.0263107996433973
1983-09-27,0.0287774670869112
1983-09-28,0.0287774670869112
1983-09-29,0.0271328687667846
1983-09-30,0.0254887044429779
1983-10-03,0.0254887044429779
1983-10-04,0.0267220567911863
1983-10-05,0.0271328687667846
1983-10-06,0.0279549621045589
1983-10-07,0.029188273474574
1983-10-10,0.029188273474574
1983-10-11,0.029188273474574
1983-10-12,0.0279549621045589
1983-10-13,0.0275441482663154
1983-10-14,0.0279549621045589
1983-10-17,0.0275441482663154
1983-10-18,0.0275441482663154
1983-10-19,0.0275441482663154
1983-10-20,0.0271328687667846
1983-10-21,0.0271328687667846
1983-10-24,0.0267220567911863
1983-10-25,0.0263107996433973
1983-10-26,0.0263107996433973
1983-10-27,0.0271328687667846
1983-10-28,0.0267220567911863
1983-10-31,0.0267220567911863
1983-11-01,0.0267220567911863
1983-11-02,0.0267220567911863
1983-11-03,0.0263107996433973
1983-11-04,0.0258995424956083
1983-11-07,0.0250774528831243
1983-11-08,0.0250774528831243
1983-11-09,0.0250774528831243
1983-11-10,0.0250774528831243
1983-11-11,0.0250774528831243
1983-11-14,0.0250774528831243
1983-11-15,0.0250774528831243
1983-11-16,0.0250774528831243
1983-11-17,0.0250774528831243
1983-11-18,0.0250774528831243
1983-11-21,0.0250774528831243
1983-11-22,0.0258995424956083
1983-11-23,0.0258995424956083
1983-11-25,0.0258995424956083
1983-11-28,0.0258995424956083
1983-11-29,0.0258995424956083
1983-11-30,0.0258995424956083
1983-12-01,0.0254887044429779
1983-12-02,0.0254887044429779
1983-12-05,0.0254887044429779
1983-12-06,0.0254887044429779
1983-12-07,0.0254887044429779
1983-12-08,0.0254887044429779
1983-12-09,0.0254887044429779
1983-12-12,0.0254887044429779
1983-12-13,0.0254887044429779
1983-12-14,0.0254887044429779
1983-12-15,0.0258995424956083
1983-12-16,0.0258995424956083
1983-12-19,0.0267220567911863
1983-12-20,0.0263107996433973
1983-12-21,0.0263107996433973
1983-12-22,0.0267220567911863
1983-12-23,0.029188273474574
1983-12-27,0.0283662136644125
1983-12-28,0.0287774670869112
1983-12-29,0.0287774670869112
1983-12-30,0.0287774670869112
1984-01-03,0.0287774670869112
1984-01-04,0.0287774670869112
1984-01-05,0.0287774670869112
1984-01-06,0.0287774670869112
1984-01-09,0.0283662136644125
1984-01-10,0.0283662136644125
1984-01-11,0.0283662136644125
1984-01-12,0.029188273474574
1984-01-13,0.029188273474574
1984-01-16,0.029188273474574
1984-01-17,0.0295995455235242
1984-01-18,0.0295995455235242
1984-01-19,0.0308328475803136
1984-01-20,0.0312441103160381
1984-01-23,0.0316549278795719
1984-01-24,0.0324774421751499
1984-01-25,0.0324774421751499
1984-01-26,0.0324774421751499
1984-01-27,0.0324774421751499
1984-01-30,0.0320661962032318
1984-01-31,0.0320661962032318
1984-02-01,0.0312441103160381
1984-02-02,0.0304216295480728
1984-02-03,0.0308328475803136
1984-02-06,0.0304216295480728
1984-02-07,0.029188273474574
1984-02-08,0.0279549621045589
1984-02-09,0.0279549621045589
1984-02-10,0.0283662136644125
1984-02-13,0.029188273474574
1984-02-14,0.0308328475803136
1984-02-15,0.0304216295480728
1984-02-16,0.0304216295480728
1984-02-17,0.030010774731636
1984-02-21,0.030010774731636
1984-02-22,0.030010774731636
1984-02-23,0.030010774731636
1984-02-24,0.0304216295480728
1984-02-27,0.0308328475803136
1984-02-28,0.030010774731636
1984-02-29,0.030010774731636
1984-03-01,0.030010774731636
1984-03-02,0.030010774731636
1984-03-05,0.0304216295480728
1984-03-06,0.0304216295480728
1984-03-07,0.029188273474574
1984-03-08,0.029188273474574
1984-03-09,0.029188273474574
1984-03-12,0.029188273474574
1984-03-13,0.029188273474574
1984-03-14,0.029188273474574
1984-03-15,0.029188273474574
1984-03-16,0.029188273474574
1984-03-19,0.0295995455235242
1984-03-20,0.030010774731636
1984-03-21,0.030010774731636
1984-03-22,0.0304216295480728
1984-03-23,0.0312441103160381
1984-03-26,0.0320661962032318
1984-03-27,0.0328882820904254
1984-03-28,0.0328882820904254
1984-03-29,0.0328882820904254
1984-03-30,0.0328882820904254
1984-04-02,0.0328882820904254
1984-04-03,0.0328882820904254
1984-04-04,0.0332995317876338
1984-04-05,0.0332995317876338
1984-04-06,0.0337107852101326
1984-04-09,0.0337107852101326
1984-04-10,0.0328882820904254
1984-04-11,0.0328882820904254
1984-04-12,0.0330939143896102
1984-04-13,0.0411103591322898
1984-04-16,0.0411103591322898
1984-04-17,0.0334023423492908
1984-04-18,0.0334023423492908
1984-04-19,0.0328882820904254
1984-04-23,0.0328882820904254
1984-04-24,0.0323746278882026
1984-04-25,0.0323746278882026
1984-04-26,0.0323746278882026
1984-04-27,0.0328882820904254
1984-04-30,0.0323746278882026
1984-05-01,0.0328882820904254
1984-05-02,0.0328882820904254
1984-05-03,0.0328882820904254
1984-05-04,0.0318605750799179
1984-05-07,0.0318605750799179
1984-05-08,0.0318605750799179
1984-05-09,0.0308328475803136
1984-05-10,0.0308328475803136
1984-05-11,0.0349441207945346
1984-05-14,0.0334023423492908
1984-05-15,0.0334023423492908
1984-05-16,0.0334023423492908
1984-05-17,0.0349441207945346
1984-05-18,0.035457756370306
1984-05-21,0.0349441207945346
1984-05-22,0.0349441207945346
1984-05-23,0.0349441207945346
1984-05-24,0.0359718203544616
1984-05-25,0.0359718203544616
1984-05-29,0.0349441207945346
1984-05-30,0.0344300530850887
1984-05-31,0.0344300530850887
1984-06-01,0.0359718203544616
1984-06-04,0.0359718203544616
1984-06-05,0.0359718203544616
1984-06-06,0.0349441207945346
1984-06-07,0.0349441207945346
1984-06-08,0.0349441207945346
1984-06-11,0.0339160040020942
1984-06-12,0.0328882820904254
1984-06-13,0.0318605750799179
1984-06-14,0.0313469246029853
1984-06-15,0.0313469246029853
1984-06-18,0.0313469246029853
1984-06-19,0.0313469246029853
1984-06-20,0.0313469246029853
1984-06-21,0.0313469246029853
1984-06-22,0.0318605750799179
1984-06-25,0.0318605750799179
1984-06-26,0.0318605750799179
1984-06-27,0.0318605750799179
1984-06-28,0.0318605750799179
1984-06-29,0.0318605750799179
1984-07-02,0.0318605750799179
1984-07-03,0.0318605750799179
1984-07-05,0.0323746278882026
1984-07-06,0.0323746278882026
1984-07-09,0.0323746278882026
1984-07-10,0.0323746278882026
1984-07-11,0.0323746278882026
1984-07-12,0.0318605750799179
1984-07-13,0.0318605750799179
1984-07-16,0.0318605750799179
1984-07-17,0.0318605750799179
1984-07-18,0.0318605750799179
1984-07-19,0.0323746278882026
1984-07-20,0.0328882820904254
1984-07-23,0.0328882820904254
1984-07-24,0.0328882820904254
1984-07-25,0.0328882820904254
1984-07-26,0.0344300530850887
1984-07-27,0.0349441207945346
1984-07-30,0.0359718203544616
1984-07-31,0.0359718203544616
1984-08-01,0.0369995422661304
1984-08-02,0.0390549264848232
1984-08-03,0.0405966974794864
1984-08-06,0.0405966974794864
1984-08-07,0.0405966974794864
1984-08-08,0.0390549264848232
1984-08-09,0.0390549264848232
1984-08-10,0.0380272194743156
1984-08-13,0.0380272194743156
1984-08-14,0.0385412909090518
1984-08-15,0.0385412909090518
1984-08-16,0.0385412909090518
1984-08-17,0.0390549264848232
1984-08-20,0.0390549264848232
1984-08-21,0.0390549264848232
1984-08-22,0.0390549264848232
1984-08-23,0.0390549264848232
1984-08-24,0.0390549264848232
1984-08-27,0.0390549264848232
1984-08-28,0.0390549264848232
1984-08-29,0.0411103591322898
1984-08-30,0.0416244342923164
1984-08-31,0.0416244342923164
1984-09-04,0.0416244342923164
1984-09-05,0.04213847219944
1984-09-06,0.04213847219944
1984-09-07,0.04213847219944
1984-09-10,0.04213847219944
1984-09-11,0.04213847219944
1984-09-12,0.04213847219944
1984-09-13,0.04213847219944
1984-09-14,0.04213847219944
1984-09-17,0.0416244342923164
1984-09-18,0.0416244342923164
1984-09-19,0.0418812446296215
1984-09-20,0.0423953160643577
1984-09-21,0.0416244342923164
1984-09-24,0.0416244342923164
1984-09-25,0.0416244342923164
1984-09-26,0.0416244342923164
1984-09-27,0.0416244342923164
1984-09-28,0.0416244342923164
1984-10-01,0.0416244342923164
1984-10-02,0.04213847219944
1984-10-03,0.04213847219944
1984-10-04,0.04213847219944
1984-10-05,0.04213847219944
1984-10-08,0.04213847219944
1984-10-09,0.0426521152257919
1984-10-10,0.04213847219944
1984-10-11,0.0431661717593669
1984-10-12,0.0436798110604286
1984-10-15,0.0441939271986484
1984-10-16,0.0447075366973876
1984-10-17,0.0447075366973876
1984-10-18,0.0457356348633766
1984-10-19,0.0457356348633766
1984-10-22,0.0452215932309627
1984-10-23,0.0457356348633766
1984-10-24,0.0457356348633766
1984-10-25,0.0472769998013973
1984-10-26,0.0462493076920509
1984-10-29,0.0462493076920509
1984-10-30,0.0462493076920509
1984-10-31,0.0462493076920509
1984-11-01,0.0477911084890365
1984-11-02,0.0472769998013973
1984-11-05,0.0472769998013973
1984-11-06,0.0472769998013973
1984-11-07,0.0462493076920509
1984-11-08,0.0462493076920509
1984-11-09,0.0462493076920509
1984-11-12,0.0467633791267871
1984-11-13,0.0467633791267871
1984-11-14,0.0462493076920509
1984-11-15,0.0457356348633766
1984-11-16,0.0457356348633766
1984-11-19,0.0447075366973876
1984-11-20,0.0457356348633766
1984-11-21,0.0462493076920509
1984-11-23,0.0462493076920509
1984-11-26,0.0462493076920509
1984-11-27,0.0462493076920509
1984-11-28,0.0462493076920509
1984-11-29,0.0457356348633766
1984-11-30,0.0457356348633766
1984-12-03,0.0452215932309627
1984-12-04,0.0452215932309627
1984-12-05,0.0436798110604286
1984-12-06,0.04213847219944
1984-12-07,0.0416244342923164
1984-12-10,0.0416244342923164
1984-12-11,0.0436798110604286
1984-12-12,0.0436798110604286
1984-12-13,0.0452215932309627
1984-12-14,0.0452215932309627
1984-12-17,0.0488187707960605
1984-12-18,0.0498464927077293
1984-12-19,0.0498464927077293
1984-12-20,0.0498464927077293
1984-12-21,0.0498464927077293
1984-12-24,0.0508741848170757
1984-12-26,0.0498464927077293
1984-12-27,0.0498464927077293
1984-12-28,0.0498464927077293
1984-12-31,0.020041324198246
1985-01-02,0.0503605157136917
1985-01-03,0.0524159371852874
1985-01-04,0.0539577156305313
1985-01-07,0.0539577156305313
1985-01-08,0.0529295913875103
1985-01-09,0.0534436963498592
1985-01-10,0.0539577156305313
1985-01-11,0.0549854375422
1985-01-14,0.0560131333768367
1985-01-15,0.0575549341738224
1985-01-16,0.0575549341738224
1985-01-17,0.0590962618589401
1985-01-18,0.0585826151072979
1985-01-21,0.0606380477547645
1985-01-22,0.0606380477547645
1985-01-23,0.0637211501598358
1985-01-24,0.0642352327704429
1985-01-25,0.0647492557764053
1985-01-28,0.0647492557764053
1985-01-29,0.0647492557764053
1985-01-30,0.0637211501598358
1985-01-31,0.0626934617757797
1985-02-01,0.0606380477547645
1985-02-04,0.0637211501598358
1985-02-05,0.0642352327704429
1985-02-06,0.0657769665122032
1985-02-07,0.0688601061701774
1985-02-08,0.070915512740612
1985-02-11,0.0714296177029609
1985-02-12,0.0724572464823722
1985-02-13,0.0801657065749168
1985-02-14,0.0770821571350097
1985-02-15,0.0801657065749168
1985-02-19,0.0811933949589729
1985-02-20,0.0806793645024299
1985-02-21,0.0811933949589729
1985-02-22,0.0842765420675277
1985-02-25,0.0837628990411758
1985-02-26,0.0811933949589729
1985-02-27,0.0811933949589729
1985-02-28,0.0817070454359054
1985-03-01,0.0935262888669967
1985-03-04,0.0955822169780731
1985-03-05,0.0935262888669967
1985-03-06,0.0894154757261276
1985-03-07,0.0878737196326255
1985-03-08,0.0873600766062736
1985-03-11,0.0873600766062736
1985-03-12,0.0914708748459816
1985-03-13,0.0883878543972969
1985-03-14,0.0863319188356399
1985-03-15,0.0878737196326255
1985-03-18,0.0873600766062736
1985-03-19,0.0873600766062736
1985-03-20,0.0894154757261276
1985-03-21,0.0914708748459816
1985-03-22,0.0924986153841018
1985-03-25,0.0935262888669967
1985-03-26,0.0986652895808219
1985-03-27,0.1007206663489341
1985-03-28,0.1007206663489341
1985-03-29,0.0986652895808219
1985-04-01,0.0976375415921211
1985-04-02,0.0996929854154586
1985-04-03,0.1068873926997184
1985-04-04,0.1130539551377296
1985-04-08,0.1171648353338241
1985-04-09,0.1212760955095291
1985-04-10,0.1212760955095291
1985-04-11,0.1253873258829116
1985-04-12,0.1233313903212547
1985-04-15,0.1202484518289566
1985-04-16,0.1181929409503936
1985-04-17,0.116137109696865
1985-04-18,0.1120262667536735
1985-04-19,0.1120262667536735
1985-04-22,0.1130539551377296
1985-04-23,0.1212760955095291
1985-04-24,0.1197342723608017
1985-04-25,0.1192206293344497
1985-04-26,0.1151094362139701
1985-04-29,0.1192206293344497
1985-04-30,0.1171648353338241
1985-05-01,0.1140816658735275
1985-05-02,0.1109985038638114
1985-05-03,0.1048318743705749
1985-05-06,0.1120262667536735
1985-05-07,0.1130539551377296
1985-05-08,0.1130539551377296
1985-05-09,0.1140816658735275
1985-05-10,0.116137109696865
1985-05-13,0.1181929409503936
1985-05-14,0.1192206293344497
1985-05-15,0.1192206293344497
1985-05-16,0.1197342723608017
1985-05-17,0.1207619756460189
1985-05-20,0.1197342723608017
1985-05-21,0.1202484518289566
1985-05-22,0.1202484518289566
1985-05-23,0.124359130859375
1985-05-24,0.1274426132440567
1985-05-28,0.1346370577812194
1985-05-29,0.1397756040096283
1985-05-30,0.1387478709220886
1985-05-31,0.1397756040096283
1985-06-03,0.1397756040096283
1985-06-04,0.1428592354059219
1985-06-05,0.1531366109848022
1985-06-06,0.1541643142700195
1985-06-07,0.1613587290048599
1985-06-10,0.1654699444770813
1985-06-11,0.1664977371692657
1985-06-12,0.1634144484996795
1985-06-13,0.1582756787538528
1985-06-14,0.136692464351654
1985-06-17,0.1336093693971634
1985-06-18,0.1469699442386627
1985-06-19,0.1562201380729675
1985-06-20,0.1603310406208038
1985-06-21,0.1598172932863235
1985-06-24,0.1562201380729675
1985-06-25,0.1541643142700195
1985-06-26,0.1438868194818496
1985-06-27,0.1459422707557678
1985-06-28,0.1464563608169555
1985-07-01,0.1469699442386627
1985-07-02,0.1418314725160598
1985-07-03,0.1438868194818496
1985-07-05,0.1336093693971634
1985-07-08,0.1397756040096283
1985-07-09,0.1387478709220886
1985-07-10,0.1377202123403549
1985-07-11,0.1418314725160598
1985-07-12,0.1479981690645218
1985-07-15,0.1500535160303115
1985-07-16,0.1449144929647445
1985-07-17,0.1490258127450943
1985-07-18,0.1562201380729675
1985-07-19,0.1551924347877502
1985-07-22,0.1582756787538528
1985-07-23,0.1593033075332641
1985-07-24,0.1572479009628296
1985-07-25,0.1551924347877502
1985-07-26,0.1582756787538528
1985-07-29,0.1500535160303115
1985-07-30,0.1449144929647445
1985-07-31,0.1459422707557678
1985-08-01,0.1479981690645218
1985-08-02,0.1469699442386627
1985-08-05,0.1469699442386627
1985-08-06,0.1469699442386627
1985-08-07,0.1459422707557678
1985-08-08,0.1397756040096283
1985-08-09,0.1408037841320037
1985-08-12,0.1408037841320037
1985-08-13,0.1346370577812194
1985-08-14,0.1387478709220886
1985-08-15,0.1438868194818496
1985-08-16,0.1438868194818496
1985-08-19,0.1428592354059219
1985-08-20,0.1438868194818496
1985-08-21,0.1459422707557678
1985-08-22,0.1449144929647445
1985-08-23,0.1469699442386627
1985-08-26,0.1469699442386627
1985-08-27,0.1449144929647445
1985-08-28,0.1469699442386627
1985-08-29,0.1510812044143676
1985-08-30,0.1521088778972625
1985-09-03,0.1479981690645218
1985-09-04,0.1510812044143676
1985-09-05,0.1551924347877502
1985-09-06,0.1562201380729675
1985-09-09,0.1562201380729675
1985-09-10,0.1531366109848022
1985-09-11,0.1521088778972625
1985-09-12,0.1531366109848022
1985-09-13,0.1479981690645218
1985-09-16,0.1459422707557678
1985-09-17,0.1438868194818496
1985-09-18,0.1418314725160598
1985-09-19,0.1397756040096283
1985-09-20,0.1397756040096283
1985-09-23,0.1356647908687591
1985-09-24,0.1336093693971634
1985-09-25,0.1397756040096283
1985-09-26,0.1397756040096283
1985-09-30,0.1397756040096283
1985-10-01,0.1397756040096283
1985-10-02,0.136692464351654
1985-10-03,0.1408037841320037
1985-10-04,0.136692464351654
1985-10-07,0.1408037841320037
1985-10-08,0.1356647908687591
1985-10-09,0.1377202123403549
1985-10-10,0.136692464351654
1985-10-11,0.1377202123403549
1985-10-14,0.1397756040096283
1985-10-15,0.1459422707557678
1985-10-16,0.1500535160303115
1985-10-17,0.1582756787538528
1985-10-18,0.1541643142700195
1985-10-21,0.1562201380729675
1985-10-22,0.1562201380729675
1985-10-23,0.1582756787538528
1985-10-24,0.1562201380729675
1985-10-25,0.1603310406208038
1985-10-28,0.169580727815628
1985-10-29,0.180886372923851
1985-10-30,0.1767751276493072
1985-10-31,0.1829417496919632
1985-11-01,0.183969497680664
1985-11-04,0.1849972307682037
1985-11-05,0.1932195723056793
1985-11-06,0.2014417797327041
1985-11-07,0.1993859708309173
1985-11-08,0.1978445798158645
1985-11-11,0.1973305791616439
1985-11-12,0.1973305791616439
1985-11-13,0.1993859708309173
1985-11-14,0.1993859708309173
1985-11-15,0.1998999863862991
1985-11-18,0.2076079398393631
1985-11-19,0.2240525335073471
1985-11-20,0.2137747853994369
1985-11-21,0.2199413627386093
1985-11-22,0.2209690809249878
1985-11-25,0.2250802963972091
1985-11-26,0.2240525335073471
1985-11-27,0.2219966351985931
1985-11-29,0.2322746813297271
1985-12-02,0.2322746813297271
1985-12-03,0.2425521910190582
1985-12-04,0.2528296709060669
1985-12-05,0.2518018782138824
1985-12-06,0.2435796707868576
1985-12-09,0.2363854348659515
1985-12-10,0.2425521910190582
1985-12-11,0.2209690809249878
1985-12-12,0.2343300282955169
1985-12-13,0.2528296709060669
1985-12-16,0.2528296709060669
1985-12-17,0.2507742047309875
1985-12-18,0.2528296709060669
1985-12-19,0.2487187683582306
1985-12-20,0.247691199183464
1985-12-23,0.2404969036579132
1985-12-24,0.2404969036579132
1985-12-26,0.243830069899559
1985-12-27,0.253089427947998
1985-12-30,0.2510318160057068
1985-12-31,0.2572048306465149
1986-01-02,0.2572048306465149
1986-01-03,0.2551472783088684
1986-01-06,0.2572048306465149
1986-01-07,0.2572048306465149
1986-01-08,0.2592622637748718
1986-01-09,0.2551472783088684
1986-01-10,0.2510318160057068
1986-01-13,0.2515463829040527
1986-01-14,0.2500031888484955
1986-01-15,0.2489742636680603
1986-01-16,0.2469168901443481
1986-01-17,0.2500031888484955
1986-01-20,0.2551472783088684
1986-01-21,0.2726370394229889
1986-01-22,0.2736659944057464
1986-01-23,0.2685214579105377
1986-01-24,0.2880691885948181
1986-01-27,0.3107032775878906
1986-01-28,0.3374527990818023
1986-01-29,0.3497985899448395
1986-01-30,0.3559713363647461
1986-01-31,0.3703750371932983
1986-02-03,0.4053547978401184
1986-02-04,0.3950664401054382
1986-02-05,0.3909514546394348
1986-02-06,0.4032971262931824
1986-02-07,0.3991820514202118
1986-02-10,0.3888936042785644
1986-02-11,0.4115274548530578
1986-02-12,0.4115274548530578
1986-02-13,0.4032971262931824
1986-02-14,0.3868361413478851
1986-02-18,0.3888936042785644
1986-02-19,0.3786053955554962
1986-02-20,0.3909514546394348
1986-02-21,0.4094699919223785
1986-02-24,0.4115274548530578
1986-02-25,0.4115274548530578
1986-02-26,0.4156427979469299
1986-02-27,0.4115274548530578
1986-02-28,0.4053547978401184
1986-03-03,0.3909514546394348
1986-03-04,0.3847784698009491
1986-03-05,0.3786053955554962
1986-03-06,0.3683176040649414
1986-03-07,0.3497985899448395
1986-03-10,0.3518559038639068
1986-03-11,0.3212170898914337
1986-03-12,0.3397489786148071
1986-03-13,0.3418080806732178
1986-03-14,0.3665168881416321
1986-03-17,0.3644578158855438
1986-03-18,0.3582806587219238
1986-03-19,0.3479853868484497
1986-03-20,0.3479853868484497
1986-03-21,0.3459265530109405
1986-03-24,0.3510737419128418
1986-03-25,0.3479853868484497
1986-03-26,0.3521031141281128
1986-03-27,0.3541624844074249
1986-03-31,0.3726940751075744
1986-04-01,0.3665168881416321
1986-04-02,0.3665168881416321
1986-04-03,0.3685763478279114
1986-04-04,0.3665168881416321
1986-04-07,0.3623989820480346
1986-04-08,0.3623989820480346
1986-04-09,0.3603399395942688
1986-04-10,0.3582806587219238
1986-04-11,0.3521031141281128
1986-04-14,0.3603399395942688
1986-04-15,0.3582806587219238
1986-04-16,0.3706352710723877
1986-04-17,0.3953441679477691
1986-04-18,0.424171507358551
1986-04-21,0.4365262985229492
1986-04-22,0.4447623789310455
1986-04-23,0.4437329471111297
1986-04-24,0.424171507358551
1986-04-25,0.3994625210762024
1986-04-28,0.3850488662719726
1986-04-29,0.3685763478279114
1986-04-30,0.3418080806732178
1986-05-01,0.3459265530109405
1986-05-02,0.3170991837978363
1986-05-05,0.3263648748397827
1986-05-06,0.3109216690063476
1986-05-07,0.3047443330287933
1986-05-08,0.3129806816577911
1986-05-09,0.3047443330287933
1986-05-12,0.3006265759468078
1986-05-13,0.2759169936180115
1986-05-14,0.2923901975154876
1986-05-15,0.2985669374465942
1986-05-16,0.2841534316539764
1986-05-19,0.2923901975154876
1986-05-20,0.3109216690063476
1986-05-21,0.315040111541748
1986-05-22,0.3191582262516022
1986-05-23,0.3212170898914337
1986-05-27,0.3438667953014374
1986-05-28,0.3582806587219238
1986-05-29,0.3541624844074249
1986-05-30,0.3541624844074249
1986-06-02,0.3500443696975708
1986-06-03,0.3397489786148071
1986-06-04,0.3479853868484497
1986-06-05,0.3623989820480346
1986-06-06,0.3562214970588684
1986-06-09,0.3418080806732178
1986-06-10,0.3459265530109405
1986-06-11,0.3479853868484497
1986-06-12,0.3582806587219238
1986-06-13,0.3706352710723877
1986-06-16,0.3747530579566955
1986-06-17,0.3665168881416321
1986-06-18,0.3644578158855438
1986-06-19,0.3603399395942688
1986-06-20,0.3747530579566955
1986-06-23,0.3685763478279114
1986-06-24,0.3690710365772247
1986-06-25,0.3711325228214264
1986-06-26,0.3752562701702118
1986-06-27,0.3773183524608612
1986-06-30,0.4041222929954529
1986-07-01,0.3979365229606628
1986-07-02,0.3979365229606628
1986-07-03,0.4020604789257049
1986-07-07,0.3876274228096008
1986-07-08,0.3670088350772857
1986-07-09,0.354638010263443
1986-07-10,0.3608236312866211
1986-07-11,0.3670088350772857
1986-07-14,0.3587614297866821
1986-07-15,0.3525758385658264
1986-07-16,0.3505141735076904
1986-07-17,0.3670088350772857
1986-07-18,0.3670088350772857
1986-07-21,0.3690710365772247
1986-07-22,0.3752562701702118
1986-07-23,0.3814418017864227
1986-07-24,0.3628855645656585
1986-07-25,0.3587614297866821
1986-07-28,0.3463907241821289
1986-07-29,0.3402050137519836
1986-07-30,0.334019660949707
1986-07-31,0.354638010263443
1986-08-01,0.3505141735076904
1986-08-04,0.3443284034729004
1986-08-05,0.3505141735076904
1986-08-06,0.3463907241821289
1986-08-07,0.3422667980194092
1986-08-08,0.33814337849617
1986-08-11,0.3402050137519836
1986-08-12,0.3494832217693329
1986-08-13,0.3690710365772247
1986-08-14,0.3711325228214264
1986-08-15,0.3711325228214264
1986-08-18,0.3628855645656585
1986-08-19,0.3649471402168274
1986-08-20,0.3752562701702118
1986-08-21,0.3814418017864227
1986-08-22,0.3731944859027862
1986-08-25,0.3814418017864227
1986-08-26,0.3917511999607086
1986-08-27,0.3855658173561096
1986-08-28,0.384535014629364
1986-08-29,0.3876274228096008
1986-09-02,0.3835040330886841
1986-09-03,0.3814418017864227
1986-09-04,0.3814418017864227
1986-09-05,0.3814418017864227
1986-09-08,0.3773183524608612
1986-09-09,0.3711325228214264
1986-09-10,0.3628855645656585
1986-09-11,0.3443284034729004
1986-09-12,0.3329886198043823
1986-09-15,0.3278338611125946
1986-09-16,0.3134008049964905
1986-09-17,0.3216483294963836
1986-09-18,0.3175245821475982
1986-09-19,0.3175245821475982
1986-09-22,0.3257722854614258
1986-09-23,0.3257722854614258
1986-09-24,0.3216483294963836
1986-09-25,0.3195864558219909
1986-09-26,0.3175245821475982
1986-09-29,0.3175245821475982
1986-09-30,0.334019660949707
1986-10-01,0.3463907241821289
1986-10-02,0.3608236312866211
1986-10-03,0.3587614297866821
1986-10-06,0.3530626595020294
1986-10-07,0.3613220155239105
1986-10-08,0.3613220155239105
1986-10-09,0.3633867502212524
1986-10-10,0.3695807456970215
1986-10-13,0.3675157129764557
1986-10-14,0.3716452419757843
1986-10-15,0.3757743537425995
1986-10-16,0.3778393566608429
1986-10-17,0.3799039125442505
1986-10-20,0.3675157129764557
1986-10-21,0.3675157129764557
1986-10-22,0.3675157129764557
1986-10-23,0.3799039125442505
1986-10-24,0.3799039125442505
1986-10-27,0.3964214324951172
1986-10-28,0.4211976230144501
1986-10-29,0.4242950081825256
1986-10-30,0.4335859715938568
1986-10-31,0.4304893612861633
1986-11-03,0.4335859715938568
1986-11-04,0.4335859715938568
1986-11-05,0.4335859715938568
1986-11-06,0.4335859715938568
1986-11-07,0.4119065701961517
1986-11-10,0.3995186686515808
1986-11-11,0.3995186686515808
1986-11-12,0.3964214324951172
1986-11-13,0.3964214324951172
1986-11-14,0.3995186686515808
1986-11-17,0.3995186686515808
1986-11-18,0.3995186686515808
1986-11-19,0.3933246731758117
1986-11-20,0.4119065701961517
1986-11-21,0.4181008636951446
1986-11-24,0.4181008636951446
1986-11-25,0.4211976230144501
1986-11-26,0.4150038957595825
1986-11-28,0.4150038957595825
1986-12-01,0.4150038957595825
1986-12-02,0.4150038957595825
1986-12-03,0.4304893612861633
1986-12-04,0.4428771734237671
1986-12-05,0.4351347088813782
1986-12-08,0.4289407730102539
1986-12-09,0.4227463603019714
1986-12-10,0.4335859715938568
1986-12-11,0.4227463603019714
1986-12-12,0.4181008636951446
1986-12-15,0.4026155769824981
1986-12-16,0.4026155769824981
1986-12-17,0.397970050573349
1986-12-18,0.3948728740215301
1986-12-19,0.3933246731758117
1986-12-22,0.4072613716125488
1986-12-23,0.397970050573349
1986-12-24,0.4134552180767059
1986-12-26,0.4227463603019714
1986-12-29,0.4088098704814911
1986-12-30,0.4057126343250274
1986-12-31,0.4103579819202423
1987-01-02,0.4134552180767059
1987-01-05,0.4397802650928497
1987-01-06,0.4490713477134704
1987-01-07,0.4645563960075378
1987-01-08,0.4846873581409454
1987-01-09,0.4815903604030609
1987-01-12,0.4815903604030609
1987-01-13,0.4769446849822998
1987-01-14,0.4784931242465973
1987-01-15,0.4939781129360199
1987-01-16,0.4877846240997314
1987-01-19,0.511012077331543
1987-01-20,0.5357885360717773
1987-01-21,0.5295945405960083
1987-01-22,0.5280457139015198
1987-01-23,0.5326915979385376
1987-01-26,0.5234004259109497
1987-01-27,0.5636616945266724
1987-01-28,0.6286998391151428
1987-01-29,0.6178606748580933
1987-01-30,0.6147633790969849
1987-02-02,0.6209571361541748
1987-02-03,0.6163116097450256
1987-02-04,0.6457335352897644
1987-02-05,0.6348941326141357
1987-02-06,0.6472820043563843
1987-02-09,0.6348941326141357
1987-02-10,0.6023755073547363
1987-02-11,0.6054721474647522
1987-02-12,0.603923499584198
1987-02-13,0.6194086074829102
1987-02-17,0.6302482485771179
1987-02-18,0.6256027221679688
1987-02-19,0.6101174354553223
1987-02-20,0.6054721474647522
1987-02-23,0.5899869203567505
1987-02-24,0.5775985717773438
1987-02-25,0.6163116097450256
1987-02-26,0.6194086074829102
1987-02-27,0.6163116097450256
1987-03-02,0.6070208549499512
1987-03-03,0.5977292060852051
1987-03-04,0.6023755073547363
1987-03-05,0.5884381532669067
1987-03-06,0.5698562264442444
1987-03-09,0.5543708801269531
1987-03-10,0.5357885360717773
1987-03-11,0.5450799465179443
1987-03-12,0.5450799465179443
1987-03-13,0.5915355682373047
1987-03-16,0.6023755073547363
1987-03-17,0.6194086074829102
1987-03-18,0.6070208549499512
1987-03-19,0.6070208549499512
1987-03-20,0.6054721474647522
1987-03-23,0.6070208549499512
1987-03-24,0.6023755073547363
1987-03-25,0.6023755073547363
1987-03-26,0.6178606748580933
1987-03-27,0.6256027221679688
1987-03-30,0.6163116097450256
1987-03-31,0.6178606748580933
1987-04-01,0.6023755073547363
1987-04-02,0.6070208549499512
1987-04-03,0.6054721474647522
1987-04-06,0.5977292060852051
1987-04-07,0.5884381532669067
1987-04-08,0.5775985717773438
1987-04-09,0.5667594075202942
1987-04-10,0.4351347088813782
1987-04-13,0.5295945405960083
1987-04-14,0.4893327057361603
1987-04-15,0.4877846240997314
1987-04-16,0.4676536917686462
1987-04-20,0.445974588394165
1987-04-21,0.4583622813224792
1987-04-22,0.4738475084304809
1987-04-23,0.4304893612861633
1987-04-24,0.4088098704814911
1987-04-27,0.4181008636951446
1987-04-28,0.4227463603019714
1987-04-29,0.4119065701961517
1987-04-30,0.4304893612861633
1987-05-01,0.4335859715938568
1987-05-04,0.4119065701961517
1987-05-05,0.4211976230144501
1987-05-06,0.432037353515625
1987-05-07,0.4181008636951446
1987-05-08,0.4134552180767059
1987-05-11,0.3871305286884308
1987-05-12,0.3685479462146759
1987-05-13,0.3669997453689575
1987-05-14,0.3747422695159912
1987-05-15,0.3484172821044922
1987-05-18,0.3422234952449798
1987-05-19,0.3422234952449798
1987-05-20,0.3623543381690979
1987-05-21,0.3546114563941955
1987-05-22,0.3406747579574585
1987-05-26,0.3639025092124939
1987-05-27,0.3700967133045196
1987-05-28,0.3809362053871155
1987-05-29,0.3902273178100586
1987-06-01,0.3793875277042389
1987-06-02,0.3700967133045196
1987-06-03,0.3747422695159912
1987-06-04,0.3762905895709991
1987-06-05,0.3685479462146759
1987-06-08,0.3654510080814361
1987-06-09,0.3577086627483368
1987-06-10,0.3561601340770721
1987-06-11,0.3948728740215301
1987-06-12,0.4150038957595825
1987-06-15,0.4072613716125488
1987-06-16,0.4041644334793091
1987-06-17,0.4103579819202423
1987-06-18,0.4041644334793091
1987-06-19,0.3995186686515808
1987-06-22,0.3917762041091919
1987-06-23,0.3902273178100586
1987-06-24,0.3731939792633056
1987-06-25,0.3716452419757843
1987-06-26,0.3654510080814361
1987-06-29,0.3608056604862213
1987-06-30,0.3468689620494842
1987-07-01,0.3422234952449798
1987-07-02,0.3499658107757568
1987-07-06,0.3391262888908386
1987-07-07,0.3437718749046325
1987-07-08,0.3437718749046325
1987-07-09,0.334480732679367
1987-07-10,0.334480732679367
1987-07-13,0.3406747579574585
1987-07-14,0.3406747579574585
1987-07-15,0.3387389183044433
1987-07-16,0.3406747579574585
1987-07-17,0.3406747579574585
1987-07-20,0.3387389183044433
1987-07-21,0.3290605843067169
1987-07-22,0.3135756850242615
1987-07-23,0.3116398155689239
1987-07-24,0.3368037045001983
1987-07-27,0.3387389183044433
1987-07-28,0.3697093725204468
1987-07-29,0.3755165934562683
1987-07-30,0.3735811710357666
1987-07-31,0.3735811710357666
1987-08-03,0.3755165934562683
1987-08-04,0.3735811710357666
1987-08-05,0.3755165934562683
1987-08-06,0.3697093725204468
1987-08-07,0.367773950099945
1987-08-10,0.3716452419757843
1987-08-11,0.3793875277042389
1987-08-12,0.4026155769824981
1987-08-13,0.4026155769824981
1987-08-14,0.4084226787090301
1987-08-17,0.4219722151756286
1987-08-18,0.4142297804355621
1987-08-19,0.4142297804355621
1987-08-20,0.4084226787090301
1987-08-21,0.3948728740215301
1987-08-24,0.3910015225410461
1987-08-25,0.3968086242675781
1987-08-26,0.3890662789344787
1987-08-27,0.3890662789344787
1987-08-28,0.3910015225410461
1987-08-31,0.3987441658973694
1987-09-01,0.3871305286884308
1987-09-02,0.3561601340770721
1987-09-03,0.3329318761825561
1987-09-04,0.3484172821044922
1987-09-08,0.3445461690425873
1987-09-09,0.3406747579574585
1987-09-10,0.3445461690425873
1987-09-11,0.34648197889328
1987-09-14,0.3484172821044922
1987-09-15,0.3522889316082001
1987-09-16,0.3387389183044433
1987-09-17,0.3445461690425873
1987-09-18,0.3426104784011841
1987-09-21,0.3406747579574585
1987-09-22,0.3503530919551849
1987-09-23,0.3561601340770721
1987-09-24,0.3445461690425873
1987-09-25,0.3406747579574585
1987-09-28,0.3445461690425873
1987-09-29,0.3426104784011841
1987-09-30,0.3368037045001983
1987-10-01,0.3348678648471832
1987-10-02,0.3309967517852783
1987-10-05,0.3329318761825561
1987-10-06,0.3193825781345367
1987-10-07,0.3290605843067169
1987-10-08,0.3368037045001983
1987-10-09,0.3348678648471832
1987-10-12,0.3368037045001983
1987-10-13,0.3561601340770721
1987-10-14,0.3580955266952514
1987-10-15,0.34648197889328
1987-10-16,0.3368037045001983
1987-10-19,0.2632489502429962
1987-10-20,0.2051792293787002
1987-10-21,0.2671201527118683
1987-10-22,0.2593770623207092
1987-10-23,0.2632489502429962
1987-10-26,0.2516347467899322
1987-10-27,0.2632489502429962
1987-10-28,0.2516347467899322
1987-10-29,0.2438920736312866
1987-10-30,0.2632489502429962
1987-11-02,0.2690559029579162
1987-11-03,0.2593770623207092
1987-11-04,0.2613131403923034
1987-11-05,0.2593770623207092
1987-11-06,0.2555060386657715
1987-11-09,0.2593770623207092
1987-11-10,0.2555060386657715
1987-11-11,0.2593770623207092
1987-11-12,0.2593770623207092
1987-11-13,0.2593770623207092
1987-11-16,0.257441908121109
1987-11-17,0.2555060386657715
1987-11-18,0.257441908121109
1987-11-19,0.2555060386657715
1987-11-20,0.2555060386657715
1987-11-23,0.2690559029579162
1987-11-24,0.2671201527118683
1987-11-25,0.2593770623207092
1987-11-27,0.2632489502429962
1987-11-30,0.2632489502429962
1987-12-01,0.2651841044425964
1987-12-02,0.2632489502429962
1987-12-03,0.257441908121109
1987-12-04,0.257441908121109
1987-12-07,0.2555060386657715
1987-12-08,0.257441908121109
1987-12-09,0.2632489502429962
1987-12-10,0.2632489502429962
1987-12-11,0.2613131403923034
1987-12-14,0.2671201527118683
1987-12-15,0.2690559029579162
1987-12-16,0.2748624384403229
1987-12-17,0.2767982184886932
1987-12-18,0.2980905771255493
1987-12-21,0.2942191958427429
1987-12-22,0.2903476059436798
1987-12-23,0.2922835350036621
1987-12-24,0.2863614559173584
1987-12-28,0.2746733129024505
1987-12-29,0.2649329900741577
1987-12-30,0.2649329900741577
1987-12-31,0.276620864868164
1988-01-04,0.2961015105247497
1988-01-05,0.3155817687511444
1988-01-06,0.3155817687511444
1988-01-07,0.3175301551818847
1988-01-08,0.3097374737262726
1988-01-11,0.3038934767246246
1988-01-12,0.299997478723526
1988-01-13,0.3038934767246246
1988-01-14,0.3116859495639801
1988-01-15,0.3233739733695984
1988-01-18,0.3175301551818847
1988-01-19,0.319477766752243
1988-01-20,0.3116859495639801
1988-01-21,0.3077894449234009
1988-01-22,0.3116859495639801
1988-01-25,0.3077894449234009
1988-01-26,0.3019458949565887
1988-01-27,0.3038934767246246
1988-01-28,0.3116859495639801
1988-01-29,0.338958203792572
1988-02-01,0.3116859495639801
1988-02-02,0.319477766752243
1988-02-03,0.3155817687511444
1988-02-04,0.3097374737262726
1988-02-05,0.3175301551818847
1988-02-08,0.3077894449234009
1988-02-09,0.3116859495639801
1988-02-10,0.3155817687511444
1988-02-11,0.3116859495639801
1988-02-12,0.3077894449234009
1988-02-16,0.3155817687511444
1988-02-17,0.3253220021724701
1988-02-18,0.335062026977539
1988-02-19,0.3409061431884765
1988-02-22,0.3467503488063812
1988-02-23,0.3448022603988647
1988-02-24,0.3428545296192169
1988-02-25,0.338958203792572
1988-02-26,0.338958203792572
1988-02-29,0.3409061431884765
1988-03-01,0.3467503488063812
1988-03-02,0.3409061431884765
1988-03-03,0.3370102941989898
1988-03-04,0.3272701501846313
1988-03-07,0.3214260339736938
1988-03-08,0.3214260339736938
1988-03-09,0.3214260339736938
1988-03-10,0.3136335015296936
1988-03-11,0.3038934767246246
1988-03-14,0.3058417439460754
1988-03-15,0.3038934767246246
1988-03-16,0.3058417439460754
1988-03-17,0.3116859495639801
1988-03-18,0.3038934767246246
1988-03-21,0.2980493903160095
1988-03-22,0.2980493903160095
1988-03-23,0.2941535413265228
1988-03-24,0.2922050952911377
1988-03-25,0.2878970205783844
1988-03-28,0.2859383523464203
1988-03-29,0.2839798927307129
1988-03-30,0.2781042754650116
1988-03-31,0.2761462032794952
1988-04-04,0.2761462032794952
1988-04-05,0.2820214629173279
1988-04-06,0.295730859041214
1988-04-07,0.297689288854599
1988-04-08,0.3016061782836914
1988-04-11,0.295730859041214
1988-04-12,0.295730859041214
1988-04-13,0.299647718667984
1988-04-14,0.2937719821929931
1988-04-15,0.2937719821929931
1988-04-18,0.2937719821929931
1988-04-19,0.3016061782836914
1988-04-20,0.297689288854599
1988-04-21,0.295730859041214
1988-04-22,0.295730859041214
1988-04-25,0.299647718667984
1988-04-26,0.2937719821929931
1988-04-27,0.2820214629173279
1988-04-28,0.2781042754650116
1988-04-29,0.2859383523464203
1988-05-02,0.2820214629173279
1988-05-03,0.2859383523464203
1988-05-04,0.2800628840923309
1988-05-05,0.2820214629173279
1988-05-06,0.2800628840923309
1988-05-09,0.2820214629173279
1988-05-10,0.2781042754650116
1988-05-11,0.2781042754650116
1988-05-12,0.2781042754650116
1988-05-13,0.2781042754650116
1988-05-16,0.2781042754650116
1988-05-17,0.2800628840923309
1988-05-18,0.2781042754650116
1988-05-19,0.2781042754650116
1988-05-20,0.2761462032794952
1988-05-23,0.2761462032794952
1988-05-24,0.2781042754650116
1988-05-25,0.2800628840923309
1988-05-26,0.2761462032794952
1988-05-27,0.2702705562114715
1988-05-31,0.2781042754650116
1988-06-01,0.2820214629173279
1988-06-02,0.2761462032794952
1988-06-03,0.2800628840923309
1988-06-06,0.2820214629173279
1988-06-07,0.2839798927307129
1988-06-08,0.2859383523464203
1988-06-09,0.3016061782836914
1988-06-10,0.3016061782836914
1988-06-13,0.3016061782836914
1988-06-14,0.309439867734909
1988-06-15,0.3211911022663116
1988-06-16,0.3172742128372192
1988-06-17,0.313357412815094
1988-06-20,0.3113985657691955
1988-06-21,0.3074818551540375
1988-06-22,0.3192328512668609
1988-06-23,0.3309832513332367
1988-06-24,0.3345254063606262
1988-06-27,0.3246868252754211
1988-06-28,0.3246868252754211
1988-06-29,0.3227187395095825
1988-06-30,0.3266544640064239
1988-07-01,0.330590158700943
1988-07-05,0.3345254063606262
1988-07-06,0.3364934921264648
1988-07-07,0.3286223113536834
1988-07-08,0.3148477673530578
1988-07-11,0.3168152272701263
1988-07-12,0.3168152272701263
1988-07-13,0.3168152272701263
1988-07-14,0.320751279592514
1988-07-15,0.3227187395095825
1988-07-18,0.3168152272701263
1988-07-19,0.3128796815872192
1988-07-20,0.3168152272701263
1988-07-21,0.3187832534313202
1988-07-22,0.3148477673530578
1988-07-25,0.3148477673530578
1988-07-26,0.3148477673530578
1988-07-27,0.3148477673530578
1988-07-28,0.3187832534313202
1988-07-29,0.3187832534313202
1988-08-01,0.3187832534313202
1988-08-02,0.3227187395095825
1988-08-03,0.3345254063606262
1988-08-04,0.3364934921264648
1988-08-05,0.3404290378093719
1988-08-08,0.3423968553543091
1988-08-09,0.3364934921264648
1988-08-10,0.3345254063606262
1988-08-11,0.3266544640064239
1988-08-12,0.3266544640064239
1988-08-15,0.3266544640064239
1988-08-16,0.3227187395095825
1988-08-17,0.3227187395095825
1988-08-18,0.3266544640064239
1988-08-19,0.3246868252754211
1988-08-22,0.3227187395095825
1988-08-23,0.3266544640064239
1988-08-24,0.3286223113536834
1988-08-25,0.3227187395095825
1988-08-26,0.3227187395095825
1988-08-29,0.3325576782226562
1988-08-30,0.3384610414505005
1988-08-31,0.350268006324768
1988-09-01,0.3443643450736999
1988-09-02,0.350268006324768
1988-09-06,0.348300039768219
1988-09-07,0.3463327884674072
1988-09-08,0.3542034029960632
1988-09-09,0.3620748519897461
1988-09-12,0.3699458837509155
1988-09-13,0.3699458837509155
1988-09-14,0.3463327884674072
1988-09-15,0.3404290378093719
1988-09-16,0.3423968553543091
1988-09-19,0.3364934921264648
1988-09-20,0.3364934921264648
1988-09-21,0.3325576782226562
1988-09-22,0.330590158700943
1988-09-23,0.3325576782226562
1988-09-26,0.3342188000679016
1988-09-27,0.3361966013908386
1988-09-28,0.3342188000679016
1988-09-29,0.3381744623184204
1988-09-30,0.3441071808338165
1988-10-03,0.340151697397232
1988-10-04,0.340151697397232
1988-10-05,0.3322417438030243
1988-10-06,0.3302636742591858
1988-10-07,0.342129647731781
1988-10-10,0.3480626046657562
1988-10-11,0.3480626046657562
1988-10-12,0.3381744623184204
1988-10-13,0.3342188000679016
1988-10-14,0.3322417438030243
1988-10-17,0.3342188000679016
1988-10-18,0.3322417438030243
1988-10-19,0.328286349773407
1988-10-20,0.3302636742591858
1988-10-21,0.3302636742591858
1988-10-24,0.328286349773407
1988-10-25,0.3322417438030243
1988-10-26,0.3302636742591858
1988-10-27,0.328286349773407
1988-10-28,0.3342188000679016
1988-10-31,0.342129647731781
1988-11-01,0.3441071808338165
1988-11-02,0.342129647731781
1988-11-03,0.340151697397232
1988-11-04,0.3381744623184204
1988-11-07,0.340151697397232
1988-11-08,0.3381744623184204
1988-11-09,0.3381744623184204
1988-11-10,0.3381744623184204
1988-11-11,0.3322417438030243
1988-11-14,0.3361966013908386
1988-11-15,0.3322417438030243
1988-11-16,0.3322417438030243
1988-11-17,0.3322417438030243
1988-11-18,0.3322417438030243
1988-11-21,0.328286349773407
1988-11-22,0.3302636742591858
1988-11-23,0.3302636742591858
1988-11-25,0.328286349773407
1988-11-28,0.3302636742591858
1988-11-29,0.3302636742591858
1988-11-30,0.342129647731781
1988-12-01,0.342129647731781
1988-12-02,0.3441071808338165
1988-12-05,0.3460846245288849
1988-12-06,0.3579506874084472
1988-12-07,0.3559728562831878
1988-12-08,0.3539955019950866
1988-12-09,0.352017730474472
1988-12-12,0.3539955019950866
1988-12-13,0.3539955019950866
1988-12-14,0.352017730474472
1988-12-15,0.3539955019950866
1988-12-16,0.352017730474472
1988-12-19,0.352017730474472
1988-12-20,0.3539955019950866
1988-12-21,0.352017730474472
1988-12-22,0.352017730474472
1988-12-23,0.3536072671413421
1988-12-27,0.3536072671413421
1988-12-28,0.3575799763202667
1988-12-29,0.3655263781547546
1988-12-30,0.3575799763202667
1989-01-03,0.3615536987781524
1989-01-04,0.3655263781547546
1989-01-05,0.3675127029418945
1989-01-06,0.3814190626144409
1989-01-09,0.3834058940410614
1989-01-10,0.3814190626144409
1989-01-11,0.3814190626144409
1989-01-12,0.3873787820339203
1989-01-13,0.3873787820339203
1989-01-16,0.3933383524417877
1989-01-17,0.3992980718612671
1989-01-18,0.4151907563209533
1989-01-19,0.4290961921215057
1989-01-20,0.4290961921215057
1989-01-23,0.435056060552597
1989-01-24,0.4310829937458038
1989-01-25,0.4290961921215057
1989-01-26,0.435056060552597
1989-01-27,0.4410158395767212
1989-01-30,0.4549215734004974
1989-01-31,0.4549215734004974
1989-02-01,0.4469753503799438
1989-02-02,0.450948566198349
1989-02-03,0.4449886977672577
1989-02-06,0.4410158395767212
1989-02-07,0.4430021941661834
1989-02-08,0.4449886977672577
1989-02-09,0.4430021941661834
1989-02-10,0.4330692887306213
1989-02-13,0.4231365025043487
1989-02-14,0.4271098673343658
1989-02-15,0.4211499094963074
1989-02-16,0.4290961921215057
1989-02-17,0.4310829937458038
1989-02-21,0.4330692887306213
1989-02-22,0.4310829937458038
1989-02-23,0.4290961921215057
1989-02-24,0.4191634654998779
1989-02-27,0.4191634654998779
1989-02-28,0.4211499094963074
1989-03-01,0.4231365025043487
1989-03-02,0.4251233339309692
1989-03-03,0.4290961921215057
1989-03-06,0.4310829937458038
1989-03-07,0.435056060552597
1989-03-08,0.4410158395767212
1989-03-09,0.4529350399971008
1989-03-10,0.4489619135856628
1989-03-13,0.4588946104049682
1989-03-14,0.4648540914058685
1989-03-15,0.486706405878067
1989-03-16,0.486706405878067
1989-03-17,0.4549215734004974
1989-03-20,0.450948566198349
1989-03-21,0.4569082856178283
1989-03-22,0.4569082856178283
1989-03-23,0.4668408632278442
1989-03-27,0.478565365076065
1989-03-28,0.4945178627967834
1989-03-29,0.4925242662429809
1989-03-30,0.4925242662429809
1989-03-31,0.4905297458171844
1989-04-03,0.4985060095787048
1989-04-04,0.5064818263053894
1989-04-05,0.5144577026367188
1989-04-06,0.5064818263053894
1989-04-07,0.5104696750640869
1989-04-10,0.5064818263053894
1989-04-11,0.5104696750640869
1989-04-12,0.5064818263053894
1989-04-13,0.5084763765335083
1989-04-14,0.5304098129272461
1989-04-17,0.550350546836853
1989-04-18,0.5423742532730103
1989-04-19,0.5184460878372192
1989-04-20,0.5164521336555481
1989-04-21,0.520439863204956
1989-04-24,0.5084763765335083
1989-04-25,0.5064818263053894
1989-04-26,0.5104696750640869
1989-04-27,0.5124642252922058
1989-04-28,0.520439863204956
1989-05-01,0.5164521336555481
1989-05-02,0.520439863204956
1989-05-03,0.520439863204956
1989-05-04,0.5244282484054565
1989-05-05,0.5284162759780884
1989-05-08,0.520439863204956
1989-05-09,0.520439863204956
1989-05-10,0.520439863204956
1989-05-11,0.520439863204956
1989-05-12,0.5244282484054565
1989-05-15,0.5284162759780884
1989-05-16,0.5184460878372192
1989-05-17,0.526421844959259
1989-05-18,0.520439863204956
1989-05-19,0.5244282484054565
1989-05-22,0.520439863204956
1989-05-23,0.5284162759780884
1989-05-24,0.5244282484054565
1989-05-25,0.520439863204956
1989-05-26,0.5244282484054565
1989-05-30,0.520439863204956
1989-05-31,0.520439863204956
1989-06-01,0.526421844959259
1989-06-02,0.5343981385231018
1989-06-05,0.5363920331001282
1989-06-06,0.562315046787262
1989-06-07,0.6101714372634888
1989-06-08,0.5882373452186584
1989-06-09,0.5722849369049072
1989-06-12,0.560320258140564
1989-06-13,0.5403804183006287
1989-06-14,0.5583264231681824
1989-06-15,0.550350546836853
1989-06-16,0.550350546836853
1989-06-19,0.5563328862190247
1989-06-20,0.5463623404502869
1989-06-21,0.5383862257003784
1989-06-22,0.526421844959259
1989-06-23,0.5403804183006287
1989-06-26,0.5541436672210693
1989-06-27,0.5541436672210693
1989-06-28,0.5561444759368896
1989-06-29,0.5341390371322632
1989-06-30,0.5401402711868286
1989-07-03,0.5401402711868286
1989-07-05,0.5381396412849426
1989-07-06,0.5281369090080261
1989-07-07,0.5241360664367676
1989-07-10,0.5281369090080261
1989-07-11,0.5301377773284912
1989-07-12,0.5361392498016357
1989-07-13,0.5381396412849426
1989-07-14,0.5441413521766663
1989-07-17,0.5561444759368896
1989-07-18,0.5601452589035034
1989-07-19,0.5721486210823059
1989-07-20,0.5841517448425293
1989-07-21,0.5901534557342529
1989-07-24,0.59815514087677
1989-07-25,0.6061578392982483
1989-07-26,0.6141596436500549
1989-07-27,0.6201609373092651
1989-07-28,0.6121593713760376
1989-07-31,0.6281632781028748
1989-08-01,0.626162588596344
1989-08-02,0.6321641206741333
1989-08-03,0.6501694321632385
1989-08-04,0.636165201663971
1989-08-07,0.6301631927490234
1989-08-08,0.6441673636436462
1989-08-09,0.6601717472076416
1989-08-10,0.6861783266067505
1989-08-11,0.6961803436279297
1989-08-14,0.6921795606613159
1989-08-15,0.6801761388778687
1989-08-16,0.6841772794723511
1989-08-17,0.688178539276123
1989-08-18,0.6861783266067505
1989-08-21,0.6841772794723511
1989-08-22,0.654170036315918
1989-08-23,0.6581709980964661
1989-08-24,0.6701736450195312
1989-08-25,0.6761756539344788
1989-08-28,0.6781758666038513
1989-08-29,0.6701736450195312
1989-08-30,0.6701736450195312
1989-08-31,0.6681733727455139
1989-09-01,0.6681733727455139
1989-09-05,0.6641719937324524
1989-09-06,0.6481683254241943
1989-09-07,0.654170036315918
1989-09-08,0.6561706066131592
1989-09-11,0.6521693468093872
1989-09-12,0.654170036315918
1989-09-13,0.646168053150177
1989-09-14,0.646168053150177
1989-09-15,0.6421669125556946
1989-09-18,0.6401658654212952
1989-09-19,0.6401658654212952
1989-09-20,0.6321641206741333
1989-09-21,0.6181610822677612
1989-09-22,0.6201609373092651
1989-09-25,0.6259386539459229
1989-09-26,0.6339637041091919
1989-09-27,0.6439948678016663
1989-09-28,0.6399821639060974
1989-09-29,0.6359698176383972
1989-10-02,0.6520202159881592
1989-10-03,0.6821126937866211
1989-10-04,0.700169026851654
1989-10-05,0.7061878442764282
1989-10-06,0.7122061252593994
1989-10-09,0.7202309370040894
1989-10-10,0.6961562037467957
1989-10-11,0.6921439170837402
1989-10-12,0.698162317276001
1989-10-13,0.6359698176383972
1989-10-16,0.6239331960678101
1989-10-17,0.6179139614105225
1989-10-18,0.6279451847076416
1989-10-19,0.6580387353897095
1989-10-20,0.656032145023346
1989-10-23,0.6520202159881592
1989-10-24,0.6319571733474731
1989-10-25,0.6259386539459229
1989-10-26,0.6159080862998962
1989-10-27,0.5938392281532288
1989-10-30,0.5958456993103027
1989-10-31,0.6078831553459167
1989-11-01,0.6279451847076416
1989-11-02,0.6319571733474731
1989-11-03,0.6419886946678162
1989-11-06,0.6419886946678162
1989-11-07,0.6700752973556519
1989-11-08,0.6801065802574158
1989-11-09,0.7021750211715698
1989-11-10,0.7061878442764282
1989-11-13,0.6821126937866211
1989-11-14,0.672081708908081
1989-11-15,0.6881316900253296
1989-11-16,0.6881316900253296
1989-11-17,0.6881316900253296
1989-11-20,0.6760942935943604
1989-11-21,0.6660627722740173
1989-11-22,0.6781004667282104
1989-11-24,0.6821126937866211
1989-11-27,0.6760942935943604
1989-11-28,0.6740884780883789
1989-11-29,0.6901379823684692
1989-11-30,0.6901379823684692
1989-12-01,0.6961562037467957
1989-12-04,0.6801065802574158
1989-12-05,0.66806960105896
1989-12-06,0.66806960105896
1989-12-07,0.6600444912910461
1989-12-08,0.6460011601448059
1989-12-11,0.6439948678016663
1989-12-12,0.6419886946678162
1989-12-13,0.6299514174461365
1989-12-14,0.6118957996368408
1989-12-15,0.6199208498001099
1989-12-18,0.6239331960678101
1989-12-19,0.6219265460968018
1989-12-20,0.6259386539459229
1989-12-21,0.6379762291908264
1989-12-22,0.644420325756073
1989-12-26,0.6464343070983887
1989-12-27,0.668586015701294
1989-12-28,0.6605315804481506
1989-12-29,0.6907385587692261
1990-01-02,0.7008070945739746
1990-01-03,0.7209458351135254
1990-01-04,0.7370560169219971
1990-01-05,0.7571942210197449
1990-01-08,0.7592077851295471
1990-01-09,0.7612217664718628
1990-01-10,0.7571942210197449
1990-01-11,0.7692771553993225
1990-01-12,0.749138593673706
1990-01-15,0.7370560169219971
1990-01-16,0.734035313129425
1990-01-17,0.734035313129425
1990-01-18,0.7310152053833008
1990-01-19,0.734035313129425
1990-01-22,0.7249734401702881
1990-01-23,0.7189315557479858
1990-01-24,0.6977860331535339
1990-01-25,0.7008070945739746
1990-01-26,0.6947662830352783
1990-01-29,0.6766418814659119
1990-01-30,0.6524758338928223
1990-01-31,0.6675793528556824
1990-02-01,0.6675793528556824
1990-02-02,0.6675793528556824
1990-02-05,0.6706002354621887
1990-02-06,0.6736211180686951
1990-02-07,0.6857042908668518
1990-02-08,0.6826827526092529
1990-02-09,0.7159109115600586
1990-02-12,0.7098694443702698
1990-02-13,0.7038284540176392
1990-02-14,0.7159109115600586
1990-02-15,0.7098694443702698
1990-02-16,0.6947662830352783
1990-02-20,0.6192478537559509
1990-02-21,0.6252895593643188
1990-02-22,0.6464343070983887
1990-02-23,0.6403927206993103
1990-02-26,0.6313309669494629
1990-02-27,0.6343512535095215
1990-02-28,0.6434139013290405
1990-03-01,0.6464343070983887
1990-03-02,0.6947662830352783
1990-03-05,0.6917455196380615
1990-03-06,0.7159109115600586
1990-03-07,0.7310152053833008
1990-03-08,0.7370560169219971
1990-03-09,0.7279937863349915
1990-03-12,0.7400766015052795
1990-03-13,0.7551801204681396
1990-03-14,0.7702839970588684
1990-03-15,0.7733048796653748
1990-03-16,0.7823668122291565
1990-03-19,0.7884083390235901
1990-03-20,0.7853877544403076
1990-03-21,0.7974703907966614
1990-03-22,0.7823668122291565
1990-03-23,0.7793464064598083
1990-03-26,0.7817708849906921
1990-03-27,0.7938909530639648
1990-03-28,0.7938909530639648
1990-03-29,0.7969211935997009
1990-03-30,0.790860652923584
1990-04-02,0.790860652923584
1990-04-03,0.8332822322845459
1990-04-04,0.8302524089813232
1990-04-05,0.8484327793121338
1990-04-06,0.8332822322845459
1990-04-09,0.8241921663284302
1990-04-10,0.8060111403465271
1990-04-11,0.8181315660476685
1990-04-12,0.8423730134963989
1990-04-16,0.8393427133560181
1990-04-17,0.8302524089813232
1990-04-18,0.8272217512130737
1990-04-19,0.8181315660476685
1990-04-20,0.7878310084342957
1990-04-23,0.7666195034980774
1990-04-24,0.757529616355896
1990-04-25,0.7302582859992981
1990-04-26,0.7302582859992981
1990-04-27,0.715108335018158
1990-04-30,0.699957013130188
1990-05-01,0.7029874920845032
1990-05-02,0.7029874920845032
1990-05-03,0.699957013130188
1990-05-04,0.7241982817649841
1990-05-07,0.7241982817649841
1990-05-08,0.7302582859992981
1990-05-09,0.76358962059021
1990-05-10,0.78480064868927
1990-05-11,0.8060111403465271
1990-05-14,0.7999510169029236
1990-05-15,0.8181315660476685
1990-05-16,0.8060111403465271
1990-05-17,0.7999510169029236
1990-05-18,0.790860652923584
1990-05-21,0.7726801037788391
1990-05-22,0.7817708849906921
1990-05-23,0.8060111403465271
1990-05-24,0.802981436252594
1990-05-25,0.790860652923584
1990-05-29,0.7999510169029236
1990-05-30,0.8181315660476685
1990-05-31,0.8423730134963989
1990-06-01,0.8454030752182007
1990-06-04,0.8635836243629456
1990-06-05,0.8514634966850281
1990-06-06,0.8393427133560181
1990-06-07,0.8181315660476685
1990-06-08,0.7999510169029236
1990-06-11,0.8181315660476685
1990-06-12,0.8363128304481506
1990-06-13,0.8363128304481506
1990-06-14,0.8363128304481506
1990-06-15,0.802981436252594
1990-06-18,0.7787407040596008
1990-06-19,0.7787407040596008
1990-06-20,0.7696496844291687
1990-06-21,0.7605597376823425
1990-06-22,0.76358962059021
1990-06-25,0.7726801037788391
1990-06-26,0.7751116156578064
1990-06-27,0.8146277666091919
1990-06-28,0.8207070231437683
1990-06-29,0.8237464427947998
1990-07-02,0.8176677823066711
1990-07-03,0.7872708439826965
1990-07-05,0.7811915278434753
1990-07-06,0.7872708439826965
1990-07-09,0.7963895797729492
1990-07-10,0.7781519293785095
1990-07-11,0.7903107404708862
1990-07-12,0.8085481524467468
1990-07-13,0.8024687170982361
1990-07-16,0.7963895797729492
1990-07-17,0.7903107404708862
1990-07-18,0.7690324187278748
1990-07-19,0.7659931778907776
1990-07-20,0.7933499813079834
1990-07-23,0.7690324187278748
1990-07-24,0.7811915278434753
1990-07-25,0.7963895797729492
1990-07-26,0.7963895797729492
1990-07-27,0.7963895797729492
1990-07-30,0.7903107404708862
1990-07-31,0.7903107404708862
1990-08-01,0.7872708439826965
1990-08-02,0.7781519293785095
1990-08-03,0.738636314868927
1990-08-06,0.6839223504066467
1990-08-07,0.6839223504066467
1990-08-08,0.7173587679862976
1990-08-09,0.741675853729248
1990-08-10,0.7173587679862976
1990-08-13,0.7295175790786743
1990-08-14,0.7325563430786133
1990-08-15,0.741675853729248
1990-08-16,0.741675853729248
1990-08-17,0.7295175790786743
1990-08-20,0.741675853729248
1990-08-21,0.6991206407546997
1990-08-22,0.6565654277801514
1990-08-23,0.6200899481773376
1990-08-24,0.6200899481773376
1990-08-27,0.662644624710083
1990-08-28,0.6565654277801514
1990-08-29,0.6656846404075623
1990-08-30,0.6474466919898987
1990-08-31,0.6444066762924194
1990-09-04,0.6383275985717773
1990-09-05,0.6413674354553223
1990-09-06,0.6504860520362854
1990-09-07,0.6596050262451172
1990-09-10,0.6596050262451172
1990-09-11,0.6565654277801514
1990-09-12,0.6596050262451172
1990-09-13,0.6383275985717773
1990-09-14,0.6322478652000427
1990-09-17,0.6444066762924194
1990-09-18,0.6504860520362854
1990-09-19,0.6717637181282043
1990-09-20,0.6687246561050415
1990-09-21,0.6596050262451172
1990-09-24,0.6437408328056335
1990-09-25,0.6620460748672485
1990-09-26,0.6528933644294739
1990-09-27,0.6467912793159485
1990-09-28,0.6559446454048157
1990-10-01,0.6803510189056396
1990-10-02,0.695605456829071
1990-10-03,0.695605456829071
1990-10-04,0.7017078399658203
1990-10-05,0.6925552487373352
1990-10-08,0.6895033121109009
1990-10-09,0.6437408328056335
1990-10-10,0.6223844885826111
1990-10-11,0.5949259996414185
1990-10-12,0.5918749570846558
1990-10-15,0.5674682259559631
1990-10-16,0.5613662004470825
1990-10-17,0.5674682259559631
1990-10-18,0.6040788888931274
1990-10-19,0.6376388072967529
1990-10-22,0.6254349946975708
1990-10-23,0.6132315397262573
1990-10-24,0.5888247489929199
1990-10-25,0.5827224254608154
1990-10-26,0.5827224254608154
1990-10-29,0.5796714425086975
1990-10-30,0.5827224254608154
1990-10-31,0.5918749570846558
1990-11-01,0.5979770421981812
1990-11-02,0.6040788888931274
1990-11-05,0.5827224254608154
1990-11-06,0.5735699534416199
1990-11-07,0.5827224254608154
1990-11-08,0.5796714425086975
1990-11-09,0.5796714425086975
1990-11-12,0.5918749570846558
1990-11-13,0.5918749570846558
1990-11-14,0.5949259996414185
1990-11-15,0.5857731699943542
1990-11-16,0.5674682259559631
1990-11-19,0.5583149194717407
1990-11-20,0.5735699534416199
1990-11-21,0.576620876789093
1990-11-23,0.5979770421981812
1990-11-26,0.5888247489929199
1990-11-27,0.601028323173523
1990-11-28,0.6101803183555603
1990-11-29,0.6101803183555603
1990-11-30,0.6254349946975708
1990-12-03,0.6773006916046143
1990-12-04,0.6711991429328918
1990-12-05,0.6834028363227844
1990-12-06,0.6925552487373352
1990-12-07,0.6834028363227844
1990-12-10,0.6864534616470337
1990-12-11,0.7017078399658203
1990-12-12,0.7169619202613831
1990-12-13,0.7444204092025757
1990-12-14,0.7413696646690369
1990-12-17,0.7291657328605652
1990-12-18,0.7352672815322876
1990-12-19,0.7261151671409607
1990-12-20,0.7261151671409607
1990-12-21,0.7261151671409607
1990-12-24,0.7228077054023743
1990-12-26,0.7289329171180725
1990-12-27,0.7197442650794983
1990-12-28,0.7258702516555786
1990-12-31,0.7411843538284302
1991-01-02,0.7442465424537659
1991-01-03,0.7411843538284302
1991-01-04,0.7381207346916199
1991-01-07,0.7350581884384155
1991-01-08,0.7473092079162598
1991-01-09,0.7411843538284302
1991-01-10,0.7381207346916199
1991-01-11,0.7381207346916199
1991-01-14,0.7258702516555786
1991-01-15,0.7258702516555786
1991-01-16,0.7258702516555786
1991-01-17,0.7626231908798218
1991-01-18,0.7687489986419678
1991-01-21,0.7626231908798218
1991-01-22,0.7289329171180725
1991-01-23,0.7289329171180725
1991-01-24,0.7473092079162598
1991-01-25,0.7564979791641235
1991-01-28,0.7779372334480286
1991-01-29,0.7718111276626587
1991-01-30,0.7871248126029968
1991-01-31,0.7993761897087097
1991-02-01,0.7993761897087097
1991-02-04,0.8422544598579407
1991-02-05,0.8300031423568726
1991-02-06,0.8330662250518799
1991-02-07,0.8300031423568726
1991-02-08,0.8208151459693909
1991-02-11,0.8269405364990234
1991-02-12,0.8330662250518799
1991-02-13,0.8391919732093811
1991-02-14,0.8545052409172058
1991-02-15,0.8545052409172058
1991-02-19,0.8636930584907532
1991-02-20,0.8545052409172058
1991-02-21,0.8391919732093811
1991-02-22,0.8300031423568726
1991-02-25,0.8453174233436584
1991-02-26,0.8453174233436584
1991-02-27,0.8483800888061523
1991-02-28,0.8483800888061523
1991-03-01,0.8422544598579407
1991-03-04,0.8514425158500671
1991-03-05,0.8483800888061523
1991-03-06,0.8514425158500671
1991-03-07,0.8514425158500671
1991-03-08,0.8514425158500671
1991-03-11,0.8422544598579407
1991-03-12,0.8422544598579407
1991-03-13,0.8453174233436584
1991-03-14,0.8514425158500671
1991-03-15,0.8453174233436584
1991-03-18,0.8453174233436584
1991-03-19,0.8361287713050842
1991-03-20,0.8177531361579895
1991-03-21,0.8330662250518799
1991-03-22,0.838966429233551
1991-03-25,0.8512595891952515
1991-03-26,0.8604782223701477
1991-03-27,0.8635514378547668
1991-03-28,0.8727710843086243
1991-04-01,0.8604782223701477
1991-04-02,0.8727710843086243
1991-04-03,0.9157950282096864
1991-04-04,0.937306821346283
1991-04-05,0.9096487164497375
1991-04-08,0.9004287719726562
1991-04-09,0.9434527158737184
1991-04-10,0.9250142574310304
1991-04-11,0.921941339969635
1991-04-12,0.937306821346283
1991-04-15,0.9465264678001404
1991-04-16,0.9495996832847596
1991-04-17,0.9803309440612792
1991-04-18,0.9864768385887146
1991-04-19,0.9526726603507996
1991-04-22,0.9311608672142028
1991-04-23,0.9096487164497375
1991-04-24,0.9035028219223022
1991-04-25,0.8912099003791809
1991-04-26,0.8819902539253235
1991-04-29,0.8850635886192322
1991-04-30,0.921941339969635
1991-05-01,0.9096487164497375
1991-05-02,0.9157950282096864
1991-05-03,0.921941339969635
1991-05-06,0.937306821346283
1991-05-07,0.9465264678001404
1991-05-08,0.940380036830902
1991-05-09,0.937306821346283
1991-05-10,0.93423330783844
1991-05-13,0.940380036830902
1991-05-14,0.9434527158737184
1991-05-15,0.9280876517295836
1991-05-16,0.921941339969635
1991-05-17,0.8942828178405762
1991-05-20,0.8850635886192322
1991-05-21,0.8850635886192322
1991-05-22,0.8881367444992065
1991-05-23,0.9004287719726562
1991-05-24,0.8973564505577087
1991-05-28,0.8881367444992065
1991-05-29,0.8850635886192322
1991-05-30,0.9188684225082396
1991-05-31,0.9311608672142028
1991-06-03,0.93423330783844
1991-06-04,0.9280876517295836
1991-06-05,0.9250142574310304
1991-06-06,0.9188684225082396
1991-06-07,0.9065753817558287
1991-06-10,0.9004287719726562
1991-06-11,0.8912099003791809
1991-06-12,0.8696984648704529
1991-06-13,0.8696984648704529
1991-06-14,0.8789169192314148
1991-06-17,0.8850635886192322
1991-06-18,0.8850635886192322
1991-06-19,0.8758442997932434
1991-06-20,0.8666243553161621
1991-06-21,0.8727710843086243
1991-06-24,0.857405424118042
1991-06-25,0.8324923515319824
1991-06-26,0.8386586308479309
1991-06-27,0.8479087352752686
1991-06-28,0.8694917559623718
1991-07-01,0.8818256258964539
1991-07-02,0.9095751643180848
1991-07-03,0.8972418308258057
1991-07-05,0.8910747766494751
1991-07-08,0.8787421584129333
1991-07-09,0.8941584825515747
1991-07-10,0.8972418308258057
1991-07-11,0.903408408164978
1991-07-12,0.9064915776252748
1991-07-15,0.903408408164978
1991-07-16,0.918824017047882
1991-07-17,0.903408408164978
1991-07-18,0.9064915776252748
1991-07-19,0.8972418308258057
1991-07-22,0.903408408164978
1991-07-23,0.900324821472168
1991-07-24,0.8849089741706848
1991-07-25,0.8972418308258057
1991-07-26,0.9249916672706604
1991-07-29,0.9219080805778505
1991-07-30,0.903408408164978
1991-07-31,0.9126582741737366
1991-08-01,0.9064915776252748
1991-08-02,0.9249916672706604
1991-08-05,0.931157886981964
1991-08-06,0.9527415037155152
1991-08-07,0.9589077234268188
1991-08-08,0.9589077234268188
1991-08-09,0.96507465839386
1991-08-12,0.955824613571167
1991-08-13,0.9589077234268188
1991-08-14,0.9619916081428528
1991-08-15,0.96507465839386
1991-08-16,0.955824613571167
1991-08-19,0.918824017047882
1991-08-20,0.9280751943588256
1991-08-21,0.9496585130691528
1991-08-22,0.9496585130691528
1991-08-23,0.9465740323066713
1991-08-26,0.9527415037155152
1991-08-27,0.9465740323066713
1991-08-28,0.955824613571167
1991-08-29,0.9496585130691528
1991-08-30,0.9527415037155152
1991-09-03,0.9496585130691528
1991-09-04,0.918824017047882
1991-09-05,0.9249916672706604
1991-09-06,0.9342412948608398
1991-09-09,0.931157886981964
1991-09-10,0.9157410860061646
1991-09-11,0.900324821472168
1991-09-12,0.903408408164978
1991-09-13,0.900324821472168
1991-09-16,0.900324821472168
1991-09-17,0.900324821472168
1991-09-18,0.8879914879798889
1991-09-19,0.8879914879798889
1991-09-20,0.8910747766494751
1991-09-23,0.8941584825515747
1991-09-24,0.881538987159729
1991-09-25,0.8691659569740295
1991-09-26,0.8722593188285828
1991-09-27,0.8908177614212036
1991-09-30,0.8970044255256653
1991-10-01,0.8970044255256653
1991-10-02,0.8877251148223877
1991-10-03,0.9217485189437866
1991-10-04,0.9155629277229308
1991-10-07,0.909376621246338
1991-10-08,0.906283438205719
1991-10-09,0.9031899571418762
1991-10-10,0.909376621246338
1991-10-11,0.918655276298523
1991-10-14,0.9526802897453308
1991-10-15,0.983611524105072
1991-10-16,0.999077320098877
1991-10-17,1.0083563327789309
1991-10-18,1.0269150733947754
1991-10-21,1.0052634477615356
1991-10-22,1.0052634477615356
1991-10-23,1.0207289457321167
1991-10-24,1.0269150733947754
1991-10-25,1.0207289457321167
1991-10-28,1.0331010818481443
1991-10-29,1.057845950126648
1991-10-30,1.1197081804275513
1991-10-31,1.1258947849273682
1991-11-01,1.1289887428283691
1991-11-04,1.1197081804275513
1991-11-05,1.0918707847595217
1991-11-06,1.1104294061660769
1991-11-07,1.150639533996582
1991-11-08,1.1970365047454834
1991-11-11,1.209409236907959
1991-11-12,1.209409236907959
1991-11-13,1.2279679775238037
1991-11-14,1.2496200799942017
1991-11-15,1.1877570152282717
1991-11-18,1.190849542617798
1991-11-19,1.1444536447525024
1991-11-20,1.1351747512817385
1991-11-21,1.150639533996582
1991-11-22,1.1228017807006836
1991-11-25,1.1104294061660769
1991-11-26,1.1073358058929443
1991-11-27,1.0980569124221802
1991-11-29,1.0825910568237305
1991-12-02,1.1011496782302856
1991-12-03,1.1228017807006836
1991-12-04,1.1444536447525024
1991-12-05,1.1444536447525024
1991-12-06,1.1382668018341064
1991-12-09,1.1258947849273682
1991-12-10,1.11352276802063
1991-12-11,1.0949631929397583
1991-12-12,1.0949631929397583
1991-12-13,1.1228017807006836
1991-12-16,1.1661055088043213
1991-12-17,1.1568259000778198
1991-12-18,1.1630127429962158
1991-12-19,1.1630127429962158
1991-12-20,1.190849542617798
1991-12-23,1.2032229900360107
1991-12-24,1.2653738260269165
1991-12-26,1.3460111618041992
1991-12-27,1.3398092985153198
1991-12-30,1.3646204471588137
1991-12-31,1.40183687210083
1992-01-02,1.3863295316696167
1992-01-03,1.4235471487045288
1992-01-06,1.4111409187316897
1992-01-07,1.4204450845718384
1992-01-08,1.4111409187316897
1992-01-09,1.404938578605652
1992-01-10,1.3584178686141968
1992-01-13,1.3708226680755615
1992-01-14,1.3522140979766846
1992-01-15,1.3832286596298218
1992-01-16,1.3925329446792605
1992-01-17,1.3832286596298218
1992-01-20,1.3398092985153198
1992-01-21,1.2963894605636597
1992-01-22,1.3243014812469482
1992-01-23,1.3243014812469482
1992-01-24,1.3398092985153198
1992-01-27,1.3429101705551147
1992-01-28,1.3460111618041992
1992-01-29,1.3522140979766846
1992-01-30,1.3646204471588137
1992-01-31,1.3615179061889648
1992-02-03,1.3553162813186646
1992-02-04,1.349112629890442
1992-02-05,1.3677213191986084
1992-02-06,1.377025842666626
1992-02-07,1.3584178686141968
1992-02-10,1.3522140979766846
1992-02-11,1.3429101705551147
1992-02-12,1.3460111618041992
1992-02-13,1.3522140979766846
1992-02-14,1.349112629890442
1992-02-18,1.3243014812469482
1992-02-19,1.2932881116867063
1992-02-20,1.2932881116867063
1992-02-21,1.2622734308242798
1992-02-24,1.240564465522766
1992-02-25,1.215752363204956
1992-02-26,1.2343614101409912
1992-02-27,1.2560713291168213
1992-02-28,1.2715779542922974
1992-03-02,1.2653738260269165
1992-03-03,1.2250572443008425
1992-03-04,1.1847381591796875
1992-03-05,1.166130781173706
1992-03-06,1.2095491886138916
1992-03-09,1.2126502990722656
1992-03-10,1.2219549417495728
1992-03-11,1.215752363204956
1992-03-12,1.2219549417495728
1992-03-13,1.2467654943466189
1992-03-16,1.2653738260269165
1992-03-17,1.2715779542922974
1992-03-18,1.2839834690093994
1992-03-19,1.2777812480926514
1992-03-20,1.2622734308242798
1992-03-23,1.2560713291168213
1992-03-24,1.2560713291168213
1992-03-25,1.2686314582824707
1992-03-26,1.2748514413833618
1992-03-27,1.277961015701294
1992-03-30,1.284179449081421
1992-03-31,1.2468667030334473
1992-04-01,1.2406474351882937
1992-04-02,1.237539291381836
1992-04-03,1.2437580823898315
1992-04-06,1.2593050003051758
1992-04-07,1.2251007556915283
1992-04-08,1.1815695762634275
1992-04-09,1.2282110452651978
1992-04-10,1.262413501739502
1992-04-13,1.2437580823898315
1992-04-14,1.249975323677063
1992-04-15,1.299726963043213
1992-04-16,1.237539291381836
1992-04-20,1.175350546836853
1992-04-21,1.1691330671310425
1992-04-22,1.1691330671310425
1992-04-23,1.162913203239441
1992-04-24,1.2064437866210938
1992-04-27,1.2064437866210938
1992-04-28,1.1691330671310425
1992-04-29,1.212662935256958
1992-04-30,1.262413501739502
1992-05-01,1.2437580823898315
1992-05-04,1.312164545059204
1992-05-05,1.330820083618164
1992-05-06,1.312164545059204
1992-05-07,1.299726963043213
1992-05-08,1.2935086488723757
1992-05-11,1.312164545059204
1992-05-12,1.2935086488723757
1992-05-13,1.2561957836151123
1992-05-14,1.2313189506530762
1992-05-15,1.2437580823898315
1992-05-18,1.237539291381836
1992-05-19,1.2188822031021118
1992-05-20,1.1940070390701294
1992-05-21,1.1940070390701294
1992-05-22,1.1940070390701294
1992-05-26,1.1877881288528442
1992-05-27,1.1877881288528442
1992-05-28,1.1940070390701294
1992-05-29,1.1877881288528442
1992-06-01,1.2188822031021118
1992-06-02,1.2748514413833618
1992-06-03,1.299726963043213
1992-06-04,1.3059455156326294
1992-06-05,1.299726963043213
1992-06-08,1.3183825016021729
1992-06-09,1.3183825016021729
1992-06-10,1.312164545059204
1992-06-11,1.3183825016021729
1992-06-12,1.324602127075195
1992-06-15,1.281070590019226
1992-06-16,1.2935086488723757
1992-06-17,1.2064437866210938
1992-06-18,1.2002263069152832
1992-06-19,1.2313189506530762
1992-06-22,1.175350546836853
1992-06-23,1.1815695762634275
1992-06-24,1.178576111793518
1992-06-25,1.147396683692932
1992-06-26,1.1723413467407229
1992-06-29,1.247171401977539
1992-06-30,1.234697937965393
1992-07-01,1.2845863103866575
1992-07-02,1.2970584630966189
1992-07-06,1.309529185295105
1992-07-07,1.3282371759414673
1992-07-08,1.309529185295105
1992-07-09,1.3282371759414673
1992-07-10,1.3282371759414673
1992-07-13,1.3220001459121704
1992-07-14,1.3531793355941772
1992-07-15,1.3656524419784546
1992-07-16,1.4093025922775269
1992-07-17,1.3407078981399536
1992-07-20,1.3032938241958618
1992-07-21,1.346944808959961
1992-07-22,1.309529185295105
1992-07-23,1.290821552276611
1992-07-24,1.2721129655838013
1992-07-27,1.2970584630966189
1992-07-28,1.346944808959961
1992-07-29,1.3531793355941772
1992-07-30,1.3531793355941772
1992-07-31,1.4903686046600342
1992-08-03,1.5090762376785278
1992-08-04,1.4591894149780271
1992-08-05,1.4841331243515017
1992-08-06,1.4903686046600342
1992-08-07,1.4778976440429688
1992-08-10,1.4217751026153564
1992-08-11,1.3905954360961914
1992-08-12,1.403067111968994
1992-08-13,1.440481662750244
1992-08-14,1.428010106086731
1992-08-17,1.4778976440429688
1992-08-18,1.502840876579285
1992-08-19,1.5090762376785278
1992-08-20,1.5464918613433838
1992-08-21,1.6337931156158447
1992-08-24,1.5714349746704102
1992-08-25,1.534019947052002
1992-08-26,1.5527268648147583
1992-08-27,1.5464918613433838
1992-08-28,1.540256142616272
1992-08-31,1.5714349746704102
1992-09-01,1.5589632987976074
1992-09-02,1.5464918613433838
1992-09-03,1.5464918613433838
1992-09-04,1.540256142616272
1992-09-08,1.4966046810150146
1992-09-09,1.4778976440429688
1992-09-10,1.5215471982955933
1992-09-11,1.534019947052002
1992-09-14,1.5589632987976074
1992-09-15,1.5153119564056396
1992-09-16,1.52778422832489
1992-09-17,1.5153119564056396
1992-09-18,1.5090762376785278
1992-09-21,1.5153119564056396
1992-09-22,1.47166109085083
1992-09-23,1.4841331243515017
1992-09-24,1.487382888793945
1992-09-25,1.4811336994171145
1992-09-28,1.4686336517333984
1992-09-29,1.437386155128479
1992-09-30,1.4498851299285889
1992-10-01,1.437386155128479
1992-10-02,1.418637990951538
1992-10-05,1.38739013671875
1992-10-06,1.374892234802246
1992-10-07,1.4436358213424685
1992-10-08,1.4686336517333984
1992-10-09,1.4623844623565674
1992-10-12,1.487382888793945
1992-10-13,1.4623844623565674
1992-10-14,1.4811336994171145
1992-10-15,1.4998819828033447
1992-10-16,1.5123804807662964
1992-10-19,1.562376618385315
1992-10-20,1.5748759508132937
1992-10-21,1.5686264038085938
1992-10-22,1.5998737812042236
1992-10-23,1.6186224222183228
1992-10-26,1.6186224222183228
1992-10-27,1.5998737812042236
1992-10-28,1.6061230897903442
1992-10-29,1.6186224222183228
1992-10-30,1.6248716115951538
1992-11-02,1.6811178922653198
1992-11-03,1.66861891746521
1992-11-04,1.6436206102371216
1992-11-05,1.724863886833191
1992-11-06,1.768610954284668
1992-11-09,1.8998501300811768
1992-11-10,1.868602991104126
1992-11-11,1.9123494625091555
1992-11-12,1.9123494625091555
1992-11-13,1.8936002254486084
1992-11-16,1.8436050415039065
1992-11-17,1.8311049938201904
1992-11-18,1.874851942062378
1992-11-19,1.8498539924621584
1992-11-20,1.8248560428619385
1992-11-23,1.856103539466858
1992-11-24,1.8998501300811768
1992-11-25,1.868602991104126
1992-11-27,1.8811023235321045
1992-11-30,1.8811023235321045
1992-12-01,1.8936002254486084
1992-12-02,1.868602991104126
1992-12-03,1.8811023235321045
1992-12-04,1.874851942062378
1992-12-07,1.874851942062378
1992-12-08,1.856103539466858
1992-12-09,1.8811023235321045
1992-12-10,1.8248560428619385
1992-12-11,1.793608546257019
1992-12-14,1.8373547792434688
1992-12-15,1.8811023235321045
1992-12-16,1.8311049938201904
1992-12-17,1.799857258796692
1992-12-18,1.8623526096344
1992-12-21,1.868602991104126
1992-12-22,1.937346339225769
1992-12-23,1.8998501300811768
1992-12-24,1.8908348083496087
1992-12-28,1.8908348083496087
1992-12-29,1.8783118724823
1992-12-30,1.8657898902893064
1992-12-31,1.7530910968780518
1993-01-04,1.8219631910324097
1993-01-05,1.796918511390686
1993-01-06,1.771875023841858
1993-01-07,1.7092636823654177
1993-01-08,1.7217862606048584
1993-01-11,1.7092636823654177
1993-01-12,1.7030032873153689
1993-01-13,1.7217862606048584
1993-01-14,1.7656141519546509
1993-01-15,1.7906571626663208
1993-01-18,1.759352684020996
1993-01-19,1.7781349420547483
1993-01-20,1.8219631910324097
1993-01-21,1.8282246589660645
1993-01-22,1.934662222862244
1993-01-25,1.991010308265686
1993-01-26,1.997271418571472
1993-01-27,1.9534437656402588
1993-01-28,1.8908348083496087
1993-01-29,1.9784893989562988
1993-02-01,1.9659674167633057
1993-02-02,1.9534437656402588
1993-02-03,1.9409221410751345
1993-02-04,1.9534437656402588
1993-02-05,1.9471837282180784
1993-02-08,1.922139286994934
1993-02-09,1.9033564329147337
1993-02-10,1.8970954418182373
1993-02-11,1.8970954418182373
1993-02-12,1.8783118724823
1993-02-16,1.8219631910324097
1993-02-17,1.7781349420547483
1993-02-18,1.796918511390686
1993-02-19,1.8282246589660645
1993-02-22,1.796918511390686
1993-02-23,1.796918511390686
1993-02-24,1.8344846963882449
1993-02-25,1.8532679080963133
1993-02-26,1.8532679080963133
1993-03-01,1.8407450914382928
1993-03-02,1.8344846963882449
1993-03-03,1.8470075130462649
1993-03-04,1.8407450914382928
1993-03-05,1.8470075130462649
1993-03-08,1.8532679080963133
1993-03-09,1.8908348083496087
1993-03-10,1.9534437656402588
1993-03-11,1.9409221410751345
1993-03-12,1.9158780574798584
1993-03-15,1.9722274541854856
1993-03-16,1.9659674167633057
1993-03-17,1.909615993499756
1993-03-18,1.8783118724823
1993-03-19,1.8720520734786987
1993-03-22,1.8532679080963133
1993-03-23,1.8532679080963133
1993-03-24,1.8845738172531128
1993-03-25,1.8880867958068848
1993-03-26,1.856722116470337
1993-03-29,1.8629956245422363
1993-03-30,1.8629956245422363
1993-03-31,1.9257222414016724
1993-04-01,1.894359111785889
1993-04-02,1.8379045724868768
1993-04-05,1.8379045724868768
1993-04-06,1.825359463691712
1993-04-07,1.844176173210144
1993-04-08,1.781449317932129
1993-04-12,1.8190863132476809
1993-04-13,1.8128128051757808
1993-04-14,1.8128128051757808
1993-04-15,1.7249953746795654
1993-04-16,1.7312676906585691
1993-04-19,1.718722939491272
1993-04-20,1.643450140953064
1993-04-21,1.649722456932068
1993-04-22,1.649722456932068
1993-04-23,1.6685409545898438
1993-04-26,1.612086057662964
1993-04-27,1.7375402450561523
1993-04-28,1.6685409545898438
1993-04-29,1.7124499082565308
1993-04-30,1.743814468383789
1993-05-03,1.718722939491272
1993-05-04,1.7375402450561523
1993-05-05,1.7939949035644531
1993-05-06,1.7563591003417969
1993-05-07,1.743814468383789
1993-05-10,1.800268054008484
1993-05-11,1.7939949035644531
1993-05-12,1.8065407276153564
1993-05-13,1.800268054008484
1993-05-14,1.7939949035644531
1993-05-17,1.7689054012298584
1993-05-18,1.7689054012298584
1993-05-19,1.856722116470337
1993-05-20,1.8818128108978271
1993-05-21,1.869267702102661
1993-05-24,1.8629956245422363
1993-05-25,1.8818128108978271
1993-05-26,1.894359111785889
1993-05-27,1.9194495677948
1993-05-28,1.9131758213043213
1993-06-01,1.931996464729309
1993-06-02,1.957085132598877
1993-06-03,1.9069041013717647
1993-06-04,1.9131758213043213
1993-06-07,1.8504505157470703
1993-06-08,1.825359463691712
1993-06-09,1.869267702102661
1993-06-10,1.8629956245422363
1993-06-11,1.8379045724868768
1993-06-14,1.9194495677948
1993-06-15,1.9069041013717647
1993-06-16,1.9131758213043213
1993-06-17,1.8818128108978271
1993-06-18,1.8629956245422363
1993-06-21,1.8880867958068848
1993-06-22,1.944539785385132
1993-06-23,1.8818128108978271
1993-06-24,1.8790483474731443
1993-06-25,1.8979018926620483
1993-06-28,1.923039436340332
1993-06-29,1.9041852951049805
1993-06-30,1.9733150005340576
1993-07-01,1.985884428024292
1993-07-02,1.9418927431106567
1993-07-06,1.923039436340332
1993-07-07,1.9544610977172847
1993-07-08,1.9544610977172847
1993-07-09,1.9481760263442995
1993-07-12,1.985884428024292
1993-07-13,1.9733150005340576
1993-07-14,1.9733150005340576
1993-07-15,1.9921683073043823
1993-07-16,1.9356082677841189
1993-07-19,1.967030882835388
1993-07-20,1.9984530210494995
1993-07-21,1.9481760263442995
1993-07-22,1.92932403087616
1993-07-23,1.8979018926620483
1993-07-26,1.885332703590393
1993-07-27,1.8790483474731443
1993-07-28,1.9356082677841189
1993-07-29,2.036158323287964
1993-07-30,2.1618497371673584
1993-08-02,2.149280071258545
1993-08-03,2.149280071258545
1993-08-04,2.1807010173797607
1993-08-05,2.193270683288574
1993-08-06,2.1869864463806152
1993-08-09,2.2184088230133057
1993-08-10,2.2623987197875977
1993-08-11,2.230977773666382
1993-08-12,2.256115674972534
1993-08-13,2.281252861022949
1993-08-16,2.268684148788452
1993-08-17,2.230977773666382
1993-08-18,2.193270683288574
1993-08-19,2.230977773666382
1993-08-20,2.205838441848755
1993-08-23,2.2372612953186035
1993-08-24,2.256115674972534
1993-08-25,2.287537813186645
1993-08-26,2.33152723312378
1993-08-27,2.281252861022949
1993-08-30,2.256115674972534
1993-08-31,2.287537813186645
1993-09-01,2.33152723312378
1993-09-02,2.3440968990325928
1993-09-03,2.356665849685669
1993-09-07,2.3189592361450195
1993-09-08,2.1744182109832764
1993-09-09,2.2749664783477783
1993-09-10,2.337812662124634
1993-09-13,2.3880884647369385
1993-09-14,2.33152723312378
1993-09-15,2.3001060485839844
1993-09-16,2.33152723312378
1993-09-17,2.369236946105957
1993-09-20,2.3189592361450195
1993-09-21,2.3189592361450195
1993-09-22,2.3880884647369385
1993-09-23,2.438362598419189
1993-09-24,2.423006057739258
1993-09-27,2.435594081878662
1993-09-28,2.4733567237854004
1993-09-29,2.467062473297119
1993-09-30,2.479649066925049
1993-10-01,2.50482439994812
1993-10-04,2.50482439994812
1993-10-05,2.555171012878418
1993-10-06,2.49852991104126
1993-10-07,2.479649066925049
1993-10-08,2.4293017387390137
1993-10-11,2.454474449157715
1993-10-12,2.5362908840179443
1993-10-13,2.599226713180542
1993-10-14,2.56146502494812
1993-10-15,2.5174102783203125
1993-10-18,2.467062473297119
1993-10-19,2.404127597808838
1993-10-20,2.360072374343872
1993-10-21,2.2656688690185547
1993-10-22,2.297136306762696
1993-10-25,2.2656688690185547
1993-10-26,2.2593765258789062
1993-10-27,2.3223109245300293
1993-10-28,2.404127597808838
1993-10-29,2.410420179367065
1993-11-01,2.404127597808838
1993-11-02,2.3663668632507324
1993-11-03,2.2656688690185547
1993-11-04,2.2342019081115723
1993-11-05,2.278254985809326
1993-11-08,2.284550189971924
1993-11-09,2.297136306762696
1993-11-10,2.2404942512512207
1993-11-11,2.2593765258789062
1993-11-12,2.284550189971924
1993-11-15,2.278254985809326
1993-11-16,2.3160173892974854
1993-11-17,2.24678897857666
1993-11-18,2.24678897857666
1993-11-19,2.196440458297729
1993-11-22,2.0894503593444824
1993-11-23,2.1586802005767822
1993-11-24,2.215320587158203
1993-11-26,2.24678897857666
1993-11-29,2.2593765258789062
1993-11-30,2.2342019081115723
1993-12-01,2.2656688690185547
1993-12-02,2.24678897857666
1993-12-03,2.2656688690185547
1993-12-06,2.328603982925415
1993-12-07,2.271963596343994
1993-12-08,2.2656688690185547
1993-12-09,2.2404942512512207
1993-12-10,2.2404942512512207
1993-12-13,2.227907657623291
1993-12-14,2.209027051925659
1993-12-15,2.202734470367432
1993-12-16,2.278254985809326
1993-12-17,2.284550189971924
1993-12-20,2.278254985809326
1993-12-21,2.227907657623291
1993-12-22,2.196440458297729
1993-12-23,2.2530834674835205
1993-12-27,2.2571191787719727
1993-12-28,2.2886412143707275
1993-12-29,2.2949459552764893
1993-12-30,2.263422727584839
1993-12-31,2.313861608505249
1994-01-03,2.1877634525299072
1994-01-04,2.11841082572937
1994-01-05,2.0679733753204346
1994-01-06,2.049059629440308
1994-01-07,2.168851852416992
1994-01-10,2.1436307430267334
1994-01-11,2.074279546737671
1994-01-12,2.0364489555358887
1994-01-13,2.099496603012085
1994-01-14,2.06166934967041
1994-01-17,2.0175349712371826
1994-01-18,2.030144453048706
1994-01-19,2.1625454425811768
1994-01-20,2.2949459552764893
1994-01-21,2.3832123279571533
1994-01-24,2.364299058914185
1994-01-25,2.37060546875
1994-01-26,2.364299058914185
1994-01-27,2.339078664779663
1994-01-28,2.3832123279571533
1994-01-31,2.509310007095337
1994-02-01,2.496699094772339
1994-02-02,2.496699094772339
1994-02-03,2.4651758670806885
1994-02-04,2.339078664779663
1994-02-07,2.37060546875
1994-02-08,2.452566385269165
1994-02-09,2.4903950691223145
1994-02-10,2.439955234527588
1994-02-11,2.395822763442993
1994-02-14,2.3769097328186035
1994-02-15,2.389517545700073
1994-02-16,2.37060546875
1994-02-17,2.313861608505249
1994-02-18,2.3012518882751465
1994-02-22,2.2949459552764893
1994-02-23,2.282335996627808
1994-02-24,2.282335996627808
1994-02-25,2.225594282150269
1994-02-28,2.238203763961792
1994-03-01,2.244507312774658
1994-03-02,2.244507312774658
1994-03-03,2.2003746032714844
1994-03-04,2.206679105758667
1994-03-07,2.225594282150269
1994-03-08,2.212984323501587
1994-03-09,2.2003746032714844
1994-03-10,2.212984323501587
1994-03-11,2.313861608505249
1994-03-14,2.37060546875
1994-03-15,2.408432960510254
1994-03-16,2.402128219604492
1994-03-17,2.446260690689087
1994-03-18,2.4840896129608154
1994-03-21,2.4651758670806885
1994-03-22,2.452566385269165
1994-03-23,2.4651758670806885
1994-03-24,2.395822763442993
1994-03-25,2.3935492038726807
1994-03-28,2.2988176345825195
1994-03-29,2.115669250488281
1994-03-30,2.115669250488281
1994-03-31,2.052516460418701
1994-04-04,2.014622449874878
1994-04-05,2.020938873291016
1994-04-06,1.97041404247284
1994-04-07,1.900946021080017
1994-04-08,1.844106078147888
1994-04-11,1.850422620773316
1994-04-12,1.900946021080017
1994-04-13,1.81884515285492
1994-04-14,1.81884515285492
1994-04-15,1.8125295639038088
1994-04-18,1.8062137365341189
1994-04-19,1.7809525728225708
1994-04-20,1.7177979946136477
1994-04-21,1.7746379375457764
1994-04-22,1.825160264968872
1994-04-25,1.9198925495147705
1994-04-26,1.932522535324097
1994-04-28,1.9514693021774288
1994-04-29,1.913576006889344
1994-05-02,1.9072612524032595
1994-05-03,1.8693677186965945
1994-05-04,1.900946021080017
1994-05-05,1.8883156776428225
1994-05-06,1.850422620773316
1994-05-09,1.8125295639038088
1994-05-10,1.825160264968872
1994-05-11,1.8125295639038088
1994-05-12,1.8062137365341189
1994-05-13,1.787267804145813
1994-05-16,1.7620062828063965
1994-05-17,1.755690574645996
1994-05-18,1.81884515285492
1994-05-19,1.8125295639038088
1994-05-20,1.8125295639038088
1994-05-23,1.7746379375457764
1994-05-24,1.787267804145813
1994-05-25,1.768321871757507
1994-05-26,1.768321871757507
1994-05-27,1.8062137365341189
1994-05-31,1.8693677186965945
1994-06-01,1.9072612524032595
1994-06-02,2.027254343032837
1994-06-03,2.027254343032837
1994-06-06,2.008307933807373
1994-06-07,1.9767314195632928
1994-06-08,2.008307933807373
1994-06-09,2.058831691741944
1994-06-10,2.065147638320923
1994-06-13,2.1093556880950928
1994-06-14,2.12830138206482
1994-06-15,2.103038787841797
1994-06-16,2.058831691741944
1994-06-17,2.052516460418701
1994-06-20,2.00199294090271
1994-06-21,1.9577836990356443
1994-06-22,1.964100241661072
1994-06-23,1.900946021080017
1994-06-24,1.8693677186965945
1994-06-27,1.8670897483825684
1994-06-28,1.8924064636230469
1994-06-29,1.917722463607788
1994-06-30,1.879748702049256
1994-07-01,1.879748702049256
1994-07-05,1.879748702049256
1994-07-06,1.8481029272079468
1994-07-07,1.835444688796997
1994-07-08,1.8481029272079468
1994-07-11,1.8291155099868768
1994-07-12,1.822786569595337
1994-07-13,1.9050657749176023
1994-07-14,1.917722463607788
1994-07-15,1.917722463607788
1994-07-18,1.9493690729141235
1994-07-19,1.974684476852417
1994-07-20,1.9556984901428225
1994-07-21,1.9556984901428225
1994-07-22,1.9240514039993288
1994-07-25,1.943039536476136
1994-07-26,1.9303803443908687
1994-07-27,1.9240514039993288
1994-07-28,1.8670897483825684
1994-07-29,1.8670897483825684
1994-08-01,1.8291155099868768
1994-08-02,1.7974684238433838
1994-08-03,1.7594951391220093
1994-08-04,1.7848113775253296
1994-08-05,1.765824794769287
1994-08-08,1.753165364265442
1994-08-09,1.7405074834823608
1994-08-10,1.7848113775253296
1994-08-11,1.7784823179244995
1994-08-12,1.7974684238433838
1994-08-15,1.835444688796997
1994-08-16,1.835444688796997
1994-08-17,1.9113942384719849
1994-08-18,1.860759854316712
1994-08-19,1.917722463607788
1994-08-22,1.9367101192474363
1994-08-23,1.9556984901428225
1994-08-24,1.9493690729141235
1994-08-25,1.9556984901428225
1994-08-26,1.9810142517089844
1994-08-29,2.000002145767212
1994-08-30,2.018989086151123
1994-08-31,1.993672013282776
1994-09-01,1.987343668937683
1994-09-02,1.987343668937683
1994-09-06,1.987343668937683
1994-09-07,1.9493690729141235
1994-09-08,1.9556984901428225
1994-09-09,1.917722463607788
1994-09-12,1.860759854316712
1994-09-13,1.873419046401977
1994-09-14,1.879748702049256
1994-09-15,1.917722463607788
1994-09-16,1.8987361192703247
1994-09-19,1.8987361192703247
1994-09-20,1.8417739868164065
1994-09-21,1.822786569595337
1994-09-22,1.8101269006729128
1994-09-23,1.7974684238433838
1994-09-26,1.7698121070861816
1994-09-27,1.8205596208572388
1994-09-28,1.858618259429932
1994-09-29,1.877649545669556
1994-09-30,1.896681427955628
1994-10-03,1.9030240774154663
1994-10-04,1.9093677997589111
1994-10-05,1.896681427955628
1994-10-06,1.9030240774154663
1994-10-07,1.9157116413116453
1994-10-10,1.9283974170684808
1994-10-11,1.9474287033081048
1994-10-12,1.9347401857376096
1994-10-13,1.9474287033081048
1994-10-14,1.9220534563064573
1994-10-17,1.896681427955628
1994-10-18,1.8839936256408687
1994-10-19,1.9093677997589111
1994-10-20,1.9220534563064573
1994-10-21,1.9347401857376096
1994-10-24,1.9347401857376096
1994-10-25,1.9283974170684808
1994-10-26,1.9601151943206787
1994-10-27,1.97914469242096
1994-10-28,2.0552656650543213
1994-10-31,2.0742971897125244
1994-11-01,2.0742971897125244
1994-11-02,2.0362355709075928
1994-11-03,2.0552656650543213
1994-11-04,2.0489230155944824
1994-11-07,2.017205715179444
1994-11-08,2.017205715179444
1994-11-09,2.029892444610596
1994-11-10,2.029892444610596
1994-11-11,2.017205715179444
1994-11-14,2.0235495567321777
1994-11-15,2.017205715179444
1994-11-16,2.017205715179444
1994-11-17,2.010863304138184
1994-11-18,1.97914469242096
1994-11-21,1.9347401857376096
1994-11-22,1.8522776365280151
1994-11-23,1.8713078498840328
1994-11-25,1.8713078498840328
1994-11-28,1.9283974170684808
1994-11-29,1.9347401857376096
1994-11-30,1.9283974170684808
1994-12-01,1.9157116413116453
1994-12-02,1.896681427955628
1994-12-05,1.8839936256408687
1994-12-06,1.858618259429932
1994-12-07,1.8142170906066888
1994-12-08,1.7317520380020142
1994-12-09,1.7698121070861816
1994-12-12,1.7698121070861816
1994-12-13,1.7507820129394531
1994-12-14,1.7824991941452026
1994-12-15,1.8142170906066888
1994-12-16,1.776156663894653
1994-12-19,1.7507820129394531
1994-12-20,1.776156663894653
1994-12-21,1.826902747154236
1994-12-22,1.826902747154236
1994-12-23,1.7938255071640017
1994-12-27,1.800187110900879
1994-12-28,1.7938255071640017
1994-12-29,1.8065475225448608
1994-12-30,1.8129078149795528
1995-01-03,1.8065475225448608
1995-01-04,1.800187110900879
1995-01-05,1.7620209455490112
1995-01-06,1.749298095703125
1995-01-09,1.7365760803222656
1995-01-10,1.7111308574676514
1995-01-11,1.70477032661438
1995-01-12,1.70477032661438
1995-01-13,1.717492699623108
1995-01-16,1.7683809995651243
1995-01-17,1.7938255071640017
1995-01-18,1.7683809995651243
1995-01-19,1.7556586265563965
1995-01-20,1.749298095703125
1995-01-23,1.7365760803222656
1995-01-24,1.717492699623108
1995-01-25,1.70477032661438
1995-01-26,1.7111308574676514
1995-01-27,1.717492699623108
1995-01-30,1.717492699623108
1995-01-31,1.7238534688949585
1995-02-01,1.7683809995651243
1995-02-02,1.7556586265563965
1995-02-03,1.8892412185668943
1995-02-06,1.908324956893921
1995-02-07,1.9464914798736568
1995-02-08,1.959214329719544
1995-02-09,1.9719359874725344
1995-02-10,1.978296995162964
1995-02-13,1.9146862030029297
1995-02-14,1.9274073839187624
1995-02-15,1.9337698221206665
1995-02-16,1.921046614646912
1995-02-17,1.8892412185668943
1995-02-21,1.8574366569519043
1995-02-22,1.9146862030029297
1995-02-23,1.978296995162964
1995-02-24,1.9846583604812624
1995-02-27,1.9401295185089111
1995-02-28,1.9719359874725344
1995-03-01,1.952853322029113
1995-03-02,1.9464914798736568
1995-03-03,1.9146862030029297
1995-03-06,1.9146862030029297
1995-03-07,1.8828802108764648
1995-03-08,1.870157718658448
1995-03-09,1.8574366569519043
1995-03-10,1.8828802108764648
1995-03-13,1.908324956893921
1995-03-14,1.9464914798736568
1995-03-15,1.952853322029113
1995-03-16,1.9464914798736568
1995-03-17,1.9146862030029297
1995-03-20,1.901964545249939
1995-03-21,1.901964545249939
1995-03-22,1.952853322029113
1995-03-23,1.959214329719544
1995-03-24,2.016465187072754
1995-03-27,2.016465187072754
1995-03-28,2.0215659141540527
1995-03-29,1.9960561990737915
1995-03-30,2.0151870250701904
1995-03-31,1.9833011627197263
1995-04-03,1.9833011627197263
1995-04-04,1.9960561990737915
1995-04-05,1.9896795749664309
1995-04-06,1.9960561990737915
1995-04-07,1.9769240617752075
1995-04-10,1.9833011627197263
1995-04-11,2.0024335384368896
1995-04-12,2.0151870250701904
1995-04-13,2.0215659141540527
1995-04-17,2.059828281402588
1995-04-18,2.059828281402588
1995-04-19,2.040696620941162
1995-04-20,2.0215659141540527
1995-04-21,2.0215659141540527
1995-04-24,2.0151870250701904
1995-04-25,2.0789599418640137
1995-04-26,2.053450345993042
1995-04-27,1.957793951034546
1995-04-28,2.053450345993042
1995-05-01,2.0343191623687744
1995-05-02,2.0343191623687744
1995-05-03,2.053450345993042
1995-05-04,2.091714382171631
1995-05-05,2.091714382171631
1995-05-08,2.1363537311553955
1995-05-09,2.225635051727295
1995-05-10,2.2320120334625244
1995-05-11,2.1937499046325684
1995-05-12,2.1937499046325684
1995-05-15,2.2192587852478027
1995-05-16,2.2320120334625244
1995-05-17,2.1746182441711426
1995-05-18,2.123598337173462
1995-05-19,2.1427316665649414
1995-05-22,2.1937499046325684
1995-05-23,2.2128806114196777
1995-05-24,2.295783758163452
1995-05-25,2.2575221061706543
1995-05-26,2.225635051727295
1995-05-30,2.200127124786377
1995-05-31,2.2320120334625244
1995-06-01,2.225635051727295
1995-06-02,2.263897180557251
1995-06-05,2.3212921619415283
1995-06-06,2.334046125411988
1995-06-07,2.295783758163452
1995-06-08,2.30216121673584
1995-06-09,2.225635051727295
1995-06-12,2.2320120334625244
1995-06-13,2.206502676010132
1995-06-14,2.1937499046325684
1995-06-15,2.1873722076416016
1995-06-16,2.206502676010132
1995-06-19,2.2320120334625244
1995-06-20,2.206502676010132
1995-06-21,2.2830281257629395
1995-06-22,2.334046125411988
1995-06-23,2.327669858932495
1995-06-26,2.2511441707611084
1995-06-27,2.2383899688720703
1995-06-28,2.237110614776612
1995-06-29,2.249894142150879
1995-06-30,2.275461912155152
1995-07-03,2.2435035705566406
1995-07-05,2.288243293762207
1995-07-06,2.313812494277954
1995-07-07,2.4032979011535645
1995-07-10,2.3841209411621094
1995-07-11,2.3841209411621094
1995-07-12,2.3521618843078613
1995-07-13,2.326594829559326
1995-07-14,2.29463529586792
1995-07-17,2.288243293762207
1995-07-18,2.2435035705566406
1995-07-19,2.1795859336853027
1995-07-20,2.230719327926636
1995-07-21,2.217935562133789
1995-07-24,2.211543083190918
1995-07-25,2.211543083190918
1995-07-26,2.22432804107666
1995-07-27,2.428861856460572
1995-07-28,2.55669903755188
1995-07-31,2.5503060817718506
1995-08-01,2.5375237464904785
1995-08-02,2.5375237464904785
1995-08-03,2.511955738067627
1995-08-04,2.511955738067627
1995-08-07,2.492780923843384
1995-08-08,2.467212200164795
1995-08-09,2.428861856460572
1995-08-10,2.486388683319092
1995-08-11,2.467212200164795
1995-08-14,2.467212200164795
1995-08-15,2.448038101196289
1995-08-16,2.492780923843384
1995-08-17,2.5503060817718506
1995-08-18,2.5503060817718506
1995-08-21,2.5311315059661865
1995-08-22,2.518346309661865
1995-08-23,2.543915033340454
1995-08-24,2.563088893890381
1995-08-25,2.55669903755188
1995-08-28,2.652574300765991
1995-08-29,2.7676265239715576
1995-08-30,2.837934255599976
1995-08-31,2.8123674392700195
1995-09-01,2.844327688217163
1995-09-05,2.889069080352783
1995-09-06,2.9338107109069824
1995-09-07,2.8123674392700195
1995-09-08,2.850719451904297
1995-09-11,2.850719451904297
1995-09-12,2.825149774551392
1995-09-13,2.7995853424072266
1995-09-14,2.818760395050049
1995-09-15,2.889069080352783
1995-09-18,2.927417993545532
1995-09-19,2.921026945114136
1995-09-20,2.908242702484131
1995-09-21,2.901851892471313
1995-09-22,2.895461082458496
1995-09-25,2.895461082458496
1995-09-26,2.90698504447937
1995-09-27,2.8941800594329834
1995-09-28,2.958210229873657
1995-09-29,2.9518065452575684
1995-10-02,2.90698504447937
1995-10-03,2.8813741207122803
1995-10-04,2.8493597507476807
1995-10-05,2.798133134841919
1995-10-06,2.8493597507476807
1995-10-09,2.817342519760132
1995-10-10,2.7789247035980225
1995-10-11,2.8045382499694824
1995-10-12,2.8493597507476807
1995-10-13,2.9197912216186523
1995-10-16,2.90698504447937
1995-10-17,2.8813741207122803
1995-10-18,2.8493597507476807
1995-10-19,2.8301479816436768
1995-10-20,2.759716033935547
1995-10-23,2.727701425552368
1995-10-24,2.7212955951690674
1995-10-25,2.644461154937744
1995-10-26,2.593235492706299
1995-10-27,2.663670063018799
1995-10-30,2.6316542625427246
1995-10-31,2.599639892578125
1995-11-01,2.670073747634888
1995-11-02,2.7020888328552246
1995-11-03,2.708492517471313
1995-11-06,2.7020888328552246
1995-11-07,2.682878255844116
1995-11-08,2.6316542625427246
1995-11-09,2.7020888328552246
1995-11-10,2.689282178878784
1995-11-13,2.689282178878784
1995-11-14,2.6380581855773926
1995-11-15,2.606043815612793
1995-11-16,2.62524962425232
1995-11-17,2.6508634090423584
1995-11-20,2.6380581855773926
1995-11-21,2.606043815612793
1995-11-22,2.618848323822021
1995-11-24,2.6508634090423584
1995-11-27,2.612444877624512
1995-11-28,2.612444877624512
1995-11-29,2.644461154937744
1995-11-30,2.708492517471313
1995-12-01,2.7148945331573486
1995-12-04,2.7148945331573486
1995-12-05,2.7212955951690674
1995-12-06,2.766119718551636
1995-12-07,2.746908903121948
1995-12-08,2.7533137798309326
1995-12-11,2.740507125854492
1995-12-12,2.746908903121948
1995-12-13,2.7212955951690674
1995-12-14,2.7020888328552246
1995-12-15,2.695685386657715
1995-12-18,2.5163991451263428
1995-12-19,2.4651753902435303
1995-12-20,2.4267566204071045
1995-12-21,2.4267566204071045
1995-12-22,2.484383344650269
1995-12-26,2.4971909523010254
1995-12-27,2.5092556476593018
1995-12-28,2.5605950355529785
1995-12-29,2.586264371871948
1996-01-02,2.5734307765960693
1996-01-03,2.605519294738769
1996-01-04,2.5734307765960693
1996-01-05,2.554178476333618
1996-01-08,2.592683792114258
1996-01-09,2.534925699234009
1996-01-10,2.4322445392608643
1996-01-11,2.451498031616211
1996-01-12,2.4322445392608643
1996-01-15,2.4129934310913086
1996-01-16,2.393739700317383
1996-01-17,2.477168083190918
1996-01-18,2.4707493782043457
1996-01-19,2.477168083190918
1996-01-22,2.5028371810913086
1996-01-23,2.528506278991699
1996-01-24,2.5413434505462646
1996-01-25,2.5798487663269043
1996-01-26,2.6119368076324463
1996-01-29,2.624770402908325
1996-01-30,2.7017807960510254
1996-01-31,2.7531206607818604
1996-02-01,2.7659566402435303
1996-02-02,2.7017807960510254
1996-02-05,2.721034526824951
1996-02-06,2.7531206607818604
1996-02-07,2.778791904449463
1996-02-08,2.9199774265289307
1996-02-09,2.907142400741577
1996-02-12,2.958482503890991
1996-02-13,2.945648431777954
1996-02-14,2.952065944671631
1996-02-15,2.907142400741577
1996-02-16,2.926394462585449
1996-02-20,2.862220048904419
1996-02-21,2.887889862060547
1996-02-22,2.939229249954224
1996-02-23,2.958482503890991
1996-02-26,2.939229249954224
1996-02-27,2.926394462585449
1996-02-28,2.9649009704589844
1996-02-29,2.958482503890991
1996-03-01,2.939229249954224
1996-03-04,3.0098226070404053
1996-03-05,3.0098226070404053
1996-03-06,3.0098226070404053
1996-03-07,2.9649009704589844
1996-03-08,2.842966079711914
1996-03-11,2.810880661010742
1996-03-12,2.7980430126190186
1996-03-13,2.804461479187012
1996-03-14,2.8558034896850586
1996-03-15,2.8814735412597656
1996-03-18,2.939229249954224
1996-03-19,2.958482503890991
1996-03-20,2.939229249954224
1996-03-21,2.932812690734864
1996-03-22,2.939229249954224
1996-03-25,2.945648431777954
1996-03-26,2.971318244934082
1996-03-27,2.9705467224121094
1996-03-28,2.9576876163482666
1996-03-29,2.9319663047790527
1996-04-01,3.054133892059326
1996-04-02,3.060563802719116
1996-04-03,3.0348446369171143
1996-04-04,3.021984338760376
1996-04-08,2.8676702976226807
1996-04-09,2.919108390808105
1996-04-10,2.861241817474365
1996-04-11,2.8162331581115723
1996-04-12,2.835521459579468
1996-04-15,2.8548099994659424
1996-04-16,2.835521459579468
1996-04-17,2.8419506549835205
1996-04-18,2.8419506549835205
1996-04-19,2.8676702976226807
1996-04-22,2.88696026802063
1996-04-23,2.951257705688477
1996-04-24,2.9834063053131104
1996-04-25,2.9319663047790527
1996-04-26,2.9576876163482666
1996-04-29,2.951257705688477
1996-04-30,2.9448258876800537
1996-05-01,3.021984338760376
1996-05-02,2.9319663047790527
1996-05-03,2.925537109375
1996-05-06,2.848379850387573
1996-05-07,2.8162331581115723
1996-05-08,2.822661638259888
1996-05-09,2.8290915489196777
1996-05-10,2.912678003311157
1996-05-13,2.912678003311157
1996-05-14,2.938396692276001
1996-05-15,2.9705467224121094
1996-05-16,2.925537109375
1996-05-17,2.9576876163482666
1996-05-20,2.9705467224121094
1996-05-21,2.996266841888428
1996-05-22,3.028414249420166
1996-05-23,3.0348446369171143
1996-05-24,3.0348446369171143
1996-05-28,3.028414249420166
1996-05-29,3.015554904937744
1996-05-30,3.028414249420166
1996-05-31,3.0477023124694824
1996-06-03,3.015554904937744
1996-06-04,3.015554904937744
1996-06-05,3.021984338760376
1996-06-06,2.996266841888428
1996-06-07,2.912678003311157
1996-06-10,3.0348446369171143
1996-06-11,3.002695322036743
1996-06-12,3.028414249420166
1996-06-13,3.0412724018096924
1996-06-14,3.021984338760376
1996-06-17,3.009124517440796
1996-06-18,2.9898338317871094
1996-06-19,2.9705467224121094
1996-06-20,2.912678003311157
1996-06-21,2.925537109375
1996-06-24,2.9576876163482666
1996-06-25,3.06699275970459
1996-06-26,3.0082449913024902
1996-06-27,3.085543394088745
1996-06-28,3.143518209457397
1996-07-01,3.14996075630188
1996-07-02,3.195053100585937
1996-07-03,3.182169198989868
1996-07-05,3.111309289932251
1996-07-08,3.085543394088745
1996-07-09,3.085543394088745
1996-07-10,3.0404536724090576
1996-07-11,2.950268507003784
1996-07-12,2.9631543159484863
1996-07-15,2.860086441040039
1996-07-16,2.7827868461608887
1996-07-17,2.9631543159484863
1996-07-18,3.02756929397583
1996-07-19,3.00180459022522
1996-07-22,3.00180459022522
1996-07-23,2.9631543159484863
1996-07-24,2.8729703426361084
1996-07-25,2.866529941558838
1996-07-26,2.885852098464966
1996-07-29,2.892295837402344
1996-07-30,2.9051783084869385
1996-07-31,2.885852098464966
1996-08-01,2.988920211791992
1996-08-02,3.046893119812012
1996-08-05,3.014686107635498
1996-08-06,3.02756929397583
1996-08-07,3.0919878482818604
1996-08-08,3.0404536724090576
1996-08-09,3.06622052192688
1996-08-12,3.06622052192688
1996-08-13,3.0597786903381348
1996-08-14,3.0211286544799805
1996-08-15,3.0082449913024902
1996-08-16,3.0340113639831543
1996-08-19,3.046893119812012
1996-08-20,3.06622052192688
1996-08-21,3.104870557785034
1996-08-22,3.1241962909698486
1996-08-23,3.104870557785034
1996-08-26,3.0597786903381348
1996-08-27,3.0984272956848145
1996-08-28,3.117750644683838
1996-08-29,3.104870557785034
1996-08-30,3.06622052192688
1996-09-03,3.06622052192688
1996-09-04,3.0211286544799805
1996-09-05,3.053335428237915
1996-09-06,3.0597786903381348
1996-09-09,3.143518209457397
1996-09-10,3.079102039337158
1996-09-11,3.1241962909698486
1996-09-12,3.1564016342163086
1996-09-13,3.207936286926269
1996-09-16,3.220818519592285
1996-09-17,3.2337028980255127
1996-09-18,3.24658465385437
1996-09-19,3.214376211166382
1996-09-20,3.220818519592285
1996-09-23,3.2272603511810303
1996-09-24,3.24658465385437
1996-09-25,3.3361520767211914
1996-09-26,3.413586378097534
1996-09-27,3.465207099914551
1996-09-30,3.4264912605285645
1996-10-01,3.4910216331481934
1996-10-02,3.471662759780884
1996-10-03,3.484567880630493
1996-10-04,3.568455219268799
1996-10-07,3.5813612937927246
1996-10-08,3.6007208824157715
1996-10-09,3.5942673683166504
1996-10-10,3.6458899974823
1996-10-11,3.703968048095703
1996-10-14,3.632985591888428
1996-10-15,3.6458899974823
1996-10-16,3.6200788021087646
1996-10-17,3.678155183792114
1996-10-18,3.716872215270996
1996-10-21,3.6717026233673096
1996-10-22,3.607172727584839
1996-10-23,3.6200788021087646
1996-10-24,3.626530647277832
1996-10-25,3.626530647277832
1996-10-28,3.5942673683166504
1996-10-29,3.613627195358277
1996-10-30,3.6200788021087646
1996-10-31,3.639436960220337
1996-11-01,3.652343988418579
1996-11-04,3.691061019897461
1996-11-05,3.781399965286255
1996-11-06,3.8394775390625
1996-11-07,3.852383852005005
1996-11-08,3.8394775390625
1996-11-11,3.6846094131469727
1996-11-12,3.678155183792114
1996-11-13,3.6846094131469727
1996-11-14,3.697513341903688
1996-11-15,3.691061019897461
1996-11-18,3.697513341903688
1996-11-19,3.6846094131469727
1996-11-20,3.6846094131469727
1996-11-21,3.691061019897461
1996-11-22,3.6846094131469727
1996-11-25,3.703968048095703
1996-11-26,3.678155183792114
1996-11-27,3.6717026233673096
1996-11-29,3.691061019897461
1996-12-02,3.632985591888428
1996-12-03,3.613627195358277
1996-12-04,3.503926038742065
1996-12-05,3.4910216331481934
1996-12-06,3.484567880630493
1996-12-09,3.516831636428833
1996-12-10,3.5103793144226074
1996-12-11,3.484567880630493
1996-12-12,3.3942275047302246
1996-12-13,3.342604875564575
1996-12-16,3.3619632720947266
1996-12-17,3.3361520767211914
1996-12-18,3.432944774627685
1996-12-19,3.471662759780884
1996-12-20,3.471662759780884
1996-12-23,3.439399719238281
1996-12-24,3.439399719238281
1996-12-26,3.445850372314453
1996-12-27,3.4649863243103027
1996-12-30,3.503773927688598
1996-12-31,3.536094188690185
1997-01-02,3.4714484214782715
1997-01-03,3.5231666564941406
1997-01-06,3.5167019367218018
1997-01-07,3.5231666564941406
1997-01-08,3.5878117084503174
1997-01-09,3.607205867767334
1997-01-10,3.639529228210449
1997-01-13,3.639529228210449
1997-01-14,3.717103958129883
1997-01-15,3.781747817993164
1997-01-16,3.839927911758423
1997-01-17,3.907805919647217
1997-01-20,4.033864974975586
1997-01-21,4.082347393035889
1997-01-22,4.121135711669922
1997-01-23,4.227801322937012
1997-01-24,4.179313659667969
1997-01-27,4.150224208831787
1997-01-28,4.130831718444824
1997-01-29,4.121135711669922
1997-01-30,4.218101978302002
1997-01-31,4.227801322937012
1997-02-03,4.334463596343994
1997-02-04,4.334463596343994
1997-02-05,4.324768543243408
1997-02-06,4.382948398590088
1997-02-07,4.538098335266113
1997-02-10,4.441129207611084
1997-02-11,4.479912757873535
1997-02-12,4.547791481018066
1997-02-13,4.848397254943848
1997-02-14,4.906576633453369
1997-02-18,4.955058097839356
1997-02-19,4.9938483238220215
1997-02-20,4.828999996185303
1997-02-21,4.858090877532959
1997-02-24,4.732034206390381
1997-02-25,4.702943801879883
1997-02-26,4.732034206390381
1997-02-27,4.615671634674072
1997-02-28,4.538098335266113
1997-03-03,4.586583614349365
1997-03-04,4.547791481018066
1997-03-05,4.625368118286133
1997-03-06,4.83869743347168
1997-03-07,4.964755535125732
1997-03-10,5.032632350921631
1997-03-11,4.906576633453369
1997-03-12,4.732034206390381
1997-03-13,4.635064125061035
1997-03-14,4.732034206390381
1997-03-17,4.586583614349365
1997-03-18,4.518703460693359
1997-03-19,4.644763946533203
1997-03-20,4.644763946533203
1997-03-21,4.654460430145264
1997-03-24,4.479912757873535
1997-03-25,4.489613056182861
1997-03-26,4.379303932189941
1997-03-27,4.214231491088867
1997-03-31,3.961765766143799
1997-04-01,4.097707748413086
1997-04-02,4.0297369956970215
1997-04-03,4.049156665802002
1997-04-04,4.078287124633789
1997-04-07,4.282203674316406
1997-04-08,4.243361949920654
1997-04-09,4.272490978240967
1997-04-10,4.165680408477783
1997-04-11,4.078287124633789
1997-04-14,4.126839637756348
1997-04-15,4.194814205169678
1997-04-16,4.15596866607666
1997-04-17,4.117130756378174
1997-04-18,4.1462578773498535
1997-04-21,4.097707748413086
1997-04-22,4.165680408477783
1997-04-23,4.175389766693115
1997-04-24,4.291913032531738
1997-04-25,4.223938941955566
1997-04-28,4.2336530685424805
1997-04-29,4.486113548278809
1997-04-30,4.592931270599365
1997-05-01,4.651191234588623
1997-05-02,4.796842098236084
1997-05-05,4.952208042144775
1997-05-06,4.82597541809082
1997-05-07,4.82597541809082
1997-05-08,4.806554317474365
1997-05-09,4.82597541809082
1997-05-12,4.806554317474365
1997-05-13,4.816263675689697
1997-05-14,4.835684776306152
1997-05-15,4.884235858917236
1997-05-16,4.816263675689697
1997-05-19,4.874527454376221
1997-05-20,4.952208042144775
1997-05-21,4.884235858917236
1997-05-22,4.864815711975098
1997-05-23,5.020177841186523
1997-05-27,5.029888153076172
1997-05-28,5.000758171081543
1997-05-29,4.991049766540527
1997-05-30,5.029888153076172
1997-06-02,5.126993179321289
1997-06-03,5.204671859741211
1997-06-04,5.156124114990234
1997-06-05,5.146411418914795
1997-06-06,5.233804702758789
1997-06-09,5.321191787719727
1997-06-10,5.301774024963379
1997-06-11,5.321191787719727
1997-06-12,5.379455089569092
1997-06-13,5.447424411773682
1997-06-16,5.495981216430664
1997-06-17,5.661053657531738
1997-06-18,5.7193098068237305
1997-06-19,5.651341438293457
1997-06-20,5.767863750457764
1997-06-23,5.767863750457764
1997-06-24,5.690183639526367
1997-06-25,5.7193098068237305
1997-06-26,5.6436767578125
1997-06-27,5.71173095703125
1997-06-30,5.6436767578125
1997-07-01,5.6485371589660645
1997-07-02,5.779788970947266
1997-07-03,5.84298038482666
1997-07-07,5.833259105682373
1997-07-08,5.794368267059326
1997-07-09,5.6485371589660645
1997-07-10,5.750618934631348
1997-07-11,5.920753479003906
1997-07-14,5.872143268585205
1997-07-15,5.87700891494751
1997-07-16,6.042283058166504
1997-07-17,6.095754146575928
1997-07-18,6.066586494445801
1997-07-21,5.940202713012695
1997-07-22,6.19783353805542
1997-07-23,6.299917221069336
1997-07-24,6.397140502929688
1997-07-25,6.431163787841797
1997-07-28,6.436027050018311
1997-07-29,6.523523807525635
1997-07-30,6.6450514793396
1997-07-31,6.606166362762451
1997-08-01,6.72769021987915
1997-08-04,6.518664836883545
1997-08-05,6.387416839599609
1997-08-06,6.5721354484558105
1997-08-07,6.465192794799805
1997-08-08,6.178389549255371
1997-08-11,6.124919891357422
1997-08-12,6.095754146575928
1997-08-13,6.095754146575928
1997-08-14,6.129782199859619
1997-08-15,6.061728477478027
1997-08-18,6.071448802947998
1997-08-19,6.081167221069336
1997-08-20,6.231863975524902
1997-08-21,6.217281818389893
1997-08-22,6.081167221069336
1997-08-25,6.110335350036621
1997-08-26,6.037418365478516
1997-08-27,6.05686616897583
1997-08-28,6.061728477478027
1997-08-29,6.017977237701416
1997-09-02,6.071448802947998
1997-09-03,6.095754146575928
1997-09-04,6.270753860473633
1997-09-05,6.217281818389893
1997-09-08,6.22213888168335
1997-09-09,6.236722469329834
1997-09-10,6.139503002166748
1997-09-11,6.270753860473633
1997-09-12,6.319362163543701
1997-09-15,6.3631134033203125
1997-09-16,6.683939933776856
1997-09-17,6.606166362762451
1997-09-18,6.72769021987915
1997-09-19,6.844352722167969
1997-09-22,7.0096306800842285
1997-09-23,7.087408065795898
1997-09-24,7.160323143005371
1997-09-25,6.820049285888672
1997-09-26,7.279595851898193
1997-09-29,7.284461498260498
1997-09-30,7.250405788421631
1997-10-01,7.289329528808594
1997-10-02,7.396383285522461
1997-10-03,7.522900104522705
1997-10-06,7.620222568511963
1997-10-07,7.800264358520508
1997-10-08,7.591026782989502
1997-10-09,7.308793544769287
1997-10-10,7.269870281219482
1997-10-13,7.406116962432861
1997-10-14,7.503433704376221
1997-10-15,7.625088691711426
1997-10-16,7.556962966918945
1997-10-17,7.595890045166016
1997-10-20,7.654285907745361
1997-10-21,7.858658313751221
1997-10-22,8.063033103942871
1997-10-23,7.853789329528809
1997-10-24,7.941377639770508
1997-10-27,7.123887062072754
1997-10-28,7.396383285522461
1997-10-29,7.206608295440674
1997-10-30,7.099557876586914
1997-10-31,6.997368335723877
1997-11-03,7.14821720123291
1997-11-04,7.2455363273620605
1997-11-05,7.250405788421631
1997-11-06,7.230937957763672
1997-11-07,7.011966705322266
1997-11-10,6.938976287841797
1997-11-11,6.734604835510254
1997-11-12,6.559423923492432
1997-11-13,6.593485832214356
1997-11-14,6.7978596687316895
1997-11-17,7.162813663482666
1997-11-18,7.123887062072754
1997-11-19,7.269870281219482
1997-11-20,7.250405788421631
1997-11-21,7.240673542022705
1997-11-24,7.002235412597656
1997-11-25,6.968170642852783
1997-11-26,6.929244518280029
1997-11-28,6.997368335723877
1997-12-01,7.425580024719238
1997-12-02,7.415848255157471
1997-12-03,7.454776287078857
1997-12-04,7.4937028884887695
1997-12-05,7.668880939483643
1997-12-08,7.688346862792969
1997-12-09,7.571557998657227
1997-12-10,7.386650562286377
1997-12-11,7.240673542022705
1997-12-12,7.240673542022705
1997-12-15,7.279595851898193
1997-12-16,7.265003681182861
1997-12-17,7.133615493774414
1997-12-18,6.817326068878174
1997-12-19,6.75892972946167
1997-12-22,6.841653823852539
1997-12-23,6.763798713684082
1997-12-24,6.598353385925293
1997-12-26,6.588620662689209
1997-12-29,6.591545581817627
1997-12-30,6.859493732452393
1997-12-31,6.776670455932617
1998-01-02,6.854624271392822
1998-01-05,6.90333890914917
1998-01-06,7.034877777099609
1998-01-07,6.840007781982422
1998-01-08,6.76693058013916
1998-01-09,6.479495048522949
1998-01-12,6.382059574127197
1998-01-13,6.460003852844238
1998-01-14,6.523340225219727
1998-01-15,6.421030044555664
1998-01-16,6.547701835632324
1998-01-20,6.498979568481445
1998-01-21,6.450260639190674
1998-01-22,6.196930408477783
1998-01-23,6.002055168151856
1998-01-26,6.06051778793335
1998-01-27,6.1384711265563965
1998-01-28,6.450260639190674
1998-01-29,6.810774803161621
1998-01-30,6.986159324645996
1998-02-02,7.229747295379639
1998-02-03,7.317445755004883
1998-02-04,7.483082771301269
1998-02-05,7.44411039352417
1998-02-06,7.366159439086914
1998-02-09,7.229747295379639
1998-02-10,7.50256872177124
1998-02-11,7.658472061157227
1998-02-12,7.687697410583496
1998-02-13,7.414878368377685
1998-02-17,7.629238605499268
1998-02-18,7.629238605499268
1998-02-19,7.775392055511475
1998-02-20,7.902056694030762
1998-02-23,8.067703247070312
1998-02-24,8.018982887268066
1998-02-25,8.106671333312988
1998-02-26,8.18462085723877
1998-02-27,7.950777530670166
1998-03-02,7.902056694030762
1998-03-03,7.950777530670166
1998-03-04,7.775392055511475
1998-03-05,7.755900859832764
1998-03-06,8.028725624084473
1998-03-09,7.970266819000244
1998-03-10,8.106671333312988
1998-03-11,8.223596572875977
1998-03-12,8.223596572875977
1998-03-13,8.340509414672852
1998-03-16,8.340509414672852
1998-03-17,8.593851089477539
1998-03-18,8.710776329040527
1998-03-19,8.662055969238281
1998-03-20,8.613343238830566
1998-03-23,8.467187881469727
1998-03-24,8.57436466217041
1998-03-25,8.603598594665527
1998-03-26,8.662055969238281
1998-03-27,8.474814414978027
1998-03-30,8.309026718139648
1998-03-31,8.34802532196045
1998-04-01,8.40654468536377
1998-04-02,8.42604923248291
1998-04-03,8.621100425720215
1998-04-06,8.660107612609863
1998-04-07,8.513823509216309
1998-04-08,8.357786178588867
1998-04-09,8.767385482788086
1998-04-13,8.942926406860352
1998-04-14,8.874662399291992
1998-04-15,8.767385482788086
1998-04-16,8.728375434875488
1998-04-17,8.933170318603516
1998-04-20,8.933170318603516
1998-04-21,8.75762939453125
1998-04-22,8.650359153747559
1998-04-23,8.1724853515625
1998-04-24,7.860411167144775
1998-04-27,7.626357078552246
1998-04-28,8.328529357910156
1998-04-29,8.318772315979004
1998-04-30,8.387042999267578
1998-05-01,8.465059280395508
1998-05-04,8.560147285461426
1998-05-05,8.611346244812012
1998-05-06,8.582088470458984
1998-05-07,8.591837882995605
1998-05-08,8.601593971252441
1998-05-11,8.445557594299316
1998-05-12,8.494318008422852
1998-05-13,8.29926872253418
1998-05-14,8.152987480163574
1998-05-15,8.045707702636719
1998-05-18,8.026202201843262
1998-05-19,7.967693328857422
1998-05-20,8.13348388671875
1998-05-21,8.065215110778809
1998-05-22,7.811655044555664
1998-05-26,7.665366649627685
1998-05-27,7.548336505889893
1998-05-28,7.645861148834228
1998-05-29,7.626357078552246
1998-06-01,7.665366649627685
1998-06-02,7.616604804992676
1998-06-03,7.59710168838501
1998-06-04,7.606854915618896
1998-06-05,7.840909957885742
1998-06-08,7.840909957885742
1998-06-09,7.850661754608154
1998-06-10,7.811655044555664
1998-06-11,7.694624423980713
1998-06-12,7.665366649627685
1998-06-15,7.5678486824035645
1998-06-16,7.616604804992676
1998-06-17,7.918929576873779
1998-06-18,7.850661754608154
1998-06-19,7.957941055297852
1998-06-22,7.743385791778564
1998-06-23,7.889673709869385
1998-06-24,8.387042999267578
1998-06-25,8.20174503326416
1998-06-26,8.180267333984375
1998-06-29,8.33646011352539
1998-06-30,8.434072494506836
1998-07-01,8.355974197387695
1998-07-02,8.365744590759277
1998-07-06,8.463360786437988
1998-07-07,8.229079246520996
1998-07-08,8.355974197387695
1998-07-09,8.102177619934082
1998-07-10,8.12170124053955
1998-07-13,7.897186279296875
1998-07-14,7.711711406707764
1998-07-15,7.555523872375488
1998-07-16,7.643378734588623
1998-07-17,7.828849792480469
1998-07-20,7.7800445556640625
1998-07-21,7.623857498168945
1998-07-22,7.57505464553833
1998-07-23,7.1064863204956055
1998-07-24,6.969825267791748
1998-07-27,7.077205657958984
1998-07-28,6.94053840637207
1998-07-29,6.72578239440918
1998-07-30,6.891733646392822
1998-07-31,6.803879737854004
1998-08-03,6.676977157592773
1998-08-04,6.520790576934815
1998-08-05,6.4817423820495605
1998-08-06,6.637929439544678
1998-08-07,6.4817423820495605
1998-08-10,6.462221622467041
1998-08-11,6.44269323348999
1998-08-12,6.306032180786133
1998-08-13,6.237701416015625
1998-08-14,6.198655128479004
1998-08-17,6.3938889503479
1998-08-18,6.618402481079102
1998-08-19,6.257222652435303
1998-08-20,6.40364933013916
1998-08-21,6.266985893249512
1998-08-24,6.247461795806885
1998-08-25,6.3938889503479
1998-08-26,6.198655128479004
1998-08-27,5.681283950805664
1998-08-28,5.544622898101807
1998-08-31,5.037017345428467
1998-09-01,5.085824489593506
1998-09-02,5.076062679290772
1998-09-03,4.685597896575928
1998-09-04,4.197514057159424
1998-09-08,4.62702751159668
1998-09-09,4.3829851150512695
1998-09-10,4.187754154205322
1998-09-11,4.519647598266602
1998-09-14,4.753928184509277
1998-09-15,4.666069984436035
1998-09-16,4.7051215171813965
1998-09-17,4.529411315917969
1998-09-18,4.295130729675293
1998-09-21,4.119421482086182
1998-09-22,4.246321201324463
1998-09-23,4.734404563903809
1998-09-24,4.695357322692871
1998-09-25,4.792975902557373
1998-09-28,4.820352077484131
1998-09-29,4.742132663726807
1998-09-30,4.673689365386963
1998-10-01,4.517246246337891
1998-10-02,4.615022659301758
1998-10-05,4.507468700408936
1998-10-06,4.497692108154297
1998-10-07,4.331472873687744
1998-10-08,4.497692108154297
1998-10-09,4.575911521911621
1998-10-12,4.732356071472168
1998-10-13,4.624802589416504
1998-10-14,4.830129623413086
1998-10-15,5.358119010925293
1998-10-16,5.827444076538086
1998-10-19,5.983885288238525
1998-10-20,5.934999942779541
1998-10-21,5.573227882385254
1998-10-22,5.690553665161133
1998-10-23,5.201677322387695
1998-10-26,5.231008052825928
1998-10-27,5.084346771240234
1998-10-28,5.025684356689453
1998-10-29,5.455897331237793
1998-10-30,5.915440082550049
1998-11-02,5.710114002227783
1998-11-03,5.739445686340332
1998-11-04,5.866555213928223
1998-11-05,5.886107444763184
1998-11-06,6.003442764282227
1998-11-09,5.778555870056152
1998-11-10,5.661224842071533
1998-11-11,5.367895603179932
1998-11-12,5.367895603179932
1998-11-13,5.524337768554688
1998-11-16,5.641671180725098
1998-11-17,5.886107444763184
1998-11-18,5.729666709899902
1998-11-19,5.866555213928223
1998-11-20,6.335878849029541
1998-11-23,7.0203118324279785
1998-11-24,7.03986406326294
1998-11-25,6.902981758117676
1998-11-27,6.8638691902160645
1998-11-30,6.687870979309082
1998-12-01,6.61943244934082
1998-12-02,6.687870979309082
1998-12-03,6.52165412902832
1998-12-04,6.52165412902832
1998-12-07,6.502100944519043
1998-12-08,6.267435550689697
1998-12-09,6.23810625076294
1998-12-10,6.10121488571167
1998-12-11,5.954554080963135
1998-12-14,5.837223529815674
1998-12-15,6.257657051086426
1998-12-16,6.247879981994629
1998-12-17,6.531431674957275
1998-12-18,6.23810625076294
1998-12-21,6.844314098358154
1998-12-22,6.717205047607422
1998-12-23,5.964330196380615
1998-12-24,5.934999942779541
1998-12-28,5.895887851715088
1998-12-29,5.728250503540039
1998-12-30,5.532413482666016
1998-12-31,5.013444423675537
1999-01-04,5.600956439971924
1999-01-05,5.835962772369385
1999-01-06,5.924088478088379
1999-01-07,5.767416477203369
1999-01-08,5.718457221984863
1999-01-11,5.600956439971924
1999-01-12,5.50303840637207
1999-01-13,5.3267822265625
1999-01-14,5.003650188446045
1999-01-15,5.228865146636963
1999-01-19,5.160321235656738
1999-01-20,5.17011308670044
1999-01-21,4.827398300170898
1999-01-22,4.876358985900879
1999-01-25,4.856770515441895
1999-01-26,4.856770515441895
1999-01-27,4.837188243865967
1999-01-28,4.944899082183838
1999-01-29,5.248448371887207
1999-02-01,5.277823448181152
1999-02-02,5.209280967712402
1999-02-03,5.307198524475098
1999-02-04,5.228865146636963
1999-02-05,5.17011308670044
1999-02-08,5.2876152992248535
1999-02-09,5.277823448181152
1999-02-10,5.121156692504883
1999-02-11,5.111361026763916
1999-02-12,4.8861494064331055
1999-02-16,4.895942211151123
1999-02-17,4.80781364440918
1999-02-18,4.895942211151123
1999-02-19,4.895942211151123
1999-02-22,5.238655090332031
1999-02-23,5.0721940994262695
1999-02-24,4.954691410064697
1999-02-25,4.876358985900879
1999-02-26,4.984065055847168
1999-03-01,5.121156692504883
1999-03-02,4.837188243865967
1999-03-03,4.944899082183838
1999-03-04,4.984065055847168
1999-03-05,5.179903984069824
1999-03-08,4.984065055847168
1999-03-09,5.091776847839356
1999-03-10,5.150529861450195
1999-03-11,5.2876152992248535
1999-03-12,5.023234844207764
1999-03-15,4.846982479095459
1999-03-16,4.954691410064697
1999-03-17,4.80781364440918
1999-03-18,5.052610874176025
1999-03-19,4.905733108520508
1999-03-22,4.80781364440918
1999-03-23,4.523848056793213
1999-03-24,4.572809219360352
1999-03-25,4.73927116394043
1999-03-26,4.572809219360352
1999-03-29,4.699166774749756
1999-03-30,4.591253280639648
1999-03-31,4.414665222167969
1999-04-01,4.42447566986084
1999-04-05,4.414665222167969
1999-04-06,4.277321815490723
1999-04-07,4.32637357711792
1999-04-08,4.591253280639648
1999-04-09,4.552011966705322
1999-04-12,4.552011966705322
1999-04-13,4.57163143157959
1999-04-14,4.483338356018066
1999-04-15,4.846320629119873
1999-04-16,5.493803977966309
1999-04-19,5.425133228302002
1999-04-20,5.415323257446289
1999-04-21,5.621339321136475
1999-04-22,5.572288513183594
1999-04-23,5.523237228393555
1999-04-26,5.650769233703613
1999-04-27,6.2393951416015625
1999-04-28,6.16091251373291
1999-04-29,6.229585647583008
1999-04-30,6.278634071350098
1999-05-03,6.278634071350098
1999-05-04,6.29825496673584
1999-05-05,6.170721530914307
1999-05-06,6.200153827667236
1999-05-07,6.308063983917236
1999-05-10,6.249204158782959
1999-05-11,6.278634071350098
1999-05-12,6.278634071350098
1999-05-13,6.984980583190918
1999-05-14,6.916309833526611
1999-05-17,6.690669536590576
1999-05-18,6.916309833526611
1999-05-19,7.0634636878967285
1999-05-20,6.955549240112305
1999-05-21,6.877069473266602
1999-05-24,6.749532222747803
1999-05-25,6.44541072845459
1999-05-26,6.494461536407471
1999-05-27,6.504270076751709
1999-05-28,6.828016757965088
1999-06-01,6.945738315582275
1999-06-02,6.680857658386231
1999-06-03,6.523899078369141
1999-06-04,6.200153827667236
1999-06-07,6.4846510887146
1999-06-08,6.425796031951904
1999-06-09,6.268822193145752
1999-06-10,6.170721530914307
1999-06-11,6.102050304412842
1999-06-14,6.023563861846924
1999-06-15,6.033377170562744
1999-06-16,6.288447856903076
1999-06-17,6.2393951416015625
1999-06-18,6.268822193145752
1999-06-21,6.2590155601501465
1999-06-22,6.043186187744141
1999-06-23,6.003946781158447
1999-06-24,5.768494606018066
1999-06-25,5.778306007385254
1999-06-28,5.914837837219238
1999-06-29,5.787111282348633
1999-06-30,6.386453628540039
1999-07-01,6.582958221435547
1999-07-02,6.592787265777588
1999-07-06,6.661561489105225
1999-07-07,6.553483963012695
1999-07-08,6.445406436920166
1999-07-09,6.612436771392822
1999-07-12,6.592787265777588
1999-07-13,6.298027515411377
1999-07-14,6.298027515411377
1999-07-15,6.298027515411377
1999-07-16,6.229252338409424
1999-07-19,6.091696262359619
1999-07-20,6.003267765045166
1999-07-21,6.072043418884277
1999-07-22,6.042567253112793
1999-07-23,5.924663543701172
1999-07-26,5.973792552947998
1999-07-27,6.239073753356934
1999-07-28,6.1604719161987305
1999-07-29,5.9934401512146
1999-07-30,5.9934401512146
1999-08-02,6.013092041015625
1999-08-03,5.895187854766846
1999-08-04,5.836236953735352
1999-08-05,5.836236953735352
1999-08-06,5.787111282348633
1999-08-09,5.855886936187744
1999-08-10,5.787111282348633
1999-08-11,5.885363578796387
1999-08-12,5.826414585113525
1999-08-13,6.022916793823242
1999-08-16,6.032744407653809
1999-08-17,6.199773788452148
1999-08-18,6.150647163391113
1999-08-19,6.091696262359619
1999-08-20,6.130992412567139
1999-08-23,6.140822410583496
1999-08-24,6.150647163391113
1999-08-25,6.052392959594727
1999-08-26,6.052392959594727
1999-08-27,5.875539302825928
1999-08-30,5.590603828430176
1999-08-31,5.64955472946167
1999-09-01,5.570952415466309
1999-09-02,5.453047275543213
1999-09-03,5.512002468109131
1999-09-07,5.433396339416504
1999-09-08,5.266368865966797
1999-09-09,5.040385723114014
1999-09-10,5.099337100982666
1999-09-13,5.02073335647583
1999-09-14,4.942131996154785
1999-09-15,4.85370397567749
1999-09-16,4.804577827453613
1999-09-17,4.804577827453613
1999-09-20,4.814402580261231
1999-09-21,4.794753074645996
1999-09-22,4.794753074645996
1999-09-23,4.7357988357543945
1999-09-24,4.804577827453613
1999-09-27,4.794753074645996
1999-09-28,4.813256740570068
1999-09-29,4.872318267822266
1999-09-30,4.813256740570068
1999-10-01,4.616396427154541
1999-10-04,4.665613174438477
1999-10-05,4.744354248046875
1999-10-06,4.931375026702881
1999-10-07,4.872318267822266
1999-10-08,4.783730506896973
1999-10-11,4.704983711242676
1999-10-12,4.724671363830566
1999-10-13,4.567183494567871
1999-10-14,4.537651538848877
1999-10-15,4.321104049682617
1999-10-18,4.3900065422058105
1999-10-19,4.380165100097656
1999-10-20,4.567183494567871
1999-10-21,4.665613174438477
1999-10-22,4.990432262420654
1999-10-25,4.901845932006836
1999-10-26,4.852630138397217
1999-10-27,4.97074556350708
1999-10-28,5.187292575836182
1999-10-29,5.512115478515625
1999-11-01,5.393996238708496
1999-11-02,5.256196022033691
1999-11-03,5.059336185455322
1999-11-04,5.167608261108398
1999-11-05,5.216822624206543
1999-11-08,4.980589866638184
1999-11-09,5.039648532867432
1999-11-10,4.872318267822266
1999-11-11,4.852630138397217
1999-11-12,5.197139739990234
1999-11-15,5.138078689575195
1999-11-16,5.305411338806152
1999-11-17,5.1774516105651855
1999-11-18,5.167608261108398
1999-11-19,5.295568943023682
1999-11-22,5.266036033630371
1999-11-23,5.187292575836182
1999-11-24,5.315252780914307
1999-11-26,5.157764434814453
1999-11-29,4.97074556350708
1999-11-30,4.951060771942139
1999-12-01,4.97074556350708
1999-12-02,4.862472057342529
1999-12-03,5.039648532867432
1999-12-06,4.892002105712891
1999-12-07,4.960904598236084
1999-12-08,4.832943916320801
1999-12-09,4.911689758300781
1999-12-10,4.960904598236084
1999-12-13,4.773886680603027
1999-12-14,4.823099136352539
1999-12-15,4.852630138397217
1999-12-16,4.793573379516602
1999-12-17,4.892002105712891
1999-12-20,4.783730506896973
1999-12-21,4.852630138397217
1999-12-22,4.744354248046875
1999-12-23,4.8821563720703125
1999-12-27,4.842782974243164
1999-12-28,4.960904598236084
1999-12-29,5.098575592041016
1999-12-30,5.078850269317627
1999-12-31,5.059129238128662
2000-01-03,4.999956607818604
2000-01-04,4.911200523376465
2000-01-05,4.990095138549805
2000-01-06,5.295810222625732
2000-01-07,5.335257530212402
2000-01-10,5.364845275878906
2000-01-11,5.276086807250977
2000-01-12,5.295810222625732
2000-01-13,5.295810222625732
2000-01-14,5.266226768493652
2000-01-18,5.256363391876221
2000-01-19,5.256363391876221
2000-01-20,5.404291152954102
2000-01-21,5.5818047523498535
2000-01-24,5.650838851928711
2000-01-25,6.074897766113281
2000-01-26,5.996005058288574
2000-01-27,5.8184895515441895
2000-01-28,5.6409783363342285
2000-01-31,5.631115436553955
2000-02-01,5.522634506225586
2000-02-02,5.611392021179199
2000-02-03,5.5818047523498535
2000-02-04,5.729732990264893
2000-02-07,5.611392021179199
2000-02-08,5.542359352111816
2000-02-09,5.295810222625732
2000-02-10,5.236644268035889
2000-02-11,5.207058429718018
2000-02-14,5.029542922973633
2000-02-15,5.078850269317627
2000-02-16,5.0887131690979
2000-02-17,4.881617069244385
2000-02-18,4.704100608825684
2000-02-22,4.684377193450928
2000-02-23,4.62520694732666
2000-02-24,4.54631233215332
2000-02-25,4.368799686431885
2000-02-28,4.398385047912598
2000-02-29,4.2899041175842285
2000-03-01,4.2899041175842285
2000-03-02,4.319489479064941
2000-03-03,4.388523578643799
2000-03-06,4.378657817840576
2000-03-07,4.161699771881104
2000-03-08,3.994048357009888
2000-03-09,4.1518378257751465
2000-03-10,4.1419758796691895
2000-03-13,4.063082218170166
2000-03-14,3.974323987960816
2000-03-15,4.418107509613037
2000-03-16,4.802720546722412
2000-03-17,4.733689308166504
2000-03-20,4.644928932189941
2000-03-21,4.733689308166504
2000-03-22,4.753409385681152
2000-03-23,5.029542922973633
2000-03-24,5.364845275878906
2000-03-27,5.138023376464844
2000-03-28,5.01967716217041
2000-03-29,5.029163837432861
2000-03-30,5.187253475189209
2000-03-31,5.286056518554688
2000-04-03,5.3354597091674805
2000-04-04,5.167492866516113
2000-04-05,5.384864807128906
2000-04-06,5.493550777435303
2000-04-07,5.36510181427002
2000-04-10,5.236655235290527
2000-04-11,5.404626846313477
2000-04-12,5.730682373046875
2000-04-13,5.493550777435303
2000-04-14,5.029163837432861
2000-04-17,4.930361270904541
2000-04-18,5.236655235290527
2000-04-19,5.177371501922607
2000-04-20,5.266295433044434
2000-04-24,5.325580596923828
2000-04-25,5.473787307739258
2000-04-26,5.305817127227783
2000-04-27,5.078570365905762
2000-04-28,5.098329544067383
2000-05-01,4.979764461517334
2000-05-02,4.999524116516113
2000-05-03,4.8611931800842285
2000-05-04,4.722870349884033
2000-05-05,4.703107833862305
2000-05-08,4.8611931800842285
2000-05-09,4.831555366516113
2000-05-10,4.732751846313477
2000-05-11,4.851317405700684
2000-05-12,4.9105987548828125
2000-05-15,5.078570365905762
2000-05-16,5.088449001312256
2000-05-17,5.039046764373779
2000-05-18,5.039046764373779
2000-05-19,4.722870349884033
2000-05-22,4.693229675292969
2000-05-23,4.782153129577637
2000-05-24,4.890841007232666
2000-05-25,4.6537065505981445
2000-05-26,4.673468589782715
2000-05-30,4.732751846313477
2000-05-31,4.742632865905762
2000-06-01,4.811795234680176
2000-06-02,5.127970218658447
2000-06-05,5.058807849884033
2000-06-06,4.979764461517334
2000-06-07,5.1576128005981445
2000-06-08,4.890841007232666
2000-06-09,4.831555366516113
2000-06-12,4.772273540496826
2000-06-13,4.890841007232666
2000-06-14,4.890841007232666
2000-06-15,4.673468589782715
2000-06-16,4.663586616516113
2000-06-19,4.8611931800842285
2000-06-20,4.900717258453369
2000-06-21,4.742632865905762
2000-06-22,4.722870349884033
2000-06-23,4.624065399169922
2000-06-26,4.8611931800842285
2000-06-27,4.851317405700684
2000-06-28,4.885898113250732
2000-06-29,4.890450954437256
2000-06-30,4.811254501342773
2000-07-03,4.910252571105957
2000-07-05,4.900352478027344
2000-07-06,4.959752559661865
2000-07-07,5.0488481521606445
2000-07-10,5.068648338317871
2000-07-11,5.197341442108154
2000-07-12,5.405238151550293
2000-07-13,5.553732872009277
2000-07-14,5.60323429107666
2000-07-17,5.425036907196045
2000-07-18,5.316139221191406
2000-07-19,5.207243919372559
2000-07-20,5.345839977264404
2000-07-21,5.395339012145996
2000-07-24,5.355738162994385
2000-07-25,5.355738162994385
2000-07-26,5.266640663146973
2000-07-27,5.454737186431885
2000-07-28,5.484433174133301
2000-07-31,5.682427406311035
2000-08-01,5.692327499389648
2000-08-02,5.6527299880981445
2000-08-03,5.553732872009277
2000-08-04,5.791326999664307
2000-08-07,5.97941780090332
2000-08-08,5.939821243286133
2000-08-09,5.741828441619873
2000-08-10,5.63292932510376
2000-08-11,5.613129138946533
2000-08-14,5.642828941345215
2000-08-15,5.524035453796387
2000-08-16,5.484433174133301
2000-08-17,5.5438337326049805
2000-08-18,5.454737186431885
2000-08-21,5.672529220581055
2000-08-22,5.751727104187012
2000-08-23,5.761624813079834
2000-08-24,5.741828441619873
2000-08-25,5.890320301055908
2000-08-28,5.840823173522949
2000-08-29,5.87052583694458
2000-08-30,5.890320301055908
2000-08-31,6.019020080566406
2000-09-01,6.147712707519531
2000-09-05,6.098217487335205
2000-09-06,6.246711254119873
2000-09-07,6.167516708374023
2000-09-08,6.316009521484375
2000-09-11,6.716947555541992
2000-09-12,6.830794334411621
2000-09-13,7.063436031341553
2000-09-14,7.013941287994385
2000-09-15,6.637752532958984
2000-09-18,6.657551288604736
2000-09-19,6.914941310882568
2000-09-20,6.944641590118408
2000-09-21,6.736745357513428
2000-09-22,7.053534984588623
2000-09-25,6.936124801635742
2000-09-26,6.68110990524292
2000-09-27,6.834755897521973
2000-09-28,7.083433628082275
2000-09-29,7.04695463180542
2000-10-02,7.191287040710449
2000-10-03,6.908967018127441
2000-10-04,6.669466972351074
2000-10-05,6.7138776779174805
2000-10-06,6.485483169555664
2000-10-09,6.46327543258667
2000-10-10,6.245984077453613
2000-10-11,6.2396416664123535
2000-10-12,6.031863689422607
2000-10-13,6.131787300109863
2000-10-16,6.161924362182617
2000-10-17,6.020761013031006
2000-10-18,5.904975891113281
2000-10-19,6.101650238037109
2000-10-20,6.364941596984863
2000-10-23,6.169851303100586
2000-10-24,6.407767295837402
2000-10-25,6.2983245849609375
2000-10-26,6.168267250061035
2000-10-27,6.37128496170044
2000-10-30,6.604437828063965
2000-10-31,6.794766426086426
2000-11-01,6.569545269012451
2000-11-02,6.491827964782715
2000-11-03,6.406180381774902
2000-11-06,6.342733383178711
2000-11-07,6.288810729980469
2000-11-08,6.1857123374938965
2000-11-09,6.21902322769165
2000-11-10,6.107996940612793
2000-11-13,5.954147338867188
2000-11-14,5.889116764068604
2000-11-15,6.042969226837158
2000-11-16,6.087377071380615
2000-11-17,6.066760063171387
2000-11-20,5.985865116119385
2000-11-21,5.947801113128662
2000-11-22,5.766984939575195
2000-11-24,5.824085235595703
2000-11-27,5.9985551834106445
2000-11-28,5.863738059997559
2000-11-29,5.851052284240723
2000-11-30,5.743196487426758
2000-12-01,5.800295829772949
2000-12-04,5.709887504577637
2000-12-05,5.947801113128662
2000-12-06,5.858981132507324
2000-12-07,5.947801113128662
2000-12-08,6.1857123374938965
2000-12-11,6.304670810699463
2000-12-12,5.95573091506958
2000-12-13,5.727334976196289
2000-12-14,5.576659202575684
2000-12-15,5.4719767570495605
2000-12-18,5.797122955322266
2000-12-19,5.8795976638793945
2000-12-20,5.868496417999268
2000-12-21,6.027106285095215
2000-12-22,6.027106285095215
2000-12-26,6.031863689422607
2000-12-27,6.032659530639648
2000-12-28,6.0374274253845215
2000-12-29,6.053313255310059
2001-01-02,5.95798397064209
2001-01-03,6.353594779968262
2001-01-04,6.24237871170044
2001-01-05,6.180416584014893
2001-01-08,6.174063205718994
2001-01-09,6.042192935943604
2001-01-10,6.143874645233154
2001-01-11,6.172471046447754
2001-01-12,6.156585216522217
2001-01-16,6.275743007659912
2001-01-17,6.334530830383301
2001-01-18,6.4060235023498535
2001-01-19,6.359950065612793
2001-01-22,6.458458423614502
2001-01-23,6.550606727600098
2001-01-24,6.671353340148926
2001-01-25,6.755559921264648
2001-01-26,6.9049072265625
2001-01-29,7.475285053253174
2001-01-30,7.548372268676758
2001-01-31,7.429211139678955
2001-02-01,7.599212169647217
2001-02-02,7.538837432861328
2001-02-05,7.419680595397949
2001-02-06,7.098738670349121
2001-02-07,7.032012939453125
2001-02-08,6.981169700622559
2001-02-09,6.871544361114502
2001-02-12,7.046310424804688
2001-02-13,6.982755661010742
2001-02-14,6.931917190551758
2001-02-15,6.879486083984375
2001-02-16,6.901729106903076
2001-02-20,6.577614784240723
2001-02-21,6.577614784240723
2001-02-22,6.571260929107666
2001-02-23,6.585559844970703
2001-02-26,6.7889251708984375
2001-02-27,6.779392242431641
2001-02-28,6.631633758544922
2001-03-01,6.541072845458984
2001-03-02,6.80798864364624
2001-03-05,6.730138778686523
2001-03-06,6.749205589294434
2001-03-07,6.80798864364624
2001-03-08,6.898551940917969
2001-03-09,6.792104244232178
2001-03-12,6.53948450088501
2001-03-13,6.448922157287598
2001-03-14,6.256677627563477
2001-03-15,6.410792350769043
2001-03-16,6.209014415740967
2001-03-19,6.399672508239746
2001-03-20,6.156585216522217
2001-03-21,6.039011001586914
2001-03-22,5.732378959655762
2001-03-23,6.142282962799072
2001-03-26,6.177241325378418
2001-03-27,6.299576759338379
2001-03-28,6.178825378417969
2001-03-29,6.1732587814331055
2001-03-30,6.224184513092041
2001-04-02,6.300576210021973
2001-04-03,5.963183879852295
2001-04-04,5.869287490844727
2001-04-05,6.29261589050293
2001-04-06,6.053897857666016
2001-04-09,6.150978088378906
2001-04-10,6.539291858673096
2001-04-11,6.820981979370117
2001-04-12,6.80506706237793
2001-04-16,6.684116363525391
2001-04-17,6.803475379943848
2001-04-18,7.161553859710693
2001-04-19,7.0421953201293945
2001-04-20,7.0103631019592285
2001-04-23,6.898962497711182
2001-04-24,6.9546637535095215
2001-04-25,7.0421953201293945
2001-04-26,7.177464485168457
2001-04-27,7.177464485168457
2001-04-30,6.946706771850586
2001-05-01,7.07402229309082
2001-05-02,6.973756313323975
2001-05-03,6.840078830718994
2001-05-04,6.88304615020752
2001-05-07,6.840078830718994
2001-05-08,6.752549648284912
2001-05-09,6.725492477416992
2001-05-10,6.736633777618408
2001-05-11,6.62045955657959
2001-05-14,6.652287006378174
2001-05-15,6.669793605804443
2001-05-16,6.922832012176514
2001-05-17,7.013550758361816
2001-05-18,6.981718063354492
2001-05-21,7.045376777648926
2001-05-22,7.145638465881348
2001-05-23,7.161553859710693
2001-05-24,7.156778812408447
2001-05-25,7.136087417602539
2001-05-29,7.113806247711182
2001-05-30,7.026280879974365
2001-05-31,7.081981182098389
2001-06-01,7.026280879974365
2001-06-04,7.097893238067627
2001-06-05,7.225209712982178
2001-06-06,7.099487781524658
2001-06-07,7.061293601989746
2001-06-08,6.989675998687744
2001-06-11,6.914876461029053
2001-06-12,6.9116926193237305
2001-06-13,6.9116926193237305
2001-06-14,6.88304615020752
2001-06-15,6.922832012176514
2001-06-18,6.981718063354492
2001-06-19,7.107442378997803
2001-06-20,7.34456729888916
2001-06-21,7.543501377105713
2001-06-22,7.365259170532227
2001-06-25,7.288868427276611
2001-06-26,7.209295749664307
2001-06-27,7.272955417633057
2001-06-28,7.242717266082764
2001-06-29,7.284093856811523
2001-07-02,7.278516292572021
2001-07-03,7.209984302520752
2001-07-05,7.221141815185547
2001-07-06,7.107987403869629
2001-07-09,7.127115249633789
2001-07-10,7.039458751678467
2001-07-11,6.969333171844482
2001-07-12,7.149423599243164
2001-07-13,7.194049835205078
2001-07-16,7.139859199523926
2001-07-17,7.289672374725342
2001-07-18,7.299233913421631
2001-07-19,7.288079261779785
2001-07-20,7.272140979766846
2001-07-23,7.251424312591553
2001-07-24,7.085675239562988
2001-07-25,7.155800342559815
2001-07-26,7.19245719909668
2001-07-27,7.058581352233887
2001-07-30,6.883269786834717
2001-07-31,6.875305652618408
2001-08-01,6.911960601806641
2001-08-02,6.991646766662598
2001-08-03,6.978899955749512
2001-08-06,6.876899242401123
2001-08-07,6.872117519378662
2001-08-08,6.825899124145508
2001-08-09,6.794029235839844
2001-08-10,6.81474494934082
2001-08-13,6.852993965148926
2001-08-14,6.845025062561035
2001-08-15,6.8705220222473145
2001-08-16,6.817932605743408
2001-08-17,6.680871486663818
2001-08-20,6.711153030395508
2001-08-21,6.59959077835083
2001-08-22,6.709558486938477
2001-08-23,6.684061050415039
2001-08-24,6.891244888305664
2001-08-27,6.792429924011231
2001-08-28,6.594810962677002
2001-08-29,6.59959077835083
2001-08-30,6.50237512588501
2001-08-31,6.5390305519104
2001-09-04,6.54540491104126
2001-09-05,6.489624977111816
2001-09-06,6.309536933898926
2001-09-07,6.118287086486816
2001-09-10,6.276068210601807
2001-09-17,5.769264221191406
2001-09-18,5.673645496368408
2001-09-19,5.65770435333252
2001-09-20,5.345333576202393
2001-09-21,5.083963871002197
2001-09-24,5.423427581787109
2001-09-25,5.4298014640808105
2001-09-26,5.460080623626709
2001-09-27,5.259274005889893
2001-09-28,5.525425434112549
2001-10-01,5.383582592010498
2001-10-02,5.346927165985107
2001-10-03,5.5083208084106445
2001-10-04,5.5083208084106445
2001-10-05,5.46525764465332
2001-10-08,5.334488391876221
2001-10-09,5.428578853607178
2001-10-10,5.530642986297607
2001-10-11,5.680552959442139
2001-10-12,5.385522365570068
2001-10-15,5.3743577003479
2001-10-16,5.4158220291137695
2001-10-17,5.318540096282959
2001-10-18,5.254751682281494
2001-10-19,5.216475486755371
2001-10-22,5.360006332397461
2001-10-23,5.131953239440918
2001-10-24,5.187769889831543
2001-10-25,5.194150447845459
2001-10-26,5.286647319793701
2001-10-29,5.152684688568115
2001-10-30,5.045836925506592
2001-10-31,5.11919641494751
2001-11-01,5.159062385559082
2001-11-02,5.238800525665283
2001-11-05,5.420607566833496
2001-11-06,5.514697074890137
2001-11-07,5.599219799041748
2001-11-08,5.6311140060424805
2001-11-09,5.613574028015137
2001-11-12,5.517888069152832
2001-11-13,5.884682655334473
2001-11-14,5.924551963806152
2001-11-15,5.932527542114258
2001-11-16,5.876708984375
2001-11-19,5.96122932434082
2001-11-20,5.937311172485352
2001-11-21,5.89106035232544
2001-11-23,5.988343715667725
2001-11-26,5.958043575286865
2001-11-27,5.881493091583252
2001-11-28,5.73158597946167
2001-11-29,5.7810235023498535
2001-11-30,5.701287746429443
2001-12-03,5.613574028015137
2001-12-04,5.621546268463135
2001-12-05,5.785806655883789
2001-12-06,5.884682655334473
2001-12-07,5.886279106140137
2001-12-10,5.806540966033936
2001-12-11,5.78899621963501
2001-12-12,5.702881336212158
2001-12-13,5.621546268463135
2001-12-14,5.5577545166015625
2001-12-17,5.541809558868408
2001-12-18,5.573704242706299
2001-12-19,5.642279624938965
2001-12-20,5.623143196105957
2001-12-21,5.589653491973877
2001-12-24,5.602409839630127
2001-12-26,5.613574028015137
2001-12-27,5.627953052520752
2001-12-28,5.672695159912109
2001-12-31,5.63594388961792
2002-01-02,5.623161315917969
2002-01-03,5.717443466186523
2002-01-04,5.877230644226074
2002-01-07,5.864449977874756
2002-01-08,5.787747859954834
2002-01-09,5.835686683654785
2002-01-10,5.800530433654785
2002-01-11,5.747798442840576
2002-01-14,5.6551194190979
2002-01-15,5.711048126220703
2002-01-16,5.607178211212158
2002-01-17,5.683883190155029
2002-01-18,5.624759197235107
2002-01-22,5.588006496429443
2002-01-23,5.56403398513794
2002-01-24,5.834086418151856
2002-01-25,5.949141025543213
2002-01-28,5.982697010040283
2002-01-29,5.667904853820801
2002-01-30,5.829293727874756
2002-01-31,5.984294891357422
2002-02-01,6.155278205871582
2002-02-04,6.021046161651611
2002-02-05,6.02744197845459
2002-02-06,5.982697010040283
2002-02-07,6.07537841796875
2002-02-08,6.196821689605713
2002-02-11,6.310279369354248
2002-02-12,6.270326137542725
2002-02-13,6.478060722351074
2002-02-14,6.455687999725342
2002-02-15,6.394967079162598
2002-02-19,6.200017929077148
2002-02-20,6.2447614669799805
2002-02-21,6.132903575897217
2002-02-22,6.163264274597168
2002-02-25,6.32305908203125
2002-02-26,6.335841178894043
2002-02-27,6.439711570739746
2002-02-28,6.529195785522461
2002-03-01,6.671410083770752
2002-03-04,6.893523216247559
2002-03-05,6.815225601196289
2002-03-06,6.890328884124756
2002-03-07,6.951051235198975
2002-03-08,6.975020885467529
2002-03-11,6.859967231750488
2002-03-12,6.818422794342041
2002-03-13,6.754500865936279
2002-03-14,6.775278568267822
2002-03-15,6.879141330718994
2002-03-18,6.839196681976318
2002-03-19,6.887134552001953
2002-03-20,6.82960844039917
2002-03-21,6.815225601196289
2002-03-22,6.728936672210693
2002-03-25,6.577131748199463
2002-03-26,6.666769981384277
2002-03-27,6.751607894897461
2002-03-28,6.709988117218018
2002-04-01,6.61234712600708
2002-04-02,6.602741241455078
2002-04-03,6.565927505493164
2002-04-04,6.500299453735352
2002-04-05,6.505100727081299
2002-04-08,6.522712230682373
2002-04-09,6.705186367034912
2002-04-10,6.842840671539307
2002-04-11,6.666769981384277
2002-04-12,6.783620834350586
2002-04-15,6.682775020599365
2002-04-16,6.836438179016113
2002-04-17,6.905266761779785
2002-04-18,6.870053291320801
2002-04-19,6.924476623535156
2002-04-22,6.7788166999816895
2002-04-23,6.700382232666016
2002-04-24,6.549919605255127
2002-04-25,6.481090545654297
2002-04-26,6.537116527557373
2002-04-29,6.497099876403809
2002-04-30,6.706786155700684
2002-05-01,6.735599517822266
2002-05-02,6.815632343292236
2002-05-03,6.730796813964844
2002-05-06,6.489097595214844
2002-05-07,6.588335990905762
2002-05-08,6.790019035339356
2002-05-09,6.746801376342773
2002-05-10,6.596341609954834
2002-05-13,6.738799571990967
2002-05-14,6.911671161651611
2002-05-15,6.934081077575684
2002-05-16,6.964494228363037
2002-05-17,7.026918411254883
2002-05-20,6.865250110626221
2002-05-21,6.750002384185791
2002-05-22,6.846042156219482
2002-05-23,7.063733577728272
2002-05-24,7.036520481109619
2002-05-28,6.964494228363037
2002-05-29,6.978899002075195
2002-05-30,6.826834678649902
2002-05-31,6.967696189880371
2002-06-03,6.849245548248291
2002-06-04,6.884459972381592
2002-06-05,7.026918411254883
2002-06-06,6.8892598152160645
2002-06-07,6.8444414138793945
2002-06-10,6.879659175872803
2002-06-11,6.7868194580078125
2002-06-12,6.770812511444092
2002-06-13,6.642760753631592
2002-06-14,6.61074686050415
2002-06-17,6.85884952545166
2002-06-18,6.906870365142822
2002-06-19,6.735599517822266
2002-06-20,6.642760753631592
2002-06-21,6.575530529022217
2002-06-24,6.497099876403809
2002-06-25,6.485896587371826
2002-06-26,6.484292984008789
2002-06-27,6.706786155700684
2002-06-28,6.82523250579834
2002-07-01,6.641154766082764
2002-07-02,6.3898539543151855
2002-07-03,6.317700386047363
2002-07-05,6.492478847503662
2002-07-08,6.4171142578125
2002-07-09,6.218284606933594
2002-07-10,5.972949981689453
2002-07-11,5.979363441467285
2002-07-12,5.920035362243652
2002-07-15,5.8895697593688965
2002-07-16,5.732427597045898
2002-07-17,5.669891834259033
2002-07-18,5.418148994445801
2002-07-19,5.078210353851318
2002-07-22,5.057365894317627
2002-07-23,4.978795051574707
2002-07-24,5.107069969177246
2002-07-25,4.965966701507568
2002-07-26,5.058969974517822
2002-07-29,5.59132194519043
2002-07-30,5.581700801849365
2002-07-31,5.504734516143799
2002-08-01,5.333162307739258
2002-08-02,5.209695339202881
2002-08-05,4.991624355316162
2002-08-06,5.058969974517822
2002-08-07,5.1503682136535645
2002-08-08,5.411730766296387
2002-08-09,5.44701099395752
2002-08-12,5.403716087341309
2002-08-13,5.256196022033691
2002-08-14,5.53520393371582
2002-08-15,5.693946838378906
2002-08-16,5.689135551452637
2002-08-19,5.812602043151856
2002-08-20,5.708377838134766
2002-08-21,5.783741474151611
2002-08-22,5.883155822753906
2002-08-23,5.711582183837891
2002-08-26,5.7901530265808105
2002-08-27,5.740445137023926
2002-08-28,5.564062118530273
2002-08-29,5.568874359130859
2002-08-30,5.612166881561279
2002-09-03,5.413333415985107
2002-09-04,5.567271709442139
2002-09-05,5.443802833557129
2002-09-06,5.403716087341309
2002-09-09,5.5207695960998535
2002-09-10,5.514355182647705
2002-09-11,5.488701343536377
2002-09-12,5.294679641723633
2002-09-13,5.4373860359191895
2002-09-16,5.440597057342529
2002-09-17,5.28024959564209
2002-09-18,5.29788875579834
2002-09-19,5.095849514007568
2002-09-20,5.155177593231201
2002-09-23,5.084625244140625
2002-09-24,5.073400497436523
2002-09-25,5.15998649597168
2002-09-26,5.251386642456055
2002-09-27,5.091039657592773
2002-09-30,4.986812114715576
2002-10-01,5.147160530090332
2002-10-02,4.978795051574707
2002-10-03,4.805229187011719
2002-10-04,4.657374382019043
2002-10-07,4.546485424041748
2002-10-08,4.744155883789063
2002-10-09,4.528807163238525
2002-10-10,4.747372150421143
2002-10-11,4.972365856170654
2002-10-14,4.935403823852539
2002-10-15,5.266463279724121
2002-10-16,5.120218276977539
2002-10-17,5.354854583740234
2002-10-18,5.3420000076293945
2002-10-21,5.393429279327393
2002-10-22,5.298606872558594
2002-10-23,5.409497261047363
2002-10-24,5.327536582946777
2002-10-25,5.478601932525635
2002-10-28,5.452890396118164
2002-10-29,5.324317932128906
2002-10-30,5.316285610198975
2002-10-31,5.301820278167725
2002-11-01,5.396639347076416
2002-11-04,5.494670391082764
2002-11-05,5.505923271179199
2002-11-06,5.5187811851501465
2002-11-07,5.375749111175537
2002-11-08,5.335572719573975
2002-11-11,5.2375359535217285
2002-11-12,5.287356376647949
2002-11-13,5.298606872558594
2002-11-14,5.467352390289307
2002-11-15,5.605563163757324
2002-11-18,5.523604869842529
2002-11-19,5.546100616455078
2002-11-20,5.713240623474121
2002-11-21,5.976805210113525
2002-11-22,5.978409767150879
2002-11-25,5.984838485717773
2002-11-26,5.782346248626709
2002-11-27,5.968765735626221
2002-11-29,5.938232898712158
2002-12-02,6.0185866355896
2002-12-03,5.944660186767578
2002-12-04,5.843415260314941
2002-12-05,5.750202655792236
2002-12-06,5.767878532409668
2002-12-09,5.629673004150391
2002-12-10,5.705202102661133
2002-12-11,5.698775768280029
2002-12-12,5.698775768280029
2002-12-13,5.636096477508545
2002-12-16,5.79680871963501
2002-12-17,5.753415584564209
2002-12-18,5.66502571105957
2002-12-19,5.576633453369141
2002-12-20,5.669846534729004
2002-12-23,5.5573506355285645
2002-12-24,5.505923271179199
2002-12-26,5.523604869842529
2002-12-27,5.418102264404297
2002-12-30,5.488973617553711
2002-12-31,5.488973617553711
2003-01-02,5.680636405944824
2003-01-03,5.711238384246826
2003-01-06,5.8288116455078125
2003-01-07,5.832032680511475
2003-01-08,5.724123001098633
2003-01-09,5.84652853012085
2003-01-10,5.870685577392578
2003-01-13,5.89484453201294
2003-01-14,5.927060604095459
2003-01-15,5.840085983276367
2003-01-16,5.785325050354004
2003-01-17,5.717679500579834
2003-01-21,5.606545925140381
2003-01-22,5.513133049011231
2003-01-23,5.550174713134766
2003-01-24,5.389115333557129
2003-01-27,5.363345623016357
2003-01-28,5.408443450927734
2003-01-29,5.426158905029297
2003-01-30,5.294089794158936
2003-01-31,5.369783878326416
2003-02-03,5.4197187423706055
2003-02-04,5.310194492340088
2003-02-05,5.292478561401367
2003-02-06,5.220002174377441
2003-02-07,5.149135112762451
2003-02-10,5.173293113708496
2003-02-11,5.128194808959961
2003-02-12,5.066990375518799
2003-02-13,5.066990375518799
2003-02-14,5.208725452423096
2003-02-18,5.306971549987793
2003-02-19,5.282814979553223
2003-02-20,5.247381210327148
2003-02-21,5.286037921905518
2003-02-24,5.174905300140381
2003-02-25,5.207114219665527
2003-02-26,5.157184600830078
2003-02-27,5.252213954925537
2003-02-28,5.261877059936523
2003-03-03,5.181345939636231
2003-03-04,5.081489086151123
2003-03-05,5.142689228057861
2003-03-06,5.076655387878418
2003-03-07,5.15880012512207
2003-03-10,5.00095796585083
2003-03-11,4.896265983581543
2003-03-12,4.960690498352051
2003-03-13,5.171682834625244
2003-03-14,5.166849136352539
2003-03-17,5.401998996734619
2003-03-18,5.458373069763184
2003-03-19,5.480921268463135
2003-03-20,5.495415687561035
2003-03-21,5.622652530670166
2003-03-24,5.432603359222412
2003-03-25,5.476085186004639
2003-03-26,5.492194175720215
2003-03-27,5.472015380859375
2003-03-28,5.451033115386963
2003-03-31,5.312214374542236
2003-04-01,5.383237361907959
2003-04-02,5.533355236053467
2003-04-03,5.5220561027526855
2003-04-04,5.602763175964356
2003-04-07,5.626978874206543
2003-04-08,5.617291450500488
2003-04-09,5.53981351852417
2003-04-10,5.549495697021484
2003-04-11,5.499455451965332
2003-04-14,5.644731998443604
2003-04-15,5.73512601852417
2003-04-16,5.636663436889648
2003-04-17,5.707686424255371
2003-04-21,5.672174453735352
2003-04-22,5.799691200256348
2003-04-23,5.770636081695557
2003-04-24,5.68993091583252
2003-04-25,5.617291450500488
2003-04-28,5.718986511230469
2003-04-29,5.706071376800537
2003-04-30,5.630203723907471
2003-05-01,5.578552722930908
2003-05-02,5.696385860443115
2003-05-05,5.630203723907471
2003-05-06,5.681858062744141
2003-05-07,5.659261226654053
2003-05-08,5.560795783996582
2003-05-09,5.64957332611084
2003-05-12,5.709300518035889
2003-05-13,5.668946266174316
2003-05-14,5.651188850402832
2003-05-15,5.7690205574035645
2003-05-16,5.741583347320557
2003-05-19,5.604381561279297
2003-05-20,5.593080043792725
2003-05-21,5.620522499084473
2003-05-22,5.580165863037109
2003-05-23,5.585007667541504
2003-05-27,5.7222113609313965
2003-05-28,5.817450046539307
2003-05-29,5.8239030838012695
2003-05-30,6.03213357925415
2003-06-02,6.125755310058594
2003-06-03,6.101541042327881
2003-06-04,6.182247638702393
2003-06-05,6.251658916473389
2003-06-06,6.304923534393311
2003-06-09,6.2387471199035645
2003-06-10,6.35980749130249
2003-06-11,6.459884166717529
2003-06-12,6.469570636749268
2003-06-13,6.422759532928467
2003-06-16,6.55511999130249
2003-06-17,6.5212249755859375
2003-06-18,6.456658363342285
2003-06-19,6.367879867553711
2003-06-20,6.392091751098633
2003-06-23,6.282328128814697
2003-06-24,6.375950336456299
2003-06-25,6.366264820098877
2003-06-26,6.394567012786865
2003-06-27,6.3234076499938965
2003-06-30,6.318554401397705
2003-07-01,6.425292491912842
2003-07-02,6.441465854644775
2003-07-03,6.452785015106201
2003-07-07,6.608040809631348
2003-07-08,6.718013763427734
2003-07-09,6.735803127288818
2003-07-10,6.711546421051025
2003-07-11,6.7972564697265625
2003-07-14,6.992940902709961
2003-07-15,7.047929763793945
2003-07-16,7.010735988616943
2003-07-17,6.894293785095215
2003-07-18,6.996179580688477
2003-07-21,6.929872989654541
2003-07-22,7.093214511871338
2003-07-23,7.083510398864746
2003-07-24,7.020437717437744
2003-07-25,7.138497352600098
2003-07-28,7.075421333312988
2003-07-29,6.996179580688477
2003-07-30,7.002646446228027
2003-07-31,7.0269060134887695
2003-08-01,6.857093334197998
2003-08-04,6.95413064956665
2003-08-05,6.837686538696289
2003-08-06,6.994563102722168
2003-08-07,7.0802764892578125
2003-08-08,7.122325897216797
2003-08-11,7.119084358215332
2003-08-12,7.157902717590332
2003-08-13,7.138497352600098
2003-08-14,7.187011241912842
2003-08-15,7.122325897216797
2003-08-18,7.138497352600098
2003-08-19,7.141732215881348
2003-08-20,7.1061530113220215
2003-08-21,7.11747407913208
2003-08-22,7.046312808990479
2003-08-25,7.010735988616943
2003-08-26,7.002646446228027
2003-08-27,6.949277400970459
2003-08-28,6.991327285766602
2003-08-29,6.984858512878418
2003-09-02,7.180545330047607
2003-09-03,7.12394380569458
2003-09-04,7.010735988616943
2003-09-05,6.936342716217041
2003-09-08,7.07380485534668
2003-09-09,7.043079376220703
2003-09-10,6.978390216827393
2003-09-11,7.185397624969482
2003-09-12,7.122325897216797
2003-09-15,7.161137104034424
2003-09-16,7.303455352783203
2003-09-17,7.351967811584473
2003-09-18,7.568679809570312
2003-09-19,7.539568424224853
2003-09-22,7.395638465881348
2003-09-23,7.421514987945557
2003-09-24,7.32286262512207
2003-09-25,7.243615627288818
2003-09-26,7.187011241912842
2003-09-29,7.233917236328125
2003-09-30,7.1498188972473145
2003-10-01,7.342267036437988
2003-10-02,7.380336761474609
2003-10-03,7.441891670227051
2003-10-06,7.482393741607666
2003-10-07,7.516410827636719
2003-10-08,7.448371410369873
2003-10-09,7.565006256103516
2003-10-10,7.548807144165039
2003-10-13,7.775595188140869
2003-10-14,7.833912849426269
2003-10-15,7.812851428985596
2003-10-16,7.780456066131592
2003-10-17,7.642763137817383
2003-10-20,7.649242877960205
2003-10-21,7.668684005737305
2003-10-22,7.365759372711182
2003-10-23,7.482393741607666
2003-10-24,7.547183513641357
2003-10-27,7.678400039672852
2003-10-28,7.832292556762695
2003-10-29,7.775595188140869
2003-10-30,7.736716747283935
2003-10-31,7.68164587020874
2003-11-03,7.832292556762695
2003-11-04,7.670300006866455
2003-11-05,7.50993013381958
2003-11-06,7.74967622756958
2003-11-07,7.848492622375488
2003-11-10,7.670300006866455
2003-11-11,7.71565580368042
2003-11-12,7.934349060058594
2003-11-13,7.880893230438232
2003-11-14,7.492106914520264
2003-11-17,7.425697326660156
2003-11-18,7.343077182769775
2003-11-19,7.221590042114258
2003-11-20,7.056355953216553
2003-11-21,7.273422718048096
2003-11-24,7.40787410736084
2003-11-25,7.592546939849853
2003-11-26,7.744817733764648
2003-11-28,7.748056411743164
2003-12-01,7.752916812896728
2003-12-02,7.723757266998291
2003-12-03,7.675164222717285
2003-12-04,7.761013984680176
2003-12-05,7.662203311920166
2003-12-08,7.735097885131836
2003-12-09,7.921388149261475
2003-12-10,7.856593132019043
2003-12-11,7.939206600189209
2003-12-12,7.940828323364258
2003-12-15,8.021821975708008
2003-12-16,7.999143123626709
2003-12-17,7.984565258026123
2003-12-18,8.021821975708008
2003-12-19,8.277771949768066
2003-12-22,8.21297550201416
2003-12-23,8.315027236938477
2003-12-24,8.284248352050781
2003-12-26,8.285866737365723
2003-12-29,8.437580108642578
2003-12-30,8.401885032653809
2003-12-31,8.447319030761719
2004-01-02,8.468412399291992
2004-01-05,8.609576225280762
2004-01-06,8.599846839904785
2004-01-07,8.710185050964355
2004-01-08,8.77346420288086
2004-01-09,8.718295097351074
2004-01-12,8.721539497375488
2004-01-13,8.823771476745605
2004-01-14,9.026592254638672
2004-01-15,9.136927604675291
2004-01-16,9.271605491638184
2004-01-20,9.328398704528809
2004-01-21,9.652918815612791
2004-01-22,9.696727752685549
2004-01-23,9.57016944885254
2004-01-26,9.74378490447998
2004-01-27,9.581523895263672
2004-01-28,9.31703758239746
2004-01-29,9.42250919342041
2004-01-30,9.373828887939451
2004-02-02,9.432244300842283
2004-02-03,9.339754104614258
2004-02-04,9.192100524902344
2004-02-05,9.10285758972168
2004-02-06,9.252134323120115
2004-02-09,9.222929954528809
2004-02-10,9.232665061950684
2004-02-11,9.5685453414917
2004-02-12,9.506884574890137
2004-02-13,9.48416805267334
2004-02-17,9.620465278625488
2004-02-18,9.476058959960938
2004-02-19,9.187228202819824
2004-02-20,9.09636402130127
2004-02-23,9.050930976867676
2004-02-24,8.987651824951172
2004-02-25,9.054176330566406
2004-02-26,9.08825397491455
2004-02-27,9.167759895324709
2004-03-01,9.362471580505373
2004-03-02,9.37220859527588
2004-03-03,9.430621147155762
2004-03-04,9.56692123413086
2004-03-05,9.573410034179688
2004-03-08,9.50039291381836
2004-03-09,9.451715469360352
2004-03-10,9.250514030456545
2004-03-11,9.02010440826416
2004-03-12,9.151533126831056
2004-03-15,8.96817398071289
2004-03-16,9.086630821228027
2004-03-17,9.278095245361328
2004-03-18,9.221302032470703
2004-03-19,9.158021926879885
2004-03-22,8.960065841674805
2004-03-23,8.916254043579102
2004-03-24,8.835124969482422
2004-03-25,8.99251651763916
2004-03-26,9.03795051574707
2004-03-29,9.137898445129396
2004-03-30,9.066386222839355
2004-03-31,9.04851531982422
2004-04-01,9.168773651123049
2004-04-02,9.26627254486084
2004-04-05,9.284149169921877
2004-04-06,9.271153450012209
2004-04-07,9.246769905090332
2004-04-08,9.243524551391602
2004-04-12,9.272777557373049
2004-04-13,9.037137985229492
2004-04-14,8.897375106811523
2004-04-15,8.902254104614258
2004-04-16,8.959134101867676
2004-04-19,8.794997215270996
2004-04-20,8.609737396240234
2004-04-21,8.52523136138916
2004-04-22,8.842123985290527
2004-04-23,8.842123985290527
2004-04-26,8.994887351989746
2004-04-27,9.124892234802246
2004-04-28,8.962383270263672
2004-04-29,8.97863483428955
2004-04-30,8.91037654876709
2004-05-03,8.955885887145996
2004-05-04,8.949382781982422
2004-05-05,8.933134078979492
2004-05-06,8.788498878479004
2004-05-07,8.57236099243164
2004-05-10,8.531730651855469
2004-05-11,8.185587882995605
2004-05-12,8.18233871459961
2004-05-13,8.099456787109375
2004-05-14,8.021450996398926
2004-05-17,7.87844705581665
2004-05-18,8.003582000732422
2004-05-19,7.984076976776123
2004-05-20,7.925576210021973
2004-05-21,7.962952136993408
2004-05-24,8.003582000732422
2004-05-25,8.193713188171387
2004-05-26,8.177462577819824
2004-05-27,8.20671558380127
2004-05-28,8.1709623336792
2004-06-01,8.159590721130371
2004-06-02,8.110834121704102
2004-06-03,8.07671070098877
2004-06-04,8.166085243225098
2004-06-07,8.318846702575684
2004-06-08,8.227840423583984
2004-06-09,8.188841819763184
2004-06-10,8.213214874267578
2004-06-14,8.14171314239502
2004-06-15,8.101086616516113
2004-06-16,8.193713188171387
2004-06-17,8.099456787109375
2004-06-18,8.018206596374512
2004-06-21,7.873573303222656
2004-06-22,8.114087104797363
2004-06-23,8.12546157836914
2004-06-24,8.180712699890137
2004-06-25,8.19533920288086
2004-06-28,8.11571216583252
2004-06-29,8.140087127685547
2004-06-30,8.138459205627441
2004-07-01,8.100207328796387
2004-07-02,8.074162483215332
2004-07-06,7.919513702392578
2004-07-07,7.838121891021728
2004-07-08,7.75347375869751
2004-07-09,7.72416877746582
2004-07-12,7.738821029663086
2004-07-13,7.899977684020996
2004-07-14,7.898354530334473
2004-07-15,7.844631195068359
2004-07-16,7.797426700592041
2004-07-19,7.787658214569092
2004-07-20,7.992766857147217
2004-07-21,8.05788516998291
2004-07-22,7.958584785461426
2004-07-23,7.7811455726623535
2004-07-26,7.711148738861084
2004-07-27,7.8674235343933105
2004-07-28,7.826724529266357
2004-07-29,7.893472194671631
2004-07-30,7.854401111602783
2004-08-02,7.896724224090576
2004-08-03,7.895097255706787
2004-08-04,7.93904972076416
2004-08-05,7.865797996520996
2004-08-06,7.773009300231934
2004-08-09,7.764869689941406
2004-08-10,7.886961460113525
2004-08-11,7.937422275543213
2004-08-12,7.917888164520264
2004-08-13,7.898354530334473
2004-08-16,8.072531700134277
2004-08-17,8.191367149353027
2004-08-18,8.303683280944824
2004-08-19,8.33950138092041
2004-08-20,8.41763973236084
2004-08-23,8.515310287475586
2004-08-24,8.583677291870117
2004-08-25,8.746463775634766
2004-08-26,8.75786018371582
2004-08-27,8.67158317565918
2004-08-30,8.640650749206543
2004-08-31,8.67158317565918
2004-09-01,8.647162437438965
2004-09-02,8.844138145446777
2004-09-03,8.73507022857666
2004-09-07,8.899483680725098
2004-09-08,8.81483268737793
2004-09-09,8.715534210205078
2004-09-10,8.954833030700684
2004-09-13,8.97436237335205
2004-09-14,9.052502632141112
2004-09-15,8.964595794677734
2004-09-16,9.032967567443848
2004-09-17,8.933669090270996
2004-09-20,8.871811866760254
2004-09-21,9.168079376220703
2004-09-22,9.015061378479004
2004-09-23,8.878324508666992
2004-09-24,8.907624244689941
2004-09-27,8.764369010925293
2004-09-28,8.805066108703613
2004-09-29,8.953201293945312
2004-09-30,9.090967178344728
2004-10-01,9.284987449645996
2004-10-04,9.29476547241211
2004-10-05,9.208351135253906
2004-10-06,9.397479057312012
2004-10-07,9.434976577758787
2004-10-08,9.356718063354492
2004-10-11,9.345308303833008
2004-10-12,9.627357482910156
2004-10-13,9.602906227111816
2004-10-14,9.420306205749512
2004-10-15,9.461060523986816
2004-10-18,9.39095687866211
2004-10-19,9.293134689331056
2004-10-20,9.275201797485352
2004-10-21,9.44965362548828
2004-10-22,9.337154388427734
2004-10-25,9.29476547241211
2004-10-26,9.37465476989746
2004-10-27,9.659972190856934
2004-10-28,9.912675857543944
2004-10-29,9.883328437805176
2004-11-01,9.880070686340332
2004-11-02,9.754528999328612
2004-11-03,9.938763618469238
2004-11-04,10.062673568725586
2004-11-05,10.131146430969238
2004-11-08,9.97951889038086
2004-11-09,10.170275688171388
2004-11-10,10.31538200378418
2004-11-11,10.43277072906494
2004-11-12,10.515917778015137
2004-11-15,10.43440055847168
2004-11-16,10.30559253692627
2004-11-17,10.349617004394531
2004-11-18,10.349617004394531
2004-11-19,10.157234191894531
2004-11-22,10.201249122619627
2004-11-23,10.189834594726562
2004-11-24,10.251792907714844
2004-11-26,10.393637657165527
2004-11-29,10.674068450927734
2004-11-30,10.70014762878418
2004-12-01,10.801230430603027
2004-12-02,10.89090347290039
2004-12-03,10.84199333190918
2004-12-06,10.866445541381836
2004-12-07,10.758846282958984
2004-12-08,10.827320098876951
2004-12-09,10.843622207641602
2004-12-10,11.062090873718262
2004-12-13,11.247950553894045
2004-12-14,11.135457992553713
2004-12-15,11.097962379455566
2004-12-16,10.928397178649902
2004-12-17,11.168067932128906
2004-12-20,11.254470825195312
2004-12-21,11.461533546447754
2004-12-22,11.534896850585938
2004-12-23,11.471317291259766
2004-12-27,11.396316528320312
2004-12-28,11.406099319458008
2004-12-29,11.4224271774292
2004-12-30,11.482831954956056
2004-12-31,11.371814727783203
2005-01-03,11.352224349975586
2005-01-04,11.27711582183838
2005-01-05,11.115474700927734
2005-01-06,11.15630054473877
2005-01-07,11.048539161682127
2005-01-10,11.242826461791992
2005-01-11,11.22487449645996
2005-01-12,11.322834968566896
2005-01-13,10.878737449645996
2005-01-14,11.08119297027588
2005-01-18,11.159564018249512
2005-01-19,11.050167083740234
2005-01-20,10.881999969482422
2005-01-21,10.610971450805664
2005-01-24,10.607707977294922
2005-01-25,10.589749336242676
2005-01-26,10.75465202331543
2005-01-27,10.767709732055664
2005-01-28,10.955469131469728
2005-01-31,11.07955551147461
2005-02-01,11.092617988586426
2005-02-02,11.02077865600586
2005-02-03,10.962002754211426
2005-02-04,11.164457321166992
2005-02-07,10.962002754211426
2005-02-08,10.929350852966309
2005-02-09,11.125273704528809
2005-02-10,11.358749389648438
2005-02-11,11.499162673950195
2005-02-14,11.481205940246582
2005-02-15,11.559576034545898
2005-02-16,11.57590103149414
2005-02-17,11.535082817077637
2005-02-18,11.44691562652588
2005-02-22,11.184052467346191
2005-02-23,11.239564895629885
2005-02-24,11.332626342773438
2005-02-25,11.40773582458496
2005-02-28,11.459980010986328
2005-03-01,11.78652286529541
2005-03-02,11.74734115600586
2005-03-03,11.729377746582031
2005-03-04,11.895906448364258
2005-03-07,11.957956314086914
2005-03-08,11.830607414245604
2005-03-09,11.874692916870115
2005-03-10,11.918771743774414
2005-03-11,11.677129745483398
2005-03-14,11.65753936767578
2005-03-15,11.670599937438965
2005-03-16,11.713051795959473
2005-03-17,11.80121612548828
2005-03-18,11.737536430358888
2005-03-21,11.683659553527832
2005-03-22,11.417527198791504
2005-03-23,11.268949508666992
2005-03-24,11.257518768310549
2005-03-28,11.311402320861816
2005-03-29,11.26425838470459
2005-03-30,11.49156379699707
2005-03-31,11.558913230895996
2005-04-01,11.4747314453125
2005-04-04,11.521872520446776
2005-04-05,11.52355670928955
2005-04-06,11.511773109436035
2005-04-07,11.542074203491213
2005-04-08,11.48651123046875
2005-04-11,11.414108276367188
2005-04-12,11.425893783569336
2005-04-13,11.126190185546877
2005-04-14,11.169961929321287
2005-04-15,10.87026596069336
2005-04-18,10.92245388031006
2005-04-19,11.063892364501951
2005-04-20,10.839956283569336
2005-04-21,11.117774963378906
2005-04-22,10.878681182861328
2005-04-25,11.11272144317627
2005-04-26,11.156498908996582
2005-04-27,11.193541526794434
2005-04-28,11.279415130615234
2005-04-29,11.563962936401367
2005-05-02,11.535337448120115
2005-05-03,11.49156379699707
2005-05-04,11.722237586975098
2005-05-05,11.764336585998535
2005-05-06,11.705397605895996
2005-05-09,11.863665580749512
2005-05-10,11.63468074798584
2005-05-11,11.680140495300291
2005-05-12,11.498298645019531
2005-05-13,11.473041534423828
2005-05-16,11.801369667053224
2005-05-17,11.858620643615724
2005-05-18,12.033727645874023
2005-05-19,12.038782119750977
2005-05-20,12.018576622009276
2005-05-23,12.116230010986328
2005-05-24,12.122973442077637
2005-05-25,12.013525009155272
2005-05-26,12.04383373260498
2005-05-27,12.185270309448242
2005-05-31,12.146543502807615
2005-06-01,12.215578079223633
2005-06-02,12.335118293762209
2005-06-03,12.171797752380373
2005-06-06,12.26103687286377
2005-06-07,12.240833282470703
2005-06-08,12.133074760437012
2005-06-09,12.358694076538086
2005-06-10,12.299762725830078
2005-06-13,12.20715618133545
2005-06-14,12.23914623260498
2005-06-15,12.208839416503906
2005-06-16,12.11455535888672
2005-06-17,12.080877304077148
2005-06-20,12.089295387268066
2005-06-21,12.131391525268556
2005-06-22,12.249249458312988
2005-06-23,12.171797752380373
2005-06-24,12.468132972717283
2005-06-27,12.491704940795898
2005-06-28,12.857080459594728
2005-06-29,13.000198364257812
2005-06-30,12.978288650512695
2005-07-01,13.099672317504885
2005-07-05,13.376164436340332
2005-07-06,13.490803718566896
2005-07-07,13.57172966003418
2005-07-08,13.969605445861816
2005-07-11,14.163490295410156
2005-07-12,14.219127655029297
2005-07-13,14.119653701782228
2005-07-14,14.119653701782228
2005-07-15,13.824617385864258
2005-07-18,13.81618881225586
2005-07-19,13.849907875061035
2005-07-20,13.908910751342772
2005-07-21,13.79258632659912
2005-07-22,13.8583402633667
2005-07-25,13.755496978759766
2005-07-26,13.635797500610352
2005-07-27,13.69985580444336
2005-07-28,13.77910614013672
2005-07-29,13.625685691833496
2005-08-01,13.608824729919434
2005-08-02,13.954434394836426
2005-08-03,13.932517051696776
2005-08-04,13.77910614013672
2005-08-05,13.558239936828612
2005-08-08,13.53294849395752
2005-08-09,13.824617385864258
2005-08-10,13.799324989318848
2005-08-11,13.900485038757324
2005-08-12,13.75381088256836
2005-08-15,13.80776023864746
2005-08-16,13.618936538696287
2005-08-17,13.662766456604004
2005-08-18,13.605449676513672
2005-08-19,13.725150108337402
2005-08-22,13.78921890258789
2005-08-23,13.831360816955566
2005-08-24,13.713345527648926
2005-08-25,13.62905502319336
2005-08-26,13.539695739746094
2005-08-29,13.63074016571045
2005-08-30,13.465514183044434
2005-08-31,13.561613082885742
2005-09-01,13.69311237335205
2005-09-02,13.731894493103027
2005-09-06,13.917349815368652
2005-09-07,13.881936073303224
2005-09-08,13.892056465148926
2005-09-09,13.981411933898926
2005-09-12,13.998268127441406
2005-09-13,13.743690490722656
2005-09-14,13.58690357208252
2005-09-15,13.585219383239746
2005-09-16,13.554871559143066
2005-09-19,13.743690490722656
2005-09-20,13.838107109069824
2005-09-21,13.403139114379885
2005-09-22,13.68300724029541
2005-09-23,13.679632186889648
2005-09-26,13.645909309387209
2005-09-27,13.738633155822754
2005-09-28,13.76730251312256
2005-09-29,13.993490219116213
2005-09-30,14.17241668701172
2005-10-03,14.072820663452148
2005-10-04,13.875326156616213
2005-10-05,13.79430866241455
2005-10-06,13.73691177368164
2005-10-07,13.723410606384276
2005-10-10,13.61875343322754
2005-10-11,13.622122764587402
2005-10-12,13.384119987487791
2005-10-13,13.206884384155272
2005-10-14,13.622122764587402
2005-10-17,13.657574653625488
2005-10-18,13.60525131225586
2005-10-19,14.010372161865234
2005-10-20,13.885454177856444
2005-10-21,14.10151481628418
2005-10-24,14.82736110687256
2005-10-25,14.596105575561523
2005-10-26,14.80710220336914
2005-10-27,14.969148635864258
2005-10-28,14.621423721313477
2005-10-31,14.916829109191896
2005-11-01,15.002904891967772
2005-11-02,15.224041938781738
2005-11-03,15.08899211883545
2005-11-04,15.386086463928224
2005-11-07,15.46880054473877
2005-11-08,15.63591194152832
2005-11-09,15.728741645812988
2005-11-10,15.985325813293455
2005-11-11,16.03595542907715
2005-11-14,16.002214431762695
2005-11-15,15.728741645812988
2005-11-16,15.841837882995604
2005-11-17,16.18788719177246
2005-11-18,16.120361328125
2005-11-21,16.348249435424805
2005-11-22,16.348249435424805
2005-11-23,16.306039810180664
2005-11-25,16.547428131103516
2005-11-28,16.198009490966797
2005-11-29,15.968443870544434
2005-11-30,15.67811107635498
2005-12-01,15.992074966430664
2005-12-02,15.990388870239258
2005-12-05,16.09842300415039
2005-12-06,16.37356948852539
2005-12-07,16.32292366027832
2005-12-08,16.235153198242188
2005-12-09,16.525484085083008
2005-12-12,16.27228546142578
2005-12-13,16.43096351623535
2005-12-14,16.45290184020996
2005-12-15,16.4647159576416
2005-12-16,16.375247955322266
2005-12-19,16.11530303955078
2005-12-20,16.16088104248047
2005-12-21,16.201385498046875
2005-12-22,16.21320343017578
2005-12-23,16.28409767150879
2005-12-27,15.980253219604492
2005-12-28,16.05630874633789
2005-12-29,15.968432426452637
2005-12-30,15.888995170593262
2006-01-03,16.20843505859375
2006-01-04,16.228710174560547
2006-01-05,16.039409637451172
2006-01-06,16.198291778564453
2006-01-09,16.524478912353516
2006-01-10,16.531248092651367
2006-01-11,16.830400466918945
2006-01-12,16.68673324584961
2006-01-13,16.56842613220215
2006-01-17,16.377443313598633
2006-01-18,16.260826110839844
2006-01-19,16.543081283569336
2006-01-20,16.389272689819336
2006-01-23,16.443359375
2006-01-24,16.551525115966797
2006-01-25,16.445051193237305
2006-01-26,17.036596298217773
2006-01-27,17.05349349975586
2006-01-30,16.884485244750977
2006-01-31,16.64786148071289
2006-02-01,16.723918914794922
2006-02-02,16.583637237548828
2006-02-03,16.237163543701172
2006-02-06,16.377443313598633
2006-02-07,15.985333442687988
2006-02-08,16.09011459350586
2006-02-09,15.917734146118164
2006-02-10,15.99547290802002
2006-02-13,16.078283309936523
2006-02-14,16.343639373779297
2006-02-15,16.65462875366211
2006-02-16,16.793212890625
2006-02-17,16.65631103515625
2006-02-21,16.556602478027344
2006-02-22,16.918289184570312
2006-02-23,17.058565139770508
2006-02-24,17.247865676879883
2006-02-27,17.498004913330078
2006-02-28,17.35434341430664
2006-03-01,17.470964431762695
2006-03-02,17.474348068237305
2006-03-03,17.421951293945312
2006-03-06,17.119415283203125
2006-03-07,16.91997718811035
2006-03-08,16.73237419128418
2006-03-09,16.445051193237305
2006-03-10,16.436599731445312
2006-03-13,16.458566665649414
2006-03-14,16.850683212280273
2006-03-15,17.090688705444336
2006-03-16,17.264760971069336
2006-03-17,17.146455764770508
2006-03-20,17.166736602783203
2006-03-21,16.794904708862305
2006-03-22,16.842233657836914
2006-03-23,16.5751895904541
2006-03-24,16.46194839477539
2006-03-27,16.468711853027344
2006-03-28,15.848426818847656
2006-03-29,16.1361141204834
2006-03-30,15.980430603027344
2006-03-31,15.948271751403809
2006-04-03,16.034584045410156
2006-04-04,16.286733627319336
2006-04-05,16.286733627319336
2006-04-06,16.222431182861328
2006-04-07,16.073509216308594
2006-04-10,16.20381736755371
2006-04-11,15.914426803588867
2006-04-12,15.927966117858888
2006-04-13,16.015968322753906
2006-04-17,15.98381519317627
2006-04-18,16.47458267211914
2006-04-19,16.5084228515625
2006-04-20,16.45766258239746
2006-04-21,16.391653060913086
2006-04-24,16.307044982910156
2006-04-25,16.254581451416016
2006-04-26,16.533809661865234
2006-04-27,15.768882751464844
2006-04-28,15.758745193481444
2006-05-01,14.954899787902832
2006-05-02,15.07843780517578
2006-05-03,15.005663871765137
2006-05-04,15.298429489135742
2006-05-05,15.834891319274902
2006-05-08,15.586125373840332
2006-05-09,15.797656059265137
2006-05-10,15.873811721801758
2006-05-11,15.46258544921875
2006-05-12,15.112277030944824
2006-05-15,15.019194602966309
2006-05-16,15.059815406799316
2006-05-17,14.839816093444824
2006-05-18,14.679041862487791
2006-05-19,15.019194602966309
2006-05-22,14.817814826965332
2006-05-23,14.85505485534668
2006-05-24,14.69766330718994
2006-05-25,15.022579193115234
2006-05-26,15.296732902526855
2006-05-30,14.841509819030762
2006-05-31,15.222280502319336
2006-06-01,15.340730667114258
2006-06-02,15.347508430480955
2006-06-05,14.915973663330078
2006-06-06,14.812735557556152
2006-06-07,14.93120288848877
2006-06-08,14.822890281677246
2006-06-09,14.716279983520508
2006-06-12,14.191667556762695
2006-06-13,13.863360404968262
2006-06-14,13.746593475341797
2006-06-15,14.382891654968262
2006-06-16,14.391358375549316
2006-06-19,14.294891357421877
2006-06-20,14.450586318969728
2006-06-21,14.70274257659912
2006-06-22,14.729813575744627
2006-06-23,14.6705904006958
2006-06-26,14.503044128417969
2006-06-27,14.118897438049316
2006-06-28,14.173049926757812
2006-06-29,14.645201683044434
2006-06-30,14.711295127868652
2006-07-03,14.780769348144531
2006-07-05,14.302882194519045
2006-07-06,14.302882194519045
2006-07-07,13.9808931350708
2006-07-10,14.140204429626465
2006-07-11,14.187642097473145
2006-07-12,14.32998752593994
2006-07-13,14.177473068237305
2006-07-14,14.072413444519045
2006-07-17,14.0537691116333
2006-07-18,14.116464614868164
2006-07-19,14.585888862609863
2006-07-20,14.474039077758787
2006-07-21,14.313043594360352
2006-07-24,14.52827262878418
2006-07-25,14.47234344482422
2006-07-26,14.29271411895752
2006-07-27,14.77738094329834
2006-07-28,15.421354293823242
2006-07-31,15.497611045837402
2006-08-01,15.346787452697754
2006-08-02,15.528120994567873
2006-08-03,15.556925773620604
2006-08-04,15.78570556640625
2006-08-07,15.66538429260254
2006-08-08,15.517943382263184
2006-08-09,15.606069564819336
2006-08-10,15.750117301940918
2006-08-11,15.619621276855469
2006-08-14,15.724698066711426
2006-08-15,16.22292137145996
2006-08-16,16.44831085205078
2006-08-17,16.626249313354492
2006-08-18,16.749961853027344
2006-08-21,16.458486557006836
2006-08-22,16.47034454345703
2006-08-23,16.6160888671875
2006-08-24,16.56863021850586
2006-08-25,16.460172653198242
2006-08-28,16.527957916259766
2006-08-29,16.504243850708008
2006-08-30,16.548294067382812
2006-08-31,16.677087783813477
2006-09-01,16.600833892822266
2006-09-05,16.688955307006836
2006-09-06,16.726242065429688
2006-09-07,16.67200469970703
2006-09-08,16.82114028930664
2006-09-11,17.03127098083496
2006-09-12,17.549840927124023
2006-09-13,17.64812469482422
2006-09-14,17.641345977783203
2006-09-15,17.75489044189453
2006-09-18,17.60237693786621
2006-09-19,17.67354393005371
2006-09-20,17.92774200439453
2006-09-21,17.736248016357422
2006-09-22,17.560001373291016
2006-09-25,17.897241592407227
2006-09-26,17.810821533203125
2006-09-27,17.743024826049805
2006-09-28,17.873512268066406
2006-09-29,17.920969009399414
2006-10-02,17.866676330566406
2006-10-03,18.04821014404297
2006-10-04,18.290828704833984
2006-10-05,18.365476608276367
2006-10-06,18.26706886291504
2006-10-09,18.32644844055176
2006-10-10,18.117769241333008
2006-10-11,17.814083099365234
2006-10-12,18.11099433898925
2006-10-13,17.885339736938477
2006-10-16,17.98712730407715
2006-10-17,17.859886169433594
2006-10-18,18.012582778930664
2006-10-19,17.859886169433594
2006-10-20,17.93623924255371
2006-10-23,18.33832740783692
2006-10-24,18.351900100708008
2006-10-25,18.57075309753418
2006-10-26,18.99660301208496
2006-10-27,18.815065383911133
2006-10-30,19.249387741088867
2006-10-31,19.334213256835938
2006-11-01,18.755691528320312
2006-11-02,18.653886795043945
2006-11-03,18.39940071105957
2006-11-06,18.698001861572266
2006-11-07,18.76077461242676
2006-11-08,18.686124801635746
2006-11-09,18.105899810791016
2006-11-10,18.153396606445312
2006-11-13,18.221267700195312
2006-11-14,18.32306289672852
2006-11-15,18.35359764099121
2006-11-16,18.46727180480957
2006-11-17,18.407888412475582
2006-11-20,18.44690322875977
2006-11-21,18.385831832885746
2006-11-22,18.479143142700195
2006-11-24,18.27216339111328
2006-11-27,17.62236976623535
2006-11-28,17.732646942138672
2006-11-29,17.976951599121094
2006-11-30,18.109289169311523
2006-12-01,18.117769241333008
2006-12-04,18.5317325592041
2006-12-05,18.83542823791504
2006-12-06,18.99660301208496
2006-12-07,18.98302459716797
2006-12-08,19.06276130676269
2006-12-11,18.942302703857425
2006-12-12,19.06955337524414
2006-12-13,19.05429077148437
2006-12-14,19.340999603271484
2006-12-15,19.212060928344727
2006-12-18,19.28330993652344
2006-12-19,19.006778717041016
2006-12-20,18.954185485839844
2006-12-21,18.94061088562012
2006-12-22,18.733631134033203
2006-12-26,18.66228103637696
2006-12-27,18.847455978393555
2006-12-28,18.86613655090332
2006-12-29,18.716629028320312
2007-01-03,19.261981964111328
2007-01-04,19.346927642822266
2007-01-05,18.98845863342285
2007-01-08,19.527008056640625
2007-01-09,19.87188148498535
2007-01-10,20.07914924621582
2007-01-11,20.407028198242188
2007-01-12,20.373050689697266
2007-01-16,20.45799446105957
2007-01-17,20.42911529541016
2007-01-18,20.2932071685791
2007-01-19,20.011199951171875
2007-01-22,20.033281326293945
2007-01-23,19.99251174926757
2007-01-24,20.41892433166504
2007-01-25,20.160690307617188
2007-01-26,20.06386375427246
2007-01-29,19.916051864624023
2007-01-30,19.96532821655273
2007-01-31,20.235441207885746
2007-02-01,20.624492645263672
2007-02-02,20.51575469970703
2007-02-05,20.595611572265625
2007-02-06,20.760395050048828
2007-02-07,20.965961456298828
2007-02-08,21.062807083129883
2007-02-09,20.70942497253418
2007-02-12,20.83855056762696
2007-02-13,20.881027221679688
2007-02-14,21.336328506469727
2007-02-15,21.42296600341797
2007-02-16,21.409379959106445
2007-02-20,21.394092559814453
2007-02-21,21.370311737060547
2007-02-22,21.32953453063965
2007-02-23,21.02372932434082
2007-02-26,20.79777908325196
2007-02-27,19.70369338989257
2007-02-28,19.926252365112305
2007-03-01,19.59836769104004
2007-03-02,19.44546699523925
2007-03-05,18.979965209960938
2007-03-06,19.596660614013672
2007-03-07,19.487937927246094
2007-03-08,19.968711853027344
2007-03-09,20.33907127380371
2007-03-12,20.502168655395508
2007-03-13,19.73087882995605
2007-03-14,19.92964553833008
2007-03-15,19.95003128051757
2007-03-16,19.462461471557617
2007-03-19,19.868480682373047
2007-03-20,19.93474769592285
2007-03-21,20.60919570922852
2007-03-22,20.6414852142334
2007-03-23,20.87593078613281
2007-03-26,20.87762451171875
2007-03-27,20.627885818481445
2007-03-28,20.28428840637207
2007-03-29,20.491811752319336
2007-03-30,20.55304718017578
2007-04-02,20.53433609008789
2007-04-03,21.146684646606445
2007-04-04,21.35080337524414
2007-04-05,21.39674568176269
2007-04-09,21.384828567504883
2007-04-10,21.491992950439453
2007-04-11,21.41033935546875
2007-04-12,21.53110313415528
2007-04-13,21.52430534362793
2007-04-16,22.02269554138184
2007-04-17,22.272741317749023
2007-04-18,22.621450424194336
2007-04-19,21.93766021728516
2007-04-20,22.16217422485352
2007-04-23,22.14346694946289
2007-04-24,22.01930046081543
2007-04-25,22.284652709960938
2007-04-26,22.22511100769043
2007-04-27,22.340789794921875
2007-04-30,22.335674285888672
2007-05-01,22.386716842651367
2007-05-02,22.619752883911133
2007-05-03,22.898717880249023
2007-05-04,22.99736595153809
2007-05-07,23.00246238708496
2007-05-08,22.89702033996582
2007-05-09,23.18107795715332
2007-05-10,22.79494285583496
2007-05-11,23.136838912963867
2007-05-14,23.022890090942383
2007-05-15,22.93782997131348
2007-05-16,23.283126831054688
2007-05-17,22.87828826904297
2007-05-18,23.131742477416992
2007-05-21,23.23891258239746
2007-05-22,23.01607894897461
2007-05-23,22.978660583496094
2007-05-24,22.701393127441406
2007-05-25,22.78474235534668
2007-05-29,22.88339233398437
2007-05-30,23.02117919921875
2007-05-31,23.303543090820312
2007-06-01,23.155553817749023
2007-06-04,23.33926582336425
2007-06-05,22.73541259765625
2007-06-06,22.37481117248535
2007-06-07,21.7063102722168
2007-06-08,21.818588256835938
2007-06-11,21.927446365356445
2007-06-12,21.7607479095459
2007-06-13,22.0754337310791
2007-06-14,22.15367889404297
2007-06-15,22.50067901611328
2007-06-18,22.686094284057617
2007-06-19,22.869802474975582
2007-06-20,22.948034286499023
2007-06-21,22.93442916870117
2007-06-22,22.555110931396484
2007-06-25,22.32887458801269
2007-06-26,22.53810310363769
2007-06-27,22.73393821716309
2007-06-28,22.89059829711914
2007-06-29,22.558534622192383
2007-07-02,22.829296112060547
2007-07-03,22.982563018798828
2007-07-05,22.9893741607666
2007-07-06,23.06089210510254
2007-07-09,23.249914169311523
2007-07-10,22.58407592773437
2007-07-11,22.96041679382324
2007-07-12,23.64159202575684
2007-07-13,23.879995346069336
2007-07-16,23.96344375610352
2007-07-17,24.513484954833984
2007-07-18,24.1865177154541
2007-07-19,24.215476989746094
2007-07-20,23.49002265930176
2007-07-23,23.66201972961425
2007-07-24,22.873573303222656
2007-07-25,23.15965843200684
2007-07-26,22.078311920166016
2007-07-27,22.16345977783203
2007-07-30,22.57215690612793
2007-07-31,21.69005012512207
2007-08-01,21.39202880859375
2007-08-02,21.661088943481445
2007-08-03,20.51843643188477
2007-08-06,21.47718048095703
2007-08-07,21.409067153930664
2007-08-08,21.36648941040039
2007-08-09,20.74834251403809
2007-08-10,20.78069877624512
2007-08-13,21.11956596374512
2007-08-14,20.61720848083496
2007-08-15,20.25619125366211
2007-08-16,21.054861068725582
2007-08-17,22.39334297180176
2007-08-20,22.023815155029297
2007-08-21,22.1924057006836
2007-08-22,22.59939765930176
2007-08-23,22.59600067138672
2007-08-24,22.8786849975586
2007-08-27,22.44783973693848
2007-08-28,21.35797691345215
2007-08-29,22.16004943847656
2007-08-30,21.839906692504883
2007-08-31,22.439332962036133
2007-09-04,22.62835121154785
2007-09-05,22.21624565124512
2007-09-06,22.33034896850586
2007-09-07,21.480592727661133
2007-09-10,21.28985977172852
2007-09-11,21.465267181396484
2007-09-12,20.9646053314209
2007-09-13,21.010587692260746
2007-09-14,21.47718048095703
2007-09-17,21.085508346557617
2007-09-18,22.4001693725586
2007-09-19,22.66582298278809
2007-09-20,22.020408630371094
2007-09-21,22.187294006347656
2007-09-24,22.12599754333496
2007-09-25,21.59127616882324
2007-09-26,21.40055084228516
2007-09-27,21.548702239990234
2007-09-28,21.71217918395996
2007-10-01,22.21113395690918
2007-10-02,22.38332748413086
2007-10-03,21.9400634765625
2007-10-04,21.71843147277832
2007-10-05,22.18556404113769
2007-10-08,22.011674880981445
2007-10-09,23.38750267028809
2007-10-10,23.1573486328125
2007-10-11,23.57333374023437
2007-10-12,23.92283821105957
2007-10-15,23.356828689575195
2007-10-16,23.003904342651367
2007-10-17,23.37727737426757
2007-10-18,23.595497131347656
2007-10-19,22.64759063720703
2007-10-22,22.951061248779297
2007-10-23,24.156396865844727
2007-10-24,24.24506187438965
2007-10-25,23.63642311096192
2007-10-26,22.500974655151367
2007-10-29,22.07816696166992
2007-10-30,22.038951873779297
2007-10-31,22.108842849731445
2007-11-01,21.005788803100582
2007-11-02,21.17968940734864
2007-11-05,20.758583068847656
2007-11-06,20.79438781738281
2007-11-07,19.86522483825684
2007-11-08,20.28974723815918
2007-11-09,19.98626518249512
2007-11-12,20.07833480834961
2007-11-13,21.10807991027832
2007-11-14,21.06205177307129
2007-11-15,20.066410064697266
2007-11-16,20.279512405395508
2007-11-19,19.68451499938965
2007-11-20,19.976049423217773
2007-11-21,19.623136520385746
2007-11-23,20.298274993896484
2007-11-26,19.522550582885746
2007-11-27,20.00503158569336
2007-11-28,21.05182456970215
2007-11-29,20.889856338500977
2007-11-30,21.00067710876465
2007-12-03,20.554000854492188
2007-12-04,19.98115539550781
2007-12-05,20.623897552490234
2007-12-06,21.1302490234375
2007-12-07,20.63583374023437
2007-12-10,20.714258193969727
2007-12-11,19.59926986694336
2007-12-12,19.781688690185547
2007-12-13,19.62143325805664
2007-12-14,18.930965423583984
2007-12-17,18.83036994934082
2007-12-18,18.97187232971192
2007-12-19,18.898561477661133
2007-12-20,18.63260269165039
2007-12-21,19.62654495239257
2007-12-24,19.662353515625
2007-12-26,19.650390625
2007-12-27,19.445457458496094
2007-12-28,19.49326515197754
2007-12-31,19.542800903320312
2008-01-02,19.41641998291016
2008-01-03,19.01165771484375
2008-01-04,18.231178283691406
2008-01-07,18.5232162475586
2008-01-08,17.63001251220703
2008-01-09,17.414831161499023
2008-01-10,18.09625625610352
2008-01-11,17.419958114624023
2008-01-14,17.334562301635742
2008-01-15,16.748767852783203
2008-01-16,16.10662269592285
2008-01-17,15.09728717803955
2008-01-18,15.46277141571045
2008-01-22,15.418362617492676
2008-01-23,16.05538558959961
2008-01-24,16.890527725219727
2008-01-25,16.803428649902344
2008-01-28,17.112546920776367
2008-01-29,17.27650260925293
2008-01-30,17.261125564575195
2008-01-31,17.77688217163086
2008-02-01,18.21410179138184
2008-02-04,17.915231704711914
2008-02-05,16.963966369628906
2008-02-06,16.627511978149414
2008-02-07,16.99811553955078
2008-02-08,16.682165145874023
2008-02-11,16.63264274597168
2008-02-12,16.596782684326172
2008-02-13,16.93151092529297
2008-02-14,16.637765884399414
2008-02-15,16.55237579345703
2008-02-19,16.528459548950195
2008-02-20,16.673629760742188
2008-02-21,16.40037727355957
2008-02-22,16.58994483947754
2008-02-25,16.975921630859375
2008-02-26,17.21160125732422
2008-02-27,17.493391036987305
2008-02-28,16.914432525634766
2008-02-29,16.116878509521484
2008-03-03,16.070772171020508
2008-03-04,16.04855728149414
2008-03-05,16.120288848876953
2008-03-06,15.404706001281738
2008-03-07,15.324438095092772
2008-03-10,14.895770072937012
2008-03-11,16.132244110107422
2008-03-12,15.925594329833984
2008-03-13,15.939261436462402
2008-03-14,15.447402954101562
2008-03-17,15.276617050170898
2008-03-18,16.349138259887695
2008-03-19,15.901683807373049
2008-03-20,16.93151092529297
2008-03-24,17.539499282836914
2008-03-25,17.747859954833984
2008-03-26,17.18490219116211
2008-03-27,17.01891326904297
2008-03-28,16.190731048583984
2008-03-31,16.596275329589844
2008-04-01,17.895015716552734
2008-04-02,17.59214973449707
2008-04-03,17.689680099487305
2008-04-04,17.31836700439453
2008-04-07,17.36798667907715
2008-04-08,17.797481536865234
2008-04-09,17.037738800048828
2008-04-10,17.260189056396484
2008-04-11,16.734867095947266
2008-04-14,16.46792984008789
2008-04-15,16.78449249267578
2008-04-16,17.68797492980957
2008-04-17,17.498035430908203
2008-04-18,17.104473114013672
2008-04-21,16.801603317260742
2008-04-22,16.224952697753906
2008-04-23,16.38579750061035
2008-04-24,16.06411361694336
2008-04-25,16.023038864135742
2008-04-28,16.420019149780273
2008-04-29,16.47990608215332
2008-04-30,16.281415939331055
2008-05-01,17.19344711303711
2008-05-02,17.426170349121094
2008-05-05,17.196880340576172
2008-05-06,17.45355224609375
2008-05-07,16.770803451538086
2008-05-08,16.68010902404785
2008-05-09,17.09933853149414
2008-05-12,17.535686492919922
2008-05-13,17.510013580322266
2008-05-14,17.494609832763672
2008-05-15,17.74444007873535
2008-05-16,17.65375518798828
2008-05-19,17.758127212524414
2008-05-20,17.390230178833008
2008-05-21,17.037738800048828
2008-05-22,17.00693702697754
2008-05-23,16.72972869873047
2008-05-27,16.851224899291992
2008-05-28,16.88202667236328
2008-05-29,16.917959213256836
2008-05-30,17.320079803466797
2008-06-02,17.15237808227539
2008-06-03,17.340620040893555
2008-06-04,17.474084854125977
2008-06-05,18.05586051940918
2008-06-06,17.04800033569336
2008-06-09,17.054847717285156
2008-06-10,17.470653533935547
2008-06-11,16.765670776367188
2008-06-12,17.624658584594727
2008-06-13,18.27146339416504
2008-06-16,18.333066940307617
2008-06-17,17.624658584594727
2008-06-18,17.585302352905273
2008-06-19,17.802614212036133
2008-06-20,17.18318748474121
2008-06-23,17.03603172302246
2008-06-24,16.93507194519043
2008-06-25,16.649311065673828
2008-06-26,16.28409767150879
2008-06-27,16.421260833740234
2008-06-30,15.714823722839355
2008-07-01,16.17435073852539
2008-07-02,15.577655792236328
2008-07-03,15.627378463745115
2008-07-07,15.265585899353027
2008-07-08,15.912005424499512
2008-07-09,15.003240585327148
2008-07-10,15.380463600158691
2008-07-11,15.157556533813477
2008-07-14,14.46140956878662
2008-07-15,14.23336124420166
2008-07-16,15.186711311340332
2008-07-17,15.908584594726562
2008-07-18,15.891437530517578
2008-07-21,15.514212608337402
2008-07-22,16.69561004638672
2008-07-23,17.13970947265625
2008-07-24,16.321823120117188
2008-07-25,16.488136291503906
2008-07-28,16.290950775146484
2008-07-29,17.04540252685547
2008-07-30,17.182571411132812
2008-07-31,17.25115966796875
2008-08-01,17.21172332763672
2008-08-04,17.234012603759766
2008-08-05,18.20793533325196
2008-08-06,17.90787124633789
2008-08-07,17.17572021484375
2008-08-08,17.916444778442383
2008-08-11,18.295385360717773
2008-08-12,17.522075653076172
2008-08-13,17.13970947265625
2008-08-14,17.582090377807617
2008-08-15,18.08619499206543
2008-08-18,17.436344146728516
2008-08-19,16.95795249938965
2008-08-20,17.06255340576172
2008-08-21,17.086551666259766
2008-08-22,17.4894962310791
2008-08-25,17.14142417907715
2008-08-26,17.158571243286133
2008-08-27,17.486061096191406
2008-08-28,18.159927368164062
2008-08-29,17.91815757751465
2008-09-02,18.041616439819336
2008-09-03,18.135921478271484
2008-09-04,17.41405487060547
2008-09-05,17.261449813842773
2008-09-08,17.974740982055664
2008-09-09,16.765913009643555
2008-09-10,16.601303100585938
2008-09-11,16.43840980529785
2008-09-12,16.417837142944336
2008-09-15,15.31187629699707
2008-09-16,16.248083114624023
2008-09-17,15.329028129577637
2008-09-18,16.009746551513672
2008-09-19,18.518299102783203
2008-09-22,16.59273338317871
2008-09-23,16.428129196166992
2008-09-24,16.28923988342285
2008-09-25,16.441835403442383
2008-09-26,16.9408016204834
2008-09-29,14.36882209777832
2008-09-30,15.111266136169434
2008-10-01,15.759410858154297
2008-10-02,15.102987289428713
2008-10-03,14.204264640808104
2008-10-06,13.190404891967772
2008-10-07,12.030485153198242
2008-10-08,11.36890983581543
2008-10-09,10.382546424865724
2008-10-10,11.17128562927246
2008-10-13,12.884529113769531
2008-10-14,12.56147575378418
2008-10-15,10.961647987365724
2008-10-16,10.827608108520508
2008-10-17,11.523561477661133
2008-10-20,12.061420440673828
2008-10-21,11.569958686828612
2008-10-22,10.660930633544922
2008-10-23,9.578336715698242
2008-10-24,9.533658981323242
2008-10-27,9.287928581237791
2008-10-28,10.78465175628662
2008-10-29,10.659208297729492
2008-10-30,11.114582061767578
2008-10-31,11.685091972351074
2008-11-03,11.80022144317627
2008-11-04,12.516796112060549
2008-11-05,11.50294303894043
2008-11-06,10.470185279846191
2008-11-07,11.069904327392578
2008-11-10,10.703887939453123
2008-11-11,9.70378303527832
2008-11-12,9.110936164855955
2008-11-13,10.222735404968262
2008-11-14,9.353226661682127
2008-11-17,8.791313171386719
2008-11-18,9.26043701171875
2008-11-19,8.760380744934082
2008-11-20,8.488873481750488
2008-11-21,8.952840805053711
2008-11-24,10.03543186187744
2008-11-25,10.00106430053711
2008-11-26,10.313809394836426
2008-11-28,10.439255714416504
2008-12-01,8.844583511352539
2008-12-02,9.466639518737791
2008-12-03,10.143686294555664
2008-12-04,9.946073532104492
2008-12-05,10.621405601501465
2008-12-08,11.265801429748535
2008-12-09,10.65061378479004
2008-12-10,10.75887966156006
2008-12-11,10.138538360595703
2008-12-12,10.191805839538574
2008-12-15,10.06808376312256
2008-12-16,10.831049919128418
2008-12-17,11.092243194580078
2008-12-18,10.501113891601562
2008-12-19,10.78121280670166
2008-12-22,10.458154678344728
2008-12-23,10.373952865600586
2008-12-24,10.4306640625
2008-12-26,10.248510360717772
2008-12-29,10.258858680725098
2008-12-30,10.934852600097656
2008-12-31,10.998653411865234
2009-01-02,11.484952926635742
2009-01-05,11.528068542480469
2009-01-06,12.072997093200684
2009-01-07,11.13143825531006
2009-01-08,11.167654991149902
2009-01-09,10.708949089050291
2009-01-12,10.267483711242676
2009-01-13,10.457171440124512
2009-01-14,9.563898086547852
2009-01-15,9.134507179260254
2009-01-16,9.450084686279297
2009-01-20,8.693041801452637
2009-01-21,9.30522918701172
2009-01-22,8.898252487182617
2009-01-23,9.025863647460938
2009-01-26,8.7689208984375
2009-01-27,9.105192184448242
2009-01-28,9.381105422973633
2009-01-29,8.49990177154541
2009-01-30,8.349872589111328
2009-02-02,8.548186302185059
2009-02-03,8.775818824768066
2009-02-04,8.944817543029785
2009-02-05,9.27073574066162
2009-02-06,9.739794731140137
2009-02-09,9.636322975158691
2009-02-10,8.939642906188965
2009-02-11,9.260394096374512
2009-02-12,9.3880033493042
2009-02-13,9.539758682250977
2009-02-17,8.71718692779541
2009-02-18,8.739603996276855
2009-02-19,8.599921226501465
2009-02-20,8.756847381591797
2009-02-23,8.034295082092285
2009-02-24,8.794788360595703
2009-02-25,8.65510368347168
2009-02-26,8.451614379882812
2009-02-27,7.898065090179443
2009-03-02,7.437630176544189
2009-03-03,7.529027938842773
2009-03-04,7.672158718109131
2009-03-05,6.7961273193359375
2009-03-06,6.66679048538208
2009-03-09,6.809924125671387
2009-03-10,7.613524913787842
2009-03-11,7.716995716094971
2009-03-12,8.42919921875
2009-03-13,8.456790924072266
2009-03-16,7.99635648727417
2009-03-17,8.182601928710938
2009-03-18,8.622339248657227
2009-03-19,8.136038780212402
2009-03-20,8.12051773071289
2009-03-23,9.313847541809082
2009-03-24,8.775818824768066
2009-03-25,9.284530639648438
2009-03-26,9.61907958984375
2009-03-27,9.381936073303224
2009-03-30,8.853986740112305
2009-03-31,9.32481575012207
2009-04-01,9.451180458068848
2009-04-02,10.238773345947266
2009-04-03,10.408408164978027
2009-04-06,10.24397087097168
2009-04-07,9.793916702270508
2009-04-08,9.866609573364258
2009-04-09,10.683638572692873
2009-04-13,10.645556449890137
2009-04-14,10.2526216506958
2009-04-15,10.657670021057127
2009-04-16,10.56592845916748
2009-04-17,10.548624992370604
2009-04-20,9.987783432006836
2009-04-21,10.595358848571776
2009-04-22,10.51400089263916
2009-04-23,10.752877235412598
2009-04-24,10.673250198364258
2009-04-27,10.48284149169922
2009-04-28,10.095102310180664
2009-04-29,10.392830848693848
2009-04-30,10.468993186950684
2009-05-01,10.569391250610352
2009-05-04,11.014256477355955
2009-05-05,10.695754051208496
2009-05-06,10.832505226135254
2009-05-07,10.517460823059082
2009-05-08,11.277365684509276
2009-05-11,10.719988822937012
2009-05-12,10.808267593383787
2009-05-13,10.36686897277832
2009-05-14,10.481114387512209
2009-05-15,10.403217315673828
2009-05-18,11.220240592956545
2009-05-19,10.93809700012207
2009-05-20,10.678443908691406
2009-05-21,10.564199447631836
2009-05-22,10.718260765075684
2009-05-26,11.151000022888184
2009-05-27,10.737298965454102
2009-05-28,11.154463768005373
2009-05-29,11.57163143157959
2009-06-01,12.321147918701172
2009-06-02,12.50809383392334
2009-06-03,12.355772972106934
2009-06-04,12.686387062072754
2009-06-05,12.911412239074709
2009-06-08,12.862950325012209
2009-06-09,13.27664852142334
2009-06-10,13.281846046447754
2009-06-11,13.221261024475098
2009-06-12,13.153748512268066
2009-06-15,12.86987018585205
2009-06-16,12.438857078552246
2009-06-17,12.347112655639648
2009-06-18,12.473475456237791
2009-06-19,12.700236320495604
2009-06-22,11.938604354858398
2009-06-23,12.125548362731934
2009-06-24,12.397310256958008
2009-06-25,12.29172134399414
2009-06-26,12.474016189575195
2009-06-29,12.51047706604004
2009-06-30,12.501790046691896
2009-07-01,12.526100158691406
2009-07-02,12.107695579528809
2009-07-06,12.038249015808104
2009-07-07,11.642414093017578
2009-07-08,11.503527641296388
2009-07-09,11.472270965576172
2009-07-10,11.491372108459473
2009-07-13,12.007000923156738
2009-07-14,12.147624969482422
2009-07-15,12.489642143249512
2009-07-16,12.578177452087402
2009-07-17,12.59901237487793
2009-07-20,12.826446533203123
2009-07-21,13.161520957946776
2009-07-22,13.307353973388672
2009-07-23,14.05388355255127
2009-07-24,13.987909317016602
2009-07-27,14.15284252166748
2009-07-28,13.98095989227295
2009-07-29,13.961870193481444
2009-07-30,15.194510459899902
2009-07-31,15.395904541015623
2009-08-03,15.913264274597168
2009-08-04,16.020904541015625
2009-08-05,16.017433166503906
2009-08-06,16.003543853759766
2009-08-07,16.383752822875977
2009-08-10,15.994861602783203
2009-08-11,16.078195571899414
2009-08-12,16.354238510131836
2009-08-13,16.543479919433594
2009-08-14,16.415000915527344
2009-08-17,15.670207023620604
2009-08-18,16.111183166503906
2009-08-19,15.987916946411133
2009-08-20,16.220558166503906
2009-08-21,16.418472290039062
2009-08-24,16.18062400817871
2009-08-25,16.52611541748047
2009-08-26,16.225770950317383
2009-08-27,16.142433166503906
2009-08-28,16.2691707611084
2009-08-31,16.20319938659668
2009-09-01,15.711875915527344
2009-09-02,15.760489463806152
2009-09-03,16.204936981201172
2009-09-04,16.258760452270508
2009-09-08,16.599035263061523
2009-09-09,16.941049575805664
2009-09-10,16.98618507385254
2009-09-11,16.979244232177734
2009-09-14,17.270917892456055
2009-09-15,17.263965606689453
2009-09-16,17.753555297851562
2009-09-17,17.576473236083984
2009-09-18,17.961885452270508
2009-09-21,17.6285457611084
2009-09-22,17.741397857666016
2009-09-23,17.538272857666016
2009-09-24,17.35251235961914
2009-09-25,17.224037170410156
2009-09-28,17.694517135620117
2009-09-29,17.578210830688477
2009-09-30,17.465354919433594
2009-10-01,16.905153274536133
2009-10-02,17.086095809936523
2009-10-05,17.583662033081055
2009-10-06,17.881160736083984
2009-10-07,17.9124755859375
2009-10-08,18.018600463867188
2009-10-09,18.51790237426757
2009-10-12,18.38568878173828
2009-10-13,18.216928482055664
2009-10-14,18.95980453491211
2009-10-15,19.325157165527344
2009-10-16,19.14944076538086
2009-10-19,19.49043083190918
2009-10-20,19.845335006713867
2009-10-21,19.493906021118164
2009-10-22,19.52696228027344
2009-10-23,19.64700126647949
2009-10-26,19.66266250610352
2009-10-27,18.963285446166992
2009-10-28,18.1751766204834
2009-10-29,18.7127628326416
2009-10-30,18.20301055908203
2009-11-02,18.516170501708984
2009-11-03,18.575319290161133
2009-11-04,18.646648406982425
2009-11-05,19.309494018554688
2009-11-06,19.17727470397949
2009-11-09,19.81748962402344
2009-11-10,19.75834846496582
2009-11-11,20.008861541748047
2009-11-12,19.81923484802246
2009-11-13,19.6243839263916
2009-11-16,19.86447525024414
2009-11-17,20.111515045166016
2009-11-18,20.11847686767578
2009-11-19,19.64526557922364
2009-11-20,19.37386131286621
2009-11-23,19.688758850097656
2009-11-24,19.41909980773925
2009-11-25,19.565231323242188
2009-11-27,18.95806312561035
2009-11-30,18.79452896118164
2009-12-01,18.858890533447266
2009-12-02,18.97197723388672
2009-12-03,18.780607223510746
2009-12-04,18.9406681060791
2009-12-07,18.622295379638672
2009-12-08,18.54400062561035
2009-12-09,18.810178756713867
2009-12-10,18.951107025146484
2009-12-11,18.78409767150879
2009-12-14,18.67622184753418
2009-12-15,18.142114639282227
2009-12-16,18.29869842529297
2009-12-17,17.997716903686523
2009-12-18,18.091665267944336
2009-12-21,18.615327835083008
2009-12-22,18.615327835083008
2009-12-23,18.79253387451172
2009-12-24,18.871294021606445
2009-12-28,18.9965877532959
2009-12-29,18.912288665771484
2009-12-30,18.90510940551757
2009-12-31,18.896142959594727
2010-01-04,19.37146377563477
2010-01-05,19.52212715148925
2010-01-06,19.53648567199707
2010-01-07,19.360700607299805
2010-01-08,19.38042449951172
2010-01-11,19.80373764038086
2010-01-12,19.8916244506836
2010-01-13,20.020767211914062
2010-01-14,19.91852569580078
2010-01-15,19.42706680297852
2010-01-19,19.862916946411133
2010-01-20,19.541852951049805
2010-01-21,18.78315162658692
2010-01-22,18.16254234313965
2010-01-25,18.56431770324707
2010-01-26,18.020841598510746
2010-01-27,18.63247871398925
2010-01-28,17.995725631713867
2010-01-29,17.76254653930664
2010-02-01,18.19662094116211
2010-02-02,18.25760269165039
2010-02-03,18.26477432250977
2010-02-04,17.628023147583008
2010-02-05,17.577816009521484
2010-02-08,17.272891998291016
2010-02-09,17.43790054321289
2010-02-10,17.452255249023438
2010-02-11,17.576013565063477
2010-02-12,17.55269432067871
2010-02-16,17.932945251464844
2010-02-17,18.09796714782715
2010-02-18,18.18943977355957
2010-02-19,18.22530937194824
2010-02-22,18.18047332763672
2010-02-23,17.941917419433594
2010-02-24,18.23249244689941
2010-02-25,17.967029571533203
2010-02-26,18.24505424499512
2010-03-01,18.44593811035156
2010-03-02,18.67731666564941
2010-03-03,18.63965034484864
2010-03-04,18.95891761779785
2010-03-05,19.602840423583984
2010-03-08,19.428863525390625
2010-03-09,19.40015983581543
2010-03-10,19.26922607421875
2010-03-11,19.366090774536133
2010-03-12,19.43244361877441
2010-03-15,19.4306583404541
2010-03-16,19.54006576538086
2010-03-17,19.99386405944824
2010-03-18,20.01538848876953
2010-03-19,19.79655647277832
2010-03-22,19.98488426208496
2010-03-23,20.21267890930176
2010-03-24,19.84319496154785
2010-03-25,20.130184173583984
2010-03-26,19.902389526367188
2010-03-29,19.99224853515625
2010-03-30,20.07491683959961
2010-03-31,19.931140899658203
2010-04-01,20.42177963256836
2010-04-05,20.57274055480957
2010-04-06,20.488285064697266
2010-04-07,20.277999877929688
2010-04-08,20.405607223510746
2010-04-09,20.63564682006836
2010-04-12,20.67878150939941
2010-04-13,21.356334686279297
2010-04-14,21.80203628540039
2010-04-15,21.79306411743164
2010-04-16,21.28804016113281
2010-04-19,21.42641830444336
2010-04-20,21.456974029541016
2010-04-21,21.196382522583008
2010-04-22,21.066987991333008
2010-04-23,21.50189971923828
2010-04-26,20.95734596252441
2010-04-27,20.30316162109375
2010-04-28,20.524219512939453
2010-04-29,21.26826858520508
2010-04-30,20.78302001953125
2010-05-03,21.07416534423828
2010-05-04,20.36786460876465
2010-05-05,20.206113815307617
2010-05-06,19.264368057250977
2010-05-07,18.78451538085937
2010-05-10,19.94551467895508
2010-05-11,19.677732467651367
2010-05-12,20.00122261047364
2010-05-13,19.686717987060547
2010-05-14,19.0666732788086
2010-05-17,19.1583309173584
2010-05-18,18.65331649780273
2010-05-19,18.65152168273925
2010-05-20,17.801435470581055
2010-05-21,18.462820053100582
2010-05-24,17.495912551879883
2010-05-25,17.50309181213379
2010-05-26,17.26226806640625
2010-05-27,17.93442726135254
2010-05-28,17.6289005279541
2010-06-01,17.16162872314453
2010-06-02,17.591167449951172
2010-06-03,17.229917526245117
2010-06-04,16.424766540527344
2010-06-07,15.932330131530762
2010-06-08,16.201908111572266
2010-06-09,15.914355278015137
2010-06-10,16.449928283691406
2010-06-11,16.803983688354492
2010-06-14,16.511032104492188
2010-06-15,16.88844871520996
2010-06-16,16.910017013549805
2010-06-17,16.73209571838379
2010-06-18,16.768033981323242
2010-06-21,16.818359375
2010-06-22,16.653017044067383
2010-06-23,16.467905044555664
2010-06-24,16.023983001708984
2010-06-25,16.354677200317383
2010-06-28,16.2087459564209
2010-06-29,15.441276550292969
2010-06-30,15.527751922607422
2010-07-01,15.441276550292969
2010-07-02,15.307966232299805
2010-07-06,15.470101356506348
2010-07-07,16.082639694213867
2010-07-08,16.342063903808594
2010-07-09,16.617712020874023
2010-07-12,16.51141357421875
2010-07-13,17.04287338256836
2010-07-14,16.871726989746094
2010-07-15,16.889745712280273
2010-07-16,16.239377975463867
2010-07-19,16.408729553222656
2010-07-20,16.608692169189453
2010-07-21,16.34746742248535
2010-07-22,17.111330032348633
2010-07-23,17.2086238861084
2010-07-26,17.722068786621094
2010-07-27,17.736478805541992
2010-07-28,17.338335037231445
2010-07-29,17.983301162719727
2010-07-30,18.120216369628903
2010-08-02,18.662485122680664
2010-08-03,18.47332191467285
2010-08-04,18.57961654663086
2010-08-05,18.520172119140625
2010-08-06,18.50214958190918
2010-08-09,18.77959442138672
2010-08-10,18.99577713012696
2010-08-11,18.14183616638184
2010-08-12,18.039146423339844
2010-08-13,17.931053161621094
2010-08-16,17.848180770874023
2010-08-17,18.285966873168945
2010-08-18,18.25893783569336
2010-08-19,17.731077194213867
2010-08-20,17.82115364074707
2010-08-23,17.740081787109375
2010-08-24,17.24285316467285
2010-08-25,17.413997650146484
2010-08-26,17.29689598083496
2010-08-27,17.713064193725586
2010-08-30,17.358154296875
2010-08-31,17.386972427368164
2010-09-01,18.08058738708496
2010-09-02,18.20669174194336
2010-09-03,18.49133682250977
2010-09-07,18.21389961242676
2010-09-08,18.50756072998047
2010-09-09,18.91471290588379
2010-09-10,18.738155364990234
2010-09-13,19.132709503173828
2010-09-14,19.109281539916992
2010-09-15,19.276830673217773
2010-09-16,19.18494987487793
2010-09-17,19.053438186645508
2010-09-20,19.500226974487305
2010-09-21,19.166934967041016
2010-09-22,18.91290855407715
2010-09-23,18.56700325012207
2010-09-24,19.27141571044922
2010-09-27,19.352489471435547
2010-09-28,19.49510383605957
2010-09-29,19.27847671508789
2010-09-30,19.29834175109864
2010-10-01,19.48067283630371
2010-10-04,19.28389358520508
2010-10-05,20.22443962097168
2010-10-06,20.316516876220703
2010-10-07,20.352611541748047
2010-10-08,20.46815299987793
2010-10-11,20.469947814941406
2010-10-12,20.85087203979492
2010-10-13,21.118051528930664
2010-10-14,20.975425720214844
2010-10-15,21.0151424407959
2010-10-18,21.042224884033203
2010-10-19,20.509666442871094
2010-10-20,20.962793350219727
2010-10-21,20.88154983520508
2010-10-22,20.91766357421875
2010-10-25,20.901412963867188
2010-10-26,20.93751335144043
2010-10-27,20.94292640686035
2010-10-28,20.726303100585938
2010-10-29,20.706439971923828
2010-11-01,21.1433219909668
2010-11-02,21.41411399841309
2010-11-03,21.58561515808105
2010-11-04,22.053173065185547
2010-11-05,22.49185371398925
2010-11-08,22.009849548339844
2010-11-09,21.934032440185547
2010-11-10,21.68850898742676
2010-11-11,21.73906898498535
2010-11-12,21.36176872253418
2010-11-15,21.39786529541016
2010-11-16,20.63423538208008
2010-11-17,20.85989570617676
2010-11-18,21.11263084411621
2010-11-19,20.98085021972656
2010-11-22,20.91405487060547
2010-11-23,20.352611541748047
2010-11-24,20.946542739868164
2010-11-26,20.585493087768555
2010-11-29,20.67214584350586
2010-11-30,20.59632873535156
2010-12-01,21.23538589477539
2010-12-02,21.657825469970703
2010-12-03,21.66685104370117
2010-12-06,21.504379272460938
2010-12-07,21.45743751525879
2010-12-08,21.46826362609864
2010-12-09,21.201091766357425
2010-12-10,21.31300544738769
2010-12-13,21.1956787109375
2010-12-14,21.02055931091309
2010-12-15,21.08013343811035
2010-12-16,20.99709129333496
2010-12-17,20.688405990600582
2010-12-20,20.16486930847168
2010-12-21,20.20096969604492
2010-12-22,19.852558135986328
2010-12-23,19.598012924194336
2010-12-27,19.91573143005371
2010-12-28,19.92476463317871
2010-12-29,19.922956466674805
2010-12-30,19.99351501464844
2010-12-31,20.121976852416992
2011-01-03,20.47661781311035
2011-01-04,20.292064666748047
2011-01-05,19.959142684936523
2011-01-06,19.85601043701172
2011-01-07,20.20883560180664
2011-01-10,20.43319129943848
2011-01-11,20.96333885192871
2011-01-12,21.352354049682617
2011-01-13,21.57853126525879
2011-01-14,21.93135452270508
2011-01-18,21.76488876342773
2011-01-19,21.35415840148925
2011-01-20,21.39940071105957
2011-01-21,21.428340911865234
2011-01-24,21.64908790588379
2011-01-25,21.701562881469727
2011-01-26,21.7739372253418
2011-01-27,22.20637321472168
2011-01-28,21.86441230773925
2011-01-31,21.83002662658692
2011-02-01,22.36198806762696
2011-02-02,22.054386138916016
2011-02-03,22.020008087158203
2011-02-04,22.15390968322754
2011-02-07,22.557392120361328
2011-02-08,22.90840530395508
2011-02-09,22.810699462890625
2011-02-10,22.96631622314453
2011-02-11,23.25943183898925
2011-02-14,23.34809684753418
2011-02-15,23.5163631439209
2011-02-16,23.552547454833984
2011-02-17,23.4656982421875
2011-02-18,23.594152450561523
2011-02-22,22.61166954040528
2011-02-23,22.35474967956543
2011-02-24,22.39273834228516
2011-02-25,22.60625457763672
2011-02-28,22.729286193847656
2011-03-01,22.302276611328125
2011-03-02,22.38007354736328
2011-03-03,22.95907211303711
2011-03-04,22.71661949157715
2011-03-07,22.499492645263672
2011-03-08,23.00067901611328
2011-03-09,22.432540893554688
2011-03-10,21.59299659729004
2011-03-11,21.89516258239746
2011-03-14,21.44644355773925
2011-03-15,21.135229110717773
2011-03-16,20.648509979248047
2011-03-17,20.91086196899414
2011-03-18,21.0827579498291
2011-03-21,21.466344833374023
2011-03-22,21.267314910888672
2011-03-23,21.43377685546875
2011-03-24,21.9783935546875
2011-03-25,21.92593002319336
2011-03-28,21.73955726623535
2011-03-29,21.779447555541992
2011-03-30,22.26537322998047
2011-03-31,22.678768157958984
2011-04-01,23.063156127929688
2011-04-04,23.09941673278809
2011-04-05,22.718652725219727
2011-04-06,22.67694854736328
2011-04-07,22.510141372680664
2011-04-08,22.591739654541016
2011-04-11,22.48294448852539
2011-04-12,22.49745178222656
2011-04-13,22.450315475463867
2011-04-14,22.22184944152832
2011-04-15,22.31614112854004
2011-04-18,22.01153945922852
2011-04-19,22.00790405273437
2011-04-20,22.506515502929688
2011-04-21,22.8328857421875
2011-04-25,22.600801467895508
2011-04-26,22.90903854370117
2011-04-27,22.822002410888672
2011-04-28,23.08671760559082
2011-04-29,23.41128158569336
2011-05-02,23.400394439697266
2011-05-03,23.32605361938477
2011-05-04,23.19007110595703
2011-05-05,22.65700912475586
2011-05-06,22.89453315734864
2011-05-09,23.05228042602539
2011-05-10,23.271671295166016
2011-05-11,22.88364601135254
2011-05-12,23.213642120361328
2011-05-13,23.075847625732425
2011-05-16,23.016010284423828
2011-05-17,22.861892700195312
2011-05-18,23.0413875579834
2011-05-19,23.03595352172852
2011-05-20,22.81475257873535
2011-05-23,22.375974655151367
2011-05-24,22.366905212402344
2011-05-25,22.443050384521484
2011-05-26,22.68964195251465
2011-05-27,22.983369827270508
2011-05-31,23.494678497314453
2011-06-01,22.67694854736328
2011-06-02,22.733173370361328
2011-06-03,22.501075744628903
2011-06-06,22.11126136779785
2011-06-07,22.205528259277344
2011-06-08,22.17289352416992
2011-06-09,22.386852264404297
2011-06-10,22.10218811035156
2011-06-13,22.24723625183105
2011-06-14,22.847389221191406
2011-06-15,22.270814895629883
2011-06-16,22.410425186157227
2011-06-17,22.55184364318848
2011-06-20,22.540966033935547
2011-06-21,22.90542221069336
2011-06-22,22.6352481842041
2011-06-23,22.50470352172852
2011-06-24,22.32701110839844
2011-06-27,22.698711395263672
2011-06-28,23.01119804382324
2011-06-29,23.487192153930664
2011-06-30,23.85236167907715
2011-07-01,24.39194297790528
2011-07-05,24.39920234680176
2011-07-06,24.47369956970215
2011-07-07,24.936975479125977
2011-07-08,24.90426445007324
2011-07-11,23.937753677368164
2011-07-12,23.86508178710937
2011-07-13,23.8432731628418
2011-07-14,23.66887283325196
2011-07-15,23.67612266540528
2011-07-18,23.30551719665528
2011-07-19,23.692476272583008
2011-07-20,23.74153709411621
2011-07-21,24.49368095397949
2011-07-22,24.25568199157715
2011-07-25,24.141225814819336
2011-07-26,24.128507614135746
2011-07-27,23.060245513916016
2011-07-28,23.51262855529785
2011-07-29,23.06569099426269
2011-08-01,22.971221923828125
2011-08-02,22.22454071044922
2011-08-03,22.69144058227539
2011-08-04,21.357934951782227
2011-08-05,21.37610626220703
2011-08-08,19.37220573425293
2011-08-09,20.950990676879883
2011-08-10,19.882720947265625
2011-08-11,21.01275062561035
2011-08-12,21.01638603210449
2011-08-15,21.059982299804688
2011-08-16,20.845603942871094
2011-08-17,21.02910041809082
2011-08-18,19.93358993530273
2011-08-19,20.09891891479492
2011-08-22,20.42048072814941
2011-08-23,20.90192413330078
2011-08-24,21.223499298095703
2011-08-25,20.921911239624023
2011-08-26,21.045454025268555
2011-08-29,21.668601989746094
2011-08-30,21.534160614013672
2011-08-31,21.78668975830078
2011-09-01,21.45966911315918
2011-09-02,20.65847587585449
2011-09-06,20.35689353942871
2011-09-07,21.027278900146484
2011-09-08,20.76748847961425
2011-09-09,20.29149055480957
2011-09-12,20.55128669738769
2011-09-13,20.66937255859375
2011-09-14,20.98186111450196
2011-09-15,21.81394386291504
2011-09-16,21.67949867248535
2011-09-19,21.01275062561035
2011-09-20,20.94734764099121
2011-09-21,20.106184005737305
2011-09-22,17.584503173828125
2011-09-23,17.942411422729492
2011-09-26,18.45837783813477
2011-09-27,18.48380851745605
2011-09-28,17.780807495117188
2011-09-29,18.305326461791992
2011-09-30,17.418378829956055
2011-10-03,16.460405349731445
2011-10-04,17.41291618347168
2011-10-05,17.820878982543945
2011-10-06,18.112274169921875
2011-10-07,17.28907585144043
2011-10-10,18.170549392700195
2011-10-11,17.63875389099121
2011-10-12,17.7443790435791
2011-10-13,17.829980850219727
2011-10-14,18.41641616821289
2011-10-17,17.888261795043945
2011-10-18,18.60765838623047
2011-10-19,18.26526260375977
2011-10-20,18.217905044555664
2011-10-21,18.855344772338867
2011-10-24,19.35435676574707
2011-10-25,18.40184783935547
2011-10-26,18.36724281311035
2011-10-27,19.71314811706543
2011-10-28,20.20123863220215
2011-10-31,19.41992378234864
2011-11-01,18.21243667602539
2011-11-02,18.875375747680664
2011-11-03,19.456356048583984
2011-11-04,19.474559783935547
2011-11-07,19.540122985839844
2011-11-08,19.862489700317383
2011-11-09,18.837121963500977
2011-11-10,19.0811767578125
2011-11-11,19.59476661682129
2011-11-14,19.10849380493164
2011-11-15,19.08846092224121
2011-11-16,18.68596649169922
2011-11-17,18.10863304138184
2011-11-18,18.09588432312012
2011-11-21,17.387422561645508
2011-11-22,17.380130767822266
2011-11-23,16.731765747070312
2011-11-25,16.688058853149414
2011-11-28,17.156118392944336
2011-11-29,17.097841262817383
2011-11-30,18.36178207397461
2011-12-01,18.064918518066406
2011-12-02,17.928329467773438
2011-12-05,18.363601684570312
2011-12-06,18.3071517944336
2011-12-07,18.34357070922852
2011-12-08,17.571365356445312
2011-12-09,18.19969940185547
2011-12-12,17.64603614807129
2011-12-13,17.471195220947266
2011-12-14,17.219860076904297
2011-12-15,17.318771362304688
2011-12-16,17.557615280151367
2011-12-19,17.311294555664062
2011-12-20,17.777809143066406
2011-12-21,17.585609436035156
2011-12-22,17.747953414916992
2011-12-23,17.89910316467285
2011-12-27,17.872974395751953
2011-12-28,17.535226821899414
2011-12-29,17.93082618713379
2011-12-30,17.925228118896484
2012-01-03,18.47757911682129
2012-01-04,18.25551986694336
2012-01-05,18.46264839172364
2012-01-06,18.33576011657715
2012-01-09,18.442123413085938
2012-01-10,18.996337890625
2012-01-11,18.03905296325684
2012-01-12,18.02040100097656
2012-01-13,17.962547302246094
2012-01-17,18.074508666992188
2012-01-18,18.60260391235352
2012-01-19,18.906757354736328
2012-01-20,19.108299255371094
2012-01-23,19.14562225341797
2012-01-24,19.334089279174805
2012-01-25,19.61026954650879
2012-01-26,19.906965255737305
2012-01-27,19.86592102050781
2012-01-30,20.061843872070312
2012-01-31,19.79874038696289
2012-02-01,20.89410781860352
2012-02-02,21.129222869873047
2012-02-03,21.722631454467773
2012-02-06,21.68717193603516
2012-02-07,21.78420639038086
2012-02-08,21.77675437927246
2012-02-09,21.80472946166992
2012-02-10,21.66479110717773
2012-02-13,21.862592697143555
2012-02-14,21.64425277709961
2012-02-15,21.64238166809082
2012-02-16,21.909238815307617
2012-02-17,21.84018516540528
2012-02-21,21.89430046081543
2012-02-22,21.70956420898437
2012-02-23,22.06785011291504
2012-02-24,22.17607688903809
2012-02-27,22.08091354370117
2012-02-28,22.004398345947266
2012-02-29,21.99880027770996
2012-03-01,22.177934646606445
2012-03-02,22.03612327575684
2012-03-05,21.911102294921875
2012-03-06,21.57147979736328
2012-03-07,22.00066947937012
2012-03-08,22.37947463989257
2012-03-09,22.469051361083984
2012-03-12,22.330957412719727
2012-03-13,23.06058120727539
2012-03-14,23.00274085998535
2012-03-15,23.42445945739746
2012-03-16,23.4113998413086
2012-03-19,23.32182502746582
2012-03-20,23.13149642944336
2012-03-21,23.25279426574707
2012-03-22,22.88890266418457
2012-03-23,22.90756607055664
2012-03-26,23.35541725158692
2012-03-27,23.4169979095459
2012-03-28,23.383338928222656
2012-03-29,23.05607414245605
2012-03-30,23.194456100463867
2012-04-02,23.66758728027344
2012-04-03,23.575958251953125
2012-04-04,23.383338928222656
2012-04-05,23.6919002532959
2012-04-09,23.3403263092041
2012-04-10,22.771833419799805
2012-04-11,22.811094284057617
2012-04-12,23.28982925415039
2012-04-13,22.85972023010254
2012-04-16,22.945741653442383
2012-04-17,23.416996002197266
2012-04-18,23.09160423278809
2012-04-19,22.88216209411621
2012-04-20,22.945741653442383
2012-04-23,22.382858276367188
2012-04-24,22.657752990722656
2012-04-25,23.170146942138672
2012-04-26,23.49367332458496
2012-04-27,23.534807205200195
2012-04-30,23.471227645874023
2012-05-01,23.549774169921875
2012-05-02,22.766218185424805
2012-05-03,22.33609962463379
2012-05-04,21.98639869689941
2012-05-07,21.722719192504883
2012-05-08,21.588075637817383
2012-05-09,21.466514587402344
2012-05-10,21.505779266357425
2012-05-11,21.40854263305664
2012-05-14,21.27950859069824
2012-05-15,21.129907608032227
2012-05-16,20.77458572387696
2012-05-17,20.252849578857425
2012-05-18,20.095762252807617
2012-05-21,20.38748359680176
2012-05-22,20.17430305480957
2012-05-23,20.07331657409668
2012-05-24,20.196748733520508
2012-05-25,19.97046661376953
2012-05-29,20.32016944885254
2012-05-30,19.953628540039062
2012-05-31,19.97046661376953
2012-06-01,19.08405494689941
2012-06-04,19.211212158203125
2012-06-05,19.51229858398437
2012-06-06,20.0116024017334
2012-06-07,20.22291755676269
2012-06-08,20.215444564819336
2012-06-11,19.712383270263672
2012-06-12,19.86760711669922
2012-06-13,19.58148956298828
2012-06-14,19.75540351867676
2012-06-15,20.417404174804688
2012-06-18,20.04900360107422
2012-06-19,20.42488670349121
2012-06-20,20.207958221435547
2012-06-21,19.489856719970703
2012-06-22,19.529129028320312
2012-06-25,19.271053314208984
2012-06-26,19.36081886291504
2012-06-27,19.750810623168945
2012-06-28,19.850187301635746
2012-06-29,20.81016731262207
2012-07-02,20.9826602935791
2012-07-03,21.35952949523925
2012-07-05,21.20015525817871
2012-07-06,20.911407470703125
2012-07-09,20.74454116821289
2012-07-10,20.558916091918945
2012-07-11,20.54767227172852
2012-07-12,20.43329811096192
2012-07-13,21.35202407836914
2012-07-16,21.08390235900879
2012-07-17,21.22077751159668
2012-07-18,21.245153427124023
2012-07-19,21.26203346252441
2012-07-20,20.690170288085938
2012-07-23,20.39767837524414
2012-07-24,20.131431579589844
2012-07-25,20.02268409729004
2012-07-26,20.309541702270508
2012-07-27,21.03890991210937
2012-07-30,21.635149002075195
2012-07-31,21.55265045166016
2012-08-01,21.20765686035156
2012-08-02,20.80828857421875
2012-08-03,21.2807731628418
2012-08-06,21.38014793395996
2012-08-07,21.96138000488281
2012-08-08,21.84514045715332
2012-08-09,21.78326988220215
2012-08-10,21.79263687133789
2012-08-13,21.697019577026367
2012-08-14,21.82638359069824
2012-08-15,22.12263298034668
2012-08-16,22.45638465881348
2012-08-17,22.48638153076172
2012-08-20,22.259506225585938
2012-08-21,22.098257064819336
2012-08-22,22.201379776000977
2012-08-23,22.13387489318848
2012-08-24,22.33074760437012
2012-08-27,22.12076187133789
2012-08-28,22.15450096130371
2012-08-29,22.135757446289062
2012-08-30,21.91263771057129
2012-08-31,22.011999130249023
2012-09-04,22.04763603210449
2012-09-05,21.9426383972168
2012-09-06,22.60637283325196
2012-09-07,22.75448608398437
2012-09-10,22.75261688232422
2012-09-11,22.851991653442383
2012-09-12,23.18948745727539
2012-09-13,23.69572257995605
2012-09-14,23.999473571777344
2012-09-17,23.71822166442871
2012-09-18,23.498855590820312
2012-09-19,23.661977767944336
2012-09-20,23.502599716186523
2012-09-21,23.4594783782959
2012-09-24,23.50447463989257
2012-09-25,23.3188533782959
2012-09-26,23.164770126342773
2012-09-27,23.457904815673828
2012-09-28,23.50112533569336
2012-10-01,23.64768409729004
2012-10-02,23.679651260375977
2012-10-03,23.75292205810547
2012-10-04,24.290327072143555
2012-10-05,24.29971504211425
2012-10-08,24.26401710510254
2012-10-09,24.160663604736328
2012-10-10,23.923912048339844
2012-10-11,24.104293823242188
2012-10-12,23.92015266418457
2012-10-15,24.20012664794922
2012-10-16,24.681167602539062
2012-10-17,25.055084228515625
2012-10-18,25.026899337768555
2012-10-19,24.527074813842773
2012-10-22,24.63607215881348
2012-10-23,24.07610511779785
2012-10-24,24.12871742248535
2012-10-25,23.73788070678711
2012-10-26,24.051687240600582
2012-10-31,24.014095306396484
2012-11-01,24.90476417541504
2012-11-02,24.793907165527344
2012-11-05,24.62478828430176
2012-11-06,24.83523941040039
2012-11-07,24.29219436645508
2012-11-08,24.070463180541992
2012-11-09,24.22079467773437
2012-11-12,24.3316707611084
2012-11-13,24.401172637939453
2012-11-14,23.948331832885746
2012-11-15,23.997188568115234
2012-11-16,24.07423210144043
2012-11-19,24.53647232055664
2012-11-20,24.559022903442383
2012-11-21,24.730018615722656
2012-11-23,25.025026321411133
2012-11-26,24.81269073486328
2012-11-27,24.737525939941406
2012-11-28,24.71498680114746
2012-11-29,24.9197998046875
2012-11-30,24.80706024169922
2012-12-03,24.816442489624023
2012-12-04,24.74914932250977
2012-12-05,24.531885147094727
2012-12-06,24.4780502319336
2012-12-07,24.549190521240234
2012-12-10,24.497276306152344
2012-12-11,24.493432998657227
2012-12-12,24.40093421936035
2012-12-13,24.43947410583496
2012-12-14,24.472227096557617
2012-12-17,24.82489585876465
2012-12-18,24.7574462890625
2012-12-19,24.82297134399414
2012-12-20,24.938581466674805
2012-12-21,24.73046493530273
2012-12-24,24.745887756347656
2012-12-26,24.402862548828125
2012-12-27,24.339258193969727
2012-12-28,24.02322578430176
2012-12-31,24.2236442565918
2013-01-02,25.046510696411133
2013-01-03,25.011817932128903
2013-01-04,25.33557891845703
2013-01-07,25.1544246673584
2013-01-08,25.472396850585938
2013-01-09,25.316307067871094
2013-01-10,25.825063705444336
2013-01-11,26.143028259277344
2013-01-14,26.127626419067383
2013-01-15,26.1314697265625
2013-01-16,26.125688552856445
2013-01-17,26.185426712036133
2013-01-18,25.7055778503418
2013-01-22,25.7055778503418
2013-01-23,25.58031272888184
2013-01-24,25.60922241210937
2013-01-25,25.91563415527344
2013-01-28,26.21047782897949
2013-01-29,26.576629638671875
2013-01-30,26.46293258666992
2013-01-31,26.37814140319824
2013-02-01,26.935068130493164
2013-02-04,26.738496780395508
2013-02-05,27.004444122314453
2013-02-06,27.087310791015625
2013-02-07,26.9080810546875
2013-02-08,27.0179386138916
2013-02-11,27.010229110717773
2013-02-12,27.412992477416992
2013-02-13,27.47080421447754
2013-02-14,27.83308982849121
2013-02-15,27.85814666748047
2013-02-19,28.151073455810547
2013-02-20,27.57294464111328
2013-02-21,27.14127349853516
2013-02-22,27.603775024414062
2013-02-25,26.9716911315918
2013-02-26,26.883037567138672
2013-02-27,27.33012008666992
2013-02-28,27.220277786254883
2013-03-01,27.139345169067383
2013-03-04,27.42841529846192
2013-03-05,27.95643424987793
2013-03-06,28.174192428588867
2013-03-07,28.174192428588867
2013-03-08,28.29751968383789
2013-03-11,28.51335906982422
2013-03-12,28.54997444152832
2013-03-13,28.682950973510746
2013-03-14,28.923837661743164
2013-03-15,28.887222290039062
2013-03-18,28.557680130004883
2013-03-19,28.49795150756836
2013-03-20,28.73691177368164
2013-03-21,28.355342864990234
2013-03-22,28.644405364990234
2013-03-25,28.611648559570312
2013-03-26,29.10207939147949
2013-03-27,28.880029678344727
2013-03-28,29.119462966918945
2013-04-01,28.90320205688477
2013-04-02,29.08084297180176
2013-04-03,28.18878173828125
2013-04-04,28.81438064575196
2013-04-05,28.590410232543945
2013-04-08,28.860729217529297
2013-04-09,29.29903030395508
2013-04-10,29.965177536010746
2013-04-11,30.123523712158203
2013-04-12,29.980632781982425
2013-04-15,29.00361061096192
2013-04-16,29.50564765930176
2013-04-17,28.54213523864746
2013-04-18,27.945491790771484
2013-04-19,28.35097312927246
2013-04-22,28.621299743652344
2013-04-23,29.308698654174805
2013-04-24,29.438047409057617
2013-04-25,29.75665283203125
2013-04-26,29.66010856628418
2013-04-29,29.90532875061035
2013-04-30,29.86285400390625
2013-05-01,29.66204261779785
2013-05-02,29.54426002502441
2013-05-03,30.20076370239257
2013-05-06,30.461423873901367
2013-05-07,30.66029357910156
2013-05-08,30.97502517700196
2013-05-09,30.76457023620605
2013-05-10,31.127573013305664
2013-05-13,31.49057579040528
2013-05-14,32.32470703125
2013-05-15,32.166378021240234
2013-05-16,32.04280090332031
2013-05-17,32.50040817260742
2013-05-20,32.4096794128418
2013-05-21,31.90377616882324
2013-05-22,31.598705291748047
2013-05-23,31.287826538085938
2013-05-24,31.46161460876465
2013-05-28,31.82267951965332
2013-05-29,31.272384643554688
2013-05-30,31.133363723754883
2013-05-31,29.89179801940918
2013-06-03,30.02117347717285
2013-06-04,29.787538528442383
2013-06-05,28.6715087890625
2013-06-06,28.86844253540039
2013-06-07,29.051891326904297
2013-06-10,29.040302276611328
2013-06-11,28.4050350189209
2013-06-12,27.66938018798828
2013-06-13,28.40311050415039
2013-06-14,28.40890121459961
2013-06-17,28.435935974121094
2013-06-18,29.140703201293945
2013-06-19,28.088394165039062
2013-06-20,26.58896446228028
2013-06-21,26.509641647338867
2013-06-24,25.921491622924805
2013-06-25,26.55607032775879
2013-06-26,26.581228256225582
2013-06-27,26.87917709350586
2013-06-28,26.31616401672364
2013-07-01,26.807592391967773
2013-07-02,26.74567604064941
2013-07-03,26.691511154174805
2013-07-05,26.4960994720459
2013-07-08,26.55220603942871
2013-07-09,26.981719970703125
2013-07-10,26.50189971923828
2013-07-11,27.072643280029297
2013-07-12,27.761415481567383
2013-07-15,27.939395904541016
2013-07-16,28.03420829772949
2013-07-17,28.30893516540528
2013-07-18,28.27217102050781
2013-07-19,28.21413230895996
2013-07-22,28.79068756103516
2013-07-23,28.55658721923828
2013-07-24,28.30506896972656
2013-07-25,27.85040664672852
2013-07-26,28.24315452575684
2013-07-29,27.906518936157227
2013-07-30,28.28379440307617
2013-07-31,28.3708553314209
2013-08-01,29.026721954345703
2013-08-02,28.957067489624023
2013-08-05,29.06735038757324
2013-08-06,28.67846870422364
2013-08-07,28.672670364379883
2013-08-08,28.730701446533203
2013-08-09,28.62042999267578
2013-08-12,28.1270751953125
2013-08-13,28.4985466003418
2013-08-14,28.24315452575684
2013-08-15,27.45378494262696
2013-08-16,27.09392738342285
2013-08-19,26.873367309570312
2013-08-20,27.186786651611328
2013-08-21,26.96043586730957
2013-08-22,27.714975357055664
2013-08-23,27.262243270874023
2013-08-26,27.227426528930664
2013-08-27,26.23490333557129
2013-08-28,26.26393699645996
2013-08-29,26.8037166595459
2013-08-30,26.792110443115234
2013-09-03,27.059106826782227
2013-09-04,27.244834899902344
2013-09-05,26.780500411987305
2013-09-06,27.343509674072266
2013-09-09,27.337696075439453
2013-09-10,27.72077751159668
2013-09-11,28.03420829772949
2013-09-12,27.976158142089844
2013-09-13,28.17929458618164
2013-09-16,29.13120079040528
2013-09-17,29.3343448638916
2013-09-18,30.570629119873047
2013-09-19,30.41392517089844
2013-09-20,30.0018310546875
2013-09-23,29.49105834960937
2013-09-24,29.427207946777344
2013-09-25,29.276302337646484
2013-09-26,29.63687324523925
2013-09-27,29.555444717407227
2013-09-30,29.398426055908203
2013-10-01,29.572906494140625
2013-10-02,29.613609313964844
2013-10-03,29.63687324523925
2013-10-04,30.049789428710938
2013-10-07,29.555444717407227
2013-10-08,28.799415588378903
2013-10-09,29.09601593017578
2013-10-10,29.74736976623535
2013-10-11,29.817153930664062
2013-10-14,29.921846389770508
2013-10-15,29.724109649658203
2013-10-16,30.36383819580078
2013-10-17,31.119892120361328
2013-10-18,31.31761932373047
2013-10-21,31.31761932373047
2013-10-22,31.49791145324707
2013-10-23,31.57351303100586
2013-10-24,31.68399429321289
2013-10-25,31.695634841918945
2013-10-28,31.643299102783203
2013-10-29,31.80031013488769
2013-10-30,31.54443359375
2013-10-31,31.32343101501465
2013-11-01,31.39321517944336
2013-11-04,31.2827205657959
2013-11-05,30.4859619140625
2013-11-06,30.869813919067383
2013-11-07,30.21845245361328
2013-11-08,30.39873313903809
2013-11-11,30.171920776367188
2013-11-12,30.654624938964844
2013-11-13,31.090797424316406
2013-11-14,31.56188201904297
2013-11-15,31.492082595825195
2013-11-18,31.29435920715332
2013-11-19,31.2827205657959
2013-11-20,31.160587310791016
2013-11-21,31.7072696685791
2013-11-22,32.36445617675781
2013-11-25,32.23067855834961
2013-11-26,32.06202697753906
2013-11-27,32.25975799560547
2013-11-29,32.21324157714844
2013-12-02,32.28303146362305
2013-12-03,31.9166316986084
2013-12-04,31.72471618652344
2013-12-05,31.457199096679688
2013-12-06,31.742156982421875
2013-12-09,32.393531799316406
2013-12-10,31.980621337890625
2013-12-11,31.276905059814453
2013-12-12,31.23037910461425
2013-12-13,31.41648292541504
2013-12-16,31.78287506103516
2013-12-17,31.65493392944336
2013-12-18,32.58544921875
2013-12-19,32.376068115234375
2013-12-20,32.71338653564453
2013-12-23,32.905303955078125
2013-12-24,32.99253463745117
2013-12-26,33.25425338745117
2013-12-27,33.353328704833984
2013-12-30,33.33000946044922
2013-12-31,33.64472198486328
2014-01-02,33.056114196777344
2014-01-03,33.265907287597656
2014-01-06,33.39412307739258
2014-01-07,33.213470458984375
2014-01-08,33.07357406616211
2014-01-09,33.23093795776367
2014-01-10,33.68551254272461
2014-01-13,33.091068267822266
2014-01-14,33.80207824707031
2014-01-15,33.88949966430664
2014-01-16,33.965267181396484
2014-01-17,34.099300384521484
2014-01-21,33.98857879638672
2014-01-22,33.842864990234375
2014-01-23,32.74140548706055
2014-01-24,31.23777198791504
2014-01-27,30.85896873474121
2014-01-28,31.29022979736328
2014-01-29,30.68412399291992
2014-01-30,30.759899139404297
2014-01-31,30.311145782470703
2014-02-03,29.25628089904785
2014-02-04,29.61760139465332
2014-02-05,29.47191429138184
2014-02-06,29.850727081298828
2014-02-07,30.392717361450195
2014-02-10,30.800687789916992
2014-02-11,30.77738571166992
2014-02-12,30.975521087646484
2014-02-13,30.963865280151367
2014-02-14,30.77738571166992
2014-02-18,31.27858161926269
2014-02-19,30.8065128326416
2014-02-20,30.620018005371094
2014-02-21,30.585044860839844
2014-02-24,31.19115829467773
2014-02-25,30.759899139404297
2014-02-26,30.3985595703125
2014-02-27,30.85896873474121
2014-02-28,31.0338134765625
2014-03-03,30.637508392333984
2014-03-04,31.15035820007324
2014-03-05,31.13288116455078
2014-03-06,31.23777198791504
2014-03-07,31.36017227172852
2014-03-10,31.00466728210449
2014-03-11,30.74823760986328
2014-03-12,30.78902816772461
2014-03-13,30.107166290283203
2014-03-14,29.792449951171875
2014-03-17,30.247039794921875
2014-03-18,30.480144500732425
2014-03-19,30.00808906555176
2014-03-20,30.34027671813965
2014-03-21,30.50345230102539
2014-03-24,30.34027671813965
2014-03-25,30.8065128326416
2014-03-26,31.284406661987305
2014-03-27,30.986515045166016
2014-03-28,31.34864616394043
2014-03-31,31.646541595458984
2014-04-01,31.78673553466797
2014-04-02,32.12549591064453
2014-04-03,31.886030197143555
2014-04-04,31.1967887878418
2014-04-07,30.42576789855957
2014-04-08,30.898895263671875
2014-04-09,31.16758918762207
2014-04-10,30.38489151000977
2014-04-11,30.25638008117676
2014-04-14,30.390724182128903
2014-04-15,30.31480598449707
2014-04-16,30.770397186279297
2014-04-17,31.366174697875977
2014-04-21,31.13837623596192
2014-04-22,31.57060813903809
2014-04-23,31.5472469329834
2014-04-24,31.45964813232422
2014-04-25,30.822961807250977
2014-04-28,30.06363868713379
2014-04-29,30.122039794921875
2014-04-30,30.57765007019043
2014-05-01,30.676942825317383
2014-05-02,30.92811393737793
2014-05-05,30.665254592895508
2014-05-06,30.05195045471192
2014-05-07,31.021562576293945
2014-05-08,31.43042182922364
2014-05-09,32.00868225097656
2014-05-12,32.38835525512695
2014-05-13,32.49348831176758
2014-05-14,32.6336669921875
2014-05-15,31.722469329833984
2014-05-16,31.73416328430176
2014-05-19,32.102149963378906
2014-05-20,31.541406631469727
2014-05-21,32.01453399658203
2014-05-22,32.00868225097656
2014-05-23,32.12549591064453
2014-05-27,32.2540168762207
2014-05-28,32.277374267578125
2014-05-29,32.324100494384766
2014-05-30,32.2481575012207
2014-06-02,32.33578872680664
2014-06-03,32.2540168762207
2014-06-04,32.54022216796875
2014-06-05,32.73881912231445
2014-06-06,33.054237365722656
2014-06-09,33.04838562011719
2014-06-10,33.141849517822266
2014-06-11,32.85563278198242
2014-06-12,32.72127914428711
2014-06-13,32.481807708740234
2014-06-16,32.324100494384766
2014-06-17,32.80891418457031
2014-06-18,33.97125625610352
2014-06-19,33.80187225341797
2014-06-20,33.90117263793945
2014-06-23,33.924537658691406
2014-06-24,33.5623893737793
2014-06-25,33.568233489990234
2014-06-26,33.62677001953125
2014-06-27,33.714569091796875
2014-06-30,33.85505294799805
2014-07-01,33.63261413574219
2014-07-02,33.66773986816406
2014-07-03,34.07748031616211
2014-07-07,33.77309799194336
2014-07-08,33.41020202636719
2014-07-09,33.679443359375
2014-07-10,33.246315002441406
2014-07-11,33.41604995727539
2014-07-14,33.55652618408203
2014-07-15,33.63261413574219
2014-07-16,33.77894592285156
2014-07-17,33.19948196411133
2014-07-18,33.69114685058594
2014-07-21,33.55652618408203
2014-07-22,33.919429779052734
2014-07-23,33.98967361450195
2014-07-24,33.78481674194336
2014-07-25,33.49799728393555
2014-07-28,33.603355407714844
2014-07-29,33.42190933227539
2014-07-30,32.81901931762695
2014-07-31,31.69521713256836
2014-08-01,31.40839195251465
2014-08-04,31.5898380279541
2014-08-05,31.121597290039062
2014-08-06,31.730337142944336
2014-08-07,31.320592880249023
2014-08-08,31.76543235778809
2014-08-11,31.87080764770508
2014-08-12,31.782995223999023
2014-08-13,31.83568572998047
2014-08-14,32.10492706298828
2014-08-15,32.06980514526367
2014-08-18,32.34489822387695
2014-08-19,32.36832046508789
2014-08-20,32.56734085083008
2014-08-21,32.88340377807617
2014-08-22,32.602447509765625
2014-08-25,32.99461364746094
2014-08-26,33.14093780517578
2014-08-27,33.088279724121094
2014-08-28,32.89512634277344
2014-08-29,33.08242416381836
2014-09-02,33.12924575805664
2014-09-03,33.06486129760742
2014-09-04,33.07656478881836
2014-09-05,33.26386642456055
2014-09-08,33.02388000488281
2014-09-09,32.67268753051758
2014-09-10,32.543922424316406
2014-09-11,32.64928436279297
2014-09-12,32.45612335205078
2014-09-15,32.415157318115234
2014-09-16,32.579044342041016
2014-09-17,32.67268753051758
2014-09-18,33.17020797729492
2014-09-19,32.666839599609375
2014-09-22,32.22784423828125
2014-09-23,32.01128005981445
2014-09-24,32.47954177856445
2014-09-25,31.87080764770508
2014-09-26,32.26383209228516
2014-09-29,32.146522521972656
2014-09-30,32.03505325317383
2014-10-01,31.77695274353028
2014-10-02,32.00572204589844
2014-10-03,32.064395904541016
2014-10-06,31.97638702392578
2014-10-07,31.33698844909668
2014-10-08,31.62442970275879
2014-10-09,30.16961097717285
2014-10-10,29.770715713500977
2014-10-13,29.50674629211425
2014-10-14,29.770715713500977
2014-10-15,29.64167213439941
2014-10-16,29.870450973510746
2014-10-17,30.33387565612793
2014-10-20,30.439456939697266
2014-10-21,31.049537658691406
2014-10-22,30.57437515258789
2014-10-23,31.02607154846192
2014-10-24,31.33111953735352
2014-10-27,31.618549346923828
2014-10-28,31.888404846191406
2014-10-29,31.894262313842773
2014-10-30,32.14064025878906
2014-10-31,32.621665954589844
2014-11-03,32.627540588378906
2014-11-04,32.66272735595703
2014-11-05,32.77418518066406
2014-11-06,33.03230285644531
2014-11-07,33.42532730102539
2014-11-10,33.184818267822266
2014-11-11,33.43120193481445
2014-11-12,33.419471740722656
2014-11-13,33.31974029541016
2014-11-14,33.073368072509766
2014-11-17,32.97951889038086
2014-11-18,33.073368072509766
2014-11-19,33.09682083129883
2014-11-20,33.178958892822266
2014-11-21,33.43120193481445
2014-11-24,33.46053695678711
2014-11-25,33.50745391845703
2014-11-26,33.46053695678711
2014-11-28,33.354942321777344
2014-12-01,33.472259521484375
2014-12-02,33.80077362060547
2014-12-03,34.04127883911133
2014-12-04,34.000221252441406
2014-12-05,34.19965744018555
2014-12-08,34.51643753051758
2014-12-09,33.97087860107422
2014-12-10,33.13789367675781
2014-12-11,33.079219818115234
2014-12-12,31.653759002685547
2014-12-15,31.366321563720703
2014-12-16,31.295923233032227
2014-12-17,32.052642822265625
2014-12-18,32.90324020385742
2014-12-19,33.255210876464844
2014-12-22,33.2962760925293
2014-12-23,33.5133171081543
2014-12-24,33.43120193481445
2014-12-26,33.5133171081543
2014-12-29,33.49552536010742
2014-12-30,33.24037551879883
2014-12-31,32.854679107666016
2015-01-02,32.92589569091797
2015-01-05,31.8341007232666
2015-01-06,31.2110595703125
2015-01-07,31.62049102783203
2015-01-08,32.035831451416016
2015-01-09,31.964624404907227
2015-01-12,31.3178653717041
2015-01-13,31.003387451171875
2015-01-14,30.55242729187012
2015-01-15,30.2557430267334
2015-01-16,30.736371994018555
2015-01-20,30.60583877563477
2015-01-21,30.89658164978028
2015-01-22,32.17231369018555
2015-01-23,31.63235855102539
2015-01-26,32.148582458496094
2015-01-27,31.60861587524414
2015-01-28,30.95591354370117
2015-01-29,31.24073600769043
2015-01-30,30.57615089416504
2015-02-02,31.04491806030273
2015-02-03,31.78662300109864
2015-02-04,31.41280746459961
2015-02-05,31.715421676635746
2015-02-06,31.733232498168945
2015-02-09,31.472148895263672
2015-02-10,31.76883316040039
2015-02-11,31.68575859069824
2015-02-12,31.85189819335937
2015-02-13,31.98837661743164
2015-02-17,32.10703659057617
2015-02-18,31.90531349182129
2015-02-19,31.958709716796875
2015-02-20,32.136722564697266
2015-02-23,32.00616836547852
2015-02-24,31.94683265686035
2015-02-25,32.178253173828125
2015-02-26,32.35032653808594
2015-02-27,31.94091033935547
2015-03-02,32.27911376953125
2015-03-03,31.94683265686035
2015-03-04,31.644227981567383
2015-03-05,32.08332061767578
2015-03-06,31.47807884216309
2015-03-09,31.626420974731445
2015-03-10,30.60583877563477
2015-03-11,30.736371994018555
2015-03-12,31.51962852478028
2015-03-13,31.16360092163086
2015-03-16,31.68575859069824
2015-03-17,31.264461517333984
2015-03-18,31.626420974731445
2015-03-19,31.24667358398437
2015-03-20,31.656099319458008
2015-03-23,31.86377143859864
2015-03-24,31.323806762695312
2015-03-25,30.67703628540039
2015-03-26,30.706701278686523
2015-03-27,30.39725685119629
2015-03-30,30.8078670501709
2015-03-31,30.54007339477539
2015-04-01,30.56387710571289
2015-04-02,30.700756072998047
2015-04-06,30.68885040283203
2015-04-07,30.647193908691406
2015-04-08,30.825719833374023
2015-04-09,31.028053283691406
2015-04-10,30.78406524658203
2015-04-13,30.89117813110352
2015-04-14,31.09946060180664
2015-04-15,31.236337661743164
2015-04-16,31.31964111328125
2015-04-17,30.456758499145508
2015-04-20,30.48652076721192
2015-04-21,30.516263961791992
2015-04-22,30.63529396057129
2015-04-23,30.873334884643555
2015-04-24,30.81976890563965
2015-04-27,30.9030876159668
2015-04-28,31.016151428222656
2015-04-29,30.95663833618164
2015-04-30,30.68290901184082
2015-05-01,31.028053283691406
2015-05-04,31.18872261047364
2015-05-05,31.063764572143555
2015-05-06,30.84952545166016
2015-05-07,30.79596328735352
2015-05-08,31.11731338500977
2015-05-11,30.84952545166016
2015-05-12,30.670997619628903
2015-05-13,30.68290901184082
2015-05-14,31.028053283691406
2015-05-15,30.81976890563965
2015-05-18,31.00424575805664
2015-05-19,30.75430679321289
2015-05-20,30.76025390625
2015-05-21,30.77216911315918
2015-05-22,30.659093856811523
2015-05-26,30.31989479064941
2015-05-27,30.67695426940918
2015-05-28,30.694808959960938
2015-05-29,30.29610061645508
2015-06-01,30.29610061645508
2015-06-02,30.23062896728516
2015-06-03,30.42106437683105
2015-06-04,29.921178817749023
2015-06-05,30.004493713378903
2015-06-08,29.67719078063965
2015-06-09,29.552217483520508
2015-06-10,29.915233612060547
2015-06-11,30.01044464111328
2015-06-12,29.7843074798584
2015-06-15,29.599838256835938
2015-06-16,29.950942993164062
2015-06-17,30.23062896728516
2015-06-18,30.55792808532715
2015-06-19,30.611480712890625
2015-06-22,30.54007339477539
2015-06-23,30.444869995117188
2015-06-24,30.123504638671875
2015-06-25,29.939037322998047
2015-06-26,30.13003921508789
2015-06-29,29.18101119995117
2015-06-30,29.26456642150879
2015-07-01,29.443634033203125
2015-07-02,29.372011184692383
2015-07-06,29.15116310119629
2015-07-07,29.222795486450195
2015-07-08,28.631895065307617
2015-07-09,28.86467170715332
2015-07-10,29.1153507232666
2015-07-13,29.294418334960938
2015-07-14,29.17503929138184
2015-07-15,29.27053642272949
2015-07-16,29.62269592285156
2015-07-17,29.49138832092285
2015-07-20,29.294418334960938
2015-07-21,29.19293975830078
2015-07-22,28.94226837158203
2015-07-23,28.40508079528809
2015-07-24,27.69480323791504
2015-07-27,27.700773239135746
2015-07-28,27.76642417907715
2015-07-29,27.76045799255371
2015-07-30,27.55154800415039
2015-07-31,27.187469482421875
2015-08-03,27.127769470214844
2015-08-04,26.98452377319336
2015-08-05,26.97258758544922
2015-08-06,26.68608665466309
2015-08-07,26.45928192138672
2015-08-10,26.817398071289062
2015-08-11,26.23247337341309
2015-08-12,26.25037956237793
2015-08-13,26.00566291809082
2015-08-14,26.03550910949707
2015-08-17,26.119060516357425
2015-08-18,26.196657180786133
2015-08-19,25.826601028442383
2015-08-20,25.10437393188477
2015-08-21,24.459753036499023
2015-08-24,23.52267074584961
2015-08-25,23.188426971435547
2015-08-26,23.86886405944824
2015-08-27,24.50154685974121
2015-08-28,24.61494827270508
2015-08-31,24.22101593017578
2015-09-01,23.546554565429688
2015-09-02,23.58833885192871
2015-09-03,23.761430740356445
2015-09-04,23.28393173217773
2015-09-08,23.91661262512207
2015-09-09,23.67189598083496
2015-09-10,23.45702743530273
2015-09-11,23.528640747070312
2015-09-14,23.379425048828125
2015-09-15,23.546554565429688
2015-09-16,23.63011741638184
2015-09-17,23.59428977966309
2015-09-18,22.985492706298828
2015-09-21,23.06905174255371
2015-09-22,22.68705940246582
2015-09-23,22.406532287597656
2015-09-24,22.24537849426269
2015-09-25,22.29908943176269
2015-09-28,21.99346351623535
2015-09-29,21.789703369140625
2015-09-30,22.329051971435547
2015-10-01,22.22118759155273
2015-10-02,22.62869071960449
2015-10-05,23.17403221130371
2015-10-06,23.20400047302246
2015-10-07,23.38378524780273
2015-10-08,23.305871963500977
2015-10-09,23.28190422058105
2015-10-12,22.79049491882324
2015-10-13,22.472885131835938
2015-10-14,22.454906463623047
2015-10-15,22.65865898132324
2015-10-16,23.054182052612305
2015-10-19,22.86241149902344
2015-10-20,22.880390167236328
2015-10-21,22.736555099487305
2015-10-22,23.8392333984375
2015-10-23,24.078941345214844
2015-10-26,24.019014358520508
2015-10-27,23.5935287475586
2015-10-28,23.95309066772461
2015-10-29,24.03699111938477
2015-10-30,24.426528930664062
2015-11-02,24.66024208068848
2015-11-03,24.81005477905273
2015-11-04,24.648250579833984
2015-11-05,24.91193580627441
2015-11-06,24.48645401000977
2015-11-09,24.360605239868164
2015-11-10,24.450498580932617
2015-11-11,24.47446823120117
2015-11-12,24.216781616210938
2015-11-13,23.74335289001465
2015-11-16,24.27070617675781
2015-11-17,24.222766876220703
2015-11-18,24.822040557861328
2015-11-19,24.917932510375977
2015-11-20,24.774112701416016
2015-11-23,24.6842098236084
2015-11-24,24.744140625
2015-11-25,25.055763244628903
2015-11-27,24.917932510375977
2015-11-30,25.12168502807617
2015-12-01,25.06775283813477
2015-12-02,24.58833312988281
2015-12-03,24.222766876220703
2015-12-04,24.654247283935547
2015-12-07,24.46247291564941
2015-12-08,23.56356239318848
2015-12-09,23.07814598083496
2015-12-10,23.054182052612305
2015-12-11,21.68183135986328
2015-12-14,21.046594619750977
2015-12-15,21.3342514038086
2015-12-16,21.66984748840332
2015-12-17,21.24436378479004
2015-12-18,20.974687576293945
2015-12-21,21.11851692199707
2015-12-22,21.46609687805176
2015-12-23,22.38898086547852
2015-12-24,22.26251792907715
2015-12-28,22.232410430908203
2015-12-29,22.521467208862305
2015-12-30,22.29865455627441
2015-12-31,22.17220115661621
2016-01-04,21.78680229187012
2016-01-05,21.750673294067383
2016-01-06,21.19667053222656
2016-01-07,20.51620483398437
2016-01-08,20.26329231262207
2016-01-11,20.17296028137207
2016-01-12,20.47405815124512
2016-01-13,19.85983085632324
2016-01-14,20.09468078613281
2016-01-15,19.637025833129883
2016-01-19,19.90199089050293
2016-01-20,19.81768226623535
2016-01-21,19.99833869934082
2016-01-22,20.49814414978028
2016-01-25,19.58885383605957
2016-01-26,20.09468078613281
2016-01-27,19.99833869934082
2016-01-28,20.058555603027344
2016-01-29,20.87149429321289
2016-02-01,20.28738212585449
2016-02-02,19.414220809936523
2016-02-03,19.727352142333984
2016-02-04,20.34760284423828
2016-02-05,20.299421310424805
2016-02-08,19.546703338623047
2016-02-09,19.32389640808105
2016-02-10,19.540678024291992
2016-02-11,18.938501358032227
2016-02-12,19.46239852905273
2016-02-16,20.38372611999512
2016-02-17,20.63061714172364
2016-02-18,20.87149429321289
2016-02-19,20.52223396301269
2016-02-22,21.08225440979004
2016-02-23,21.040098190307617
2016-02-24,20.931703567504883
2016-02-25,21.51582145690918
2016-02-26,21.768741607666016
2016-02-29,21.588077545166016
2016-03-01,22.232410430908203
2016-03-02,22.49135398864746
2016-03-03,22.810503005981445
2016-03-04,23.1657943725586
2016-03-07,23.153749465942383
2016-03-08,22.88276481628418
2016-03-09,22.527482986450195
2016-03-10,22.13606643676757
2016-03-11,23.09955596923828
2016-03-14,22.93696403503418
2016-03-15,22.17822265625
2016-03-16,22.62382698059082
2016-03-17,23.346439361572266
2016-03-18,23.53914451599121
2016-03-21,23.51505470275879
2016-03-22,23.51505470275879
2016-03-23,23.226009368896484
2016-03-24,22.93696403503418
2016-03-28,23.08148765563965
2016-03-29,23.6562614440918
2016-03-30,23.68045997619629
2016-03-31,23.62600326538086
2016-04-01,23.874061584472656
2016-04-04,23.474748611450195
2016-04-05,23.26298713684082
2016-04-06,23.281137466430664
2016-04-07,22.506711959838867
2016-04-08,22.53091621398925
2016-04-11,22.6458683013916
2016-04-12,22.97258758544922
2016-04-13,23.946664810180664
2016-04-14,24.12817001342773
2016-04-15,23.9043083190918
2016-04-18,23.98901557922364
2016-04-19,24.44278144836425
2016-04-20,24.793699264526367
2016-04-21,24.527482986450195
2016-04-22,24.60614013671875
2016-04-25,24.29151725769043
2016-04-26,24.309675216674805
2016-04-27,23.98901557922364
2016-04-28,23.081485748291016
2016-04-29,22.59141731262207
2016-05-02,22.833431243896484
2016-05-03,22.264711380004883
2016-05-04,21.79884147644043
2016-05-05,21.67784309387207
2016-05-06,21.84119415283203
2016-05-09,21.75044250488281
2016-05-10,22.107410430908203
2016-05-11,21.581037521362305
2016-05-12,21.68388938903809
2016-05-13,21.19987678527832
2016-05-16,21.32693290710449
2016-05-17,21.21802520751953
2016-05-18,21.54474258422852
2016-05-19,21.30272483825684
2016-05-20,21.514493942260746
2016-05-23,21.581037521362305
2016-05-24,22.12555503845215
2016-05-25,22.682178497314453
2016-05-26,22.403867721557617
2016-05-27,22.603519439697266
2016-05-31,22.597475051879883
2016-06-01,22.27680969238281
2016-06-02,21.6475887298584
2016-06-03,21.532638549804688
2016-06-06,21.659687042236328
2016-06-07,21.447933197021484
2016-06-08,21.32693290710449
2016-06-09,20.82476234436035
2016-06-10,20.443601608276367
2016-06-13,20.12899208068848
2016-06-14,19.91118621826172
2016-06-15,19.99588966369629
2016-06-16,19.99588966369629
2016-06-17,20.17739486694336
2016-06-20,20.42545318603516
2016-06-21,20.455705642700195
2016-06-22,20.413354873657227
2016-06-23,20.92157554626465
2016-06-24,19.390869140625
2016-06-27,18.55594253540039
2016-06-28,18.87849998474121
2016-06-29,19.767040252685547
2016-06-30,20.30868911743164
2016-07-01,20.12610244750977
2016-07-05,19.657489776611328
2016-07-06,19.79746627807617
2016-07-07,19.840068817138672
2016-07-08,20.67992210388184
2016-07-11,20.661666870117188
2016-07-12,21.20331573486328
2016-07-13,20.97813606262207
2016-07-14,21.08159828186035
2016-07-15,21.112024307250977
2016-07-18,21.29460525512696
2016-07-19,21.045085906982425
2016-07-20,21.373714447021484
2016-07-21,21.306772232055664
2016-07-22,21.40415000915528
2016-07-25,21.09377098083496
2016-07-26,21.051166534423828
2016-07-27,21.20940017700196
2016-07-28,21.3128604888916
2016-07-29,22.0249080657959
2016-08-01,21.927534103393555
2016-08-02,21.343286514282227
2016-08-03,21.69019317626953
2016-08-04,21.531951904296875
2016-08-05,22.170976638793945
2016-08-08,22.170976638793945
2016-08-09,21.76321029663086
2016-08-10,21.641504287719727
2016-08-11,21.696277618408203
2016-08-12,21.62323570251465
2016-08-15,21.891019821166992
2016-08-16,21.939712524414062
2016-08-17,22.061424255371094
2016-08-18,22.27443504333496
2016-08-19,22.408321380615234
2016-08-22,22.213573455810547
2016-08-23,22.438758850097656
2016-08-24,22.03708839416504
2016-08-25,21.921449661254883
2016-08-26,22.00665283203125
2016-08-29,22.091859817504883
2016-08-30,22.207489013671875
2016-08-31,22.213573455810547
2016-09-01,21.82407569885254
2016-09-02,22.00056838989257
2016-09-06,21.98230743408203
2016-09-07,22.1953182220459
2016-09-08,22.323118209838867
2016-09-09,21.653675079345703
2016-09-12,22.170976638793945
2016-09-13,21.43457794189453
2016-09-14,21.416318893432617
2016-09-15,21.75713157653809
2016-09-16,21.36154556274414
2016-09-19,21.44066047668457
2016-09-20,21.29460525512696
2016-09-21,21.72061347961425
2016-09-22,21.945798873901367
2016-09-23,21.416318893432617
2016-09-26,20.99639129638672
2016-09-27,21.06942176818848
2016-09-28,21.37530899047852
2016-09-29,21.25295639038086
2016-09-30,21.76072120666504
2016-10-03,22.19508552551269
2016-10-04,21.88307762145996
2016-10-05,22.488733291625977
2016-10-06,22.146146774291992
2016-10-07,21.97484397888184
2016-10-10,22.25626564025879
2016-10-11,21.27742385864257
2016-10-12,21.25907516479492
2016-10-13,21.044952392578125
2016-10-14,20.85530662536621
2016-10-17,20.69012260437012
2016-10-18,20.94095230102539
2016-10-19,21.314138412475582
2016-10-20,21.15507698059082
2016-10-21,21.093889236450195
2016-10-24,21.2468376159668
2016-10-25,21.30189514160156
2016-10-26,21.47319221496582
2016-10-27,21.063308715820312
2016-10-28,20.916481018066406
2016-10-31,20.59224319458008
2016-11-01,20.61672019958496
2016-11-02,20.2985954284668
2016-11-03,20.46377182006836
2016-11-04,20.677886962890625
2016-11-07,21.063308715820312
2016-11-08,20.953187942504883
2016-11-09,23.547101974487305
2016-11-10,23.155561447143555
2016-11-11,22.7701473236084
2016-11-14,23.687816619873047
2016-11-15,23.804039001464844
2016-11-16,23.55322265625
2016-11-17,23.76121711730957
2016-11-18,23.79180908203125
2016-11-21,24.04875564575196
2016-11-22,23.95698928833008
2016-11-23,24.024280548095703
2016-11-25,24.05486297607422
2016-11-28,23.64497756958008
2016-11-29,23.675573348999023
2016-11-30,24.01816368103028
2016-12-01,24.201696395874023
2016-12-02,23.987573623657227
2016-12-05,24.32404327392578
2016-12-06,24.40357208251953
2016-12-07,24.85017204284668
2016-12-08,25.706655502319336
2016-12-09,25.088764190673828
2016-12-12,24.46475982666016
2016-12-13,24.46475982666016
2016-12-14,24.04875564575196
2016-12-15,24.140520095825195
2016-12-16,24.0303955078125
2016-12-19,24.330167770385746
2016-12-20,24.7155818939209
2016-12-21,24.72169685363769
2016-12-22,24.64217185974121
2016-12-23,24.7645206451416
2016-12-27,24.6605224609375
2016-12-28,24.26703643798828
2016-12-29,24.230154037475582
2016-12-30,24.33466911315918
2017-01-03,24.86341094970703
2017-01-04,25.422901153564453
2017-01-05,25.04171562194824
2017-01-06,25.054004669189453
2017-01-09,24.78348731994629
2017-01-10,24.838817596435547
2017-01-11,25.054004669189453
2017-01-12,24.88800621032715
2017-01-13,24.900310516357425
2017-01-17,24.556007385253903
2017-01-18,24.59903144836425
2017-01-19,24.50682830810547
2017-01-20,24.967941284179688
2017-01-23,24.838817596435547
2017-01-24,25.30609130859375
2017-01-25,25.736461639404297
2017-01-26,25.066308975219727
2017-01-27,24.789634704589844
2017-01-30,24.697418212890625
2017-01-31,24.43303871154785
2017-02-01,24.58675003051757
2017-02-02,24.53141593933105
2017-02-03,24.78348731994629
2017-02-06,24.58675003051757
2017-02-07,24.59903144836425
2017-02-08,24.43303871154785
2017-02-09,24.88800621032715
2017-02-10,25.133934020996094
2017-02-13,25.52126884460449
2017-02-14,25.88402366638184
2017-02-15,26.26521873474121
2017-02-16,26.00083351135254
2017-02-17,26.14839172363281
2017-02-21,26.45580673217773
2017-02-22,26.295944213867188
2017-02-23,26.40048217773437
2017-02-24,26.277507781982425
2017-02-27,26.664852142333984
2017-02-28,26.461950302124023
2017-03-01,26.7078857421875
2017-03-02,26.36972999572754
2017-03-03,26.240617752075195
2017-03-06,26.05617332458496
2017-03-07,26.05617332458496
2017-03-08,26.166837692260746
2017-03-09,26.080760955810547
2017-03-10,26.179140090942383
2017-03-13,26.172983169555664
2017-03-14,26.08690643310547
2017-03-15,26.43121337890625
2017-03-16,26.99685287475586
2017-03-17,25.957809448242188
2017-03-20,25.84712791442871
2017-03-21,25.422901153564453
2017-03-22,25.435199737548828
2017-03-23,25.49053382873535
2017-03-24,25.36757469177246
2017-03-27,25.263051986694336
2017-03-28,25.77335929870605
2017-03-29,25.581850051879883
2017-03-30,26.08224105834961
2017-03-31,26.032825469970703
2017-04-03,25.7918758392334
2017-04-04,25.68069267272949
2017-04-05,25.57567024230957
2017-04-06,25.92161750793457
2017-04-07,25.810415267944336
2017-04-10,25.971040725708008
2017-04-11,25.33473396301269
2017-04-12,25.211185455322266
2017-04-13,25.07527732849121
2017-04-17,25.557132720947266
2017-04-18,25.72392845153809
2017-04-19,25.45828437805176
2017-04-20,25.71157455444336
2017-04-21,25.33473396301269
2017-04-24,25.890724182128903
2017-04-25,25.971040725708008
2017-04-26,26.23667907714844
2017-04-27,26.11929512023925
2017-04-28,26.63204765319824
2017-05-01,26.409652709960938
2017-05-02,26.347871780395508
2017-05-03,26.39730453491211
2017-05-04,26.230506896972656
2017-05-05,26.42200469970703
2017-05-08,26.551742553710938
2017-05-09,26.829736709594727
2017-05-10,27.021249771118164
2017-05-11,26.76178550720215
2017-05-12,26.66911506652832
2017-05-15,26.92240333557129
2017-05-16,26.82356071472168
2017-05-17,25.97722053527832
2017-05-18,25.866024017333984
2017-05-19,25.971040725708008
2017-05-22,26.02045249938965
2017-05-23,25.57567024230957
2017-05-24,25.544771194458008
2017-05-25,25.7609920501709
2017-05-26,25.7609920501709
2017-05-30,25.705400466918945
2017-05-31,25.81659698486328
2017-06-01,26.409652709960938
2017-06-02,26.415830612182617
2017-06-05,26.44671630859375
2017-06-06,26.28610610961914
2017-06-07,26.26139068603516
2017-06-08,26.50232315063477
2017-06-09,26.98418426513672
2017-06-12,27.12009620666504
2017-06-13,27.268360137939453
2017-06-14,27.30541610717773
2017-06-15,27.49074935913086
2017-06-16,27.262176513671875
2017-06-19,27.700801849365234
2017-06-20,27.49693298339844
2017-06-21,27.342491149902344
2017-06-22,27.39190673828125
2017-06-23,27.16951370239257
2017-06-26,27.33012962341309
2017-06-27,27.466045379638672
2017-06-28,27.844575881958008
2017-06-29,27.64600372314453
2017-06-30,27.794940948486328
2017-07-03,27.968700408935547
2017-07-05,28.07419204711914
2017-07-06,27.875606536865234
2017-07-07,28.185890197753903
2017-07-10,28.26035499572754
2017-07-11,28.17348861694336
2017-07-12,28.533409118652344
2017-07-13,28.74439811706543
2017-07-14,28.713376998901367
2017-07-17,28.63890838623047
2017-07-18,28.694753646850582
2017-07-19,28.8995418548584
2017-07-20,29.048471450805664
2017-07-21,28.96158218383789
2017-07-24,28.95538902282715
2017-07-25,29.34013938903809
2017-07-26,29.30290412902832
2017-07-27,28.4837589263916
2017-07-28,27.73287773132324
2017-07-31,27.78873062133789
2017-08-01,27.751502990722656
2017-08-02,27.267465591430664
2017-08-03,27.199201583862305
2017-08-04,27.18058586120605
2017-08-07,27.05026626586914
2017-08-08,27.087495803833008
2017-08-09,27.05026626586914
2017-08-10,26.45453453063965
2017-08-11,26.528995513916016
2017-08-14,26.696548461914062
2017-08-15,26.61587142944336
2017-08-16,26.57864761352539
2017-08-17,26.100807189941406
2017-08-18,25.95808792114257
2017-08-21,25.920841217041016
2017-08-22,26.38004493713379
2017-08-23,26.280771255493164
2017-08-24,26.30559539794922
2017-08-25,26.479352951049805
2017-08-28,26.435909271240234
2017-08-29,26.311803817749023
2017-08-30,26.442121505737305
2017-08-31,26.82686424255371
2017-09-01,26.932355880737305
2017-09-05,25.8960189819336
2017-09-06,25.82155036926269
2017-09-07,25.529890060424805
2017-09-08,25.46782875061035
2017-09-11,25.8960189819336
2017-09-12,26.181480407714844
2017-09-13,26.05736923217773
2017-09-14,26.15666007995605
2017-09-15,26.36144256591797
2017-09-18,26.541410446166992
2017-09-19,26.591053009033203
2017-09-20,26.665512084960938
2017-09-21,26.42350196838379
2017-09-22,26.61587142944336
2017-09-25,26.93856430053711
2017-09-26,26.99441337585449
2017-09-27,27.602563858032227
2017-09-28,27.770872116088867
2017-09-29,27.74593162536621
2017-10-02,27.8830795288086
2017-10-03,27.908008575439453
2017-10-04,27.9703426361084
2017-10-05,27.90177345275879
2017-10-06,27.84567642211914
2017-10-09,27.8706169128418
2017-10-10,28.001510620117188
2017-10-11,28.00774955749512
2017-10-12,27.92671775817871
2017-10-13,27.82697105407715
2017-10-16,27.895544052124023
2017-10-17,27.67113494873047
2017-10-18,27.92671775817871
2017-10-19,27.9703426361084
2017-10-20,28.095029830932617
2017-10-23,27.76463508605957
2017-10-24,27.92671775817871
2017-10-25,27.52153968811035
2017-10-26,27.39685440063477
2017-10-27,26.729856491088867
2017-10-30,26.51791954040528
2017-10-31,26.2623348236084
2017-11-01,26.436872482299805
2017-11-02,26.8233642578125
2017-11-03,26.673751831054688
2017-11-06,26.549081802368164
2017-11-07,26.04414749145508
2017-11-08,26.112722396850582
2017-11-09,25.763643264770508
2017-11-10,25.638961791992188
2017-11-13,25.43949508666992
2017-11-14,25.45195960998535
2017-11-15,25.21507835388184
2017-11-16,25.277416229248047
2017-11-17,25.23377990722656
2017-11-20,25.408323287963867
2017-11-21,25.919483184814453
2017-11-22,25.80728340148925
2017-11-24,25.68882942199707
2017-11-27,25.67013931274414
2017-11-28,26.28727149963379
2017-11-29,26.885698318481445
2017-11-30,27.0228328704834
2017-12-01,27.10386848449707
2017-12-04,27.81450462341309
2017-12-05,27.52153968811035
2017-12-06,27.60880279541016
2017-12-07,27.73970413208008
2017-12-08,27.84567642211914
2017-12-11,27.490358352661133
2017-12-12,27.52153968811035
2017-12-13,27.23477935791016
2017-12-14,26.848297119140625
2017-12-15,27.091407775878903
2017-12-18,27.2098445892334
2017-12-19,27.22854995727539
2017-12-20,27.23477935791016
2017-12-21,27.32828140258789
2017-12-22,27.51627540588379
2017-12-26,27.30322265625
2017-12-27,27.215490341186523
2017-12-28,27.27814674377441
2017-12-29,27.15282249450684
2018-01-02,27.102697372436523
2018-01-03,27.228015899658203
2018-01-04,27.13402366638184
2018-01-05,27.30322265625
2018-01-08,27.52254676818848
2018-01-09,27.35961151123047
2018-01-10,27.11522674560547
2018-01-11,27.53508758544922
2018-01-12,27.90479850769043
2018-01-16,27.44108390808105
2018-01-17,28.136669158935547
2018-01-18,27.96746635437012
2018-01-19,28.130401611328125
2018-01-22,28.418651580810547
2018-01-23,28.5189208984375
2018-01-24,28.525190353393555
2018-01-25,28.29960060119629
2018-01-26,28.738252639770508
2018-01-29,28.274524688720703
2018-01-30,26.770565032958984
2018-01-31,26.57629776000977
2018-02-01,26.36322975158692
2018-02-02,25.617530822753903
2018-02-05,24.40808486938477
2018-02-06,24.890607833862305
2018-02-07,24.715147018432617
2018-02-08,23.81276512145996
2018-02-09,23.95062828063965
2018-02-12,24.332887649536133
2018-02-13,24.339157104492188
2018-02-14,24.94700813293457
2018-02-15,24.47702407836914
2018-02-16,24.50208854675293
2018-02-20,24.35168838500977
2018-02-21,24.48328399658203
2018-02-22,24.26395797729492
2018-02-23,24.633676528930664
2018-02-26,24.965808868408203
2018-02-27,24.53968620300293
2018-02-28,24.23262023925781
2018-03-01,24.03837013244629
2018-03-02,24.30782699584961
2018-03-05,24.677547454833984
2018-03-06,24.81540298461914
2018-03-07,24.633676528930664
2018-03-08,24.765281677246094
2018-03-09,25.35432815551757
2018-03-12,24.959545135498047
2018-03-13,24.702611923217773
2018-03-14,24.35168838500977
2018-03-15,24.226356506347656
2018-03-16,24.433155059814453
2018-03-19,23.96316337585449
2018-03-20,24.04463195800781
2018-03-21,24.245155334472656
2018-03-22,23.35531616210937
2018-03-23,22.9667911529541
2018-03-26,23.88169860839844
2018-03-27,23.56836700439453
2018-03-28,23.383285522460938
2018-03-29,23.77403259277344
2018-04-02,22.93083381652832
2018-04-03,23.28730583190918
2018-04-04,23.56151962280273
2018-04-05,23.34214401245117
2018-04-06,22.773164749145508
2018-04-09,22.670333862304688
2018-04-10,22.684045791625977
2018-04-11,22.2658805847168
2018-04-12,22.855432510375977
2018-04-13,22.72517776489257
2018-04-16,23.198192596435547
2018-04-17,23.28730583190918
2018-04-18,23.34214401245117
2018-04-19,23.42441940307617
2018-04-20,23.335294723510746
2018-04-23,23.061084747314453
2018-04-24,22.83485984802246
2018-04-25,23.01995277404785
2018-04-26,23.157054901123047
2018-04-27,23.49982261657715
2018-04-30,23.061084747314453
2018-05-01,22.642915725708008
2018-05-02,22.300148010253903
2018-05-03,22.176755905151367
2018-05-04,22.526376724243164
2018-05-07,22.95825386047364
2018-05-08,22.83485984802246
2018-05-09,22.389272689819336
2018-05-10,22.75945281982422
2018-05-11,22.800586700439453
2018-05-14,23.10221672058105
2018-05-15,23.006244659423828
2018-05-16,23.06794166564941
2018-05-17,23.335294723510746
2018-05-18,23.383285522460938
2018-05-21,23.6506404876709
2018-05-22,23.63007354736328
2018-05-23,23.21875762939453
2018-05-24,23.25303077697754
2018-05-25,23.32843971252441
2018-05-29,22.50580787658692
2018-05-30,23.095359802246094
2018-05-31,23.01309967041016
2018-06-01,23.390134811401367
2018-06-04,23.205041885375977
2018-06-05,23.157054901123047
2018-06-06,23.63007354736328
2018-06-07,23.49982261657715
2018-06-08,23.588945388793945
2018-06-11,23.513532638549805
2018-06-12,23.34900665283203
2018-06-13,22.862285614013672
2018-06-14,22.72517776489257
2018-06-15,23.28045082092285
2018-06-18,22.8759880065918
2018-06-19,22.90340805053711
2018-06-20,22.786874771118164
2018-06-21,22.581212997436523
2018-06-22,22.55379104614257
2018-06-25,22.437255859375
2018-06-26,22.252161026000977
2018-06-27,22.00536727905273
2018-06-28,21.957046508789062
2018-06-29,22.129657745361328
2018-07-02,21.82585525512696
2018-07-03,21.73609161376953
2018-07-05,21.90180397033692
2018-07-06,21.943233489990234
2018-07-09,22.322996139526367
2018-07-10,22.433467864990234
2018-07-11,22.19179916381836
2018-07-12,22.461090087890625
2018-07-13,22.322996139526367
2018-07-16,22.164180755615234
2018-07-17,22.17109107971192
2018-07-18,22.488712310791016
2018-07-19,22.28157424926757
2018-07-20,22.081323623657227
2018-07-23,22.42656135559082
2018-07-24,22.509418487548828
2018-07-25,22.63370513916016
2018-07-26,22.599180221557617
2018-07-27,22.405851364135746
2018-07-30,23.69013404846192
2018-07-31,23.6970329284668
2018-08-01,22.405851364135746
2018-08-02,21.963945388793945
2018-08-03,22.302284240722656
2018-08-06,22.53013610839844
2018-08-07,22.833946228027344
2018-08-08,22.992752075195312
2018-08-09,22.70966148376465
2018-08-10,22.157276153564453
2018-08-13,22.12276077270508
2018-08-14,22.26775550842285
2018-08-15,22.20561408996582
2018-08-16,22.329896926879883
2018-08-17,22.592273712158203
2018-08-20,22.84775733947754
2018-08-21,22.90298843383789
2018-08-22,22.84775733947754
2018-08-23,22.467994689941406
2018-08-24,22.56465721130371
2018-08-27,22.992752075195312
2018-08-28,22.882274627685547
2018-08-29,22.965133666992188
2018-08-30,22.35061264038086
2018-08-31,21.91561317443848
2018-09-04,21.584184646606445
2018-09-05,21.69466209411621
2018-09-06,20.893712997436523
2018-09-07,20.81085586547852
2018-09-10,21.563474655151367
2018-09-11,21.487524032592773
2018-09-12,21.63942527770996
2018-09-13,21.632524490356445
2018-09-14,22.03989791870117
2018-09-17,21.970855712890625
2018-09-18,21.85347366333008
2018-09-19,22.412755966186523
2018-09-20,22.73037338256836
2018-09-21,22.661327362060547
2018-09-24,22.329896926879883
2018-09-25,21.83966064453125
2018-09-26,21.660137176513672
2018-09-27,21.583629608154297
2018-09-28,21.15237045288086
2018-10-01,21.208017349243164
2018-10-02,21.208017349243164
2018-10-03,21.08976554870605
2018-10-04,21.298444747924805
2018-10-05,21.23584175109864
2018-10-08,21.52102279663086
2018-10-09,21.2567081451416
2018-10-10,20.582002639770508
2018-10-11,19.85165405273437
2018-10-12,19.85165405273437
2018-10-15,20.136831283569336
2018-10-16,20.58895301818848
2018-10-17,20.790672302246094
2018-10-18,20.28289794921875
2018-10-19,20.70024681091309
2018-10-22,20.199440002441406
2018-10-23,20.0603256225586
2018-10-24,19.7055778503418
2018-10-25,20.408103942871094
2018-10-26,20.387237548828125
2018-10-29,20.609825134277344
2018-10-30,21.54884529113769
2018-10-31,21.2149715423584
2018-11-01,21.56276130676269
2018-11-02,21.35408973693848
2018-11-05,21.437557220458984
2018-11-06,21.72274208068848
2018-11-07,21.924455642700195
2018-11-08,22.007923126220703
2018-11-09,21.472335815429688
2018-11-12,21.53493309020996
2018-11-13,21.62535858154297
2018-11-14,21.43060111999512
2018-11-15,21.966196060180664
2018-11-16,22.209646224975582
2018-11-19,22.411361694335938
2018-11-20,22.174861907958984
2018-11-21,22.44614219665528
2018-11-23,22.661762237548828
2018-11-26,23.190404891967773
2018-11-27,23.225175857543945
2018-11-28,23.329519271850582
2018-11-29,23.30168914794922
2018-11-30,23.572969436645508
2018-12-03,23.8372859954834
2018-12-04,23.14170837402344
2018-12-06,22.62698745727539
2018-12-07,22.425275802612305
2018-12-10,22.293109893798828
2018-12-11,21.938373565673828
2018-12-12,22.244421005249023
2018-12-13,22.19572830200196
2018-12-14,21.82012367248535
2018-12-17,21.208017349243164
2018-12-18,20.839365005493164
2018-12-19,20.23421287536621
2018-12-20,19.90033721923828
2018-12-21,19.754268646240234
2018-12-24,19.309101104736328
2018-12-26,20.1298770904541
2018-12-27,20.33159637451172
2018-12-28,20.47195816040039
2018-12-31,20.815847396850582
2019-01-02,20.949193954467773
2019-01-03,20.56319046020508
2019-01-04,21.23694229125977
2019-01-07,21.34221076965332
2019-01-08,21.46853828430176
2019-01-09,21.27904510498047
2019-01-10,21.38431739807129
2019-01-11,21.28606414794922
2019-01-14,21.293087005615234
2019-01-15,21.51766586303711
2019-01-16,21.7492618560791
2019-01-17,21.80540657043457
2019-01-18,22.13526725769043
2019-01-22,21.994892120361328
2019-01-23,21.79839134216309
2019-01-24,21.98788070678711
2019-01-25,22.170351028442383
2019-01-28,22.33878517150879
2019-01-29,21.88962173461914
2019-01-30,20.41581153869629
2019-01-31,20.780759811401367
2019-02-01,20.794788360595703
2019-02-04,21.1246395111084
2019-02-05,21.41238784790039
2019-02-06,21.28606414794922
2019-02-07,21.300098419189453
2019-02-08,21.06850242614746
2019-02-11,21.44045829772949
2019-02-12,21.861553192138672
2019-02-13,22.191404342651367
2019-02-14,22.226497650146484
2019-02-15,22.773910522460938
2019-02-19,22.68969345092773
2019-02-20,22.89322280883789
2019-02-21,22.62653541564941
2019-02-22,22.97041702270508
2019-02-25,22.794971466064453
2019-02-26,22.98446083068848
2019-02-27,22.998491287231445
2019-02-28,22.886211395263672
2019-03-01,22.928306579589844
2019-03-04,22.773910522460938
2019-03-05,22.612499237060547
2019-03-06,22.366863250732425
2019-03-07,21.92471504211425
2019-03-08,21.98788070678711
2019-03-11,22.55635452270508
2019-03-12,22.780929565429688
2019-03-13,22.998491287231445
2019-03-14,22.809005737304688
2019-03-15,23.384492874145508
2019-03-18,23.65118408203125
2019-03-19,23.5739860534668
2019-03-20,23.159910202026367
2019-03-21,23.28624153137207
2019-03-22,22.52827262878418
2019-03-25,22.401948928833008
2019-03-26,22.977441787719727
2019-03-27,23.033586502075195
2019-03-28,23.27410697937012
2019-03-29,23.44388961791992
2019-04-01,23.896635055541992
2019-04-02,24.031044006347656
2019-04-03,24.17253303527832
2019-04-04,24.3635311126709
2019-04-05,24.67479515075684
2019-04-08,24.93654441833496
2019-04-09,24.236196517944336
2019-04-10,24.745540618896484
2019-04-11,24.780908584594727
2019-04-12,25.085100173950195
2019-04-15,24.696020126342773
2019-04-16,25.148765563964844
2019-04-17,25.148765563964844
2019-04-18,24.971912384033203
2019-04-22,24.787982940673828
2019-04-23,25.078031539916992
2019-04-24,25.233661651611328
2019-04-25,25.070959091186523
2019-04-26,24.83750915527344
2019-04-29,24.179607391357425
2019-04-30,24.469646453857425
2019-05-01,24.08055877685547
2019-05-02,24.271568298339844
2019-05-03,24.51209259033203
2019-05-06,24.37768173217773
2019-05-07,23.762222290039062
2019-05-08,23.960304260253903
2019-05-09,23.861268997192383
2019-05-10,24.144237518310547
2019-05-13,23.14677047729492
2019-05-14,23.641963958740234
2019-05-15,23.58537673950196
2019-05-16,23.75515937805176
2019-05-17,23.50048446655273
2019-05-20,23.57829475402832
2019-05-21,23.861268997192383
2019-05-22,23.79052734375
2019-05-23,23.45803451538086
2019-05-24,23.542924880981445
2019-05-28,23.111400604248047
2019-05-29,23.323627471923828
2019-05-30,23.29532814025879
2019-05-31,22.51009178161621
2019-06-03,22.73647117614746
2019-06-04,23.34485244750977
2019-06-05,23.351919174194336
2019-06-06,23.4651107788086
2019-06-07,23.797595977783203
2019-06-10,23.627819061279297
2019-06-11,23.606592178344727
2019-06-12,23.542924880981445
2019-06-13,23.606592178344727
2019-06-14,23.599529266357425
2019-06-17,23.24580764770508
2019-06-18,23.71270751953125
2019-06-19,23.96738052368164
2019-06-20,24.43427276611328
2019-06-21,24.2220516204834
2019-06-24,24.299863815307617
2019-06-25,23.896635055541992
2019-06-26,24.271568298339844
2019-06-27,24.74916076660156
2019-06-28,24.806182861328125
2019-07-01,24.94875144958496
2019-07-02,24.8560791015625
2019-07-03,25.126953125
2019-07-05,25.15546989440918
2019-07-08,24.92023468017578
2019-07-09,24.891721725463867
2019-07-10,24.79193115234375
2019-07-11,24.827571868896484
2019-07-12,25.084184646606445
2019-07-15,25.084184646606445
2019-07-16,25.176851272583008
2019-07-17,24.827571868896484
2019-07-18,25.269515991210938
2019-07-19,25.31229019165039
2019-07-22,24.827571868896484
2019-07-23,24.9273624420166
2019-07-24,24.98439216613769
2019-07-25,24.677873611450195
2019-07-26,24.92023468017578
2019-07-29,24.656494140625
2019-07-30,24.11475372314453
2019-07-31,23.259366989135746
2019-08-01,22.46100425720215
2019-08-02,22.411108016967773
2019-08-05,21.76244163513184
2019-08-06,21.89787483215332
2019-08-07,21.61274719238281
2019-08-08,21.79094696044922
2019-08-09,20.8999252319336
2019-08-12,20.179977416992188
2019-08-13,20.3367977142334
2019-08-14,19.231922149658203
2019-08-15,19.25330924987793
2019-08-16,19.509923934936523
2019-08-19,19.452896118164062
2019-08-20,19.27469253540039
2019-08-21,19.27469253540039
2019-08-22,19.2889461517334
2019-08-23,18.626022338867188
2019-08-26,18.48345947265625
2019-08-27,18.497716903686523
2019-08-28,18.53335762023925
2019-08-29,18.78285026550293
2019-08-30,18.732948303222656
2019-09-03,18.554744720458984
2019-09-04,18.697303771972656
2019-09-05,19.26756477355957
2019-09-06,19.189149856567383
2019-09-09,19.802175521850582
2019-09-10,20.279767990112305
2019-09-11,21.01397132873535
2019-09-12,21.23495101928711
2019-09-13,21.32048988342285
2019-09-16,21.19218063354492
2019-09-17,20.999719619750977
2019-09-18,20.985462188720703
2019-09-19,21.07099914550781
2019-09-20,20.91417694091797
2019-09-23,20.72884559631348
2019-09-24,20.265512466430664
2019-09-25,20.52212715148925
2019-09-26,20.429462432861328
2019-09-27,20.594913482666016
2019-09-30,20.76036262512207
2019-10-01,20.076980590820312
2019-10-02,19.46553611755371
2019-10-03,19.5158920288086
2019-10-04,19.69572639465332
2019-10-07,19.523088455200195
2019-10-08,18.904447555541992
2019-10-09,18.96919250488281
2019-10-10,19.08428192138672
2019-10-11,19.652563095092773
2019-10-14,19.40079498291016
2019-10-15,19.61660385131836
2019-10-16,19.343250274658203
2019-10-17,19.523088455200195
2019-10-18,19.58063316345215
2019-10-21,19.7316951751709
2019-10-22,19.47992515563965
2019-10-23,20.055402755737305
2019-10-24,20.242431640625
2019-10-25,20.01943588256836
2019-10-28,20.43665313720703
2019-10-29,20.22804450988769
2019-10-30,20.192079544067383
2019-10-31,19.818016052246094
2019-11-01,20.17768669128418
2019-11-04,20.623685836791992
2019-11-05,20.8538761138916
2019-11-06,20.544553756713867
2019-11-07,20.674041748046875
2019-11-08,20.343137741088867
2019-11-11,20.11294937133789
2019-11-12,20.1201400756836
2019-11-13,19.6381778717041
2019-11-14,19.58782386779785
2019-11-15,19.94750022888184
2019-11-18,19.94750022888184
2019-11-19,19.94750022888184
2019-11-20,19.65976333618164
2019-11-21,19.60221290588379
2019-11-22,19.652563095092773
2019-11-25,20.12733268737793
2019-11-26,19.940303802490234
2019-11-27,20.055402755737305
2019-11-29,19.774852752685547
2019-12-02,19.407989501953125
2019-12-03,18.976381301879883
2019-12-04,19.041126251220703
2019-12-05,19.0339298248291
2019-12-06,19.4223747253418
2019-12-09,19.43675994873047
2019-12-10,18.587934494018555
2019-12-11,18.65267372131348
2019-12-12,19.271312713623047
2019-12-13,18.69583511352539
2019-12-16,18.8253173828125
2019-12-17,18.87566947937012
2019-12-18,18.774961471557617
2019-12-19,18.80373954772949
2019-12-20,18.559160232543945
2019-12-23,18.83970642089844
2019-12-24,18.80373954772949
2019-12-26,18.933223724365234
2019-12-27,18.88286590576172
2019-12-30,18.766576766967773
2019-12-31,18.882869720458984
2020-01-02,18.613943099975582
2020-01-03,18.23599433898925
2020-01-06,18.38136100769043
2020-01-07,18.57760429382324
2020-01-08,18.475845336914062
2020-01-09,18.31594467163086
2020-01-10,18.185115814208984
2020-01-13,18.54125022888184
2020-01-14,18.352283477783203
2020-01-15,18.257797241210938
2020-01-16,18.72296524047852
2020-01-17,18.70842361450196
2020-01-21,18.54125022888184
2020-01-22,18.795642852783203
2020-01-23,18.6648178100586
2020-01-24,18.359554290771484
2020-01-27,17.908924102783203
2020-01-28,18.23599433898925
2020-01-29,18.05428504943848
2020-01-30,19.05003547668457
2020-01-31,18.38862037658692
2020-02-03,18.31594467163086
2020-02-04,18.59213638305664
2020-02-05,19.12271499633789
2020-02-06,18.955541610717773
2020-02-07,18.606674194335938
2020-02-10,18.606674194335938
2020-02-11,18.286869049072266
2020-02-12,17.887115478515625
2020-02-13,17.596385955810547
2020-02-14,17.705411911010742
2020-02-18,18.93374252319336
2020-02-19,18.43950462341309
2020-02-20,18.65755081176757
2020-02-21,18.31594467163086
2020-02-24,17.581851959228516
2020-02-25,17.13848876953125
2020-02-26,16.724205017089844
2020-02-27,16.455276489257812
2020-02-28,15.815672874450684
2020-03-02,16.971324920654297
2020-03-03,17.00039291381836
2020-03-04,17.02219581604004
2020-03-05,16.0845947265625
2020-03-06,15.73572063446045
2020-03-09,14.18031883239746
2020-03-10,14.64548397064209
2020-03-11,13.664274215698242
2020-03-12,12.18155574798584
2020-03-13,13.16277027130127
2020-03-16,12.90837860107422
2020-03-17,14.652755737304688
2020-03-18,14.391098976135254
2020-03-19,14.122173309326172
2020-03-20,12.283312797546388
2020-03-23,11.120393753051758
2020-03-24,12.036189079284668
2020-03-25,12.203361511230469
2020-03-26,13.242719650268556
2020-03-27,12.610380172729492
2020-03-30,13.112433433532717
2020-03-31,12.322440147399902
2020-04-01,11.709639549255373
2020-04-02,11.857301712036133
2020-04-03,11.52506160736084
2020-04-06,12.366737365722656
2020-04-07,12.285521507263184
2020-04-08,12.69159698486328
2020-04-09,12.411036491394045
2020-04-13,11.8794527053833
2020-04-14,12.04926300048828
2020-04-15,11.303569793701172
2020-04-16,11.384784698486328
2020-04-17,12.064031600952148
2020-04-20,12.019733428955078
2020-04-21,11.798237800598145
2020-04-22,11.908987045288086
2020-04-23,11.709639549255373
2020-04-24,11.753939628601074
2020-04-27,12.433187484741213
2020-04-28,12.84664249420166
2020-04-29,13.651402473449709
2020-04-30,13.909811973571776
2020-05-01,13.31177806854248
2020-05-04,13.533270835876465
2020-05-05,13.26009464263916
2020-05-06,13.097664833068848
2020-05-07,13.392992973327637
2020-05-08,14.175602912902832
2020-05-11,14.448775291442873
2020-05-12,13.29701328277588
2020-05-13,12.794961929321287
2020-05-14,13.31177806854248
2020-05-15,13.112433433532717
2020-05-18,13.540657997131348
2020-05-19,13.23794937133789
2020-05-20,13.437292098999023
2020-05-21,13.26009464263916
2020-05-22,13.208415031433104
2020-05-26,13.998406410217283
2020-05-27,14.286352157592772
2020-05-28,13.961493492126465
2020-05-29,13.931962966918944
2020-06-01,14.389713287353516
2020-06-02,14.618593215942385
2020-06-03,15.57101821899414
2020-06-04,15.940173149108888
2020-06-05,16.75969886779785
2020-06-08,17.889318466186523
2020-06-09,17.461091995239258
2020-06-10,16.641565322875977
2020-06-11,15.393821716308594
2020-06-12,16.08783531188965
2020-06-15,16.412691116333008
2020-06-16,16.60465431213379
2020-06-17,16.612037658691406
2020-06-18,16.656333923339844
2020-06-19,16.20596694946289
2020-06-22,16.014005661010742
2020-06-23,15.91064167022705
2020-06-24,15.371671676635742
2020-06-25,15.563638687133787
2020-06-26,14.795787811279297
2020-06-29,15.09111213684082
2020-06-30,15.48241901397705
2020-07-01,14.91391658782959
2020-07-02,15.046817779541016
2020-07-06,15.452885627746582
2020-07-07,15.260923385620115
2020-07-08,15.600546836853027
2020-07-09,14.96560001373291
2020-07-10,15.578396797180176
2020-07-13,15.401206016540527
2020-07-14,15.528360366821287
2020-07-15,16.09683609008789
2020-07-16,15.9397611618042
2020-07-17,15.745283126831056
2020-07-20,15.259082794189451
2020-07-21,15.902361869812012
2020-07-22,15.640563011169434
2020-07-23,15.558281898498535
2020-07-24,15.408685684204102
2020-07-27,15.722837448120115
2020-07-28,15.37876319885254
2020-07-29,15.797646522521973
2020-07-30,15.461042404174805
2020-07-31,15.745283126831056
2020-08-03,16.05944061279297
2020-08-04,15.864961624145508
2020-08-05,16.590513229370117
2020-08-06,16.343677520751953
2020-08-07,16.687753677368164
2020-08-10,16.740108489990234
2020-08-11,16.95703125
2020-08-12,16.463356018066406
2020-08-13,16.366119384765625
2020-08-14,16.418476104736328
2020-08-17,16.3062801361084
2020-08-18,16.246435165405273
2020-08-19,16.209035873413086
2020-08-20,15.835041999816896
2020-08-21,15.700401306152344
2020-08-24,16.134239196777344
2020-08-25,16.051956176757812
2020-08-26,15.932279586791992
2020-08-27,15.969679832458496
2020-08-28,15.95472240447998
2020-08-31,15.752758979797363
2020-09-01,15.722837448120115
2020-09-02,16.283842086791992
2020-09-03,16.09683609008789
2020-09-04,15.932279586791992
2020-09-08,15.37876319885254
2020-09-09,15.259082794189451
2020-09-10,15.012246131896973
2020-09-11,15.13192367553711
2020-09-14,15.236645698547363
2020-09-15,15.251601219177246
2020-09-16,15.752758979797363
2020-09-17,15.70788288116455
2020-09-18,15.872435569763184
2020-09-21,15.03468894958496
2020-09-22,14.862646102905272
2020-09-23,14.645730018615724
2020-09-24,14.413851737976074
2020-09-25,14.6906099319458
2020-09-28,15.311442375183104
2020-09-29,15.190168380737305
2020-09-30,15.42514419555664
2020-10-01,15.152263641357422
2020-10-02,15.55400276184082
2020-10-05,15.766239166259766
2020-10-06,15.84961986541748
2020-10-07,16.47875213623047
2020-10-08,16.91838836669922
2020-10-09,17.123048782348633
2020-10-12,17.411081314086914
2020-10-13,17.55510139465332
2020-10-14,17.744596481323242
2020-10-15,17.903778076171875
2020-10-16,17.805240631103516
2020-10-19,17.58542251586914
2020-10-20,17.41866111755371
2020-10-21,17.251907348632812
2020-10-22,17.570262908935547
2020-10-23,17.6005802154541
2020-10-26,17.312543869018555
2020-10-27,14.955188751220703
2020-10-28,14.128975868225098
2020-10-29,14.128975868225098
2020-10-30,14.212358474731444
2020-11-02,14.849068641662598
2020-11-03,15.16742706298828
2020-11-04,14.583773612976074
2020-11-05,15.258386611938477
2020-11-06,14.71263313293457
2020-11-09,15.47820281982422
2020-11-10,15.735919952392578
2020-11-11,15.432727813720703
2020-11-12,15.015827178955078
2020-11-13,15.546422004699709
2020-11-16,16.122495651245117
2020-11-17,16.281675338745117
2020-11-18,16.160396575927734
2020-11-19,15.804137229919434
2020-11-20,15.607061386108398
2020-11-23,16.114917755126953
2020-11-24,16.956289291381836
2020-11-25,16.91838836669922
2020-11-27,16.88048553466797
2020-11-30,16.668251037597656
2020-12-01,16.94870948791504
2020-12-02,17.047245025634766
2020-12-03,17.40350341796875
2020-12-04,17.97199821472168
2020-12-07,17.865877151489258
2020-12-08,18.1614933013916
2020-12-09,18.176658630371094
2020-12-10,18.388893127441406
2020-12-11,18.441951751708984
2020-12-14,17.987157821655273
2020-12-15,18.661771774291992
2020-12-16,18.76031494140625
2020-12-17,19.07108497619629
2020-12-18,18.9573917388916
2020-12-21,18.81336784362793
2020-12-22,18.60871315002441
2020-12-23,18.75273323059082
2020-12-24,18.798208236694336
2020-12-28,18.98012924194336
2020-12-29,18.798208236694336
2020-12-30,18.997539520263672
2020-12-31,19.15853500366211
2021-01-04,18.66021156311035
2021-01-05,18.61421203613281
2021-01-06,19.57252311706543
2021-01-07,19.54185485839844
2021-01-08,19.38086128234864
2021-01-11,19.741188049316406
2021-01-12,20.33917236328125
2021-01-13,20.277835845947266
2021-01-14,20.79149055480957
2021-01-15,20.36216735839844
2021-01-19,20.806827545166016
2021-01-20,20.72249412536621
2021-01-21,20.28550148010254
2021-01-22,20.29317283630371
2021-01-25,20.32383728027344
2021-01-26,21.17481803894043
2021-01-27,20.82982635498047
2021-01-28,21.2591495513916
2021-01-29,20.155176162719727
2021-02-01,20.377504348754883
2021-02-02,19.641521453857425
2021-02-03,19.825517654418945
2021-02-04,19.6875228881836
2021-02-05,19.825517654418945
2021-02-08,20.385173797607425
2021-02-09,20.40817070007324
2021-02-10,21.052154541015625
2021-02-11,20.8681583404541
2021-02-12,21.17481803894043
2021-02-16,21.527475357055664
2021-02-17,21.220815658569336
2021-02-18,20.69182777404785
2021-02-19,21.09048843383789
2021-02-22,20.96015739440918
2021-02-23,20.75316429138184
2021-02-24,21.4124755859375
2021-02-25,20.5461654663086
2021-02-26,20.06317901611328
2021-03-01,20.85283088684082
2021-03-02,20.6688289642334
2021-03-03,20.500164031982425
2021-03-04,19.641521453857425
2021-03-05,20.29317283630371
2021-03-08,20.300840377807617
2021-03-09,19.97884559631348
2021-03-10,21.941465377807617
2021-03-11,22.07179832458496
2021-03-12,22.102462768554688
2021-03-15,22.94577980041504
2021-03-16,22.815444946289062
2021-03-17,23.19876480102539
2021-03-18,22.608448028564453
2021-03-19,22.899776458740234
2021-03-22,22.984102249145508
2021-03-23,21.964466094970703
2021-03-24,21.9184684753418
2021-03-25,22.32478713989257
2021-03-26,22.539451599121094
2021-03-29,23.083770751953125
2021-03-30,22.696849822998047
2021-03-31,22.9057846069336
2021-04-01,23.339136123657227
2021-04-05,23.63319969177246
2021-04-06,23.5325984954834
2021-04-07,23.56355857849121
2021-04-08,23.416522979736328
2021-04-09,23.741539001464844
2021-04-12,24.19036865234375
2021-04-13,22.921266555786133
2021-04-14,23.02960777282715
2021-04-15,23.439741134643555
2021-04-16,23.254018783569336
2021-04-19,23.192108154296875
2021-04-20,22.511127471923828
2021-04-21,22.89030838012696
2021-04-22,22.186111450195312
2021-04-23,22.766496658325195
2021-04-26,23.08377456665039
2021-04-27,23.07602882385254
2021-04-28,23.31592559814453
2021-04-29,23.679630279541016
2021-04-30,23.215320587158203
2021-05-03,23.416522979736328
2021-05-04,24.7939682006836
2021-05-05,26.05533218383789
2021-05-06,26.29522705078125
2021-05-07,26.388086318969727
2021-05-10,26.8369140625
2021-05-11,26.148197174072266
2021-05-12,25.30470466613769
2021-05-13,26.372608184814453
2021-05-14,26.728574752807617
2021-05-17,26.775007247924805
2021-05-18,26.00115966796875
2021-05-19,25.892826080322266
2021-05-20,25.707103729248047
2021-05-21,25.954736709594727
2021-05-24,25.91604232788086
2021-05-25,25.598766326904297
2021-05-26,25.76900863647461
2021-05-27,26.45773124694824
2021-05-28,26.47320938110352
2021-06-01,26.70535659790039
2021-06-02,27.069068908691406
2021-06-03,27.50242042541504
2021-06-04,27.657196044921875
2021-06-07,27.43277740478516
2021-06-08,27.177404403686523
2021-06-09,26.92203521728516
2021-06-10,26.651195526123047
2021-06-11,26.92203521728516
2021-06-14,26.248788833618164
2021-06-15,26.52737808227539
2021-06-16,26.186887741088867
2021-06-17,24.948734283447266
2021-06-18,24.32192611694336
2021-06-21,25.088024139404297
2021-06-22,24.9100399017334
2021-06-23,24.84039688110352
2021-06-24,25.17315101623535
2021-06-25,25.6761474609375
2021-06-28,25.180889129638672
2021-06-29,24.91549301147461
2021-06-30,24.97013664245605
2021-07-01,25.18088722229004
2021-07-02,24.938915252685547
2021-07-06,24.66571998596192
2021-07-07,25.06380271911621
2021-07-08,24.25982666015625
2021-07-09,25.09502601623535
2021-07-12,25.196496963500977
2021-07-13,23.963212966918945
2021-07-14,23.59634780883789
2021-07-15,23.565126419067383
2021-07-16,22.95629119873047
2021-07-19,22.308422088623047
2021-07-20,22.88603973388672
2021-07-21,23.35437774658203
2021-07-22,22.97970962524414
2021-07-23,22.87042999267578
2021-07-26,23.307540893554688
2021-07-27,22.97970962524414
2021-07-28,22.79237365722656
2021-07-29,23.26070976257324
2021-07-30,23.065568923950195
2021-08-02,23.237287521362305
2021-08-03,23.971019744873047
2021-08-04,23.885160446166992
2021-08-05,24.228605270385746
2021-08-06,24.712547302246094
2021-08-09,25.28236198425293
2021-08-10,25.618003845214844
2021-08-11,26.086339950561523
2021-08-12,25.899003982543945
2021-08-13,25.57897186279297
2021-08-16,25.469696044921875
2021-08-17,24.712547302246094
2021-08-18,24.20518493652344
2021-08-19,23.924184799194336
2021-08-20,24.29885673522949
2021-08-23,24.618885040283203
2021-08-24,25.032581329345703
2021-08-25,25.399450302124023
2021-08-26,25.087221145629883
2021-08-27,25.71166610717773
2021-08-30,25.305774688720703
2021-08-31,25.321388244628903
2021-09-01,25.188692092895508
2021-09-02,25.321388244628903
2021-09-03,24.97794342041016
2021-09-07,24.376909255981445
2021-09-08,24.43155288696289
2021-09-09,24.478384017944336
2021-09-10,24.447160720825195
2021-09-13,24.78280258178711
2021-09-14,24.447160720825195
2021-09-15,25.00916290283203
2021-09-16,24.720355987548828
2021-09-17,24.454967498779297
2021-09-20,23.237287521362305
2021-09-21,23.12801170349121
2021-09-22,23.85393714904785
2021-09-23,24.478384017944336
2021-09-24,24.712547302246094
2021-09-27,25.12624740600586
2021-09-28,24.158353805541992
2021-09-29,23.992938995361328
2021-09-30,23.410053253173828
2021-10-01,23.70937156677246
2021-10-04,23.27614021301269
2021-10-05,23.78813934326172
2021-10-06,23.97718620300293
2021-10-07,24.03232383728028
2021-10-08,23.66998863220215
2021-10-11,23.58334350585937
2021-10-12,22.756271362304688
2021-10-13,22.78777885437012
2021-10-14,23.74087905883789
2021-10-15,23.66998863220215
2021-10-18,23.449434280395508
2021-10-19,23.57546615600586
2021-10-20,23.985063552856445
2021-10-21,23.7960205078125
2021-10-22,24.205615997314453
2021-10-25,24.50493431091309
2021-10-26,24.457672119140625
2021-10-27,23.91416931152344
2021-10-28,24.599464416503903
2021-10-29,24.804258346557617
2021-11-01,27.68719291687012
2021-11-02,29.68003845214844
2021-11-03,29.34133529663086
2021-11-04,28.56940269470215
2021-11-05,28.26219367980957
2021-11-08,28.151927947998047
2021-11-09,28.136171340942383
2021-11-10,27.5769100189209
2021-11-11,27.94712829589844
2021-11-12,28.285829544067383
2021-11-15,28.151927947998047
2021-11-16,28.081031799316406
2021-11-17,27.569034576416016
2021-11-18,27.42725372314453
2021-11-19,27.31697654724121
2021-11-22,27.175189971923828
2021-11-23,27.32485580444336
2021-11-24,27.1279354095459
2021-11-26,26.10393714904785
2021-11-29,26.58443260192871
2021-11-30,25.52104949951172
2021-12-01,25.064191818237305
2021-12-02,25.71009635925293
2021-12-03,25.11933135986328
2021-12-06,25.46591186523437
2021-12-07,25.977907180786133
2021-12-08,26.26935195922852
2021-12-09,26.198457717895508
2021-12-10,26.82073211669922
2021-12-13,26.875873565673828
2021-12-14,26.568675994873047
2021-12-15,27.2618408203125
2021-12-16,26.907384872436523
2021-12-17,26.16695213317871
2021-12-20,25.31625366210937
2021-12-21,25.93064308166504
2021-12-22,25.891265869140625
2021-12-23,26.32449150085449
2021-12-27,26.82073211669922
2021-12-28,26.828611373901367
2021-12-29,26.66319274902344
2021-12-30,26.567859649658203
2021-12-31,26.607585906982425
2022-01-03,26.54402542114257
2022-01-04,27.187562942504883
2022-01-05,26.90154838562012
2022-01-06,27.09222412109375
2022-01-07,27.93438148498535
2022-01-10,27.74370384216309
2022-01-11,28.56998443603516
2022-01-12,27.90260505676269
2022-01-13,27.75165557861328
2022-01-14,28.02178382873535
2022-01-18,27.21934127807617
2022-01-19,26.869770050048828
2022-01-20,25.995820999145508
2022-01-21,25.280776977539062
2022-01-24,25.177499771118164
2022-01-25,25.06626510620117
2022-01-26,25.21721839904785
2022-01-27,24.891481399536133
2022-01-28,24.81202888488769
2022-01-31,25.39995384216309
2022-02-01,25.53501892089844
2022-02-02,25.550905227661133
2022-02-03,24.59751892089844
2022-02-04,24.724634170532227
2022-02-07,24.692853927612305
2022-02-08,24.58162498474121
2022-02-09,24.89942169189453
2022-02-10,24.939149856567383
2022-02-11,24.3353328704834
2022-02-14,24.1525936126709
2022-02-15,24.68490982055664
2022-02-16,24.93120002746582
2022-02-17,23.92219352722168
2022-02-18,24.12876510620117
2022-02-22,23.445497512817383
2022-02-23,23.06414604187012
2022-02-24,23.008525848388672
2022-02-25,24.00164604187012
2022-02-28,23.62029266357422
2022-03-01,22.309375762939453
2022-03-02,23.39783096313477
2022-03-03,23.207149505615234
2022-03-04,22.40471267700196
2022-03-07,21.6181640625
2022-03-08,21.935958862304688
2022-03-09,22.674840927124023
2022-03-10,21.6340560913086
2022-03-11,21.65789031982422
2022-03-14,21.31625747680664
2022-03-15,21.4274845123291
2022-03-16,22.14253044128418
2022-03-17,22.198143005371094
2022-03-18,22.18225479125977
2022-03-21,21.967742919921875
2022-03-22,22.317317962646484
2022-03-23,21.62610626220703
2022-03-24,21.92802047729492
2022-03-25,22.11075210571289
2022-03-28,22.23786735534668
2022-03-29,23.02441596984864
2022-03-30,22.78365707397461
2022-03-31,22.406476974487305
2022-04-01,22.41449928283692
2022-04-04,22.486730575561523
2022-04-05,22.189796447753903
2022-04-06,21.507644653320312
2022-04-07,21.15453720092773
2022-04-08,21.090335845947266
2022-04-11,21.01008033752441
2022-04-12,20.68104553222656
2022-04-13,21.01008033752441
2022-04-14,20.52054214477539
2022-04-18,20.60881805419922
2022-04-19,21.47554397583008
2022-04-20,21.41936683654785
2022-04-21,21.25083923339844
2022-04-22,21.178611755371094
2022-04-25,21.37121963500977
2022-04-26,20.68907165527344
2022-04-27,20.57672119140625
2022-04-28,20.825502395629883
2022-04-29,19.73406791687012
2022-05-02,20.32793617248535
2022-05-03,20.50448989868164
2022-05-04,21.507644653320312
2022-05-05,20.0952091217041
2022-05-06,20.07113075256348
2022-05-09,19.934701919555664
2022-05-10,19.6859188079834
2022-05-11,19.164276123046875
2022-05-12,19.67789077758789
2022-05-13,20.13532829284668
2022-05-16,20.006925582885746
2022-05-17,20.73722267150879
2022-05-18,20.24768447875977
2022-05-19,20.15138816833496
2022-05-20,20.705123901367188
2022-05-23,20.86562728881836
2022-05-24,20.833526611328125
2022-05-25,21.226768493652344
2022-05-26,21.836679458618164
2022-05-27,22.109539031982425
2022-05-31,21.732351303100582
2022-06-01,21.315040588378903
2022-06-02,21.555797576904297
2022-06-03,21.234786987304688
2022-06-06,21.491600036621094
2022-06-07,21.620004653930664
2022-06-08,20.76931953430176
2022-06-09,20.58474349975586
2022-06-10,19.70999336242676
2022-06-13,18.51423072814941
2022-06-14,18.52225685119629
2022-06-15,19.08402442932129
2022-06-16,18.578432083129883
2022-06-17,18.70684051513672
2022-06-21,19.4050350189209
2022-06-22,19.34083366394043
2022-06-23,19.55751037597656
2022-06-24,20.33596420288086
2022-06-27,20.167430877685547
2022-06-28,19.806297302246094
2022-06-29,18.89678001403809
2022-06-30,18.92926788330078
2022-07-01,19.14852333068848
2022-07-05,19.34341621398925
2022-07-06,19.237850189208984
2022-07-07,19.72508811950684
2022-07-08,19.38401985168457
2022-07-11,19.189128875732425
2022-07-12,19.513952255249023
2022-07-13,19.554555892944336
2022-07-14,19.7413330078125
2022-07-15,19.993072509765625
2022-07-18,19.8956241607666
2022-07-19,20.60212135314941
2022-07-20,20.642723083496094
2022-07-21,20.805139541625977
2022-07-22,20.545276641845703
2022-07-25,20.48843002319336
2022-07-26,20.196088790893555
2022-07-27,20.650842666625977
2022-07-28,21.568479537963867
2022-07-29,22.29121398925781
2022-08-01,22.689128875732425
2022-08-02,22.2343692779541
2022-08-03,22.38866424560547
2022-08-04,22.43739128112793
2022-08-05,22.45363426208496
2022-08-08,22.616044998168945
2022-08-09,22.34806632995605
2022-08-10,23.05455780029297
2022-08-11,23.28193664550781
2022-08-12,23.56616401672364
2022-08-15,23.428112030029297
2022-08-16,23.37938499450684
2022-08-17,23.06268310546875
2022-08-18,23.11140251159668
2022-08-19,22.50235748291016
2022-08-22,21.9095458984375
2022-08-23,21.95015525817871
2022-08-24,21.982635498046875
2022-08-25,22.22625541687012
2022-08-26,21.51163482666016
2022-08-29,21.20305061340332
2022-08-30,21.24365234375
2022-08-31,21.17056655883789
2022-09-01,21.0568790435791
2022-09-02,21.02439308166504
2022-09-06,21.040637969970703
2022-09-07,21.15432357788086
2022-09-08,21.324859619140625
2022-09-09,21.42230796813965
2022-09-12,21.722774505615234
2022-09-13,20.009315490722656
2022-09-14,19.92810440063477
2022-09-15,19.91998863220215
2022-09-16,19.6032772064209
2022-09-19,20.15548324584961
2022-09-20,19.92810440063477
2022-09-21,19.69260597229004
2022-09-22,19.254091262817383
2022-09-23,19.010473251342773
2022-09-26,18.59631729125977
2022-09-27,18.38517951965332
2022-09-28,18.710006713867188
2022-09-29,18.257678985595703
2022-09-30,17.698434829711914
2022-10-03,18.455062866210938
2022-10-04,19.26102828979492
2022-10-05,19.17878532409668
2022-10-06,18.874492645263672
2022-10-07,17.969831466674805
2022-10-10,17.862916946411133
2022-10-11,17.583293914794922
2022-10-12,17.361242294311523
2022-10-13,18.265899658203125
2022-10-14,17.854692459106445
2022-10-17,18.282346725463867
2022-10-18,18.52085304260254
2022-10-19,18.298797607421875
2022-10-20,17.879365921020508
2022-10-21,18.52907943725586
2022-10-24,18.767578125
2022-10-25,19.28569984436035
2022-10-26,19.28569984436035
2022-10-27,19.170557022094727
2022-10-28,19.50774955749512
2022-10-31,19.28569984436035
2022-11-01,18.586647033691406
2022-11-02,18.55374526977539
2022-11-03,18.438610076904297
2022-11-04,19.18701171875
2022-11-07,19.09654235839844
2022-11-08,19.34326934814453
2022-11-09,18.668886184692383
2022-11-10,21.062122344970703
2022-11-11,22.47667694091797
2022-11-14,21.76117897033692
2022-11-15,22.13949012756348
2022-11-16,21.74472999572754
2022-11-17,21.48977470397949
2022-11-18,21.506227493286133
2022-11-21,21.48155403137207
2022-11-22,21.777624130249023
2022-11-23,21.83519554138184
2022-11-25,22.016128540039062
2022-11-28,21.399314880371094
2022-11-29,21.62958717346192
2022-11-30,22.04902076721192
2022-12-01,22.43556022644043
2022-12-02,22.410886764526367
2022-12-05,22.29574584960937
2022-12-06,21.876314163208008
2022-12-07,22.02435111999512
2022-12-08,22.098369598388672
2022-12-09,21.86808967590332
2022-12-12,22.238178253173828
2022-12-13,22.78097915649414
2022-12-14,22.28752326965332
2022-12-15,21.44865608215332
2022-12-16,21.169034957885746
2022-12-19,21.20193290710449
2022-12-20,21.391090393066406
2022-12-21,22.131267547607425
2022-12-22,21.86808967590332
2022-12-23,22.08192253112793
2022-12-27,22.131267547607425
2022-12-28,21.51445198059082
2022-12-29,22.321453094482425
2022-12-30,21.94707298278809
2023-01-03,22.562721252441406
2023-01-04,23.153413772583008
2023-01-05,22.73743057250977
2023-01-06,23.610986709594727
2023-01-09,23.71914291381836
2023-01-10,24.251598358154297
2023-01-11,24.517822265625
2023-01-12,24.81733131408692
2023-01-13,25.016998291015625
2023-01-17,24.77573204040528
2023-01-18,24.88388442993164
2023-01-19,24.40966796875
2023-01-20,24.99203872680664
2023-01-23,25.24994659423828
2023-01-24,24.900524139404297
2023-01-25,25.11683464050293
2023-01-26,25.200029373168945
2023-01-27,25.557767868041992
2023-01-30,26.00702857971192
2023-01-31,25.95711708068848
2023-02-01,26.63099479675293
2023-02-02,28.1368465423584
2023-02-03,27.67926979064941
2023-02-06,26.722517013549805
2023-02-07,26.722517013549805
2023-02-08,26.20669937133789
2023-02-09,25.64928436279297
2023-02-10,25.72416305541992
2023-02-13,26.42300796508789
2023-02-14,26.38140869140625
2023-02-15,26.406368255615234
2023-02-16,25.95711708068848
2023-02-17,26.065263748168945
2023-02-21,24.875564575195312
2023-02-22,24.767412185668945
2023-02-23,24.759090423583984
2023-02-24,24.368072509765625
2023-02-27,24.517822265625
2023-02-28,24.517822265625
2023-03-01,24.209999084472656
2023-03-02,24.176719665527344
2023-03-03,24.617660522460938
2023-03-06,24.309833526611328
2023-03-07,23.502832412719727
2023-03-08,23.8189754486084
2023-03-09,23.153413772583008
2023-03-10,22.93709945678711
2023-03-13,22.50448036193848
2023-03-14,22.72911071777344
2023-03-15,22.37969017028809
2023-03-16,22.42960357666016
2023-03-17,21.85555458068848
2023-03-20,21.913793563842773
2023-03-21,22.41296768188477
2023-03-22,21.880512237548828
2023-03-23,21.78899574279785
2023-03-24,21.872194290161133
2023-03-27,21.996990203857425
2023-03-28,21.93875312805176
2023-03-29,22.071861267089844
2023-03-30,22.09710693359375
2023-03-31,22.669313430786133
2023-04-03,22.660892486572266
2023-04-04,22.44211196899414
2023-04-05,22.391620635986328
2023-04-06,22.383209228515625
2023-04-10,22.391620635986328
2023-04-11,22.854434967041016
2023-04-12,22.23174285888672
2023-04-13,22.65248107910156
2023-04-14,22.50943183898925
2023-04-17,22.593578338623047
2023-04-18,22.702970504760746
2023-04-19,22.82918930053711
2023-04-20,22.627235412597656
2023-04-21,22.45894241333008
2023-04-24,22.71138381958008
2023-04-25,22.08028030395508
2023-04-26,22.021373748779297
2023-04-27,22.40003967285156
2023-04-28,22.618820190429688
2023-05-01,21.987712860107425
2023-05-02,21.221973419189453
2023-05-03,21.15465545654297
2023-05-04,21.12099838256836
2023-05-05,21.491249084472656
2023-05-08,21.339784622192383
2023-05-09,21.137826919555664
2023-05-10,21.036849975585938
2023-05-11,20.632946014404297
2023-05-12,20.607696533203125
2023-05-15,20.62452888488769
2023-05-16,20.21220588684082
2023-05-17,20.58245658874512
2023-05-18,20.759166717529297
2023-05-19,20.607696533203125
2023-05-22,20.70867919921875
2023-05-23,20.506723403930664
2023-05-24,20.2626953125
2023-05-25,20.41415977478028
2023-05-26,20.70867919921875
2023-05-30,20.79282569885254
2023-05-31,20.203792572021484
2023-06-01,20.548797607421875
2023-06-02,21.05367851257324
2023-06-05,21.07051086425781
2023-06-06,21.659543991088867
2023-06-07,22.09710693359375
2023-06-08,22.00454330444336
2023-06-09,22.18967056274414
2023-06-12,22.21491432189941
2023-06-13,22.71138381958008
2023-06-14,22.65248107910156
2023-06-15,22.97223854064941
2023-06-16,22.694555282592773
2023-06-20,22.21491432189941
2023-06-21,21.987712860107425
2023-06-22,21.42393112182617
2023-06-23,21.48283576965332
2023-06-26,21.743690490722656
2023-06-27,22.42528343200684
2023-06-28,22.45052528381348
2023-06-29,22.80796432495117
2023-06-30,22.731369018554688
2023-07-03,22.884557723999023
2023-07-05,22.578184127807617
2023-07-06,22.144153594970703
2023-07-07,22.254785537719727
2023-07-10,23.105831146240234
2023-07-11,23.61645698547364
2023-07-12,24.19516944885254
2023-07-13,24.858980178833008
2023-07-14,24.20367813110352
2023-07-17,24.595157623291016
2023-07-18,25.088762283325195
2023-07-19,25.53130340576172
2023-07-20,25.199398040771484
2023-07-21,24.95259094238281
2023-07-24,25.131311416625977
2023-07-25,24.91855430603028
2023-07-26,24.68026161193848
2023-07-27,24.178146362304688
2023-07-28,25.11429214477539
2023-07-31,24.88451194763184
2023-08-01,24.501541137695312
2023-08-02,24.127084732055664
2023-08-03,24.1526107788086
2023-08-04,24.118572235107425
2023-08-07,24.28877830505371
2023-08-08,23.95687484741211
2023-08-09,23.795175552368164
2023-08-10,23.77815628051757
2023-08-11,23.752620697021484
2023-08-14,23.6760311126709
2023-08-15,22.927114486694336
2023-08-16,22.55265235900879
2023-08-17,22.3484001159668
2023-08-18,22.3484001159668
2023-08-21,21.95692253112793
2023-08-22,21.5994815826416
2023-08-23,22.11861991882324
2023-08-24,21.795225143432617
2023-08-25,21.94841194152832
2023-08-28,22.084577560424805
2023-08-29,22.56967544555664
2023-08-30,22.6462631225586
2023-08-31,22.75690269470215
2023-09-01,22.86753845214844
2023-09-05,22.237762451171875
2023-09-06,22.22074317932129
2023-09-07,22.067556381225582
2023-09-08,22.067556381225582
2023-09-11,22.09308815002441
2023-09-12,22.22074317932129
2023-09-13,22.05053901672364
2023-09-14,22.314361572265625
2023-09-15,22.339889526367188
2023-09-18,22.237762451171875
2023-09-19,22.32286834716797
2023-09-20,22.05053901672364
2023-09-21,21.42927360534668
2023-09-22,21.29310607910156
2023-09-25,21.216514587402344
2023-09-26,20.731422424316406
2023-09-27,20.65482521057129
2023-09-28,21.077056884765625
2023-09-29,21.18045997619629
2023-10-02,20.86163330078125
2023-10-03,20.120574951171875
2023-10-04,20.448017120361328
2023-10-05,20.5945053100586
2023-10-06,20.67205810546875
2023-10-09,20.58588981628418
2023-10-10,20.75822830200196
2023-10-11,20.422168731689453
2023-10-12,19.71557807922364
2023-10-13,19.51738929748535
2023-10-16,19.77589607238769
2023-10-17,20.10333824157715
2023-10-18,19.72419548034668
2023-10-19,19.50015640258789
2023-10-20,19.43983459472656
2023-10-23,19.164093017578125
2023-10-24,19.43983459472656
2023-10-25,19.18132400512696
2023-10-26,19.60355758666992
2023-10-27,19.345046997070312
2023-10-30,19.3967514038086
2023-10-31,19.63802528381348
2023-11-01,19.43121719360352
2023-11-02,20.27568244934082
2023-11-03,20.896100997924805
2023-11-06,20.5341911315918
2023-11-07,20.29291343688965
2023-11-08,20.327381134033203
2023-11-09,19.818981170654297
2023-11-10,19.750045776367188
2023-11-13,19.38813209533692
2023-11-14,20.62897300720215
2023-11-15,21.163225173950195
2023-11-16,21.15460586547852
2023-11-17,20.913333892822266
2023-11-20,20.85301399230957
2023-11-21,20.40493392944336
2023-11-22,20.57727432250977
2023-11-24,20.52557182312012
2023-11-27,20.430784225463867
2023-11-28,20.654823303222656
2023-11-29,21.189077377319336
2023-11-30,21.37002944946289
2023-12-01,22.08523941040039
2023-12-04,22.119707107543945
2023-12-05,21.80088233947754
2023-12-06,21.947364807128903
2023-12-07,22.12832260131836
2023-12-08,22.03353881835937
2023-12-11,21.96460151672364
2023-12-12,22.86938095092773
2023-12-13,23.80862808227539
2023-12-14,25.3079776763916
2023-12-15,25.325210571289062
2023-12-18,25.178720474243164
2023-12-19,25.60956573486328
2023-12-20,25.178720474243164
2023-12-21,25.46308135986328
2023-12-22,25.59233665466309
2023-12-26,25.91978073120117
2023-12-27,26.00595474243164
2023-12-28,25.90254592895508
2023-12-29,25.66988945007324
2024-01-02,25.504444122314453
2024-01-03,24.616273880004883
2024-01-04,24.790424346923828
2024-01-05,25.147438049316406
2024-01-08,25.539278030395508
2024-01-09,25.356420516967773
2024-01-10,25.321582794189453
2024-01-11,25.07777404785156
2024-01-12,24.72947120666504
2024-01-16,24.24184799194336
2024-01-17,23.832592010498047
2024-01-18,23.910961151123047
2024-01-19,24.32021713256836
2024-01-22,24.668519973754883
2024-01-23,23.728105545043945
2024-01-24,23.40592384338379
2024-01-25,23.92837715148925
2024-01-26,24.02416038513184
2024-01-29,23.95450019836425
2024-01-30,23.623613357543945
2024-01-31,23.188232421875
2024-02-01,23.5539493560791
2024-02-02,23.43204498291016
2024-02-05,22.9270076751709
2024-02-06,23.188232421875
2024-02-07,23.2666015625
2024-02-08,23.36238670349121
2024-02-09,23.597490310668945
2024-02-12,24.476953506469727
2024-02-13,22.90959358215332
2024-02-14,23.31014060974121
2024-02-15,23.832592010498047
2024-02-16,23.745519638061523
2024-02-20,23.597490310668945
2024-02-21,23.56266021728516
2024-02-22,23.61490631103516
2024-02-23,23.519121170043945
2024-02-26,23.27531242370605
2024-02-27,23.58878326416016
2024-02-28,23.519121170043945
2024-02-29,23.90225601196289
2024-03-01,23.87613296508789
2024-03-04,24.146068572998047
2024-03-05,24.07640647888184
2024-03-06,24.25055885314941
2024-03-07,24.35504531860352
2024-03-08,24.424707412719727
2024-03-11,24.72947120666504
2024-03-12,24.25055885314941
2024-03-13,24.22443389892578
2024-03-14,23.54524612426757
2024-03-15,23.42333984375
2024-03-18,23.38850784301757
2024-03-19,23.56266021728516
2024-03-20,23.8151798248291
2024-03-21,24.25055885314941
2024-03-22,23.832592010498047
2024-03-25,23.780345916748047
2024-03-26,23.53653907775879
2024-03-27,24.338119506835938
2024-03-28,24.76093101501465
2024-04-01,24.329309463500977
2024-04-02,24.029821395874023
2024-04-03,24.223608016967773
2024-04-04,23.9593505859375
2024-04-05,23.82721710205078
2024-04-08,24.0122013092041
2024-04-09,24.25884246826172
2024-04-10,23.16657829284668
2024-04-11,23.14896011352539
2024-04-12,22.382612228393555
2024-04-15,21.968610763549805
2024-04-16,21.76601219177246
2024-04-17,21.85409545898437
2024-04-18,22.039081573486328
2024-04-19,22.15359306335449
2024-04-22,22.532360076904297
2024-04-23,22.312143325805664
2024-04-24,22.329763412475582
2024-04-25,22.100736618041992
2024-04-26,22.01265335083008
2024-04-29,20.594470977783203
2024-04-30,20.118810653686523
2024-05-01,20.05714607238769
2024-05-02,20.23331642150879
2024-05-03,20.594470977783203
2024-05-06,20.62970542907715
2024-05-07,20.524002075195312
2024-05-08,20.68255615234375
2024-05-09,21.2639217376709
2024-05-10,20.91157913208008
2024-05-13,21.096559524536133
2024-05-14,21.51056289672852
2024-05-15,21.58983993530273
2024-05-16,21.281539916992188
2024-05-17,21.387243270874023
2024-05-20,21.08774948120117
2024-05-21,21.02609062194824
2024-05-22,20.929197311401367
2024-05-23,20.374256134033203
2024-05-24,20.55042839050293
2024-05-28,20.321407318115234
2024-05-29,20.030723571777344
2024-05-30,20.31259536743164
2024-05-31,20.788259506225582
2024-06-03,20.612091064453125
2024-06-04,20.656129837036133
2024-06-05,20.54161834716797
2024-06-06,20.453533172607425
2024-06-07,20.16284942626953
2024-06-10,20.127614974975582
2024-06-11,19.784076690673828
2024-06-12,19.88978576660156
2024-06-13,19.343647003173828
2024-06-14,19.22913932800293
2024-06-17,19.51982307434082
2024-06-18,19.73122978210449
2024-06-20,19.907400131225582
2024-06-21,20.11000061035156
2024-06-24,20.40949249267578
2024-06-25,20.127614974975582
2024-06-26,19.99548721313477
2024-06-27,19.845741271972656
2024-06-28,19.96185111999512
2024-07-01,19.765356063842773
2024-07-02,19.854671478271484
2024-07-03,20.042234420776367
2024-07-05,19.729633331298828
2024-07-08,19.774288177490234
2024-07-09,19.70283508300781
2024-07-10,20.051164627075195
2024-07-11,20.613847732543945
2024-07-12,20.721025466918945
2024-07-15,20.747817993164062
2024-07-16,21.408750534057617
2024-07-17,21.274778366088867
2024-07-18,21.07828521728516
2024-07-19,20.98003578186035
2024-07-22,21.024694442749023
2024-07-23,20.72995376586914
2024-07-24,20.43522071838379
2024-07-25,21.1140079498291
2024-07-26,20.613847732543945
2024-07-29,20.167272567749023
2024-07-30,20.37269592285156
2024-07-31,20.42629051208496
2024-08-01,19.863601684570312
2024-08-02,19.542070388793945
2024-08-05,19.16694641113281
2024-08-06,19.46168708801269
2024-08-07,19.149084091186523
2024-08-08,19.595659255981445
2024-08-09,19.79215240478516
2024-08-12,19.211605072021484
2024-08-13,19.53314018249512
2024-08-14,19.667110443115234
2024-08-15,20.033302307128903
2024-08-16,20.32804107666016
2024-08-19,20.301244735717773
2024-08-20,20.202999114990234
2024-08-21,17.666461944580078
2024-08-22,18.47029495239257
2024-08-23,18.702510833740234
2024-08-26,18.52388381958008
2024-08-27,18.166624069213867
2024-08-28,17.51462745666504
2024-08-29,17.836156845092773
2024-08-30,18.077306747436523
2024-09-03,18.023719787597656
2024-09-04,17.720050811767578
2024-09-05,17.40744972229004
2024-09-06,17.085912704467773
2024-09-09,17.46103858947754
2024-09-10,17.416379928588867
2024-09-11,17.362791061401367
2024-09-12,17.568212509155273
2024-09-13,17.773635864257812
2024-09-16,17.961200714111328
2024-09-17,18.17555427551269
2024-09-18,18.211280822753903
2024-09-19,18.639991760253903
2024-09-20,18.586402893066406
2024-09-23,18.541746139526367
2024-09-24,18.791826248168945
2024-09-25,18.407777786254883
2024-09-26,18.443500518798828
2024-09-27,18.56854057312012
2024-09-30,18.269336700439453
2024-10-01,17.870405197143555
2024-10-02,18.01547241210937
2024-10-03,17.743473052978516
2024-10-04,18.04267120361328
2024-10-07,17.752538681030273
2024-10-08,17.54400634765625
2024-10-09,17.779743194580078
2024-10-10,18.314672470092773
2024-10-11,18.233074188232425
2024-10-14,18.24213981628418
2024-10-15,18.360004425048828
2024-10-16,18.62293815612793
2024-10-17,18.74080848693848
2024-10-18,19.021873474121094
2024-10-21,18.62293815612793
2024-10-22,18.477872848510746
2024-10-23,18.214937210083008
2024-10-24,18.34187126159668
2024-10-25,18.468807220458984
2024-10-28,18.84054183959961
2024-10-29,18.885873794555664
2024-10-30,18.94027328491211
2024-10-31,18.831472396850582
2024-11-01,18.89494132995605
2024-11-04,18.278404235839844
2024-11-05,18.994674682617188
2024-11-06,19.520538330078125
2024-11-07,19.302942276000977
2024-11-08,19.07627296447754
2024-11-11,19.556804656982425
2024-11-12,19.46613883972168
2024-11-13,19.511472702026367
2024-11-14,19.565874099731445
2024-11-15,19.6474723815918
2024-11-18,19.76534080505371
2024-11-19,19.475202560424805
2024-11-20,19.62027359008789
2024-11-21,19.692806243896484
2024-11-22,19.910404205322266
2024-11-25,20.59947395324707
2024-11-26,20.13707160949707
2024-11-27,20.563207626342773
2024-11-29,20.635740280151367
2024-12-02,20.48160552978516
2024-12-03,20.30933952331543
2024-12-04,20.554141998291016
2024-12-05,20.30933952331543
2024-12-06,19.874141693115234
2024-12-09,20.21867179870605
2024-12-10,20.26400756835937
2024-12-11,20.30027198791504
2024-12-12,20.03734016418457
2024-12-13,19.91947364807129
2024-12-16,19.85600471496582
2024-12-17,19.3482723236084
2024-12-18,18.26027107238769
2024-12-19,18.10613822937012
2024-12-20,18.57760238647461
2024-12-23,18.550403594970703
2024-12-24,18.93120765686035
2024-12-26,19.003740310668945
2024-12-27,18.731739044189453
2024-12-30,18.519926071166992
2024-12-31,18.685693740844727
2025-01-02,18.54755210876465
2025-01-03,18.79620361328125
2025-01-06,18.41862297058105
2025-01-07,18.179180145263672
2025-01-08,18.23443603515625
2025-01-10,17.60820198059082
2025-01-13,17.488483428955078
2025-01-14,17.87527084350586
2025-01-15,18.07787704467773
2025-01-16,17.86606216430664
2025-01-17,18.013412475585938
2025-01-21,18.25285530090332
2025-01-22,18.29890251159668
2025-01-23,18.40941619873047
2025-01-24,18.50150489807129
2025-01-27,18.70410919189453
2025-01-28,18.676485061645508
2025-01-29,18.46466827392578
2025-01-30,18.556760787963867
2025-01-31,20.481508255004883
2025-02-03,19.081693649291992
2025-02-04,19.16457748413086
2025-02-05,19.017229080200195
2025-02-06,18.96197509765625
2025-02-07,18.81462287902832
2025-02-10,18.667274475097656
2025-02-11,18.593599319458008
2025-02-12,18.43704032897949
2025-02-13,18.63964462280273
2025-02-14,18.90671730041504
2025-02-18,19.284297943115234
2025-02-19,19.22904396057129
2025-02-20,19.09090042114257
2025-02-21,18.90671730041504
2025-02-24,18.750158309936523
2025-02-25,18.63043594360352
2025-02-26,18.35415840148925
2025-02-27,18.27127456665039
2025-02-28,18.648855209350582
2025-03-03,18.28048515319824
2025-03-04,18.013412475585938
2025-03-05,18.556760787963867
2025-03-06,18.47387886047364
2025-03-07,18.713321685791016
2025-03-10,18.446250915527344
2025-03-11,18.06867027282715
2025-03-12,17.691085815429688
2025-03-13,17.42401695251465
2025-03-14,17.976577758789062
2025-03-17,18.23443603515625
2025-03-18,18.28969383239746
2025-03-19,18.492298126220703
2025-03-20,18.427833557128903
2025-03-21,18.29890251159668
2025-03-24,18.48308753967285
2025-03-25,18.446250915527344
2025-03-26,18.28969383239746
2025-03-27,18.28048515319824
2025-03-28,17.75555419921875
2025-03-31,18.02712821960449
2025-04-01,18.083314895629883
2025-04-02,18.19569396972656
2025-04-03,16.80971336364746
2025-04-04,16.39766502380371
2025-04-07,15.798322677612305
2025-04-08,15.601661682128906
2025-04-09,17.39969253540039
2025-04-10,16.594324111938477
2025-04-11,16.762887954711914
2025-04-14,16.912723541259766
2025-04-15,16.828441619873047
2025-04-16,16.43512535095215
2025-04-17,16.491313934326172
2025-04-21,16.24782943725586
2025-04-22,16.903362274169922
2025-04-23,17.221759796142578
2025-04-24,17.55889129638672
2025-04-25,17.530797958374023
2025-04-28,17.540163040161133
2025-04-29,17.55889129638672
2025-04-30,17.56825828552246
2025-05-01,17.549528121948242
2025-05-02,18.78567314147949
2025-05-05,18.73885154724121
2025-05-06,18.7950382232666
2025-05-07,19.160261154174805
2025-05-08,19.5161247253418
2025-05-09,19.609771728515625
2025-05-12,20.3121280670166
2025-05-13,20.20911407470703
2025-05-14,20.611799240112305
2025-05-15,20.770999908447266
2025-05-16,20.95829200744629
2025-05-19,20.79909324645996
2025-05-20,20.76163482666016
2025-05-21,20.237211227416992
2025-05-22,20.237211227416992
2025-05-23,20.1435604095459
2025-05-27,20.79909324645996
2025-05-28,20.274667739868164
2025-05-29,20.41514015197754
2025-05-30,20.26530265808105
2025-06-02,19.946901321411133
2025-06-03,20.02182006835937
2025-06-04,20.00309181213379
2025-06-05,20.368314743041992
2025-06-06,20.480693817138672
2025-06-09,20.49005699157715
2025-06-10,20.47132873535156
2025-06-11,21.108131408691406
2025-06-12,21.1643180847168
2025-06-13,20.76163482666016
2025-06-16,21.3328857421875
2025-06-17,20.930200576782227
2025-06-18,21.154953002929688
2025-06-20,21.34225082397461
2025-06-23,21.435895919799805
2025-06-24,21.754295349121094
2025-06-25,21.735567092895508
2025-06-26,21.98841667175293
2025-06-27,22.615028381347656
2025-06-30,22.643510818481445
2025-07-01,23.10872459411621
2025-07-02,23.53595733642578
2025-07-03,23.62140464782715
2025-07-07,23.3080997467041
2025-07-08,23.260629653930664
2025-07-09,23.64039421081543
2025-07-10,23.86825180053711
2025-07-11,23.61191368103028
2025-07-14,23.592924118041992
2025-07-15,22.918840408325195
2025-07-16,23.11821746826172
2025-07-17,23.279617309570312
2025-07-18,23.35556983947754
2025-07-21,23.051761627197266
2025-07-22,23.31759262084961
2025-07-23,23.49798393249512
2025-07-24,23.46949958801269
2025-07-25,23.564441680908203
2025-07-28,23.42203140258789
2025-07-29,23.33658218383789
2025-07-30,23.08024024963379
2025-07-31,22.785924911499023
2025-08-01,22.73845291137696
2025-08-04,23.8587589263916
2025-08-05,23.97269058227539
2025-08-06,23.91572570800781
2025-08-07,23.60242080688477
2025-08-08,23.7258415222168
2025-08-11,24.010665893554688
2025-08-12,24.39043426513672
2025-08-13,24.71323013305664
2025-08-14,24.333467483520508
2025-08-15,24.048643112182617
2025-08-18,23.79230117797852
2025-08-19,23.564441680908203
2025-08-20,23.31759262084961
2025-08-21,23.279617309570312
2025-08-22,24.10560607910156
2025-08-25,24.077125549316406
2025-08-26,24.010665893554688
2025-08-27,24.342960357666016
2025-08-28,24.248022079467773
2025-08-29,24.361948013305664
2025-09-02,24.134090423583984
2025-09-03,24.23852729797364
2025-09-04,24.43790054321289
2025-09-05,23.70685386657715
2025-09-08,23.62140464782715
2025-09-09,23.31759262084961
2025-09-10,23.08024024963379
2025-09-11,23.60242080688477
2025-09-12,23.39354705810547
2025-09-15,23.12771224975586
2025-09-16,23.01378059387207
2025-09-17,22.98529815673828
2025-09-18,23.16568756103516
2025-09-19,23.184675216674805
2025-09-22,23.01378059387207
2025-09-23,22.81440544128418
2025-09-24,22.387168884277344
2025-09-25,22.21627616882324
2025-09-26,22.092849731445312
2025-09-29,22.18779182434082
2025-09-30,22.264799118041992
2025-10-01,21.696870803833008
2025-10-02,22.05303001403809
2025-10-03,22.90973854064941
2025-10-06,22.312929153442383
2025-10-07,22.524702072143555
2025-10-08,22.70759391784668
2025-10-09,22.746097564697266
2025-10-10,21.82200813293457
2025-10-13,21.98564910888672
2025-10-14,22.06265640258789
2025-10-15,21.937519073486328
2025-10-16,21.27332878112793
2025-10-17,21.446596145629883
2025-10-20,21.80275535583496
2025-10-21,21.80275535583496
2025-10-22,21.7450008392334
2025-10-23,21.82200813293457
2025-10-24,21.98564910888672
2025-10-27,22.505449295043945
2025-10-28,22.44769287109375
2025-10-29,22.0819091796875
2025-10-30,21.91826629638672
2025-10-31,21.76425170898437
2025-11-03,21.98564910888672
2025-11-04,21.7450008392334
2025-11-05,21.908641815185547
2025-11-06,22.380311965942383
2025-11-07,21.39846420288086
2025-11-10,21.6776180267334
2025-11-11,21.96639633178711
2025-11-12,22.187793731689453
2025-11-13,21.45622062683105
2025-11-14,21.34071159362793
2025-11-17,20.75352668762207
2025-11-18,20.638017654418945
2025-11-19,20.638017654418945
2025-11-20,20.38774299621582
2025-11-21,20.86903953552246
2025-11-24,21.20594787597656
2025-11-25,21.42734336853028
2025-11-26,21.6776180267334
2025-11-28,21.7450008392334
2025-12-01,21.696870803833008
2025-12-02,21.58135986328125
2025-12-03,22.149288177490234
2025-12-04,22.2744255065918
2025-12-05,22.524702072143555
2025-12-08,22.25517463684082
2025-12-09,22.58245658874512
2025-12-10,22.438066482543945
2025-12-11,22.59208106994629
2025-12-12,22.601709365844727
2025-12-15,22.736473083496094
2025-12-16,22.59208106994629
2025-12-17,22.78460121154785
2025-12-18,23.00599670410156
2025-12-19,23.102258682250977
2025-12-22,23.67018699645996
2025-12-23,23.2851505279541
2025-12-24,23.275524139404297
2025-12-26,23.2851505279541
2025-12-29,23.468042373657227
2025-12-30,23.28264236450196
2025-12-31,23.311914443969727
2026-01-02,23.224092483520508
2026-01-05,23.897396087646484
2026-01-06,24.51215171813965
2026-01-07,24.54142570495605
2026-01-08,24.83416557312012
2026-01-09,25.03908348083496
2026-01-12,25.019567489624023
2026-01-13,24.66827964782715
2026-01-14,25.009809494018555
2026-01-15,25.34158134460449
2026-01-16,25.37085723876953
2026-01-20,24.238927841186523
2026-01-21,24.85368156433105
2026-01-22,25.14642333984375
2026-01-23,24.69755172729492
2026-01-26,24.931745529174805
2026-01-27,24.882957458496094
2026-01-28,25.03908348083496
2026-01-29,25.253761291503903
2026-01-30,25.975854873657227
2026-02-02,26.41496467590332
2026-02-03,26.346660614013672
2026-02-04,27.15657615661621
2026-02-05,26.25883674621582
2026-02-06,26.541820526123047
2026-02-09,27.010204315185547
2026-02-10,27.478588104248047
2026-02-11,26.883350372314453
2026-02-12,26.43448257446289
2026-02-13,26.37593460083008
2026-02-17,26.82480239868164
2026-02-18,27.234638214111328
2026-02-19,26.58085060119629
2026-02-20,27.00044631958008
2026-02-23,26.41496467590332
2026-02-24,26.463756561279297
2026-02-25,26.60036849975586
2026-02-26,26.766254425048828
2026-02-27,25.89779281616211
2026-03-02,26.346660614013672
2026-03-03,25.8587589263916
2026-03-04,25.93682289123535
2026-03-05,26.26859474182129
2026-03-06,25.60504913330078
2026-03-09,25.15618133544922
2026-03-10,24.609729766845703
2026-03-11,24.365779876708984
2026-03-12,23.1948184967041
2026-03-13,23.546106338500977
2026-03-16,23.799814224243164
2026-03-17,24.02425003051757
2026-03-18,23.09723854064941
2026-03-19,23.29239845275879
2026-03-20,22.892318725585938
2026-03-23,23.321672439575195
2026-03-24,23.09723854064941
2026-03-25,23.311914443969727
2026-03-26,23.019174575805664
2026-03-27,22.199499130249023
2026-03-30,22.35562896728516
2026-03-31,23.38529396057129
2026-04-01,23.355592727661133
2026-04-02,23.16748046875
2026-04-06,23.16748046875
2026-04-07,23.543704986572266
2026-04-08,24.63277244567871
2026-04-09,24.79118537902832
2026-04-10,24.6624755859375
2026-04-13,25.41492462158203
2026-04-14,26.16737174987793
2026-04-15,26.36538314819336
2026-04-16,26.286178588867188
2026-04-17,26.99902534484864
2026-04-20,27.45445442199707
2026-04-21,26.969322204589844
2026-04-22,27.21683883666992
2026-04-23,26.55349540710449
2026-04-24,26.850515365600582
2026-04-27,27.296043395996094
2026-04-28,29.16726303100586
2026-04-29,29.15736389160156
2026-04-30,29.672195434570312
2026-05-01,29.543487548828125
2026-05-04,29.404878616333008
2026-05-05,30.157325744628903
2026-05-06,30.85037040710449
2026-05-07,30.21673011779785
2026-05-08,30.74146270751953
2026-05-11,31.23649406433105
2026-05-12,31.365203857421875
2026-05-13,31.72162818908692
2026-05-14,32.02854537963867
2026-05-15,31.51371383666992
2026-05-18,31.652320861816406
2026-05-19,30.48404884338379
2026-05-20,30.88997459411621
2026-05-21,30.55335235595703
2026-05-22,30.711763381958008
2026-05-26,31.355302810668945
2026-05-27,31.355302810668945
2026-05-28,30.899873733520508
2026-05-29,30.711763381958008
2026-06-01,30.632556915283203
2026-06-02,30.81077003479004
2026-06-03,30.06822204589844
2026-06-04,31.652320861816406
2026-06-05,31.0186824798584
2026-06-08,31.07808494567871
2026-06-09,31.484010696411133
2026-06-10,30.83056831359864
2026-06-11,31.493911743164062
2026-06-12,31.810733795166016
2026-06-15,32.186954498291016
2026-06-16,32.85029983520508
2026-06-17,32.959205627441406
2026-06-18,32.721588134765625
2026-06-22,33.59284591674805
2026-06-23,33.45423889160156
2026-06-24,32.14735412597656
2026-06-25,32.325565338134766
2026-06-26,32.880001068115234
2026-06-29,33.16999816894531
2026-06-30,33.27000045776367
2026-07-01,34.060001373291016
2026-07-02,34.11000061035156
2026-07-06,34.439998626708984
2026-07-07,34.36000061035156
2026-07-08,33.5
2026-07-09,33.68000030517578
2026-07-10,33.5
2026-07-13,32.83000183105469
2026-07-14,33.13999938964844
2026-07-15,33.630001068115234
2026-07-16,33.33000183105469
2026-07-17,32.630001068115234
2026-07-20,32.22999954223633
2026-07-21,32.630001068115234
2026-07-22,32.380001068115234
2026-07-23,32.290000915527344
2026-07-24,32.4900016784668
2026-07-27,33.220001220703125
2026-07-28,33.33000183105469
2026-07-29,32.38999938964844
2026-07-30,33.16999816894531
2026-07-31,33.86000061035156
2026-08-03,35.2400016784668
2026-08-04,35.77000045776367
2026-08-05,34.91999816894531
2026-08-06,34.0
2026-08-07,33.77000045776367
2026-08-10,33.52000045776367
2026-08-11,33.36000061035156
2026-08-12,33.59000015258789
2026-08-13,33.86000061035156
2026-08-14,33.86000061035156
2026-08-17,34.189998626708984
2026-08-18,33.9900016784668
2026-08-19,33.97999954223633
