date,close
1980-03-17,0.4079629182815552
1980-03-18,0.4079629182815552
1980-03-19,0.4079629182815552
1980-03-20,0.4079629182815552
1980-03-21,0.4079629182815552
1980-03-24,0.386861503124237
1980-03-25,0.3798277676105499
1980-03-26,0.3798277676105499
1980-03-27,0.3657599687576294
1980-03-28,0.3305906355381012
1980-03-31,0.3305906355381012
1980-04-01,0.334107369184494
1980-04-02,0.337624728679657
1980-04-03,0.337624728679657
1980-04-07,0.337624728679657
1980-04-08,0.3411413431167602
1980-04-09,0.3411413431167602
1980-04-10,0.3481753170490265
1980-04-11,0.3481753170490265
1980-04-14,0.3446582555770874
1980-04-15,0.3446582555770874
1980-04-16,0.3481753170490265
1980-04-17,0.3481753170490265
1980-04-18,0.3481753170490265
1980-04-21,0.3481753170490265
1980-04-22,0.3481753170490265
1980-04-23,0.3481753170490265
1980-04-24,0.3481753170490265
1980-04-25,0.3481753170490265
1980-04-28,0.3516922891139984
1980-04-29,0.3481753170490265
1980-04-30,0.3552091121673584
1980-05-01,0.3587261140346527
1980-05-02,0.3587261140346527
1980-05-05,0.3692766427993774
1980-05-06,0.386861503124237
1980-05-07,0.386861503124237
1980-05-08,0.3833444714546203
1980-05-09,0.3798277676105499
1980-05-12,0.3798277676105499
1980-05-13,0.3727935552597046
1980-05-14,0.3763108551502228
1980-05-15,0.3798277676105499
1980-05-16,0.3833444714546203
1980-05-19,0.3798277676105499
1980-05-20,0.3798277676105499
1980-05-21,0.3798277676105499
1980-05-22,0.3798277676105499
1980-05-23,0.3798277676105499
1980-05-27,0.386861503124237
1980-05-28,0.386861503124237
1980-05-29,0.3833444714546203
1980-05-30,0.3833444714546203
1980-06-02,0.3833444714546203
1980-06-03,0.3833444714546203
1980-06-04,0.3938953876495361
1980-06-05,0.3938953876495361
1980-06-06,0.3974122703075409
1980-06-09,0.3974122703075409
1980-06-10,0.3974122703075409
1980-06-11,0.4325814545154571
1980-06-12,0.443132072687149
1980-06-13,0.4607167840003967
1980-06-16,0.4642336964607239
1980-06-17,0.4607167840003967
1980-06-18,0.4607167840003967
1980-06-19,0.4607167840003967
1980-06-20,0.4607167840003967
1980-06-23,0.4642336964607239
1980-06-24,0.4642336964607239
1980-06-25,0.4712677299976349
1980-06-26,0.4712677299976349
1980-06-27,0.4712677299976349
1980-06-30,0.4712677299976349
1980-07-01,0.4712677299976349
1980-07-02,0.4712677299976349
1980-07-03,0.4747844040393829
1980-07-07,0.4783016741275787
1980-07-08,0.4783016741275787
1980-07-09,0.4783016741275787
1980-07-10,0.4783016741275787
1980-07-11,0.4783016741275787
1980-07-14,0.4783016741275787
1980-07-15,0.4783016741275787
1980-07-16,0.4783016741275787
1980-07-17,0.4747844040393829
1980-07-18,0.4747844040393829
1980-07-21,0.4747844040393829
1980-07-22,0.4712677299976349
1980-07-23,0.4712677299976349
1980-07-24,0.4677505791187286
1980-07-25,0.4712677299976349
1980-07-28,0.4712677299976349
1980-07-29,0.4747844040393829
1980-07-30,0.4712677299976349
1980-07-31,0.4677505791187286
1980-08-01,0.4642336964607239
1980-08-04,0.4536832273006439
1980-08-05,0.4466493129730224
1980-08-06,0.4484076797962188
1980-08-07,0.45016610622406
1980-08-08,0.45016610622406
1980-08-11,0.45016610622406
1980-08-12,0.4536832273006439
1980-08-13,0.4536832273006439
1980-08-14,0.4642336964607239
1980-08-15,0.4677505791187286
1980-08-18,0.4642336964607239
1980-08-19,0.4642336964607239
1980-08-20,0.4677505791187286
1980-08-21,0.48181813955307
1980-08-22,0.48181813955307
1980-08-25,0.4923689663410187
1980-08-26,0.4958861768245697
1980-08-27,0.4958861768245697
1980-08-28,0.4994030296802521
1980-08-29,0.4994030296802521
1980-09-02,0.4994030296802521
1980-09-03,0.4994030296802521
1980-09-04,0.5064367651939392
1980-09-05,0.5134705305099487
1980-09-08,0.5169875025749207
1980-09-09,0.5169875025749207
1980-09-10,0.5205046534538269
1980-09-11,0.5240214467048645
1980-09-12,0.5275379419326782
1980-09-15,0.5451228022575378
1980-09-16,0.5662245154380798
1980-09-17,0.5662245154380798
1980-09-18,0.5767751336097717
1980-09-19,0.5767751336097717
1980-09-22,0.5662245154380798
1980-09-23,0.5416062474250793
1980-09-24,0.5416062474250793
1980-09-25,0.5345724821090698
1980-09-26,0.5275379419326782
1980-09-29,0.5205046534538269
1980-09-30,0.5205046534538269
1980-10-01,0.5310552716255188
1980-10-02,0.5310552716255188
1980-10-03,0.5310552716255188
1980-10-06,0.5240214467048645
1980-10-07,0.5275379419326782
1980-10-08,0.5240214467048645
1980-10-09,0.5240214467048645
1980-10-10,0.5064367651939392
1980-10-13,0.5205046534538269
1980-10-14,0.5240214467048645
1980-10-15,0.5064367651939392
1980-10-16,0.4994030296802521
1980-10-17,0.4994030296802521
1980-10-20,0.4958861768245697
1980-10-21,0.4923689663410187
1980-10-22,0.4958861768245697
1980-10-23,0.4888521432876587
1980-10-24,0.48181813955307
1980-10-27,0.4888521432876587
1980-10-28,0.4888521432876587
1980-10-29,0.5029199123382568
1980-10-30,0.4888521432876587
1980-10-31,0.4888521432876587
1980-11-03,0.48181813955307
1980-11-05,0.4853353500366211
1980-11-06,0.4677505791187286
1980-11-07,0.4677505791187286
1980-11-10,0.4642336964607239
1980-11-11,0.4747844040393829
1980-11-12,0.4747844040393829
1980-11-13,0.4607167840003967
1980-11-14,0.4607167840003967
1980-11-17,0.4677505791187286
1980-11-18,0.4747844040393829
1980-11-19,0.4712677299976349
1980-11-20,0.4712677299976349
1980-11-21,0.4747844040393829
1980-11-24,0.48181813955307
1980-11-25,0.4853353500366211
1980-11-26,0.4853353500366211
1980-11-28,0.48181813955307
1980-12-01,0.48181813955307
1980-12-02,0.4853353500366211
1980-12-03,0.4853353500366211
1980-12-04,0.4888521432876587
1980-12-05,0.4888521432876587
1980-12-08,0.4888521432876587
1980-12-09,0.4888521432876587
1980-12-10,0.4888521432876587
1980-12-11,0.4888521432876587
1980-12-12,0.4888521432876587
1980-12-15,0.4888521432876587
1980-12-16,0.4888521432876587
1980-12-17,0.4888521432876587
1980-12-18,0.4888521432876587
1980-12-19,0.4923689663410187
1980-12-22,0.4888521432876587
1980-12-23,0.4923689663410187
1980-12-24,0.4923689663410187
1980-12-26,0.4958861768245697
1980-12-29,0.4994030296802521
1980-12-30,0.5169875025749207
1980-12-31,0.5169875025749207
1981-01-02,0.5205046534538269
1981-01-05,0.5380890965461731
1981-01-06,0.5380890965461731
1981-01-07,0.5275379419326782
1981-01-08,0.5205046534538269
1981-01-09,0.5134705305099487
1981-01-12,0.5275379419326782
1981-01-13,0.5275379419326782
1981-01-14,0.5310552716255188
1981-01-15,0.5310552716255188
1981-01-16,0.5310552716255188
1981-01-19,0.5310552716255188
1981-01-20,0.5099535584449768
1981-01-21,0.5099535584449768
1981-01-22,0.5099535584449768
1981-01-23,0.5099535584449768
1981-01-26,0.5099535584449768
1981-01-27,0.5099535584449768
1981-01-28,0.5099535584449768
1981-01-29,0.5099535584449768
1981-01-30,0.5169875025749207
1981-02-02,0.5099535584449768
1981-02-03,0.5134705305099487
1981-02-04,0.5134705305099487
1981-02-05,0.5169875025749207
1981-02-06,0.5169875025749207
1981-02-09,0.5205046534538269
1981-02-10,0.5169875025749207
1981-02-11,0.5169875025749207
1981-02-12,0.5240214467048645
1981-02-13,0.5240214467048645
1981-02-17,0.5275379419326782
1981-02-18,0.5275379419326782
1981-02-19,0.5310552716255188
1981-02-20,0.5345724821090698
1981-02-23,0.5345724821090698
1981-02-24,0.5451228022575378
1981-02-25,0.5451228022575378
1981-02-26,0.5486398935317993
1981-02-27,0.5521567463874817
1981-03-02,0.5521567463874817
1981-03-03,0.5556739568710327
1981-03-04,0.5556739568710327
1981-03-05,0.5556739568710327
1981-03-06,0.5556739568710327
1981-03-09,0.5556739568710327
1981-03-10,0.5627075433731079
1981-03-11,0.5662245154380798
1981-03-12,0.5627075433731079
1981-03-13,0.5662245154380798
1981-03-16,0.5662245154380798
1981-03-17,0.5662245154380798
1981-03-18,0.5662245154380798
1981-03-19,0.5662245154380798
1981-03-20,0.5627075433731079
1981-03-23,0.5732583403587341
1981-03-24,0.5802921652793884
1981-03-25,0.5838088393211365
1981-03-26,0.5873258709907532
1981-03-27,0.5873258709907532
1981-03-30,0.5873258709907532
1981-03-31,0.5873258709907532
1981-04-01,0.5873258709907532
1981-04-02,0.5873258709907532
1981-04-03,0.5943595170974731
1981-04-06,0.5767751336097717
1981-04-07,0.5732583403587341
1981-04-08,0.5697413086891174
1981-04-09,0.5697413086891174
1981-04-10,0.5697413086891174
1981-04-13,0.5697413086891174
1981-04-14,0.5697413086891174
1981-04-15,0.5697413086891174
1981-04-16,0.5697413086891174
1981-04-20,0.5767751336097717
1981-04-21,0.5873258709907532
1981-04-22,0.5943595170974731
1981-04-23,0.6365631222724915
1981-04-24,0.6400799751281738
1981-04-27,0.6365631222724915
1981-04-28,0.6365631222724915
1981-04-29,0.6260120272636414
1981-04-30,0.6295291185379028
1981-05-01,0.6330456137657166
1981-05-04,0.6295291185379028
1981-05-05,0.6049109697341919
1981-05-06,0.6049109697341919
1981-05-07,0.6013935804367065
1981-05-08,0.6013935804367065
1981-05-11,0.6013935804367065
1981-05-12,0.5908429622650146
1981-05-13,0.597876787185669
1981-05-14,0.6013935804367065
1981-05-15,0.6049109697341919
1981-05-18,0.6049109697341919
1981-05-19,0.5943595170974731
1981-05-20,0.5943595170974731
1981-05-21,0.597876787185669
1981-05-22,0.5943595170974731
1981-05-26,0.5943595170974731
1981-05-27,0.5943595170974731
1981-05-28,0.5943595170974731
1981-05-29,0.597876787185669
1981-06-01,0.597876787185669
1981-06-02,0.6013935804367065
1981-06-03,0.597876787185669
1981-06-04,0.5943595170974731
1981-06-05,0.6084275841712952
1981-06-08,0.6154614686965942
1981-06-09,0.6189780235290527
1981-06-10,0.6189780235290527
1981-06-11,0.6330456137657166
1981-06-12,0.6506305932998657
1981-06-15,0.6576644778251648
1981-06-16,0.6576644778251648
1981-06-17,0.6576644778251648
1981-06-18,0.6506305932998657
1981-06-19,0.6506305932998657
1981-06-22,0.6471139788627625
1981-06-23,0.6471139788627625
1981-06-24,0.6506305932998657
1981-06-25,0.6541475653648376
1981-06-26,0.6506305932998657
1981-06-29,0.6506305932998657
1981-06-30,0.6471139788627625
1981-07-01,0.6365631222724915
1981-07-02,0.6295291185379028
1981-07-06,0.6260120272636414
1981-07-07,0.6260120272636414
1981-07-08,0.6295291185379028
1981-07-09,0.6295291185379028
1981-07-10,0.6330456137657166
1981-07-13,0.6330456137657166
1981-07-14,0.6189780235290527
1981-07-15,0.6189780235290527
1981-07-16,0.6189780235290527
1981-07-17,0.6119450926780701
1981-07-20,0.6049109697341919
1981-07-21,0.5873258709907532
1981-07-22,0.5697413086891174
1981-07-23,0.5732583403587341
1981-07-24,0.5802921652793884
1981-07-27,0.5873258709907532
1981-07-28,0.5908429622650146
1981-07-29,0.5873258709907532
1981-07-30,0.5943595170974731
1981-07-31,0.6049109697341919
1981-08-03,0.6084275841712952
1981-08-04,0.6154614686965942
1981-08-05,0.6295291185379028
1981-08-06,0.6295291185379028
1981-08-07,0.6365631222724915
1981-08-10,0.6365631222724915
1981-08-11,0.6400799751281738
1981-08-12,0.6541475653648376
1981-08-13,0.6576644778251648
1981-08-14,0.6576644778251648
1981-08-17,0.6646983027458191
1981-08-18,0.6646983027458191
1981-08-19,0.6646983027458191
1981-08-20,0.6646983027458191
1981-08-21,0.6646983027458191
1981-08-24,0.6330456137657166
1981-08-25,0.6365631222724915
1981-08-26,0.6435965299606323
1981-08-27,0.6400799751281738
1981-08-28,0.6471139788627625
1981-08-31,0.6506305932998657
1981-09-01,0.6541475653648376
1981-09-02,0.6506305932998657
1981-09-03,0.6435965299606323
1981-09-04,0.6400799751281738
1981-09-08,0.6084275841712952
1981-09-09,0.6119450926780701
1981-09-10,0.6154614686965942
1981-09-11,0.6189780235290527
1981-09-14,0.6189780235290527
1981-09-15,0.6084275841712952
1981-09-16,0.597876787185669
1981-09-17,0.5767751336097717
1981-09-18,0.5767751336097717
1981-09-21,0.5767751336097717
1981-09-22,0.5802921652793884
1981-09-23,0.5767751336097717
1981-09-24,0.5767751336097717
1981-09-25,0.5732583403587341
1981-09-28,0.5697413086891174
1981-09-29,0.5802921652793884
1981-09-30,0.5802921652793884
1981-10-01,0.5838088393211365
1981-10-02,0.5943595170974731
1981-10-05,0.6119450926780701
1981-10-06,0.622495174407959
1981-10-07,0.6330456137657166
1981-10-08,0.6365631222724915
1981-10-09,0.6365631222724915
1981-10-12,0.6506305932998657
1981-10-13,0.6471139788627625
1981-10-14,0.6435965299606323
1981-10-15,0.6541475653648376
1981-10-16,0.6541475653648376
1981-10-19,0.6541475653648376
1981-10-20,0.6646983027458191
1981-10-21,0.668214738368988
1981-10-22,0.668214738368988
1981-10-23,0.6541475653648376
1981-10-26,0.6576644778251648
1981-10-27,0.6576644778251648
1981-10-28,0.6646983027458191
1981-10-29,0.6611812710762024
1981-10-30,0.6576644778251648
1981-11-02,0.6646983027458191
1981-11-03,0.6611812710762024
1981-11-04,0.6611812710762024
1981-11-05,0.6611812710762024
1981-11-06,0.6576644778251648
1981-11-09,0.6576644778251648
1981-11-10,0.6330456137657166
1981-11-11,0.6330456137657166
1981-11-12,0.6295291185379028
1981-11-13,0.6295291185379028
1981-11-16,0.6119450926780701
1981-11-17,0.6084275841712952
1981-11-18,0.6049109697341919
1981-11-19,0.5873258709907532
1981-11-20,0.5873258709907532
1981-11-23,0.5873258709907532
1981-11-24,0.5838088393211365
1981-11-25,0.5873258709907532
1981-11-27,0.5908429622650146
1981-11-30,0.5908429622650146
1981-12-01,0.5908429622650146
1981-12-02,0.5908429622650146
1981-12-03,0.5908429622650146
1981-12-04,0.5943595170974731
1981-12-07,0.5838088393211365
1981-12-08,0.5802921652793884
1981-12-09,0.5732583403587341
1981-12-10,0.5732583403587341
1981-12-11,0.5732583403587341
1981-12-14,0.5662245154380798
1981-12-15,0.5627075433731079
1981-12-16,0.5627075433731079
1981-12-17,0.559190571308136
1981-12-18,0.5662245154380798
1981-12-21,0.5662245154380798
1981-12-22,0.5627075433731079
1981-12-23,0.5556739568710327
1981-12-24,0.5556739568710327
1981-12-28,0.559190571308136
1981-12-29,0.559190571308136
1981-12-30,0.5556739568710327
1981-12-31,0.5486398935317993
1982-01-04,0.5486398935317993
1982-01-05,0.5416062474250793
1982-01-06,0.5380890965461731
1982-01-07,0.5275379419326782
1982-01-08,0.5205046534538269
1982-01-11,0.5169875025749207
1982-01-12,0.5099535584449768
1982-01-13,0.5099535584449768
1982-01-14,0.5099535584449768
1982-01-15,0.5134705305099487
1982-01-18,0.5169875025749207
1982-01-19,0.5134705305099487
1982-01-20,0.5240214467048645
1982-01-21,0.5240214467048645
1982-01-22,0.5310552716255188
1982-01-25,0.5310552716255188
1982-01-26,0.5380890965461731
1982-01-27,0.5416062474250793
1982-01-28,0.5451228022575378
1982-01-29,0.5486398935317993
1982-02-01,0.5486398935317993
1982-02-02,0.5521567463874817
1982-02-03,0.5732583403587341
1982-02-04,0.5767751336097717
1982-02-05,0.5802921652793884
1982-02-08,0.5802921652793884
1982-02-09,0.5697413086891174
1982-02-10,0.5662245154380798
1982-02-11,0.5697413086891174
1982-02-12,0.5732583403587341
1982-02-16,0.5802921652793884
1982-02-17,0.5943595170974731
1982-02-18,0.5943595170974731
1982-02-19,0.6049109697341919
1982-02-22,0.6084275841712952
1982-02-23,0.6049109697341919
1982-02-24,0.6049109697341919
1982-02-25,0.6119450926780701
1982-02-26,0.6119450926780701
1982-03-01,0.6084275841712952
1982-03-02,0.6084275841712952
1982-03-03,0.6013935804367065
1982-03-04,0.6049109697341919
1982-03-05,0.6049109697341919
1982-03-08,0.6049109697341919
1982-03-09,0.5943595170974731
1982-03-10,0.5943595170974731
1982-03-11,0.5908429622650146
1982-03-12,0.5838088393211365
1982-03-15,0.5838088393211365
1982-03-16,0.5767751336097717
1982-03-17,0.5802921652793884
1982-03-18,0.5205046534538269
1982-03-19,0.5275379419326782
1982-03-22,0.5310552716255188
1982-03-23,0.5310552716255188
1982-03-24,0.5310552716255188
1982-03-25,0.5310552716255188
1982-03-26,0.5310552716255188
1982-03-29,0.5310552716255188
1982-03-30,0.5345724821090698
1982-03-31,0.5345724821090698
1982-04-01,0.5345724821090698
1982-04-02,0.5380890965461731
1982-04-05,0.5380890965461731
1982-04-06,0.5380890965461731
1982-04-07,0.5451228022575378
1982-04-08,0.5521567463874817
1982-04-12,0.5451228022575378
1982-04-13,0.5451228022575378
1982-04-14,0.5521567463874817
1982-04-15,0.5521567463874817
1982-04-16,0.5627075433731079
1982-04-19,0.5627075433731079
1982-04-20,0.5662245154380798
1982-04-21,0.5662245154380798
1982-04-22,0.559190571308136
1982-04-23,0.559190571308136
1982-04-26,0.5556739568710327
1982-04-27,0.5486398935317993
1982-04-28,0.5486398935317993
1982-04-29,0.5451228022575378
1982-04-30,0.5380890965461731
1982-05-03,0.5416062474250793
1982-05-04,0.5451228022575378
1982-05-05,0.5486398935317993
1982-05-06,0.559190571308136
1982-05-07,0.5556739568710327
1982-05-10,0.5521567463874817
1982-05-11,0.5521567463874817
1982-05-12,0.5521567463874817
1982-05-13,0.5521567463874817
1982-05-14,0.5521567463874817
1982-05-17,0.5521567463874817
1982-05-18,0.5486398935317993
1982-05-19,0.5451228022575378
1982-05-20,0.5451228022575378
1982-05-21,0.5451228022575378
1982-05-24,0.5451228022575378
1982-05-25,0.5416062474250793
1982-05-26,0.5380890965461731
1982-05-27,0.5380890965461731
1982-05-28,0.5380890965461731
1982-06-01,0.5380890965461731
1982-06-02,0.5275379419326782
1982-06-03,0.5169875025749207
1982-06-04,0.5099535584449768
1982-06-07,0.5064367651939392
1982-06-08,0.5029199123382568
1982-06-09,0.4994030296802521
1982-06-10,0.4994030296802521
1982-06-11,0.4994030296802521
1982-06-14,0.4923689663410187
1982-06-15,0.4853353500366211
1982-06-16,0.48181813955307
1982-06-17,0.4747844040393829
1982-06-18,0.4712677299976349
1982-06-21,0.4677505791187286
1982-06-22,0.4677505791187286
1982-06-23,0.4677505791187286
1982-06-24,0.4571999311447143
1982-06-25,0.4536832273006439
1982-06-28,0.45016610622406
1982-06-29,0.45016610622406
1982-06-30,0.4466493129730224
1982-07-01,0.443132072687149
1982-07-02,0.4325814545154571
1982-07-06,0.4255477488040924
1982-07-07,0.4255477488040924
1982-07-08,0.4396152794361114
1982-07-09,0.4396152794361114
1982-07-12,0.45016610622406
1982-07-13,0.4571999311447143
1982-07-14,0.4571999311447143
1982-07-15,0.4607167840003967
1982-07-16,0.4642336964607239
1982-07-19,0.4642336964607239
1982-07-20,0.4642336964607239
1982-07-21,0.4677505791187286
1982-07-22,0.4642336964607239
1982-07-23,0.4642336964607239
1982-07-26,0.4642336964607239
1982-07-27,0.4571999311447143
1982-07-28,0.4466493129730224
1982-07-29,0.4466493129730224
1982-07-30,0.443132072687149
1982-08-02,0.4466493129730224
1982-08-03,0.4360983371734619
1982-08-04,0.4360983371734619
1982-08-05,0.4325814545154571
1982-08-06,0.4325814545154571
1982-08-09,0.4255477488040924
1982-08-10,0.4255477488040924
1982-08-11,0.4220307469367981
1982-08-12,0.4220307469367981
1982-08-13,0.4220307469367981
1982-08-16,0.4255477488040924
1982-08-17,0.4396152794361114
1982-08-18,0.4466493129730224
1982-08-19,0.4466493129730224
1982-08-20,0.45016610622406
1982-08-23,0.4536832273006439
1982-08-24,0.4571999311447143
1982-08-25,0.4712677299976349
1982-08-26,0.48181813955307
1982-08-27,0.4923689663410187
1982-08-30,0.4853353500366211
1982-08-31,0.4853353500366211
1982-09-01,0.4853353500366211
1982-09-02,0.4923689663410187
1982-09-03,0.4994030296802521
1982-09-07,0.4994030296802521
1982-09-08,0.5064367651939392
1982-09-09,0.5064367651939392
1982-09-10,0.5064367651939392
1982-09-13,0.4958861768245697
1982-09-14,0.4958861768245697
1982-09-15,0.5064367651939392
1982-09-16,0.5205046534538269
1982-09-17,0.5275379419326782
1982-09-20,0.5169875025749207
1982-09-21,0.5345724821090698
1982-09-22,0.5486398935317993
1982-09-23,0.5521567463874817
1982-09-24,0.5697413086891174
1982-09-27,0.5802921652793884
1982-09-28,0.5802921652793884
1982-09-29,0.5767751336097717
1982-09-30,0.5802921652793884
1982-10-01,0.5662245154380798
1982-10-04,0.5556739568710327
1982-10-05,0.5521567463874817
1982-10-06,0.5732583403587341
1982-10-07,0.5767751336097717
1982-10-08,0.5873258709907532
1982-10-11,0.5908429622650146
1982-10-12,0.5873258709907532
1982-10-13,0.5908429622650146
1982-10-14,0.6013935804367065
1982-10-15,0.597876787185669
1982-10-18,0.597876787185669
1982-10-19,0.597876787185669
1982-10-20,0.597876787185669
1982-10-21,0.6049109697341919
1982-10-22,0.6049109697341919
1982-10-25,0.6013935804367065
1982-10-26,0.597876787185669
1982-10-27,0.5943595170974731
1982-10-28,0.5908429622650146
1982-10-29,0.5908429622650146
1982-11-01,0.6013935804367065
1982-11-02,0.6189780235290527
1982-11-03,0.622495174407959
1982-11-04,0.6260120272636414
1982-11-05,0.6260120272636414
1982-11-08,0.622495174407959
1982-11-09,0.6119450926780701
1982-11-10,0.6119450926780701
1982-11-11,0.6154614686965942
1982-11-12,0.6189780235290527
1982-11-15,0.6154614686965942
1982-11-16,0.6119450926780701
1982-11-17,0.622495174407959
1982-11-18,0.6295291185379028
1982-11-19,0.6330456137657166
1982-11-22,0.6295291185379028
1982-11-23,0.622495174407959
1982-11-24,0.622495174407959
1982-11-26,0.622495174407959
1982-11-29,0.622495174407959
1982-11-30,0.6295291185379028
1982-12-01,0.6611812710762024
1982-12-02,0.6717323660850525
1982-12-03,0.6717323660850525
1982-12-06,0.6717323660850525
1982-12-07,0.668214738368988
1982-12-08,0.6717323660850525
1982-12-09,0.696350634098053
1982-12-10,0.6928337812423706
1982-12-13,0.6928337812423706
1982-12-14,0.6858001947402954
1982-12-15,0.6611812710762024
1982-12-16,0.6646983027458191
1982-12-17,0.6717323660850525
1982-12-20,0.668214738368988
1982-12-21,0.6717323660850525
1982-12-22,0.668214738368988
1982-12-23,0.6717323660850525
1982-12-27,0.6717323660850525
1982-12-28,0.675248920917511
1982-12-29,0.6717323660850525
1982-12-30,0.6646983027458191
1982-12-31,0.6646983027458191
1983-01-03,0.6646983027458191
1983-01-04,0.6646983027458191
1983-01-05,0.668214738368988
1983-01-06,0.6717323660850525
1983-01-07,0.6717323660850525
1983-01-10,0.6717323660850525
1983-01-11,0.675248920917511
1983-01-12,0.675248920917511
1983-01-13,0.6787659525871277
1983-01-14,0.6787659525871277
1983-01-17,0.6928337812423706
1983-01-18,0.696350634098053
1983-01-19,0.696350634098053
1983-01-20,0.696350634098053
1983-01-21,0.6998673677444458
1983-01-24,0.6928337812423706
1983-01-25,0.6893166899681091
1983-01-26,0.6893166899681091
1983-01-27,0.6928337812423706
1983-01-28,0.7033849358558655
1983-01-31,0.7069011926651001
1983-02-01,0.7139355540275574
1983-02-02,0.7104179263114929
1983-02-03,0.6998673677444458
1983-02-04,0.6998673677444458
1983-02-07,0.6998673677444458
1983-02-08,0.6998673677444458
1983-02-09,0.6998673677444458
1983-02-10,0.6998673677444458
1983-02-11,0.6998673677444458
1983-02-14,0.7033849358558655
1983-02-15,0.7033849358558655
1983-02-16,0.7139355540275574
1983-02-17,0.7244864702224731
1983-02-18,0.7526220083236694
1983-02-22,0.7526220083236694
1983-02-23,0.7596551775932312
1983-02-24,0.7702063322067261
1983-02-25,0.7877908945083618
1983-02-28,0.7877908945083618
1983-03-01,0.7842736840248108
1983-03-02,0.7930654883384705
1983-03-03,0.8071337342262268
1983-03-04,0.808891773223877
1983-03-07,0.808891773223877
1983-03-08,0.8317518830299377
1983-03-09,0.8423025608062744
1983-03-10,0.8581286072731018
1983-03-11,0.8581286072731018
1983-03-14,0.8581286072731018
1983-03-15,0.8581286072731018
1983-03-16,0.8581286072731018
1983-03-17,0.8581286072731018
1983-03-18,0.8370273113250732
1983-03-21,0.8405444622039795
1983-03-22,0.8475784659385681
1983-03-23,0.8510954976081848
1983-03-24,0.8510954976081848
1983-03-25,0.8510954976081848
1983-03-28,0.8510954976081848
1983-03-29,0.8510954976081848
1983-03-30,0.8510954976081848
1983-03-31,0.8475784659385681
1983-04-04,0.8335109949111938
1983-04-05,0.8335109949111938
1983-04-06,0.8264768719673157
1983-04-07,0.8229600191116333
1983-04-08,0.8264768719673157
1983-04-11,0.8264768719673157
1983-04-12,0.829993486404419
1983-04-13,0.8370273113250732
1983-04-14,0.8335109949111938
1983-04-15,0.8335109949111938
1983-04-18,0.8335109949111938
1983-04-19,0.8335109949111938
1983-04-20,0.8335109949111938
1983-04-21,0.8475784659385681
1983-04-22,0.8546122908592224
1983-04-25,0.8510954976081848
1983-04-26,0.8510954976081848
1983-04-27,0.8581286072731018
1983-04-28,0.861645519733429
1983-04-29,0.861645519733429
1983-05-02,0.861645519733429
1983-05-03,0.8581286072731018
1983-05-04,0.8546122908592224
1983-05-05,0.861645519733429
1983-05-06,0.8757139444351196
1983-05-09,0.8757139444351196
1983-05-10,0.8721969127655029
1983-05-11,0.8721969127655029
1983-05-12,0.8651629090309143
1983-05-13,0.8686801195144653
1983-05-16,0.861645519733429
1983-05-17,0.8581286072731018
1983-05-18,0.861645519733429
1983-05-19,0.861645519733429
1983-05-20,0.8651629090309143
1983-05-23,0.8651629090309143
1983-05-24,0.8651629090309143
1983-05-25,0.8651629090309143
1983-05-26,0.8651629090309143
1983-05-27,0.8686801195144653
1983-05-31,0.8721969127655029
1983-06-01,0.8757139444351196
1983-06-02,0.8757139444351196
1983-06-03,0.8757139444351196
1983-06-06,0.8757139444351196
1983-06-07,0.8757139444351196
1983-06-08,0.8757139444351196
1983-06-09,0.8757139444351196
1983-06-10,0.8757139444351196
1983-06-13,0.8757139444351196
1983-06-14,0.8757139444351196
1983-06-15,0.8968153595924377
1983-06-16,0.9108833074569702
1983-06-17,0.9108833074569702
1983-06-20,0.9108833074569702
1983-06-21,0.9108833074569702
1983-06-22,0.9108833074569702
1983-06-23,0.9108833074569702
1983-06-24,0.9073662161827089
1983-06-27,0.9003322124481201
1983-06-28,0.8897813558578491
1983-06-29,0.882746696472168
1983-06-30,0.8792305588722229
1983-07-01,0.8792305588722229
1983-07-05,0.8792305588722229
1983-07-06,0.8792305588722229
1983-07-07,0.8792305588722229
1983-07-08,0.8792305588722229
1983-07-11,0.8792305588722229
1983-07-12,0.8792305588722229
1983-07-13,0.8792305588722229
1983-07-14,0.8792305588722229
1983-07-15,0.8757139444351196
1983-07-18,0.8721969127655029
1983-07-19,0.8757139444351196
1983-07-20,0.8792305588722229
1983-07-21,0.882746696472168
1983-07-22,0.8862645030021667
1983-07-25,0.8932986259460449
1983-07-26,0.9073662161827089
1983-07-27,0.9355012774467468
1983-07-28,0.9355012774467468
1983-07-29,0.9355012774467468
1983-08-01,0.9460516571998596
1983-08-02,0.9460516571998596
1983-08-03,0.9530861377716064
1983-08-04,0.9566031098365784
1983-08-05,0.9566031098365784
1983-08-08,0.9530861377716064
1983-08-09,0.9530861377716064
1983-08-10,0.9566031098365784
1983-08-11,0.9566031098365784
1983-08-12,0.9566031098365784
1983-08-15,0.9706709384918212
1983-08-16,0.9917719960212708
1983-08-17,1.0339750051498413
1983-08-18,1.0445257425308228
1983-08-19,1.0445257425308228
1983-08-22,1.0374921560287476
1983-08-23,1.0304582118988037
1983-08-24,1.0199074745178225
1983-08-25,1.0093564987182615
1983-08-26,0.9988060593605042
1983-08-29,0.9777042865753174
1983-08-30,0.96363627910614
1983-08-31,0.9601200222969056
1983-09-01,0.96363627910614
1983-09-02,0.9882553815841676
1983-09-06,0.9988060593605042
1983-09-07,1.0023235082626345
1983-09-08,1.0023235082626345
1983-09-09,1.0058391094207764
1983-09-12,1.0023235082626345
1983-09-13,1.0023235082626345
1983-09-14,1.0023235082626345
1983-09-15,1.0023235082626345
1983-09-16,1.0023235082626345
1983-09-19,1.0093564987182615
1983-09-20,1.0234243869781494
1983-09-21,1.0304582118988037
1983-09-22,1.0304582118988037
1983-09-23,1.0304582118988037
1983-09-26,1.0304582118988037
1983-09-27,1.0304582118988037
1983-09-28,1.0304582118988037
1983-09-29,1.0304582118988037
1983-09-30,1.0304582118988037
1983-10-03,1.0304582118988037
1983-10-04,1.0410093069076538
1983-10-05,1.0304582118988037
1983-10-06,1.0410093069076538
1983-10-07,1.0374921560287476
1983-10-10,1.0374921560287476
1983-10-11,1.0304582118988037
1983-10-12,1.0163912773132324
1983-10-13,1.0128735303878784
1983-10-14,1.0128735303878784
1983-10-17,1.0128735303878784
1983-10-18,1.0058391094207764
1983-10-19,0.96363627910614
1983-10-20,0.9601200222969056
1983-10-21,0.9741873741149902
1983-10-24,0.9706709384918212
1983-10-25,0.9917719960212708
1983-10-26,0.9952893257141112
1983-10-27,0.9882553815841676
1983-10-28,0.984738290309906
1983-10-31,0.9706709384918212
1983-11-01,0.96363627910614
1983-11-02,0.96363627910614
1983-11-03,0.9671540856361388
1983-11-04,0.9671540856361388
1983-11-07,0.9706709384918212
1983-11-08,0.9706709384918212
1983-11-09,0.9706709384918212
1983-11-10,0.9706709384918212
1983-11-11,0.9706709384918212
1983-11-14,0.9706709384918212
1983-11-15,0.9706709384918212
1983-11-16,0.9706709384918212
1983-11-17,0.9706709384918212
1983-11-18,0.9706709384918212
1983-11-21,0.9706709384918212
1983-11-22,0.9706709384918212
1983-11-23,0.9706709384918212
1983-11-25,0.9706709384918212
1983-11-28,0.96363627910614
1983-11-29,0.96363627910614
1983-11-30,0.96363627910614
1983-12-01,0.9794630408287048
1983-12-02,0.9794630408287048
1983-12-05,0.9777042865753174
1983-12-06,0.9777042865753174
1983-12-07,0.9812214374542236
1983-12-08,0.9812214374542236
1983-12-09,0.9812214374542236
1983-12-12,0.9812214374542236
1983-12-13,0.9777042865753174
1983-12-14,0.9741873741149902
1983-12-15,0.9706709384918212
1983-12-16,0.9706709384918212
1983-12-19,0.9706709384918212
1983-12-20,0.9671540856361388
1983-12-21,0.9671540856361388
1983-12-22,0.9671540856361388
1983-12-23,0.9671540856361388
1983-12-27,0.9671540856361388
1983-12-28,0.9706709384918212
1983-12-29,0.9741873741149902
1983-12-30,0.9777042865753174
1984-01-03,0.9777042865753174
1984-01-04,0.9777042865753174
1984-01-05,0.9777042865753174
1984-01-06,0.9812214374542236
1984-01-09,0.982979655265808
1984-01-10,0.982979655265808
1984-01-11,0.9671540856361388
1984-01-12,0.9671540856361388
1984-01-13,0.9671540856361388
1984-01-16,0.9671540856361388
1984-01-17,0.9671540856361388
1984-01-18,0.96363627910614
1984-01-19,0.96363627910614
1984-01-20,0.9566031098365784
1984-01-23,0.9390182495117188
1984-01-24,0.9214339852333068
1984-01-25,0.9073662161827089
1984-01-26,0.8897813558578491
1984-01-27,0.8897813558578491
1984-01-30,0.8897813558578491
1984-01-31,0.8897813558578491
1984-02-01,0.8932986259460449
1984-02-02,0.8932986259460449
1984-02-03,0.8932986259460449
1984-02-06,0.882746696472168
1984-02-07,0.8792305588722229
1984-02-08,0.8774726390838623
1984-02-09,0.8546122908592224
1984-02-10,0.8475784659385681
1984-02-13,0.8475784659385681
1984-02-14,0.8475784659385681
1984-02-15,0.8475784659385681
1984-02-16,0.8440614938735962
1984-02-17,0.8405444622039795
1984-02-21,0.8405444622039795
1984-02-22,0.8405444622039795
1984-02-23,0.829993486404419
1984-02-24,0.8335109949111938
1984-02-27,0.8335109949111938
1984-02-28,0.8370273113250732
1984-02-29,0.8370273113250732
1984-03-01,0.8370273113250732
1984-03-02,0.8370273113250732
1984-03-05,0.8370273113250732
1984-03-06,0.8370273113250732
1984-03-07,0.829993486404419
1984-03-08,0.8282355070114136
1984-03-09,0.8159258365631104
1984-03-12,0.8159258365631104
1984-03-13,0.8159258365631104
1984-03-14,0.8159258365631104
1984-03-15,0.8229600191116333
1984-03-16,0.8335109949111938
1984-03-19,0.7877908945083618
1984-03-20,0.7877908945083618
1984-03-21,0.7772397994995117
1984-03-22,0.7772397994995117
1984-03-23,0.7737226486206055
1984-03-26,0.7737226486206055
1984-03-27,0.7737226486206055
1984-03-28,0.7807571291923523
1984-03-29,0.7842736840248108
1984-03-30,0.7842736840248108
1984-04-02,0.7877908945083618
1984-04-03,0.7877908945083618
1984-04-04,0.7877908945083618
1984-04-05,0.7913074493408203
1984-04-06,0.7948245406150818
1984-04-09,0.8053748607635498
1984-04-10,0.808891773223877
1984-04-11,0.8124091625213623
1984-04-12,0.8212018609046936
1984-04-13,0.8335109949111938
1984-04-16,0.8546122908592224
1984-04-17,0.8581286072731018
1984-04-18,0.8581286072731018
1984-04-19,0.8581286072731018
1984-04-23,0.8581286072731018
1984-04-24,0.8581286072731018
1984-04-25,0.8581286072731018
1984-04-26,0.8581286072731018
1984-04-27,0.8581286072731018
1984-04-30,0.8581286072731018
1984-05-01,0.8581286072731018
1984-05-02,0.8581286072731018
1984-05-03,0.8581286072731018
1984-05-04,0.8581286072731018
1984-05-07,0.8581286072731018
1984-05-08,0.8686801195144653
1984-05-09,0.8757139444351196
1984-05-10,0.8757139444351196
1984-05-11,0.8686801195144653
1984-05-14,0.861645519733429
1984-05-15,0.8581286072731018
1984-05-16,0.8581286072731018
1984-05-17,0.8581286072731018
1984-05-18,0.8581286072731018
1984-05-21,0.8581286072731018
1984-05-22,0.8581286072731018
1984-05-23,0.8581286072731018
1984-05-24,0.8510954976081848
1984-05-25,0.8475784659385681
1984-05-29,0.8423025608062744
1984-05-30,0.8423025608062744
1984-05-31,0.8423025608062744
1984-06-01,0.8423025608062744
1984-06-04,0.8423025608062744
1984-06-05,0.8510954976081848
1984-06-06,0.8510954976081848
1984-06-07,0.8546122908592224
1984-06-08,0.8546122908592224
1984-06-11,0.8546122908592224
1984-06-12,0.8581286072731018
1984-06-13,0.8581286072731018
1984-06-14,0.861645519733429
1984-06-15,0.861645519733429
1984-06-18,0.8546122908592224
1984-06-19,0.8546122908592224
1984-06-20,0.8546122908592224
1984-06-21,0.8581286072731018
1984-06-22,0.861645519733429
1984-06-25,0.861645519733429
1984-06-26,0.861645519733429
1984-06-27,0.861645519733429
1984-06-28,0.861645519733429
1984-06-29,0.861645519733429
1984-07-02,0.861645519733429
1984-07-03,0.861645519733429
1984-07-05,0.861645519733429
1984-07-06,0.8581286072731018
1984-07-09,0.8581286072731018
1984-07-10,0.861645519733429
1984-07-11,0.861645519733429
1984-07-12,0.861645519733429
1984-07-13,0.861645519733429
1984-07-16,0.8546122908592224
1984-07-17,0.8510954976081848
1984-07-18,0.8510954976081848
1984-07-19,0.8510954976081848
1984-07-20,0.8370273113250732
1984-07-23,0.8229600191116333
1984-07-24,0.808891773223877
1984-07-25,0.808891773223877
1984-07-26,0.8229600191116333
1984-07-27,0.8370273113250732
1984-07-30,0.8370273113250732
1984-07-31,0.8405444622039795
1984-08-01,0.8440614938735962
1984-08-02,0.8581286072731018
1984-08-03,0.8721969127655029
1984-08-06,0.8757139444351196
1984-08-07,0.8721969127655029
1984-08-08,0.8721969127655029
1984-08-09,0.8757139444351196
1984-08-10,0.8862645030021667
1984-08-13,0.8862645030021667
1984-08-14,0.8932986259460449
1984-08-15,0.8932986259460449
1984-08-16,0.8968153595924377
1984-08-17,0.9003322124481201
1984-08-20,0.9003322124481201
1984-08-21,0.9073662161827089
1984-08-22,0.9108833074569702
1984-08-23,0.9143998622894288
1984-08-24,0.9249500632286072
1984-08-27,0.9249500632286072
1984-08-28,0.9249500632286072
1984-08-29,0.9284673929214478
1984-08-30,0.9284673929214478
1984-08-31,0.9319847822189332
1984-09-04,0.9355012774467468
1984-09-05,0.9355012774467468
1984-09-06,0.9460516571998596
1984-09-07,0.949568808078766
1984-09-10,0.949568808078766
1984-09-11,0.949568808078766
1984-09-12,0.949568808078766
1984-09-13,0.9566031098365784
1984-09-14,0.9706709384918212
1984-09-17,0.9706709384918212
1984-09-18,0.9706709384918212
1984-09-19,0.9706709384918212
1984-09-20,0.9706709384918212
1984-09-21,0.9706709384918212
1984-09-24,0.9706709384918212
1984-09-25,0.9706709384918212
1984-09-26,0.9706709384918212
1984-09-27,0.984738290309906
1984-09-28,0.984738290309906
1984-10-01,0.9812214374542236
1984-10-02,0.9777042865753174
1984-10-03,0.9777042865753174
1984-10-04,0.9777042865753174
1984-10-05,0.9777042865753174
1984-10-08,0.9812214374542236
1984-10-09,0.9812214374542236
1984-10-10,0.9812214374542236
1984-10-11,0.9812214374542236
1984-10-12,0.9812214374542236
1984-10-15,0.9882553815841676
1984-10-16,0.9917719960212708
1984-10-17,1.0128735303878784
1984-10-18,1.0163912773132324
1984-10-19,1.0163912773132324
1984-10-22,1.0163912773132324
1984-10-23,1.0163912773132324
1984-10-24,1.0163912773132324
1984-10-25,1.0199074745178225
1984-10-26,1.0199074745178225
1984-10-29,1.0199074745178225
1984-10-30,1.0199074745178225
1984-10-31,1.0234243869781494
1984-11-01,1.0234243869781494
1984-11-02,1.0269410610198977
1984-11-05,1.0374921560287476
1984-11-06,1.0374921560287476
1984-11-07,1.0374921560287476
1984-11-08,1.0374921560287476
1984-11-09,1.0410093069076538
1984-11-12,1.0445257425308228
1984-11-13,1.0445257425308228
1984-11-14,1.0445257425308228
1984-11-15,1.0445257425308228
1984-11-16,1.0621105432510376
1984-11-19,1.05859375
1984-11-20,1.05859375
1984-11-21,1.055076241493225
1984-11-23,1.05859375
1984-11-26,1.055076241493225
1984-11-27,1.0515598058700562
1984-11-28,1.048042893409729
1984-11-29,1.0410093069076538
1984-11-30,1.0410093069076538
1984-12-03,1.0234243869781494
1984-12-04,1.0199074745178225
1984-12-05,1.0128735303878784
1984-12-06,1.0058391094207764
1984-12-07,0.9988060593605042
1984-12-10,1.0023235082626345
1984-12-11,1.0128735303878784
1984-12-12,1.0128735303878784
1984-12-13,1.0128735303878784
1984-12-14,1.0163912773132324
1984-12-17,1.0163912773132324
1984-12-18,1.0339750051498413
1984-12-19,1.048042893409729
1984-12-20,1.048042893409729
1984-12-21,1.055076241493225
1984-12-24,1.05859375
1984-12-26,1.0726609230041504
1984-12-27,1.069145441055298
1984-12-28,1.0656284093856812
1984-12-31,1.0656284093856812
1985-01-02,1.0656284093856812
1985-01-03,1.0656284093856812
1985-01-04,1.0656284093856812
1985-01-07,1.0656284093856812
1985-01-08,1.0656284093856812
1985-01-09,1.0621105432510376
1985-01-10,1.0621105432510376
1985-01-11,1.0621105432510376
1985-01-14,1.0621105432510376
1985-01-15,1.0656284093856812
1985-01-16,1.069145441055298
1985-01-17,1.079694747924805
1985-01-18,1.0832124948501587
1985-01-21,1.1043137311935425
1985-01-22,1.121898174285889
1985-01-23,1.1183815002441406
1985-01-24,1.1183815002441406
1985-01-25,1.121898174285889
1985-01-28,1.128932237625122
1985-01-29,1.1254146099090576
1985-01-30,1.130690336227417
1985-01-31,1.128932237625122
1985-02-01,1.1359657049179075
1985-02-04,1.1324490308761597
1985-02-05,1.151792049407959
1985-02-06,1.153550624847412
1985-02-07,1.1570675373077393
1985-02-08,1.153550624847412
1985-02-11,1.1641013622283936
1985-02-12,1.1676180362701416
1985-02-13,1.1764110326766968
1985-02-14,1.195753574371338
1985-02-15,1.2063038349151611
1985-02-19,1.2590582370758057
1985-02-20,1.2625752687454224
1985-02-21,1.2590582370758057
1985-02-22,1.244990348815918
1985-02-25,1.244990348815918
1985-02-26,1.241473913192749
1985-02-27,1.2379565238952637
1985-02-28,1.234439730644226
1985-03-01,1.248507022857666
1985-03-04,1.255542278289795
1985-03-05,1.276642918586731
1985-03-06,1.2907105684280396
1985-03-07,1.304778218269348
1985-03-08,1.3082950115203855
1985-03-11,1.352256178855896
1985-03-12,1.3504984378814695
1985-03-13,1.3540149927139282
1985-03-14,1.3610491752624512
1985-03-15,1.3575319051742554
1985-03-18,1.3575319051742554
1985-03-19,1.3469812870025637
1985-03-20,1.343464732170105
1985-03-21,1.3329137563705444
1985-03-22,1.3153289556503296
1985-03-25,1.3012616634368896
1985-03-26,1.294227957725525
1985-03-27,1.2924690246582031
1985-03-28,1.2977440357208252
1985-03-29,1.294227957725525
1985-04-01,1.2977440357208252
1985-04-02,1.2977440357208252
1985-04-03,1.2977440357208252
1985-04-04,1.2907105684280396
1985-04-08,1.2977440357208252
1985-04-09,1.294227957725525
1985-04-10,1.2907105684280396
1985-04-11,1.2977440357208252
1985-04-12,1.294227957725525
1985-04-15,1.2907105684280396
1985-04-16,1.2977440357208252
1985-04-17,1.3012616634368896
1985-04-18,1.3100531101226809
1985-04-19,1.3188462257385254
1985-04-22,1.339946746826172
1985-04-23,1.364565372467041
1985-04-24,1.3751161098480225
1985-04-25,1.3610491752624512
1985-04-26,1.364565372467041
1985-04-29,1.3680830001831057
1985-04-30,1.2801599502563477
1985-05-01,1.2801599502563477
1985-05-02,1.304778218269348
1985-05-03,1.3293966054916382
1985-05-06,1.3715999126434326
1985-05-07,1.3786333799362185
1985-05-08,1.3715999126434326
1985-05-09,1.3715999126434326
1985-05-10,1.3715999126434326
1985-05-13,1.4067693948745728
1985-05-14,1.4208362102508545
1985-05-15,1.4560056924819946
1985-05-16,1.4560056924819946
1985-05-17,1.4630398750305176
1985-05-20,1.5333783626556396
1985-05-21,1.5122764110565186
1985-05-22,1.4982093572616575
1985-05-23,1.4876587390899658
1985-05-24,1.4489729404449463
1985-05-28,1.4349044561386108
1985-05-29,1.4208362102508545
1985-05-30,1.4138023853302002
1985-05-31,1.4138023853302002
1985-06-03,1.3786333799362185
1985-06-04,1.3504984378814695
1985-06-05,1.364565372467041
1985-06-06,1.3786333799362185
1985-06-07,1.3856676816940308
1985-06-10,1.3856676816940308
1985-06-11,1.3856676816940308
1985-06-12,1.3786333799362185
1985-06-13,1.3786333799362185
1985-06-14,1.364565372467041
1985-06-17,1.3504984378814695
1985-06-18,1.343464732170105
1985-06-19,1.3504984378814695
1985-06-20,1.343464732170105
1985-06-21,1.3504984378814695
1985-06-24,1.336429476737976
1985-06-25,1.3504984378814695
1985-06-26,1.3293966054916382
1985-06-27,1.3504984378814695
1985-06-28,1.364565372467041
1985-07-01,1.3575319051742554
1985-07-02,1.364565372467041
1985-07-03,1.364565372467041
1985-07-05,1.3715999126434326
1985-07-08,1.3715999126434326
1985-07-09,1.3575319051742554
1985-07-10,1.364565372467041
1985-07-11,1.3997347354888916
1985-07-12,1.4032524824142456
1985-07-15,1.3997347354888916
1985-07-16,1.4138023853302002
1985-07-17,1.4419381618499756
1985-07-18,1.4419381618499756
1985-07-19,1.4489729404449463
1985-07-22,1.4560056924819946
1985-07-23,1.4489729404449463
1985-07-24,1.4349044561386108
1985-07-25,1.4560056924819946
1985-07-26,1.4911741018295288
1985-07-29,1.4560056924819946
1985-07-30,1.4560056924819946
1985-07-31,1.4419381618499756
1985-08-01,1.4630398750305176
1985-08-02,1.4630398750305176
1985-08-05,1.4630398750305176
1985-08-06,1.4419381618499756
1985-08-07,1.4278711080551147
1985-08-08,1.4208362102508545
1985-08-09,1.4419381618499756
1985-08-12,1.4208362102508545
1985-08-13,1.4067693948745728
1985-08-14,1.4067693948745728
1985-08-15,1.3856676816940308
1985-08-16,1.3715999126434326
1985-08-19,1.4349044561386108
1985-08-20,1.470073938369751
1985-08-21,1.470073938369751
1985-08-22,1.4982093572616575
1985-08-23,1.543928623199463
1985-08-26,1.547445297241211
1985-08-27,1.540412187576294
1985-08-28,1.5193103551864624
1985-08-29,1.540412187576294
1985-08-30,1.5333783626556396
1985-09-03,1.5333783626556396
1985-09-04,1.5333783626556396
1985-09-05,1.540412187576294
1985-09-06,1.547445297241211
1985-09-09,1.540412187576294
1985-09-10,1.4982093572616575
1985-09-11,1.4982093572616575
1985-09-12,1.4630398750305176
1985-09-13,1.4630398750305176
1985-09-16,1.4067693948745728
1985-09-17,1.4208362102508545
1985-09-18,1.4067693948745728
1985-09-19,1.4560056924819946
1985-09-20,1.4771071672439575
1985-09-23,1.4771071672439575
1985-09-24,1.4419381618499756
1985-09-25,1.4349044561386108
1985-09-26,1.3856676816940308
1985-09-30,1.4032524824142456
1985-10-01,1.4138023853302002
1985-10-02,1.4138023853302002
1985-10-03,1.4138023853302002
1985-10-04,1.4138023853302002
1985-10-07,1.4208362102508545
1985-10-08,1.4208362102508545
1985-10-09,1.4138023853302002
1985-10-10,1.4138023853302002
1985-10-11,1.4138023853302002
1985-10-14,1.4102860689163208
1985-10-15,1.4384208917617798
1985-10-16,1.4560056924819946
1985-10-17,1.4560056924819946
1985-10-18,1.4630398750305176
1985-10-21,1.4911741018295288
1985-10-22,1.5263440608978271
1985-10-23,1.540412187576294
1985-10-24,1.5544795989990234
1985-10-25,1.547445297241211
1985-10-28,1.540412187576294
1985-10-29,1.547445297241211
1985-10-30,1.5931662321090698
1985-10-31,1.6177841424942017
1985-11-01,1.6318516731262207
1985-11-04,1.6248183250427246
1985-11-05,1.6529542207717896
1985-11-06,1.7021913528442385
1985-11-07,1.7021913528442385
1985-11-08,1.7092245817184448
1985-11-11,1.7373602390289309
1985-11-12,1.765493392944336
1985-11-13,1.744393825531006
1985-11-14,1.7584611177444458
1985-11-15,1.7373602390289309
1985-11-18,1.7408759593963623
1985-11-19,1.7373602390289309
1985-11-20,1.7408759593963623
1985-11-21,1.7162574529647827
1985-11-22,1.723291039466858
1985-11-25,1.6951569318771362
1985-11-26,1.6670223474502563
1985-11-27,1.6670223474502563
1985-11-29,1.6494364738464355
1985-12-02,1.6670223474502563
1985-12-03,1.681088924407959
1985-12-04,1.6951569318771362
1985-12-05,1.6951569318771362
1985-12-06,1.6951569318771362
1985-12-09,1.6740546226501465
1985-12-10,1.6670223474502563
1985-12-11,1.6670223474502563
1985-12-12,1.659986972808838
1985-12-13,1.6529542207717896
1985-12-16,1.6459200382232666
1985-12-17,1.6529542207717896
1985-12-18,1.659986972808838
1985-12-19,1.659986972808838
1985-12-20,1.659986972808838
1985-12-23,1.681088924407959
1985-12-24,1.681088924407959
1985-12-26,1.6740546226501465
1985-12-27,1.6881225109100342
1985-12-30,1.6740546226501465
1985-12-31,1.681088924407959
1986-01-02,1.681088924407959
1986-01-03,1.681088924407959
1986-01-06,1.6881225109100342
1986-01-07,1.681088924407959
1986-01-08,1.681088924407959
1986-01-09,1.681088924407959
1986-01-10,1.681088924407959
1986-01-13,1.6740546226501465
1986-01-14,1.677571177482605
1986-01-15,1.6951569318771362
1986-01-16,1.7021913528442385
1986-01-17,1.70570707321167
1986-01-20,1.723291039466858
1986-01-21,1.7162574529647827
1986-01-22,1.7303258180618286
1986-01-23,1.744393825531006
1986-01-24,1.7936307191848757
1986-01-27,1.8499009609222408
1986-01-28,1.8815535306930544
1986-01-29,1.8850702047348025
1986-01-30,1.8780364990234373
1986-01-31,1.8639695644378664
1986-02-03,1.8287997245788568
1986-02-04,1.842867970466613
1986-02-05,1.853418469429016
1986-02-06,1.8569343090057373
1986-02-07,1.842867970466613
1986-02-10,1.8710025548934937
1986-02-11,1.8850702047348025
1986-02-12,1.899138331413269
1986-02-13,1.8850702047348025
1986-02-14,1.8850702047348025
1986-02-18,1.8956202268600464
1986-02-19,1.8921033143997192
1986-02-20,1.9061713218688965
1986-02-21,1.9061713218688965
1986-02-24,1.9061713218688965
1986-02-25,1.899138331413269
1986-02-26,1.9061713218688965
1986-02-27,1.9061713218688965
1986-02-28,1.8745195865631104
1986-03-03,1.8710025548934937
1986-03-04,1.8710025548934937
1986-03-05,1.8499009609222408
1986-03-06,1.8499009609222408
1986-03-07,1.8569343090057373
1986-03-10,1.8639695644378664
1986-03-11,1.9061713218688965
1986-03-12,1.9343081712722776
1986-03-13,1.9343081712722776
1986-03-14,1.9343081712722776
1986-03-17,1.9202393293380733
1986-03-18,1.9413418769836424
1986-03-19,1.962442874908448
1986-03-20,1.962442874908448
1986-03-21,1.976510763168335
1986-03-24,1.9694761037826536
1986-03-25,1.9483747482299805
1986-03-26,1.955407977104187
1986-03-27,1.9483747482299805
1986-03-31,1.962442874908448
1986-04-01,1.9343081712722776
1986-04-02,1.9343081712722776
1986-04-03,1.9061713218688965
1986-04-04,1.899138331413269
1986-04-07,1.8639695644378664
1986-04-08,1.8850702047348025
1986-04-09,1.9061713218688965
1986-04-10,1.9272725582122805
1986-04-11,1.9061713218688965
1986-04-14,1.9202393293380733
1986-04-15,1.9413418769836424
1986-04-16,1.962442874908448
1986-04-17,1.9694761037826536
1986-04-18,1.976510763168335
1986-04-21,1.976510763168335
1986-04-22,1.9694761037826536
1986-04-23,1.962442874908448
1986-04-24,1.962442874908448
1986-04-25,1.962442874908448
1986-04-28,1.9835447072982788
1986-04-29,2.0151963233947754
1986-04-30,2.0116782188415527
1986-05-01,1.9835447072982788
1986-05-02,1.976510763168335
1986-05-05,1.976510763168335
1986-05-06,1.9694761037826536
1986-05-07,1.9694761037826536
1986-05-08,1.9694761037826536
1986-05-09,2.025747060775757
1986-05-12,2.0187129974365234
1986-05-13,2.0187129974365234
1986-05-14,2.0187129974365234
1986-05-15,2.0187129974365234
1986-05-16,2.008163452148437
1986-05-19,2.0151963233947754
1986-05-20,2.0187129974365234
1986-05-21,2.0398144721984863
1986-05-22,2.0398144721984863
1986-05-23,2.0398144721984863
1986-05-27,2.082018613815308
1986-05-28,2.0679500102996826
1986-05-29,2.0609164237976074
1986-05-30,2.096085786819458
1986-06-02,2.096085786819458
1986-06-03,2.103119373321533
1986-06-04,2.1136691570281982
1986-06-05,2.138290405273437
1986-06-06,2.1734585762023926
1986-06-09,2.152355909347534
1986-06-10,2.096085786819458
1986-06-11,2.103119373321533
1986-06-12,2.085534811019897
1986-06-13,2.082018613815308
1986-06-16,2.103119373321533
1986-06-17,2.074984312057495
1986-06-18,2.074984312057495
1986-06-19,2.074984312057495
1986-06-20,2.0679500102996826
1986-06-23,2.074984312057495
1986-06-24,2.0679500102996826
1986-06-25,2.0609164237976074
1986-06-26,2.046848773956299
1986-06-27,2.025747060775757
1986-06-30,2.0679500102996826
1986-07-01,2.082018613815308
1986-07-02,2.11015248298645
1986-07-03,2.1875250339508057
1986-07-07,2.145321846008301
1986-07-08,2.134772062301636
1986-07-09,2.103119373321533
1986-07-10,2.1171875
1986-07-11,2.1171875
1986-07-14,2.103119373321533
1986-07-15,2.096085786819458
1986-07-16,2.082018613815308
1986-07-17,2.099602460861206
1986-07-18,2.124221086502075
1986-07-21,2.1664252281188965
1986-07-22,2.180490493774414
1986-07-23,2.1875250339508057
1986-07-24,2.1734585762023926
1986-07-25,2.1875250339508057
1986-07-28,2.1875250339508057
1986-07-29,2.208627462387085
1986-07-30,2.208627462387085
1986-07-31,2.219179391860962
1986-08-01,2.2437963485717773
1986-08-04,2.2297284603118896
1986-08-05,2.2297284603118896
1986-08-06,2.2297284603118896
1986-08-07,2.222695827484131
1986-08-08,2.222695827484131
1986-08-11,2.219179391860962
1986-08-12,2.208627462387085
1986-08-13,2.208627462387085
1986-08-14,2.180490493774414
1986-08-15,2.1945595741271973
1986-08-18,2.1664252281188965
1986-08-19,2.1664252281188965
1986-08-20,2.1664252281188965
1986-08-21,2.152355909347534
1986-08-22,2.145321846008301
1986-08-25,2.145321846008301
1986-08-26,2.138290405273437
1986-08-27,2.1312568187713623
1986-08-28,2.089051008224488
1986-08-29,2.082018613815308
1986-09-02,2.089051008224488
1986-09-03,2.074984312057495
1986-09-04,2.124221086502075
1986-09-05,2.11015248298645
1986-09-08,2.096085786819458
1986-09-09,2.096085786819458
1986-09-10,2.074984312057495
1986-09-11,2.032782554626465
1986-09-12,2.0116782188415527
1986-09-15,1.9976121187210083
1986-09-16,1.955407977104187
1986-09-17,1.972993016242981
1986-09-18,1.9483747482299805
1986-09-19,1.9272725582122805
1986-09-22,1.9413418769836424
1986-09-23,1.9272725582122805
1986-09-24,1.9132062196731567
1986-09-25,1.9202393293380733
1986-09-26,1.899138331413269
1986-09-29,1.8921033143997192
1986-09-30,1.8921033143997192
1986-10-01,1.899138331413269
1986-10-02,1.9343081712722776
1986-10-03,1.955407977104187
1986-10-06,1.9905786514282229
1986-10-07,1.9905786514282229
1986-10-08,1.955407977104187
1986-10-09,1.976510763168335
1986-10-10,1.976510763168335
1986-10-13,1.976510763168335
1986-10-14,1.976510763168335
1986-10-15,1.976510763168335
1986-10-16,1.955407977104187
1986-10-17,1.9343081712722776
1986-10-20,1.9343081712722776
1986-10-21,1.9272725582122805
1986-10-22,1.9202393293380733
1986-10-23,1.9272725582122805
1986-10-24,1.962442874908448
1986-10-27,1.976510763168335
1986-10-28,2.0187129974365234
1986-10-29,2.0187129974365234
1986-10-30,2.025747060775757
1986-10-31,2.0116782188415527
1986-11-03,1.9976121187210083
1986-11-04,1.9905786514282229
1986-11-05,1.976510763168335
1986-11-06,1.955407977104187
1986-11-07,1.9483747482299805
1986-11-10,1.9483747482299805
1986-11-11,1.9483747482299805
1986-11-12,1.9061713218688965
1986-11-13,1.8287997245788568
1986-11-14,1.8217664957046509
1986-11-17,1.8217664957046509
1986-11-18,1.8076977729797363
1986-11-19,1.776045799255371
1986-11-20,1.8147324323654173
1986-11-21,1.8217664957046509
1986-11-24,1.8147324323654173
1986-11-25,1.8217664957046509
1986-11-26,1.835832953453064
1986-11-28,1.8569343090057373
1986-12-01,1.842867970466613
1986-12-02,1.8674862384796145
1986-12-03,1.8850702047348025
1986-12-04,1.9202393293380733
1986-12-05,1.899138331413269
1986-12-08,1.899138331413269
1986-12-09,1.8780364990234373
1986-12-10,1.835832953453064
1986-12-11,1.835832953453064
1986-12-12,1.8217664957046509
1986-12-15,1.751428246498108
1986-12-16,1.7725285291671753
1986-12-17,1.7865972518920898
1986-12-18,1.751428246498108
1986-12-19,1.781975269317627
1986-12-22,1.7678327560424805
1986-12-23,1.760762333869934
1986-12-24,1.7678327560424805
1986-12-26,1.7572258710861206
1986-12-29,1.7466192245483398
1986-12-30,1.7395477294921875
1986-12-31,1.760762333869934
1987-01-02,1.781975269317627
1987-01-05,1.796118140220642
1987-01-06,1.895116686820984
1987-01-07,1.937544345855713
1987-01-08,1.930472493171692
1987-01-09,1.937544345855713
1987-01-12,1.951688289642334
1987-01-13,1.9870445728302
1987-01-14,2.0259363651275635
1987-01-15,2.0860424041748047
1987-01-16,2.064828395843506
1987-01-19,2.068363666534424
1987-01-20,2.0294711589813232
1987-01-21,2.0082578659057617
1987-01-22,2.02239990234375
1987-01-23,2.0294711589813232
1987-01-26,2.036543130874634
1987-01-27,2.0294711589813232
1987-01-28,2.0754361152648926
1987-01-29,2.064828395843506
1987-01-30,2.064828395843506
1987-02-02,2.064828395843506
1987-02-03,2.036543130874634
1987-02-04,2.0153305530548096
1987-02-05,1.979972004890442
1987-02-06,2.0436155796051025
1987-02-09,2.036543130874634
1987-02-10,2.036543130874634
1987-02-11,2.0436155796051025
1987-02-12,2.02239990234375
1987-02-13,2.0294711589813232
1987-02-17,2.0294711589813232
1987-02-18,2.0153305530548096
1987-02-19,2.0294711589813232
1987-02-20,2.0506861209869385
1987-02-23,2.0506861209869385
1987-02-24,2.0436155796051025
1987-02-25,2.1001853942871094
1987-02-26,2.1143276691436768
1987-02-27,2.0789713859558105
1987-03-02,2.0719010829925537
1987-03-03,2.05775785446167
1987-03-04,2.064828395843506
1987-03-05,2.0860424041748047
1987-03-06,2.0860424041748047
1987-03-09,2.0506861209869385
1987-03-10,2.0153305530548096
1987-03-11,1.979972004890442
1987-03-12,1.9870445728302
1987-03-13,1.972901463508606
1987-03-16,1.972901463508606
1987-03-17,1.9658291339874268
1987-03-18,1.972901463508606
1987-03-19,1.9837082624435425
1987-03-20,1.997929573059082
1987-03-23,1.9268287420272827
1987-03-24,1.9623788595199585
1987-03-25,1.973044395446777
1987-03-26,1.9765985012054443
1987-03-27,1.990819215774536
1987-03-30,1.941048622131348
1987-03-31,1.9623788595199585
1987-04-01,1.9481581449508667
1987-04-02,1.9623788595199585
1987-04-03,1.955268621444702
1987-04-06,1.955268621444702
1987-04-07,1.9481581449508667
1987-04-08,1.9481581449508667
1987-04-09,1.9054981470108032
1987-04-10,1.9126079082489007
1987-04-13,1.9054981470108032
1987-04-14,1.869946837425232
1987-04-15,1.898387789726257
1987-04-16,1.8912779092788696
1987-04-20,1.9054981470108032
1987-04-21,1.8912779092788696
1987-04-22,1.8272877931594849
1987-04-23,1.8130675554275515
1987-04-24,1.8059566020965576
1987-04-27,1.8130675554275515
1987-04-28,1.7775169610977173
1987-04-29,1.8130675554275515
1987-04-30,1.8343970775604248
1987-05-01,1.79884672164917
1987-05-04,1.791736364364624
1987-05-05,1.8130675554275515
1987-05-06,1.8130675554275515
1987-05-07,1.8059566020965576
1987-05-08,1.791736364364624
1987-05-11,1.791736364364624
1987-05-12,1.791736364364624
1987-05-13,1.791736364364624
1987-05-14,1.7846263647079468
1987-05-15,1.7632967233657837
1987-05-18,1.7277461290359497
1987-05-19,1.7064158916473389
1987-05-20,1.7064158916473389
1987-05-21,1.7135262489318848
1987-05-22,1.7135262489318848
1987-05-26,1.7064158916473389
1987-05-27,1.7064158916473389
1987-05-28,1.7064158916473389
1987-05-29,1.7277461290359497
1987-06-01,1.734856128692627
1987-06-02,1.7419662475585938
1987-06-03,1.7704068422317505
1987-06-04,1.79884672164917
1987-06-05,1.8024022579193115
1987-06-08,1.791736364364624
1987-06-09,1.8130675554275515
1987-06-10,1.8130675554275515
1987-06-11,1.8343970775604248
1987-06-12,1.855727314949036
1987-06-15,1.8770570755004885
1987-06-16,1.862836837768555
1987-06-17,1.8770570755004885
1987-06-18,1.869946837425232
1987-06-19,1.869946837425232
1987-06-22,1.887968897819519
1987-06-23,1.866515636444092
1987-06-24,1.866515636444092
1987-06-25,1.8736659288406368
1987-06-26,1.8808176517486568
1987-06-29,1.8808176517486568
1987-06-30,1.8951201438903809
1987-07-01,1.9165749549865725
1987-07-02,1.909423232078552
1987-07-06,1.909423232078552
1987-07-07,1.9308778047561648
1987-07-08,1.909423232078552
1987-07-09,1.9165749549865725
1987-07-10,1.909423232078552
1987-07-13,1.8951201438903809
1987-07-14,1.887968897819519
1987-07-15,1.8736659288406368
1987-07-16,1.8736659288406368
1987-07-17,1.866515636444092
1987-07-20,1.8593631982803345
1987-07-21,1.845059990882873
1987-07-22,1.834333419799805
1987-07-23,1.852211594581604
1987-07-24,1.852211594581604
1987-07-27,1.687731385231018
1987-07-28,1.6448209285736084
1987-07-29,1.6448209285736084
1987-07-30,1.6591241359710691
1987-07-31,1.6448209285736084
1987-08-03,1.7020329236984253
1987-08-04,1.687731385231018
1987-08-05,1.7020329236984253
1987-08-06,1.7020329236984253
1987-08-07,1.7020329236984253
1987-08-10,1.7163347005844116
1987-08-11,1.7020329236984253
1987-08-12,1.7020329236984253
1987-08-13,1.7163347005844116
1987-08-14,1.7163347005844116
1987-08-17,1.7234877347946167
1987-08-18,1.7091829776763916
1987-08-19,1.7127599716186523
1987-08-20,1.7163347005844116
1987-08-21,1.7163347005844116
1987-08-24,1.7234877347946167
1987-08-25,1.7163347005844116
1987-08-26,1.7163347005844116
1987-08-27,1.7020329236984253
1987-08-28,1.6948819160461426
1987-08-31,1.69130539894104
1987-09-01,1.6734265089035034
1987-09-02,1.590792179107666
1987-09-03,1.5799951553344729
1987-09-04,1.576396346092224
1987-09-08,1.5332071781158447
1987-09-09,1.5260090827941897
1987-09-10,1.540405511856079
1987-09-11,1.540405511856079
1987-09-14,1.529607892036438
1987-09-15,1.5260090827941897
1987-09-16,1.497215986251831
1987-09-17,1.4612258672714231
1987-09-18,1.48281991481781
1987-09-21,1.4756218194961548
1987-09-22,1.48281991481781
1987-09-23,1.48281991481781
1987-09-24,1.518810749053955
1987-09-25,1.540405511856079
1987-09-28,1.569197654724121
1987-09-29,1.569197654724121
1987-09-30,1.569197654724121
1987-10-01,1.576396346092224
1987-10-02,1.576396346092224
1987-10-05,1.569197654724121
1987-10-06,1.5548012256622314
1987-10-07,1.590792179107666
1987-10-08,1.590792179107666
1987-10-09,1.5979902744293213
1987-10-12,1.6123861074447632
1987-10-13,1.6483763456344604
1987-10-14,1.6267822980880735
1987-10-15,1.6267822980880735
1987-10-16,1.590792179107666
1987-10-19,1.4612258672714231
1987-10-20,1.274073839187622
1987-10-21,1.4468294382095337
1987-10-22,1.4756218194961548
1987-10-23,1.4396307468414309
1987-10-26,1.3172624111175537
1987-10-27,1.3244603872299194
1987-10-28,1.2956677675247192
1987-10-29,1.3100651502609253
1987-10-30,1.3820451498031616
1987-11-02,1.425234317779541
1987-11-03,1.3460546731948853
1987-11-04,1.3244603872299194
1987-11-05,1.3820451498031616
1987-11-06,1.389243721961975
1987-11-09,1.331659197807312
1987-11-10,1.3172624111175537
1987-11-11,1.3388569355010986
1987-11-12,1.3460546731948853
1987-11-13,1.331659197807312
1987-11-16,1.3244603872299194
1987-11-17,1.3064656257629397
1987-11-18,1.3172624111175537
1987-11-19,1.3028663396835327
1987-11-20,1.2884695529937744
1987-11-23,1.274073839187622
1987-11-24,1.2668761014938354
1987-11-25,1.2524782419204712
1987-11-27,1.2524782419204712
1987-11-30,1.1984927654266355
1987-12-01,1.1661007404327393
1987-12-02,1.1373090744018557
1987-12-03,1.1085163354873655
1987-12-04,1.0653268098831177
1987-12-07,1.0941200256347656
1987-12-08,1.1732990741729736
1987-12-09,1.216488003730774
1987-12-10,1.2308845520019531
1987-12-11,1.2236859798431396
1987-12-14,1.209289789199829
1987-12-15,1.1804970502853394
1987-12-16,1.2020915746688845
1987-12-17,1.1732990741729736
1987-12-18,1.1804970502853394
1987-12-21,1.1770097017288208
1987-12-22,1.16247820854187
1987-12-23,1.16247820854187
1987-12-24,1.155212640762329
1987-12-28,1.126150608062744
1987-12-29,1.1188862323760986
1987-12-30,1.1479485034942627
1987-12-31,1.1406818628311155
1988-01-04,1.1697442531585691
1988-01-05,1.1915407180786133
1988-01-06,1.2060717344284058
1988-01-07,1.2060717344284058
1988-01-08,1.1915407180786133
1988-01-11,1.1988062858581543
1988-01-12,1.1988062858581543
1988-01-13,1.249664545059204
1988-01-14,1.2569301128387451
1988-01-15,1.275093913078308
1988-01-18,1.2641953229904177
1988-01-19,1.2532970905303955
1988-01-20,1.2423993349075315
1988-01-21,1.2351335287094116
1988-01-22,1.2206027507781982
1988-01-25,1.2206027507781982
1988-01-26,1.2351335287094116
1988-01-27,1.2278680801391602
1988-01-28,1.2351335287094116
1988-01-29,1.2351335287094116
1988-02-01,1.2423993349075315
1988-02-02,1.2423993349075315
1988-02-03,1.249664545059204
1988-02-04,1.2423993349075315
1988-02-05,1.2423993349075315
1988-02-08,1.2423993349075315
1988-02-09,1.2278680801391602
1988-02-10,1.249664545059204
1988-02-11,1.2423993349075315
1988-02-12,1.2351335287094116
1988-02-16,1.2423993349075315
1988-02-17,1.2387665510177612
1988-02-18,1.2351335287094116
1988-02-19,1.2641953229904177
1988-02-22,1.322320580482483
1988-02-23,1.3150545358657837
1988-02-24,1.329585313796997
1988-02-25,1.3150545358657837
1988-02-26,1.322320580482483
1988-02-29,1.3368505239486694
1988-03-01,1.3441169261932373
1988-03-02,1.358647108078003
1988-03-03,1.40950608253479
1988-03-04,1.4676291942596436
1988-03-07,1.4676291942596436
1988-03-08,1.4676291942596436
1988-03-09,1.4603642225265503
1988-03-10,1.431302189826965
1988-03-11,1.4167711734771729
1988-03-14,1.431302189826965
1988-03-15,1.431302189826965
1988-03-16,1.4385673999786377
1988-03-17,1.4385673999786377
1988-03-18,1.4385673999786377
1988-03-21,1.4368079900741575
1988-03-22,1.451469659805298
1988-03-23,1.458800196647644
1988-03-24,1.4368079900741575
1988-03-25,1.3781627416610718
1988-03-28,1.370832085609436
1988-03-29,1.3928239345550537
1988-03-30,1.3635016679763794
1988-03-31,1.370832085609436
1988-04-04,1.3635016679763794
1988-04-05,1.348840832710266
1988-04-06,1.3561716079711914
1988-04-07,1.3451755046844482
1988-04-08,1.3451755046844482
1988-04-11,1.3451755046844482
1988-04-12,1.3415096998214722
1988-04-13,1.3341798782348633
1988-04-14,1.3121869564056396
1988-04-15,1.3158515691757202
1988-04-18,1.3415096998214722
1988-04-19,1.3635016679763794
1988-04-20,1.3635016679763794
1988-04-21,1.370832085609436
1988-04-22,1.374497413635254
1988-04-25,1.3781627416610718
1988-04-26,1.4001550674438477
1988-04-27,1.4001550674438477
1988-04-28,1.4001550674438477
1988-04-29,1.4258123636245728
1988-05-02,1.4404737949371338
1988-05-03,1.451469659805298
1988-05-04,1.4368079900741575
1988-05-05,1.4368079900741575
1988-05-06,1.4368079900741575
1988-05-09,1.4294779300689695
1988-05-10,1.422147512435913
1988-05-11,1.422147512435913
1988-05-12,1.4001550674438477
1988-05-13,1.4001550674438477
1988-05-16,1.4294779300689695
1988-05-17,1.4294779300689695
1988-05-18,1.4441392421722412
1988-05-19,1.4368079900741575
1988-05-20,1.4294779300689695
1988-05-23,1.4368079900741575
1988-05-24,1.4368079900741575
1988-05-25,1.4294779300689695
1988-05-26,1.4294779300689695
1988-05-27,1.4294779300689695
1988-05-31,1.4294779300689695
1988-06-01,1.4294779300689695
1988-06-02,1.4294779300689695
1988-06-03,1.4368079900741575
1988-06-06,1.4441392421722412
1988-06-07,1.4368079900741575
1988-06-08,1.451469659805298
1988-06-09,1.451469659805298
1988-06-10,1.451469659805298
1988-06-13,1.4661303758621216
1988-06-14,1.473461389541626
1988-06-15,1.4881234169006348
1988-06-16,1.4807915687561035
1988-06-17,1.473461389541626
1988-06-20,1.4790818691253662
1988-06-21,1.4938722848892212
1988-06-22,1.4864777326583862
1988-06-23,1.5012688636779783
1988-06-24,1.5086636543273926
1988-06-27,1.4938722848892212
1988-06-28,1.4938722848892212
1988-06-29,1.4938722848892212
1988-06-30,1.5086636543273926
1988-07-01,1.5086636543273926
1988-07-05,1.523454189300537
1988-07-06,1.516059398651123
1988-07-07,1.530848264694214
1988-07-08,1.516059398651123
1988-07-11,1.530848264694214
1988-07-12,1.523454189300537
1988-07-13,1.5382452011108398
1988-07-14,1.530848264694214
1988-07-15,1.5530357360839844
1988-07-18,1.5456405878067017
1988-07-19,1.5456405878067017
1988-07-20,1.530848264694214
1988-07-21,1.5604310035705566
1988-07-22,1.5456405878067017
1988-07-25,1.567827224731445
1988-07-26,1.567827224731445
1988-07-27,1.5826188325881958
1988-07-28,1.6048035621643066
1988-07-29,1.6195948123931885
1988-08-01,1.634385585784912
1988-08-02,1.6491775512695312
1988-08-03,1.663967490196228
1988-08-04,1.6787577867507937
1988-08-05,1.663967490196228
1988-08-08,1.663967490196228
1988-08-09,1.6491775512695312
1988-08-10,1.6269903182983398
1988-08-11,1.612199783325195
1988-08-12,1.5974085330963137
1988-08-15,1.5974085330963137
1988-08-16,1.5900120735168457
1988-08-17,1.5974085330963137
1988-08-18,1.5974085330963137
1988-08-19,1.6195948123931885
1988-08-22,1.6048035621643066
1988-08-23,1.6269903182983398
1988-08-24,1.6269903182983398
1988-08-25,1.6269903182983398
1988-08-26,1.634385585784912
1988-08-29,1.6491775512695312
1988-08-30,1.656571865081787
1988-08-31,1.663967490196228
1988-09-01,1.6602699756622314
1988-09-02,1.663967490196228
1988-09-06,1.6787577867507937
1988-09-07,1.6713619232177734
1988-09-08,1.6787577867507937
1988-09-09,1.6787577867507937
1988-09-12,1.6787577867507937
1988-09-13,1.6787577867507937
1988-09-14,1.6935477256774902
1988-09-15,1.6935477256774902
1988-09-16,1.7009433507919312
1988-09-19,1.7066068649291992
1988-09-20,1.7326912879943848
1988-09-21,1.736418843269348
1988-09-22,1.7438697814941406
1988-09-23,1.7587764263153076
1988-09-26,1.7587764263153076
1988-09-27,1.7513222694396973
1988-09-28,1.7289646863937378
1988-09-29,1.7215136289596558
1988-09-30,1.7252399921417236
1988-10-03,1.7289646863937378
1988-10-04,1.7066068649291992
1988-10-05,1.7028812170028689
1988-10-06,1.7066068649291992
1988-10-07,1.7215136289596558
1988-10-10,1.7066068649291992
1988-10-11,1.7215136289596558
1988-10-12,1.736418843269348
1988-10-13,1.7662278413772583
1988-10-14,1.773680567741394
1988-10-17,1.7960379123687744
1988-10-18,1.7960379123687744
1988-10-19,1.8034898042678835
1988-10-20,1.810942530632019
1988-10-21,1.8183943033218384
1988-10-24,1.8034898042678835
1988-10-25,1.7885842323303225
1988-10-26,1.7811317443847656
1988-10-27,1.7699543237686155
1988-10-28,1.7811317443847656
1988-10-31,1.7662278413772583
1988-11-01,1.773680567741394
1988-11-02,1.773680567741394
1988-11-03,1.773680567741394
1988-11-04,1.7885842323303225
1988-11-07,1.7662278413772583
1988-11-08,1.7811317443847656
1988-11-09,1.7587764263153076
1988-11-10,1.7140599489212036
1988-11-11,1.6320840120315552
1988-11-14,1.6320840120315552
1988-11-15,1.6171783208847046
1988-11-16,1.6171783208847046
1988-11-17,1.6022729873657229
1988-11-18,1.6022729873657229
1988-11-21,1.6171783208847046
1988-11-22,1.624631404876709
1988-11-23,1.6320840120315552
1988-11-25,1.6320840120315552
1988-11-28,1.6395361423492432
1988-11-29,1.6395361423492432
1988-11-30,1.6395361423492432
1988-12-01,1.6320840120315552
1988-12-02,1.6320840120315552
1988-12-05,1.6171783208847046
1988-12-06,1.6097265481948853
1988-12-07,1.6171783208847046
1988-12-08,1.6097265481948853
1988-12-09,1.6171783208847046
1988-12-12,1.5948221683502195
1988-12-13,1.5948221683502195
1988-12-14,1.587369441986084
1988-12-15,1.579917073249817
1988-12-16,1.587369441986084
1988-12-19,1.5855658054351809
1988-12-20,1.5930792093276978
1988-12-21,1.589322566986084
1988-12-22,1.589322566986084
1988-12-23,1.5855658054351809
1988-12-27,1.5780506134033203
1988-12-28,1.5855658054351809
1988-12-29,1.5930792093276978
1988-12-30,1.5855658054351809
1989-01-03,1.6005945205688477
1989-01-04,1.6231385469436646
1989-01-05,1.608110427856445
1989-01-06,1.6231385469436646
1989-01-09,1.6156237125396729
1989-01-10,1.6456817388534546
1989-01-11,1.6306512355804443
1989-01-12,1.6456817388534546
1989-01-13,1.6231385469436646
1989-01-16,1.6231385469436646
1989-01-17,1.6306512355804443
1989-01-18,1.6456817388534546
1989-01-19,1.6607110500335691
1989-01-20,1.675740361213684
1989-01-23,1.687011480331421
1989-01-24,1.7133125066757202
1989-01-25,1.735856533050537
1989-01-26,1.735856533050537
1989-01-27,1.829788088798523
1989-01-30,1.8185161352157595
1989-01-31,1.8034871816635127
1989-02-01,1.811001420021057
1989-02-02,1.822272062301636
1989-02-03,1.8185161352157595
1989-02-06,1.811001420021057
1989-02-07,1.822272062301636
1989-02-08,1.829788088798523
1989-02-09,1.8185161352157595
1989-02-10,1.811001420021057
1989-02-13,1.8335464000701904
1989-02-14,1.8485736846923828
1989-02-15,1.8485736846923828
1989-02-16,1.822272062301636
1989-02-17,1.8335464000701904
1989-02-21,1.841059684753418
1989-02-22,1.8185161352157595
1989-02-23,1.8260315656661987
1989-02-24,1.822272062301636
1989-02-27,1.8335464000701904
1989-02-28,1.8260315656661987
1989-03-01,1.8185161352157595
1989-03-02,1.8335464000701904
1989-03-03,1.837302803993225
1989-03-06,1.8335464000701904
1989-03-07,1.8335464000701904
1989-03-08,1.841059684753418
1989-03-09,1.841059684753418
1989-03-10,1.8485736846923828
1989-03-13,1.841059684753418
1989-03-14,1.841059684753418
1989-03-15,1.8335464000701904
1989-03-16,1.8485736846923828
1989-03-17,1.8422058820724487
1989-03-20,1.8346259593963623
1989-03-21,1.8346259593963623
1989-03-22,1.8422058820724487
1989-03-23,1.8422058820724487
1989-03-27,1.8346259593963623
1989-03-28,1.849786877632141
1989-03-29,1.849786877632141
1989-03-30,1.861159086227417
1989-03-31,1.8725318908691408
1989-04-03,1.902854800224304
1989-04-04,1.933179497718811
1989-04-05,1.933179497718811
1989-04-06,1.963503360748291
1989-04-07,1.9786659479141235
1989-04-10,2.0241520404815674
1989-04-11,2.0620572566986084
1989-04-12,2.0696380138397217
1989-04-13,2.0696380138397217
1989-04-14,2.073429822921753
1989-04-17,2.0620572566986084
1989-04-18,2.0696380138397217
1989-04-19,2.084801435470581
1989-04-20,2.0620572566986084
1989-04-21,2.0468966960906982
1989-04-24,2.0468966960906982
1989-04-25,2.054476737976074
1989-04-26,2.0923826694488525
1989-04-27,2.099963903427124
1989-04-28,2.099963903427124
1989-05-01,2.084801435470581
1989-05-02,2.0923826694488525
1989-05-03,2.054476737976074
1989-05-04,2.054476737976074
1989-05-05,2.0468966960906982
1989-05-08,2.0241520404815674
1989-05-09,2.016571521759033
1989-05-10,2.016571521759033
1989-05-11,2.016571521759033
1989-05-12,2.0620572566986084
1989-05-15,2.054476737976074
1989-05-16,2.0696380138397217
1989-05-17,2.054476737976074
1989-05-18,2.0620572566986084
1989-05-19,2.0772199630737305
1989-05-22,2.0923826694488525
1989-05-23,2.084801435470581
1989-05-24,2.0923826694488525
1989-05-25,2.0923826694488525
1989-05-26,2.0923826694488525
1989-05-30,2.107543706893921
1989-05-31,2.099963903427124
1989-06-01,2.12270736694336
1989-06-02,2.1530299186706543
1989-06-05,2.160612106323242
1989-06-06,2.1681928634643555
1989-06-07,2.190936326980591
1989-06-08,2.206098794937134
1989-06-09,2.206098794937134
1989-06-12,2.206098794937134
1989-06-13,2.190936326980591
1989-06-14,2.206098794937134
1989-06-15,2.1985180377960205
1989-06-16,2.190936326980591
1989-06-19,2.215073347091675
1989-06-20,2.192158460617065
1989-06-21,2.192158460617065
1989-06-22,2.2074339389801025
1989-06-23,2.2074339389801025
1989-06-26,2.203615188598633
1989-06-27,2.215073347091675
1989-06-28,2.215073347091675
1989-06-29,2.2074339389801025
1989-06-30,2.2074339389801025
1989-07-03,2.215073347091675
1989-07-05,2.2074339389801025
1989-07-06,2.215073347091675
1989-07-07,2.2227110862731934
1989-07-10,2.2227110862731934
1989-07-11,2.241804599761963
1989-07-12,2.2379887104034424
1989-07-13,2.2609012126922607
1989-07-14,2.291455745697021
1989-07-17,2.3067309856414795
1989-07-18,2.3067309856414795
1989-07-19,2.3067309856414795
1989-07-20,2.3067309856414795
1989-07-21,2.314369201660156
1989-07-24,2.24562668800354
1989-07-25,2.226529598236084
1989-07-26,2.253263235092163
1989-07-27,2.24562668800354
1989-07-28,2.24562668800354
1989-07-31,2.2609012126922607
1989-08-01,2.268538475036621
1989-08-02,2.2838165760040283
1989-08-03,2.2761781215667725
1989-08-04,2.2761781215667725
1989-08-07,2.2838165760040283
1989-08-08,2.2761781215667725
1989-08-09,2.268538475036621
1989-08-10,2.2799980640411377
1989-08-11,2.291455745697021
1989-08-14,2.268538475036621
1989-08-15,2.2761781215667725
1989-08-16,2.299093246459961
1989-08-17,2.2838165760040283
1989-08-18,2.2838165760040283
1989-08-21,2.291455745697021
1989-08-22,2.291455745697021
1989-08-23,2.299093246459961
1989-08-24,2.299093246459961
1989-08-25,2.314369201660156
1989-08-28,2.322007656097412
1989-08-29,2.333465576171875
1989-08-30,2.33728289604187
1989-08-31,2.3449223041534424
1989-09-01,2.3640177249908447
1989-09-05,2.3907501697540283
1989-09-06,2.3907501697540283
1989-09-07,2.4060277938842773
1989-09-08,2.3907501697540283
1989-09-11,2.3983895778656006
1989-09-12,2.417484998703003
1989-09-13,2.4060277938842773
1989-09-14,2.4136667251586914
1989-09-15,2.428941488265991
1989-09-18,2.48400616645813
1989-09-19,2.499386072158813
1989-09-20,2.49169659614563
1989-09-21,2.495542287826538
1989-09-22,2.507076025009156
1989-09-25,2.5032317638397217
1989-09-26,2.4763145446777344
1989-09-27,2.468625068664551
1989-09-28,2.464778423309326
1989-09-29,2.4763145446777344
1989-10-02,2.507076025009156
1989-10-03,2.522456645965576
1989-10-04,2.533994197845459
1989-10-05,2.537839651107788
1989-10-06,2.522456645965576
1989-10-09,2.537839651107788
1989-10-10,2.522456645965576
1989-10-11,2.522456645965576
1989-10-12,2.5147671699523926
1989-10-13,2.468625068664551
1989-10-16,2.407100200653076
1989-10-17,2.391720056533813
1989-10-18,2.3840293884277344
1989-10-19,2.4147915840148926
1989-10-20,2.445552349090576
1989-10-23,2.407100200653076
1989-10-24,2.3840293884277344
1989-10-25,2.360959053039551
1989-10-26,2.3763394355773926
1989-10-27,2.3840293884277344
1989-10-30,2.3840293884277344
1989-10-31,2.3840293884277344
1989-11-01,2.3763394355773926
1989-11-02,2.3840293884277344
1989-11-03,2.3763394355773926
1989-11-06,2.368648290634156
1989-11-07,2.3763394355773926
1989-11-08,2.3763394355773926
1989-11-09,2.3763394355773926
1989-11-10,2.3840293884277344
1989-11-13,2.407100200653076
1989-11-14,2.391720056533813
1989-11-15,2.391720056533813
1989-11-16,2.4147915840148926
1989-11-17,2.4147915840148926
1989-11-20,2.4147915840148926
1989-11-21,2.422482252120972
1989-11-22,2.422482252120972
1989-11-24,2.430173397064209
1989-11-27,2.445552349090576
1989-11-28,2.445552349090576
1989-11-29,2.430173397064209
1989-11-30,2.445552349090576
1989-12-01,2.453243494033813
1989-12-04,2.453243494033813
1989-12-05,2.453243494033813
1989-12-06,2.460934638977051
1989-12-07,2.445552349090576
1989-12-08,2.460934638977051
1989-12-11,2.445552349090576
1989-12-12,2.453243494033813
1989-12-13,2.445552349090576
1989-12-14,2.445552349090576
1989-12-15,2.445552349090576
1989-12-18,2.415820598602295
1989-12-19,2.384848356246948
1989-12-20,2.3925907611846924
1989-12-21,2.415820598602295
1989-12-22,2.423563241958618
1989-12-26,2.415820598602295
1989-12-27,2.423563241958618
1989-12-28,2.423563241958618
1989-12-29,2.462277889251709
1990-01-02,2.462277889251709
1990-01-03,2.4855077266693115
1990-01-04,2.500993490219116
1990-01-05,2.500993490219116
1990-01-08,2.500993490219116
1990-01-09,2.500993490219116
1990-01-10,2.493249893188477
1990-01-11,2.4893784523010254
1990-01-12,2.4467928409576416
1990-01-15,2.4467928409576416
1990-01-16,2.415820598602295
1990-01-17,2.4313061237335205
1990-01-18,2.4467928409576416
1990-01-19,2.439048767089844
1990-01-22,2.4313061237335205
1990-01-23,2.4313061237335205
1990-01-24,2.377105474472046
1990-01-25,2.377105474472046
1990-01-26,2.377105474472046
1990-01-29,2.346132040023804
1990-01-30,2.299675226211548
1990-01-31,2.322904109954834
1990-02-01,2.3151609897613525
1990-02-02,2.307417631149292
1990-02-05,2.338387489318848
1990-02-06,2.322904109954834
1990-02-07,2.31903338432312
1990-02-08,2.29193115234375
1990-02-09,2.29193115234375
1990-02-12,2.29193115234375
1990-02-13,2.268702507019043
1990-02-14,2.264832258224488
1990-02-15,2.307417631149292
1990-02-16,2.3306469917297363
1990-02-20,2.307417631149292
1990-02-21,2.307417631149292
1990-02-22,2.307417631149292
1990-02-23,2.3306469917297363
1990-02-26,2.3112902641296387
1990-02-27,2.353876829147339
1990-02-28,2.377105474472046
1990-03-01,2.442920923233032
1990-03-02,2.4313061237335205
1990-03-05,2.408077001571656
1990-03-06,2.384848356246948
1990-03-07,2.377105474472046
1990-03-08,2.377105474472046
1990-03-09,2.3693618774414062
1990-03-12,2.338387489318848
1990-03-13,2.299675226211548
1990-03-14,2.3035476207733154
1990-03-15,2.322904109954834
1990-03-16,2.3267757892608643
1990-03-19,2.3341143131256104
1990-03-20,2.3263072967529297
1990-03-21,2.3497257232666016
1990-03-22,2.3341143131256104
1990-03-23,2.318500518798828
1990-03-26,2.318500518798828
1990-03-27,2.302887439727783
1990-03-28,2.302887439727783
1990-03-29,2.357530117034912
1990-03-30,2.3887572288513184
1990-04-02,2.3653383255004883
1990-04-03,2.419984102249145
1990-04-04,2.404371500015259
1990-04-05,2.404371500015259
1990-04-06,2.341919422149658
1990-04-09,2.341919422149658
1990-04-10,2.341919422149658
1990-04-11,2.3341143131256104
1990-04-12,2.3263072967529297
1990-04-16,2.3263072967529297
1990-04-17,2.3341143131256104
1990-04-18,2.341919422149658
1990-04-19,2.341919422149658
1990-04-20,2.3341143131256104
1990-04-23,2.310694694519043
1990-04-24,2.2872753143310547
1990-04-25,2.271661758422852
1990-04-26,2.24043607711792
1990-04-27,2.24043607711792
1990-04-30,2.224822759628296
1990-05-01,2.224822759628296
1990-05-02,2.2521445751190186
1990-05-03,2.263855457305908
1990-05-04,2.279469013214112
1990-05-07,2.310694694519043
1990-05-08,2.3341143131256104
1990-05-09,2.302887439727783
1990-05-10,2.295081377029419
1990-05-11,2.291178226470948
1990-05-14,2.3341143131256104
1990-05-15,2.318500518798828
1990-05-16,2.3341143131256104
1990-05-17,2.3731460571289062
1990-05-18,2.3731460571289062
1990-05-21,2.3809518814086914
1990-05-22,2.419984102249145
1990-05-23,2.427790403366089
1990-05-24,2.412177562713623
1990-05-25,2.435596704483032
1990-05-29,2.435596704483032
1990-05-30,2.466822862625122
1990-05-31,2.529272079467773
1990-06-01,2.529272079467773
1990-06-04,2.560498237609864
1990-06-05,2.560498237609864
1990-06-06,2.5214667320251465
1990-06-07,2.537078619003296
1990-06-08,2.529272079467773
1990-06-11,2.544886827468872
1990-06-12,2.6229498386383057
1990-06-13,2.646369695663452
1990-06-14,2.6697888374328613
1990-06-15,2.6775941848754883
1990-06-18,2.641743421554565
1990-06-19,2.633880138397217
1990-06-20,2.633880138397217
1990-06-21,2.633880138397217
1990-06-22,2.633880138397217
1990-06-25,2.610292911529541
1990-06-26,2.602430582046509
1990-06-27,2.586707830429077
1990-06-28,2.570981979370117
1990-06-29,2.563119649887085
1990-07-02,2.55918836593628
1990-07-03,2.55525803565979
1990-07-05,2.5316712856292725
1990-07-06,2.50808334350586
1990-07-09,2.5316712856292725
1990-07-10,2.5316712856292725
1990-07-11,2.5238075256347656
1990-07-12,2.563119649887085
1990-07-13,2.602430582046509
1990-07-16,2.6496059894561768
1990-07-17,2.681055784225464
1990-07-18,2.6731927394866943
1990-07-19,2.6613991260528564
1990-07-20,2.6731927394866943
1990-07-23,2.665329933166504
1990-07-24,2.696779727935791
1990-07-25,2.7911272048950195
1990-07-26,2.7989890575408936
1990-07-27,2.7518150806427
1990-07-30,2.696779727935791
1990-07-31,2.720365762710572
1990-08-01,2.7046406269073486
1990-08-02,2.720365762710572
1990-08-03,2.720365762710572
1990-08-06,2.684986114501953
1990-08-07,2.665329933166504
1990-08-08,2.657466173171997
1990-08-09,2.70857310295105
1990-08-10,2.720365762710572
1990-08-13,2.7046406269073486
1990-08-14,2.7046406269073486
1990-08-15,2.72822904586792
1990-08-16,2.712503433227539
1990-08-17,2.712503433227539
1990-08-20,2.696779727935791
1990-08-21,2.641743421554565
1990-08-22,2.626017093658448
1990-08-23,2.55918836593628
1990-08-24,2.563119649887085
1990-08-27,2.578843832015991
1990-08-28,2.594568014144897
1990-08-29,2.594568014144897
1990-08-30,2.594568014144897
1990-08-31,2.618154764175415
1990-09-04,2.633880138397217
1990-09-05,2.68891716003418
1990-09-06,2.681055784225464
1990-09-07,2.720365762710572
1990-09-10,2.7675392627716064
1990-09-11,2.8107826709747314
1990-09-12,2.7675392627716064
1990-09-13,2.7046406269073486
1990-09-14,2.68891716003418
1990-09-17,2.7319955825805664
1990-09-18,2.747833490371704
1990-09-19,2.7557523250579834
1990-09-20,2.767630100250244
1990-09-21,2.644887924194336
1990-09-24,2.549863338470459
1990-09-25,2.4746346473693848
1990-09-26,2.3202168941497803
1990-09-27,2.3122992515563965
1990-09-28,2.2845799922943115
1990-10-01,2.3122992515563965
1990-10-02,2.217271566390991
1990-10-03,2.217271566390991
1990-10-04,2.201432228088379
1990-10-05,2.074732542037964
1990-10-08,2.1143269538879395
1990-10-09,2.130164623260498
1990-10-10,2.130164623260498
1990-10-11,2.0588948726654053
1990-10-12,2.0905706882476807
1990-10-15,2.256865262985229
1990-10-16,2.383566379547119
1990-10-17,2.3202168941497803
1990-10-18,2.2964584827423096
1990-10-19,2.264785051345825
1990-10-22,2.256865262985229
1990-10-23,2.3043787479400635
1990-10-24,2.3122992515563965
1990-10-25,2.260825634002685
1990-10-26,2.1855971813201904
1990-10-29,2.1697587966918945
1990-10-30,2.130164623260498
1990-10-31,2.201432228088379
1990-11-01,2.209352493286133
1990-11-02,2.2727038860321045
1990-11-05,2.3122992515563965
1990-11-06,2.3043787479400635
1990-11-07,2.2806222438812256
1990-11-08,2.2964584827423096
1990-11-09,2.37564754486084
1990-11-12,2.415242910385132
1990-11-13,2.438998222351074
1990-11-14,2.4627556800842285
1990-11-15,2.438998222351074
1990-11-16,2.423160552978516
1990-11-19,2.486512899398804
1990-11-20,2.541943550109864
1990-11-21,2.518186092376709
1990-11-23,2.518186092376709
1990-11-26,2.518186092376709
1990-11-27,2.5815374851226807
1990-11-28,2.5815374851226807
1990-11-29,2.5261058807373047
1990-11-30,2.5261058807373047
1990-12-03,2.5459022521972656
1990-12-04,2.5657012462615967
1990-12-05,2.644887924194336
1990-12-06,2.6765623092651367
1990-12-07,2.668644905090332
1990-12-10,2.6488468647003174
1990-12-11,2.636968851089477
1990-12-12,2.6844823360443115
1990-12-13,2.7557523250579834
1990-12-14,2.7240753173828125
1990-12-17,2.7036609649658203
1990-12-18,2.735560894012451
1990-12-19,2.707646131515503
1990-12-20,2.6956820487976074
1990-12-21,2.6717560291290283
1990-12-24,2.6717560291290283
1990-12-26,2.6717560291290283
1990-12-27,2.6717560291290283
1990-12-28,2.7196102142333984
1990-12-31,2.6797332763671875
1991-01-02,2.623905658721924
1991-01-03,2.552126169204712
1991-01-04,2.544150829315185
1991-01-07,2.528200626373291
1991-01-08,2.520226240158081
1991-01-09,2.488323926925659
1991-01-10,2.520226240158081
1991-01-11,2.496298551559448
1991-01-14,2.4803473949432373
1991-01-15,2.4803473949432373
1991-01-16,2.520226240158081
1991-01-17,2.584029197692871
1991-01-18,2.584029197692871
1991-01-21,2.631880521774292
1991-01-22,2.6717560291290283
1991-01-23,2.6797332763671875
1991-01-24,2.7275850772857666
1991-01-25,2.711635112762451
1991-01-28,2.6956820487976074
1991-01-29,2.735560894012451
1991-01-30,2.7196102142333984
1991-01-31,2.759486675262451
1991-02-01,2.807340383529663
1991-02-04,2.9030442237854004
1991-02-05,2.9987494945526123
1991-02-06,2.990773200988769
1991-02-07,2.8551909923553467
1991-02-08,2.871143102645874
1991-02-11,2.8551909923553467
1991-02-12,2.8791182041168213
1991-02-13,2.934945821762085
1991-02-14,2.950896739959717
1991-02-15,2.9987494945526123
1991-02-19,2.966846942901612
1991-02-20,2.954884529113769
1991-02-21,2.9748215675354004
1991-02-22,2.966846942901612
1991-02-25,3.0306501388549805
1991-02-26,2.9987494945526123
1991-02-27,3.0466020107269287
1991-02-28,3.0625522136688232
1991-03-01,3.0306501388549805
1991-03-04,3.0466020107269287
1991-03-05,3.142306566238404
1991-03-06,3.110405683517456
1991-03-07,3.0944528579711914
1991-03-08,3.174208402633667
1991-03-11,3.118379592895508
1991-03-12,3.0705273151397705
1991-03-13,3.086480140686035
1991-03-14,3.0306501388549805
1991-03-15,3.0186855792999268
1991-03-18,3.0405375957489014
1991-03-19,2.93209171295166
1991-03-20,2.992337703704834
1991-03-21,3.020454168319702
1991-03-22,3.0365209579467773
1991-03-25,3.0365209579467773
1991-03-26,3.0365209579467773
1991-03-27,3.165050506591797
1991-03-28,3.14898419380188
1991-04-01,3.1690666675567627
1991-04-02,3.3016140460968018
1991-04-03,3.261447668075561
1991-04-04,3.325713396072388
1991-04-05,3.2132513523101807
1991-04-08,3.2132513523101807
1991-04-09,3.165050506591797
1991-04-10,3.132919788360596
1991-04-11,3.165050506591797
1991-04-12,3.1971824169158936
1991-04-15,3.24538516998291
1991-04-16,3.24538516998291
1991-04-17,3.2253005504608154
1991-04-18,3.229316711425781
1991-04-19,3.2694809436798096
1991-04-22,3.24538516998291
1991-04-23,3.2775144577026367
1991-04-24,3.389978408813477
1991-04-25,3.389978408813477
1991-04-26,3.373910665512085
1991-04-29,3.3578453063964844
1991-04-30,3.3980116844177246
1991-05-01,3.422112464904785
1991-05-02,3.4301462173461914
1991-05-03,3.4140775203704834
1991-05-06,3.4140775203704834
1991-05-07,3.438178062438965
1991-05-08,3.470310688018799
1991-05-09,3.590805768966675
1991-05-10,3.6510534286499023
1991-05-13,3.5827748775482178
1991-05-14,3.606874465942383
1991-05-15,3.606874465942383
1991-05-16,3.590805768966675
1991-05-17,3.6028573513031006
1991-05-20,3.6149051189422607
1991-05-21,3.6149051189422607
1991-05-22,3.622941017150879
1991-05-23,3.6149051189422607
1991-05-24,3.5827748775482178
1991-05-28,3.590805768966675
1991-05-29,3.630971670150757
1991-05-30,3.590805768966675
1991-05-31,3.598839521408081
1991-06-03,3.5506410598754883
1991-06-04,3.566709041595459
1991-06-05,3.566709041595459
1991-06-06,3.570726156234741
1991-06-07,3.5345754623413086
1991-06-10,3.530557632446289
1991-06-11,3.5104756355285645
1991-06-12,3.502441167831421
1991-06-13,3.5345754623413086
1991-06-14,3.52252459526062
1991-06-17,3.588973045349121
1991-06-18,3.588973045349121
1991-06-19,3.5485551357269287
1991-06-20,3.556637048721313
1991-06-21,3.556637048721313
1991-06-24,3.5647189617156982
1991-06-25,3.6213033199310303
1991-06-26,3.625345706939697
1991-06-27,3.653635740280152
1991-06-28,3.6697998046875
1991-07-01,3.645554304122925
1991-07-02,3.6697998046875
1991-07-03,3.698091506958008
1991-07-05,3.685969114303589
1991-07-08,3.653635740280152
1991-07-09,3.685969114303589
1991-07-10,3.734469175338745
1991-07-11,3.7021350860595694
1991-07-12,3.653635740280152
1991-07-15,3.661718606948853
1991-07-16,3.710219144821167
1991-07-17,3.710219144821167
1991-07-18,3.7021350860595694
1991-07-19,3.677884578704834
1991-07-22,3.750635147094727
1991-07-23,3.710219144821167
1991-07-24,3.7021350860595694
1991-07-25,3.653635740280152
1991-07-26,3.572803974151612
1991-07-29,3.588973045349121
1991-07-30,3.6213033199310303
1991-07-31,3.6697998046875
1991-08-01,3.6697998046875
1991-08-02,3.6697998046875
1991-08-05,3.653635740280152
1991-08-06,3.7021350860595694
1991-08-07,3.734469175338745
1991-08-08,3.7021350860595694
1991-08-09,3.750635147094727
1991-08-12,3.7021350860595694
1991-08-13,3.742551565170288
1991-08-14,3.76680040359497
1991-08-15,3.815300703048706
1991-08-16,3.863798141479492
1991-08-19,3.807219028472901
1991-08-20,3.815300703048706
1991-08-21,3.936549663543701
1991-08-22,3.9527156352996826
1991-08-23,3.9527156352996826
1991-08-26,3.9688832759857178
1991-08-27,3.9688832759857178
1991-08-28,3.9163410663604736
1991-08-29,3.82338547706604
1991-08-30,3.76680040359497
1991-09-03,3.76680040359497
1991-09-04,3.734469175338745
1991-09-05,3.782970666885376
1991-09-06,3.742551565170288
1991-09-09,3.7748868465423584
1991-09-10,3.742551565170288
1991-09-11,3.76680040359497
1991-09-12,3.742551565170288
1991-09-13,3.758718729019165
1991-09-16,3.732050657272339
1991-09-17,3.756443500518799
1991-09-18,3.756443500518799
1991-09-19,3.740176916122437
1991-09-20,3.727983474731445
1991-09-23,3.740176916122437
1991-09-24,3.740176916122437
1991-09-25,3.736114263534546
1991-09-26,3.736114263534546
1991-09-27,3.740176916122437
1991-09-30,3.740176916122437
1991-10-01,3.756443500518799
1991-10-02,3.805228471755981
1991-10-03,3.8377487659454346
1991-10-04,3.821486711502075
1991-10-07,3.788964033126831
1991-10-08,3.813357591629028
1991-10-09,3.77270245552063
1991-10-10,3.805228471755981
1991-10-11,3.764573335647583
1991-10-14,3.756443500518799
1991-10-15,3.77270245552063
1991-10-16,3.764573335647583
1991-10-17,3.764573335647583
1991-10-18,3.797095537185669
1991-10-21,3.797095537185669
1991-10-22,3.748309373855591
1991-10-23,3.610087633132935
1991-10-24,3.6019561290740967
1991-10-25,3.6263482570648193
1991-10-28,3.6019561290740967
1991-10-29,3.6263482570648193
1991-10-30,3.5613012313842773
1991-10-31,3.5856940746307373
1991-11-01,3.5775623321533203
1991-11-04,3.5775623321533203
1991-11-05,3.54504132270813
1991-11-06,3.54504132270813
1991-11-07,3.504385471343994
1991-11-08,3.5775623321533203
1991-11-11,3.667004346847534
1991-11-12,3.6344804763793945
1991-11-13,3.642611265182495
1991-11-14,3.642611265182495
1991-11-15,3.650743246078491
1991-11-18,3.6588714122772217
1991-11-19,3.6019561290740967
1991-11-20,3.610087633132935
1991-11-21,3.6263482570648193
1991-11-22,3.6263482570648193
1991-11-25,3.6019561290740967
1991-11-26,3.6588714122772217
1991-11-27,3.6019561290740967
1991-11-29,3.593825578689575
1991-12-02,3.593825578689575
1991-12-03,3.618218421936035
1991-12-04,3.5775623321533203
1991-12-05,3.610087633132935
1991-12-06,3.6019561290740967
1991-12-09,3.6263482570648193
1991-12-10,3.5856940746307373
1991-12-11,3.6222825050354
1991-12-12,3.6263482570648193
1991-12-13,3.610087633132935
1991-12-16,3.6323413848876953
1991-12-17,3.615977287292481
1991-12-18,3.566890954971313
1991-12-19,3.5996155738830566
1991-12-20,3.5914363861083984
1991-12-23,3.615977287292481
1991-12-24,3.566890954971313
1991-12-26,3.615977287292481
1991-12-27,3.5587100982666016
1991-12-30,3.5014429092407227
1991-12-31,3.517805814743042
1992-01-02,3.5096261501312256
1992-01-03,3.566890954971313
1992-01-06,3.615977287292481
1992-01-07,3.76323127746582
1992-01-08,3.877765893936157
1992-01-09,3.910490274429321
1992-01-10,3.943217277526856
1992-01-13,3.943217277526856
1992-01-14,3.9677577018737793
1992-01-15,3.902309894561768
1992-01-16,3.894129753112793
1992-01-17,3.894129753112793
1992-01-20,3.894129753112793
1992-01-21,3.861402750015259
1992-01-22,3.894129753112793
1992-01-23,3.877765893936157
1992-01-24,3.9268529415130615
1992-01-27,3.910490274429321
1992-01-28,3.894129753112793
1992-01-29,3.861402750015259
1992-01-30,3.9268529415130615
1992-01-31,3.943217277526856
1992-02-03,3.9759390354156494
1992-02-04,3.9759390354156494
1992-02-05,3.9595775604248047
1992-02-06,3.9759390354156494
1992-02-07,4.008662700653076
1992-02-10,3.943217277526856
1992-02-11,3.861402750015259
1992-02-12,3.845042943954468
1992-02-13,3.8859479427337646
1992-02-14,3.8286848068237305
1992-02-18,3.665063142776489
1992-02-19,3.714148759841919
1992-02-20,3.746872663497925
1992-02-21,3.755054712295532
1992-02-24,3.755054712295532
1992-02-25,3.8123199939727774
1992-02-26,3.910490274429321
1992-02-27,3.922764301300049
1992-02-28,3.86958384513855
1992-03-02,3.9268529415130615
1992-03-03,3.877765893936157
1992-03-04,3.861402750015259
1992-03-05,3.804138422012329
1992-03-06,3.779597759246826
1992-03-09,3.697787523269653
1992-03-10,3.76323127746582
1992-03-11,3.714148759841919
1992-03-12,3.7182388305664062
1992-03-13,3.714148759841919
1992-03-16,3.805076122283936
1992-03-17,3.739187002182007
1992-03-18,3.739187002182007
1992-03-19,3.805076122283936
1992-03-20,3.8297836780548096
1992-03-23,3.805076122283936
1992-03-24,3.854493141174317
1992-03-25,3.903907537460327
1992-03-26,3.969799280166626
1992-03-27,3.969799280166626
1992-03-30,3.969799280166626
1992-03-31,3.961561441421509
1992-04-01,3.969799280166626
1992-04-02,4.002740859985352
1992-04-03,3.969799280166626
1992-04-06,4.093336582183838
1992-04-07,4.118044853210449
1992-04-08,4.068628311157227
1992-04-09,4.085103988647461
1992-04-10,4.118044853210449
1992-04-13,4.159226417541504
1992-04-14,4.282768249511719
1992-04-15,4.389837265014648
1992-04-16,4.323948860168457
1992-04-20,4.291007041931152
1992-04-21,4.249824047088623
1992-04-22,4.282768249511719
1992-04-23,4.282768249511719
1992-04-24,4.262179374694824
1992-04-27,4.307476043701172
1992-04-28,4.282768249511719
1992-04-29,4.266296863555908
1992-04-30,4.109809398651123
1992-05-01,4.068628311157227
1992-05-04,4.183935165405273
1992-05-05,4.183935165405273
1992-05-06,4.220996379852295
1992-05-07,4.225115776062012
1992-05-08,4.249824047088623
1992-05-11,4.266296863555908
1992-05-12,4.274532794952393
1992-05-13,4.249824047088623
1992-05-14,4.249824047088623
1992-05-15,4.183935165405273
1992-05-18,4.311596870422363
1992-05-19,4.348658561706543
1992-05-20,4.37336540222168
1992-05-21,4.348658561706543
1992-05-22,4.323948860168457
1992-05-26,4.348658561706543
1992-05-27,4.299239635467529
1992-05-28,4.348658561706543
1992-05-29,4.398077487945557
1992-06-01,4.398077487945557
1992-06-02,4.4227800369262695
1992-06-03,4.398077487945557
1992-06-04,4.385720252990723
1992-06-05,4.4474921226501465
1992-06-08,4.472200870513916
1992-06-09,4.398077487945557
1992-06-10,4.398077487945557
1992-06-11,4.398077487945557
1992-06-12,4.4227800369262695
1992-06-15,4.436203002929688
1992-06-16,4.473484039306641
1992-06-17,4.423779487609863
1992-06-18,4.262232780456543
1992-06-19,4.274658203125
1992-06-22,4.200104713439941
1992-06-23,4.237379550933838
1992-06-24,4.274658203125
1992-06-25,4.274658203125
1992-06-26,4.311939716339111
1992-06-29,4.349216938018799
1992-06-30,4.349216938018799
1992-07-01,4.37407112121582
1992-07-02,4.37407112121582
1992-07-06,4.37407112121582
1992-07-07,4.398922920227051
1992-07-08,4.523189067840576
1992-07-09,4.697153568267822
1992-07-10,4.796569347381592
1992-07-13,4.796569347381592
1992-07-14,4.697153568267822
1992-07-15,4.647452831268311
1992-07-16,4.72200870513916
1992-07-17,4.796569347381592
1992-07-20,4.796569347381592
1992-07-21,4.72200870513916
1992-07-22,4.697153568267822
1992-07-23,4.746861457824707
1992-07-24,4.72200870513916
1992-07-27,4.709583759307861
1992-07-28,4.771711826324463
1992-07-29,4.771711826324463
1992-07-30,4.72200870513916
1992-07-31,4.697153568267822
1992-08-03,4.697153568267822
1992-08-04,4.647452831268311
1992-08-05,4.6225996017456055
1992-08-06,4.54803991317749
1992-08-07,4.6225996017456055
1992-08-10,4.647452831268311
1992-08-11,4.746861457824707
1992-08-12,4.821420669555664
1992-08-13,4.796569347381592
1992-08-14,4.808994293212891
1992-08-17,4.833844661712647
1992-08-18,4.995388984680176
1992-08-19,4.995388984680176
1992-08-20,5.020242691040039
1992-08-21,4.895976543426514
1992-08-24,4.821420669555664
1992-08-25,4.8711256980896
1992-08-26,4.970534801483154
1992-08-27,4.970534801483154
1992-08-28,4.895976543426514
1992-08-31,4.846271991729736
1992-09-01,4.846271991729736
1992-09-02,4.846271991729736
1992-09-03,4.8711256980896
1992-09-04,4.895976543426514
1992-09-08,4.895976543426514
1992-09-09,4.920830249786377
1992-09-10,4.8711256980896
1992-09-11,4.883550643920898
1992-09-14,4.8970441818237305
1992-09-15,4.8970441818237305
1992-09-16,4.847074031829834
1992-09-17,4.8970441818237305
1992-09-18,4.8845534324646
1992-09-21,4.922027587890625
1992-09-22,4.8970441818237305
1992-09-23,4.8970441818237305
1992-09-24,4.971999168395996
1992-09-25,5.021968841552734
1992-09-28,4.947012901306152
1992-09-29,5.0719380378723145
1992-09-30,5.271815776824951
1992-10-01,5.496681213378906
1992-10-02,5.446712017059326
1992-10-05,5.421725273132324
1992-10-06,5.546651363372803
1992-10-07,5.696557998657227
1992-10-08,5.771515369415283
1992-10-09,5.746531486511231
1992-10-12,5.771515369415283
1992-10-13,5.671576023101807
1992-10-14,5.6465911865234375
1992-10-15,5.621604919433594
1992-10-16,5.671576023101807
1992-10-19,5.6465911865234375
1992-10-20,5.496681213378906
1992-10-21,5.546651363372803
1992-10-22,5.521664142608643
1992-10-23,5.471696376800537
1992-10-26,5.521664142608643
1992-10-27,5.571637630462647
1992-10-28,5.621604919433594
1992-10-29,5.546651363372803
1992-10-30,5.546651363372803
1992-11-02,5.559141635894775
1992-11-03,5.596621513366699
1992-11-04,5.596621513366699
1992-11-05,5.621604919433594
1992-11-06,5.559141635894775
1992-11-09,5.671576023101807
1992-11-10,5.721543788909912
1992-11-11,5.746531486511231
1992-11-12,5.871456146240234
1992-11-13,5.996379375457764
1992-11-16,6.021361827850342
1992-11-17,6.146286487579346
1992-11-18,6.096317291259766
1992-11-19,5.921423435211182
1992-11-20,5.9713945388793945
1992-11-23,6.046346664428711
1992-11-24,5.996379375457764
1992-11-25,6.108811378479004
1992-11-27,6.133796215057373
1992-11-30,6.133796215057373
1992-12-01,6.121303558349609
1992-12-02,6.121303558349609
1992-12-03,6.171269416809082
1992-12-04,6.171269416809082
1992-12-07,6.146286487579346
1992-12-08,6.096317291259766
1992-12-09,5.9713945388793945
1992-12-10,6.021361827850342
1992-12-11,5.946409225463867
1992-12-14,6.022696971893311
1992-12-15,6.047789573669434
1992-12-16,6.072883605957031
1992-12-17,5.972507953643799
1992-12-18,5.897224426269531
1992-12-21,5.9223175048828125
1992-12-22,6.047789573669434
1992-12-23,6.022696971893311
1992-12-24,6.072883605957031
1992-12-28,6.022696971893311
1992-12-29,5.997602939605713
1992-12-30,6.047789573669434
1992-12-31,6.14816951751709
1993-01-04,6.123074531555176
1993-01-05,6.047789573669434
1993-01-06,6.047789573669434
1993-01-07,6.047789573669434
1993-01-08,6.010152339935303
1993-01-11,6.022696971893311
1993-01-12,5.947412490844727
1993-01-13,5.972507953643799
1993-01-14,5.934864044189453
1993-01-15,5.909769058227539
1993-01-18,5.972507953643799
1993-01-19,5.972507953643799
1993-01-20,5.972507953643799
1993-01-21,5.9223175048828125
1993-01-22,5.947412490844727
1993-01-25,5.934864044189453
1993-01-26,5.947412490844727
1993-01-27,5.9223175048828125
1993-01-28,5.9223175048828125
1993-01-29,5.897224426269531
1993-02-01,5.897224426269531
1993-02-02,6.085432529449463
1993-02-03,6.323831081390381
1993-02-04,6.424212455749512
1993-02-05,6.24854850769043
1993-02-08,6.123074531555176
1993-02-09,6.24854850769043
1993-02-10,6.273642063140869
1993-02-11,6.298737049102783
1993-02-12,6.323831081390381
1993-02-16,6.24854850769043
1993-02-17,6.198355197906494
1993-02-18,6.223452568054199
1993-02-19,6.223452568054199
1993-02-22,6.24854850769043
1993-02-23,6.223452568054199
1993-02-24,6.173262596130371
1993-02-25,6.185811996459961
1993-02-26,6.173262596130371
1993-03-01,6.173262596130371
1993-03-02,6.173262596130371
1993-03-03,6.23599910736084
1993-03-04,6.24854850769043
1993-03-05,6.348929405212402
1993-03-08,6.4994940757751465
1993-03-09,6.5747785568237305
1993-03-10,6.4994940757751465
1993-03-11,6.6249680519104
1993-03-12,6.474398612976074
1993-03-15,6.427013874053955
1993-03-16,6.452220916748047
1993-03-17,6.32620096206665
1993-03-18,6.401812076568604
1993-03-19,6.351402282714844
1993-03-22,6.32620096206665
1993-03-23,6.2505879402160645
1993-03-24,6.32620096206665
1993-03-25,6.275793552398682
1993-03-26,6.300995349884033
1993-03-29,6.174975872039795
1993-03-30,6.137169361114502
1993-03-31,6.200178146362305
1993-04-01,6.225380420684815
1993-04-02,6.174975872039795
1993-04-05,6.149770259857178
1993-04-06,6.137169361114502
1993-04-07,6.1875762939453125
1993-04-08,6.225380420684815
1993-04-12,6.32620096206665
1993-04-13,6.364008903503418
1993-04-14,6.1875762939453125
1993-04-15,6.174975872039795
1993-04-16,6.174975872039795
1993-04-19,6.099361896514893
1993-04-20,6.074156284332275
1993-04-21,6.023752212524414
1993-04-22,5.948138236999512
1993-04-23,5.922936916351318
1993-04-26,5.910336494445801
1993-04-27,5.822120666503906
1993-04-28,5.771710395812988
1993-04-29,5.897732734680176
1993-04-30,5.948138236999512
1993-05-03,5.859924793243408
1993-05-04,5.948138236999512
1993-05-05,5.922936916351318
1993-05-06,5.897732734680176
1993-05-07,5.746506214141846
1993-05-10,5.771710395812988
1993-05-11,5.822120666503906
1993-05-12,5.746506214141846
1993-05-13,5.696102619171143
1993-05-14,5.494468688964844
1993-05-17,5.217226028442383
1993-05-18,5.141611099243164
1993-05-19,5.444060802459717
1993-05-20,5.59528398513794
1993-05-21,5.570080280303955
1993-05-24,5.645693302154541
1993-05-25,5.708702087402344
1993-05-26,5.721303939819336
1993-05-27,5.784313678741455
1993-05-28,5.721303939819336
1993-06-01,5.847325801849365
1993-06-02,5.872529983520508
1993-06-03,5.796918869018555
1993-06-04,5.872529983520508
1993-06-07,5.708702087402344
1993-06-08,5.696102619171143
1993-06-09,5.708702087402344
1993-06-10,5.696102619171143
1993-06-11,5.822120666503906
1993-06-14,5.926466941833496
1993-06-15,6.027773857116699
1993-06-16,6.129080295562744
1993-06-17,6.0531005859375
1993-06-18,5.977118968963623
1993-06-21,6.002447605133057
1993-06-22,5.977118968963623
1993-06-23,6.205064296722412
1993-06-24,6.205064296722412
1993-06-25,6.167070865631104
1993-06-28,6.091092109680176
1993-06-29,5.989782333374023
1993-06-30,5.977118968963623
1993-07-01,5.977118968963623
1993-07-02,5.939131259918213
1993-07-06,5.951789855957031
1993-07-07,6.027773857116699
1993-07-08,6.015111446380615
1993-07-09,6.027773857116699
1993-07-12,5.977118968963623
1993-07-13,6.027773857116699
1993-07-14,6.027773857116699
1993-07-15,5.951789855957031
1993-07-16,5.926466941833496
1993-07-19,5.901139736175537
1993-07-20,5.901139736175537
1993-07-21,5.977118968963623
1993-07-22,5.875813007354736
1993-07-23,5.901139736175537
1993-07-26,5.774507522583008
1993-07-27,5.82515811920166
1993-07-28,5.774507522583008
1993-07-29,5.774507522583008
1993-07-30,5.901139736175537
1993-08-02,6.027773857116699
1993-08-03,6.154406547546387
1993-08-04,6.1417436599731445
1993-08-05,6.091092109680176
1993-08-06,6.103754997253418
1993-08-09,6.07842493057251
1993-08-10,6.065765380859375
1993-08-11,6.103754997253418
1993-08-12,6.07842493057251
1993-08-13,6.002447605133057
1993-08-16,6.002447605133057
1993-08-17,6.0531005859375
1993-08-18,6.0531005859375
1993-08-19,6.0531005859375
1993-08-20,6.015111446380615
1993-08-23,6.0531005859375
1993-08-24,5.977118968963623
1993-08-25,5.977118968963623
1993-08-26,6.0531005859375
1993-08-27,6.0531005859375
1993-08-30,5.989782333374023
1993-08-31,5.901139736175537
1993-09-01,5.901139736175537
1993-09-02,5.91380500793457
1993-09-03,5.926466941833496
1993-09-07,5.901139736175537
1993-09-08,5.951789855957031
1993-09-09,6.0531005859375
1993-09-10,6.154406547546387
1993-09-13,6.157461643218994
1993-09-14,6.132018566131592
1993-09-15,5.97935152053833
1993-09-16,6.055685997009277
1993-09-17,6.030241012573242
1993-09-20,5.992077350616455
1993-09-21,6.017520427703857
1993-09-22,5.992077350616455
1993-09-23,5.890299320220947
1993-09-24,5.813969612121582
1993-09-27,5.801245212554932
1993-09-28,5.775800704956055
1993-09-29,5.852132797241211
1993-09-30,5.775800704956055
1993-10-01,5.775800704956055
1993-10-04,5.775800704956055
1993-10-05,5.788525104522705
1993-10-06,5.801245212554932
1993-10-07,5.801245212554932
1993-10-08,5.801245212554932
1993-10-11,5.852132797241211
1993-10-12,5.877577781677246
1993-10-13,5.877577781677246
1993-10-14,5.97935152053833
1993-10-15,6.017520427703857
1993-10-18,5.953909397125244
1993-10-19,5.877577781677246
1993-10-20,5.801245212554932
1993-10-21,5.826687812805176
1993-10-22,5.903019905090332
1993-10-25,5.903019905090332
1993-10-26,5.928464889526367
1993-10-27,5.852132797241211
1993-10-28,5.928464889526367
1993-10-29,5.903019905090332
1993-11-01,5.852132797241211
1993-11-02,5.928464889526367
1993-11-03,5.903019905090332
1993-11-04,5.864853858947754
1993-11-05,5.839409828186035
1993-11-08,5.877577781677246
1993-11-09,5.928464889526367
1993-11-10,5.826687812805176
1993-11-11,5.813969612121582
1993-11-12,5.69946813583374
1993-11-15,5.597692966461182
1993-11-16,5.394139289855957
1993-11-17,5.34325122833252
1993-11-18,5.368694305419922
1993-11-19,5.394139289855957
1993-11-22,5.292364120483398
1993-11-23,5.305085182189941
1993-11-24,5.292364120483398
1993-11-26,5.292364120483398
1993-11-29,5.292364120483398
1993-11-30,5.292364120483398
1993-12-01,5.3305277824401855
1993-12-02,5.266919136047363
1993-12-03,5.34325122833252
1993-12-06,5.368694305419922
1993-12-07,5.292364120483398
1993-12-08,5.241476058959961
1993-12-09,5.292364120483398
1993-12-10,5.292364120483398
1993-12-13,5.321015357971191
1993-12-14,5.47450590133667
1993-12-15,5.525670528411865
1993-12-16,5.589622020721436
1993-12-17,5.5768327713012695
1993-12-20,5.525670528411865
1993-12-21,5.269852638244629
1993-12-22,5.295435905456543
1993-12-23,5.321015357971191
1993-12-27,5.346596717834473
1993-12-28,5.423340320587158
1993-12-29,5.551249980926514
1993-12-30,5.627995014190674
1993-12-31,5.47450590133667
1994-01-03,5.551249980926514
1994-01-04,5.5768327713012695
1994-01-05,5.47450590133667
1994-01-06,5.525670528411865
1994-01-07,5.500085353851318
1994-01-10,5.47450590133667
1994-01-11,5.500085353851318
1994-01-12,5.410550594329834
1994-01-13,5.372180938720703
1994-01-14,5.372180938720703
1994-01-17,5.397758483886719
1994-01-18,5.321015357971191
1994-01-19,5.244272232055664
1994-01-20,5.295435905456543
1994-01-21,5.372180938720703
1994-01-24,5.321015357971191
1994-01-25,5.397758483886719
1994-01-26,5.627995014190674
1994-01-27,5.730325222015381
1994-01-28,5.832652568817139
1994-01-31,5.960562229156494
1994-02-01,5.883815288543701
1994-02-02,5.755905151367188
1994-02-03,5.781487464904785
1994-02-04,5.755905151367188
1994-02-07,5.730325222015381
1994-02-08,5.781487464904785
1994-02-09,5.832652568817139
1994-02-10,5.883815288543701
1994-02-11,5.883815288543701
1994-02-14,5.883815288543701
1994-02-15,5.781487464904785
1994-02-16,5.679158687591553
1994-02-17,5.6663689613342285
1994-02-18,5.627995014190674
1994-02-22,5.589622020721436
1994-02-23,5.627995014190674
1994-02-24,5.602415084838867
1994-02-25,5.5768327713012695
1994-02-28,5.5768327713012695
1994-03-01,5.5768327713012695
1994-03-02,5.627995014190674
1994-03-03,5.653573513031006
1994-03-04,5.679158687591553
1994-03-07,5.602415084838867
1994-03-08,5.704741954803467
1994-03-09,5.6663689613342285
1994-03-10,5.679158687591553
1994-03-11,5.704741954803467
1994-03-14,5.892049789428711
1994-03-15,5.814865112304688
1994-03-16,5.814865112304688
1994-03-17,5.789133548736572
1994-03-18,5.789133548736572
1994-03-21,5.660490036010742
1994-03-22,5.557569980621338
1994-03-23,5.609029293060303
1994-03-24,5.583298206329346
1994-03-25,5.660490036010742
1994-03-28,5.583298206329346
1994-03-29,5.686213970184326
1994-03-30,5.62189245223999
1994-03-31,5.377465724945068
1994-04-04,5.364599704742432
1994-04-05,5.506113052368164
1994-04-06,5.454649925231934
1994-04-07,5.53183650970459
1994-04-08,5.506113052368164
1994-04-11,5.428920745849609
1994-04-12,5.506113052368164
1994-04-13,5.428920745849609
1994-04-14,5.480382442474365
1994-04-15,5.4353556632995605
1994-04-18,5.506113052368164
1994-04-19,5.454649925231934
1994-04-20,5.428920745849609
1994-04-21,5.454649925231934
1994-04-22,5.377465724945068
1994-04-25,5.454649925231934
1994-04-26,5.454649925231934
1994-04-28,5.40319299697876
1994-04-29,5.40319299697876
1994-05-02,5.351734161376953
1994-05-03,5.351734161376953
1994-05-04,5.300273895263672
1994-05-05,5.377465724945068
1994-05-06,5.40319299697876
1994-05-09,5.377465724945068
1994-05-10,5.39032793045044
1994-05-11,5.377465724945068
1994-05-12,5.40319299697876
1994-05-13,5.377465724945068
1994-05-16,5.428920745849609
1994-05-17,5.428920745849609
1994-05-18,5.364599704742432
1994-05-19,5.377465724945068
1994-05-20,5.40319299697876
1994-05-23,5.351734161376953
1994-05-24,5.40319299697876
1994-05-25,5.351734161376953
1994-05-26,5.351734161376953
1994-05-27,5.351734161376953
1994-05-31,5.313140869140625
1994-06-01,5.326003551483154
1994-06-02,5.326003551483154
1994-06-03,5.351734161376953
1994-06-06,5.40319299697876
1994-06-07,5.454649925231934
1994-06-08,5.506113052368164
1994-06-09,5.506113052368164
1994-06-10,5.583298206329346
1994-06-13,5.564662933349609
1994-06-14,5.538781642913818
1994-06-15,5.564662933349609
1994-06-16,5.590545654296875
1994-06-17,5.590545654296875
1994-06-20,5.435252666473389
1994-06-21,5.487017631530762
1994-06-22,5.47407341003418
1994-06-23,5.383485317230225
1994-06-24,5.2799577713012695
1994-06-27,5.254079818725586
1994-06-28,5.305842876434326
1994-06-29,5.409372806549072
1994-06-30,5.512901306152344
1994-07-01,5.564662933349609
1994-07-05,5.499958038330078
1994-07-06,5.487017631530762
1994-07-07,5.512901306152344
1994-07-08,5.538781642913818
1994-07-11,5.4611358642578125
1994-07-12,5.512901306152344
1994-07-13,5.512901306152344
1994-07-14,5.435252666473389
1994-07-15,5.435252666473389
1994-07-18,5.383485317230225
1994-07-19,5.435252666473389
1994-07-20,5.357608795166016
1994-07-21,5.435252666473389
1994-07-22,5.409372806549072
1994-07-25,5.435252666473389
1994-07-26,5.383485317230225
1994-07-27,5.383485317230225
1994-07-28,5.383485317230225
1994-07-29,5.512901306152344
1994-08-01,5.538781642913818
1994-08-02,5.538781642913818
1994-08-03,5.512901306152344
1994-08-04,5.564662933349609
1994-08-05,5.564662933349609
1994-08-08,5.590545654296875
1994-08-09,5.512901306152344
1994-08-10,5.538781642913818
1994-08-11,5.590545654296875
1994-08-12,5.616428375244141
1994-08-15,5.590545654296875
1994-08-16,5.668190002441406
1994-08-17,5.668190002441406
1994-08-18,5.668190002441406
1994-08-19,5.668190002441406
1994-08-22,5.745840549468994
1994-08-23,5.771721839904785
1994-08-24,5.823482513427734
1994-08-25,5.694075584411621
1994-08-26,5.681132793426514
1994-08-29,5.694075584411621
1994-08-30,5.719956398010254
1994-08-31,5.745840549468994
1994-09-01,5.668190002441406
1994-09-02,5.6423115730285645
1994-09-06,5.694075584411621
1994-09-07,5.668190002441406
1994-09-08,5.6552510261535645
1994-09-09,5.5517258644104
1994-09-12,5.650144577026367
1994-09-13,5.545996189117432
1994-09-14,5.6241068840026855
1994-09-15,5.545996189117432
1994-09-16,5.6241068840026855
1994-09-19,5.545996189117432
1994-09-20,5.480897903442383
1994-09-21,5.467881202697754
1994-09-22,5.467881202697754
1994-09-23,5.49392032623291
1994-09-26,5.467881202697754
1994-09-27,5.45486307144165
1994-09-28,5.441847801208496
1994-09-29,5.49392032623291
1994-09-30,5.441847801208496
1994-10-03,5.4158034324646
1994-10-04,5.45486307144165
1994-10-05,5.337696075439453
1994-10-06,5.4158034324646
1994-10-07,5.4158034324646
1994-10-10,5.49392032623291
1994-10-11,5.49392032623291
1994-10-12,5.45486307144165
1994-10-13,5.49392032623291
1994-10-14,5.572032451629639
1994-10-17,5.519957065582275
1994-10-18,5.532974720001221
1994-10-19,5.519957065582275
1994-10-20,5.545996189117432
1994-10-21,5.572032451629639
1994-10-24,5.519957065582275
1994-10-25,5.285620212554932
1994-10-26,5.266090393066406
1994-10-27,5.15543270111084
1994-10-28,5.233546257019043
1994-10-31,5.207509517669678
1994-11-01,5.285620212554932
1994-11-02,5.311654567718506
1994-11-03,5.285620212554932
1994-11-04,5.259582042694092
1994-11-07,5.181469917297363
1994-11-08,5.207509517669678
1994-11-09,5.194487571716309
1994-11-10,5.15543270111084
1994-11-11,5.15543270111084
1994-11-14,5.077319145202637
1994-11-15,5.129394054412842
1994-11-16,5.038261413574219
1994-11-17,5.038261413574219
1994-11-18,5.077319145202637
1994-11-21,4.973166942596436
1994-11-22,4.895058631896973
1994-11-23,4.908075332641602
1994-11-25,4.895058631896973
1994-11-28,5.051281929016113
1994-11-29,4.999208450317383
1994-11-30,4.973166942596436
1994-12-01,4.960149765014648
1994-12-02,4.973166942596436
1994-12-05,5.051281929016113
1994-12-06,4.947132110595703
1994-12-07,4.947132110595703
1994-12-08,4.895058631896973
1994-12-09,4.842981338500977
1994-12-12,4.902758598327637
1994-12-13,4.850321292877197
1994-12-14,4.902758598327637
1994-12-15,5.086284637451172
1994-12-16,5.112502574920654
1994-12-19,5.348461151123047
1994-12-20,5.243593215942383
1994-12-21,5.348461151123047
1994-12-22,5.348461151123047
1994-12-23,5.387791156768799
1994-12-27,5.414011478424072
1994-12-28,5.348461151123047
1994-12-29,5.400898456573486
1994-12-30,5.400898456573486
1995-01-03,5.348461151123047
1995-01-04,5.427119255065918
1995-01-05,5.453330993652344
1995-01-06,5.531990051269531
1995-01-09,5.505772590637207
1995-01-10,5.531990051269531
1995-01-11,5.453330993652344
1995-01-12,5.479555606842041
1995-01-13,5.479555606842041
1995-01-16,5.479555606842041
1995-01-17,5.505772590637207
1995-01-18,5.479555606842041
1995-01-19,5.427119255065918
1995-01-20,5.427119255065918
1995-01-23,5.427119255065918
1995-01-24,5.427119255065918
1995-01-25,5.427119255065918
1995-01-26,5.400898456573486
1995-01-27,5.400898456573486
1995-01-30,5.453330993652344
1995-01-31,5.414011478424072
1995-02-01,5.374682426452637
1995-02-02,5.4402265548706055
1995-02-03,5.479555606842041
1995-02-06,5.584426403045654
1995-02-07,5.610641956329346
1995-02-08,5.636857986450195
1995-02-09,5.610641956329346
1995-02-10,5.663078784942627
1995-02-13,5.689298152923584
1995-02-14,5.715517044067383
1995-02-15,5.741730690002441
1995-02-16,5.715517044067383
1995-02-17,5.767951488494873
1995-02-21,5.767951488494873
1995-02-22,5.767951488494873
1995-02-23,5.741730690002441
1995-02-24,5.745010852813721
1995-02-27,5.741730690002441
1995-02-28,5.899037837982178
1995-03-01,5.899037837982178
1995-03-02,5.899037837982178
1995-03-03,5.846603393554688
1995-03-06,5.826939105987549
1995-03-07,5.846603393554688
1995-03-08,5.794167518615723
1995-03-09,5.794167518615723
1995-03-10,5.807276248931885
1995-03-13,5.764241218566895
1995-03-14,5.791821002960205
1995-03-15,5.764241218566895
1995-03-16,5.778032302856445
1995-03-17,5.791821002960205
1995-03-20,5.736660957336426
1995-03-21,5.736660957336426
1995-03-22,5.743556976318359
1995-03-23,5.791821002960205
1995-03-24,5.791821002960205
1995-03-27,5.764241218566895
1995-03-28,5.750453472137451
1995-03-29,5.743556976318359
1995-03-30,5.764241218566895
1995-03-31,5.736660957336426
1995-04-03,5.819403648376465
1995-04-04,5.764241218566895
1995-04-05,5.764241218566895
1995-04-06,5.819403648376465
1995-04-07,5.778032302856445
1995-04-10,5.764241218566895
1995-04-11,5.819403648376465
1995-04-12,5.846983432769775
1995-04-13,5.8745622634887695
1995-04-17,5.8745622634887695
1995-04-18,5.8745622634887695
1995-04-19,5.8745622634887695
1995-04-20,5.929721832275391
1995-04-21,5.984884738922119
1995-04-24,5.957301139831543
1995-04-25,6.067625522613525
1995-04-26,6.177945613861084
1995-04-27,6.177945613861084
1995-04-28,6.1227874755859375
1995-05-01,6.040044784545898
1995-05-02,6.177945613861084
1995-05-03,6.260685920715332
1995-05-04,6.233103752136231
1995-05-05,6.150364398956299
1995-05-08,6.205523490905762
1995-05-09,6.177945613861084
1995-05-10,6.150364398956299
1995-05-11,6.1227874755859375
1995-05-12,6.1227874755859375
1995-05-15,6.177945613861084
1995-05-16,6.177945613861084
1995-05-17,6.150364398956299
1995-05-18,6.177945613861084
1995-05-19,6.150364398956299
1995-05-22,6.095201015472412
1995-05-23,6.177945613861084
1995-05-24,6.233103752136231
1995-05-25,6.150364398956299
1995-05-26,6.1227874755859375
1995-05-30,6.095201015472412
1995-05-31,6.095201015472412
1995-06-01,6.040044784545898
1995-06-02,6.095201015472412
1995-06-05,6.150364398956299
1995-06-06,6.1227874755859375
1995-06-07,6.150364398956299
1995-06-08,6.177945613861084
1995-06-09,6.150364398956299
1995-06-12,6.150364398956299
1995-06-13,6.205523490905762
1995-06-14,6.215514183044434
1995-06-15,6.215514183044434
1995-06-16,6.354252815246582
1995-06-19,6.2987589836120605
1995-06-20,6.354252815246582
1995-06-21,6.326507568359375
1995-06-22,6.409749031066895
1995-06-23,6.437495231628418
1995-06-26,6.354252815246582
1995-06-27,6.215514183044434
1995-06-28,6.271008968353272
1995-06-29,6.132266998291016
1995-06-30,6.215514183044434
1995-07-03,6.160021781921387
1995-07-05,6.160021781921387
1995-07-06,6.180826663970947
1995-07-07,6.1877641677856445
1995-07-10,6.160021781921387
1995-07-11,6.173892974853516
1995-07-12,6.1877641677856445
1995-07-13,6.076775074005127
1995-07-14,6.062899112701416
1995-07-17,5.979657173156738
1995-07-18,5.910286903381348
1995-07-19,5.882539749145508
1995-07-20,5.924160480499268
1995-07-21,5.854793548583984
1995-07-24,5.854793548583984
1995-07-25,5.938035488128662
1995-07-26,5.965782165527344
1995-07-27,6.049026012420654
1995-07-28,6.049026012420654
1995-07-31,5.993529319763184
1995-08-01,5.993529319763184
1995-08-02,5.896411895751953
1995-08-03,5.882539749145508
1995-08-04,5.882539749145508
1995-08-07,5.910286903381348
1995-08-08,5.854793548583984
1995-08-09,5.854793548583984
1995-08-10,5.799295425415039
1995-08-11,5.75073766708374
1995-08-14,5.854793548583984
1995-08-15,5.854793548583984
1995-08-16,5.854793548583984
1995-08-17,5.854793548583984
1995-08-18,5.854793548583984
1995-08-21,5.910286903381348
1995-08-22,5.882539749145508
1995-08-23,5.827043056488037
1995-08-24,5.854793548583984
1995-08-25,5.771546363830566
1995-08-28,5.799295425415039
1995-08-29,5.743801116943359
1995-08-30,5.702178955078125
1995-08-31,5.771546363830566
1995-09-01,5.813169479370117
1995-09-05,5.827043056488037
1995-09-06,5.854793548583984
1995-09-07,5.799295425415039
1995-09-08,5.854793548583984
1995-09-11,5.882539749145508
1995-09-12,5.882539749145508
1995-09-13,5.864667892456055
1995-09-14,5.97637414932251
1995-09-15,5.962408065795898
1995-09-18,5.948446750640869
1995-09-19,5.948446750640869
1995-09-20,5.97637414932251
1995-09-21,5.990336418151856
1995-09-22,5.920518398284912
1995-09-25,5.990336418151856
1995-09-26,5.97637414932251
1995-09-27,5.962408065795898
1995-09-28,6.060158729553223
1995-09-29,6.074118137359619
1995-10-02,6.074118137359619
1995-10-03,6.171860694885254
1995-10-04,6.171860694885254
1995-10-05,6.227715969085693
1995-10-06,6.339422702789307
1995-10-09,6.311496734619141
1995-10-10,6.255643844604492
1995-10-11,6.506986141204834
1995-10-12,6.562840461730957
1995-10-13,6.618696212768555
1995-10-16,6.646620273590088
1995-10-17,6.730403423309326
1995-10-18,6.814183235168457
1995-10-19,6.786256313323975
1995-10-20,6.814183235168457
1995-10-23,6.84211015701294
1995-10-24,6.8002214431762695
1995-10-25,6.758333206176758
1995-10-26,6.646620273590088
1995-10-27,6.84211015701294
1995-10-30,6.9538187980651855
1995-10-31,6.870038032531738
1995-11-01,7.009671211242676
1995-11-02,7.009671211242676
1995-11-03,7.079492568969727
1995-11-06,7.093454360961914
1995-11-07,6.9538187980651855
1995-11-08,7.065524101257324
1995-11-09,7.037600040435791
1995-11-10,7.023635387420654
1995-11-13,7.023635387420654
1995-11-14,7.065524101257324
1995-11-15,7.093454360961914
1995-11-16,7.037600040435791
1995-11-17,7.121381759643555
1995-11-20,7.079492568969727
1995-11-21,7.149309158325195
1995-11-22,7.037600040435791
1995-11-24,7.093454360961914
1995-11-27,6.911925792694092
1995-11-28,6.877016544342041
1995-11-29,6.849090099334717
1995-11-30,6.925889015197754
1995-12-01,6.897967338562012
1995-12-04,6.925889015197754
1995-12-05,6.98174524307251
1995-12-06,7.247049808502197
1995-12-07,7.205161094665527
1995-12-08,7.219127178192139
1995-12-11,7.205161094665527
1995-12-12,7.233089447021484
1995-12-13,7.355493068695068
1995-12-14,7.355493068695068
1995-12-15,7.4958648681640625
1995-12-18,7.4677886962890625
1995-12-19,7.411640167236328
1995-12-20,7.355493068695068
1995-12-21,7.369531154632568
1995-12-22,7.271269798278809
1995-12-26,7.355493068695068
1995-12-27,7.285307884216309
1995-12-28,7.299341678619385
1995-12-29,7.327418804168701
1996-01-02,7.383567810058594
1996-01-03,7.523940563201904
1996-01-04,7.369531154632568
1996-01-05,7.271269798278809
1996-01-08,7.355493068695068
1996-01-09,7.215121269226074
1996-01-10,7.0747504234313965
1996-01-11,6.962447643280029
1996-01-12,6.906303405761719
1996-01-15,6.906303405761719
1996-01-16,6.899285793304443
1996-01-17,6.962447643280029
1996-01-18,6.934378623962402
1996-01-19,6.934378623962402
1996-01-22,6.962447643280029
1996-01-23,6.878229141235352
1996-01-24,6.906303405761719
1996-01-25,6.906303405761719
1996-01-26,6.794005393981934
1996-01-29,6.822076797485352
1996-01-30,6.822076797485352
1996-01-31,7.046675205230713
1996-02-01,7.088782787322998
1996-02-02,7.025618553161621
1996-02-05,7.158973693847656
1996-02-06,7.187046527862549
1996-02-07,7.158973693847656
1996-02-08,7.130898952484131
1996-02-09,7.088782787322998
1996-02-12,7.130898952484131
1996-02-13,7.088782787322998
1996-02-14,7.130898952484131
1996-02-15,7.0186028480529785
1996-02-16,7.0186028480529785
1996-02-20,7.0747504234313965
1996-02-21,7.271269798278809
1996-02-22,7.243190765380859
1996-02-23,7.355493068695068
1996-02-26,7.383567810058594
1996-02-27,7.355493068695068
1996-02-28,7.369531154632568
1996-02-29,7.327418804168701
1996-03-01,7.355493068695068
1996-03-04,7.4677886962890625
1996-03-05,7.411640167236328
1996-03-06,7.439713478088379
1996-03-07,7.4958648681640625
1996-03-08,7.243190765380859
1996-03-11,7.187046527862549
1996-03-12,7.271269798278809
1996-03-13,7.382938861846924
1996-03-14,7.412468910217285
1996-03-15,7.382938861846924
1996-03-18,7.427236557006836
1996-03-19,7.486298561096191
1996-03-20,7.530594348907471
1996-03-21,7.589661598205566
1996-03-22,7.530594348907471
1996-03-25,7.589661598205566
1996-03-26,7.442002773284912
1996-03-27,7.486298561096191
1996-03-28,7.471534729003906
1996-03-29,7.486298561096191
1996-04-01,7.486298561096191
1996-04-02,7.501065254211426
1996-04-03,7.412468910217285
1996-04-04,7.264810562133789
1996-04-08,7.176214694976807
1996-04-09,7.205748558044434
1996-04-10,7.205748558044434
1996-04-11,7.235278606414795
1996-04-12,7.279582977294922
1996-04-15,7.397703170776367
1996-04-16,7.353403091430664
1996-04-17,7.353403091430664
1996-04-18,7.235278606414795
1996-04-19,7.176214694976807
1996-04-22,7.176214694976807
1996-04-23,7.0876240730285645
1996-04-24,7.176214694976807
1996-04-25,7.0876240730285645
1996-04-26,7.0876240730285645
1996-04-29,6.969493865966797
1996-04-30,6.969493865966797
1996-05-01,7.058091163635254
1996-05-02,6.969493865966797
1996-05-03,6.969493865966797
1996-05-06,6.807069301605225
1996-05-07,6.82183313369751
1996-05-08,6.999024391174316
1996-05-09,6.969493865966797
1996-05-10,6.969493865966797
1996-05-13,6.939962863922119
1996-05-14,6.999024391174316
1996-05-15,6.792302131652832
1996-05-16,6.880899429321289
1996-05-17,6.969493865966797
1996-05-20,6.910429954528809
1996-05-21,6.969493865966797
1996-05-22,6.999024391174316
1996-05-23,7.043325424194336
1996-05-24,7.058091163635254
1996-05-28,6.999024391174316
1996-05-29,7.028556823730469
1996-05-30,7.0876240730285645
1996-05-31,7.028556823730469
1996-06-03,7.117152214050293
1996-06-04,7.205748558044434
1996-06-05,7.117152214050293
1996-06-06,7.102386951446533
1996-06-07,6.999024391174316
1996-06-10,7.07285213470459
1996-06-11,7.058091163635254
1996-06-12,7.102071285247803
1996-06-13,7.087208271026611
1996-06-14,7.087208271026611
1996-06-17,7.087208271026611
1996-06-18,7.1317877769470215
1996-06-19,7.072353363037109
1996-06-20,6.894060134887695
1996-06-21,7.012922763824463
1996-06-24,6.953487873077393
1996-06-25,6.983208179473877
1996-06-26,6.894060134887695
1996-06-27,6.983208179473877
1996-06-28,6.819768905639648
1996-07-01,6.894060134887695
1996-07-02,6.864346027374268
1996-07-03,6.8346266746521
1996-07-05,6.745480060577393
1996-07-08,6.760338306427002
1996-07-09,6.8346266746521
1996-07-10,6.77519416809082
1996-07-11,6.715761661529541
1996-07-12,6.804913520812988
1996-07-15,6.77519416809082
1996-07-16,6.715761661529541
1996-07-17,6.804913520812988
1996-07-18,6.983208179473877
1996-07-19,6.990635395050049
1996-07-22,6.953487873077393
1996-07-23,6.849485397338867
1996-07-24,6.864346027374268
1996-07-25,6.864346027374268
1996-07-26,6.715761661529541
1996-07-29,6.6563334465026855
1996-07-30,6.5969014167785645
1996-07-31,6.626616954803467
1996-08-01,6.715761661529541
1996-08-02,6.8346266746521
1996-08-05,6.879199028015137
1996-08-06,6.908914089202881
1996-08-07,6.864346027374268
1996-08-08,6.8346266746521
1996-08-09,6.864346027374268
1996-08-12,6.77519416809082
1996-08-13,6.715761661529541
1996-08-14,6.745480060577393
1996-08-15,6.804913520812988
1996-08-16,6.715761661529541
1996-08-19,6.626616954803467
1996-08-20,6.5671868324279785
1996-08-21,6.537469863891602
1996-08-22,6.715761661529541
1996-08-23,6.5969014167785645
1996-08-26,6.5671868324279785
1996-08-27,6.6563334465026855
1996-08-28,6.5671868324279785
1996-08-29,6.5671868324279785
1996-08-30,6.448323726654053
1996-09-03,6.507753372192383
1996-09-04,6.507753372192383
1996-09-05,6.418610095977783
1996-09-06,6.5671868324279785
1996-09-09,6.5969014167785645
1996-09-10,6.77519416809082
1996-09-11,6.81946325302124
1996-09-12,6.849372863769531
1996-09-13,6.879279613494873
1996-09-16,6.879279613494873
1996-09-17,6.909192085266113
1996-09-18,6.983969211578369
1996-09-19,6.909192085266113
1996-09-20,6.9391021728515625
1996-09-23,6.969009876251221
1996-09-24,6.894237518310547
1996-09-25,6.81946325302124
1996-09-26,6.879279613494873
1996-09-27,6.9391021728515625
1996-09-30,6.849372863769531
1996-10-01,6.9391021728515625
1996-10-02,6.81946325302124
1996-10-03,6.789554119110107
1996-10-04,6.879279613494873
1996-10-07,6.894237518310547
1996-10-08,6.909192085266113
1996-10-09,6.9391021728515625
1996-10-10,6.909192085266113
1996-10-11,6.9391021728515625
1996-10-14,6.81946325302124
1996-10-15,6.759641170501709
1996-10-16,6.729730129241943
1996-10-17,6.81946325302124
1996-10-18,6.81946325302124
1996-10-21,6.789554119110107
1996-10-22,6.774594783782959
1996-10-23,6.669912338256836
1996-10-24,6.490453720092773
1996-10-25,6.729730129241943
1996-10-28,6.849372863769531
1996-10-29,6.81946325302124
1996-10-30,6.864328384399414
1996-10-31,6.879279613494873
1996-11-01,6.849372863769531
1996-11-04,6.849372863769531
1996-11-05,6.909192085266113
1996-11-06,6.909192085266113
1996-11-07,7.058741569519043
1996-11-08,6.969009876251221
1996-11-11,6.969009876251221
1996-11-12,6.998918533325195
1996-11-13,7.028833389282227
1996-11-14,7.028833389282227
1996-11-15,7.028833389282227
1996-11-18,7.073697566986084
1996-11-19,7.051262855529785
1996-11-20,7.058741569519043
1996-11-21,7.1335129737854
1996-11-22,7.238202571868896
1996-11-25,7.193334579467773
1996-11-26,7.17838191986084
1996-11-27,7.193334579467773
1996-11-29,7.208288192749023
1996-12-02,7.253156661987305
1996-12-03,7.17838191986084
1996-12-04,7.193334579467773
1996-12-05,7.208288192749023
1996-12-06,7.223244190216064
1996-12-09,7.2980217933654785
1996-12-10,7.357846736907959
1996-12-11,7.28201150894165
1996-12-12,7.507694721221924
1996-12-13,7.567873001098633
1996-12-16,7.462557792663574
1996-12-17,7.492647647857666
1996-12-18,7.552833080291748
1996-12-19,7.537783145904541
1996-12-20,7.613012790679932
1996-12-23,7.643103122711182
1996-12-24,7.718328952789307
1996-12-26,7.658148288726807
1996-12-27,7.658148288726807
1996-12-30,7.846221923828125
1996-12-31,7.808603286743164
1997-01-02,7.853737831115723
1997-01-03,7.9741058349609375
1997-01-06,7.913922309875488
1997-01-07,7.793558120727539
1997-01-08,7.73337459564209
1997-01-09,7.73337459564209
1997-01-10,7.582921981811523
1997-01-13,7.613012790679932
1997-01-14,7.613012790679932
1997-01-15,7.567873001098633
1997-01-16,7.643103122711182
1997-01-17,7.643103122711182
1997-01-20,7.718328952789307
1997-01-21,7.673190593719482
1997-01-22,7.658148288726807
1997-01-23,7.628060817718506
1997-01-24,7.582921981811523
1997-01-27,7.462557792663574
1997-01-28,7.477604389190674
1997-01-29,7.507694721221924
1997-01-30,7.492647647857666
1997-01-31,7.522739887237549
1997-02-03,7.507694721221924
1997-02-04,7.597966194152832
1997-02-05,7.658148288726807
1997-02-06,7.673190593719482
1997-02-07,7.703284740447998
1997-02-10,7.703284740447998
1997-02-11,7.808603286743164
1997-02-12,7.778515338897705
1997-02-13,7.944012641906738
1997-02-14,8.00419807434082
1997-02-18,8.199786186218262
1997-02-19,8.184737205505371
1997-02-20,8.184737205505371
1997-02-21,8.21483039855957
1997-02-24,8.32015323638916
1997-02-25,8.365290641784668
1997-02-26,8.335196495056152
1997-02-27,8.275012016296387
1997-02-28,8.32015323638916
1997-03-03,8.440518379211426
1997-03-04,8.666194915771484
1997-03-05,8.68124008178711
1997-03-06,8.545831680297852
1997-03-07,8.583442687988281
1997-03-10,8.77151107788086
1997-03-11,8.816650390625
1997-03-12,8.745240211486816
1997-03-13,8.42750358581543
1997-03-14,8.82088851928711
1997-03-17,8.639328956604004
1997-03-18,8.669583320617676
1997-03-19,8.533413887023926
1997-03-20,8.435068130493164
1997-03-21,8.563676834106445
1997-03-24,8.563676834106445
1997-03-25,8.639328956604004
1997-03-26,8.62419319152832
1997-03-27,8.563676834106445
1997-03-31,8.503146171569824
1997-04-01,8.412376403808594
1997-04-02,8.200546264648438
1997-04-03,8.215678215026855
1997-04-04,8.155157089233398
1997-04-07,8.548545837402344
1997-04-08,8.533413887023926
1997-04-09,8.533413887023926
1997-04-10,8.518280029296875
1997-04-11,8.351855278015137
1997-04-14,8.472893714904785
1997-04-15,8.39724349975586
1997-04-16,8.366984367370605
1997-04-17,8.412376403808594
1997-04-18,8.412376403808594
1997-04-21,8.382115364074707
1997-04-22,8.442630767822266
1997-04-23,8.442630767822266
1997-04-24,8.404808044433594
1997-04-25,8.382115364074707
1997-04-28,8.306458473205566
1997-04-29,8.39724349975586
1997-04-30,8.442630767822266
1997-05-01,8.593935012817383
1997-05-02,8.805758476257324
1997-05-05,8.957060813903809
1997-05-06,8.896536827087402
1997-05-07,9.017576217651367
1997-05-08,8.972188949584961
1997-05-09,8.972188949584961
1997-05-12,9.078102111816406
1997-05-13,9.168883323669434
1997-05-14,9.380707740783691
1997-05-15,9.229397773742676
1997-05-16,9.24453067779541
1997-05-19,9.456351280212402
1997-05-20,9.395830154418944
1997-05-21,9.4412202835083
1997-05-22,9.516874313354492
1997-05-23,9.683309555053713
1997-05-27,9.743824005126951
1997-05-28,9.622793197631836
1997-05-29,9.607654571533203
1997-05-30,9.471485137939451
1997-06-02,9.4412202835083
1997-06-03,9.501747131347656
1997-06-04,9.562268257141112
1997-06-05,9.592519760131836
1997-06-06,9.592519760131836
1997-06-09,9.516874313354492
1997-06-10,9.554697036743164
1997-06-11,9.551356315612791
1997-06-12,9.77949047088623
1997-06-13,9.65781593322754
1997-06-16,9.642603874206545
1997-06-17,9.794697761535645
1997-06-18,9.825117111206056
1997-06-19,9.93158721923828
1997-06-20,9.916376113891602
1997-06-23,9.794697761535645
1997-06-24,9.977210998535156
1997-06-25,10.007631301879885
1997-06-26,9.977210998535156
1997-06-27,10.038053512573242
1997-06-30,9.612191200256348
1997-07-01,9.946791648864746
1997-07-02,10.068470001220703
1997-07-03,10.068470001220703
1997-07-07,10.098891258239746
1997-07-08,10.083674430847168
1997-07-09,9.916376113891602
1997-07-10,10.003829002380373
1997-07-11,10.007631301879885
1997-07-14,9.85553741455078
1997-07-15,9.77949047088623
1997-07-16,9.901165008544922
1997-07-17,9.8783540725708
1997-07-18,9.992419242858888
1997-07-21,9.954400062561035
1997-07-22,9.85553741455078
1997-07-23,10.14451026916504
1997-07-24,9.992419242858888
1997-07-25,9.901165008544922
1997-07-28,10.190139770507812
1997-07-29,10.007631301879885
1997-07-30,10.09127712249756
1997-07-31,10.053262710571287
1997-08-01,10.098891258239746
1997-08-04,10.007631301879885
1997-08-05,10.053262710571287
1997-08-06,10.030444145202637
1997-08-07,10.007631301879885
1997-08-08,9.65781593322754
1997-08-11,9.802306175231934
1997-08-12,9.809906959533691
1997-08-13,9.885955810546877
1997-08-14,9.77949047088623
1997-08-15,9.65781593322754
1997-08-18,9.551356315612791
1997-08-19,9.612191200256348
1997-08-20,9.908768653869627
1997-08-21,9.718653678894045
1997-08-22,9.581778526306152
1997-08-25,9.673027992248535
1997-08-26,9.794697761535645
1997-08-27,9.749075889587402
1997-08-28,9.794697761535645
1997-08-29,9.885955810546877
1997-09-02,10.114094734191896
1997-09-03,9.901165008544922
1997-09-04,9.825117111206056
1997-09-05,9.916376113891602
1997-09-08,9.885955810546877
1997-09-09,9.794697761535645
1997-09-10,9.951848030090332
1997-09-11,9.982428550720217
1997-09-12,9.967134475708008
1997-09-15,9.905990600585938
1997-09-16,10.074145317077637
1997-09-17,10.051219940185549
1997-09-18,10.028290748596191
1997-09-19,9.967134475708008
1997-09-22,9.99771499633789
1997-09-23,9.982428550720217
1997-09-24,10.05886173248291
1997-09-25,9.99771499633789
1997-09-26,9.967134475708008
1997-09-29,9.905990600585938
1997-09-30,10.028290748596191
1997-10-01,10.257596015930176
1997-10-02,10.334026336669922
1997-10-03,10.387530326843262
1997-10-06,10.548047065734863
1997-10-07,10.716198921203612
1997-10-08,10.502182960510254
1997-10-09,10.272879600524902
1997-10-10,10.410465240478516
1997-10-13,10.624481201171877
1997-10-14,10.838496208190918
1997-10-15,10.655056953430176
1997-10-16,10.517465591430664
1997-10-17,10.395176887512209
1997-10-20,10.548047065734863
1997-10-21,10.532760620117188
1997-10-22,10.532760620117188
1997-10-23,10.548047065734863
1997-10-24,10.548047065734863
1997-10-27,10.517465591430664
1997-10-28,10.700913429260254
1997-10-29,10.731490135192873
1997-10-30,10.914937019348145
1997-10-31,11.083085060119627
1997-11-03,11.37354564666748
1997-11-04,11.434690475463867
1997-11-05,11.556992530822754
1997-11-06,11.511122703552246
1997-11-07,11.25124740600586
1997-11-10,11.434690475463867
1997-11-11,11.518775939941406
1997-11-12,11.556992530822754
1997-11-13,11.556992530822754
1997-11-14,11.618138313293455
1997-11-17,11.740432739257812
1997-11-18,11.86272430419922
1997-11-19,11.985026359558104
1997-11-20,12.107324600219728
1997-11-21,12.565937042236328
1997-11-24,12.382489204406738
1997-11-25,12.474210739135742
1997-11-26,12.29076099395752
1997-11-28,12.413060188293455
1997-12-01,12.596501350402832
1997-12-02,12.535353660583496
1997-12-03,12.581221580505373
1997-12-04,12.81052589416504
1997-12-05,13.085683822631836
1997-12-08,13.69717025756836
1997-12-09,13.743036270141602
1997-12-10,13.977468490600586
1997-12-11,13.977468490600586
1997-12-12,14.0235013961792
1997-12-15,13.685956001281738
1997-12-16,14.100229263305664
1997-12-17,17.207176208496094
1997-12-18,16.49372100830078
1997-12-19,16.616472244262695
1997-12-22,17.000049591064453
1997-12-23,16.754558563232422
1997-12-24,16.539758682250977
1997-12-26,16.585786819458008
1997-12-29,16.907989501953125
1997-12-30,16.984699249267578
1997-12-31,17.27621078491211
1998-01-02,16.708526611328125
1998-01-05,16.5704402923584
1998-01-06,16.5244083404541
1998-01-07,16.3709716796875
1998-01-08,16.033443450927734
1998-01-09,15.61917495727539
1998-01-12,16.079465866088867
1998-01-13,16.5704402923584
1998-01-14,16.217554092407227
1998-01-15,16.26358413696289
1998-01-16,16.23289680480957
1998-01-20,16.417009353637695
1998-01-21,16.301939010620117
1998-01-22,15.88000774383545
1998-01-23,15.657530784606934
1998-01-26,15.496429443359377
1998-01-27,15.680543899536133
1998-01-28,15.626846313476562
1998-01-29,15.92604160308838
1998-01-30,15.649862289428713
1998-02-02,15.94137477874756
1998-02-03,15.895346641540527
1998-02-04,15.949053764343262
1998-02-05,15.74191665649414
1998-02-06,15.787948608398438
1998-02-09,16.094810485839844
1998-02-10,16.20220184326172
1998-02-11,16.140844345092773
1998-02-12,16.417009353637695
1998-02-13,16.413175582885742
1998-02-17,16.38633155822754
1998-02-18,16.23289680480957
1998-02-19,16.24823570251465
1998-02-20,16.67784309387207
1998-02-23,16.585786819458008
1998-02-24,16.20220184326172
1998-02-25,16.20220184326172
1998-02-26,16.60112953186035
1998-02-27,16.5704402923584
1998-03-02,16.539758682250977
1998-03-03,16.5244083404541
1998-03-04,16.447704315185547
1998-03-05,16.38633155822754
1998-03-06,16.355632781982422
1998-03-09,16.094810485839844
1998-03-10,15.987407684326172
1998-03-11,16.398208618164062
1998-03-12,16.321224212646484
1998-03-13,16.167240142822266
1998-03-16,16.09026336669922
1998-03-17,15.990177154541016
1998-03-18,15.843907356262209
1998-03-19,15.766921043395996
1998-03-20,15.659127235412598
1998-03-23,15.447422981262209
1998-03-24,15.37428379058838
1998-03-25,15.843907356262209
1998-03-26,15.797707557678224
1998-03-27,15.274202346801758
1998-03-30,15.335800170898438
1998-03-31,15.42817211151123
1998-04-01,15.343499183654783
1998-04-02,15.443574905395508
1998-04-03,15.42817211151123
1998-04-06,15.582145690917969
1998-04-07,15.39737606048584
1998-04-08,15.48976707458496
1998-04-09,15.551350593566896
1998-04-13,15.505167007446287
1998-04-14,15.859302520751951
1998-04-15,16.013275146484375
1998-04-16,15.828510284423828
1998-04-17,15.982492446899414
1998-04-20,16.444400787353516
1998-04-21,16.752351760864258
1998-04-22,16.444400787353516
1998-04-23,16.236539840698242
1998-04-24,15.890097618103027
1998-04-27,15.705322265625
1998-04-28,15.705322265625
1998-04-29,15.766921043395996
1998-04-30,15.689933776855469
1998-05-01,15.75151252746582
1998-05-04,15.828510284423828
1998-05-05,15.820798873901367
1998-05-06,15.797707557678224
1998-05-07,15.859302520751951
1998-05-08,15.95169734954834
1998-05-11,15.901646614074709
1998-05-12,15.859302520751951
1998-05-13,15.920896530151367
1998-05-14,15.828510284423828
1998-05-15,15.874692916870115
1998-05-18,15.289591789245604
1998-05-19,15.289591789245604
1998-05-20,16.074867248535156
1998-05-21,16.2596378326416
1998-05-22,15.22031021118164
1998-05-26,15.381979942321776
1998-05-27,15.797707557678224
1998-05-28,15.75151252746582
1998-05-29,15.520562171936035
1998-06-01,15.474360466003418
1998-06-02,14.689095497131348
1998-06-03,14.411947250366213
1998-06-04,14.504337310791016
1998-06-05,14.78148078918457
1998-06-08,14.80457878112793
1998-06-09,14.862327575683594
1998-06-10,15.520562171936035
1998-06-11,14.80457878112793
1998-06-12,14.527423858642578
1998-06-15,13.534296035766602
1998-06-16,13.996222496032717
1998-06-17,14.632349014282228
1998-06-18,14.191750526428224
1998-06-19,14.562779426574709
1998-06-22,14.470016479492188
1998-06-23,14.284501075744627
1998-06-24,14.516396522521973
1998-06-25,14.400443077087402
1998-06-26,14.748283386230469
1998-06-29,14.539586067199709
1998-06-30,14.238125801086426
1998-07-01,14.00623893737793
1998-07-02,13.588830947875977
1998-07-06,14.052616119384766
1998-07-07,14.098990440368652
1998-07-08,13.820721626281738
1998-07-09,14.075804710388184
1998-07-10,14.029417991638184
1998-07-13,13.820721626281738
1998-07-14,13.86710262298584
1998-07-15,13.820721626281738
1998-07-16,14.098990440368652
1998-07-17,14.052616119384766
1998-07-20,13.809131622314451
1998-07-21,13.890287399291992
1998-07-22,13.704777717590332
1998-07-23,13.264180183410645
1998-07-24,14.098990440368652
1998-07-27,14.052616119384766
1998-07-28,13.588830947875977
1998-07-29,13.333752632141112
1998-07-30,13.704777717590332
1998-07-31,13.264180183410645
1998-08-03,13.032291412353516
1998-08-04,13.043882369995115
1998-08-05,13.217803955078123
1998-08-06,13.356945037841797
1998-08-07,12.98591136932373
1998-08-10,12.614886283874512
1998-08-11,12.603289604187012
1998-08-12,12.846778869628906
1998-08-13,12.522132873535156
1998-08-14,12.47575569152832
1998-08-17,12.916352272033691
1998-08-18,12.66126823425293
1998-08-19,12.962722778320312
1998-08-20,12.800395965576172
1998-08-21,12.568511962890623
1998-08-24,13.125045776367188
1998-08-25,13.333752632141112
1998-08-26,13.078668594360352
1998-08-27,12.081539154052734
1998-08-28,12.47575569152832
1998-08-31,12.47575569152832
1998-09-01,12.98591136932373
1998-09-02,12.533724784851074
1998-09-03,12.522132873535156
1998-09-04,12.290240287780762
1998-09-08,13.600421905517578
1998-09-09,12.893158912658691
1998-09-10,12.058342933654783
1998-09-11,12.881561279296877
1998-09-14,13.264180183410645
1998-09-15,13.79753303527832
1998-09-16,13.87744426727295
1998-09-17,13.52817153930664
1998-09-18,13.761028289794922
1998-09-21,13.691165924072266
1998-09-22,13.900729179382324
1998-09-23,14.575973510742188
1998-09-24,14.13357639312744
1998-09-25,14.063730239868164
1998-09-28,14.3897066116333
1998-09-29,14.0171480178833
1998-09-30,11.455877304077148
1998-10-01,12.62009334564209
1998-10-02,13.341906547546388
1998-10-05,13.132346153259276
1998-10-06,12.899506568908691
1998-10-07,12.480389595031738
1998-10-08,11.781859397888184
1998-10-09,12.294114112854004
1998-10-12,12.340682983398438
1998-10-13,12.66666030883789
1998-10-14,13.691165924072266
1998-10-15,13.73773956298828
1998-10-16,14.180140495300291
1998-10-19,13.714455604553224
1998-10-20,13.761028289794922
1998-10-21,13.66788387298584
1998-10-22,13.761028289794922
1998-10-23,13.73773956298828
1998-10-26,13.87744426727295
1998-10-27,13.644604682922363
1998-10-28,13.72609806060791
1998-10-29,13.900729179382324
1998-10-30,13.900729179382324
1998-11-02,13.87744426727295
1998-11-03,13.87744426727295
1998-11-04,14.52939796447754
1998-11-05,14.808815956115724
1998-11-06,14.343127250671388
1998-11-09,13.87744426727295
1998-11-10,14.343127250671388
1998-11-11,13.924013137817385
1998-11-12,13.830876350402832
1998-11-13,13.691165924072266
1998-11-16,14.459552764892578
1998-11-17,14.52939796447754
1998-11-18,14.075364112854004
1998-11-19,13.644604682922363
1998-11-20,13.644604682922363
1998-11-23,14.3897066116333
1998-11-24,14.90195369720459
1998-11-25,14.808815956115724
1998-11-27,14.645833015441896
1998-11-30,14.552689552307127
1998-12-01,14.249993324279783
1998-12-02,14.028797149658203
1998-12-03,13.807592391967772
1998-12-04,14.657462120056152
1998-12-07,14.203425407409668
1998-12-08,13.970577239990234
1998-12-09,14.063730239868164
1998-12-10,13.504895210266112
1998-12-11,13.22548484802246
1998-12-14,12.992635726928713
1998-12-15,12.75980281829834
1998-12-16,13.72881317138672
1998-12-17,14.126421928405762
1998-12-18,13.377995491027832
1998-12-21,13.28444004058838
1998-12-22,13.471549987792969
1998-12-23,13.635263442993164
1998-12-24,13.565095901489258
1998-12-28,13.4364652633667
1998-12-29,13.413071632385254
1998-12-30,13.354602813720703
1998-12-31,13.705427169799805
1999-01-04,14.056244850158691
1999-01-05,13.798977851867676
1999-01-06,14.219966888427734
1999-01-07,13.752198219299316
1999-01-08,13.845758438110352
1999-01-11,13.611875534057615
1999-01-12,13.377995491027832
1999-01-13,13.167498588562012
1999-01-14,13.23766040802002
1999-01-15,13.798977851867676
1999-01-19,13.565095901489258
1999-01-20,12.95701026916504
1999-01-21,12.81668186187744
1999-01-22,12.91022777557373
1999-01-25,13.073945045471191
1999-01-26,12.629573822021484
1999-01-27,12.559415817260742
1999-01-28,12.372307777404783
1999-01-29,12.32553005218506
1999-02-01,12.161806106567385
1999-02-02,12.056562423706056
1999-02-03,12.091647148132324
1999-02-04,11.740825653076172
1999-02-05,11.55372428894043
1999-02-08,12.536025047302246
1999-02-09,12.512632369995115
1999-02-10,12.536025047302246
1999-02-11,13.03886604309082
1999-02-12,12.50093936920166
1999-02-16,12.723124504089355
1999-02-17,12.81668186187744
1999-02-18,12.629573822021484
1999-02-19,12.769904136657717
1999-02-22,13.424763679504396
1999-02-23,13.401381492614746
1999-02-24,12.84006404876709
1999-02-25,13.02717399597168
1999-02-26,13.120718955993652
1999-03-01,13.424763679504396
1999-03-02,13.670342445373535
1999-03-03,13.705427169799805
1999-03-04,14.009469985961914
1999-03-05,14.17319107055664
1999-03-08,13.892531394958496
1999-03-09,13.787286758422852
1999-03-10,14.032854080200195
1999-03-11,14.032854080200195
1999-03-12,14.161500930786133
1999-03-15,14.290131568908691
1999-03-16,13.869142532348633
1999-03-17,13.862564086914062
1999-03-18,14.449963569641112
1999-03-19,14.285491943359377
1999-03-22,14.285491943359377
1999-03-23,13.956547737121582
1999-03-24,14.250244140625
1999-03-25,14.755407333374023
1999-03-26,14.0035400390625
1999-03-29,14.684922218322754
1999-03-30,14.614435195922852
1999-03-31,13.698098182678224
1999-04-01,14.19151496887207
1999-04-05,14.684922218322754
1999-04-06,13.94480323791504
1999-04-07,13.933050155639648
1999-04-08,14.14450740814209
1999-04-09,13.968289375305176
1999-04-12,14.473456382751465
1999-04-13,13.839069366455078
1999-04-14,13.651095390319824
1999-04-15,14.050533294677734
1999-04-16,13.839069366455078
1999-04-19,14.602686882019045
1999-04-20,14.708407402038574
1999-04-21,15.037353515625
1999-04-22,14.93163013458252
1999-04-23,14.872889518737791
1999-04-26,14.661419868469238
1999-04-27,14.978623390197754
1999-04-28,15.037353515625
1999-04-29,14.943379402160645
1999-04-30,15.178339004516602
1999-05-03,15.201825141906738
1999-05-04,14.89638900756836
1999-05-05,14.990360260009766
1999-05-06,14.884632110595703
1999-05-07,14.966866493225098
1999-05-10,14.919878005981444
1999-05-11,15.213570594787598
1999-05-12,15.013860702514648
1999-05-13,15.5542631149292
1999-05-14,15.131340026855469
1999-05-17,15.14308738708496
1999-05-18,14.966866493225098
1999-05-19,15.495532989501951
1999-05-20,15.483781814575195
1999-05-21,15.107848167419434
1999-05-24,15.14308738708496
1999-05-25,15.037353515625
1999-05-26,15.589517593383787
1999-05-27,15.131340026855469
1999-05-28,15.483781814575195
1999-06-01,15.131340026855469
1999-06-02,14.943379402160645
1999-06-03,15.213570594787598
1999-06-04,15.060853004455566
1999-06-07,14.966866493225098
1999-06-08,14.825897216796877
1999-06-09,14.73191261291504
1999-06-10,14.5439453125
1999-06-11,14.567444801330566
1999-06-14,14.637930870056152
1999-06-15,14.355978965759276
1999-06-16,14.561782836914062
1999-06-17,14.538180351257324
1999-06-18,14.490972518920898
1999-06-21,14.39657211303711
1999-06-22,14.32577419281006
1999-06-23,14.066158294677734
1999-06-24,14.113360404968262
1999-06-25,14.113360404968262
1999-06-28,14.420177459716797
1999-06-29,14.302165985107422
1999-06-30,14.184165954589844
1999-07-01,14.066158294677734
1999-07-02,14.302165985107422
1999-07-06,14.207761764526367
1999-07-07,14.2431640625
1999-07-08,14.042558670043944
1999-07-09,14.160555839538574
1999-07-12,14.113360404968262
1999-07-13,14.007162094116213
1999-07-14,13.971758842468262
1999-07-15,14.018954277038574
1999-07-16,14.254969596862791
1999-07-19,13.92455005645752
1999-07-20,13.983551025390623
1999-07-21,14.349371910095217
1999-07-22,13.877351760864258
1999-07-23,14.042558670043944
1999-07-26,14.585382461547852
1999-07-27,14.797784805297852
1999-07-28,14.585382461547852
1999-07-29,14.349371910095217
1999-07-30,14.207761764526367
1999-08-02,14.37297534942627
1999-08-03,14.113360404968262
1999-08-04,14.066158294677734
1999-08-05,14.420177459716797
1999-08-06,14.184165954589844
1999-08-09,14.703378677368164
1999-08-10,14.538180351257324
1999-08-11,15.057393074035645
1999-08-12,14.963000297546388
1999-08-13,15.293399810791016
1999-08-16,15.954227447509766
1999-08-17,15.470413208007812
1999-08-18,15.163597106933594
1999-08-19,15.187207221984863
1999-08-20,15.340608596801758
1999-08-23,15.517618179321287
1999-08-24,15.81262493133545
1999-08-25,15.859825134277344
1999-08-26,15.458611488342283
1999-08-27,15.151803016662598
1999-08-30,14.51457691192627
1999-08-31,14.963000297546388
1999-09-01,15.175402641296388
1999-09-02,14.656179428100586
1999-09-03,14.88039207458496
1999-09-07,14.8685884475708
1999-09-08,14.443778038024902
1999-09-09,14.821386337280272
1999-09-10,15.057393074035645
1999-09-13,15.199000358581545
1999-09-14,14.986594200134276
1999-09-15,14.837739944458008
1999-09-16,14.837739944458008
1999-09-17,14.624418258666992
1999-09-20,14.719229698181152
1999-09-21,14.363698959350586
1999-09-22,14.600719451904297
1999-09-23,14.411096572875977
1999-09-24,14.387395858764648
1999-09-27,14.458502769470217
1999-09-28,14.411096572875977
1999-09-29,14.174076080322266
1999-09-30,14.233333587646484
1999-10-01,13.830387115478516
1999-10-04,13.700030326843262
1999-10-05,13.55781078338623
1999-10-06,13.925195693969728
1999-10-07,13.747428894042969
1999-10-08,14.05555820465088
1999-10-11,13.747428894042969
1999-10-12,13.320788383483888
1999-10-13,13.036357879638672
1999-10-14,13.166717529296877
1999-10-15,12.443795204162598
1999-10-18,12.443795204162598
1999-10-19,12.538603782653809
1999-10-20,12.372685432434082
1999-10-21,12.159369468688965
1999-10-22,12.538603782653809
1999-10-25,12.799330711364746
1999-10-26,12.633413314819336
1999-10-27,13.107460021972656
1999-10-28,13.30893325805664
1999-10-29,13.581506729125977
1999-11-01,13.29708194732666
1999-11-02,13.036357879638672
1999-11-03,13.107460021972656
1999-11-04,13.320788383483888
1999-11-05,13.652615547180176
1999-11-08,13.865939140319824
1999-11-09,13.700030326843262
1999-11-10,13.439297676086426
1999-11-11,13.249676704406738
1999-11-12,13.534109115600586
1999-11-15,13.344483375549316
1999-11-16,13.510405540466309
1999-11-17,13.17857265472412
1999-11-18,13.083758354187012
1999-11-19,13.1311616897583
1999-11-22,13.107460021972656
1999-11-23,12.917841911315918
1999-11-24,13.083758354187012
1999-11-26,12.60971450805664
1999-11-29,12.775633811950684
1999-11-30,12.704520225524902
1999-12-01,12.372685432434082
1999-12-02,12.040854454040527
1999-12-03,12.230476379394531
1999-12-06,12.230476379394531
1999-12-07,12.254173278808594
1999-12-08,12.230476379394531
1999-12-09,11.99344539642334
1999-12-10,12.11195945739746
1999-12-13,12.135665893554688
1999-12-14,12.183066368103027
1999-12-15,12.05725383758545
1999-12-16,11.72365665435791
1999-12-17,12.03342342376709
1999-12-20,11.771306991577148
1999-12-21,12.533824920654297
1999-12-22,12.438506126403809
1999-12-23,12.438506126403809
1999-12-27,11.485366821289062
1999-12-28,11.72365665435791
1999-12-29,11.818965911865234
1999-12-30,11.866629600524902
1999-12-31,11.890453338623049
2000-01-03,11.640249252319336
2000-01-04,11.628335952758787
2000-01-05,11.747481346130373
2000-01-06,11.818965911865234
2000-01-07,12.05725383758545
2000-01-10,11.72365665435791
2000-01-11,11.628335952758787
2000-01-12,11.72365665435791
2000-01-13,11.866629600524902
2000-01-14,11.580676078796388
2000-01-18,11.247081756591797
2000-01-19,11.390052795410156
2000-01-20,11.032623291015623
2000-01-21,11.461539268493652
2000-01-24,11.330482482910156
2000-01-25,11.270906448364258
2000-01-26,11.556852340698242
2000-01-27,11.104106903076172
2000-01-28,10.53222370147705
2000-01-31,10.961141586303713
2000-02-01,11.080278396606444
2000-02-02,10.86582088470459
2000-02-03,11.247081756591797
2000-02-04,11.390052795410156
2000-02-07,10.984962463378906
2000-02-08,10.961141586303713
2000-02-09,11.16367530822754
2000-02-10,11.044538497924805
2000-02-11,11.008790016174316
2000-02-14,10.949223518371582
2000-02-15,11.509198188781738
2000-02-16,11.580676078796388
2000-02-17,11.72365665435791
2000-02-18,11.699822425842283
2000-02-22,11.652167320251465
2000-02-23,11.771306991577148
2000-02-24,11.509198188781738
2000-02-25,11.342392921447754
2000-02-28,11.4138822555542
2000-02-29,11.390052795410156
2000-03-01,11.580676078796388
2000-03-02,12.10490894317627
2000-03-03,12.128739356994627
2000-03-06,11.199427604675291
2000-03-07,10.699023246765137
2000-03-08,10.174798965454102
2000-03-09,10.722850799560549
2000-03-10,10.246282577514648
2000-03-13,10.43691062927246
2000-03-14,10.377344131469728
2000-03-15,10.961141586303713
2000-03-16,12.27171230316162
2000-03-17,11.818965911865234
2000-03-20,12.17639446258545
2000-03-21,12.41467571258545
2000-03-22,12.29579734802246
2000-03-23,12.487540245056152
2000-03-24,13.038816452026367
2000-03-27,12.319767951965332
2000-03-28,12.655324935913086
2000-03-29,12.841084480285645
2000-03-30,13.494220733642578
2000-03-31,14.428983688354492
2000-04-03,14.93231964111328
2000-04-04,14.968274116516112
2000-04-05,15.315813064575195
2000-04-06,15.315813064575195
2000-04-07,15.339787483215332
2000-04-10,15.459628105163574
2000-04-11,15.459628105163574
2000-04-12,15.315813064575195
2000-04-13,15.58545970916748
2000-04-14,14.908354759216309
2000-04-17,15.34577751159668
2000-04-18,15.531532287597656
2000-04-19,15.148035049438477
2000-04-20,15.387720108032228
2000-04-24,15.615422248840332
2000-04-25,16.10677719116211
2000-04-26,15.69931697845459
2000-04-27,15.172008514404297
2000-04-28,15.459628105163574
2000-05-01,15.938993453979492
2000-05-02,16.44232940673828
2000-05-03,15.195978164672852
2000-05-04,15.195978164672852
2000-05-05,15.315813064575195
2000-05-08,15.052166938781738
2000-05-09,15.052166938781738
2000-05-10,14.69264316558838
2000-05-11,14.74057674407959
2000-05-12,15.100103378295898
2000-05-15,15.435660362243652
2000-05-16,15.867091178894045
2000-05-17,15.219938278198242
2000-05-18,15.459628105163574
2000-05-19,14.83644962310791
2000-05-22,15.387720108032228
2000-05-23,15.100103378295898
2000-05-24,15.483597755432127
2000-05-25,14.980260848999023
2000-05-26,15.339787483215332
2000-05-30,15.62740421295166
2000-05-31,15.393712997436523
2000-06-01,15.435660362243652
2000-06-02,15.531532287597656
2000-06-05,15.076135635375977
2000-06-06,14.40501880645752
2000-06-07,15.076135635375977
2000-06-08,14.452958106994627
2000-06-09,14.524861335754396
2000-06-12,13.925649642944336
2000-06-13,14.23723602294922
2000-06-14,13.494220733642578
2000-06-15,13.829771041870115
2000-06-16,13.542153358459473
2000-06-19,13.32643985748291
2000-06-20,12.60738468170166
2000-06-21,13.018181800842283
2000-06-22,13.018181800842283
2000-06-23,13.211047172546388
2000-06-26,13.42801284790039
2000-06-27,13.090509414672852
2000-06-28,13.50033950805664
2000-06-29,12.801214218139648
2000-06-30,12.126193046569824
2000-07-03,12.36727523803711
2000-07-05,12.680676460266112
2000-07-06,12.680676460266112
2000-07-07,12.777101516723633
2000-07-10,12.825322151184082
2000-07-11,13.283370971679688
2000-07-12,13.596768379211426
2000-07-13,13.717313766479492
2000-07-14,13.934274673461914
2000-07-17,13.78962516784668
2000-07-18,13.50033950805664
2000-07-19,13.307473182678224
2000-07-20,13.904141426086426
2000-07-21,13.235150337219238
2000-07-24,13.379804611206056
2000-07-25,14.078922271728516
2000-07-26,14.05482006072998
2000-07-27,14.657509803771973
2000-07-28,14.368223190307615
2000-07-31,14.561079978942873
2000-08-01,15.163774490356444
2000-08-02,15.091443061828612
2000-08-03,15.4048433303833
2000-08-04,15.428956985473633
2000-08-07,15.30841064453125
2000-08-08,15.30841064453125
2000-08-09,14.89858627319336
2000-08-10,14.970908164978027
2000-08-11,15.428956985473633
2000-08-14,15.4048433303833
2000-08-15,14.970908164978027
2000-08-16,15.115557670593262
2000-08-17,15.380743026733398
2000-08-18,15.30841064453125
2000-08-21,15.4048433303833
2000-08-22,15.260204315185549
2000-08-23,15.13966464996338
2000-08-24,14.72983455657959
2000-08-25,14.488755226135254
2000-08-28,14.705726623535156
2000-08-29,14.464646339416504
2000-08-30,14.89858627319336
2000-08-31,14.995020866394045
2000-09-01,14.705726623535156
2000-09-05,15.193903923034668
2000-09-06,15.211978912353516
2000-09-07,14.995020866394045
2000-09-08,15.211978912353516
2000-09-11,15.45306396484375
2000-09-12,15.501285552978516
2000-09-13,15.4048433303833
2000-09-14,15.236089706420898
2000-09-15,14.77805233001709
2000-09-18,14.24768352508545
2000-09-19,14.892562866210938
2000-09-20,14.699711799621582
2000-09-21,14.754217147827148
2000-09-22,14.705769538879396
2000-09-25,14.342360496520996
2000-09-26,14.26968765258789
2000-09-27,13.615557670593262
2000-09-28,13.845711708068848
2000-09-29,13.760921478271484
2000-10-02,13.90628147125244
2000-10-03,13.470202445983888
2000-10-04,13.203696250915527
2000-10-05,13.373284339904783
2000-10-06,13.542877197265623
2000-10-09,13.185528755187988
2000-10-10,13.034107208251951
2000-10-11,12.888747215270996
2000-10-12,12.888747215270996
2000-10-13,13.058341026306152
2000-10-16,13.276382446289062
2000-10-17,13.155244827270508
2000-10-18,13.13706874847412
2000-10-19,13.736693382263184
2000-10-20,13.542877197265623
2000-10-23,13.373284339904783
2000-10-24,13.930508613586426
2000-10-25,13.930508613586426
2000-10-26,13.785149574279783
2000-10-27,14.245457649230955
2000-10-30,14.705769538879396
2000-10-31,14.245457649230955
2000-11-01,14.560409545898438
2000-11-02,14.802675247192385
2000-11-03,14.608864784240724
2000-11-06,14.560409545898438
2000-11-07,14.148550033569336
2000-11-08,14.02741527557373
2000-11-09,13.954729080200195
2000-11-10,14.148550033569336
2000-11-13,13.760921478271484
2000-11-14,14.021356582641602
2000-11-15,14.148550033569336
2000-11-16,14.245457649230955
2000-11-17,14.221229553222656
2000-11-20,13.930508613586426
2000-11-21,13.930508613586426
2000-11-22,13.664016723632812
2000-11-24,13.615557670593262
2000-11-27,13.367231369018556
2000-11-28,13.615557670593262
2000-11-29,14.045586585998535
2000-11-30,14.172781944274902
2000-12-01,14.51194953918457
2000-12-04,14.657320022583008
2000-12-05,15.014671325683594
2000-12-06,15.359895706176758
2000-12-07,15.287216186523438
2000-12-08,15.426528930664062
2000-12-11,15.529492378234863
2000-12-12,15.450756072998049
2000-12-13,15.14185619354248
2000-12-14,14.58463191986084
2000-12-15,14.415051460266112
2000-12-18,14.802675247192385
2000-12-19,15.020721435546877
2000-12-20,15.192127227783203
2000-12-21,15.167774200439451
2000-12-22,15.210384368896484
2000-12-26,15.167774200439451
2000-12-27,15.24081325531006
2000-12-28,15.435592651367188
2000-12-29,15.411237716674805
2001-01-02,15.435592651367188
2001-01-03,16.0198917388916
2001-01-04,15.557324409484863
2001-01-05,15.508621215820312
2001-01-08,15.654704093933104
2001-01-09,15.557324409484863
2001-01-10,15.53296184539795
2001-01-11,15.192127227783203
2001-01-12,14.729544639587402
2001-01-16,14.802577018737791
2001-01-17,14.632152557373049
2001-01-18,14.437383651733398
2001-01-19,14.072186470031738
2001-01-22,14.46173095703125
2001-01-23,14.388691902160645
2001-01-24,14.364349365234377
2001-01-25,14.41303539276123
2001-01-26,14.388691902160645
2001-01-29,14.266961097717283
2001-01-30,14.09653091430664
2001-01-31,13.853067398071287
2001-02-01,13.87741470336914
2001-02-02,13.93219757080078
2001-02-05,14.02348804473877
2001-02-06,14.175662994384766
2001-02-07,14.437383651733398
2001-02-08,14.364349365234377
2001-02-09,14.291304588317873
2001-02-12,14.607813835144045
2001-02-13,14.559112548828123
2001-02-14,14.364349365234377
2001-02-15,14.437383651733398
2001-02-16,14.54085922241211
2001-02-20,14.242615699768066
2001-02-21,13.853067398071287
2001-02-22,14.120879173278809
2001-02-23,13.895678520202637
2001-02-26,13.950456619262695
2001-02-27,14.266961097717283
2001-02-28,14.339998245239258
2001-03-01,14.52259635925293
2001-03-02,14.46173095703125
2001-03-05,14.510419845581056
2001-03-06,14.559112548828123
2001-03-07,14.607813835144045
2001-03-08,14.851268768310549
2001-03-09,14.656495094299316
2001-03-12,14.437383651733398
2001-03-13,14.291304588317873
2001-03-14,13.999149322509766
2001-03-15,14.242615699768066
2001-03-16,14.157397270202637
2001-03-19,13.901766777038574
2001-03-20,13.999149322509766
2001-03-21,13.983475685119627
2001-03-22,13.83653450012207
2001-03-23,14.105920791625977
2001-03-26,14.39979362487793
2001-03-27,14.179391860961914
2001-03-28,14.20388126373291
2001-03-29,14.375307083129885
2001-03-30,14.865087509155272
2001-04-02,14.791631698608398
2001-04-03,14.693671226501465
2001-04-04,14.62020206451416
2001-04-05,14.865087509155272
2001-04-06,14.277355194091797
2001-04-09,14.30575180053711
2001-04-10,14.48599624633789
2001-04-11,14.266571044921877
2001-04-12,14.30184555053711
2001-04-16,14.493834495544434
2001-04-17,14.748519897460938
2001-04-18,15.13643741607666
2001-04-19,15.011051177978516
2001-04-20,14.732851028442385
2001-04-23,14.8503999710083
2001-04-24,14.86216163635254
2001-04-25,14.685833930969238
2001-04-26,14.62313461303711
2001-04-27,15.265740394592283
2001-04-30,15.038487434387209
2001-05-01,15.246150016784668
2001-05-02,15.156028747558594
2001-05-03,15.14034938812256
2001-05-04,15.567453384399414
2001-05-07,15.383292198181152
2001-05-08,15.316682815551758
2001-05-09,15.37937068939209
2001-05-10,15.387207984924316
2001-05-11,15.46949577331543
2001-05-14,15.438148498535156
2001-05-15,15.594884872436523
2001-05-16,15.747690200805664
2001-05-17,15.771203994750977
2001-05-18,15.763368606567385
2001-05-21,15.967123031616213
2001-05-22,15.967123031616213
2001-05-23,15.794711112976074
2001-05-24,15.85741138458252
2001-05-25,16.06507110595703
2001-05-29,16.147357940673828
2001-05-30,16.288419723510742
2001-05-31,16.46474266052246
2001-06-01,16.343284606933594
2001-06-04,16.25316047668457
2001-06-05,16.280595779418945
2001-06-06,16.280595779418945
2001-06-07,16.178707122802734
2001-06-08,16.26491355895996
2001-06-11,16.339365005493164
2001-06-12,16.55094337463379
2001-06-13,16.73119354248047
2001-06-14,16.39812469482422
2001-06-15,16.18262481689453
2001-06-18,15.986712455749512
2001-06-19,16.0611572265625
2001-06-20,16.187192916870117
2001-06-21,16.108415603637695
2001-06-22,15.813033103942873
2001-06-25,15.734265327453612
2001-06-26,16.033586502075195
2001-06-27,15.891810417175291
2001-06-28,15.966642379760742
2001-06-29,15.557034492492676
2001-07-02,15.895746231079102
2001-07-03,15.986337661743164
2001-07-05,15.828784942626951
2001-07-06,15.33253574371338
2001-07-09,15.588541030883787
2001-07-10,15.3364839553833
2001-07-11,15.31284999847412
2001-07-12,15.438876152038574
2001-07-13,15.44281005859375
2001-07-16,15.600358963012695
2001-07-17,15.588541030883787
2001-07-18,15.65548324584961
2001-07-19,15.65548324584961
2001-07-20,15.226208686828612
2001-07-23,15.111978530883787
2001-07-24,15.115928649902344
2001-07-25,15.419187545776367
2001-07-26,15.494017601013184
2001-07-27,15.293147087097168
2001-07-30,15.277393341064451
2001-07-31,15.517650604248049
2001-08-01,15.545215606689451
2001-08-02,15.123797416687012
2001-08-03,15.364055633544922
2001-08-06,15.182875633239746
2001-08-07,15.54127597808838
2001-08-08,15.53733730316162
2001-08-09,15.64761734008789
2001-08-10,15.710628509521484
2001-08-13,15.683053970336914
2001-08-14,15.966642379760742
2001-08-15,15.887861251831056
2001-08-16,16.09660530090332
2001-08-17,16.242332458496094
2001-08-20,16.419565200805664
2001-08-21,16.40380859375
2001-08-22,16.439252853393555
2001-08-23,16.340791702270508
2001-08-24,16.59285545349121
2001-08-27,16.407743453979492
2001-08-28,16.179309844970703
2001-08-29,16.00208282470703
2001-08-30,16.006017684936523
2001-08-31,15.753950119018556
2001-09-04,15.75789737701416
2001-09-05,15.962697982788086
2001-09-06,15.419187545776367
2001-09-07,15.34829044342041
2001-09-10,15.714570999145508
2001-09-17,15.415245056152344
2001-09-18,15.399497032165527
2001-09-19,15.324258804321287
2001-09-20,15.193589210510254
2001-09-21,14.765936851501465
2001-09-24,14.95600700378418
2001-09-25,14.975802421569824
2001-09-26,14.975802421569824
2001-09-27,15.799419403076172
2001-09-28,16.480510711669922
2001-10-01,16.03701400756836
2001-10-02,16.096410751342773
2001-10-03,16.55573844909668
2001-10-04,16.78936767578125
2001-10-05,16.238962173461914
2001-10-08,15.712315559387209
2001-10-09,15.45492458343506
2001-10-10,15.482659339904783
2001-10-11,15.56580638885498
2001-10-12,15.415337562561035
2001-10-15,15.601434707641602
2001-10-16,15.625201225280762
2001-10-17,15.355937957763672
2001-10-18,15.169836044311523
2001-10-19,14.97975730895996
2001-10-22,15.6687593460083
2001-10-23,15.07083511352539
2001-10-24,15.304466247558594
2001-10-25,15.423260688781738
2001-10-26,15.403450012207031
2001-10-29,15.229228973388672
2001-10-30,14.872845649719238
2001-10-31,14.73029613494873
2001-11-01,15.379701614379885
2001-11-02,15.692514419555664
2001-11-05,16.021177291870117
2001-11-06,16.080568313598633
2001-11-07,16.2785587310791
2001-11-08,15.49848461151123
2001-11-09,15.300501823425291
2001-11-12,15.435129165649414
2001-11-13,15.39157009124756
2001-11-14,15.28465461730957
2001-11-15,15.229228973388672
2001-11-16,15.296534538269045
2001-11-19,15.88654327392578
2001-11-20,15.720230102539062
2001-11-21,15.957823753356934
2001-11-23,16.112253189086914
2001-11-26,15.981582641601562
2001-11-27,15.819222450256348
2001-11-28,15.652923583984377
2001-11-29,15.51828670501709
2001-11-30,15.280704498291016
2001-12-03,15.328211784362791
2001-12-04,15.328211784362791
2001-12-05,15.35197925567627
2001-12-06,15.229228973388672
2001-12-07,15.118345260620115
2001-12-10,14.924327850341797
2001-12-11,14.79365062713623
2001-12-12,14.940162658691406
2001-12-13,14.655057907104492
2001-12-14,14.662978172302246
2001-12-17,14.567940711975098
2001-12-18,14.916404724121094
2001-12-19,14.848711967468262
2001-12-20,14.85667610168457
2001-12-21,14.80093002319336
2001-12-24,14.888529777526855
2001-12-26,14.93631076812744
2001-12-27,15.087634086608888
2001-12-28,15.187176704406738
2001-12-31,15.191158294677734
2002-01-02,15.07568073272705
2002-01-03,15.027904510498049
2002-01-04,15.07568073272705
2002-01-07,14.836758613586426
2002-01-08,14.62970733642578
2002-01-09,14.617754936218262
2002-01-10,14.757123947143556
2002-01-11,14.757123947143556
2002-01-14,14.637670516967772
2002-01-15,14.928349494934082
2002-01-16,14.828800201416016
2002-01-17,14.896492004394531
2002-01-18,14.836758613586426
2002-01-22,14.784994125366213
2002-01-23,14.840737342834473
2002-01-24,15.155320167541504
2002-01-25,15.350439071655272
2002-01-28,15.18319034576416
2002-01-29,14.920382499694824
2002-01-30,14.976131439208984
2002-01-31,15.33052921295166
2002-02-01,15.354415893554688
2002-02-04,15.171252250671388
2002-02-05,15.163286209106444
2002-02-06,15.155320167541504
2002-02-07,15.27876091003418
2002-02-08,15.418135643005373
2002-02-11,15.410161972045898
2002-02-12,15.34646224975586
2002-02-13,15.684919357299805
2002-02-14,15.796417236328123
2002-02-15,15.613242149353027
2002-02-19,15.426095962524414
2002-02-20,15.776506423950195
2002-02-21,15.33450984954834
2002-02-22,15.449984550476074
2002-02-25,15.665008544921877
2002-02-26,15.752615928649902
2002-02-27,15.995512008666992
2002-02-28,16.011436462402344
2002-03-01,16.13886260986328
2002-03-04,16.34592628479004
2002-03-05,16.61271095275879
2002-03-06,16.72819709777832
2002-03-07,16.481307983398438
2002-03-08,16.481307983398438
2002-03-11,16.616703033447266
2002-03-12,16.704303741455078
2002-03-13,16.620681762695312
2002-03-14,16.768014907836914
2002-03-15,16.959150314331055
2002-03-18,16.907386779785156
2002-03-19,16.99896812438965
2002-03-20,16.944128036499023
2002-03-21,17.012182235717773
2002-03-22,16.996164321899414
2002-03-25,16.67192840576172
2002-03-26,16.90009307861328
2002-03-27,17.080223083496094
2002-03-28,17.476505279541016
2002-04-01,17.376428604125977
2002-04-02,17.588594436645508
2002-04-03,17.388442993164062
2002-04-04,17.660642623901367
2002-04-05,17.73268699645996
2002-04-08,17.760709762573242
2002-04-09,17.968860626220703
2002-04-10,18.35713577270508
2002-04-11,18.1409969329834
2002-04-12,18.313108444213867
2002-04-15,18.14498710632324
2002-04-16,18.32511329650879
2002-04-17,18.52526092529297
2002-04-18,18.469215393066406
2002-04-19,18.389158248901367
2002-04-22,18.285085678100582
2002-04-23,18.2930850982666
2002-04-24,18.313108444213867
2002-04-25,18.437206268310547
2002-04-26,18.493240356445312
2002-04-29,18.353137969970703
2002-04-30,18.757429122924805
2002-05-01,18.8294734954834
2002-05-02,18.80945205688477
2002-05-03,18.69337654113769
2002-05-06,18.69738006591797
2002-05-07,18.41718292236328
2002-05-08,18.74140930175781
2002-05-09,18.64934730529785
2002-05-10,18.34512710571289
2002-05-13,18.313108444213867
2002-05-14,18.26106834411621
2002-05-15,18.193023681640625
2002-05-16,18.04090118408203
2002-05-17,18.07694435119629
2002-05-20,17.88079833984375
2002-05-21,17.74469757080078
2002-05-22,17.932838439941406
2002-05-23,18.012887954711914
2002-05-24,18.004878997802734
2002-05-28,18.012887954711914
2002-05-29,18.05291748046875
2002-05-30,18.1770133972168
2002-05-31,18.165000915527344
2002-06-03,17.828758239746094
2002-06-04,17.892807006835938
2002-06-05,18.024900436401367
2002-06-06,17.95684051513672
2002-06-07,18.024900436401367
2002-06-10,18.108959197998047
2002-06-11,17.808748245239258
2002-06-12,17.84077262878418
2002-06-13,17.44048309326172
2002-06-14,17.604598999023438
2002-06-17,18.301101684570312
2002-06-18,18.341127395629883
2002-06-19,18.128965377807617
2002-06-20,18.329120635986328
2002-06-21,18.361133575439453
2002-06-24,18.42268180847168
2002-06-25,18.366374969482425
2002-06-26,18.153175354003903
2002-06-27,18.32614517211914
2002-06-28,18.71632575988769
2002-07-01,18.668046951293945
2002-07-02,18.08078384399414
2002-07-03,17.73484992980957
2002-07-05,17.690603256225586
2002-07-08,17.658422470092773
2002-07-09,17.111373901367188
2002-07-10,16.64478302001953
2002-07-11,16.286775588989258
2002-07-12,16.210355758666992
2002-07-15,16.06957244873047
2002-07-16,15.787994384765623
2002-07-17,15.679399490356444
2002-07-18,15.080059051513672
2002-07-19,14.979498863220217
2002-07-22,14.826641082763672
2002-07-23,14.33992862701416
2002-07-24,14.693894386291504
2002-07-25,14.28763198852539
2002-07-26,15.28117561340332
2002-07-29,16.08565902709961
2002-07-30,15.981071472167969
2002-07-31,16.12588119506836
2002-08-01,15.993142127990724
2002-08-02,15.45815658569336
2002-08-05,15.003625869750977
2002-08-06,15.136362075805664
2002-08-07,15.401846885681152
2002-08-08,15.993142127990724
2002-08-09,15.981071472167969
2002-08-12,15.916718482971191
2002-08-13,15.47022819519043
2002-08-14,15.92878246307373
2002-08-15,16.145994186401367
2002-08-16,16.045440673828125
2002-08-19,16.306888580322266
2002-08-20,16.137950897216797
2002-08-21,16.113819122314453
2002-08-22,16.54421615600586
2002-08-23,16.359176635742188
2002-08-26,16.387340545654297
2002-08-27,16.113819122314453
2002-08-28,15.912697792053224
2002-08-29,15.808112144470217
2002-08-30,15.981071472167969
2002-09-03,15.442062377929688
2002-09-04,15.848326683044434
2002-09-05,15.639167785644531
2002-09-06,15.51447868347168
2002-09-09,15.55871868133545
2002-09-10,15.297268867492676
2002-09-11,15.08407497406006
2002-09-12,14.790433883666992
2002-09-13,14.82261085510254
2002-09-16,14.7662992477417
2002-09-17,14.774354934692385
2002-09-18,14.878931999206545
2002-09-19,14.681836128234863
2002-09-20,14.597367286682127
2002-09-23,14.62285614013672
2002-09-24,14.315261840820312
2002-09-25,14.618809700012209
2002-09-26,15.136870384216309
2002-09-27,14.570246696472168
2002-09-30,14.400259971618652
2002-10-01,15.149003982543944
2002-10-02,14.452877044677734
2002-10-03,14.189805030822754
2002-10-04,13.878162384033203
2002-10-07,13.639369010925291
2002-10-08,13.963149070739746
2002-10-09,13.230592727661133
2002-10-10,13.558419227600098
2002-10-11,13.696030616760254
2002-10-14,13.740550994873049
2002-10-15,14.400259971618652
2002-10-16,14.315261840820312
2002-10-17,14.825225830078123
2002-10-18,14.853555679321287
2002-10-21,15.197576522827148
2002-10-22,14.865700721740724
2002-10-23,14.809041023254396
2002-10-24,15.128775596618652
2002-10-25,15.962512969970703
2002-10-28,15.614453315734863
2002-10-29,15.383750915527344
2002-10-30,15.367557525634766
2002-10-31,15.375656127929688
2002-11-01,15.387800216674805
2002-11-04,15.56991958618164
2002-11-05,15.65087604522705
2002-11-06,15.861330032348633
2002-11-07,15.440417289733888
2002-11-08,15.246143341064451
2002-11-11,15.076153755187988
2002-11-12,15.258285522460938
2002-11-13,15.282570838928224
2002-11-14,15.541597366333008
2002-11-15,14.966877937316896
2002-11-18,14.825225830078123
2002-11-19,15.0397367477417
2002-11-20,15.153048515319824
2002-11-21,15.339231491088867
2002-11-22,15.505176544189451
2002-11-25,15.464698791503906
2002-11-26,15.262335777282717
2002-11-27,15.56183624267578
2002-11-29,15.582073211669922
2002-12-02,15.565879821777344
2002-12-03,15.476840019226074
2002-12-04,15.43232250213623
2002-12-05,15.278521537780762
2002-12-06,15.395889282226562
2002-12-09,15.112579345703123
2002-12-10,15.452559471130373
2002-12-11,15.671110153198242
2002-12-12,15.586118698120115
2002-12-13,15.44446086883545
2002-12-16,15.780390739440918
2002-12-17,15.53350067138672
2002-12-18,15.403985977172852
2002-12-19,15.197576522827148
2002-12-20,15.448503494262695
2002-12-23,15.523006439208984
2002-12-24,15.514863014221191
2002-12-26,15.494510650634766
2002-12-27,15.307235717773438
2002-12-30,15.445660591125488
2002-12-31,15.286885261535645
2003-01-02,15.734703063964844
2003-01-03,15.649206161499023
2003-01-06,16.007457733154297
2003-01-07,15.75913143157959
2003-01-08,15.592214584350586
2003-01-09,15.995254516601562
2003-01-10,15.905689239501951
2003-01-13,15.921972274780272
2003-01-14,16.007457733154297
2003-01-15,15.620709419250488
2003-01-16,15.42937469482422
2003-01-17,15.246173858642578
2003-01-21,14.9652681350708
2003-01-22,14.96934413909912
2003-01-23,15.10775661468506
2003-01-24,14.643653869628906
2003-01-27,14.594801902770996
2003-01-28,14.676229476928713
2003-01-29,14.696578979492188
2003-01-30,14.452322006225586
2003-01-31,14.570379257202148
2003-02-03,14.574450492858888
2003-02-04,14.037067413330078
2003-02-05,13.971930503845217
2003-02-06,14.12662410736084
2003-02-07,14.069637298583984
2003-02-10,14.297616958618164
2003-02-11,14.17548656463623
2003-02-12,14.106273651123049
2003-02-13,14.224336624145508
2003-02-14,14.493026733398438
2003-02-18,14.55001449584961
2003-02-19,14.42789077758789
2003-02-20,14.34646224975586
2003-02-21,14.63551425933838
2003-02-24,14.35867977142334
2003-02-25,14.379032135009766
2003-02-26,14.19583511352539
2003-02-27,14.468598365783691
2003-02-28,14.42789077758789
2003-03-03,14.448247909545898
2003-03-04,14.24061679840088
2003-03-05,14.452322006225586
2003-03-06,14.224336624145508
2003-03-07,14.379032135009766
2003-03-10,14.073702812194824
2003-03-11,13.99634838104248
2003-03-12,13.699167251586914
2003-03-13,14.114418983459473
2003-03-14,14.260978698730469
2003-03-17,14.692510604858398
2003-03-18,14.578516006469728
2003-03-19,14.76172161102295
2003-03-20,14.716936111450195
2003-03-21,15.054835319519045
2003-03-24,14.546586036682127
2003-03-25,14.763824462890623
2003-03-26,14.628564834594728
2003-03-27,14.69824504852295
2003-03-28,14.550691604614258
2003-03-31,14.37444019317627
2003-04-01,14.681844711303713
2003-04-02,15.001547813415527
2003-04-03,14.813006401062012
2003-04-04,14.935970306396484
2003-04-07,14.927776336669922
2003-04-08,14.845796585083008
2003-04-09,14.79660987854004
2003-04-10,14.817106246948242
2003-04-11,14.76792335510254
2003-04-14,15.01384735107422
2003-04-15,15.120415687561035
2003-04-16,15.005655288696287
2003-04-17,15.116315841674805
2003-04-21,15.07533073425293
2003-04-22,15.57537841796875
2003-04-23,15.567182540893556
2003-04-24,15.288459777832031
2003-04-25,15.095818519592283
2003-04-28,15.222887992858888
2003-04-29,15.079424858093262
2003-04-30,15.108111381530762
2003-05-01,15.259774208068848
2003-05-02,15.472909927368164
2003-05-05,15.440118789672852
2003-05-06,15.48520851135254
2003-05-07,15.345849990844728
2003-05-08,15.116315841674805
2003-05-09,15.132707595825195
2003-05-12,15.362250328063965
2003-05-13,15.231081008911133
2003-05-14,15.145013809204102
2003-05-15,15.16550636291504
2003-05-16,15.263882637023926
2003-05-19,14.919578552246094
2003-05-20,14.743326187133787
2003-05-21,14.70233917236328
2003-05-22,14.76792335510254
2003-05-23,14.780217170715332
2003-05-27,14.919578552246094
2003-05-28,14.956469535827637
2003-05-29,14.866291046142578
2003-05-30,15.20238971710205
2003-06-02,15.411423683166504
2003-06-03,15.22698211669922
2003-06-04,15.42372703552246
2003-06-05,15.349946022033691
2003-06-06,15.26797103881836
2003-06-09,15.14910888671875
2003-06-10,15.280269622802734
2003-06-11,15.628660202026367
2003-06-12,15.743431091308594
2003-06-13,15.694247245788574
2003-06-16,16.112321853637695
2003-06-17,15.936070442199709
2003-06-18,15.854093551635742
2003-06-19,15.329453468322754
2003-06-20,15.378639221191406
2003-06-23,15.333257675170898
2003-06-24,15.411648750305176
2003-06-25,15.395139694213867
2003-06-26,15.535432815551758
2003-06-27,15.539559364318848
2003-06-30,15.283732414245604
2003-07-01,15.539559364318848
2003-07-02,15.679853439331056
2003-07-03,15.473546028137209
2003-07-07,15.873794555664062
2003-07-08,15.811897277832031
2003-07-09,15.69636058807373
2003-07-10,15.395139694213867
2003-07-11,15.440531730651855
2003-07-14,15.968692779541016
2003-07-15,16.191516876220703
2003-07-16,16.249282836914062
2003-07-17,15.993453025817873
2003-07-18,16.265785217285156
2003-07-21,16.166759490966797
2003-07-22,16.179136276245117
2003-07-23,15.869675636291504
2003-07-24,15.824273109436035
2003-07-25,16.09248924255371
2003-07-28,16.290538787841797
2003-07-29,16.13787078857422
2003-07-30,16.04296875
2003-07-31,16.21627426147461
2003-08-01,16.0635986328125
2003-08-04,15.94805908203125
2003-08-05,15.729381561279297
2003-08-06,16.047094345092773
2003-08-07,16.100730895996094
2003-08-08,16.179136276245117
2003-08-11,16.080106735229492
2003-08-12,16.191516876220703
2003-08-13,16.096609115600586
2003-08-14,16.26991844177246
2003-08-15,16.187381744384766
2003-08-18,16.401958465576172
2003-08-19,16.401958465576172
2003-08-20,16.41433334350586
2003-08-21,16.455596923828125
2003-08-22,16.331811904907227
2003-08-25,16.3359317779541
2003-08-26,16.40608024597168
2003-08-27,16.356565475463867
2003-08-28,16.529869079589844
2003-08-29,16.649539947509766
2003-09-02,16.864099502563477
2003-09-03,17.05390739440918
2003-09-04,17.037399291992188
2003-09-05,16.826953887939453
2003-09-08,16.959001541137695
2003-09-09,16.942495346069336
2003-09-10,16.765066146850586
2003-09-11,16.930118560791016
2003-09-12,16.8352108001709
2003-09-15,16.633026123046875
2003-09-16,16.921871185302734
2003-09-17,16.802202224731445
2003-09-18,17.136436462402344
2003-09-19,17.04564666748047
2003-09-22,16.817323684692383
2003-09-23,17.099624633789062
2003-09-24,16.99582862854004
2003-09-25,16.77581214904785
2003-09-26,16.634660720825195
2003-09-29,16.817323684692383
2003-09-30,16.605606079101562
2003-10-01,16.937715530395508
2003-10-02,16.85883140563965
2003-10-03,17.053953170776367
2003-10-06,17.041501998901367
2003-10-07,17.145280838012695
2003-10-08,17.087167739868164
2003-10-09,16.862985610961914
2003-10-10,16.79241943359375
2003-10-13,16.999990463256836
2003-10-14,17.120376586914062
2003-10-15,17.095470428466797
2003-10-16,17.166038513183594
2003-10-17,16.92940902709961
2003-10-20,16.916959762573242
2003-10-21,16.887897491455078
2003-10-22,16.730152130126953
2003-10-23,16.77581214904785
2003-10-24,16.721851348876953
2003-10-27,16.76751708984375
2003-10-28,16.76751708984375
2003-10-29,16.99582862854004
2003-10-30,16.987537384033203
2003-10-31,17.02489471435547
2003-11-03,17.182649612426758
2003-11-04,16.99582862854004
2003-11-05,16.771663665771484
2003-11-06,16.92940902709961
2003-11-07,16.771663665771484
2003-11-10,16.804872512817383
2003-11-11,16.846384048461914
2003-11-12,16.862985610961914
2003-11-13,16.916959762573242
2003-11-14,16.838083267211914
2003-11-17,16.817323684692383
2003-11-18,16.61391258239746
2003-11-19,16.647117614746094
2003-11-20,16.5308780670166
2003-11-21,16.55164909362793
2003-11-24,16.763355255126953
2003-11-25,16.742599487304688
2003-11-26,16.954328536987305
2003-11-28,16.89620018005371
2003-12-01,17.203407287597656
2003-12-02,17.19510269165039
2003-12-03,17.128679275512695
2003-12-04,17.00828742980957
2003-12-05,17.099624633789062
2003-12-08,17.24492073059082
2003-12-09,17.174346923828125
2003-12-10,17.07470703125
2003-12-11,17.27813720703125
2003-12-12,17.124534606933594
2003-12-15,16.97092056274414
2003-12-16,17.062259674072266
2003-12-17,17.0207462310791
2003-12-18,17.269824981689453
2003-12-19,17.32830238342285
2003-12-22,17.274003982543945
2003-12-23,17.240596771240234
2003-12-24,17.278182983398438
2003-12-26,17.248947143554688
2003-12-29,17.457778930664062
2003-12-30,17.340829849243164
2003-12-31,17.436891555786133
2004-01-02,17.524599075317383
2004-01-05,17.633190155029297
2004-01-06,17.537128448486328
2004-01-07,17.491182327270508
2004-01-08,17.407657623291016
2004-01-09,17.324125289916992
2004-01-12,17.428531646728516
2004-01-13,17.294883728027344
2004-01-14,17.737586975097656
2004-01-15,17.70418357849121
2004-01-16,17.87125015258789
2004-01-20,17.85871696472168
2004-01-21,18.06754875183105
2004-01-22,17.98818016052246
2004-01-23,17.850366592407227
2004-01-26,18.20954322814941
2004-01-27,18.1635971069336
2004-01-28,17.85871696472168
2004-01-29,18.04666328430176
2004-01-30,18.092605590820312
2004-02-02,18.088422775268555
2004-02-03,18.167770385742188
2004-02-04,18.451784133911133
2004-02-05,18.272192001342773
2004-02-06,18.313947677612305
2004-02-09,18.29306602478028
2004-02-10,18.401660919189453
2004-02-11,18.29724502563477
2004-02-12,18.272192001342773
2004-02-13,18.14689826965332
2004-02-17,18.3724308013916
2004-02-18,18.280542373657227
2004-02-19,18.1635971069336
2004-02-20,18.138526916503903
2004-02-23,18.234603881835938
2004-02-24,18.44342041015625
2004-02-25,18.41836929321289
2004-02-26,18.51860237121582
2004-02-27,18.794248580932617
2004-03-01,18.75666618347168
2004-03-02,18.69819450378418
2004-03-03,18.89448356628418
2004-03-04,18.99054336547852
2004-03-05,18.9989013671875
2004-03-08,18.781721115112305
2004-03-09,18.57707023620605
2004-03-10,18.389123916625977
2004-03-11,18.050838470458984
2004-03-12,18.242956161499023
2004-03-15,17.91718101501465
2004-03-16,17.958955764770508
2004-03-17,18.19283866882324
2004-03-18,18.167770385742188
2004-03-19,18.071718215942383
2004-03-22,17.964536666870117
2004-03-23,17.804811477661133
2004-03-24,17.800607681274414
2004-03-25,17.876270294189453
2004-03-26,17.729150772094727
2004-03-29,17.951932907104492
2004-03-30,17.9603271484375
2004-03-31,18.26296615600586
2004-04-01,18.548770904541016
2004-04-02,18.68328094482422
2004-04-05,18.914457321166992
2004-04-06,18.876638412475582
2004-04-07,18.6202335357666
2004-04-08,18.65806007385254
2004-04-12,18.700096130371094
2004-04-13,18.494144439697266
2004-04-14,18.4058780670166
2004-04-15,18.20412254333496
2004-04-16,18.347028732299805
2004-04-19,18.212514877319336
2004-04-20,17.951932907104492
2004-04-21,17.947725296020508
2004-04-22,18.401670455932617
2004-04-23,18.17469787597656
2004-04-26,18.09062385559082
2004-04-27,18.313400268554688
2004-04-28,18.16545295715332
2004-04-29,18.07717704772949
2004-04-30,18.019805908203125
2004-05-03,18.23164939880371
2004-05-04,18.10365867614746
2004-05-05,18.041881561279297
2004-05-06,17.99774932861328
2004-05-07,17.78589630126953
2004-05-10,17.807968139648438
2004-05-11,17.980098724365234
2004-05-12,18.147798538208008
2004-05-13,18.227230072021484
2004-05-14,18.315507888793945
2004-05-17,18.010982513427734
2004-05-18,18.28019905090332
2004-05-19,18.222824096679688
2004-05-20,18.333160400390625
2004-05-21,18.47879219055176
2004-05-24,18.3596420288086
2004-05-25,18.496456146240234
2004-05-26,18.64209747314453
2004-05-27,18.90247917175293
2004-05-28,18.86717987060547
2004-06-01,18.79214859008789
2004-06-02,19.12314987182617
2004-06-03,18.977510452270508
2004-06-04,19.065784454345703
2004-06-07,19.259971618652344
2004-06-08,19.33498954772949
2004-06-09,18.96868705749512
2004-06-10,19.167282104492188
2004-06-14,18.924543380737305
2004-06-15,18.906896591186523
2004-06-16,18.951021194458008
2004-06-17,18.96868705749512
2004-06-18,18.81863212585449
2004-06-21,18.73477363586425
2004-06-22,18.796566009521484
2004-06-23,18.754364013671875
2004-06-24,18.718828201293945
2004-06-25,18.909832000732425
2004-06-28,18.91427993774414
2004-06-29,18.9853515625
2004-06-30,19.331830978393555
2004-07-01,19.269643783569336
2004-07-02,19.35848999023437
2004-07-06,19.29629898071289
2004-07-07,19.20301628112793
2004-07-08,19.087512969970703
2004-07-09,19.26520347595215
2004-07-12,19.40290069580078
2004-07-13,19.340715408325195
2004-07-14,19.14527130126953
2004-07-15,18.789888381958008
2004-07-16,18.74103164672852
2004-07-19,18.905393600463867
2004-07-20,18.821001052856445
2004-07-21,18.55002784729004
2004-07-22,18.354581832885746
2004-07-23,17.97700309753418
2004-07-26,17.92369842529297
2004-07-27,17.865951538085938
2004-07-28,17.754892349243164
2004-07-29,17.728252410888672
2004-07-30,17.714920043945312
2004-08-02,17.73713493347168
2004-08-03,17.825977325439453
2004-08-04,17.932580947875977
2004-08-05,17.6616153717041
2004-08-06,17.541675567626953
2004-08-09,17.643848419189453
2004-08-10,17.808191299438477
2004-08-11,17.897048950195312
2004-08-12,17.790435791015625
2004-08-13,17.666061401367188
2004-08-16,17.892601013183594
2004-08-17,17.83930206298828
2004-08-18,17.83040428161621
2004-08-19,17.772668838500977
2004-08-20,17.7415714263916
2004-08-23,17.794876098632812
2004-08-24,17.799314498901367
2004-08-25,17.92369842529297
2004-08-26,17.897048950195312
2004-08-27,17.865951538085938
2004-08-30,17.7415714263916
2004-08-31,17.92369842529297
2004-09-01,17.994773864746094
2004-09-02,18.25685310363769
2004-09-03,18.20799827575684
2004-09-07,18.20799827575684
2004-09-08,18.194656372070312
2004-09-09,18.13691520690918
2004-09-10,17.96811866760254
2004-09-13,17.999217987060547
2004-09-14,17.950349807739258
2004-09-15,18.003658294677734
2004-09-16,18.043636322021484
2004-09-17,18.20355033874512
2004-09-20,18.14580535888672
2004-09-21,18.22576141357422
2004-09-22,18.125139236450195
2004-09-23,18.227989196777344
2004-09-24,18.37109375
2004-09-27,18.227989196777344
2004-09-28,18.245885848999023
2004-09-29,18.134078979492188
2004-09-30,18.433704376220703
2004-10-01,18.617063522338867
2004-10-04,18.603639602661133
2004-10-05,18.36215591430664
2004-10-06,18.46054649353028
2004-10-07,18.214576721191406
2004-10-08,18.125139236450195
2004-10-11,18.18327522277832
2004-10-12,18.134078979492188
2004-10-13,18.00886344909668
2004-10-14,17.59296226501465
2004-10-15,17.651098251342773
2004-10-18,17.722652435302734
2004-10-19,17.351478576660156
2004-10-20,17.494585037231445
2004-10-21,17.38278579711914
2004-10-22,17.525888442993164
2004-10-25,17.75396156311035
2004-10-26,18.48289680480957
2004-10-27,18.594697952270508
2004-10-28,18.74673652648925
2004-10-29,18.67073631286621
2004-11-01,18.78252410888672
2004-11-02,18.943510055541992
2004-11-03,18.97929573059082
2004-11-04,19.02848243713379
2004-11-05,19.08661842346192
2004-11-08,19.14923095703125
2004-11-09,19.185001373291016
2004-11-10,19.319175720214844
2004-11-11,19.37730407714844
2004-11-12,19.430965423583984
2004-11-15,19.560657501220703
2004-11-16,19.569599151611328
2004-11-17,19.66351127624512
2004-11-18,19.6679801940918
2004-11-19,19.574068069458008
2004-11-22,19.744014739990234
2004-11-23,19.73953628540039
2004-11-24,19.8155574798584
2004-11-26,19.998920440673828
2004-11-29,20.025745391845703
2004-11-30,20.034692764282227
2004-12-01,20.33880043029785
2004-12-02,20.35221290588379
2004-12-03,19.820039749145508
2004-12-06,19.95419883728028
2004-12-07,19.69034767150879
2004-12-08,19.744014739990234
2004-12-09,19.766376495361328
2004-12-10,19.85580444335937
2004-12-13,19.9363021850586
2004-12-14,19.918426513671875
2004-12-15,20.070470809936523
2004-12-16,19.802146911621094
2004-12-17,19.57854461669922
2004-12-20,19.69780158996582
2004-12-21,19.778806686401367
2004-12-22,19.81031608581543
2004-12-23,19.74281120300293
2004-12-27,19.67530059814453
2004-12-28,19.85081672668457
2004-12-29,19.900320053100582
2004-12-30,19.922815322875977
2004-12-31,19.91832160949707
2005-01-03,20.003826141357425
2005-01-04,19.70230293273925
2005-01-05,20.07133102416992
2005-01-06,20.21533393859864
2005-01-07,20.12082862854004
2005-01-10,20.13883399963379
2005-01-11,20.003826141357425
2005-01-12,19.87782096862793
2005-01-13,19.74281120300293
2005-01-14,19.87331199645996
2005-01-18,20.16133499145508
2005-01-19,20.04882049560547
2005-01-20,19.900320053100582
2005-01-21,19.711305618286133
2005-01-24,19.67081069946289
2005-01-25,19.72480583190918
2005-01-26,19.87331199645996
2005-01-27,19.60780334472656
2005-01-28,19.39179039001465
2005-01-31,19.85531616210937
2005-02-01,19.93181228637696
2005-02-02,20.13883399963379
2005-02-03,20.1433334350586
2005-02-04,20.399845123291016
2005-02-07,20.37735176086425
2005-02-08,20.359346389770508
2005-02-09,20.1163330078125
2005-02-10,20.134334564208984
2005-02-11,20.33685302734375
2005-02-14,20.507856369018555
2005-02-15,20.56636619567871
2005-02-16,20.4178466796875
2005-02-17,20.251338958740234
2005-02-18,20.210834503173828
2005-02-22,19.90931701660156
2005-02-23,20.01282501220703
2005-02-24,20.08483123779297
2005-02-25,20.296350479125977
2005-02-28,20.12982749938965
2005-03-01,20.52135467529297
2005-03-02,20.467363357543945
2005-03-03,20.39535140991211
2005-03-04,20.48985290527344
2005-03-07,20.665367126464844
2005-03-08,20.59335899353028
2005-03-09,20.43135452270508
2005-03-10,20.59786033630371
2005-03-11,20.4133529663086
2005-03-14,20.65636444091797
2005-03-15,20.1478328704834
2005-03-16,19.99032020568848
2005-03-17,19.92732048034668
2005-03-18,19.75630569458008
2005-03-21,19.80131149291992
2005-03-22,19.42743873596192
2005-03-23,19.65403938293457
2005-03-24,19.613245010375977
2005-03-28,19.812641143798828
2005-03-29,19.89420318603516
2005-03-30,19.907808303833008
2005-03-31,19.762788772583008
2005-04-01,19.61778259277344
2005-04-04,19.903959274291992
2005-04-05,19.9515323638916
2005-04-06,20.09904861450196
2005-04-07,20.08000946044922
2005-04-08,20.01815223693848
2005-04-11,20.032421112060547
2005-04-12,20.46543884277344
2005-04-13,20.213239669799805
2005-04-14,19.965803146362305
2005-04-15,19.63748550415039
2005-04-18,19.62796974182129
2005-04-19,19.75645065307617
2005-04-20,19.608943939208984
2005-04-21,19.53281021118164
2005-04-22,19.313934326171875
2005-04-25,19.20924186706543
2005-04-26,18.781009674072266
2005-04-27,18.94278144836425
2005-04-28,18.81431198120117
2005-04-29,19.09029006958008
2005-05-02,19.004636764526367
2005-05-03,18.86189079284668
2005-05-04,19.27110481262207
2005-05-05,19.161657333374023
2005-05-06,18.99036407470703
2005-05-09,19.014148712158203
2005-05-10,18.714391708374023
2005-05-11,18.81907081604004
2005-05-12,18.566871643066406
2005-05-13,18.37654685974121
2005-05-16,18.538330078125
2005-05-17,18.86189079284668
2005-05-18,18.99036407470703
2005-05-19,18.96181869506836
2005-05-20,18.947540283203125
2005-05-23,19.09504508972168
2005-05-24,18.92374610900879
2005-05-25,18.852373123168945
2005-05-26,18.90947914123535
2005-05-27,18.89995574951172
2005-05-31,18.7857608795166
2005-06-01,18.904708862304688
2005-06-02,18.852373123168945
2005-06-03,18.781009674072266
2005-06-06,18.95230484008789
2005-06-07,18.781009674072266
2005-06-08,18.77147483825684
2005-06-09,18.904708862304688
2005-06-10,18.80954933166504
2005-06-13,18.89519500732422
2005-06-14,18.87140655517578
2005-06-15,18.93802261352539
2005-06-16,19.085521697998047
2005-06-17,19.47571182250977
2005-06-20,19.247312545776367
2005-06-21,19.20924186706543
2005-06-22,19.063018798828125
2005-06-23,18.86164093017578
2005-06-24,18.760961532592773
2005-06-27,19.12533950805664
2005-06-28,19.211645126342773
2005-06-29,19.17329406738281
2005-06-30,18.967119216918945
2005-07-01,19.211645126342773
2005-07-05,19.34109687805176
2005-07-06,19.048627853393555
2005-07-07,19.17808151245117
2005-07-08,19.23560905456543
2005-07-11,19.360271453857425
2005-07-12,19.29314994812012
2005-07-13,19.22602653503418
2005-07-14,19.15411376953125
2005-07-15,19.22602653503418
2005-07-18,19.202051162719727
2005-07-19,19.49452018737793
2005-07-20,19.63835334777832
2005-07-21,19.48493003845215
2005-07-22,19.537673950195312
2005-07-25,19.609588623046875
2005-07-26,19.62876510620117
2005-07-27,19.686304092407227
2005-07-28,19.810949325561523
2005-07-29,19.76301383972168
2005-08-01,19.695884704589844
2005-08-02,20.017127990722656
2005-08-03,20.108211517333984
2005-08-04,20.16574478149414
2005-08-05,20.03629493713379
2005-08-08,20.2041015625
2005-08-09,20.18013381958008
2005-08-10,20.08424949645996
2005-08-11,20.223285675048828
2005-08-12,20.0314998626709
2005-08-15,19.964380264282227
2005-08-16,19.81574821472168
2005-08-17,19.80136489868164
2005-08-18,19.806167602539062
2005-08-19,19.940406799316406
2005-08-22,19.978763580322266
2005-08-23,19.84452247619629
2005-08-24,19.61917495727539
2005-08-25,19.7534236907959
2005-08-26,19.609588623046875
2005-08-29,19.59999084472656
2005-08-30,19.3890380859375
2005-08-31,19.62397003173828
2005-09-01,19.719867706298828
2005-09-02,19.710268020629883
2005-09-06,19.89247131347656
2005-09-07,19.98835182189941
2005-09-08,19.715057373046875
2005-09-09,19.897254943847656
2005-09-12,20.242469787597656
2005-09-13,20.14177703857422
2005-09-14,19.9451961517334
2005-09-15,20.021915435791016
2005-09-16,20.14657020568848
2005-09-19,19.897254943847656
2005-09-20,19.724658966064453
2005-09-21,19.548343658447266
2005-09-22,19.664270401000977
2005-09-23,19.79469490051269
2005-09-26,19.659448623657227
2005-09-27,19.871978759765625
2005-09-28,19.92994880676269
2005-09-29,20.21976852416992
2005-09-30,20.23425674438477
2005-10-03,20.263242721557617
2005-10-04,20.171464920043945
2005-10-05,19.81401252746582
2005-10-06,19.88163375854492
2005-10-07,19.80918312072754
2005-10-10,19.6835994720459
2005-10-11,19.461408615112305
2005-10-12,19.514537811279297
2005-10-13,19.490381240844727
2005-10-14,19.52419090270996
2005-10-17,19.799524307250977
2005-10-18,19.69325065612793
2005-10-19,19.905792236328125
2005-10-20,19.65462112426757
2005-10-21,19.760883331298828
2005-10-24,20.089344024658203
2005-10-25,19.88163375854492
2005-10-26,19.963756561279297
2005-10-27,19.98307609558105
2005-10-28,20.34052276611328
2005-10-31,20.55304908752441
2005-11-01,20.611019134521484
2005-11-02,21.17134475708008
2005-11-03,21.031253814697266
2005-11-04,20.992616653442383
2005-11-07,21.04574203491211
2005-11-08,21.031253814697266
2005-11-09,21.13751983642578
2005-11-10,21.57226181030273
2005-11-11,21.62055206298828
2005-11-14,21.64471244812012
2005-11-15,21.38870429992676
2005-11-16,21.156837463378903
2005-11-17,21.2776107788086
2005-11-18,21.480484008789062
2005-11-21,21.33074188232422
2005-11-22,21.461158752441406
2005-11-23,21.53362464904785
2005-11-25,21.44667053222656
2005-11-28,21.47565078735352
2005-11-29,21.50946044921875
2005-11-30,21.49980735778809
2005-12-01,21.736492156982425
2005-12-02,21.72199821472168
2005-12-05,21.833091735839844
2005-12-06,21.88623237609864
2005-12-07,21.7847900390625
2005-12-08,21.91038703918457
2005-12-09,21.98767471313477
2005-12-12,21.85725212097168
2005-12-13,21.963512420654297
2005-12-14,22.064950942993164
2005-12-15,21.89588737487793
2005-12-16,21.736492156982425
2005-12-19,21.712337493896484
2005-12-20,21.615726470947266
2005-12-21,21.73488044738769
2005-12-22,21.80298042297364
2005-12-23,21.91971015930176
2005-12-27,21.637619018554688
2005-12-28,21.86134147644043
2005-12-29,21.798110961914062
2005-12-30,21.730024337768555
2006-01-03,21.837018966674805
2006-01-04,22.09964370727539
2006-01-05,21.924570083618164
2006-01-06,22.128829956054688
2006-01-09,22.051029205322266
2006-01-10,22.075326919555664
2006-01-11,22.104511260986328
2006-01-12,21.948881149291992
2006-01-13,22.15800666809082
2006-01-17,22.080196380615234
2006-01-18,22.04615020751953
2006-01-19,22.03156089782715
2006-01-20,21.64734649658203
2006-01-23,21.67166328430176
2006-01-24,21.66679000854492
2006-01-25,21.613296508789062
2006-01-26,21.90997314453125
2006-01-27,21.86134147644043
2006-01-30,22.09964370727539
2006-01-31,22.14828491210937
2006-02-01,22.01209259033203
2006-02-02,21.564661026000977
2006-02-03,21.360389709472656
2006-02-06,21.511165618896484
2006-02-07,21.768922805786133
2006-02-08,22.03156089782715
2006-02-09,21.13667297363281
2006-02-10,21.360389709472656
2006-02-13,21.146390914916992
2006-02-14,21.35554313659668
2006-02-15,21.43820571899414
2006-02-16,21.53062057495117
2006-02-17,21.525753021240234
2006-02-21,21.409025192260746
2006-02-22,21.76407051086425
2006-02-23,21.64734649658203
2006-02-24,21.69110870361328
2006-02-27,21.65220642089844
2006-02-28,21.57439613342285
2006-03-01,21.564661026000977
2006-03-02,21.360389709472656
2006-03-03,21.292308807373047
2006-03-06,21.248538970947266
2006-03-07,21.29717063903809
2006-03-08,21.35554313659668
2006-03-09,21.282575607299805
2006-03-10,21.43820571899414
2006-03-13,21.486846923828125
2006-03-14,21.65706443786621
2006-03-15,21.62302589416504
2006-03-16,21.98778533935547
2006-03-17,22.05587387084961
2006-03-20,21.98778533935547
2006-03-21,21.934289932250977
2006-03-22,21.730945587158203
2006-03-23,21.54475784301757
2006-03-24,21.554548263549805
2006-03-27,21.38795280456543
2006-03-28,21.12825393676757
2006-03-29,21.19194984436035
2006-03-30,20.927366256713867
2006-03-31,20.61376571655273
2006-04-03,20.80976295471192
2006-04-04,20.873458862304688
2006-04-05,20.79996681213379
2006-04-06,20.736278533935547
2006-04-07,20.49617385864257
2006-04-10,20.55986785888672
2006-04-11,20.403074264526367
2006-04-12,20.373682022094727
2006-04-13,20.38838577270508
2006-04-17,20.300180435180664
2006-04-18,20.66277503967285
2006-04-19,20.70687294006348
2006-04-20,20.736278533935547
2006-04-21,20.69706916809082
2006-04-24,20.4814682006836
2006-04-25,20.437379837036133
2006-04-26,20.59907913208008
2006-04-27,20.74606704711914
2006-04-28,20.89306640625
2006-05-01,20.59907913208008
2006-05-02,20.912670135498047
2006-05-03,21.58394432067871
2006-05-04,21.43205642700196
2006-05-05,21.75054359436035
2006-05-08,21.745643615722656
2006-05-09,21.78484344482422
2006-05-10,21.799545288085938
2006-05-11,21.73584747314453
2006-05-12,21.5986385345459
2006-05-15,22.14742851257324
2006-05-16,21.917133331298828
2006-05-17,21.863250732421875
2006-05-18,21.72603988647461
2006-05-19,21.922042846679688
2006-05-22,21.99063491821289
2006-05-23,21.882848739624023
2006-05-24,21.88773727416992
2006-05-25,21.99554252624512
2006-05-26,22.03963661193848
2006-05-30,21.863250732421875
2006-05-31,22.46102333068848
2006-06-01,22.70112419128418
2006-06-02,22.759906768798828
2006-06-05,22.412023544311523
2006-06-06,22.51491928100586
2006-06-07,22.710920333862305
2006-06-08,23.024503707885746
2006-06-09,22.88241195678711
2006-06-12,22.779516220092773
2006-06-13,22.94611549377441
2006-06-14,22.823617935180664
2006-06-15,23.00001716613769
2006-06-16,22.87751579284668
2006-06-19,22.69621467590332
2006-06-20,22.72561836242676
2006-06-21,22.767578125
2006-06-22,22.56521415710449
2006-06-23,22.402341842651367
2006-06-26,22.629379272460938
2006-06-27,22.57015037536621
2006-06-28,22.87615966796875
2006-06-29,22.98967933654785
2006-06-30,23.20189094543457
2006-07-03,23.5226993560791
2006-07-05,23.42892265319824
2006-07-06,23.64115333557129
2006-07-07,23.458545684814453
2006-07-10,23.626352310180664
2006-07-11,23.665830612182617
2006-07-12,23.488155364990234
2006-07-13,23.2364444732666
2006-07-14,22.85640525817871
2006-07-17,22.90576171875
2006-07-18,22.969926834106445
2006-07-19,23.23151016235352
2006-07-20,23.23151016235352
2006-07-21,22.964994430541992
2006-07-24,23.28580474853516
2006-07-25,23.44373321533203
2006-07-26,23.42399024963379
2006-07-27,23.0538330078125
2006-07-28,23.20683479309082
2006-07-31,23.275924682617188
2006-08-01,23.20683479309082
2006-08-02,23.35489273071289
2006-08-03,22.95018196105957
2006-08-04,23.02915000915528
2006-08-07,22.95018196105957
2006-08-08,22.95018196105957
2006-08-09,22.91563415527344
2006-08-10,23.00447654724121
2006-08-11,22.881088256835938
2006-08-14,22.93537712097168
2006-08-15,22.747827529907227
2006-08-16,22.99955177307129
2006-08-17,22.8712158203125
2006-08-18,22.93537712097168
2006-08-21,22.83666610717773
2006-08-22,22.8169174194336
2006-08-23,22.72808837890625
2006-08-24,22.910701751708984
2006-08-25,22.668851852416992
2006-08-28,22.71821594238281
2006-08-29,22.86628532409668
2006-08-30,22.960060119628903
2006-08-31,23.048885345458984
2006-09-01,23.11305809020996
2006-09-05,23.00447654724121
2006-09-06,22.78730773925781
2006-09-07,22.71821594238281
2006-09-08,22.79718017578125
2006-09-11,23.18709373474121
2006-09-12,23.389442443847656
2006-09-13,23.493087768554688
2006-09-14,23.621414184570312
2006-09-15,23.907678604125977
2006-09-18,23.89287757873535
2006-09-19,23.789226531982425
2006-09-20,23.945772171020508
2006-09-21,23.69230842590332
2006-09-22,23.682371139526367
2006-09-25,23.910993576049805
2006-09-26,23.98057174682617
2006-09-27,24.03026390075684
2006-09-28,24.055118560791016
2006-09-29,23.915956497192383
2006-10-02,23.910993576049805
2006-10-03,24.07500648498535
2006-10-04,24.104812622070312
2006-10-05,24.17439651489257
2006-10-06,24.15949440002441
2006-10-09,24.14955711364746
2006-10-10,24.154525756835938
2006-10-11,24.154525756835938
2006-10-12,24.10978507995605
2006-10-13,24.26386070251465
2006-10-16,24.26386070251465
2006-10-17,24.3085880279541
2006-10-18,24.38811683654785
2006-10-19,24.24398422241211
2006-10-20,24.234050750732425
2006-10-23,24.35332679748535
2006-10-24,23.30961036682129
2006-10-25,23.02632141113281
2006-10-26,23.394105911254883
2006-10-27,22.892126083374023
2006-10-30,22.892126083374023
2006-10-31,22.688350677490234
2006-11-01,22.61380195617676
2006-11-02,22.60385704040528
2006-11-03,22.574037551879883
2006-11-06,22.648590087890625
2006-11-07,22.60883331298828
2006-11-08,22.60385704040528
2006-11-09,22.46470642089844
2006-11-10,22.499488830566406
2006-11-13,22.61380195617676
2006-11-14,22.59889030456543
2006-11-15,22.524349212646484
2006-11-16,22.718170166015625
2006-11-17,22.55913543701172
2006-11-20,22.519371032714844
2006-11-21,22.489538192749023
2006-11-22,22.484580993652344
2006-11-24,22.400096893310547
2006-11-27,22.047212600708008
2006-11-28,22.05217933654785
2006-11-29,22.156566619873047
2006-11-30,22.007455825805664
2006-12-01,21.99253845214844
2006-12-04,22.340436935424805
2006-12-05,22.5491943359375
2006-12-06,22.713197708129883
2006-12-07,22.67841339111328
2006-12-08,22.75296974182129
2006-12-11,22.88218307495117
2006-12-12,22.97661018371582
2006-12-13,22.961706161499023
2006-12-14,23.05116844177246
2006-12-15,23.200271606445312
2006-12-18,22.87721443176269
2006-12-19,22.94678497314453
2006-12-20,22.939281463623047
2006-12-21,22.809127807617188
2006-12-22,22.72401428222656
2006-12-26,22.7790756225586
2006-12-27,22.929275512695312
2006-12-28,22.87420654296875
2006-12-29,22.683971405029297
2007-01-03,22.939281463623047
2007-01-04,22.82914352416992
2007-01-05,22.668949127197266
2007-01-08,22.709003448486328
2007-01-09,22.558815002441406
2007-01-10,22.538774490356445
2007-01-11,22.588844299316406
2007-01-12,22.709003448486328
2007-01-16,22.75405502319336
2007-01-17,22.56380844116211
2007-01-18,22.64891624450684
2007-01-19,22.744037628173828
2007-01-22,22.598854064941406
2007-01-23,22.72401428222656
2007-01-24,22.98934555053711
2007-01-25,22.68896675109864
2007-01-26,22.50373268127441
2007-01-29,22.55378532409668
2007-01-30,22.523757934570312
2007-01-31,22.39859771728516
2007-02-01,22.7039794921875
2007-02-02,22.96432876586914
2007-02-05,22.89424133300781
2007-02-06,22.89923667907715
2007-02-07,22.53376579284668
2007-02-08,22.008092880249023
2007-02-09,21.95303535461425
2007-02-12,21.82285499572754
2007-02-13,21.93801498413086
2007-02-14,22.023113250732425
2007-02-15,22.17331886291504
2007-02-16,22.12324333190918
2007-02-20,22.14326286315918
2007-02-21,22.05315017700196
2007-02-22,22.13826560974121
2007-02-23,22.03313064575196
2007-02-26,22.003093719482425
2007-02-27,21.5324935913086
2007-02-28,21.63763427734375
2007-03-01,21.70771598815918
2007-03-02,21.457399368286133
2007-03-05,21.27216339111328
2007-03-06,21.357267379760746
2007-03-07,21.307201385498047
2007-03-08,21.52247810363769
2007-03-09,21.577550888061523
2007-03-12,21.547508239746094
2007-03-13,21.17704200744629
2007-03-14,21.14700126647949
2007-03-15,21.292192459106445
2007-03-16,21.357267379760746
2007-03-19,21.49244499206543
2007-03-20,21.40732383728028
2007-03-21,21.90459251403809
2007-03-22,21.652177810668945
2007-03-23,21.768285751342773
2007-03-26,21.70770835876465
2007-03-27,21.576446533203125
2007-03-28,21.329084396362305
2007-03-29,21.3896598815918
2007-03-30,21.404804229736328
2007-04-02,21.490631103515625
2007-04-03,21.69759750366211
2007-04-04,21.60169792175293
2007-04-05,21.69256019592285
2007-04-09,21.520919799804688
2007-04-10,21.54615020751953
2007-04-11,21.586536407470703
2007-04-12,21.55120849609375
2007-04-13,22.212543487548828
2007-04-16,22.974834442138672
2007-04-17,22.995023727416992
2007-04-18,23.08588981628418
2007-04-19,23.08588981628418
2007-04-20,23.222198486328125
2007-04-23,23.17171669006348
2007-04-24,23.055606842041016
2007-04-25,23.39888000488281
2007-04-26,23.14142417907715
2007-04-27,23.18685913085937
2007-04-30,22.838523864746094
2007-05-01,22.92939186096192
2007-05-02,23.06064987182617
2007-05-03,23.196964263916016
2007-05-04,23.196964263916016
2007-05-07,23.6311092376709
2007-05-08,24.040019989013672
2007-05-09,23.878475189208984
2007-05-10,23.58061981201172
2007-05-11,23.70178604125977
2007-05-14,23.49985122680664
2007-05-15,23.318119049072266
2007-05-16,23.61091423034668
2007-05-17,23.60587310791016
2007-05-18,23.61596298217773
2007-05-21,23.489749908447266
2007-05-22,23.42413330078125
2007-05-23,23.45441055297852
2007-05-24,23.136377334594727
2007-05-25,23.14142417907715
2007-05-29,23.14647483825684
2007-05-30,23.21714401245117
2007-05-31,22.92939186096192
2007-06-01,23.116167068481445
2007-06-04,23.166662216186523
2007-06-05,22.969776153564453
2007-06-06,22.88396453857422
2007-06-07,22.369043350219727
2007-06-08,22.64164161682129
2007-06-11,22.727462768554688
2007-06-12,22.68202018737793
2007-06-13,22.858715057373047
2007-06-14,22.818334579467773
2007-06-15,22.81328773498535
2007-06-18,22.777944564819336
2007-06-19,22.86376190185547
2007-06-20,22.67804527282715
2007-06-21,22.525409698486328
2007-06-22,22.16414451599121
2007-06-25,22.04711532592773
2007-06-26,22.18958282470703
2007-06-27,22.372766494750977
2007-06-28,22.29643440246582
2007-06-29,22.08273696899414
2007-07-02,22.40837287902832
2007-07-03,22.347312927246094
2007-07-05,22.32695960998535
2007-07-06,22.48978042602539
2007-07-09,22.545759201049805
2007-07-10,21.83849334716797
2007-07-11,21.975887298583984
2007-07-12,22.26082801818848
2007-07-13,22.23537254333496
2007-07-16,22.342226028442383
2007-07-17,22.23537254333496
2007-07-18,21.94025993347168
2007-07-19,21.86394119262696
2007-07-20,21.36021423339844
2007-07-23,21.38564682006836
2007-07-24,20.67329978942871
2007-07-25,21.37547874450684
2007-07-26,20.92262840270996
2007-07-27,20.4087142944336
2007-07-30,20.413799285888672
2007-07-31,19.945690155029297
2007-08-01,20.373092651367188
2007-08-02,20.439245223999023
2007-08-03,19.477575302124023
2007-08-06,20.281524658203125
2007-08-07,20.25607109069824
2007-08-08,20.413799285888672
2007-08-09,18.780502319335938
2007-08-10,20.63768768310547
2007-08-13,21.12614822387696
2007-08-14,20.1390438079834
2007-08-15,20.21027565002441
2007-08-16,21.004030227661133
2007-08-17,21.706201553344727
2007-08-20,21.46706199645996
2007-08-21,21.55354881286621
2007-08-22,21.930082321166992
2007-08-23,21.78252601623535
2007-08-24,21.87920379638672
2007-08-27,21.685853958129883
2007-08-28,21.15159034729004
2007-08-29,21.6604061126709
2007-08-30,21.33985137939453
2007-08-31,21.44162368774414
2007-09-04,21.706201553344727
2007-09-05,21.54337882995605
2007-09-06,21.752002716064453
2007-09-07,21.548463821411133
2007-09-10,21.39073371887207
2007-09-11,22.036943435668945
2007-09-12,21.75708198547364
2007-09-13,22.011505126953125
2007-09-14,21.87920379638672
2007-09-17,21.685853958129883
2007-09-18,22.789981842041016
2007-09-19,22.76690673828125
2007-09-20,22.330955505371094
2007-09-21,22.20786094665528
2007-09-24,21.82832908630371
2007-09-25,21.95655632019043
2007-09-26,21.997577667236328
2007-09-27,22.233510971069336
2007-09-28,22.212989807128903
2007-10-01,22.76690673828125
2007-10-02,22.99770736694336
2007-10-03,22.592527389526367
2007-10-04,22.52584457397461
2007-10-05,22.77203941345215
2007-10-08,22.73613929748535
2007-10-09,22.83358383178711
2007-10-10,22.859230041503903
2007-10-11,22.89513397216797
2007-10-12,22.946420669555664
2007-10-15,22.72075653076172
2007-10-16,22.40789604187012
2007-10-17,22.218130111694336
2007-10-18,21.971933364868164
2007-10-19,21.176965713500977
2007-10-22,21.70012092590332
2007-10-23,21.6385555267334
2007-10-24,20.45380973815918
2007-10-25,20.20249366760254
2007-10-26,20.264036178588867
2007-10-29,20.387126922607425
2007-10-30,20.423030853271484
2007-10-31,20.40251350402832
2007-11-01,20.064010620117188
2007-11-02,19.899887084960938
2007-11-05,19.879379272460938
2007-11-06,20.16146278381348
2007-11-07,19.67934799194336
2007-11-08,20.274290084838867
2007-11-09,20.59228134155273
2007-11-12,20.823076248168945
2007-11-13,21.50008773803711
2007-11-14,21.26416015625
2007-11-15,21.002588272094727
2007-11-16,20.75641250610352
2007-11-19,20.617923736572266
2007-11-20,20.9615535736084
2007-11-21,20.597412109375
2007-11-23,20.82820701599121
2007-11-26,19.9511775970459
2007-11-27,20.31019592285156
2007-11-28,20.633316040039062
2007-11-29,20.489702224731445
2007-11-30,20.505088806152344
2007-12-03,20.37173652648925
2007-12-04,20.02810859680176
2007-12-05,20.274290084838867
2007-12-06,20.59228134155273
2007-12-07,20.607675552368164
2007-12-10,20.82820701599121
2007-12-11,20.233264923095703
2007-12-12,20.417903900146484
2007-12-13,20.43841552734375
2007-12-14,20.16659545898437
2007-12-17,19.81269645690918
2007-12-18,20.16659545898437
2007-12-19,20.27268409729004
2007-12-20,20.241634368896484
2007-12-21,20.60392189025879
2007-12-24,20.961036682128903
2007-12-26,20.89375686645508
2007-12-27,20.44348526000977
2007-12-28,20.490062713623047
2007-12-31,20.464187622070312
2008-01-02,19.837934494018555
2008-01-03,19.687843322753903
2008-01-04,19.558454513549805
2008-01-07,19.718900680541992
2008-01-08,18.96844482421875
2008-01-09,19.33073616027832
2008-01-10,19.744779586791992
2008-01-11,19.49116325378418
2008-01-14,19.573984146118164
2008-01-15,19.1185302734375
2008-01-16,19.26345443725586
2008-01-17,18.533700942993164
2008-01-18,18.166231155395508
2008-01-22,18.25939178466797
2008-01-23,19.216873168945312
2008-01-24,19.077131271362305
2008-01-25,18.36808013916016
2008-01-28,19.49116325378418
2008-01-29,19.910400390625
2008-01-30,19.822416305541992
2008-01-31,19.94663047790528
2008-02-01,20.101890563964844
2008-02-04,20.050132751464844
2008-02-05,19.55328941345215
2008-02-06,19.56880187988281
2008-02-07,19.682674407958984
2008-02-08,19.55328941345215
2008-02-11,19.408367156982425
2008-02-12,19.46529197692871
2008-02-13,19.573984146118164
2008-02-14,19.3928451538086
2008-02-15,19.724084854125977
2008-02-19,19.687843322753903
2008-02-20,19.88451766967773
2008-02-21,19.636098861694336
2008-02-22,19.73442649841309
2008-02-25,20.003559112548828
2008-02-26,20.148475646972656
2008-02-27,20.396902084350582
2008-02-28,19.75513458251953
2008-02-29,19.237567901611328
2008-03-03,19.12371063232422
2008-03-04,19.206514358520508
2008-03-05,19.19098854064941
2008-03-06,19.020198822021484
2008-03-07,19.21169853210449
2008-03-10,19.00985145568848
2008-03-11,20.034608840942383
2008-03-12,19.718900680541992
2008-03-13,19.667144775390625
2008-03-14,19.1599349975586
2008-03-17,19.31520652770996
2008-03-18,19.906225204467773
2008-03-19,19.791160583496094
2008-03-20,20.76920890808105
2008-03-24,20.39786148071289
2008-03-25,20.30372810363769
2008-03-26,19.93760681152344
2008-03-27,19.723159790039062
2008-03-28,19.759780883789062
2008-03-31,19.89575958251953
2008-04-01,20.77443504333496
2008-04-02,20.905193328857425
2008-04-03,20.716907501220703
2008-04-04,20.298498153686523
2008-04-07,20.50246238708496
2008-04-08,20.204345703125
2008-04-09,19.75454902648925
2008-04-10,19.759780883789062
2008-04-11,19.581945419311523
2008-04-14,18.92294692993164
2008-04-15,19.37273979187012
2008-04-16,19.66039276123047
2008-04-17,19.60809898376465
2008-04-18,19.791160583496094
2008-04-21,19.5557861328125
2008-04-22,19.21060371398925
2008-04-23,19.54010772705078
2008-04-24,20.010826110839844
2008-04-25,19.7650089263916
2008-04-28,19.848690032958984
2008-04-29,19.6290225982666
2008-04-30,18.77649307250977
2008-05-01,19.02754020690918
2008-05-02,19.221065521240234
2008-05-05,19.017078399658203
2008-05-06,19.006622314453125
2008-05-07,18.51498413085937
2008-05-08,18.321468353271484
2008-05-09,18.321468353271484
2008-05-12,18.59866714477539
2008-05-13,18.556825637817383
2008-05-14,18.84971809387207
2008-05-15,18.891557693481445
2008-05-16,18.572513580322266
2008-05-19,18.645740509033203
2008-05-20,18.577741622924805
2008-05-21,18.483598709106445
2008-05-22,18.682342529296875
2008-05-23,18.331926345825195
2008-05-27,18.572513580322266
2008-05-28,18.331926345825195
2008-05-29,18.661434173583984
2008-05-30,18.31623077392578
2008-06-02,18.169790267944336
2008-06-03,17.976272583007812
2008-06-04,18.01287841796875
2008-06-05,18.331926345825195
2008-06-06,17.41663932800293
2008-06-09,17.411413192749023
2008-06-10,17.421863555908203
2008-06-11,16.768085479736328
2008-06-12,16.8779296875
2008-06-13,16.52750015258789
2008-06-16,16.47519302368164
2008-06-17,15.570369720458984
2008-06-18,14.950316429138184
2008-06-19,15.15699577331543
2008-06-20,15.262993812561035
2008-06-23,14.218955993652344
2008-06-24,14.213658332824709
2008-06-25,14.28785514831543
2008-06-26,13.996376037597656
2008-06-27,13.82678508758545
2008-06-30,13.461109161376951
2008-07-01,13.355116844177246
2008-07-02,13.376315116882324
2008-07-03,13.291519165039062
2008-07-07,12.904647827148438
2008-07-08,13.434611320495604
2008-07-09,12.70325756072998
2008-07-10,12.570765495300291
2008-07-11,12.342884063720703
2008-07-14,11.860612869262695
2008-07-15,11.569135665893556
2008-07-16,12.210392951965332
2008-07-17,12.98944091796875
2008-07-18,13.28092098236084
2008-07-21,13.402812957763672
2008-07-22,14.271957397460938
2008-07-23,14.648229598999023
2008-07-24,14.31965160369873
2008-07-25,14.224263191223145
2008-07-28,13.82678508758545
2008-07-29,14.65353012084961
2008-07-30,14.600529670715332
2008-07-31,14.754226684570312
2008-08-01,14.743621826171877
2008-08-04,14.743621826171877
2008-08-05,15.300090789794922
2008-08-06,15.20469093322754
2008-08-07,14.49453830718994
2008-08-08,14.955606460571287
2008-08-11,15.088102340698242
2008-08-12,14.717121124267578
2008-08-13,14.552837371826172
2008-08-14,14.976812362670898
2008-08-15,15.20469093322754
2008-08-18,14.70652675628662
2008-08-19,14.552837371826172
2008-08-20,14.627033233642578
2008-08-21,14.505144119262695
2008-08-22,14.945011138916016
2008-08-25,14.648229598999023
2008-08-26,14.955606460571287
2008-08-27,15.305391311645508
2008-08-28,15.639263153076172
2008-08-29,15.70816135406494
2008-09-02,16.02083969116211
2008-09-03,16.34941864013672
2008-09-04,15.888349533081056
2008-09-05,16.195724487304688
2008-09-08,16.879379272460938
2008-09-09,15.824748039245604
2008-09-10,15.61276626586914
2008-09-11,15.72935390472412
2008-09-12,15.681662559509276
2008-09-15,15.109301567077637
2008-09-16,15.570371627807615
2008-09-17,14.447837829589844
2008-09-18,16.333040237426758
2008-09-19,18.046371459960938
2008-09-22,16.214876174926758
2008-09-23,15.78520679473877
2008-09-24,15.752979278564451
2008-09-25,16.730493545532227
2008-09-26,17.477060317993164
2008-09-29,13.969826698303224
2008-09-30,15.274971961975098
2008-10-01,15.930218696594238
2008-10-02,14.25986385345459
2008-10-03,13.663681030273438
2008-10-06,13.094359397888184
2008-10-07,12.111477851867676
2008-10-08,11.97721004486084
2008-10-09,10.097373962402344
2008-10-10,10.387411117553713
2008-10-13,12.283352851867676
2008-10-14,12.986946105957031
2008-10-15,11.885902404785156
2008-10-16,12.02554416656494
2008-10-17,12.014805793762209
2008-10-20,12.21352481842041
2008-10-21,12.433733940124512
2008-10-22,11.762367248535156
2008-10-23,12.229643821716309
2008-10-24,11.939610481262209
2008-10-27,11.547531127929688
2008-10-28,12.943974494934082
2008-10-29,12.906381607055664
2008-10-30,13.191043853759766
2008-10-31,13.959080696105955
2008-11-03,14.114842414855955
2008-11-04,14.743241310119627
2008-11-05,14.227630615234377
2008-11-06,13.250121116638184
2008-11-07,13.776476860046388
2008-11-10,12.997684478759766
2008-11-11,12.949346542358398
2008-11-12,12.43911075592041
2008-11-13,14.34578800201416
2008-11-14,14.087987899780272
2008-11-17,13.609978675842283
2008-11-18,14.157809257507324
2008-11-19,13.577752113342283
2008-11-20,12.72913932800293
2008-11-21,13.16418743133545
2008-11-24,14.888263702392578
2008-11-25,14.823810577392578
2008-11-26,15.172918319702148
2008-11-28,15.704636573791504
2008-12-01,13.540154457092283
2008-12-02,14.85604190826416
2008-12-03,15.189034461975098
2008-12-04,14.501553535461426
2008-12-05,15.548884391784668
2008-12-08,15.855026245117188
2008-12-09,15.613333702087402
2008-12-10,15.903369903564451
2008-12-11,15.452208518981934
2008-12-12,16.220247268676758
2008-12-15,15.812063217163086
2008-12-16,17.031269073486328
2008-12-17,16.308034896850586
2008-12-18,16.036148071289062
2008-12-19,16.389596939086914
2008-12-22,15.74793815612793
2008-12-23,15.454296112060549
2008-12-24,15.530428886413574
2008-12-26,15.639179229736328
2008-12-29,15.530428886413574
2008-12-30,15.737064361572266
2008-12-31,15.80775260925293
2009-01-02,15.753378868103027
2009-01-05,15.611992835998535
2009-01-06,15.72619342803955
2009-01-07,15.432541847229004
2009-01-08,15.818634033203123
2009-01-09,15.269408226013184
2009-01-12,14.644067764282228
2009-01-13,14.823508262634276
2009-01-14,13.904518127441406
2009-01-15,13.83926773071289
2009-01-16,13.904518127441406
2009-01-20,13.018156051635742
2009-01-21,13.567371368408203
2009-01-22,12.7081937789917
2009-01-23,12.833264350891112
2009-01-26,12.69188404083252
2009-01-27,12.827826499938965
2009-01-28,13.24109935760498
2009-01-29,12.371047973632812
2009-01-30,11.925148010253906
2009-02-02,11.832706451416016
2009-02-03,11.957772254943848
2009-02-04,11.974090576171877
2009-02-05,11.615193367004396
2009-02-06,12.175288200378418
2009-02-09,12.158973693847656
2009-02-10,11.979519844055176
2009-02-11,12.642940521240234
2009-02-12,12.724506378173828
2009-02-13,12.343865394592283
2009-02-17,11.54993724822998
2009-02-18,11.816393852233888
2009-02-19,11.457493782043455
2009-02-20,11.528186798095703
2009-02-23,11.044221878051758
2009-02-24,11.669572830200195
2009-02-25,11.239982604980469
2009-02-26,11.18016529083252
2009-02-27,11.169291496276855
2009-03-02,10.97896957397461
2009-03-03,10.630946159362791
2009-03-04,10.864768981933594
2009-03-05,10.065414428710938
2009-03-06,10.098041534423828
2009-03-09,9.842462539672852
2009-03-10,10.48956298828125
2009-03-11,10.603760719299316
2009-03-12,11.18560791015625
2009-03-13,11.46837329864502
2009-03-16,11.261734008789062
2009-03-17,11.85445499420166
2009-03-18,12.38599681854248
2009-03-19,11.832310676574709
2009-03-20,11.599763870239258
2009-03-23,12.900931358337402
2009-03-24,12.286334991455078
2009-03-25,12.696063041687012
2009-03-26,12.878776550292969
2009-03-27,12.56317901611328
2009-03-30,12.17005729675293
2009-03-31,12.66284465789795
2009-04-01,13.133474349975586
2009-04-02,13.377098083496094
2009-04-03,13.648408889770508
2009-04-06,13.532133102416992
2009-04-07,13.15562629699707
2009-04-08,13.38263702392578
2009-04-09,14.307299613952637
2009-04-13,14.789006233215332
2009-04-14,14.01384449005127
2009-04-15,14.789006233215332
2009-04-16,14.766853332519531
2009-04-17,14.080284118652344
2009-04-20,13.282973289489746
2009-04-21,14.251920700073242
2009-04-22,13.587501525878906
2009-04-23,13.781291007995604
2009-04-24,13.626261711120604
2009-04-27,13.438008308410645
2009-04-28,13.410318374633787
2009-04-29,14.141190528869627
2009-04-30,13.26082706451416
2009-05-01,12.723747253417969
2009-05-04,12.762500762939451
2009-05-05,12.57425308227539
2009-05-06,13.050418853759766
2009-05-07,12.729283332824709
2009-05-08,13.687164306640623
2009-05-11,12.59639835357666
2009-05-12,12.701601028442385
2009-05-13,12.22542667388916
2009-05-14,12.618547439575195
2009-05-15,12.214353561401367
2009-05-18,12.84556007385254
2009-05-19,12.541030883789062
2009-05-20,12.358316421508787
2009-05-21,12.27525806427002
2009-05-22,12.253118515014648
2009-05-26,12.524418830871582
2009-05-27,12.03164005279541
2009-05-28,12.280803680419922
2009-05-29,12.51888656616211
2009-06-01,12.679452896118164
2009-06-02,13.105793952941896
2009-06-03,12.989521026611328
2009-06-04,13.3438720703125
2009-06-05,13.354951858520508
2009-06-08,13.36602020263672
2009-06-09,13.299580574035645
2009-06-10,13.20545768737793
2009-06-11,13.288507461547852
2009-06-12,13.199918746948242
2009-06-15,12.9950532913208
2009-06-16,12.82341194152832
2009-06-17,12.620665550231934
2009-06-18,12.767093658447266
2009-06-19,12.78398895263672
2009-06-22,12.243343353271484
2009-06-23,12.299664497375488
2009-06-24,12.322184562683104
2009-06-25,12.434822082519531
2009-06-26,12.468610763549805
2009-06-29,12.586877822875977
2009-06-30,12.586877822875977
2009-07-01,12.722039222717283
2009-07-02,12.322184562683104
2009-07-06,12.620665550231934
2009-07-07,12.187026023864746
2009-07-08,12.158865928649902
2009-07-09,12.248970985412598
2009-07-10,12.130707740783691
2009-07-13,12.840307235717772
2009-07-14,12.46298599243164
2009-07-15,12.862835884094238
2009-07-16,12.986727714538574
2009-07-17,13.009259223937988
2009-07-20,13.09936237335205
2009-07-21,13.217628479003906
2009-07-22,13.33590030670166
2009-07-23,13.63437271118164
2009-07-24,13.707590103149414
2009-07-27,13.93849277496338
2009-07-28,13.944121360778809
2009-07-29,13.876543045043944
2009-07-30,13.76954174041748
2009-07-31,13.600582122802734
2009-08-03,13.78079891204834
2009-08-04,14.0792875289917
2009-08-05,13.93285846710205
2009-08-06,13.651267051696776
2009-08-07,13.870906829833984
2009-08-10,13.82585620880127
2009-08-11,13.78079891204834
2009-08-12,13.949756622314451
2009-08-13,14.14686393737793
2009-08-14,14.051128387451172
2009-08-17,13.763911247253418
2009-08-18,13.758278846740724
2009-08-19,13.854016304016112
2009-08-20,13.859648704528809
2009-08-21,14.022958755493164
2009-08-24,13.88217544555664
2009-08-25,14.141236305236816
2009-08-26,14.214439392089844
2009-08-27,14.32144832611084
2009-08-28,14.366499900817873
2009-08-31,14.484766960144045
2009-09-01,14.000444412231444
2009-09-02,13.848380088806152
2009-09-03,14.01733684539795
2009-09-04,14.022958755493164
2009-09-08,14.09617805480957
2009-09-09,14.32144832611084
2009-09-10,14.338335990905762
2009-09-11,14.377767562866213
2009-09-14,14.608662605285645
2009-09-15,14.518555641174316
2009-09-16,14.916056632995604
2009-09-17,14.60148811340332
2009-09-18,14.824538230895996
2009-09-21,14.70443630218506
2009-09-22,14.61864948272705
2009-09-23,14.515695571899414
2009-09-24,14.515695571899414
2009-09-25,14.447065353393556
2009-09-28,14.938924789428713
2009-09-29,14.927488327026367
2009-09-30,14.864574432373049
2009-10-01,14.641526222229004
2009-10-02,14.590048789978027
2009-10-05,14.675836563110352
2009-10-06,14.80738639831543
2009-10-07,14.80738639831543
2009-10-08,14.767345428466797
2009-10-09,14.858854293823242
2009-10-12,14.767345428466797
2009-10-13,14.733033180236816
2009-10-14,14.961806297302246
2009-10-15,14.961806297302246
2009-10-16,14.727313041687012
2009-10-19,15.007563591003418
2009-10-20,14.784504890441896
2009-10-21,14.670120239257812
2009-10-22,14.933208465576172
2009-10-23,14.692997932434082
2009-10-26,14.504262924194336
2009-10-27,14.401309967041016
2009-10-28,14.389873504638672
2009-10-29,14.681558609008787
2009-10-30,14.504262924194336
2009-11-02,14.687281608581545
2009-11-03,14.664396286010742
2009-11-04,14.635805130004885
2009-11-05,14.795945167541504
2009-11-06,14.74446964263916
2009-11-09,15.099066734313965
2009-11-10,15.024712562561035
2009-11-11,15.15054702758789
2009-11-12,14.927488327026367
2009-11-13,14.927488327026367
2009-11-16,14.864574432373049
2009-11-17,14.818825721740724
2009-11-18,14.75019073486328
2009-11-19,14.60148811340332
2009-11-20,14.544299125671388
2009-11-23,14.715872764587402
2009-11-24,14.733033180236816
2009-11-25,14.65868091583252
2009-11-27,14.412749290466309
2009-11-30,14.595767974853516
2009-12-01,14.630078315734863
2009-12-02,14.595767974853516
2009-12-03,14.424187660217283
2009-12-04,14.57860279083252
2009-12-07,14.521416664123535
2009-12-08,14.527137756347656
2009-12-09,14.607208251953123
2009-12-10,14.721590995788574
2009-12-11,14.773070335388184
2009-12-14,14.95608615875244
2009-12-15,14.864574432373049
2009-12-16,14.898889541625977
2009-12-17,14.795945167541504
2009-12-18,14.77878761291504
2009-12-21,14.892046928405762
2009-12-22,15.031444549560549
2009-12-23,15.077902793884276
2009-12-24,15.211491584777832
2009-12-28,15.205681800842283
2009-12-29,15.292805671691896
2009-12-30,15.345077514648438
2009-12-31,15.240528106689451
2010-01-04,15.3915433883667
2010-01-05,15.39734935760498
2010-01-06,15.43220043182373
2010-01-07,15.490283012390137
2010-01-08,15.43800926208496
2010-01-11,15.554174423217772
2010-01-12,15.525132179260254
2010-01-13,15.664522171020508
2010-01-14,15.699370384216309
2010-01-15,15.600642204284668
2010-01-19,15.885231971740724
2010-01-20,15.705184936523438
2010-01-21,15.589022636413574
2010-01-22,15.269577980041504
2010-01-25,15.374115943908691
2010-01-26,15.234724044799805
2010-01-27,15.362504959106444
2010-01-28,15.234724044799805
2010-01-29,15.327651023864746
2010-02-01,15.2811861038208
2010-02-02,15.472854614257812
2010-02-03,15.46705436706543
2010-02-04,15.252144813537598
2010-02-05,15.2811861038208
2010-02-08,14.90365982055664
2010-02-09,14.973360061645508
2010-02-10,15.014015197753906
2010-02-11,15.025627136230469
2010-02-12,15.08951473236084
2010-02-16,15.292805671691896
2010-02-17,15.39734935760498
2010-02-18,15.48447608947754
2010-02-19,15.513508796691896
2010-02-22,15.589022636413574
2010-02-23,15.449625968933104
2010-02-24,15.63548755645752
2010-02-25,15.65871810913086
2010-02-26,15.618064880371094
2010-03-01,15.902652740478516
2010-03-02,16.105941772460938
2010-03-03,16.076913833618164
2010-03-04,16.158218383789062
2010-03-05,16.297611236572266
2010-03-08,16.454429626464844
2010-03-09,16.506704330444336
2010-03-10,16.483470916748047
2010-03-11,16.5473575592041
2010-03-12,16.553171157836914
2010-03-15,16.663524627685547
2010-03-16,16.698375701904297
2010-03-17,16.9074649810791
2010-03-18,17.006202697753906
2010-03-19,17.070091247558594
2010-03-22,16.884653091430664
2010-03-23,17.043603897094727
2010-03-24,16.94940948486328
2010-03-25,16.99061393737793
2010-03-26,17.073036193847656
2010-03-29,17.255544662475586
2010-03-30,17.179006576538086
2010-03-31,17.02005386352539
2010-04-01,17.120141983032227
2010-04-05,17.231996536254883
2010-04-06,17.29087257385254
2010-04-07,17.20844268798828
2010-04-08,17.26732063293457
2010-04-09,17.243764877319336
2010-04-12,17.196666717529297
2010-04-13,17.320302963256836
2010-04-14,17.579336166381836
2010-04-15,17.555795669555664
2010-04-16,17.220216751098633
2010-04-19,17.402729034423828
2010-04-20,17.532245635986328
2010-04-21,17.502811431884766
2010-04-22,17.57345199584961
2010-04-23,17.785402297973633
2010-04-26,17.673540115356445
2010-04-27,17.008277893066406
2010-04-28,17.173120498657227
2010-04-29,17.14957618713379
2010-04-30,16.74335479736328
2010-05-03,16.90230369567871
2010-05-04,16.484312057495117
2010-05-05,16.425439834594727
2010-05-06,15.889695167541504
2010-05-07,15.648320198059082
2010-05-10,16.266483306884766
2010-05-11,16.16640281677246
2010-05-12,16.384227752685547
2010-05-13,16.319469451904297
2010-05-14,16.13107681274414
2010-05-17,16.36067771911621
2010-05-18,16.2134952545166
2010-05-19,16.284143447875977
2010-05-20,15.67776107788086
2010-05-21,15.895589828491213
2010-05-24,15.595337867736816
2010-05-25,15.542351722717283
2010-05-26,15.430498123168944
2010-05-27,16.042770385742188
2010-05-28,16.007442474365234
2010-06-01,15.701306343078612
2010-06-02,16.148738861083984
2010-06-03,16.17228889465332
2010-06-04,15.536457061767578
2010-06-07,15.448156356811523
2010-06-08,15.736624717712402
2010-06-09,15.695422172546388
2010-06-10,16.307693481445312
2010-06-11,16.4195613861084
2010-06-14,16.466650009155273
2010-06-15,16.73157501220703
2010-06-16,16.57261848449707
2010-06-17,16.649158477783203
2010-06-18,16.65505027770996
2010-06-21,16.53264808654785
2010-06-22,16.443086624145508
2010-06-23,16.311729431152344
2010-06-24,16.090808868408203
2010-06-25,16.335615158081055
2010-06-28,16.168434143066406
2010-06-29,15.64302921295166
2010-06-30,15.445993423461914
2010-07-01,15.260909080505373
2010-07-02,15.242987632751465
2010-07-06,15.237021446228027
2010-07-07,15.714669227600098
2010-07-08,16.01320457458496
2010-07-09,16.168434143066406
2010-07-12,16.144556045532227
2010-07-13,16.48487663269043
2010-07-14,16.4251766204834
2010-07-15,16.419198989868164
2010-07-16,15.893790245056152
2010-07-19,15.9893217086792
2010-07-20,16.156497955322266
2010-07-21,15.822134971618652
2010-07-22,16.263967514038086
2010-07-23,16.449054718017578
2010-07-26,16.669973373413086
2010-07-27,16.729671478271484
2010-07-28,16.544580459594727
2010-07-29,16.562498092651367
2010-07-30,16.449054718017578
2010-08-02,16.843116760253906
2010-08-03,16.64011573791504
2010-08-04,16.771467208862305
2010-08-05,16.74161720275879
2010-08-06,16.413223266601562
2010-08-09,16.616233825683594
2010-08-10,16.407262802124023
2010-08-11,15.971406936645508
2010-08-12,15.89975357055664
2010-08-13,15.923639297485352
2010-08-16,15.893790245056152
2010-08-17,16.222169876098633
2010-08-18,16.341590881347656
2010-08-19,16.01917266845703
2010-08-20,16.07291030883789
2010-08-23,16.007225036621094
2010-08-24,15.995285987854004
2010-08-25,16.08485221862793
2010-08-26,15.91767692565918
2010-08-27,16.25202178955078
2010-08-30,15.881842613220217
2010-08-31,15.923639297485352
2010-09-01,16.472932815551758
2010-09-02,16.538612365722656
2010-09-03,16.896852493286133
2010-09-07,16.616233825683594
2010-09-08,16.699817657470703
2010-09-09,16.86699867248535
2010-09-10,16.872976303100586
2010-09-13,17.207317352294922
2010-09-14,17.207317352294922
2010-09-15,17.374500274658203
2010-09-16,17.386445999145508
2010-09-17,17.440183639526367
2010-09-20,17.59757423400879
2010-09-21,17.440183639526367
2010-09-22,17.101179122924805
2010-09-23,16.895362854003906
2010-09-24,17.422021865844727
2010-09-27,17.307004928588867
2010-09-28,17.524925231933594
2010-09-29,17.367536544799805
2010-09-30,17.44622230529785
2010-10-01,17.464397430419922
2010-10-04,17.4825439453125
2010-10-05,17.839710235595703
2010-10-06,17.86392593383789
2010-10-07,17.845762252807617
2010-10-08,17.882078170776367
2010-10-11,17.876041412353516
2010-10-12,17.96683120727539
2010-10-13,18.08791160583496
2010-10-14,18.106067657470703
2010-10-15,18.081850051879883
2010-10-18,18.239242553710938
2010-10-19,18.02737045288086
2010-10-20,18.317934036254883
2010-10-21,18.3118839263916
2010-10-22,18.457172393798828
2010-10-25,18.560083389282227
2010-10-26,18.32399177551269
2010-10-27,18.366369247436523
2010-10-28,17.90630340576172
2010-10-29,17.82760238647461
2010-11-01,17.857864379882812
2010-11-02,18.08791160583496
2010-11-03,18.106067657470703
2010-11-04,18.705368041992188
2010-11-05,18.60849571228028
2010-11-08,18.3845272064209
2010-11-09,18.14843940734864
2010-11-10,18.33609199523925
2010-11-11,18.166597366333008
2010-11-12,18.02131080627441
2010-11-15,18.26951026916504
2010-11-16,17.876041412353516
2010-11-17,17.94261932373047
2010-11-18,18.239242553710938
2010-11-19,18.23318672180176
2010-11-22,18.178709030151367
2010-11-23,18.02737045288086
2010-11-24,18.32399177551269
2010-11-26,18.13632774353028
2010-11-29,18.23318672180176
2010-11-30,18.25134658813477
2010-12-01,18.65088081359864
2010-12-02,18.79010963439941
2010-12-03,18.578237533569336
2010-12-06,18.554031372070312
2010-12-07,18.67509078979492
2010-12-08,18.880916595458984
2010-12-09,19.008039474487305
2010-12-10,19.08068084716797
2010-12-13,19.39546775817871
2010-12-14,19.36519432067871
2010-12-15,19.35309600830078
2010-12-16,19.46205139160156
2010-12-17,19.256235122680664
2010-12-20,19.30527305603028
2010-12-21,19.544374465942383
2010-12-22,19.75281524658203
2010-12-23,19.57501602172852
2010-12-27,19.666980743408203
2010-12-28,19.624069213867188
2010-12-29,19.599552154541016
2010-12-30,19.476940155029297
2010-12-31,19.42788887023925
2011-01-03,19.80185890197754
2011-01-04,19.64859199523925
2011-01-05,19.703771591186523
2011-01-06,19.68537139892578
2011-01-07,19.5014591217041
2011-01-10,19.53824234008789
2011-01-11,19.434024810791016
2011-01-12,19.624069213867188
2011-01-13,19.525983810424805
2011-01-14,19.70989990234375
2011-01-18,19.765071868896484
2011-01-19,19.45240974426269
2011-01-20,19.470802307128903
2011-01-21,19.476940155029297
2011-01-24,19.795730590820312
2011-01-25,19.924468994140625
2011-01-26,19.869293212890625
2011-01-27,20.10226058959961
2011-01-28,19.716026306152344
2011-01-31,19.6424617767334
2011-02-01,20.157434463500977
2011-02-02,19.97351837158203
2011-02-03,20.28617477416992
2011-02-04,20.32296371459961
2011-02-07,20.31683158874512
2011-02-08,20.408790588378903
2011-02-09,20.37200927734375
2011-02-10,20.463966369628903
2011-02-11,20.58657455444336
2011-02-14,20.421049118041992
2011-02-15,20.457839965820312
2011-02-16,20.684669494628903
2011-02-17,20.77049827575684
2011-02-18,20.95441055297852
2011-02-22,20.782751083374023
2011-02-23,20.59269905090332
2011-02-24,20.470088958740234
2011-02-25,20.660139083862305
2011-02-28,20.87471580505371
2011-03-01,20.45169448852539
2011-03-02,20.26778793334961
2011-03-03,20.55592918395996
2011-03-04,20.384265899658203
2011-03-07,20.237133026123047
2011-03-08,20.574308395385746
2011-03-09,20.5252685546875
2011-03-10,20.21261405944824
2011-03-11,20.28004646301269
2011-03-14,20.12677955627441
2011-03-15,19.83250999450684
2011-03-16,19.611804962158203
2011-03-17,19.85089492797852
2011-03-18,19.98577880859375
2011-03-21,20.4078369140625
2011-03-22,20.227842330932617
2011-03-23,20.06645965576172
2011-03-24,20.134735107421875
2011-03-25,20.15335464477539
2011-03-28,20.097490310668945
2011-03-29,20.20922470092773
2011-03-30,20.463701248168945
2011-03-31,20.35197830200196
2011-04-01,20.47610855102539
2011-04-04,20.69334602355957
2011-04-05,20.61265754699707
2011-04-06,20.81128120422364
2011-04-07,20.60645294189453
2011-04-08,20.43266487121582
2011-04-11,20.48231506347656
2011-04-12,20.15335464477539
2011-04-13,20.03543281555176
2011-04-14,19.880258560180664
2011-04-15,19.97336196899414
2011-04-18,19.631986618041992
2011-04-19,19.58853912353516
2011-04-20,19.774747848510746
2011-04-21,19.936124801635746
2011-04-25,19.967151641845703
2011-04-26,20.11611557006836
2011-04-27,20.25887107849121
2011-04-28,19.61957359313965
2011-04-29,19.66302490234375
2011-05-02,19.51405906677246
2011-05-03,19.42716217041016
2011-05-04,19.37751197814941
2011-05-05,19.098207473754883
2011-05-06,19.20992851257324
2011-05-09,19.408552169799805
2011-05-10,19.56992149353028
2011-05-11,19.25337028503418
2011-05-12,19.42096900939941
2011-05-13,19.18510627746582
2011-05-16,19.19131088256836
2011-05-17,19.1975154876709
2011-05-18,19.327852249145508
2011-05-19,19.240964889526367
2011-05-20,19.04856300354004
2011-05-23,18.73822021484375
2011-05-24,18.558216094970703
2011-05-25,18.539594650268555
2011-05-26,18.68855667114257
2011-05-27,18.676145553588867
2011-05-31,18.880971908569336
2011-06-01,18.47753143310547
2011-06-02,18.41546058654785
2011-06-03,18.272705078125
2011-06-06,18.111331939697266
2011-06-07,18.17340087890625
2011-06-08,18.0368595123291
2011-06-09,18.260290145874023
2011-06-10,18.11753845214844
2011-06-13,17.912715911865234
2011-06-14,18.136159896850582
2011-06-15,17.81340789794922
2011-06-16,17.925128936767578
2011-06-17,17.925128936767578
2011-06-20,17.9628963470459
2011-06-21,17.9628963470459
2011-06-22,17.837017059326172
2011-06-23,17.736316680908203
2011-06-24,17.704837799072266
2011-06-27,17.84330940246582
2011-06-28,17.91254425048828
2011-06-29,18.24612045288086
2011-06-30,18.365703582763672
2011-07-01,18.54822540283203
2011-07-05,18.378293991088867
2011-07-06,18.309059143066406
2011-07-07,18.497875213623047
2011-07-08,18.265003204345703
2011-07-11,17.918838500976562
2011-07-12,17.9062557220459
2011-07-13,17.855897903442383
2011-07-14,17.67337417602539
2011-07-15,17.509729385375977
2011-07-18,17.28314971923828
2011-07-19,17.534908294677734
2011-07-20,17.553791046142578
2011-07-21,17.988073348999023
2011-07-22,17.87477684020996
2011-07-25,17.849594116210938
2011-07-26,17.8055477142334
2011-07-27,17.45937728881836
2011-07-28,17.440500259399414
2011-07-29,17.201322555541992
2011-08-01,17.043977737426758
2011-08-02,16.710405349731445
2011-08-03,16.974746704101562
2011-08-04,16.452350616455078
2011-08-05,16.345352172851562
2011-08-08,15.136914253234863
2011-08-09,16.024354934692383
2011-08-10,15.124322891235352
2011-08-11,16.131362915039062
2011-08-12,16.055828094482422
2011-08-15,16.6474609375
2011-08-16,16.565637588500977
2011-08-17,16.622283935546875
2011-08-18,16.181711196899414
2011-08-19,16.106182098388672
2011-08-22,16.005483627319336
2011-08-23,16.615991592407227
2011-08-24,17.018802642822266
2011-08-25,16.672639846801758
2011-08-26,16.729284286499023
2011-08-29,17.38385772705078
2011-08-30,17.327205657958984
2011-08-31,17.57266616821289
2011-09-01,17.25796890258789
2011-09-02,16.918092727661133
2011-09-06,16.697811126708984
2011-09-07,17.50343132019043
2011-09-08,17.276857376098633
2011-09-09,16.918092727661133
2011-09-12,17.043977737426758
2011-09-13,17.100629806518555
2011-09-14,17.213916778564453
2011-09-15,17.42790412902832
2011-09-16,17.516027450561523
2011-09-19,17.173072814941406
2011-09-20,17.447689056396484
2011-09-21,16.547204971313477
2011-09-22,16.278972625732422
2011-09-23,16.253433227539062
2011-09-26,16.764341354370117
2011-09-27,16.962324142456055
2011-09-28,16.54081916809082
2011-09-29,17.109210968017578
2011-09-30,16.8154354095459
2011-10-03,16.00436019897461
2011-10-04,16.630226135253906
2011-10-05,17.10282325744629
2011-10-06,17.249711990356445
2011-10-07,16.78989028930664
2011-10-10,17.281641006469727
2011-10-11,16.92400360107422
2011-10-12,16.936779022216797
2011-10-13,16.91761589050293
2011-10-14,17.04534339904785
2011-10-17,16.451412200927734
2011-10-18,17.217777252197266
2011-10-19,17.332740783691406
2011-10-20,17.530715942382812
2011-10-21,18.23959922790528
2011-10-24,18.63556480407715
2011-10-25,18.13741874694824
2011-10-26,18.507837295532227
2011-10-27,19.370004653930664
2011-10-28,18.776063919067383
2011-10-31,18.482288360595703
2011-11-01,17.71592140197754
2011-11-02,18.20766830444336
2011-11-03,18.699426651000977
2011-11-04,18.65472221374512
2011-11-07,18.67388153076172
2011-11-08,18.83992958068848
2011-11-09,18.086326599121094
2011-11-10,18.35456275939941
2011-11-11,18.6866512298584
2011-11-14,18.501449584960938
2011-11-15,18.6036319732666
2011-11-16,18.21406555175781
2011-11-17,18.15658187866211
2011-11-18,18.34178733825684
2011-11-21,17.856420516967773
2011-11-22,17.894739151000977
2011-11-23,17.428531646728516
2011-11-25,17.54987144470215
2011-11-28,18.02884864807129
2011-11-29,17.945831298828125
2011-11-30,18.93572998046875
2011-12-01,18.520612716674805
2011-12-02,18.46951675415039
2011-12-05,18.731359481811523
2011-12-06,18.929330825805664
2011-12-07,19.005979537963867
2011-12-08,18.622787475585938
2011-12-09,18.948495864868164
2011-12-12,18.833539962768555
2011-12-13,18.79522705078125
2011-12-14,18.891027450561523
2011-12-15,19.07622718811035
2011-12-16,19.14647674560547
2011-12-19,18.85063934326172
2011-12-20,19.40088081359864
2011-12-21,19.497982025146484
2011-12-22,19.65334701538086
2011-12-23,19.782808303833008
2011-12-27,19.79576301574707
2011-12-28,19.679235458374023
2011-12-29,19.88638687133789
2011-12-30,19.718076705932617
2012-01-03,19.8087100982666
2012-01-04,19.711605072021484
2012-01-05,19.989971160888672
2012-01-06,19.85402107238769
2012-01-09,20.0352783203125
2012-01-10,20.27479362487793
2012-01-11,20.35247611999512
2012-01-12,20.37189292907715
2012-01-13,20.2294864654541
2012-01-17,20.27479362487793
2012-01-18,20.63083267211914
2012-01-19,20.727935791015625
2012-01-20,21.071027755737305
2012-01-23,21.03866004943848
2012-01-24,20.99334526062012
2012-01-25,21.187543869018555
2012-01-26,21.414121627807617
2012-01-27,21.317018508911133
2012-01-30,21.1487045288086
2012-01-31,21.155187606811523
2012-02-01,21.498275756835938
2012-02-02,21.39470100402832
2012-02-03,21.627744674682617
2012-02-06,21.42707061767578
2012-02-07,21.653640747070312
2012-02-08,21.653640747070312
2012-02-09,22.19740104675293
2012-02-10,22.30097389221192
2012-02-13,22.42397117614746
2012-02-14,22.54697608947754
2012-02-15,22.52107620239257
2012-02-16,22.95479393005371
2012-02-17,23.123104095458984
2012-02-21,23.30436134338379
2012-02-22,23.03894805908203
2012-02-23,23.213733673095703
2012-02-24,23.148998260498047
2012-02-27,23.090740203857425
2012-02-28,22.935375213623047
2012-02-29,22.767061233520508
2012-03-01,22.669965744018555
2012-03-02,22.333345413208008
2012-03-05,22.83827781677246
2012-03-06,22.346290588378903
2012-03-07,22.48870849609375
2012-03-08,22.618179321289062
2012-03-09,22.682910919189453
2012-03-12,22.72822570800781
2012-03-13,23.23315620422364
2012-03-14,23.013051986694336
2012-03-15,23.29141998291016
2012-03-16,23.006591796875
2012-03-19,22.98890495300293
2012-03-20,23.041284561157227
2012-03-21,22.982357025146484
2012-03-22,22.75973129272461
2012-03-23,22.7728271484375
2012-03-26,23.11985969543457
2012-03-27,23.07402992248535
2012-03-28,23.002002716064453
2012-03-29,22.75973129272461
2012-03-30,22.596036911010746
2012-04-02,22.785932540893555
2012-04-03,22.871044158935547
2012-04-04,22.556753158569336
2012-04-05,22.41271209716797
2012-04-09,22.01329803466797
2012-04-10,21.65318298339844
2012-04-11,21.92818260192871
2012-04-12,22.28175544738769
2012-04-13,22.176984786987305
2012-04-16,22.43234634399414
2012-04-17,22.66806411743164
2012-04-18,22.510927200317383
2012-04-19,22.49782943725586
2012-04-20,22.67461395263672
2012-04-23,22.399614334106445
2012-04-24,22.707353591918945
2012-04-25,23.15913963317871
2012-04-26,23.40141487121582
2012-04-27,23.44068717956543
2012-04-30,23.34247398376465
2012-05-01,23.56510353088379
2012-05-02,23.545454025268555
2012-05-03,23.81390953063965
2012-05-04,23.669872283935547
2012-05-07,23.6043758392334
2012-05-08,23.6043758392334
2012-05-09,23.40141487121582
2012-05-10,23.67640495300293
2012-05-11,23.62403678894043
2012-05-14,23.28354835510254
2012-05-15,23.263904571533203
2012-05-16,23.08057403564453
2012-05-17,22.6811580657959
2012-05-18,22.406156539916992
2012-05-21,22.72045135498047
2012-05-22,22.92997932434082
2012-05-23,23.16569709777832
2012-05-24,23.335935592651367
2012-05-25,23.349029541015625
2012-05-29,23.59128189086914
2012-05-30,23.28354835510254
2012-05-31,23.62403678894043
2012-06-01,23.015092849731445
2012-06-04,22.910335540771484
2012-06-05,23.087114334106445
2012-06-06,23.696048736572266
2012-06-07,23.78116607666016
2012-06-08,24.03653335571289
2012-06-11,23.696048736572266
2012-06-12,23.984155654907227
2012-06-13,23.696048736572266
2012-06-14,23.8597469329834
2012-06-15,23.984155654907227
2012-06-18,24.37674140930176
2012-06-19,24.78721237182617
2012-06-20,24.68790435791016
2012-06-21,24.21123504638672
2012-06-22,24.42971420288086
2012-06-25,24.22447967529297
2012-06-26,24.509151458740234
2012-06-27,24.482664108276367
2012-06-28,24.562116622924805
2012-06-29,25.20431327819824
2012-07-02,25.3830680847168
2012-07-03,25.436023712158203
2012-07-05,25.21093368530273
2012-07-06,25.24403381347656
2012-07-09,25.17783546447754
2012-07-10,25.144725799560547
2012-07-11,25.164588928222656
2012-07-12,24.979211807250977
2012-07-13,25.237415313720703
2012-07-16,24.959348678588867
2012-07-17,24.972599029541016
2012-07-18,24.965972900390625
2012-07-19,24.932870864868164
2012-07-20,24.64818572998047
2012-07-23,24.615083694458008
2012-07-24,24.562116622924805
2012-07-25,24.562116622924805
2012-07-26,24.87328147888184
2012-07-27,25.191068649291992
2012-07-30,25.376449584960938
2012-07-31,25.05204200744629
2012-08-01,24.82693672180176
2012-08-02,24.82693672180176
2012-08-03,25.316864013671875
2012-08-06,25.111618041992188
2012-08-07,25.217554092407227
2012-08-08,25.297006607055664
2012-08-09,25.277145385742188
2012-08-10,25.349958419799805
2012-08-13,25.363210678100582
2012-08-14,25.44927406311035
2012-08-15,25.56181907653809
2012-08-16,25.992170333862305
2012-08-17,26.1709041595459
2012-08-20,26.210634231567383
2012-08-21,25.87960433959961
2012-08-22,25.866361618041992
2012-08-23,25.727333068847656
2012-08-24,25.88622665405273
2012-08-27,25.694231033325195
2012-08-28,25.714092254638672
2012-08-29,25.5221004486084
2012-08-30,25.50885772705078
2012-08-31,25.594921112060547
2012-09-04,25.694231033325195
2012-09-05,25.634645462036133
2012-09-06,25.912708282470703
2012-09-07,25.628028869628903
2012-09-10,25.575063705444336
2012-09-11,25.90609169006348
2012-09-12,25.965669631958008
2012-09-13,26.37614822387696
2012-09-14,26.40924453735352
2012-09-17,26.45473861694336
2012-09-18,26.44804573059082
2012-09-19,26.274126052856445
2012-09-20,26.120290756225582
2012-09-21,26.14035987854004
2012-09-24,25.93968391418457
2012-09-25,25.63199615478516
2012-09-26,25.28416633605957
2012-09-27,25.39788246154785
2012-09-28,25.330989837646484
2012-10-01,25.31092643737793
2012-10-02,25.31092643737793
2012-10-03,25.39119529724121
2012-10-04,25.75239372253418
2012-10-05,25.89286422729492
2012-10-08,25.88617897033692
2012-10-09,25.71226119995117
2012-10-10,25.74570083618164
2012-10-11,25.85941505432129
2012-10-12,25.68550682067871
2012-10-15,25.852733612060547
2012-10-16,26.126977920532227
2012-10-17,26.36777687072754
2012-10-18,26.64202117919922
2012-10-19,26.441347122192383
2012-10-22,26.50155258178711
2012-10-23,26.381153106689453
2012-10-24,26.39453125
2012-10-25,26.715595245361328
2012-10-26,27.163759231567383
2012-10-31,26.648717880249023
2012-11-01,26.601896286010746
2012-11-02,26.126977920532227
2012-11-05,26.24067497253418
2012-11-06,26.655397415161133
2012-11-07,26.120290756225582
2012-11-08,26.073463439941406
2012-11-09,26.153728485107425
2012-11-12,25.993200302124023
2012-11-13,25.72563934326172
2012-11-14,25.3778133392334
2012-11-15,25.62531089782715
2012-11-16,26.1671085357666
2012-11-19,26.508243560791016
2012-11-20,26.68215751647949
2012-11-21,26.68215751647949
2012-11-23,26.96978759765625
2012-11-26,26.83600425720215
2012-11-27,26.7824935913086
2012-11-28,27.003231048583984
2012-11-29,27.050048828125
2012-11-30,27.103553771972656
2012-12-03,27.03667449951172
2012-12-04,27.03667449951172
2012-12-05,27.09019660949707
2012-12-06,27.163759231567383
2012-12-07,27.09019660949707
2012-12-10,27.143695831298828
2012-12-11,27.17713928222656
2012-12-12,27.143695831298828
2012-12-13,26.668777465820312
2012-12-14,26.50155258178711
2012-12-17,26.810413360595703
2012-12-18,27.10778045654297
2012-12-19,26.98612403869629
2012-12-20,27.121299743652344
2012-12-21,26.76986694335937
2012-12-24,26.68199920654297
2012-12-26,26.5535945892334
2012-12-27,26.418426513671875
2012-12-28,26.060226440429688
2012-12-31,26.46574783325196
2013-01-02,26.94557380676269
2013-01-03,26.94557380676269
2013-01-04,27.26321792602539
2013-01-07,27.23619079589844
2013-01-08,27.229434967041016
2013-01-09,27.52680206298828
2013-01-10,27.84443664550781
2013-01-11,27.88497734069824
2013-01-14,27.85120010375977
2013-01-15,27.736305236816406
2013-01-16,27.722787857055664
2013-01-17,27.89175033569336
2013-01-18,28.12828254699707
2013-01-22,28.66895866394043
2013-01-23,28.62841415405273
2013-01-24,28.73653030395508
2013-01-25,28.91227149963379
2013-01-28,28.574338912963867
2013-01-29,28.851438522338867
2013-01-30,28.72977828979492
2013-01-31,28.682483673095703
2013-02-01,29.398868560791016
2013-02-04,29.28396415710449
2013-02-05,29.41914367675781
2013-02-06,29.70299530029297
2013-02-07,30.00710868835449
2013-02-08,30.149038314819336
2013-02-11,30.142284393310547
2013-02-12,30.155807495117188
2013-02-13,30.21661376953125
2013-02-14,30.203113555908203
2013-02-15,30.30449104309082
2013-02-19,30.453163146972656
2013-02-20,30.08146476745605
2013-02-21,30.115249633789062
2013-02-22,30.412616729736328
2013-02-25,29.68272590637207
2013-02-26,30.155807495117188
2013-02-27,30.40585899353028
2013-02-28,30.41937828063965
2013-03-01,30.520755767822266
2013-03-04,30.57481002807617
2013-03-05,30.9465274810791
2013-03-06,31.13576316833496
2013-03-07,31.29796600341797
2013-03-08,31.31147193908692
2013-03-11,31.4466495513916
2013-03-12,31.52773666381836
2013-03-13,31.757532119750977
2013-03-14,31.87242126464844
2013-03-15,31.75078010559082
2013-03-18,31.476036071777344
2013-03-19,31.48283576965332
2013-03-20,31.707826614379883
2013-03-21,31.496477127075195
2013-03-22,31.60554885864257
2013-03-25,31.63963890075684
2013-03-26,32.00778579711914
2013-03-27,31.966886520385746
2013-03-28,32.19186019897461
2013-04-01,32.12368392944336
2013-04-02,32.4032096862793
2013-04-03,32.33502578735352
2013-04-04,32.41682815551758
2013-04-05,32.28730392456055
2013-04-08,32.580440521240234
2013-04-09,32.49181365966797
2013-04-10,32.969032287597656
2013-04-11,33.425811767578125
2013-04-12,33.26900863647461
2013-04-15,32.7577018737793
2013-04-16,33.248538970947266
2013-04-17,32.485015869140625
2013-04-18,31.912353515625
2013-04-19,32.505462646484375
2013-04-22,32.70998764038086
2013-04-23,33.18038558959961
2013-04-24,33.36444854736328
2013-04-25,33.33719253540039
2013-04-26,32.79179763793945
2013-04-29,32.92133331298828
2013-04-30,33.3440055847168
2013-05-01,32.96222686767578
2013-05-02,33.21446228027344
2013-05-03,33.58260726928711
2013-05-06,33.67805099487305
2013-05-07,33.61669158935547
2013-05-08,33.72578430175781
2013-05-09,33.480350494384766
2013-05-10,33.61669158935547
2013-05-13,33.74623489379883
2013-05-14,34.237091064453125
2013-05-15,34.32571029663086
2013-05-16,33.637149810791016
2013-05-17,33.85530471801758
2013-05-20,33.54170608520508
2013-05-21,32.99630355834961
2013-05-22,32.65542984008789
2013-05-23,32.55316925048828
2013-05-24,32.67588806152344
2013-05-28,32.78497695922852
2013-05-29,32.41001510620117
2013-05-30,32.73043441772461
2013-05-31,32.27366256713867
2013-06-03,32.13731002807617
2013-06-04,31.489669799804688
2013-06-05,31.08062744140625
2013-06-06,31.32604217529297
2013-06-07,31.673734664916992
2013-06-10,31.69419479370117
2013-06-11,31.026086807250977
2013-06-12,31.114709854125977
2013-06-13,31.66010284423828
2013-06-14,31.48283576965332
2013-06-17,32.20986557006836
2013-06-18,32.39556121826172
2013-06-19,31.82469940185547
2013-06-20,31.15064239501953
2013-06-21,31.22628593444824
2013-06-24,30.792972564697266
2013-06-25,30.985567092895508
2013-06-26,31.39137458801269
2013-06-27,31.81779670715332
2013-06-28,31.58393859863281
2013-07-01,32.010398864746094
2013-07-02,31.865949630737305
2013-07-03,31.85906982421875
2013-07-05,32.07917404174805
2013-07-08,32.60189437866211
2013-07-09,33.083370208740234
2013-07-10,33.365360260009766
2013-07-11,33.58546447753906
2013-07-12,33.82619857788086
2013-07-15,33.97750473022461
2013-07-16,33.68863677978516
2013-07-17,33.72989273071289
2013-07-18,34.12882232666016
2013-07-19,34.0806770324707
2013-07-22,34.39018249511719
2013-07-23,34.06005096435547
2013-07-24,33.4822883605957
2013-07-25,33.62672805786133
2013-07-26,33.78491973876953
2013-07-29,33.771175384521484
2013-07-30,33.65424346923828
2013-07-31,33.709266662597656
2013-08-01,34.33515930175781
2013-08-02,34.21135711669922
2013-08-05,33.78491973876953
2013-08-06,33.53043746948242
2013-08-07,33.39287567138672
2013-08-08,33.516685485839844
2013-08-09,33.468536376953125
2013-08-12,33.37911605834961
2013-08-13,33.53043746948242
2013-08-14,33.63361358642578
2013-08-15,32.842628479003906
2013-08-16,32.84951400756836
2013-08-19,32.457462310791016
2013-08-20,32.663795471191406
2013-08-21,32.39556121826172
2013-08-22,32.69132232666016
2013-08-23,32.58814239501953
2013-08-26,32.264888763427734
2013-08-27,31.81779670715332
2013-08-28,31.62522315979004
2013-08-29,31.77653884887696
2013-08-30,31.41888427734375
2013-09-03,31.501415252685547
2013-09-04,31.638975143432617
2013-09-05,31.65273666381836
2013-09-06,31.35698699951172
2013-09-09,31.810935974121094
2013-09-10,32.06541442871094
2013-09-11,31.98288345336914
2013-09-12,31.84531593322754
2013-09-13,32.02415466308594
2013-09-16,32.46141052246094
2013-09-17,32.447540283203125
2013-09-18,32.759857177734375
2013-09-19,32.88479232788086
2013-09-20,32.92642974853516
2013-09-23,32.63492584228516
2013-09-24,32.62798309326172
2013-09-25,32.71820831298828
2013-09-26,32.794559478759766
2013-09-27,32.94032287597656
2013-09-30,32.73210525512695
2013-10-01,32.82926559448242
2013-10-02,33.002784729003906
2013-10-03,32.66269302368164
2013-10-04,33.05830001831055
2013-10-07,32.96808242797852
2013-10-08,32.71127700805664
2013-10-09,32.69739532470703
2013-10-10,33.634376525878906
2013-10-11,33.703792572021484
2013-10-14,34.00222396850586
2013-10-15,33.780120849609375
2013-10-16,34.328453063964844
2013-10-17,34.60607147216797
2013-10-18,34.69629669189453
2013-10-21,34.668540954589844
2013-10-22,34.93227005004883
2013-10-23,34.7934684753418
2013-10-24,34.92534255981445
2013-10-25,34.828182220458984
2013-10-28,34.91146469116211
2013-10-29,35.1405029296875
2013-10-30,35.0919189453125
2013-10-31,34.737937927246094
2013-11-01,34.7032356262207
2013-11-04,34.640769958496094
2013-11-05,34.47419738769531
2013-11-06,34.86981964111328
2013-11-07,34.43950653076172
2013-11-08,35.09885025024414
2013-11-11,35.11273956298828
2013-11-12,34.78654098510742
2013-11-13,35.064151763916016
2013-11-14,35.32096481323242
2013-11-15,35.45283126831055
2013-11-18,35.3278923034668
2013-11-19,35.487525939941406
2013-11-20,35.35566329956055
2013-11-21,36.02889251708984
2013-11-22,36.375938415527344
2013-11-25,36.5494499206543
2013-11-26,36.570255279541016
2013-11-27,36.75072479248047
2013-11-29,36.375938415527344
2013-12-02,36.19548797607422
2013-12-03,35.99419403076172
2013-12-04,35.8692741394043
2013-12-05,35.66798782348633
2013-12-06,36.28570556640625
2013-12-09,36.257930755615234
2013-12-10,36.10525131225586
2013-12-11,35.66798782348633
2013-12-12,35.626338958740234
2013-12-13,35.55000305175781
2013-12-16,35.570987701416016
2013-12-17,35.45903015136719
2013-12-18,36.0538444519043
2013-12-19,35.96988296508789
2013-12-20,36.396759033203125
2013-12-23,36.42475509643555
2013-12-24,36.5437126159668
2013-12-26,36.65567779541016
2013-12-27,36.37575912475586
2013-12-30,36.56471252441406
2013-12-31,36.64867401123047
2014-01-02,36.0048713684082
2014-01-03,35.78093719482422
2014-01-06,35.68996810913086
2014-01-07,35.72494125366211
2014-01-08,35.61296844482422
2014-01-09,35.766937255859375
2014-01-10,35.79492950439453
2014-01-13,35.347049713134766
2014-01-14,35.54999923706055
2014-01-15,35.59898376464844
2014-01-16,35.347049713134766
2014-01-17,35.35405349731445
2014-01-21,35.32606887817383
2014-01-22,35.480018615722656
2014-01-23,35.088134765625
2014-01-24,34.15738677978516
2014-01-27,34.12940216064453
2014-01-28,34.472293853759766
2014-01-29,34.017425537109375
2014-01-30,34.45130920410156
2014-01-31,33.90546417236328
2014-02-03,33.317630767822266
2014-02-04,33.065704345703125
2014-02-05,32.96073532104492
2014-02-06,31.63809967041016
2014-02-07,32.00199890136719
2014-02-10,32.036983489990234
2014-02-11,32.41488265991211
2014-02-12,32.54783630371094
2014-02-13,32.83476638793945
2014-02-14,32.890743255615234
2014-02-18,33.00970458984375
2014-02-19,32.58283233642578
2014-02-20,32.74378204345703
2014-02-21,32.71579360961914
2014-02-24,32.645809173583984
2014-02-25,32.5688362121582
2014-02-26,32.512847900390625
2014-02-27,32.645809173583984
2014-02-28,32.8067626953125
2014-03-03,32.512847900390625
2014-03-04,32.9747314453125
2014-03-05,32.95371627807617
2014-03-06,33.345611572265625
2014-03-07,33.47858047485352
2014-03-10,33.35962677001953
2014-03-11,33.191654205322266
2014-03-12,33.33163833618164
2014-03-13,33.0167121887207
2014-03-14,33.10068130493164
2014-03-17,33.20664978027344
2014-03-18,33.49626159667969
2014-03-19,33.2490234375
2014-03-20,33.6092643737793
2014-03-21,33.84944152832031
2014-03-24,33.891822814941406
2014-03-25,33.87062454223633
2014-03-26,33.913021087646484
2014-03-27,33.79998779296875
2014-03-28,34.082550048828125
2014-03-31,34.372161865234375
2014-04-01,33.78587341308594
2014-04-02,34.00484085083008
2014-04-03,34.082550048828125
2014-04-04,34.0401611328125
2014-04-07,33.53863525390625
2014-04-08,33.552772521972656
2014-04-09,33.79998779296875
2014-04-10,33.57394790649414
2014-04-11,33.277278900146484
2014-04-14,33.70816421508789
2014-04-15,34.01897430419922
2014-04-16,34.478118896484375
2014-04-17,34.44986724853516
2014-04-21,34.38628387451172
2014-04-22,34.54874420166016
2014-04-23,34.86661911010742
2014-04-24,35.11385726928711
2014-04-25,33.90593719482422
2014-04-28,34.089603424072266
2014-04-29,34.14612579345703
2014-04-30,34.41454315185547
2014-05-01,34.605262756347656
2014-05-02,34.6759033203125
2014-05-05,34.62644958496094
2014-05-06,34.37921905517578
2014-05-07,34.83837127685547
2014-05-08,34.76066970825195
2014-05-09,34.704158782958984
2014-05-12,34.79597854614258
2014-05-13,34.80304718017578
2014-05-14,34.54874420166016
2014-05-15,34.19557189941406
2014-05-16,34.18144226074219
2014-05-19,34.53462219238281
2014-05-20,34.24500274658203
2014-05-21,34.41454315185547
2014-05-22,34.35802459716797
2014-05-23,34.33685302734375
2014-05-27,34.4639892578125
2014-05-28,34.39335632324219
2014-05-29,34.50636291503906
2014-05-30,34.62644958496094
2014-06-02,34.37921905517578
2014-06-03,34.294456481933594
2014-06-04,34.49931335449219
2014-06-05,34.69710159301758
2014-06-06,34.817169189453125
2014-06-09,34.79597854614258
2014-06-10,34.75360107421875
2014-06-11,34.57701110839844
2014-06-12,34.54874420166016
2014-06-13,34.53462219238281
2014-06-16,34.47761154174805
2014-06-17,34.62015151977539
2014-06-18,34.73420333862305
2014-06-19,34.74134063720703
2014-06-20,34.7769775390625
2014-06-23,34.677181243896484
2014-06-24,34.420589447021484
2014-06-25,34.342185974121094
2014-06-26,34.13546371459961
2014-06-27,34.12833786010742
2014-06-30,34.24237823486328
2014-07-01,34.48473358154297
2014-07-02,34.399192810058594
2014-07-03,34.56313705444336
2014-07-07,34.470481872558594
2014-07-08,34.342185974121094
2014-07-09,34.20675277709961
2014-07-10,34.02854537963867
2014-07-11,33.957271575927734
2014-07-14,34.299407958984375
2014-07-15,34.35643768310547
2014-07-16,34.34929656982422
2014-07-17,34.07844924926758
2014-07-18,34.42770004272461
2014-07-21,34.56313705444336
2014-07-22,34.14971923828125
2014-07-23,34.24237823486328
2014-07-24,34.23524475097656
2014-07-25,34.00715637207031
2014-07-28,34.1425895690918
2014-07-29,33.80046081542969
2014-07-30,33.208839416503906
2014-07-31,32.80255126953125
2014-08-01,32.73126602172852
2014-08-04,33.123313903808594
2014-08-05,32.9593620300293
2014-08-06,33.16606903076172
2014-08-07,33.01638412475586
2014-08-08,33.429813385009766
2014-08-11,33.5224609375
2014-08-12,33.62938690185547
2014-08-13,33.7576904296875
2014-08-14,34.08556365966797
2014-08-15,34.09981918334961
2014-08-18,34.15684127807617
2014-08-19,34.22099685668945
2014-08-20,34.278018951416016
2014-08-21,34.60590362548828
2014-08-22,34.38494110107422
2014-08-25,34.65580749511719
2014-08-26,34.58451843261719
2014-08-27,34.54175567626953
2014-08-28,34.377803802490234
2014-08-29,34.278018951416016
2014-09-02,34.4134635925293
2014-09-03,34.25664138793945
2014-09-04,34.320796966552734
2014-09-05,34.68431091308594
2014-09-08,34.56313705444336
2014-09-09,34.25664138793945
2014-09-10,34.320796966552734
2014-09-11,34.39207077026367
2014-09-12,34.24237823486328
2014-09-15,34.46539306640625
2014-09-16,34.48697280883789
2014-09-17,34.522953033447266
2014-09-18,34.69557571411133
2014-09-19,34.80349349975586
2014-09-22,34.58049011230469
2014-09-23,34.07692337036133
2014-09-24,34.35747528076172
2014-09-25,33.7891845703125
2014-09-26,33.969017028808594
2014-09-29,34.048152923583984
2014-09-30,33.84672927856445
2014-10-01,33.537391662597656
2014-10-02,33.69566345214844
2014-10-03,34.263973236083984
2014-10-06,34.14167785644531
2014-10-07,33.64529800415039
2014-10-08,34.23519515991211
2014-10-09,33.58774185180664
2014-10-10,33.63091278076172
2014-10-13,33.386322021484375
2014-10-14,33.51580810546875
2014-10-15,33.17051696777344
2014-10-16,33.148929595947266
2014-10-17,33.6740837097168
2014-10-20,33.918663024902344
2014-10-21,34.68118667602539
2014-10-22,34.616458892822266
2014-10-23,34.74594497680664
2014-10-24,35.06247329711914
2014-10-27,35.25669860839844
2014-10-28,35.472511291503906
2014-10-29,35.5660285949707
2014-10-30,35.91133117675781
2014-10-31,36.30699157714844
2014-11-03,36.4005241394043
2014-11-04,36.6235237121582
2014-11-05,36.767391204833984
2014-11-06,36.817752838134766
2014-11-07,36.767391204833984
2014-11-10,36.99760055541992
2014-11-11,36.817752838134766
2014-11-12,36.88248825073242
2014-11-13,36.95445251464844
2014-11-14,36.7170295715332
2014-11-17,36.67387008666992
2014-11-18,36.65948486328125
2014-11-19,36.52999877929688
2014-11-20,36.6163444519043
2014-11-21,36.75301742553711
2014-11-24,36.911277770996094
2014-11-25,36.2998046875
2014-11-26,36.60194778442383
2014-11-28,36.652286529541016
2014-12-01,36.55158996582031
2014-12-02,36.88969039916992
2014-12-03,36.95445251464844
2014-12-04,36.97602844238281
2014-12-05,37.06953430175781
2014-12-08,37.58029556274414
2014-12-09,37.49396514892578
2014-12-10,37.07672882080078
2014-12-11,37.31413269042969
2014-12-12,36.609134674072266
2014-12-15,36.30437088012695
2014-12-16,36.2971076965332
2014-12-17,36.819583892822266
2014-12-18,37.378326416015625
2014-12-19,37.42912292480469
2014-12-22,37.72663879394531
2014-12-23,38.002384185791016
2014-12-24,37.864501953125
2014-12-26,37.95883941650391
2014-12-29,38.024169921875
2014-12-30,38.053184509277344
2014-12-31,37.61053085327149
2015-01-02,37.45088577270508
2015-01-05,36.913909912109375
2015-01-06,36.630897521972656
2015-01-07,37.13161087036133
2015-01-08,37.92257308959961
2015-01-09,37.508934020996094
2015-01-12,37.29124450683594
2015-01-13,37.26948547363281
2015-01-14,36.95018768310547
2015-01-15,36.94293212890625
2015-01-16,37.5524787902832
2015-01-20,37.26948547363281
2015-01-21,37.18964385986328
2015-01-22,38.125732421875
2015-01-23,37.77017974853516
2015-01-26,38.089454650878906
2015-01-27,37.879024505615234
2015-01-28,37.24045181274414
2015-01-29,37.66133880615234
2015-01-30,36.65267181396485
2015-02-02,37.32752227783203
2015-02-03,37.80646514892578
2015-02-04,38.074951171875
2015-02-05,37.65407180786133
2015-02-06,37.69036483764648
2015-02-09,37.45814514160156
2015-02-10,37.378326416015625
2015-02-11,37.57424545288086
2015-02-12,37.87177658081055
2015-02-13,38.06769180297852
2015-02-17,38.08221054077149
2015-02-18,37.93706893920898
2015-02-19,37.98787307739258
2015-02-20,38.1547737121582
2015-02-23,38.1402702331543
2015-02-24,38.47406768798828
2015-02-25,38.40876007080078
2015-02-26,38.4668083190918
2015-02-27,38.28540802001953
2015-03-02,38.48131561279297
2015-03-03,38.31441879272461
2015-03-04,38.002384185791016
2015-03-05,38.278133392333984
2015-03-06,38.074951171875
2015-03-09,38.270877838134766
2015-03-10,37.58877944946289
2015-03-11,37.85000991821289
2015-03-12,38.71350860595703
2015-03-13,38.54661178588867
2015-03-16,39.28593063354492
2015-03-17,39.14686584472656
2015-03-18,39.5714225769043
2015-03-19,39.373783111572266
2015-03-20,39.974002838134766
2015-03-23,39.88616943359375
2015-03-24,39.5494499206543
2015-03-25,38.86137008666992
2015-03-26,38.78085708618164
2015-03-27,38.744266510009766
2015-03-30,39.25666046142578
2015-03-31,39.00046157836914
2015-04-01,38.99313354492188
2015-04-02,39.1395378112793
2015-04-06,39.49822235107422
2015-04-07,39.05901718139648
2015-04-08,39.322532653808594
2015-04-09,39.15419006347656
2015-04-10,39.17612457275391
2015-04-13,39.19810104370117
2015-04-14,39.39574432373047
2015-04-15,39.30789566040039
2015-04-16,39.20542144775391
2015-04-17,38.47342300415039
2015-04-20,38.62715530395508
2015-04-21,38.20259475708008
2015-04-22,38.18063354492188
2015-04-23,38.28310394287109
2015-04-24,38.47342300415039
2015-04-27,38.25382995605469
2015-04-28,38.57590103149414
2015-04-29,37.338844299316406
2015-04-30,37.0680046081543
2015-05-01,37.236358642578125
2015-05-04,37.54380416870117
2015-05-05,37.27296447753906
2015-05-06,37.17779922485352
2015-05-07,37.30224609375
2015-05-08,37.68288040161133
2015-05-11,37.42668914794922
2015-05-12,37.17779922485352
2015-05-13,37.04604721069336
2015-05-14,37.42668914794922
2015-05-15,37.236358642578125
2015-05-18,37.4998893737793
2015-05-19,37.63164138793945
2015-05-20,37.59503555297852
2015-05-21,37.50720977783203
2015-05-22,37.28760528564453
2015-05-26,36.95820617675781
2015-05-27,37.30956268310547
2015-05-28,37.41202926635742
2015-05-29,37.02408981323242
2015-06-01,36.95820617675781
2015-06-02,37.097293853759766
2015-06-03,37.45595932006836
2015-06-04,37.00944519042969
2015-06-05,36.98749542236328
2015-06-08,36.68737030029297
2015-06-09,36.73128890991211
2015-06-10,37.46329116821289
2015-06-11,37.80731964111328
2015-06-12,37.4925537109375
2015-06-15,37.19710159301758
2015-06-16,37.56642150878906
2015-06-17,37.60334396362305
2015-06-18,38.14994812011719
2015-06-19,37.79540252685547
2015-06-22,37.95790100097656
2015-06-23,38.08344650268555
2015-06-24,37.64028549194336
2015-06-25,37.27836227416992
2015-06-26,37.60334396362305
2015-06-29,36.74655532836914
2015-06-30,37.06416320800781
2015-07-01,38.80730819702149
2015-07-02,38.70390319824219
2015-07-06,38.65958404541016
2015-07-07,39.00673675537109
2015-07-08,38.90333938598633
2015-07-09,39.12491607666016
2015-07-10,39.63457489013672
2015-07-13,39.96694946289063
2015-07-14,40.01126480102539
2015-07-15,39.56808090209961
2015-07-16,39.79707717895508
2015-07-17,39.56069946289063
2015-07-20,39.57548522949219
2015-07-21,39.553321838378906
2015-07-22,39.67887878417969
2015-07-23,39.383445739746094
2015-07-24,39.19139862060547
2015-07-27,39.10276412963867
2015-07-28,39.22094345092773
2015-07-29,40.00387191772461
2015-07-30,40.823760986328125
2015-07-31,40.779422760009766
2015-08-03,40.88283920288086
2015-08-04,40.94194030761719
2015-08-05,41.03057861328125
2015-08-06,40.80898284912109
2015-08-07,40.86809158325195
2015-08-10,41.24477767944336
2015-08-11,41.33339309692383
2015-08-12,41.532833099365234
2015-08-13,41.56977462768555
2015-08-14,41.83565902709961
2015-08-17,41.79135894775391
2015-08-18,42.020320892333984
2015-08-19,41.67317199707031
2015-08-20,41.04533386230469
2015-08-21,39.78228759765625
2015-08-24,37.86925506591797
2015-08-25,37.60334396362305
2015-08-26,38.54140472412109
2015-08-27,39.28003692626953
2015-08-28,38.99196243286133
2015-08-31,38.652191162109375
2015-09-01,37.64028549194336
2015-09-02,38.63742446899414
2015-09-03,38.99935150146485
2015-09-04,38.34197998046875
2015-09-08,39.27264404296875
2015-09-09,39.00673675537109
2015-09-10,39.16184616088867
2015-09-11,39.46469497680664
2015-09-14,39.41998672485352
2015-09-15,39.85956573486328
2015-09-16,40.08306121826172
2015-09-17,40.02346420288086
2015-09-18,39.34547805786133
2015-09-21,39.79995346069336
2015-09-22,39.40507888793945
2015-09-23,39.53919219970703
2015-09-24,39.65839385986328
2015-09-25,39.82975006103516
2015-09-28,39.40507888793945
2015-09-29,39.68819427490234
2015-09-30,40.08306121826172
2015-10-01,39.89681243896485
2015-10-02,40.27677917480469
2015-10-05,41.01436233520508
2015-10-06,40.701454162597656
2015-10-07,41.16337585449219
2015-10-08,41.88606643676758
2015-10-09,41.84880065917969
2015-10-12,42.22877883911133
2015-10-13,41.68490219116211
2015-10-14,41.51353454589844
2015-10-15,42.10212707519531
2015-10-16,42.38523864746094
2015-10-19,42.742862701416016
2015-10-20,43.01105499267578
2015-10-21,43.18989181518555
2015-10-22,43.79336166381836
2015-10-23,43.98707962036133
2015-10-26,44.08390808105469
2015-10-27,44.14353942871094
2015-10-28,45.29088973999024
2015-10-29,45.58890151977539
2015-10-30,44.8736686706543
2015-11-02,45.1120719909668
2015-11-03,44.96306228637695
2015-11-04,45.045021057128906
2015-11-05,45.13442993164063
2015-11-06,45.34304428100586
2015-11-09,44.8587646484375
2015-11-10,45.12698745727539
2015-11-11,45.194034576416016
2015-11-12,44.67250061035156
2015-11-13,44.34468460083008
2015-11-16,44.90347671508789
2015-11-17,44.694854736328125
2015-11-18,45.1046257019043
2015-11-19,45.26108932495117
2015-11-20,45.46223831176758
2015-11-23,45.78261566162109
2015-11-24,45.655948638916016
2015-11-25,45.34304428100586
2015-11-27,45.50695037841797
2015-11-30,45.52930068969727
2015-12-01,46.14485549926758
2015-12-02,45.74699401855469
2015-12-03,45.071388244628906
2015-12-04,46.15988159179688
2015-12-07,46.07729721069336
2015-12-08,45.81456756591797
2015-12-09,45.20649337768555
2015-12-10,45.033836364746094
2015-12-11,44.39576721191406
2015-12-14,44.62273025512695
2015-12-15,45.20528411865234
2015-12-16,45.88620376586914
2015-12-17,45.12963485717773
2015-12-18,43.85860443115234
2015-12-21,44.1309700012207
2015-12-22,44.94049072265625
2015-12-23,44.91780090332031
2015-12-24,45.11449813842773
2015-12-28,45.43227005004883
2015-12-29,45.8029899597168
2015-12-30,45.47008895874024
2015-12-31,44.7664909362793
2016-01-04,43.53327560424805
2016-01-05,43.79049301147461
2016-01-06,43.19280624389648
2016-01-07,42.231964111328125
2016-01-08,42.01255798339844
2016-01-11,42.28490447998047
2016-01-12,42.57241821289063
2016-01-13,41.79315185546875
2016-01-14,42.51188278198242
2016-01-15,41.70234680175781
2016-01-19,41.79315185546875
2016-01-20,41.20301055908203
2016-01-21,40.93821334838867
2016-01-22,41.59642791748047
2016-01-25,40.976036071777344
2016-01-26,41.55103302001953
2016-01-27,41.475379943847656
2016-01-28,42.14873504638672
2016-01-29,43.60136032104492
2016-02-01,43.72998046875
2016-02-02,43.01123428344727
2016-02-03,43.09444808959961
2016-02-04,44.66811752319336
2016-02-05,45.58358001708984
2016-02-08,46.098052978515625
2016-02-09,46.33259201049805
2016-02-10,46.37798690795898
2016-02-11,45.78029251098633
2016-02-12,46.73357009887695
2016-02-16,46.99081039428711
2016-02-17,47.24805068969727
2016-02-18,47.27073287963867
2016-02-19,47.338829040527344
2016-02-22,47.72468566894531
2016-02-23,47.46744537353516
2016-02-24,47.60363006591797
2016-02-25,48.23159408569336
2016-02-26,48.09541320800781
2016-02-29,47.77009201049805
2016-03-01,48.47369384765625
2016-03-02,48.617462158203125
2016-03-03,48.799015045166016
2016-03-04,48.814151763916016
2016-03-07,48.5720329284668
2016-03-08,48.44342803955078
2016-03-09,48.41316223144531
2016-03-10,48.50395202636719
2016-03-11,49.85821914672852
2016-03-14,49.31349182128906
2016-03-15,49.26052474975586
2016-03-16,49.42697525024414
2016-03-17,49.782562255859375
2016-03-18,49.76744079589844
2016-03-21,49.70646667480469
2016-03-22,49.653114318847656
2016-03-23,49.607383728027344
2016-03-24,49.34064102172852
2016-03-28,49.71409225463867
2016-03-29,50.11801910400391
2016-03-30,50.20186233520508
2016-03-31,49.81315994262695
2016-04-01,50.270450592041016
2016-04-04,49.89699935913086
2016-04-05,49.26441955566406
2016-04-06,49.72169876098633
2016-04-07,49.01291275024414
2016-04-08,49.27203750610352
2016-04-11,49.35588836669922
2016-04-12,50.04180908203125
2016-04-13,50.354286193847656
2016-04-14,50.14849472045898
2016-04-15,50.20948028564453
2016-04-18,50.2628173828125
2016-04-19,50.3161735534668
2016-04-20,50.0341796875
2016-04-21,48.78428649902344
2016-04-22,49.226318359375
2016-04-25,49.20345687866211
2016-04-26,49.1577262878418
2016-04-27,50.521934509277344
2016-04-28,50.38475036621094
2016-04-29,50.30854797363281
2016-05-02,50.69723892211914
2016-05-03,50.65913772583008
2016-05-04,50.38475036621094
2016-05-05,50.79631042480469
2016-05-06,50.88776016235352
2016-05-09,51.261226654052734
2016-05-10,51.7718505859375
2016-05-11,51.24599838256836
2016-05-12,51.92426681518555
2016-05-13,51.58893966674805
2016-05-16,51.7718505859375
2016-05-17,50.842041015625
2016-05-18,51.64229202270508
2016-05-19,51.55845642089844
2016-05-20,51.9471549987793
2016-05-23,51.611812591552734
2016-05-24,52.51874542236328
2016-05-25,52.35871505737305
2016-05-26,52.31295776367188
2016-05-27,52.80073547363281
2016-05-31,52.66353988647461
2016-06-01,52.86170959472656
2016-06-02,53.05986404418945
2016-06-03,52.96075820922852
2016-06-06,52.884559631347656
2016-06-07,53.021759033203125
2016-06-08,53.46379089355469
2016-06-09,53.91344451904297
2016-06-10,53.70767974853516
2016-06-13,53.1741828918457
2016-06-14,53.09797286987305
2016-06-15,52.64830017089844
2016-06-16,53.11320114135742
2016-06-17,52.73977279663086
2016-06-20,53.49954605102539
2016-06-21,54.029109954833984
2016-06-22,54.16724395751953
2016-06-23,55.1188850402832
2016-06-24,53.88328170776367
2016-06-27,53.30768203735352
2016-06-28,54.82725524902344
2016-06-29,55.93239212036133
2016-06-30,57.4749870300293
2016-07-01,57.290802001953125
2016-07-05,57.40591812133789
2016-07-06,57.574745178222656
2016-07-07,57.536380767822266
2016-07-08,58.09664535522461
2016-07-11,58.44965744018555
2016-07-12,58.395938873291016
2016-07-13,58.48034286499024
2016-07-14,58.91012954711914
2016-07-15,58.29618453979492
2016-07-18,57.94313430786133
2016-07-19,57.68217849731445
2016-07-20,57.4903450012207
2016-07-21,56.837989807128906
2016-07-22,57.482643127441406
2016-07-25,57.51335906982422
2016-07-26,57.46730041503906
2016-07-27,57.42892074584961
2016-07-28,57.74358749389648
2016-07-29,57.32916259765625
2016-08-01,57.62080383300781
2016-08-02,57.4749870300293
2016-08-03,57.60544967651367
2016-08-04,57.61312103271485
2016-08-05,58.28848648071289
2016-08-08,58.33454132080078
2016-08-09,58.28848648071289
2016-08-10,58.32685852050781
2016-08-11,58.35756301879883
2016-08-12,58.17339324951172
2016-08-15,58.29618453979492
2016-08-16,57.81267547607422
2016-08-17,57.8894157409668
2016-08-18,58.403594970703125
2016-08-19,58.32685852050781
2016-08-22,58.32685852050781
2016-08-23,58.31918716430664
2016-08-24,58.36521911621094
2016-08-25,59.00990295410156
2016-08-26,58.48034286499024
2016-08-29,59.37063217163086
2016-08-30,59.36293029785156
2016-08-31,59.17876052856445
2016-09-01,59.29386901855469
2016-09-02,59.74665451049805
2016-09-06,59.715965270996094
2016-09-07,59.61619186401367
2016-09-08,59.432010650634766
2016-09-09,57.94313430786133
2016-09-12,58.92547225952149
2016-09-13,58.081275939941406
2016-09-14,57.50568771362305
2016-09-15,58.1196403503418
2016-09-16,57.35220336914063
2016-09-19,57.74611282348633
2016-09-20,57.74611282348633
2016-09-21,58.37177276611328
2016-09-22,58.78889083862305
2016-09-23,57.900611877441406
2016-09-26,57.48349380493164
2016-09-27,58.14004898071289
2016-09-28,58.61896514892578
2016-09-29,57.576171875
2016-09-30,58.25591659545898
2016-10-03,57.51438522338867
2016-10-04,57.03551483154297
2016-10-05,57.19770431518555
2016-10-06,57.30585861206055
2016-10-07,58.06282043457031
2016-10-10,58.34086990356445
2016-10-11,57.62252807617188
2016-10-12,58.2095832824707
2016-10-13,58.22502136230469
2016-10-14,58.66529846191406
2016-10-17,58.37177276611328
2016-10-18,58.11687850952149
2016-10-19,58.085975646972656
2016-10-20,56.33259963989258
2016-10-21,55.26665496826172
2016-10-24,55.567901611328125
2016-10-25,55.43658447265625
2016-10-26,54.76458358764648
2016-10-27,53.86856460571289
2016-10-28,54.20843505859375
2016-10-31,54.6718864440918
2016-11-01,53.70638656616211
2016-11-02,52.98801040649414
2016-11-03,53.3047103881836
2016-11-04,52.725399017333984
2016-11-07,53.33561706542969
2016-11-08,53.737266540527344
2016-11-09,54.15436553955078
2016-11-10,55.367069244384766
2016-11-11,55.24348449707031
2016-11-14,55.915489196777344
2016-11-15,56.07769012451172
2016-11-16,55.737831115722656
2016-11-17,57.17452621459961
2016-11-18,57.52213287353516
2016-11-21,58.008750915527344
2016-11-22,58.14778900146485
2016-11-23,58.62670135498047
2016-11-25,59.22917556762695
2016-11-28,59.15964889526367
2016-11-29,59.56132888793945
2016-11-30,59.27552795410156
2016-12-01,59.56903076171875
2016-12-02,59.38365936279297
2016-12-05,59.34504318237305
2016-12-06,59.56132888793945
2016-12-07,60.26420974731445
2016-12-08,60.44187927246094
2016-12-09,60.41097259521485
2016-12-12,60.8975944519043
2016-12-13,60.52682876586914
2016-12-14,59.59220886230469
2016-12-15,59.69263458251953
2016-12-16,58.433589935302734
2016-12-19,59.43636703491211
2016-12-20,59.47523880004883
2016-12-21,59.22647476196289
2016-12-22,59.3042106628418
2016-12-23,59.45968246459961
2016-12-27,59.52188491821289
2016-12-28,59.04768371582031
2016-12-29,58.97771453857422
2016-12-30,58.88445281982422
2017-01-03,58.9155387878418
2017-01-04,59.13318634033203
2017-01-05,58.89220428466797
2017-01-06,58.90778732299805
2017-01-09,57.91275024414063
2017-01-10,57.92827987670898
2017-01-11,58.21592330932617
2017-01-12,54.344703674316406
2017-01-13,54.46131134033203
2017-01-17,54.212547302246094
2017-01-18,54.83444213867188
2017-01-19,54.32916259765625
2017-01-20,54.62454605102539
2017-01-23,54.20477294921875
2017-01-24,54.48461532592773
2017-01-25,55.27752685546875
2017-01-26,54.94326019287109
2017-01-27,54.89662551879883
2017-01-30,54.44577026367188
2017-01-31,54.86552810668945
2017-02-01,54.46131134033203
2017-02-02,54.91994857788086
2017-02-03,55.52628326416016
2017-02-06,55.02880096435547
2017-02-07,54.74891662597656
2017-02-08,54.6789665222168
2017-02-09,54.609012603759766
2017-02-10,55.23866271972656
2017-02-13,55.77503967285156
2017-02-14,56.272552490234375
2017-02-15,56.6068115234375
2017-02-16,56.81668472290039
2017-02-17,56.49020767211914
2017-02-21,56.630130767822266
2017-02-22,56.69231033325195
2017-02-23,57.011024475097656
2017-02-24,57.12761688232422
2017-02-27,56.79335403442383
2017-02-28,56.71562576293945
2017-03-01,58.41805267333984
2017-03-02,57.75728225708008
2017-03-03,57.50074768066406
2017-03-06,56.88663864135742
2017-03-07,56.87888717651367
2017-03-08,56.560150146484375
2017-03-09,57.07321548461914
2017-03-10,57.50074768066406
2017-03-13,57.45412063598633
2017-03-14,57.60180282592773
2017-03-15,58.26255798339844
2017-03-16,58.06822204589844
2017-03-17,58.44135665893555
2017-03-20,58.08137893676758
2017-03-21,56.95448303222656
2017-03-22,56.93101119995117
2017-03-23,56.92319107055664
2017-03-24,56.25018310546875
2017-03-27,56.07804489135742
2017-03-28,56.73537826538086
2017-03-29,56.14846420288086
2017-03-30,56.602352142333984
2017-03-31,56.55538558959961
2017-04-03,56.01542282104492
2017-04-04,55.99976348876953
2017-04-05,55.41285705566406
2017-04-06,55.44415664672852
2017-04-07,54.96681213378906
2017-04-10,55.74935150146485
2017-04-11,55.866729736328125
2017-04-12,55.45981979370117
2017-04-13,55.138954162597656
2017-04-17,56.031097412109375
2017-04-18,55.21720886230469
2017-04-19,54.8102912902832
2017-04-20,55.131134033203125
2017-04-21,54.91984558105469
2017-04-24,55.921531677246094
2017-04-25,56.203243255615234
2017-04-26,56.25018310546875
2017-04-27,57.15794372558594
2017-04-28,56.41453552246094
2017-05-01,55.65543746948242
2017-05-02,55.60850143432617
2017-05-03,55.70240020751953
2017-05-04,55.53024673461914
2017-05-05,55.42851638793945
2017-05-08,54.71638488769531
2017-05-09,53.98860549926758
2017-05-10,54.1607666015625
2017-05-11,54.29378890991211
2017-05-12,54.04338455200195
2017-05-15,54.48160934448242
2017-05-16,54.25468063354492
2017-05-17,53.75383758544922
2017-05-18,53.98078155517578
2017-05-19,54.02772521972656
2017-05-22,54.41116714477539
2017-05-23,54.442474365234375
2017-05-24,54.544212341308594
2017-05-25,55.131134033203125
2017-05-26,54.70855712890625
2017-05-30,54.41116714477539
2017-05-31,54.84159469604492
2017-06-01,55.50677490234375
2017-06-02,55.34241485595703
2017-06-05,55.04505157470703
2017-06-06,54.37205505371094
2017-06-07,54.43465042114258
2017-06-08,55.138954162597656
2017-06-09,56.17195510864258
2017-06-12,57.14230346679688
2017-06-13,57.03274917602539
2017-06-14,57.1657829284668
2017-06-15,57.8231201171875
2017-06-16,57.71358108520508
2017-06-19,57.59538650512695
2017-06-20,57.028106689453125
2017-06-21,56.42930221557617
2017-06-22,56.303253173828125
2017-06-23,56.12202453613281
2017-06-26,56.69718933105469
2017-06-27,56.66566848754883
2017-06-28,57.162052154541016
2017-06-29,57.05961608886719
2017-06-30,57.0832633972168
2017-07-03,57.59538650512695
2017-07-05,57.16992568969727
2017-07-06,56.886268615722656
2017-07-07,57.24871444702149
2017-07-10,56.846900939941406
2017-07-11,56.60262680053711
2017-07-12,56.71294021606445
2017-07-13,57.12264633178711
2017-07-14,57.27235412597656
2017-07-17,57.30386734008789
2017-07-18,57.02022552490234
2017-07-19,57.760860443115234
2017-07-20,58.35177230834961
2017-07-21,58.63542556762695
2017-07-24,59.29725646972656
2017-07-25,59.63605117797852
2017-07-26,59.084503173828125
2017-07-27,59.218448638916016
2017-07-28,59.73059844970703
2017-07-31,60.02212905883789
2017-08-01,60.266361236572266
2017-08-02,60.82578659057617
2017-08-03,63.44156646728516
2017-08-04,63.26826858520508
2017-08-07,62.96099090576172
2017-08-08,62.83491516113281
2017-08-09,63.29190444946289
2017-08-10,62.732460021972656
2017-08-11,62.24400329589844
2017-08-14,62.66157531738281
2017-08-15,62.59066390991211
2017-08-16,62.33067321777344
2017-08-17,61.18032836914063
2017-08-18,60.93607711791992
2017-08-21,60.65242385864258
2017-08-22,61.03850173950195
2017-08-23,60.54999542236328
2017-08-24,60.21910095214844
2017-08-25,61.03062438964844
2017-08-28,60.73911666870117
2017-08-29,60.494876861572266
2017-08-30,60.53424453735352
2017-08-31,60.54214477539063
2017-09-01,60.63668441772461
2017-09-05,58.91116714477539
2017-09-06,59.18694305419922
2017-09-07,58.04451370239258
2017-09-08,59.69907379150391
2017-09-11,60.290000915527344
2017-09-12,60.39244842529297
2017-09-13,59.83302307128906
2017-09-14,59.58087921142578
2017-09-15,59.26572799682617
2017-09-18,59.943336486816406
2017-09-19,59.91182708740234
2017-09-20,60.14031600952149
2017-09-21,59.942012786865234
2017-09-22,60.17995834350586
2017-09-25,60.528934478759766
2017-09-26,60.40994644165039
2017-09-27,60.98892211914063
2017-09-28,61.369590759277344
2017-09-29,60.727195739746094
2017-10-02,61.46477890014648
2017-10-03,61.19512176513672
2017-10-04,61.369590759277344
2017-10-05,61.37751007080078
2017-10-06,60.83028793334961
2017-10-09,60.56064987182617
2017-10-10,61.16340637207031
2017-10-11,61.020633697509766
2017-10-12,60.219608306884766
2017-10-13,60.64786911010742
2017-10-16,60.60823440551758
2017-10-17,60.219608306884766
2017-10-18,60.27513122558594
2017-10-19,60.42580795288086
2017-10-20,60.63993453979492
2017-10-23,60.37031173706055
2017-10-24,60.4813117980957
2017-10-25,60.07685852050781
2017-10-26,60.29098129272461
2017-10-27,56.33345031738281
2017-10-30,55.84173583984375
2017-10-31,55.65140151977539
2017-11-01,56.07967376708984
2017-11-02,57.546875
2017-11-03,57.554832458496094
2017-11-06,58.1099853515625
2017-11-07,57.79271697998047
2017-11-08,57.65789413452149
2017-11-09,57.97515869140625
2017-11-10,58.21307373046875
2017-11-13,58.133785247802734
2017-11-14,58.73651885986328
2017-11-15,58.77619171142578
2017-11-16,58.36377716064453
2017-11-17,58.260650634765625
2017-11-20,58.23687744140625
2017-11-21,58.260650634765625
2017-11-22,57.62619018554688
2017-11-24,57.50722122192383
2017-11-27,58.22100830078125
2017-11-28,58.88722610473633
2017-11-29,59.37892532348633
2017-11-30,59.6663818359375
2017-12-01,59.49869918823242
2017-12-04,60.1773681640625
2017-12-05,59.38692474365234
2017-12-06,59.45079803466797
2017-12-07,59.21126556396485
2017-12-08,59.40289688110352
2017-12-11,59.5306396484375
2017-12-12,59.49869918823242
2017-12-13,58.828006744384766
2017-12-14,58.00564956665039
2017-12-15,59.307071685791016
2017-12-18,59.54659652709961
2017-12-19,59.12057113647461
2017-12-20,59.04019165039063
2017-12-21,59.208980560302734
2017-12-22,59.47425079345703
2017-12-26,59.6993293762207
2017-12-27,59.92441177368164
2017-12-28,60.350433349609375
2017-12-29,60.26200485229492
2018-01-02,58.74278259277344
2018-01-03,58.50967788696289
2018-01-04,59.17682266235352
2018-01-05,59.4822883605957
2018-01-08,59.21704864501953
2018-01-09,58.847293853759766
2018-01-10,58.02738571166992
2018-01-11,58.49359130859375
2018-01-12,59.50640869140625
2018-01-16,59.643043518066406
2018-01-17,60.33433151245117
2018-01-18,60.173583984375
2018-01-19,60.41471099853516
2018-01-22,61.033653259277344
2018-01-23,61.90178298950195
2018-01-24,62.08665466308594
2018-01-25,62.07057189941406
2018-01-26,62.303707122802734
2018-01-29,61.56418228149414
2018-01-30,61.40340042114258
2018-01-31,61.81336212158203
2018-02-01,62.03038024902344
2018-02-02,61.39539337158203
2018-02-05,58.99196243286133
2018-02-06,58.35694885253906
2018-02-07,58.38106918334961
2018-02-08,56.540321350097656
2018-02-09,57.9871826171875
2018-02-12,59.73146438598633
2018-02-13,59.45817947387695
2018-02-14,60.744285583496094
2018-02-15,61.24263381958008
2018-02-16,62.04648208618164
2018-02-20,60.84075546264648
2018-02-21,60.72014999389648
2018-02-22,60.221797943115234
2018-02-23,60.92916870117188
2018-02-26,62.10274124145508
2018-02-27,60.99346923828125
2018-02-28,59.95654296875
2018-03-01,58.95178985595703
2018-03-02,59.972618103027344
2018-03-05,61.00148391723633
2018-03-06,61.12209701538086
2018-03-07,60.8648681640625
2018-03-08,60.49510192871094
2018-03-09,61.92588806152344
2018-03-12,60.47901916503906
2018-03-13,60.350433349609375
2018-03-14,59.52250289916992
2018-03-15,59.72343826293945
2018-03-16,60.3906135559082
2018-03-19,60.3745346069336
2018-03-20,61.03833770751953
2018-03-21,61.15977478027344
2018-03-22,59.4516716003418
2018-03-23,57.97023391723633
2018-03-26,59.20880126953125
2018-03-27,59.20071792602539
2018-03-28,59.791648864746094
2018-03-29,60.11548614501953
2018-04-02,58.58546447753906
2018-04-03,59.49213409423828
2018-04-04,59.82404327392578
2018-04-05,60.18831634521485
2018-04-06,59.0954704284668
2018-04-09,58.90928268432617
2018-04-10,59.427371978759766
2018-04-11,59.427371978759766
2018-04-12,59.88880920410156
2018-04-13,59.52452087402344
2018-04-16,60.5040283203125
2018-04-17,60.30165863037109
2018-04-18,60.35834503173828
2018-04-19,60.74689102172852
2018-04-20,60.93310546875
2018-04-23,61.29737854003906
2018-04-24,60.67403793334961
2018-04-25,60.56882095336914
2018-04-26,57.83260726928711
2018-04-27,57.84070587158203
2018-04-30,56.9421272277832
2018-05-01,57.62213134765625
2018-05-02,56.43213272094727
2018-05-03,56.14069747924805
2018-05-04,56.67498016357422
2018-05-07,56.504974365234375
2018-05-08,56.8126106262207
2018-05-09,57.64643096923828
2018-05-10,58.1968994140625
2018-05-11,58.18878555297852
2018-05-14,57.120216369628906
2018-05-15,57.38737487792969
2018-05-16,57.282135009765625
2018-05-17,57.38737487792969
2018-05-18,57.25786209106445
2018-05-21,57.71117782592773
2018-05-22,57.84070587158203
2018-05-23,57.3792724609375
2018-05-24,57.01499557495117
2018-05-25,57.00690078735352
2018-05-29,55.460697174072266
2018-05-30,56.74784851074219
2018-05-31,56.15689468383789
2018-06-01,56.8126106262207
2018-06-04,56.86119079589844
2018-06-05,56.666900634765625
2018-06-06,56.98260498046875
2018-06-07,57.29024124145508
2018-06-08,57.70307159423828
2018-06-11,57.09593963623047
2018-06-12,56.7154655456543
2018-06-13,56.399749755859375
2018-06-14,55.79261016845703
2018-06-15,55.84927368164063
2018-06-18,55.85736846923828
2018-06-19,56.09394454956055
2018-06-20,55.87367248535156
2018-06-21,55.28631591796875
2018-06-22,55.751312255859375
2018-06-25,55.65342330932617
2018-06-26,54.77236175537109
2018-06-27,54.11156463623047
2018-06-28,54.788692474365234
2018-06-29,54.5439338684082
2018-07-02,54.64184188842773
2018-07-03,54.95184326171875
2018-07-05,55.066043853759766
2018-07-06,55.751312255859375
2018-07-09,56.9341926574707
2018-07-10,57.00764846801758
2018-07-11,56.9341926574707
2018-07-12,56.81183242797852
2018-07-13,56.7873649597168
2018-07-16,57.54605102539063
2018-07-17,57.554229736328125
2018-07-18,58.16605758666992
2018-07-19,57.31764221191406
2018-07-20,57.676570892333984
2018-07-23,57.83157730102539
2018-07-24,57.70920944213867
2018-07-25,58.16605758666992
2018-07-26,58.98184585571289
2018-07-27,60.7276725769043
2018-07-30,61.51078414916992
2018-07-31,61.69845581054688
2018-08-01,61.38844680786133
2018-08-02,61.38844680786133
2018-08-03,61.6250228881836
2018-08-06,61.96767425537109
2018-08-07,61.22530746459961
2018-08-08,61.2497444152832
2018-08-09,61.18448257446289
2018-08-10,60.68682861328125
2018-08-13,60.11581039428711
2018-08-14,60.62158584594727
2018-08-15,60.7276725769043
2018-08-16,61.42109680175781
2018-08-17,61.79633331298828
2018-08-20,62.114524841308594
2018-08-21,62.35107421875
2018-08-22,62.01660537719727
2018-08-23,62.12266159057617
2018-08-24,62.40000915527344
2018-08-27,62.69370651245117
2018-08-28,62.6447639465332
2018-08-29,62.57950210571289
2018-08-30,62.261375427246094
2018-08-31,62.5468635559082
2018-09-04,62.96291732788086
2018-09-05,63.18317413330078
2018-09-06,63.33818817138672
2018-09-07,62.94661331176758
2018-09-10,62.840553283691406
2018-09-11,62.65293502807617
2018-09-12,61.97581100463867
2018-09-13,62.7344970703125
2018-09-14,63.44423675537109
2018-09-17,63.501346588134766
2018-09-18,64.05168151855469
2018-09-19,64.54452514648438
2018-09-20,64.86483764648438
2018-09-21,64.91414642333984
2018-09-24,63.58348846435547
2018-09-25,63.43562316894531
2018-09-26,62.91817474365234
2018-09-27,62.85243988037109
2018-09-28,63.09066390991211
2018-10-01,61.9078483581543
2018-10-02,62.49104690551758
2018-10-03,62.3021125793457
2018-10-04,62.83600997924805
2018-10-05,62.983882904052734
2018-10-08,63.74774169921875
2018-10-09,64.09274291992188
2018-10-10,62.69637298583984
2018-10-11,59.92830657958984
2018-10-12,59.41085433959961
2018-10-15,59.27120971679688
2018-10-16,61.020755767822266
2018-10-17,62.21997833251953
2018-10-18,62.16249084472656
2018-10-19,62.679969787597656
2018-10-22,61.67787170410156
2018-10-23,60.70863342285156
2018-10-24,58.63874053955078
2018-10-25,58.93444442749024
2018-10-26,62.83600997924805
2018-10-29,63.08245086669922
2018-10-30,64.37200927734375
2018-10-31,64.59378814697266
2018-11-01,64.4212875366211
2018-11-02,64.10917663574219
2018-11-05,65.03733825683594
2018-11-06,65.84228515625
2018-11-07,66.35154724121094
2018-11-08,66.86082458496094
2018-11-09,66.79509735107422
2018-11-12,65.93262481689453
2018-11-13,66.49940490722656
2018-11-14,64.88126373291016
2018-11-15,65.25911712646484
2018-11-16,65.91622161865234
2018-11-19,66.29405975341797
2018-11-20,65.53836822509766
2018-11-21,65.33303833007812
2018-11-23,64.7334213256836
2018-11-26,65.67803955078125
2018-11-27,65.68626403808594
2018-11-28,66.98402404785156
2018-11-29,66.92650604248047
2018-11-30,67.13187408447266
2018-12-03,67.87932586669922
2018-12-04,66.9511947631836
2018-12-06,66.16265869140625
2018-12-07,65.82587432861328
2018-12-10,65.20983123779297
2018-12-11,65.00450134277344
2018-12-12,65.47268676757812
2018-12-13,65.4644546508789
2018-12-14,65.22624969482422
2018-12-17,63.46027374267578
2018-12-18,63.31968688964844
2018-12-19,63.1790885925293
2018-12-20,62.72418975830078
2018-12-21,62.55052185058594
2018-12-24,59.672340393066406
2018-12-26,62.35204315185547
2018-12-27,63.30311965942383
2018-12-28,63.36101913452149
2018-12-31,64.03096008300781
2019-01-02,62.54223251342773
2019-01-03,61.53322982788086
2019-01-04,62.76553726196289
2019-01-07,62.4843635559082
2019-01-08,62.42644119262695
2019-01-09,63.05501174926758
2019-01-10,63.93169021606445
2019-01-11,63.724945068359375
2019-01-14,64.1798324584961
2019-01-15,64.2129135131836
2019-01-16,64.4610366821289
2019-01-17,64.65951538085938
2019-01-18,66.45423126220703
2019-01-22,65.7512435913086
2019-01-23,65.88356018066406
2019-01-24,65.43695831298828
2019-01-25,65.62718200683594
2019-01-28,65.32942199707031
2019-01-29,65.6602554321289
2019-01-30,66.32189178466797
2019-01-31,67.0910415649414
2019-02-01,67.4549789428711
2019-02-04,68.20759582519531
2019-02-05,68.29856872558594
2019-02-06,67.69485473632812
2019-02-07,69.72112274169922
2019-02-08,69.48954772949219
2019-02-11,69.52262115478516
2019-02-12,70.0684814453125
2019-02-13,69.88651275634766
2019-02-14,69.46472930908203
2019-02-15,70.69705963134766
2019-02-19,70.80455017089844
2019-02-20,71.08576965332031
2019-02-21,70.74666595458984
2019-02-22,71.22636413574219
2019-02-25,71.01134490966797
2019-02-26,70.80455017089844
2019-02-27,71.11885833740234
2019-02-28,71.8053207397461
2019-03-01,71.9458999633789
2019-03-04,70.96170043945312
2019-03-05,70.76319122314453
2019-03-06,70.1015625
2019-03-07,69.9609603881836
2019-03-08,69.87825775146484
2019-03-11,70.67223358154297
2019-03-12,70.87071228027344
2019-03-13,70.33314514160156
2019-03-14,70.5647201538086
2019-03-15,70.81283569335938
2019-03-18,71.0609359741211
2019-03-19,70.41162109375
2019-03-20,69.9537353515625
2019-03-21,70.68634796142578
2019-03-22,70.46155548095703
2019-03-25,70.47822570800781
2019-03-26,70.79454803466797
2019-03-27,71.06928253173828
2019-03-28,71.1275405883789
2019-03-29,71.51045989990234
2019-04-01,71.8518295288086
2019-04-02,71.19414520263672
2019-04-03,71.15253448486328
2019-04-04,71.30237579345703
2019-04-05,71.77688598632812
2019-04-08,71.31071472167969
2019-04-09,70.8278579711914
2019-04-10,71.63538360595703
2019-04-11,72.31800079345703
2019-04-12,72.83416748046875
2019-04-15,72.53446197509766
2019-04-16,73.0256118774414
2019-04-17,71.98503112792969
2019-04-18,72.0932388305664
2019-04-22,71.56877136230469
2019-04-23,72.39293670654297
2019-04-24,73.00064849853516
2019-04-25,77.89566802978516
2019-04-26,78.41180419921875
2019-04-29,79.0777816772461
2019-04-30,80.06842803955078
2019-05-01,79.26925659179688
2019-05-02,79.87698364257812
2019-05-03,79.97686767578125
2019-05-06,80.04347229003906
2019-05-07,79.09443664550781
2019-05-08,79.21929168701172
2019-05-09,79.1610107421875
2019-05-10,80.25993347167969
2019-05-13,79.26925659179688
2019-05-14,79.7021484375
2019-05-15,80.26823425292969
2019-05-16,80.8759536743164
2019-05-17,81.35880279541016
2019-05-20,81.65849304199219
2019-05-21,82.60751342773438
2019-05-22,82.94884490966797
2019-05-23,82.59920501708984
2019-05-24,82.99047088623047
2019-05-28,82.29119110107422
2019-05-29,81.99150085449219
2019-05-30,81.90824890136719
2019-05-31,81.78334045410156
2019-06-03,82.89057159423828
2019-06-04,83.0404281616211
2019-06-05,84.58053588867188
2019-06-06,84.6720962524414
2019-06-07,85.44630432128906
2019-06-10,85.3963623046875
2019-06-11,84.91352081298828
2019-06-12,85.7293472290039
2019-06-13,85.45462036132812
2019-06-14,86.19554138183594
2019-06-17,86.46194458007812
2019-06-18,86.96415710449219
2019-06-19,87.75093078613281
2019-06-20,88.67162322998047
2019-06-21,87.54165649414062
2019-06-24,87.90155792236328
2019-06-25,87.9183120727539
2019-06-26,85.58307647705078
2019-06-27,86.07693481445312
2019-06-28,86.77162170410156
2019-07-01,87.99363708496094
2019-07-02,88.22801971435547
2019-07-03,90.06940460205078
2019-07-05,90.2535400390625
2019-07-08,89.87687683105469
2019-07-09,89.97732543945312
2019-07-10,89.61741638183594
2019-07-11,89.39978790283203
2019-07-12,90.12799835205078
2019-07-15,90.24517059326172
2019-07-16,90.95661926269533
2019-07-17,89.6006851196289
2019-07-18,89.93547821044922
2019-07-19,89.34120178222656
2019-07-22,89.08175659179688
2019-07-23,89.14032745361328
2019-07-24,89.77645874023438
2019-07-25,89.71788024902344
2019-07-26,90.2535400390625
2019-07-29,88.939453125
2019-07-30,88.6130142211914
2019-07-31,89.83504486083984
2019-08-01,88.96455383300781
2019-08-02,88.93107604980469
2019-08-05,86.88044738769531
2019-08-06,89.55045318603516
2019-08-07,89.86016082763672
2019-08-08,91.85220336914062
2019-08-09,92.0447006225586
2019-08-12,90.9482650756836
2019-08-13,92.66407775878906
2019-08-14,89.50860595703125
2019-08-15,90.88127899169922
2019-08-16,91.8187255859375
2019-08-19,92.53018188476562
2019-08-20,91.5927505493164
2019-08-21,92.47160339355467
2019-08-22,92.93194580078124
2019-08-23,90.5883560180664
2019-08-26,92.34605407714844
2019-08-27,92.3962631225586
2019-08-28,92.9905242919922
2019-08-29,94.31298065185548
2019-08-30,94.15396881103516
2019-09-03,94.31298065185548
2019-09-04,95.13324737548828
2019-09-05,95.3592529296875
2019-09-06,96.2046127319336
2019-09-09,94.91565704345705
2019-09-10,93.5596923828125
2019-09-11,93.30859375
2019-09-12,94.78170776367188
2019-09-13,94.53895568847656
2019-09-16,94.39669036865234
2019-09-17,95.93605041503906
2019-09-18,96.35659790039062
2019-09-19,96.1463394165039
2019-09-20,95.73414611816406
2019-09-23,96.12952423095705
2019-09-24,96.18839263916016
2019-09-25,96.81927490234376
2019-09-26,98.0726089477539
2019-09-27,97.37445068359376
2019-09-30,98.13990020751952
2019-10-01,96.06221771240234
2019-10-02,95.0696258544922
2019-10-03,96.05381774902344
2019-10-04,98.76237487792967
2019-10-07,97.55950164794922
2019-10-08,95.7425765991211
2019-10-09,96.59213256835938
2019-10-10,97.7697982788086
2019-10-11,97.68565368652344
2019-10-14,97.71092987060548
2019-10-15,97.64362335205078
2019-10-16,96.94547271728516
2019-10-17,96.8360824584961
2019-10-18,97.3407745361328
2019-10-21,97.60997009277344
2019-10-22,95.37244415283205
2019-10-23,95.86032104492188
2019-10-24,96.9622573852539
2019-10-25,93.91722106933594
2019-10-28,93.14334869384766
2019-10-29,93.69009399414062
2019-10-30,94.86775207519533
2019-10-31,95.22943878173828
2019-11-01,94.29573822021484
2019-11-04,92.68067169189452
2019-11-05,92.55451202392578
2019-11-06,93.27792358398438
2019-11-07,91.7133331298828
2019-11-08,91.4357452392578
2019-11-11,91.80584716796876
2019-11-12,91.32640075683594
2019-11-13,91.1581573486328
2019-11-14,90.846923828125
2019-11-15,90.0898666381836
2019-11-18,90.72914123535156
2019-11-19,90.76282501220705
2019-11-20,90.78805541992188
2019-11-21,89.24028015136719
2019-11-22,88.95428466796875
2019-11-25,89.1141128540039
2019-11-26,90.24128723144533
2019-11-27,90.34223175048828
2019-11-29,90.04781341552734
2019-12-02,88.85333251953125
2019-12-03,87.8102798461914
2019-12-04,87.94487762451172
2019-12-05,88.07105255126953
2019-12-06,88.63462829589844
2019-12-09,89.3832778930664
2019-12-10,88.92063903808594
2019-12-11,88.59256744384766
2019-12-12,89.31597137451172
2019-12-13,88.70194244384766
2019-12-16,88.91223907470703
2019-12-17,88.81127166748047
2019-12-18,87.78799438476562
2019-12-19,87.34829711914062
2019-12-20,88.05862426757812
2019-12-23,87.09458923339844
2019-12-24,87.33137512207031
2019-12-26,87.56814575195312
2019-12-27,87.86416625976562
2019-12-30,88.32080078125
2019-12-31,88.92120361328125
2020-01-02,89.60618591308594
2020-01-03,90.06285858154297
2020-01-06,89.36942291259766
2020-01-07,87.68653869628906
2020-01-08,87.18761444091797
2020-01-09,88.74362182617188
2020-01-10,88.54067993164062
2020-01-13,88.87046813964844
2020-01-14,88.67597961425781
2020-01-15,89.13263702392578
2020-01-16,89.24256896972656
2020-01-17,90.74784088134766
2020-01-21,89.91910552978516
2020-01-22,90.60408782958984
2020-01-23,89.62310028076172
2020-01-24,89.65692901611328
2020-01-27,88.58295440673828
2020-01-28,89.09031677246094
2020-01-29,88.82820129394531
2020-01-30,90.31655883789062
2020-01-31,88.75208282470703
2020-02-03,89.90216827392578
2020-02-04,89.6738510131836
2020-02-05,91.33979034423828
2020-02-06,95.42433166503906
2020-02-07,95.41590118408205
2020-02-10,96.47298431396484
2020-02-11,97.1833267211914
2020-02-12,96.18541717529295
2020-02-13,97.12410736083984
2020-02-14,97.42855834960938
2020-02-18,96.27845001220705
2020-02-19,95.57655334472656
2020-02-20,94.81546783447266
2020-02-21,94.13894653320312
2020-02-24,90.89161682128906
2020-02-25,88.55758666992188
2020-02-26,87.21298217773438
2020-02-27,82.58721160888672
2020-02-28,78.84941101074219
2020-03-02,85.7161636352539
2020-03-03,84.37157440185547
2020-03-04,88.31233978271484
2020-03-05,85.53011322021484
2020-03-06,83.05232238769531
2020-03-09,76.70142364501953
2020-03-10,81.17495727539062
2020-03-11,76.10946655273438
2020-03-12,68.12641906738281
2020-03-13,76.59996032714844
2020-03-16,66.4012680053711
2020-03-17,72.41761779785156
2020-03-18,72.7499771118164
2020-03-19,69.81849670410156
2020-03-20,63.9384994506836
2020-03-23,56.90807723999024
2020-03-24,66.4864730834961
2020-03-25,63.25673675537109
2020-03-26,67.0830078125
2020-03-27,64.72249603271484
2020-03-30,67.95223236083984
2020-03-31,64.29639434814453
2020-04-01,62.69432067871094
2020-04-02,62.140419006347656
2020-04-03,60.52980041503906
2020-04-06,65.96666717529297
2020-04-07,68.071533203125
2020-04-08,69.09412384033203
2020-04-09,71.22455596923828
2020-04-13,70.42353820800781
2020-04-14,74.22422790527344
2020-04-15,70.67918395996094
2020-04-16,70.2786636352539
2020-04-17,73.11637878417969
2020-04-20,70.28720092773438
2020-04-21,68.31865692138672
2020-04-22,67.90962982177734
2020-04-23,66.81031799316406
2020-04-24,66.92109680175781
2020-04-27,69.90371704101562
2020-04-28,61.19448852539063
2020-04-29,60.009986877441406
2020-04-30,56.072940826416016
2020-05-01,51.93989562988281
2020-05-04,51.25815963745117
2020-05-05,50.27817535400391
2020-05-06,45.26740264892578
2020-05-07,46.87801742553711
2020-05-08,47.49156188964844
2020-05-11,45.88948440551758
2020-05-12,43.844268798828125
2020-05-13,41.364444732666016
2020-05-14,43.017669677734375
2020-05-15,41.9694938659668
2020-05-18,45.31001281738281
2020-05-19,44.3896598815918
2020-05-20,45.642356872558594
2020-05-21,48.95730972290039
2020-05-22,48.84653091430664
2020-05-26,50.48269271850586
2020-05-27,52.32338333129883
2020-05-28,51.61608505249024
2020-05-29,50.23556518554688
2020-06-01,50.82356262207031
2020-06-02,51.803558349609375
2020-06-03,54.42824935913086
2020-06-04,55.07589721679688
2020-06-05,58.6124153137207
2020-06-08,60.87067413330078
2020-06-09,58.63797378540039
2020-06-10,55.587215423583984
2020-06-11,49.98843002319336
2020-06-12,52.008079528808594
2020-06-15,52.78356170654297
2020-06-16,54.40131378173828
2020-06-17,53.40312576293945
2020-06-18,54.3238639831543
2020-06-19,54.35829162597656
2020-06-22,54.03989410400391
2020-06-23,54.89180374145508
2020-06-24,53.3600959777832
2020-06-25,54.84876251220703
2020-06-26,53.35150146484375
2020-06-29,54.857383728027344
2020-06-30,55.09832000732422
2020-07-01,55.15855407714844
2020-07-02,55.82115173339844
2020-07-06,58.5661735534668
2020-07-07,58.772705078125
2020-07-08,59.495513916015625
2020-07-09,57.96381378173828
2020-07-10,60.64860534667969
2020-07-13,60.31299591064453
2020-07-14,62.56755065917969
2020-07-15,63.26455307006836
2020-07-16,65.2350845336914
2020-07-17,65.96654510498047
2020-07-20,66.31073760986328
2020-07-21,67.24869537353516
2020-07-22,69.02993774414062
2020-07-23,71.13817596435547
2020-07-24,71.62008666992188
2020-07-27,70.94888305664062
2020-07-28,71.766357421875
2020-07-29,71.80077362060547
2020-07-30,68.67713165283203
2020-07-31,67.05937957763672
2020-08-03,67.46382141113281
2020-08-04,66.65494537353516
2020-08-05,68.4620132446289
2020-08-06,68.36735534667969
2020-08-07,70.27767181396484
2020-08-10,71.78358459472656
2020-08-11,71.5254135131836
2020-08-12,69.70975494384766
2020-08-13,68.47920989990234
2020-08-14,68.93528747558594
2020-08-17,67.31754302978516
2020-08-18,67.9629135131836
2020-08-19,67.30032348632812
2020-08-20,67.10243225097656
2020-08-21,66.55168914794922
2020-08-24,68.42759704589844
2020-08-25,68.28131103515625
2020-08-26,67.54988098144531
2020-08-27,69.23646545410156
2020-08-28,69.17621612548828
2020-08-31,68.33293151855469
2020-09-01,68.84063720703125
2020-09-02,70.27767181396484
2020-09-03,69.34832763671875
2020-09-04,69.76998138427734
2020-09-08,68.10920715332031
2020-09-09,67.84245300292969
2020-09-10,66.45703887939453
2020-09-11,66.1902847290039
2020-09-14,66.83563995361328
2020-09-15,65.89039611816406
2020-09-16,66.9483871459961
2020-09-17,67.15650939941406
2020-09-18,67.65081787109375
2020-09-21,65.422119140625
2020-09-22,65.80368041992188
2020-09-23,64.99717712402344
2020-09-24,66.17658233642578
2020-09-25,66.66221618652344
2020-09-28,68.52669525146484
2020-09-29,67.54676818847656
2020-09-30,67.61613464355469
2020-10-01,66.33265686035156
2020-10-02,67.45137023925781
2020-10-05,71.13700103759766
2020-10-06,69.30718231201172
2020-10-07,68.89093017578125
2020-10-08,69.93157196044922
2020-10-09,69.10773468017578
2020-10-12,70.43456268310547
2020-10-13,68.63944244384766
2020-10-14,68.30990600585938
2020-10-15,68.35327911376953
2020-10-16,68.1451416015625
2020-10-19,67.35596466064453
2020-10-20,69.22047424316406
2020-10-21,73.09688568115234
2020-10-22,66.54948425292969
2020-10-23,67.121826171875
2020-10-26,66.61018371582031
2020-10-27,64.04324340820312
2020-10-28,61.71913528442383
2020-10-29,62.13540267944336
2020-10-30,61.346221923828125
2020-11-02,62.62969970703125
2020-11-03,63.90451049804688
2020-11-04,62.69041442871094
2020-11-05,64.65030670166016
2020-11-06,64.39012908935547
2020-11-09,74.34565734863281
2020-11-10,75.13481140136719
2020-11-11,73.29632568359375
2020-11-12,71.96952056884766
2020-11-13,68.31858825683594
2020-11-16,69.2378158569336
2020-11-17,69.12508392333984
2020-11-18,68.9429702758789
2020-11-19,67.94568634033203
2020-11-20,67.121826171875
2020-11-23,67.32129669189453
2020-11-24,68.99500274658203
2020-11-25,68.10177612304688
2020-11-27,67.4773941040039
2020-11-30,66.21125793457031
2020-12-01,69.3765640258789
2020-12-02,69.31587219238281
2020-12-03,70.8508071899414
2020-12-04,71.9435043334961
2020-12-07,69.53265380859375
2020-12-08,70.4692611694336
2020-12-09,70.52994537353516
2020-12-10,70.21776580810547
2020-12-11,69.52397918701172
2020-12-14,69.03836059570312
2020-12-15,70.71603393554688
2020-12-16,71.68595123291016
2020-12-17,73.65199279785156
2020-12-18,72.55974578857422
2020-12-21,73.4422836303711
2020-12-22,73.3636245727539
2020-12-23,74.89278411865234
2020-12-24,74.47332763671875
2020-12-28,76.34327697753906
2020-12-29,75.34715270996094
2020-12-30,75.54811096191406
2020-12-31,76.34327697753906
2021-01-04,73.83548736572266
2021-01-05,73.13645935058594
2021-01-06,76.5792007446289
2021-01-07,76.61412811279297
2021-01-08,76.7015151977539
2021-01-11,77.47919464111328
2021-01-12,80.79960632324219
2021-01-13,80.22290802001953
2021-01-14,81.69087219238281
2021-01-15,81.87435913085938
2021-01-19,81.9355697631836
2021-01-20,80.808349609375
2021-01-21,77.13842010498047
2021-01-22,76.2995834350586
2021-01-25,77.31317901611328
2021-01-26,75.82774353027344
2021-01-27,73.6170425415039
2021-01-28,74.82286834716797
2021-01-29,73.47723388671875
2021-02-01,76.37823486328125
2021-02-02,76.11608123779297
2021-02-03,75.25102996826172
2021-02-04,76.31706237792969
2021-02-05,75.76657104492188
2021-02-08,76.59666442871094
2021-02-09,76.17725372314453
2021-02-10,77.8025131225586
2021-02-11,79.83843231201172
2021-02-12,80.75590515136719
2021-02-16,79.35784149169922
2021-02-17,81.96175384521484
2021-02-18,82.7306900024414
2021-02-19,84.11129760742188
2021-02-22,84.74043273925781
2021-02-23,85.98994445800781
2021-02-24,88.15694427490234
2021-02-25,86.30451202392578
2021-02-26,85.51810455322266
2021-03-01,88.39286804199219
2021-03-02,87.36180877685547
2021-03-03,88.3316879272461
2021-03-04,87.26567840576172
2021-03-05,91.10162353515624
2021-03-08,93.51331329345705
2021-03-09,92.15018463134766
2021-03-10,92.84046936035156
2021-03-11,91.52103424072266
2021-03-12,94.02882385253906
2021-03-15,95.18224334716795
2021-03-16,93.52117156982422
2021-03-17,93.42447662353516
2021-03-18,94.7340316772461
2021-03-19,94.0396957397461
2021-03-22,93.03778076171876
2021-03-23,91.96556091308594
2021-03-24,91.94798278808594
2021-03-25,93.23114013671876
2021-03-26,92.97625732421876
2021-03-29,91.438232421875
2021-03-30,92.35226440429688
2021-03-31,90.60330200195312
2021-04-01,91.52610778808594
2021-04-05,92.80049896240234
2021-04-06,93.11688995361328
2021-04-07,92.50167846679688
2021-04-08,91.8600845336914
2021-04-09,92.3610382080078
2021-04-12,93.57389831542967
2021-04-13,92.67745208740234
2021-04-14,93.16082763671876
2021-04-15,93.60026550292967
2021-04-16,93.52117156982422
2021-04-19,94.2330551147461
2021-04-20,94.01333618164062
2021-04-21,96.5356903076172
2021-04-22,95.65682983398438
2021-04-23,96.11385345458984
2021-04-26,95.81501007080078
2021-04-27,95.2965087890625
2021-04-28,93.82877349853516
2021-04-29,97.99464416503906
2021-04-30,99.0317153930664
2021-05-03,100.98283386230467
2021-05-04,102.2132339477539
2021-05-05,103.42609405517578
2021-05-06,105.21900177001952
2021-05-07,105.77268981933594
2021-05-10,106.08029174804688
2021-05-11,103.83917999267578
2021-05-12,102.7933120727539
2021-05-13,105.50025177001952
2021-05-14,106.30882263183594
2021-05-17,105.6408462524414
2021-05-18,104.79713439941406
2021-05-19,105.139892578125
2021-05-20,106.49337768554688
2021-05-21,105.711181640625
2021-05-24,106.28243255615234
2021-05-25,104.8059310913086
2021-05-26,104.48953247070312
2021-05-27,106.16818237304688
2021-05-28,106.9679718017578
2021-06-01,107.09101104736328
2021-06-02,107.38981628417967
2021-06-03,108.41810607910156
2021-06-04,109.17394256591795
2021-06-07,107.89079284667967
2021-06-08,108.4620590209961
2021-06-09,106.46701049804688
2021-06-10,106.8273468017578
2021-06-11,107.04705047607422
2021-06-14,105.88695526123048
2021-06-15,106.95916748046876
2021-06-16,106.2612533569336
2021-06-17,103.13385009765624
2021-06-18,100.55416107177734
2021-06-21,103.23985290527344
2021-06-22,103.6020736694336
2021-06-23,103.17801666259766
2021-06-24,104.02613067626952
2021-06-25,105.20111846923828
2021-06-28,103.69924926757812
2021-06-29,102.7981414794922
2021-06-30,103.02783203125
2021-07-01,104.17630767822266
2021-07-02,104.10563659667967
2021-07-06,102.81580352783205
2021-07-07,103.54022216796876
2021-07-08,100.5011749267578
2021-07-09,105.01559448242188
2021-07-12,105.84603118896484
2021-07-13,104.87423706054688
2021-07-14,104.24698638916016
2021-07-15,104.67987823486328
2021-07-16,104.7152328491211
2021-07-19,100.82804870605467
2021-07-20,103.5137176513672
2021-07-21,103.92893981933594
2021-07-22,101.6143035888672
2021-07-23,101.80867004394533
2021-07-26,103.1603546142578
2021-07-27,102.5242691040039
2021-07-28,100.44815063476562
2021-07-29,103.99079895019533
2021-07-30,104.1409683227539
2021-08-02,105.22763061523438
2021-08-03,105.07743072509766
2021-08-04,102.39173126220705
2021-08-05,102.82464599609376
2021-08-06,105.38664245605467
2021-08-09,105.6869888305664
2021-08-10,106.36724853515624
2021-08-11,107.12702178955078
2021-08-12,107.6394271850586
2021-08-13,107.24188995361328
2021-08-16,107.83377838134766
2021-08-17,108.41688537597656
2021-08-18,107.01217651367188
2021-08-19,107.50690460205078
2021-08-20,108.9380874633789
2021-08-23,108.89395141601562
2021-08-24,108.78792572021484
2021-08-25,110.30746459960938
2021-08-26,108.29318237304688
2021-08-27,109.90105438232422
2021-08-30,108.62007904052734
2021-08-31,109.01760864257812
2021-09-01,107.9397964477539
2021-09-02,107.88681030273438
2021-09-03,106.968017578125
2021-09-07,105.51030731201172
2021-09-08,106.22590637207033
2021-09-09,105.35130310058594
2021-09-10,103.69924926757812
2021-09-13,104.67987823486328
2021-09-14,103.75226593017578
2021-09-15,105.0667953491211
2021-09-16,104.71153259277344
2021-09-17,103.43251037597656
2021-09-20,101.49617004394533
2021-09-21,101.03430938720705
2021-09-22,101.66496276855467
2021-09-23,103.13048553466795
2021-09-24,103.58348846435548
2021-09-27,105.2355728149414
2021-09-28,102.78408813476562
2021-09-29,103.34368133544922
2021-09-30,101.45177459716795
2021-10-01,101.95804595947266
2021-10-04,100.65237426757812
2021-10-05,102.58867645263672
2021-10-06,103.45027160644533
2021-10-07,105.58197784423828
2021-10-08,106.66560363769533
2021-10-11,105.48428344726562
2021-10-12,104.88029479980467
2021-10-13,103.9121322631836
2021-10-14,105.27108764648438
2021-10-15,105.64414978027344
2021-10-18,103.885498046875
2021-10-19,104.64935302734376
2021-10-20,106.39024353027344
2021-10-21,106.39024353027344
2021-10-22,108.53083801269533
2021-10-25,109.64112091064452
2021-10-26,109.29470825195312
2021-10-27,107.64263916015624
2021-10-28,112.0748062133789
2021-10-29,107.86468505859376
2021-11-01,107.02088928222656
2021-11-02,109.75658416748048
2021-11-03,110.74249267578124
2021-11-04,110.29840087890624
2021-11-05,111.99486541748048
2021-11-08,110.502685546875
2021-11-09,110.2806167602539
2021-11-10,109.73880004882812
2021-11-11,109.0548858642578
2021-11-12,108.47754669189452
2021-11-15,107.90020751953124
2021-11-16,107.15410614013672
2021-11-17,105.47537994384766
2021-11-18,105.43096160888672
2021-11-19,105.52867889404295
2021-11-22,106.4701919555664
2021-11-23,107.42057800292967
2021-11-24,106.42577362060548
2021-11-26,104.1608428955078
2021-11-29,105.2177963256836
2021-11-30,101.16755676269533
2021-12-01,100.23492431640624
2021-12-02,104.5605239868164
2021-12-03,102.92620086669922
2021-12-06,103.2903823852539
2021-12-07,104.5960693359375
2021-12-08,104.10753631591795
2021-12-09,102.26893615722656
2021-12-10,103.37033081054688
2021-12-13,101.58501434326172
2021-12-14,102.9351043701172
2021-12-15,103.42626953125
2021-12-16,104.73908233642578
2021-12-17,100.9167709350586
2021-12-20,98.24649810791016
2021-12-21,99.6128921508789
2021-12-22,100.41664123535156
2021-12-23,100.3273468017578
2021-12-27,101.9170150756836
2021-12-28,102.55107879638672
2021-12-29,102.72075653076172
2021-12-30,101.51510620117188
2021-12-31,101.747314453125
2022-01-03,101.0149917602539
2022-01-04,103.36376953125
2022-01-05,101.9080581665039
2022-01-06,103.7924346923828
2022-01-07,105.95366668701172
2022-01-10,105.60538482666016
2022-01-11,106.70384979248048
2022-01-12,106.1679916381836
2022-01-13,108.05238342285156
2022-01-14,106.75743103027344
2022-01-18,104.81947326660156
2022-01-19,102.67609405517578
2022-01-20,103.39949035644533
2022-01-21,102.22064208984376
2022-01-24,104.6408462524414
2022-01-25,102.78326416015624
2022-01-26,102.68502807617188
2022-01-27,101.33650207519533
2022-01-28,104.87305450439452
2022-01-31,105.23028564453124
2022-02-01,105.66788482666016
2022-02-02,108.00772857666016
2022-02-03,107.60584259033205
2022-02-04,108.67752075195312
2022-02-07,108.34709167480467
2022-02-08,109.99034118652344
2022-02-09,109.97248840332033
2022-02-10,109.43663024902344
2022-02-11,108.18635559082033
2022-02-14,106.70384979248048
2022-02-15,107.78445434570312
2022-02-16,114.43782806396484
2022-02-17,112.7499008178711
2022-02-18,112.1515655517578
2022-02-22,110.68694305419922
2022-02-23,109.34733581542967
2022-02-24,106.65026092529295
2022-02-25,111.58000946044922
2022-02-28,109.659912109375
2022-03-01,107.21288299560548
2022-03-02,110.19573974609376
2022-03-03,111.06201934814452
2022-03-04,110.02606964111328
2022-03-07,106.92710876464844
2022-03-08,106.56095886230467
2022-03-09,108.38280487060548
2022-03-10,109.09725952148438
2022-03-11,108.67752075195312
2022-03-14,114.3485107421875
2022-03-15,116.74195861816406
2022-03-16,116.54547119140624
2022-03-17,118.75409698486328
2022-03-18,114.8665542602539
2022-03-21,117.71261596679688
2022-03-22,118.2333526611328
2022-03-23,118.27823638916016
2022-03-24,121.04353332519533
2022-03-25,122.90199279785156
2022-03-28,121.89645385742188
2022-03-29,122.605712890625
2022-03-30,124.03321838378906
2022-03-31,122.0670394897461
2022-04-01,123.96144104003906
2022-04-04,121.32185363769533
2022-04-05,121.45652770996094
2022-04-06,123.33293914794922
2022-04-07,122.99177551269533
2022-04-08,123.79984283447266
2022-04-11,122.5338897705078
2022-04-12,122.85709381103516
2022-04-13,123.7549285888672
2022-04-14,124.06916046142578
2022-04-18,124.42825317382812
2022-04-19,124.65274810791016
2022-04-20,126.81647491455078
2022-04-21,125.94558715820312
2022-04-22,122.69548797607422
2022-04-25,122.1747817993164
2022-04-26,120.3342514038086
2022-04-27,121.21409606933594
2022-04-28,122.10295867919922
2022-04-29,110.1260986328125
2022-05-02,108.4112548828125
2022-05-03,109.68614959716795
2022-05-04,114.32786560058594
2022-05-05,112.9900894165039
2022-05-06,113.53778839111328
2022-05-09,112.24491119384766
2022-05-10,112.22695922851562
2022-05-11,112.36163330078124
2022-05-12,112.06537628173828
2022-05-13,113.33126831054688
2022-05-16,113.2235336303711
2022-05-17,113.99566650390624
2022-05-18,112.05638122558594
2022-05-19,110.13506317138672
2022-05-20,109.51555633544922
2022-05-23,112.5322265625
2022-05-24,112.3077621459961
2022-05-25,111.72420501708984
2022-05-26,114.0764617919922
2022-05-27,115.29749298095705
2022-05-31,114.7947235107422
2022-06-01,113.2235336303711
2022-06-02,114.33683013916016
2022-06-03,113.43002319335938
2022-06-06,115.02814483642578
2022-06-07,115.22567749023438
2022-06-08,113.5826644897461
2022-06-09,110.80841827392578
2022-06-10,107.64810943603516
2022-06-13,104.44290161132812
2022-06-14,104.5237045288086
2022-06-15,105.51131439208984
2022-06-16,101.78143310546876
2022-06-17,102.92839050292967
2022-06-21,104.35531616210938
2022-06-22,104.50886535644533
2022-06-23,102.576171875
2022-06-24,105.21329498291016
2022-06-27,105.827392578125
2022-06-28,106.24284362792967
2022-06-29,106.4776382446289
2022-06-30,107.45301055908205
2022-07-01,108.69931030273438
2022-07-05,107.52525329589844
2022-07-06,108.20259857177734
2022-07-07,107.61557006835938
2022-07-08,107.1459503173828
2022-07-11,106.3512191772461
2022-07-12,105.5113296508789
2022-07-13,104.5901336669922
2022-07-14,100.35449981689452
2022-07-15,101.492431640625
2022-07-18,98.4037628173828
2022-07-19,100.88733673095705
2022-07-20,100.13776397705078
2022-07-21,99.9842300415039
2022-07-22,100.09260559082033
2022-07-25,101.64596557617188
2022-07-26,102.61229705810548
2022-07-27,102.46780395507812
2022-07-28,88.21658325195312
2022-07-29,87.9095230102539
2022-08-01,85.69689178466797
2022-08-02,85.44402313232422
2022-08-03,87.33152770996094
2022-08-04,86.24779510498047
2022-08-05,87.83727264404297
2022-08-08,88.81263732910156
2022-08-09,89.26420593261719
2022-08-10,90.34796142578124
2022-08-11,92.804443359375
2022-08-12,94.22232055664062
2022-08-15,94.37586212158205
2022-08-16,95.12545013427734
2022-08-17,96.13694763183594
2022-08-18,95.8840789794922
2022-08-19,93.81592559814452
2022-08-22,91.7748794555664
2022-08-23,91.35945129394533
2022-08-24,91.4858856201172
2022-08-25,92.94893646240234
2022-08-26,91.06143188476562
2022-08-29,90.51051330566406
2022-08-30,88.99327087402344
2022-08-31,87.56633758544922
2022-09-01,88.25271606445312
2022-09-02,87.43991088867188
2022-09-06,87.80116271972656
2022-09-07,89.4358139038086
2022-09-08,90.0228271484375
2022-09-09,90.93497467041016
2022-09-12,92.6780014038086
2022-09-13,89.75189208984375
2022-09-14,90.4924545288086
2022-09-15,90.75618743896484
2022-09-16,88.58277130126953
2022-09-19,90.17418670654295
2022-09-20,88.23717498779297
2022-09-21,85.93646240234375
2022-09-22,84.56327819824219
2022-09-23,83.66300964355469
2022-09-26,82.0806884765625
2022-09-27,82.51718139648438
2022-09-28,84.0995101928711
2022-09-29,83.52658081054688
2022-09-30,81.45320892333984
2022-10-03,84.80882263183594
2022-10-04,87.47333526611328
2022-10-05,87.88253021240234
2022-10-06,86.90948486328125
2022-10-07,85.42720031738281
2022-10-10,87.07319641113281
2022-10-11,87.80977630615234
2022-10-12,88.30083465576172
2022-10-13,92.21118927001952
2022-10-14,90.07413482666016
2022-10-17,91.20177459716795
2022-10-18,92.38395690917967
2022-10-19,91.88379669189452
2022-10-20,88.89192199707031
2022-10-21,90.24691772460938
2022-10-24,90.62887573242188
2022-10-25,89.98319244384766
2022-10-26,89.21021270751953
2022-10-27,89.85588073730469
2022-10-28,93.20242309570312
2022-10-31,93.95719909667967
2022-11-01,90.22872924804688
2022-11-02,90.07413482666016
2022-11-03,88.20990753173828
2022-11-04,90.7470703125
2022-11-07,93.14783477783205
2022-11-08,93.80260467529295
2022-11-09,92.29302978515624
2022-11-10,97.80387878417967
2022-11-11,100.11370086669922
2022-11-14,99.05883026123048
2022-11-15,96.7490005493164
2022-11-16,96.26700592041016
2022-11-17,96.06695556640624
2022-11-18,97.17639923095705
2022-11-21,97.1491241455078
2022-11-22,98.24945831298828
2022-11-23,98.94059753417967
2022-11-25,99.87728118896484
2022-11-28,97.65837860107422
2022-11-29,98.33132934570312
2022-11-30,100.90486907958984
2022-12-01,101.05037689208984
2022-12-02,100.40470886230467
2022-12-05,98.09488677978516
2022-12-06,97.24917602539062
2022-12-07,95.30308532714844
2022-12-08,96.58531188964844
2022-12-09,96.31250762939452
2022-12-12,97.64019012451172
2022-12-13,97.84025573730467
2022-12-14,96.76719665527344
2022-12-15,94.88162994384766
2022-12-16,93.5635757446289
2022-12-19,92.39195251464844
2022-12-20,93.64594268798828
2022-12-21,95.69625091552734
2022-12-22,94.96400451660156
2022-12-23,95.6138687133789
2022-12-27,95.59558868408205
2022-12-28,94.01206970214844
2022-12-29,95.33929443359376
2022-12-30,93.71916961669922
2023-01-03,95.20198059082033
2023-01-04,97.34382629394533
2023-01-05,97.63672637939452
2023-01-06,100.4467315673828
2023-01-09,99.48567199707033
2023-01-10,101.15154266357422
2023-01-11,100.58404541015624
2023-01-12,98.7900161743164
2023-01-13,99.54058074951172
2023-01-17,97.19738006591795
2023-01-18,95.55897521972656
2023-01-19,92.5841827392578
2023-01-20,94.03038787841795
2023-01-23,96.28205871582033
2023-01-24,96.56581115722656
2023-01-25,96.26376342773438
2023-01-26,96.83124542236328
2023-01-27,96.51087951660156
2023-01-30,102.07599639892578
2023-01-31,103.56797790527344
2023-02-01,104.62973022460938
2023-02-02,105.63658905029295
2023-02-03,105.36199188232422
2023-02-06,105.51758575439452
2023-02-07,116.81260681152344
2023-02-08,116.8766632080078
2023-02-09,115.5586166381836
2023-02-10,114.57006072998048
2023-02-13,116.34577941894533
2023-02-14,115.12840270996094
2023-02-15,115.98880767822266
2023-02-16,115.2291030883789
2023-02-17,116.27254486083984
2023-02-21,114.28632354736328
2023-02-22,114.1490249633789
2023-02-23,112.5563735961914
2023-02-24,111.1650848388672
2023-02-27,110.73487854003906
2023-02-28,110.47859954833984
2023-03-01,109.76465606689452
2023-03-02,109.42598724365234
2023-03-03,110.80812072753906
2023-03-06,110.68912506103516
2023-03-07,107.86080169677734
2023-03-08,107.0919418334961
2023-03-09,105.17893981933594
2023-03-10,103.03709411621094
2023-03-13,99.54972076416016
2023-03-14,101.70987701416016
2023-03-15,98.40560150146484
2023-03-16,102.19396209716795
2023-03-17,96.70036315917967
2023-03-20,101.76996612548828
2023-03-21,102.56266021728516
2023-03-22,99.2996826171875
2023-03-23,97.6866226196289
2023-03-24,98.25812530517578
2023-03-27,99.90802764892578
2023-03-28,99.57620239257812
2023-03-29,102.06493377685548
2023-03-30,101.723876953125
2023-03-31,103.3092803955078
2023-04-03,103.63189697265624
2023-04-04,102.175537109375
2023-04-05,102.57188415527344
2023-04-06,103.09725952148438
2023-04-10,102.59953308105467
2023-04-11,102.3045654296875
2023-04-12,101.78839111328124
2023-04-13,101.8990249633789
2023-04-14,98.38714599609376
2023-04-17,99.10611724853516
2023-04-18,99.4010772705078
2023-04-19,99.84351348876952
2023-04-20,98.55307006835938
2023-04-21,97.50228118896484
2023-04-24,97.29949951171876
2023-04-25,95.44679260253906
2023-04-26,93.83372497558594
2023-04-27,95.5020980834961
2023-04-28,98.11063385009766
2023-05-01,97.08749389648438
2023-05-02,95.52973175048828
2023-05-03,96.26715087890624
2023-05-04,95.87078857421876
2023-05-05,97.00454711914062
2023-05-08,97.70506286621094
2023-05-09,97.26261138916016
2023-05-10,96.32244110107422
2023-05-11,95.8154754638672
2023-05-12,95.46521759033205
2023-05-15,95.87078857421876
2023-05-16,93.85216522216795
2023-05-17,94.65409088134766
2023-05-18,97.45619201660156
2023-05-19,96.74645233154295
2023-05-22,96.2579116821289
2023-05-23,94.67251586914062
2023-05-24,92.57093811035156
2023-05-25,90.7827377319336
2023-05-26,90.62605285644533
2023-05-30,91.14222717285156
2023-05-31,88.94847869873047
2023-06-01,89.54761505126953
2023-06-02,92.70919799804688
2023-06-05,92.6999740600586
2023-06-06,93.24381256103516
2023-06-07,94.77391052246094
2023-06-08,93.72311401367188
2023-06-09,93.95353698730467
2023-06-12,94.98591613769533
2023-06-13,94.86608123779295
2023-06-14,92.14694213867188
2023-06-15,93.24280548095705
2023-06-16,93.70716094970705
2023-06-20,91.87760925292967
2023-06-21,91.0046157836914
2023-06-22,90.48454284667967
2023-06-23,88.88715362548828
2023-06-26,89.83443450927734
2023-06-27,90.25237274169922
2023-06-28,88.73856353759766
2023-06-29,89.7508544921875
2023-06-30,90.38238525390624
2023-07-03,91.31109619140624
2023-07-05,90.07591247558594
2023-07-06,90.30807495117188
2023-07-07,91.1717758178711
2023-07-10,90.45668029785156
2023-07-11,92.49984741210938
2023-07-12,92.70416259765624
2023-07-13,92.57414245605467
2023-07-14,90.91175079345705
2023-07-17,91.34825134277344
2023-07-18,92.6205825805664
2023-07-19,92.86202239990234
2023-07-20,95.24884796142578
2023-07-21,95.24884796142578
2023-07-24,95.41600799560548
2023-07-25,94.4501495361328
2023-07-26,96.23326873779295
2023-07-27,95.30455780029295
2023-07-28,101.83341217041016
2023-07-31,99.91098022460938
2023-08-01,100.68180847167967
2023-08-02,101.59195709228516
2023-08-03,101.59195709228516
2023-08-04,101.22975158691406
2023-08-07,101.89842987060548
2023-08-08,100.746826171875
2023-08-09,100.86756134033205
2023-08-10,99.8738250732422
2023-08-11,99.89239501953124
2023-08-14,99.2422866821289
2023-08-15,98.0999755859375
2023-08-16,98.13713836669922
2023-08-17,97.63563537597656
2023-08-18,96.46544647216795
2023-08-21,96.41900634765624
2023-08-22,95.8617935180664
2023-08-23,96.9112319946289
2023-08-24,96.60476684570312
2023-08-25,96.7905044555664
2023-08-28,96.97625732421876
2023-08-29,97.38488006591795
2023-08-30,98.6200714111328
2023-08-31,98.2485809326172
2023-09-01,98.88937377929688
2023-09-05,97.57062530517578
2023-09-06,97.06910705566406
2023-09-07,97.29200744628906
2023-09-08,97.514892578125
2023-09-11,98.36002349853516
2023-09-12,99.5487823486328
2023-09-13,98.84296417236328
2023-09-14,100.70967864990234
2023-09-15,100.2420883178711
2023-09-18,101.41106414794922
2023-09-19,101.9908676147461
2023-09-20,102.4210433959961
2023-09-21,100.47589111328124
2023-09-22,100.07376098632812
2023-09-25,99.72772216796876
2023-09-26,98.38106536865234
2023-09-27,97.9134750366211
2023-09-28,96.9782943725586
2023-09-29,95.65969848632812
2023-10-02,93.5742416381836
2023-10-03,93.31238555908205
2023-10-04,94.3410873413086
2023-10-05,94.7712631225586
2023-10-06,93.76128387451172
2023-10-09,95.6690673828125
2023-10-10,94.81803894042967
2023-10-11,95.64098358154295
2023-10-12,94.78063201904295
2023-10-13,95.20145416259766
2023-10-16,96.41717529296876
2023-10-17,97.30559539794922
2023-10-18,95.89349365234376
2023-10-19,94.37847900390624
2023-10-20,92.2369155883789
2023-10-23,91.83480072021484
2023-10-24,93.34980010986328
2023-10-25,92.01248168945312
2023-10-26,93.2188720703125
2023-10-27,91.25498962402344
2023-10-30,93.79869842529295
2023-10-31,93.20950317382812
2023-11-01,95.32301330566406
2023-11-02,93.4152603149414
2023-11-03,94.3410873413086
2023-11-06,93.62100219726562
2023-11-07,94.1072998046875
2023-11-08,93.36849975585938
2023-11-09,92.6671142578125
2023-11-10,93.26563262939452
2023-11-13,92.75128173828124
2023-11-14,95.5755386352539
2023-11-15,94.80867767333984
2023-11-16,94.5281219482422
2023-11-17,94.35043334960938
2023-11-20,94.24756622314452
2023-11-21,94.98635864257812
2023-11-22,95.42591094970705
2023-11-24,96.02440643310548
2023-11-27,95.8560791015625
2023-11-28,94.16340637207033
2023-11-29,94.1353530883789
2023-11-30,96.1272964477539
2023-12-01,95.99636840820312
2023-12-04,97.04376220703124
2023-12-05,96.48265838623048
2023-12-06,94.95832061767578
2023-12-07,95.95895385742188
2023-12-08,96.13664245605467
2023-12-11,97.17469024658205
2023-12-12,97.84801483154295
2023-12-13,99.11051177978516
2023-12-14,98.13793182373048
2023-12-15,95.83738708496094
2023-12-18,96.03521728515624
2023-12-19,96.40261840820312
2023-12-20,95.1308364868164
2023-12-21,95.950439453125
2023-12-22,95.950439453125
2023-12-26,96.60987854003906
2023-12-27,96.7982940673828
2023-12-28,97.40121459960938
2023-12-29,97.4671630859375
2024-01-02,99.74698638916016
2024-01-03,99.14405822753906
2024-01-04,100.42527770996094
2024-01-05,101.14127349853516
2024-01-08,101.26373291015624
2024-01-09,100.34050750732422
2024-01-10,101.19778442382812
2024-01-11,101.99854278564452
2024-01-12,101.1506805419922
2024-01-16,101.07532501220705
2024-01-17,101.08473205566406
2024-01-18,101.99854278564452
2024-01-19,104.84362030029295
2024-01-22,105.4653778076172
2024-01-23,105.2769775390625
2024-01-24,106.40746307373048
2024-01-25,105.79511260986328
2024-01-26,105.7103271484375
2024-01-29,105.4465560913086
2024-01-30,105.54075622558594
2024-01-31,104.38201141357422
2024-02-01,104.16532135009766
2024-02-02,105.71976470947266
2024-02-05,105.29582214355467
2024-02-06,105.60670471191406
2024-02-07,100.83038330078124
2024-02-08,101.36736297607422
2024-02-09,102.5826416015625
2024-02-12,104.12763214111328
2024-02-13,103.2703628540039
2024-02-14,104.51390075683594
2024-02-15,105.89875793457033
2024-02-16,105.38060760498048
2024-02-20,104.51390075683594
2024-02-21,104.80593872070312
2024-02-22,105.6161117553711
2024-02-23,106.2755889892578
2024-02-26,105.73858642578124
2024-02-27,106.75603485107422
2024-02-28,107.11402130126952
2024-02-29,107.39665222167967
2024-03-01,106.96329498291016
2024-03-04,105.90817260742188
2024-03-05,105.47482299804688
2024-03-06,110.96710968017578
2024-03-07,110.4395523071289
2024-03-08,110.49608612060548
2024-03-11,110.58086395263672
2024-03-12,111.48526000976562
2024-03-13,112.02224731445312
2024-03-14,112.87010955810548
2024-03-15,112.95491027832033
2024-03-18,112.12972259521484
2024-03-19,111.79776000976562
2024-03-20,112.49015045166016
2024-03-21,112.7177734375
2024-03-22,111.37093353271484
2024-03-25,114.5388641357422
2024-03-26,114.08360290527344
2024-03-27,116.93852996826172
2024-03-28,117.77320098876952
2024-04-01,115.87622833251952
2024-04-02,115.38301849365234
2024-04-03,115.04156494140624
2024-04-04,114.08360290527344
2024-04-05,115.25970458984376
2024-04-08,115.62013244628906
2024-04-09,113.70419311523438
2024-04-10,114.61473846435548
2024-04-11,113.03077697753906
2024-04-12,112.50911712646484
2024-04-15,110.78286743164062
2024-04-16,111.03895568847656
2024-04-17,109.36014556884766
2024-04-18,111.4657745361328
2024-04-19,113.77059173583984
2024-04-22,114.72857666015624
2024-04-23,114.60526275634766
2024-04-24,113.74214935302734
2024-04-25,112.33837890625
2024-04-26,105.16786193847656
2024-04-29,107.70030212402344
2024-04-30,109.73005676269533
2024-05-01,111.2571029663086
2024-05-02,110.17584228515624
2024-05-03,110.9156494140625
2024-05-06,111.33300018310548
2024-05-07,111.1622543334961
2024-05-08,111.38990783691406
2024-05-09,112.21508026123048
2024-05-10,112.74622344970705
2024-05-13,112.23405456542967
2024-05-14,112.12022399902344
2024-05-15,111.24763488769533
2024-05-16,112.41425323486328
2024-05-17,113.87493133544922
2024-05-20,111.87361907958984
2024-05-21,112.48065948486328
2024-05-22,112.69882202148438
2024-05-23,111.07691192626952
2024-05-24,111.61753845214844
2024-05-28,109.77748107910156
2024-05-29,108.75312042236328
2024-05-30,110.21377563476562
2024-05-31,111.52268981933594
2024-06-03,110.35604858398438
2024-06-04,108.92383575439452
2024-06-05,108.71517944335938
2024-06-06,108.99024963378906
2024-06-07,109.99564361572266
2024-06-10,109.32221221923828
2024-06-11,108.03226470947266
2024-06-12,107.83308410644533
2024-06-13,107.80463409423828
2024-06-14,106.48623657226562
2024-06-17,107.94690704345705
2024-06-18,108.58694458007812
2024-06-20,110.2396011352539
2024-06-21,110.0580825805664
2024-06-24,111.39546966552734
2024-06-25,110.64080810546876
2024-06-26,109.80015563964844
2024-06-27,111.46234130859376
2024-06-28,112.81884765625
2024-07-01,113.860107421875
2024-07-02,113.53531646728516
2024-07-03,111.50056457519533
2024-07-05,110.52617645263672
2024-07-08,111.46234130859376
2024-07-09,111.701171875
2024-07-10,113.77413177490234
2024-07-11,115.98084259033205
2024-07-12,116.8692398071289
2024-07-15,117.74811553955078
2024-07-16,119.53449249267578
2024-07-17,121.48326110839844
2024-07-18,120.3751220703125
2024-07-19,115.6178207397461
2024-07-22,115.00643920898438
2024-07-23,115.78022003173828
2024-07-24,114.66252899169922
2024-07-25,114.92047882080078
2024-07-26,118.4167938232422
2024-07-29,120.79546356201172
2024-07-30,124.35865783691406
2024-07-31,124.77896881103516
2024-08-01,124.12939453125
2024-08-02,124.52105712890624
2024-08-05,120.19363403320312
2024-08-06,121.11070251464844
2024-08-07,120.62349700927734
2024-08-08,121.66476440429688
2024-08-09,122.4480972290039
2024-08-12,121.18712615966795
2024-08-13,122.7251205444336
2024-08-14,124.25360107421876
2024-08-15,124.06251525878906
2024-08-16,125.25662994384766
2024-08-19,125.44769287109376
2024-08-20,124.81719970703124
2024-08-21,125.18019104003906
2024-08-22,126.06861114501952
2024-08-23,126.87104034423828
2024-08-26,126.63223266601562
2024-08-27,127.62574005126952
2024-08-28,128.7911834716797
2024-08-29,129.5458221435547
2024-08-30,130.90235900878906
2024-09-03,131.418212890625
2024-09-04,132.02001953125
2024-09-05,130.2432098388672
2024-09-06,129.33567810058594
2024-09-09,131.32266235351562
2024-09-10,131.2940216064453
2024-09-11,127.97917938232422
2024-09-12,129.0777587890625
2024-09-13,129.74647521972656
2024-09-16,131.04563903808594
2024-09-17,130.8534393310547
2024-09-18,130.97836303710938
2024-09-19,130.46908569335938
2024-09-20,129.3735809326172
2024-09-23,130.91110229492188
2024-09-24,130.8726806640625
2024-09-25,129.94053649902344
2024-09-26,129.69070434570312
2024-09-27,130.3441619873047
2024-09-30,130.80540466308594
2024-10-01,131.9200897216797
2024-10-02,131.36276245117188
2024-10-03,130.4402313232422
2024-10-04,133.30389404296875
2024-10-07,127.67268371582033
2024-10-08,128.65286254882812
2024-10-09,129.43124389648438
2024-10-10,129.73873901367188
2024-10-11,131.06484985351562
2024-10-14,131.53575134277344
2024-10-15,131.45884704589844
2024-10-16,132.8234100341797
2024-10-17,135.7831573486328
2024-10-18,135.87925720214844
2024-10-21,134.69728088378906
2024-10-22,133.18858337402344
2024-10-23,133.45765686035156
2024-10-24,132.84263610839844
2024-10-25,135.73509216308594
2024-10-28,138.84861755371094
2024-10-29,136.45582580566406
2024-10-30,137.83958435058594
2024-10-31,135.33151245117188
2024-11-01,135.1585235595703
2024-11-04,132.79457092285156
2024-11-05,134.8894805908203
2024-11-06,143.8359832763672
2024-11-07,141.3759307861328
2024-11-08,142.8845977783203
2024-11-11,145.26780700683594
2024-11-12,145.27740478515625
2024-11-13,144.89300537109375
2024-11-14,143.7110595703125
2024-11-15,145.85397338867188
2024-11-18,146.1903076171875
2024-11-19,144.70083618164062
2024-11-20,145.70021057128906
2024-11-21,148.80413818359375
2024-11-22,150.36085510253906
2024-11-25,153.19569396972656
2024-11-26,153.37828063964844
2024-11-27,153.90679931640625
2024-11-29,153.5896759033203
2024-12-02,151.42752075195312
2024-12-03,150.38009643554688
2024-12-04,150.19752502441406
2024-12-05,151.02392578125
2024-12-06,149.93804931640625
2024-12-09,147.6509552001953
2024-12-10,143.98011779785156
2024-12-11,145.7578887939453
2024-12-12,146.21913146972656
2024-12-13,146.2768096923828
2024-12-16,146.34405517578125
2024-12-17,142.02938842773438
2024-12-18,137.4167938232422
2024-12-19,137.45542907714844
2024-12-20,139.7169189453125
2024-12-23,138.1029510498047
2024-12-24,140.39340209960938
2024-12-26,140.4320526123047
2024-12-27,139.21435546875
2024-12-30,138.33486938476562
2024-12-31,138.8760986328125
2025-01-02,137.69705200195312
2025-01-03,137.32981872558594
2025-01-06,136.99156188964844
2025-01-07,137.53274536132812
2025-01-08,136.95291137695312
2025-01-10,131.02867126464844
2025-01-13,131.35726928710938
2025-01-14,134.80743408203125
2025-01-15,136.49868774414062
2025-01-16,138.11260986328125
2025-01-17,135.93814086914062
2025-01-21,135.42591857910156
2025-01-22,133.37710571289062
2025-01-23,131.50222778320312
2025-01-24,132.63294982910156
2025-01-27,136.16043090820312
2025-01-28,134.73977661132812
2025-01-29,133.62838745117188
2025-01-30,134.3725128173828
2025-01-31,132.44932556152344
2025-02-03,132.33334350585938
2025-02-04,131.07701110839844
2025-02-05,132.17872619628906
2025-02-06,133.28045654296875
2025-02-07,132.3623504638672
2025-02-10,131.06732177734375
2025-02-11,134.7494354248047
2025-02-12,129.18280029296875
2025-02-13,132.58462524414062
2025-02-14,132.37200927734375
2025-02-18,132.02410888671875
2025-02-19,131.85012817382812
2025-02-20,131.21229553222656
2025-02-21,130.6034698486328
2025-02-24,132.52664184570312
2025-02-25,135.24232482910156
2025-02-26,135.47425842285156
2025-02-27,139.6975555419922
2025-02-28,142.84812927246094
2025-03-03,142.52919006347656
2025-03-04,138.45086669921875
2025-03-05,138.37353515625
2025-03-06,136.0444793701172
2025-03-07,135.2616424560547
2025-03-10,133.81199645996094
2025-03-11,135.42591857910156
2025-03-12,135.2616424560547
2025-03-13,137.22349548339844
2025-03-14,140.50938415527344
2025-03-17,142.27792358398438
2025-03-18,140.98292541503906
2025-03-19,142.7224884033203
2025-03-20,141.31150817871094
2025-03-21,140.73162841796875
2025-03-24,141.62611389160156
2025-03-25,141.75250244140625
2025-03-26,142.42335510253906
2025-03-27,143.44418334960938
2025-03-28,141.5094451904297
2025-03-31,143.6191864013672
2025-04-01,143.356689453125
2025-04-02,143.4927978515625
2025-04-03,140.6830291748047
2025-04-04,128.03421020507812
2025-04-07,123.0854949951172
2025-04-08,123.52301025390624
2025-04-09,130.892578125
2025-04-10,127.94670104980467
2025-04-11,127.45083618164062
2025-04-14,129.60922241210938
2025-04-15,129.62867736816406
2025-04-16,128.44253540039062
2025-04-17,128.56893920898438
2025-04-21,124.17440795898438
2025-04-22,129.2592315673828
2025-04-23,130.3286895751953
2025-04-24,131.602294921875
2025-04-25,129.97866821289062
2025-04-28,132.09815979003906
2025-04-29,135.96768188476562
2025-04-30,135.34544372558594
2025-05-01,135.95794677734375
2025-05-02,139.5941162109375
2025-05-05,139.8955078125
2025-05-06,140.8969268798828
2025-05-07,141.1691436767578
2025-05-08,142.5983428955078
2025-05-09,143.6969757080078
2025-05-12,145.8358917236328
2025-05-13,144.4358673095703
2025-05-14,142.23861694335938
2025-05-15,145.15533447265625
2025-05-16,146.67202758789062
2025-05-19,146.75950622558594
2025-05-20,146.00119018554688
2025-05-21,142.45249938964844
2025-05-22,141.26637268066406
2025-05-23,141.7816619873047
2025-05-27,145.32061767578125
2025-05-28,143.7164306640625
2025-05-29,145.8067169189453
2025-05-30,146.63314819335938
2025-06-02,147.3914794921875
2025-06-03,147.30398559570312
2025-06-04,145.60256958007812
2025-06-05,145.70948791503906
2025-06-06,146.83729553222656
2025-06-09,144.83450317382812
2025-06-10,142.96780395507812
2025-06-11,142.90945434570312
2025-06-12,144.1344757080078
2025-06-13,142.2969512939453
2025-06-16,142.6275177001953
2025-06-17,141.23721313476562
2025-06-18,141.65525817871094
2025-06-20,141.40249633789062
2025-06-23,144.0139923095703
2025-06-24,143.4760284423828
2025-06-25,140.5711212158203
2025-06-26,142.56640625
2025-06-27,143.02610778808594
2025-06-30,145.6571807861328
2025-07-01,146.1071014404297
2025-07-02,142.90875244140625
2025-07-03,145.3343963623047
2025-07-07,143.02610778808594
2025-07-08,142.88916015625
2025-07-09,143.49559020996094
2025-07-10,144.6106414794922
2025-07-11,144.18026733398438
2025-07-14,145.98973083496094
2025-07-15,142.6055450439453
2025-07-16,144.49325561523438
2025-07-17,145.7647705078125
2025-07-18,147.42752075195312
2025-07-21,145.7354278564453
2025-07-22,147.69158935546875
2025-07-23,147.61334228515625
2025-07-24,144.6301727294922
2025-07-25,146.1266632080078
2025-07-28,143.87705993652344
2025-07-29,149.08050537109375
2025-07-30,146.23423767089844
2025-07-31,144.27806091308594
2025-08-01,142.98699951171875
2025-08-04,146.45921325683594
2025-08-05,147.13409423828125
2025-08-06,150.67478942871094
2025-08-07,148.1513214111328
2025-08-08,146.84066772460938
2025-08-11,146.5961456298828
2025-08-12,148.07305908203125
2025-08-13,150.63565063476562
2025-08-14,150.77259826660156
2025-08-15,147.7502899169922
2025-08-18,146.5081024169922
2025-08-19,149.0413818359375
2025-08-20,150.2835235595703
2025-08-21,149.60867309570312
2025-08-22,151.9951934814453
2025-08-25,149.9510040283203
2025-08-26,150.22486877441406
2025-08-27,150.63565063476562
2025-08-28,150.0390167236328
2025-08-29,150.23464965820312
2025-09-02,149.598876953125
2025-09-03,150.1661834716797
2025-09-04,152.18104553222656
2025-09-05,149.99989318847656
2025-09-08,150.0977325439453
2025-09-09,150.3226776123047
2025-09-10,148.972900390625
2025-09-11,153.3253936767578
2025-09-12,153.4232177734375
2025-09-15,151.73114013671875
2025-09-16,149.91188049316406
2025-09-17,151.09535217285156
2025-09-18,152.5135955810547
2025-09-19,152.68963623046875
2025-09-22,152.14869689941406
2025-09-23,151.9027862548828
2025-09-24,151.9814910888672
2025-09-25,151.88311767578125
2025-09-26,154.32237243652344
2025-09-29,153.8010711669922
2025-09-30,155.50267028808594
2025-10-01,157.16490173339844
2025-10-02,157.87306213378906
2025-10-03,160.60739135742188
2025-10-06,162.495849609375
2025-10-07,162.96798706054688
2025-10-08,162.8302764892578
2025-10-09,159.0238494873047
2025-10-10,156.35836791992188
2025-10-13,155.28628540039062
2025-10-14,156.14198303222656
2025-10-15,153.7814178466797
2025-10-16,148.90289306640625
2025-10-17,150.50613403320312
2025-10-20,152.35520935058594
2025-10-21,153.72239685058594
2025-10-22,152.91586303710938
2025-10-23,153.16177368164062
2025-10-24,154.0961456298828
2025-10-27,155.05020141601562
2025-10-28,149.25698852539062
2025-10-29,149.33567810058594
2025-10-30,151.8240966796875
2025-10-31,152.05032348632812
2025-11-03,151.13560485839844
2025-11-04,154.80433654785156
2025-11-05,157.41078186035156
2025-11-06,158.72877502441406
2025-11-07,161.9352264404297
2025-11-10,163.6663055419922
2025-11-11,163.40074157714844
2025-11-12,164.14825439453125
2025-11-13,163.28271484375
2025-11-14,161.20736694335938
2025-11-17,158.78778076171875
2025-11-18,159.7025146484375
2025-11-19,158.9943389892578
2025-11-20,160.97132873535156
2025-11-21,163.29254150390625
2025-11-24,163.97120666503906
2025-11-25,165.61376953125
2025-11-26,165.71212768554688
2025-11-28,164.8367462158203
2025-12-01,163.30238342285156
2025-12-02,161.0795135498047
2025-12-03,160.15496826171875
2025-12-04,160.3319854736328
2025-12-05,159.63365173339844
2025-12-08,158.65008544921875
2025-12-09,158.8369598388672
2025-12-10,159.94839477539062
2025-12-11,162.30897521972656
2025-12-12,163.13519287109375
2025-12-15,164.32530212402344
2025-12-16,162.70240783691406
2025-12-17,164.36463928222656
2025-12-18,165.1514892578125
2025-12-19,164.5416717529297
2025-12-22,165.0756072998047
2025-12-23,163.90892028808594
2025-12-24,163.99789428710938
2025-12-26,162.93006896972656
2025-12-29,163.12782287597656
2025-12-30,163.08827209472656
2025-12-31,161.4766845703125
2026-01-02,159.66732788085938
2026-01-05,160.1320343017578
2026-01-06,160.2902069091797
2026-01-07,161.1998291015625
2026-01-08,163.3255615234375
2026-01-09,161.15040588378906
2026-01-12,161.78317260742188
2026-01-13,159.1927490234375
2026-01-14,161.8325958251953
2026-01-15,161.52610778808594
2026-01-16,160.3495330810547
2026-01-20,158.99501037597656
2026-01-21,159.9540557861328
2026-01-22,156.36502075195312
2026-01-23,155.25767517089844
2026-01-26,156.1969451904297
2026-01-27,156.0782928466797
2026-01-28,156.61219787597656
2026-01-29,156.40457153320312
2026-01-30,159.0740966796875
2026-02-02,160.6461639404297
2026-02-03,161.99081420898438
2026-02-04,167.0431365966797
2026-02-05,169.56434631347656
2026-02-06,170.7013702392578
2026-02-09,166.79595947265625
2026-02-10,161.249267578125
2026-02-11,161.6151123046875
2026-02-12,163.24647521972656
2026-02-13,160.93289184570312
2026-02-17,164.19564819335938
2026-02-18,161.407470703125
2026-02-19,160.56704711914062
2026-02-20,161.16029357910156
2026-02-23,159.0938720703125
2026-02-24,158.91590881347656
2026-02-25,161.90182495117188
2026-02-26,163.33546447753906
2026-02-27,162.1292266845703
2026-03-02,168.06149291992188
2026-03-03,166.62786865234375
2026-03-04,166.07418823242188
2026-03-05,164.46258544921875
2026-03-06,163.5233154296875
2026-03-09,161.4766845703125
2026-03-10,162.87075805664062
2026-03-11,162.1490020751953
2026-03-12,162.37640380859375
2026-03-13,161.97103881835938
2026-03-16,164.69000244140625
2026-03-17,162.91030883789062
2026-03-18,158.39187622070312
2026-03-19,156.0782928466797
2026-03-20,156.64186096191406
2026-03-23,158.3820037841797
2026-03-24,157.4073486328125
2026-03-25,154.6027069091797
2026-03-26,156.70120239257812
2026-03-27,152.84234619140625
2026-03-30,155.5674285888672
2026-03-31,156.4923553466797
2026-04-01,156.80067443847656
2026-04-02,157.5465850830078
2026-04-06,159.16769409179688
2026-04-07,159.3069305419922
2026-04-08,162.36019897460938
2026-04-09,163.05638122558594
2026-04-10,160.26170349121094
2026-04-13,162.787841796875
2026-04-14,162.45965576171875
2026-04-15,162.11155700683594
2026-04-16,162.4696044921875
2026-04-17,165.91075134277344
2026-04-20,165.08526611328125
2026-04-21,165.55270385742188
2026-04-22,165.36373901367188
2026-04-23,167.26332092285156
2026-04-24,163.58349609375
2026-04-27,164.73716735839844
2026-04-28,164.06088256835938
2026-04-29,162.3303680419922
2026-04-30,162.7082977294922
2026-05-01,161.166748046875
2026-05-04,158.70025634765625
2026-05-05,159.47601318359375
2026-05-06,159.55555725097656
2026-05-07,161.166748046875
2026-05-08,160.61973571777344
2026-05-11,162.43975830078125
2026-05-12,162.89724731445312
2026-05-13,162.37013244628906
2026-05-14,164.40896606445312
2026-05-15,165.51292419433594
2026-05-18,166.7362060546875
2026-05-19,166.9351348876953
2026-05-20,167.61141967773438
2026-05-21,167.45228576660156
2026-05-22,167.1837615966797
2026-05-26,166.12953186035156
2026-05-27,162.05189514160156
2026-05-28,159.12791442871094
2026-05-29,156.5619659423828
2026-06-01,155.97518920898438
2026-06-02,157.13880920410156
2026-06-03,157.15870666503906
2026-06-04,159.78431701660156
2026-06-05,164.38906860351562
2026-06-08,161.3656463623047
2026-06-09,162.93704223632812
2026-06-10,165.52285766601562
2026-06-11,167.38267517089844
2026-06-12,168.0887908935547
2026-06-15,168.41700744628906
2026-06-16,170.8536376953125
2026-06-17,170.535400390625
2026-06-18,169.27230834960938
2026-06-22,171.52000427246094
2026-06-23,175.80999755859375
2026-06-24,178.4499969482422
2026-06-25,177.72999572753906
2026-06-26,184.0800018310547
2026-06-29,186.1600036621093
2026-06-30,185.13999938964844
2026-07-01,187.2100067138672
2026-07-02,192.02999877929688
2026-07-06,189.58999633789065
2026-07-07,189.0599975585937
2026-07-08,181.57000732421875
2026-07-09,175.42999267578125
2026-07-10,179.27999877929688
2026-07-13,182.6699981689453
2026-07-14,180.02999877929688
2026-07-15,172.42999267578125
2026-07-16,176.2899932861328
2026-07-17,180.7899932861328
2026-07-20,180.3600006103516
2026-07-21,180.509994506836
2026-07-22,179.22999572753906
2026-07-23,179.3800048828125
2026-07-24,182.8099975585937
2026-07-27,184.22999572753903
2026-07-28,182.6300048828125
2026-07-29,181.3300018310547
2026-07-30,174.72999572753906
2026-07-31,177.67999267578125
2026-08-03,178.02999877929688
2026-08-04,179.4199981689453
2026-08-05,177.7899932861328
2026-08-06,179.0399932861328
2026-08-07,176.86000061035156
2026-08-10,173.86000061035156
2026-08-11,173.2100067138672
2026-08-12,172.47000122070312
2026-08-13,172.6699981689453
2026-08-14,173.1699981689453
2026-08-17,171.05999755859375
2026-08-18,171.35000610351562
