date,close
1973-05-02,0.4273276925086975
1973-05-03,0.428441047668457
1973-05-04,0.4273276925086975
1973-05-07,0.425102174282074
1973-05-08,0.4245459735393524
1973-05-09,0.4228768050670624
1973-05-10,0.4228768050670624
1973-05-11,0.4228768050670624
1973-05-14,0.4167560935020447
1973-05-15,0.4184251725673675
1973-05-16,0.4184251725673675
1973-05-17,0.4150866270065307
1973-05-18,0.4078533351421356
1973-05-21,0.4006198644638061
1973-05-22,0.4045146107673645
1973-05-23,0.4006198644638061
1973-05-24,0.390048086643219
1973-05-25,0.3928303718566894
1973-05-29,0.3933863639831543
1973-05-30,0.3889353573322296
1973-05-31,0.3822583556175232
1973-06-01,0.3722429573535919
1973-06-04,0.3555503189563751
1973-06-05,0.3455349802970886
1973-06-06,0.328842282295227
1973-06-07,0.3421964347362518
1973-06-08,0.3672349452972412
1973-06-11,0.3689044415950775
1973-06-12,0.3839274048805237
1973-06-13,0.377250462770462
1973-06-14,0.3705734312534332
1973-06-15,0.3488733768463135
1973-06-18,0.3505425155162811
1973-06-19,0.3705734312534332
1973-06-20,0.3822583556175232
1973-06-21,0.3755811154842376
1973-06-22,0.3755811154842376
1973-06-25,0.3555503189563751
1973-06-26,0.3605580925941467
1973-06-27,0.3638966083526611
1973-06-28,0.3689044415950775
1973-06-29,0.3739120364189148
1973-07-02,0.3638966083526611
1973-07-03,0.3538807928562164
1973-07-05,0.3605580925941467
1973-07-06,0.3605580925941467
1973-07-09,0.3689044415950775
1973-07-10,0.3705734312534332
1973-07-11,0.3956122398376465
1973-07-12,0.4189818501472473
1973-07-13,0.4072970747947693
1973-07-16,0.4239894151687622
1973-07-17,0.4289972484111786
1973-07-18,0.4323360919952392
1973-07-19,0.4291173815727234
1973-07-20,0.4391747117042541
1973-07-23,0.4458798468112945
1973-07-24,0.4458798468112945
1973-07-25,0.4576133489608764
1973-07-26,0.4576133489608764
1973-07-27,0.4609662592411041
1973-07-30,0.4643186628818512
1973-07-31,0.4659946858882904
1973-08-01,0.4559374451637268
1973-08-02,0.4542611241340637
1973-08-03,0.4341465532779693
1973-08-06,0.4358223974704742
1973-08-07,0.4374986588954925
1973-08-08,0.4324701726436615
1973-08-09,0.4391747117042541
1973-08-10,0.4341465532779693
1973-08-13,0.4257649481296539
1973-08-14,0.4240887463092804
1973-08-15,0.4274411797523498
1973-08-16,0.4291173815727234
1973-08-17,0.4257649481296539
1973-08-20,0.4073262214660644
1973-08-21,0.4056500792503357
1973-08-22,0.4123550355434418
1973-08-23,0.4090025126934051
1973-08-24,0.4006212949752807
1973-08-27,0.4157074987888336
1973-08-28,0.4291173815727234
1973-08-29,0.4442034661769867
1973-08-30,0.4391747117042541
1973-08-31,0.4408515095710754
1973-09-04,0.4442034661769867
1973-09-05,0.4307937622070312
1973-09-06,0.4190599918365478
1973-09-07,0.4341465532779693
1973-09-10,0.4274411797523498
1973-09-11,0.4257649481296539
1973-09-12,0.4324701726436615
1973-09-13,0.4358223974704742
1973-09-14,0.4442034661769867
1973-09-17,0.4492323994636535
1973-09-18,0.4425273239612579
1973-09-19,0.4358223974704742
1973-09-20,0.4374986588954925
1973-09-21,0.4408515095710754
1973-09-24,0.4509085118770599
1973-09-25,0.4542611241340637
1973-09-26,0.4525847434997558
1973-09-27,0.4509085118770599
1973-09-28,0.4358223974704742
1973-10-01,0.4240887463092804
1973-10-02,0.4274411797523498
1973-10-03,0.4291173815727234
1973-10-04,0.4257649481296539
1973-10-05,0.4408515095710754
1973-10-08,0.4492323994636535
1973-10-09,0.4509085118770599
1973-10-10,0.4374986588954925
1973-10-11,0.462641954421997
1973-10-12,0.4659946858882904
1973-10-15,0.4609662592411041
1973-10-16,0.4609662592411041
1973-10-17,0.4492323994636535
1973-10-18,0.4476839900016784
1973-10-19,0.4645142257213592
1973-10-22,0.4510501027107239
1973-10-23,0.4527330100536346
1973-10-24,0.457782506942749
1973-10-25,0.4510501027107239
1973-10-26,0.4460009932518005
1973-10-29,0.4325370788574219
1973-10-30,0.4190728068351745
1973-10-31,0.4123409390449524
1973-11-01,0.4173897504806518
1973-11-02,0.4089745283126831
1973-11-05,0.4123409390449524
1973-11-06,0.4140234887599945
1973-11-07,0.4258048832416534
1973-11-08,0.4359030425548553
1973-11-09,0.4173897504806518
1973-11-12,0.4140234887599945
1973-11-13,0.4123409390449524
1973-11-14,0.4072914719581604
1973-11-15,0.4157066941261291
1973-11-16,0.4375860393047333
1973-11-19,0.4140234887599945
1973-11-20,0.4123409390449524
1973-11-21,0.4173897504806518
1973-11-23,0.4123409390449524
1973-11-26,0.3820464611053467
1973-11-27,0.388778418302536
1973-11-28,0.3938271701335907
1973-11-29,0.3769969940185547
1973-11-30,0.3652162849903106
1973-12-03,0.3568006753921509
1973-12-04,0.3601668775081634
1973-12-05,0.3601668775081634
1973-12-06,0.3904615640640259
1973-12-07,0.3870951533317566
1973-12-10,0.388778418302536
1973-12-11,0.3803631067276001
1973-12-12,0.3500688672065735
1973-12-13,0.3450197875499725
1973-12-14,0.3483860194683075
1973-12-17,0.3483860194683075
1973-12-18,0.3668989539146423
1973-12-19,0.3568006753921509
1973-12-20,0.3467026948928833
1973-12-21,0.3332385122776031
1973-12-24,0.2962118983268738
1973-12-26,0.3248233199119568
1973-12-27,0.3366045951843261
1973-12-28,0.3349215686321258
1973-12-31,0.3349215686321258
1974-01-02,0.3349215686321258
1974-01-03,0.3483860194683075
1974-01-04,0.3315554857254028
1974-01-07,0.3265064358711242
1974-01-08,0.3079933226108551
1974-01-09,0.299577921628952
1974-01-10,0.3063101470470428
1974-01-11,0.2962118983268738
1974-01-14,0.2827476561069488
1974-01-15,0.2861137390136719
1974-01-16,0.2945289313793182
1974-01-17,0.3164081871509552
1974-01-18,0.3063101470470428
1974-01-21,0.3182973861694336
1974-01-22,0.3166042566299438
1974-01-23,0.321683406829834
1974-01-24,0.3352279365062713
1974-01-25,0.3386141657829284
1974-01-28,0.3352279365062713
1974-01-29,0.3250696361064911
1974-01-30,0.3352279365062713
1974-01-31,0.3420002460479736
1974-02-01,0.3369209766387939
1974-02-04,0.3250696361064911
1974-02-05,0.3250696361064911
1974-02-06,0.3369209766387939
1974-02-07,0.3420002460479736
1974-02-08,0.3284555971622467
1974-02-11,0.3250696361064911
1974-02-12,0.3250696361064911
1974-02-13,0.3250696361064911
1974-02-14,0.3267625272274017
1974-02-15,0.3267625272274017
1974-02-19,0.3267625272274017
1974-02-20,0.3301485776901245
1974-02-21,0.3233764171600342
1974-02-22,0.3250696361064911
1974-02-25,0.3233764171600342
1974-02-26,0.3250696361064911
1974-02-27,0.3267625272274017
1974-02-28,0.3301485776901245
1974-03-01,0.3352279365062713
1974-03-04,0.3504655361175537
1974-03-05,0.3572379052639007
1974-03-06,0.3572379052639007
1974-03-07,0.3470795750617981
1974-03-08,0.3521586060523987
1974-03-11,0.3606240451335907
1974-03-12,0.3860202133655548
1974-03-13,0.3944853544235229
1974-03-14,0.3809408545494079
1974-03-15,0.3741686940193176
1974-03-18,0.3741686940193176
1974-03-19,0.3640102744102478
1974-03-20,0.3673962354660034
1974-03-21,0.3640102744102478
1974-03-22,0.3589307963848114
1974-03-25,0.3673962354660034
1974-03-26,0.3741686940193176
1974-03-27,0.3741686940193176
1974-03-28,0.3555447459220886
1974-03-29,0.3386141657829284
1974-04-01,0.3403070569038391
1974-04-02,0.3453863561153412
1974-04-03,0.3521586060523987
1974-04-04,0.3521586060523987
1974-04-05,0.3470795750617981
1974-04-08,0.3453863561153412
1974-04-09,0.3623172640800476
1974-04-10,0.3606240451335907
1974-04-11,0.3555447459220886
1974-04-15,0.3623172640800476
1974-04-16,0.3724754452705383
1974-04-17,0.3758614361286163
1974-04-18,0.3707824945449829
1974-04-19,0.3676909804344177
1974-04-22,0.359179675579071
1974-04-23,0.3438592255115509
1974-04-24,0.3421572744846344
1974-04-25,0.3472638726234436
1974-04-26,0.3557753264904022
1974-04-29,0.3523707687854767
1974-04-30,0.3523707687854767
1974-05-01,0.3642864823341369
1974-05-02,0.359179675579071
1974-05-03,0.3574773371219635
1974-05-06,0.3523707687854767
1974-05-07,0.3540728092193603
1974-05-08,0.3540728092193603
1974-05-09,0.3642864823341369
1974-05-10,0.3659888207912445
1974-05-13,0.359179675579071
1974-05-14,0.3557753264904022
1974-05-15,0.3608818352222442
1974-05-16,0.3625843822956085
1974-05-17,0.3506682813167572
1974-05-20,0.3574773371219635
1974-05-21,0.3608818352222442
1974-05-22,0.3472638726234436
1974-05-23,0.3506682813167572
1974-05-24,0.3608818352222442
1974-05-28,0.3608818352222442
1974-05-29,0.3540728092193603
1974-05-30,0.3608818352222442
1974-05-31,0.3557753264904022
1974-06-03,0.3659888207912445
1974-06-04,0.3676909804344177
1974-06-05,0.3796069324016571
1974-06-06,0.4034390151500702
1974-06-07,0.4017365872859955
1974-06-10,0.3983319699764251
1974-06-11,0.3983319699764251
1974-06-12,0.3966298401355743
1974-06-13,0.4051409363746643
1974-06-14,0.4000341594219208
1974-06-17,0.3915228247642517
1974-06-18,0.4034390151500702
1974-06-19,0.3966298401355743
1974-06-20,0.4085456728935241
1974-06-21,0.4034390151500702
1974-06-24,0.3898205757141113
1974-06-25,0.3949274122714996
1974-06-26,0.3898205757141113
1974-06-27,0.3796069324016571
1974-06-28,0.3727979958057403
1974-07-01,0.3745000064373016
1974-07-02,0.3642864823341369
1974-07-03,0.3625843822956085
1974-07-05,0.3762023746967315
1974-07-08,0.3625843822956085
1974-07-09,0.3438592255115509
1974-07-10,0.3421572744846344
1974-07-11,0.3336454033851623
1974-07-12,0.3472638726234436
1974-07-15,0.3557753264904022
1974-07-16,0.3455614745616913
1974-07-17,0.3438592255115509
1974-07-18,0.3506682813167572
1974-07-19,0.3544076383113861
1974-07-22,0.3561196625232696
1974-07-23,0.3595438599586487
1974-07-24,0.3578320145606994
1974-07-25,0.3578320145606994
1974-07-26,0.3595438599586487
1974-07-29,0.340710699558258
1974-07-30,0.3235893845558166
1974-07-31,0.3235893845558166
1974-08-01,0.3287258446216583
1974-08-02,0.3270137012004852
1974-08-05,0.3167411088943481
1974-08-06,0.3235893845558166
1974-08-07,0.3270137012004852
1974-08-08,0.3253016173839569
1974-08-09,0.3287258446216583
1974-08-12,0.3287258446216583
1974-08-13,0.3150288760662079
1974-08-14,0.2927716970443725
1974-08-15,0.2996201813220978
1974-08-16,0.289347380399704
1974-08-19,0.2927716970443725
1974-08-20,0.3030441999435425
1974-08-21,0.2979076206684112
1974-08-22,0.2944834232330322
1974-08-23,0.2824991643428802
1974-08-26,0.2859232723712921
1974-08-27,0.2824991643428802
1974-08-28,0.2705139815807342
1974-08-29,0.2705139815807342
1974-08-30,0.289347380399704
1974-09-03,0.2790748178958893
1974-09-04,0.2705139815807342
1974-09-05,0.2927716970443725
1974-09-06,0.2876351773738861
1974-09-09,0.2705139815807342
1974-09-10,0.2688018679618835
1974-09-11,0.261953741312027
1974-09-12,0.2533928751945495
1974-09-13,0.2362715899944305
1974-09-16,0.2259992361068725
1974-09-17,0.2414080649614334
1974-09-18,0.2396960109472274
1974-09-19,0.2722260951995849
1974-09-20,0.261953741312027
1974-09-23,0.2653778195381164
1974-09-24,0.2636656761169433
1974-09-25,0.2551048099994659
1974-09-26,0.2482565194368362
1974-09-27,0.2448323667049408
1974-09-30,0.2294232547283172
1974-10-01,0.2328474819660186
1974-10-02,0.2465442270040512
1974-10-03,0.2328474819660186
1974-10-04,0.2379839271306991
1974-10-07,0.2499685585498809
1974-10-08,0.2465442270040512
1974-10-09,0.2670895755290985
1974-10-10,0.2876351773738861
1974-10-11,0.3218775689601898
1974-10-14,0.3287258446216583
1974-10-15,0.3218775689601898
1974-10-16,0.3047562539577484
1974-10-17,0.3321501910686493
1974-10-18,0.3287258446216583
1974-10-21,0.3224494159221649
1974-10-22,0.3345197141170501
1974-10-23,0.3103788197040558
1974-10-24,0.3103788197040558
1974-10-25,0.3052060306072235
1974-10-28,0.3086545467376709
1974-10-29,0.3327952623367309
1974-10-30,0.3431412875652313
1974-10-31,0.3448657095432281
1974-11-01,0.3414170444011688
1974-11-04,0.3396926820278168
1974-11-05,0.3517627716064453
1974-11-06,0.346590131521225
1974-11-07,0.348314106464386
1974-11-08,0.3345197141170501
1974-11-11,0.3362439572811126
1974-11-12,0.3327952623367309
1974-11-13,0.3327952623367309
1974-11-14,0.3241738677024841
1974-11-15,0.3190005123615265
1974-11-18,0.3086545467376709
1974-11-19,0.2983088195323944
1974-11-20,0.3086545467376709
1974-11-21,0.3241738677024841
1974-11-22,0.3190005123615265
1974-11-25,0.3258979618549347
1974-11-26,0.3396926820278168
1974-11-27,0.3379682600498199
1974-11-29,0.3414170444011688
1974-12-02,0.3207249641418457
1974-12-03,0.3052060306072235
1974-12-04,0.3086545467376709
1974-12-05,0.3034816086292267
1974-12-06,0.3017576038837433
1974-12-09,0.3017576038837433
1974-12-10,0.3241738677024841
1974-12-11,0.3276221752166748
1974-12-12,0.3207249641418457
1974-12-13,0.2914115190505981
1974-12-16,0.277616798877716
1974-12-17,0.2931356728076935
1974-12-18,0.3172761499881744
1974-12-19,0.3138278722763061
1974-12-20,0.3086545467376709
1974-12-23,0.3103788197040558
1974-12-24,0.3207249641418457
1974-12-26,0.3138278722763061
1974-12-27,0.3138278722763061
1974-12-30,0.3172761499881744
1974-12-31,0.3327952623367309
1975-01-02,0.3207249641418457
1975-01-03,0.3345197141170501
1975-01-06,0.3362439572811126
1975-01-07,0.3258979618549347
1975-01-08,0.3052060306072235
1975-01-09,0.3190005123615265
1975-01-10,0.3241738677024841
1975-01-13,0.3345197141170501
1975-01-14,0.3293465375900268
1975-01-15,0.3345197141170501
1975-01-16,0.3379682600498199
1975-01-17,0.3345197141170501
1975-01-20,0.3351449072360992
1975-01-21,0.3316716849803924
1975-01-22,0.3264622390270233
1975-01-23,0.3160434067249298
1975-01-24,0.3143068552017212
1975-01-27,0.3177801370620727
1975-01-28,0.3264622390270233
1975-01-29,0.3455637991428375
1975-01-30,0.3438273668289184
1975-01-31,0.3525097668170929
1975-02-03,0.3559827506542206
1975-02-04,0.3542460799217224
1975-02-05,0.3559827506542206
1975-02-06,0.3716111779212951
1975-02-07,0.369874894618988
1975-02-10,0.3750844895839691
1975-02-11,0.3733478486537933
1975-02-12,0.3785572052001953
1975-02-13,0.3837668001651764
1975-02-14,0.3802940547466278
1975-02-18,0.3750844895839691
1975-02-19,0.3785572052001953
1975-02-20,0.3802940547466278
1975-02-21,0.3802940547466278
1975-02-24,0.369874894618988
1975-02-25,0.3681382536888122
1975-02-26,0.3750844895839691
1975-02-27,0.3889762461185455
1975-02-28,0.3907125890254974
1975-03-03,0.401131808757782
1975-03-04,0.4150238335132599
1975-03-05,0.4028683304786682
1975-03-06,0.3959223926067352
1975-03-07,0.4063413739204407
1975-03-10,0.4028683304786682
1975-03-11,0.401131808757782
1975-03-12,0.3941858410835266
1975-03-13,0.401131808757782
1975-03-14,0.401131808757782
1975-03-17,0.4080777764320373
1975-03-18,0.4150238335132599
1975-03-19,0.401131808757782
1975-03-20,0.401131808757782
1975-03-21,0.3976588547229767
1975-03-24,0.3907125890254974
1975-03-25,0.3907125890254974
1975-03-26,0.404604822397232
1975-03-27,0.4080777764320373
1975-03-31,0.3976588547229767
1975-04-01,0.399395078420639
1975-04-02,0.3976588547229767
1975-04-03,0.3907125890254974
1975-04-04,0.3941858410835266
1975-04-07,0.3785572052001953
1975-04-08,0.382030189037323
1975-04-09,0.3976588547229767
1975-04-10,0.4132872223854065
1975-04-11,0.4132872223854065
1975-04-14,0.4202334284782409
1975-04-15,0.4254428744316101
1975-04-16,0.4219697117805481
1975-04-17,0.416760116815567
1975-04-18,0.4202334284782409
1975-04-21,0.4243547320365906
1975-04-22,0.4191156923770904
1975-04-23,0.4121305346488952
1975-04-24,0.4051453173160553
1975-04-25,0.4121305346488952
1975-04-28,0.3981598913669586
1975-04-29,0.3824432790279388
1975-04-30,0.3824432790279388
1975-05-01,0.3894284665584564
1975-05-02,0.4068914651870727
1975-05-05,0.4086378514766693
1975-05-06,0.4068914651870727
1975-05-07,0.4173691868782043
1975-05-08,0.4208622872829437
1975-05-09,0.4418179988861084
1975-05-12,0.452295571565628
1975-05-13,0.452295571565628
1975-05-14,0.4540416896343231
1975-05-15,0.457534521818161
1975-05-16,0.457534521818161
1975-05-19,0.457534521818161
1975-05-20,0.4540416896343231
1975-05-21,0.4435640871524811
1975-05-22,0.4488033652305603
1975-05-23,0.4592811465263366
1975-05-27,0.4557883143424988
1975-05-28,0.4540416896343231
1975-05-29,0.452295571565628
1975-05-30,0.4557883143424988
1975-06-02,0.4715051352977752
1975-06-03,0.4837291538715362
1975-06-04,0.4715051352977752
1975-06-05,0.473251461982727
1975-06-06,0.4592811465263366
1975-06-09,0.4191156923770904
1975-06-10,0.4226080179214477
1975-06-11,0.4243547320365906
1975-06-12,0.4208622872829437
1975-06-13,0.4173691868782043
1975-06-16,0.426100492477417
1975-06-17,0.4348326027393341
1975-06-18,0.4330862462520599
1975-06-19,0.4435640871524811
1975-06-20,0.4645200073719024
1975-06-23,0.4749977886676788
1975-06-24,0.4715051352977752
1975-06-25,0.4610271751880646
1975-06-26,0.457534521818161
1975-06-27,0.4453106820583343
1975-06-30,0.4488033652305603
1975-07-01,0.4453106820583343
1975-07-02,0.4383253455162048
1975-07-03,0.4435640871524811
1975-07-07,0.4435640871524811
1975-07-08,0.4400714039802551
1975-07-09,0.4488033652305603
1975-07-10,0.4488033652305603
1975-07-11,0.4400714039802551
1975-07-14,0.4435640871524811
1975-07-15,0.4505494832992553
1975-07-16,0.4435640871524811
1975-07-17,0.4226080179214477
1975-07-18,0.4243547320365906
1975-07-21,0.4179623425006866
1975-07-22,0.4126939475536346
1975-07-23,0.4091815650463104
1975-07-24,0.4074256420135498
1975-07-25,0.4126939475536346
1975-07-28,0.4039131999015808
1975-07-29,0.3933762013912201
1975-07-30,0.3986445069313049
1975-07-31,0.3968886137008667
1975-08-01,0.3916202187538147
1975-08-04,0.3916202187538147
1975-08-05,0.386351615190506
1975-08-06,0.389864057302475
1975-08-07,0.3881081044673919
1975-08-08,0.3881081044673919
1975-08-11,0.3933762013912201
1975-08-12,0.4074256420135498
1975-08-13,0.384595662355423
1975-08-14,0.3810831904411316
1975-08-15,0.389864057302475
1975-08-18,0.386351615190506
1975-08-19,0.389864057302475
1975-08-20,0.3793270587921142
1975-08-21,0.3635219037532806
1975-08-22,0.3652779459953308
1975-08-25,0.3723024725914001
1975-08-26,0.3758145868778229
1975-08-27,0.3723024725914001
1975-08-28,0.3828394412994385
1975-08-29,0.3793270587921142
1975-09-02,0.3705465495586395
1975-09-03,0.3723024725914001
1975-09-04,0.3705465495586395
1975-09-05,0.3600097894668579
1975-09-08,0.3600097894668579
1975-09-09,0.3547407686710357
1975-09-10,0.3494727611541748
1975-09-11,0.3477166295051574
1975-09-12,0.3494727611541748
1975-09-15,0.3512287735939026
1975-09-16,0.3459603786468506
1975-09-17,0.3512287735939026
1975-09-18,0.3529851138591766
1975-09-19,0.3758145868778229
1975-09-22,0.3670340478420257
1975-09-23,0.3723024725914001
1975-09-24,0.3740588128566742
1975-09-25,0.3775710463523865
1975-09-26,0.3828394412994385
1975-09-29,0.3705465495586395
1975-09-30,0.3687902688980102
1975-10-01,0.3775710463523865
1975-10-02,0.386351615190506
1975-10-03,0.4056695103645324
1975-10-06,0.4021568298339844
1975-10-07,0.4126939475536346
1975-10-08,0.4144500494003296
1975-10-09,0.4214746057987213
1975-10-10,0.4091815650463104
1975-10-13,0.4249864816665649
1975-10-14,0.4214746057987213
1975-10-15,0.4056695103645324
1975-10-16,0.4179623425006866
1975-10-17,0.4232308864593506
1975-10-20,0.425917237997055
1975-10-21,0.415313184261322
1975-10-22,0.415313184261322
1975-10-23,0.4047094583511352
1975-10-24,0.408244252204895
1975-10-27,0.4117788076400757
1975-10-28,0.4170805811882019
1975-10-29,0.4029422700405121
1975-10-30,0.4100116491317749
1975-10-31,0.408244252204895
1975-11-03,0.3994076251983642
1975-11-04,0.395872950553894
1975-11-05,0.3976400792598724
1975-11-06,0.3994076251983642
1975-11-07,0.3941059708595276
1975-11-10,0.395872950553894
1975-11-11,0.4011747539043426
1975-11-12,0.415313184261322
1975-11-13,0.4117788076400757
1975-11-14,0.4100116491317749
1975-11-17,0.4064767360687256
1975-11-18,0.4064767360687256
1975-11-19,0.4047094583511352
1975-11-20,0.4029422700405121
1975-11-21,0.3941059708595276
1975-11-24,0.3941059708595276
1975-11-25,0.3923385739326477
1975-11-26,0.3976400792598724
1975-11-28,0.3976400792598724
1975-12-01,0.3976400792598724
1975-12-02,0.3976400792598724
1975-12-03,0.3870367109775543
1975-12-04,0.3852693438529968
1975-12-05,0.3817347288131714
1975-12-08,0.3817347288131714
1975-12-09,0.395872950553894
1975-12-10,0.3976400792598724
1975-12-11,0.395872950553894
1975-12-12,0.4011747539043426
1975-12-15,0.4117788076400757
1975-12-16,0.4135459661483764
1975-12-17,0.415313184261322
1975-12-18,0.4064767360687256
1975-12-19,0.4011747539043426
1975-12-22,0.3976400792598724
1975-12-23,0.4011747539043426
1975-12-24,0.4011747539043426
1975-12-26,0.408244252204895
1975-12-29,0.4170805811882019
1975-12-30,0.408244252204895
1975-12-31,0.4064767360687256
1976-01-02,0.408244252204895
1976-01-05,0.408244252204895
1976-01-06,0.415313184261322
1976-01-07,0.4117788076400757
1976-01-08,0.4223823547363281
1976-01-09,0.4188476800918579
1976-01-12,0.4276836514472961
1976-01-13,0.4223823547363281
1976-01-14,0.425917237997055
1976-01-15,0.4365206062793731
1976-01-16,0.438288152217865
1976-01-19,0.4356564283370971
1976-01-20,0.4338778853416443
1976-01-21,0.4321000874042511
1976-01-22,0.4303212761878967
1976-01-23,0.4303212761878967
1976-01-26,0.4267653226852417
1976-01-27,0.4178744852542877
1976-01-28,0.3965362310409546
1976-01-29,0.4089834094047546
1976-01-30,0.3965362310409546
1976-02-02,0.3965362310409546
1976-02-03,0.3947579860687256
1976-02-04,0.391201376914978
1976-02-05,0.3805322647094726
1976-02-06,0.3769760429859161
1976-02-09,0.3787543773651123
1976-02-10,0.3823108077049255
1976-02-11,0.3805322647094726
1976-02-12,0.3840888142585754
1976-02-13,0.3787543773651123
1976-02-17,0.3805322647094726
1976-02-18,0.3876451551914215
1976-02-19,0.3929798305034637
1976-02-20,0.391201376914978
1976-02-23,0.3983142971992492
1976-02-24,0.4125400483608246
1976-02-25,0.423209011554718
1976-02-26,0.4125400483608246
1976-02-27,0.4072053134441376
1976-03-01,0.4107618629932403
1976-03-02,0.4143178462982178
1976-03-03,0.4107618629932403
1976-03-04,0.4089834094047546
1976-03-05,0.4125400483608246
1976-03-08,0.4072053134441376
1976-03-09,0.4089834094047546
1976-03-10,0.4036488533020019
1976-03-11,0.4089834094047546
1976-03-12,0.4036488533020019
1976-03-15,0.391201376914978
1976-03-16,0.3947579860687256
1976-03-17,0.3965362310409546
1976-03-18,0.3947579860687256
1976-03-19,0.3929798305034637
1976-03-22,0.391201376914978
1976-03-23,0.3929798305034637
1976-03-24,0.3947579860687256
1976-03-25,0.3947579860687256
1976-03-26,0.3947579860687256
1976-03-29,0.3947579860687256
1976-03-30,0.3947579860687256
1976-03-31,0.3929798305034637
1976-04-01,0.391201376914978
1976-04-02,0.3983142971992492
1976-04-05,0.3858670592308044
1976-04-06,0.3929798305034637
1976-04-07,0.3858670592308044
1976-04-08,0.3823108077049255
1976-04-09,0.3734197914600372
1976-04-12,0.3734197914600372
1976-04-13,0.3876451551914215
1976-04-14,0.3769760429859161
1976-04-15,0.3805322647094726
1976-04-19,0.3876451551914215
1976-04-20,0.3903668820858001
1976-04-21,0.3885765075683594
1976-04-22,0.3742510378360748
1976-04-23,0.363506942987442
1976-04-26,0.3670886158943176
1976-04-27,0.3724602460861206
1976-04-28,0.3706695139408111
1976-04-29,0.3688788414001465
1976-04-30,0.3688788414001465
1976-05-03,0.3688788414001465
1976-05-04,0.3670886158943176
1976-05-05,0.3670886158943176
1976-05-06,0.363506942987442
1976-05-07,0.363506942987442
1976-05-10,0.3652976155281067
1976-05-11,0.3670886158943176
1976-05-12,0.3652976155281067
1976-05-13,0.363506942987442
1976-05-14,0.3617162406444549
1976-05-17,0.3581347465515136
1976-05-18,0.363506942987442
1976-05-19,0.359925627708435
1976-05-20,0.35634446144104
1976-05-21,0.3473906815052032
1976-05-24,0.3384373486042022
1976-05-25,0.3420188128948211
1976-05-26,0.3456001281738281
1976-05-27,0.3420188128948211
1976-05-28,0.3438093960285187
1976-06-01,0.3420188128948211
1976-06-02,0.3420188128948211
1976-06-03,0.3420188128948211
1976-06-04,0.3384373486042022
1976-06-07,0.3402282297611236
1976-06-08,0.3366467356681824
1976-06-09,0.3402282297611236
1976-06-10,0.3402282297611236
1976-06-11,0.3527627289295196
1976-06-14,0.3545535504817962
1976-06-15,0.3545535504817962
1976-06-16,0.3670886158943176
1976-06-17,0.3724602460861206
1976-06-18,0.3724602460861206
1976-06-21,0.3849951922893524
1976-06-22,0.3849951922893524
1976-06-23,0.3867857754230499
1976-06-24,0.3832040429115295
1976-06-25,0.3814137876033783
1976-06-28,0.3796231150627136
1976-06-29,0.3796231150627136
1976-06-30,0.3832040429115295
1976-07-01,0.3849951922893524
1976-07-02,0.3867857754230499
1976-07-06,0.3885765075683594
1976-07-07,0.395739197731018
1976-07-08,0.4011110961437225
1976-07-09,0.4118551611900329
1976-07-12,0.4100643396377563
1976-07-13,0.4082735478878021
1976-07-14,0.4082735478878021
1976-07-15,0.4011110961437225
1976-07-16,0.3993207216262817
1976-07-19,0.395739197731018
1976-07-20,0.3953059017658233
1976-07-21,0.3989161252975464
1976-07-22,0.4007208049297333
1976-07-23,0.4043311178684234
1976-07-26,0.4007208049297333
1976-07-27,0.4007208049297333
1976-07-28,0.3989161252975464
1976-07-29,0.4043311178684234
1976-07-30,0.3953059017658233
1976-08-02,0.3898904323577881
1976-08-03,0.3953059017658233
1976-08-04,0.3989161252975464
1976-08-05,0.4043311178684234
1976-08-06,0.4061361253261566
1976-08-09,0.4061361253261566
1976-08-10,0.4061361253261566
1976-08-11,0.4025260508060455
1976-08-12,0.4007208049297333
1976-08-13,0.4043311178684234
1976-08-16,0.4043311178684234
1976-08-17,0.4133564531803131
1976-08-18,0.4169665873050689
1976-08-19,0.4025260508060455
1976-08-20,0.3935005068778991
1976-08-23,0.3971107900142669
1976-08-24,0.3898904323577881
1976-08-25,0.3916958570480346
1976-08-26,0.3953059017658233
1976-08-27,0.4025260508060455
1976-08-30,0.3971107900142669
1976-08-31,0.4007208049297333
1976-09-01,0.4043311178684234
1976-09-02,0.4061361253261566
1976-09-03,0.4061361253261566
1976-09-07,0.4061361253261566
1976-09-08,0.4097462594509125
1976-09-09,0.4061361253261566
1976-09-10,0.4007208049297333
1976-09-13,0.3989161252975464
1976-09-14,0.3971107900142669
1976-09-15,0.3935005068778991
1976-09-16,0.4007208049297333
1976-09-17,0.4061361253261566
1976-09-20,0.407940924167633
1976-09-21,0.4187715947628021
1976-09-22,0.4169665873050689
1976-09-23,0.4151611924171448
1976-09-24,0.407940924167633
1976-09-27,0.4115509986877441
1976-09-28,0.3989161252975464
1976-09-29,0.4007208049297333
1976-09-30,0.3935005068778991
1976-10-01,0.3935005068778991
1976-10-04,0.3935005068778991
1976-10-05,0.3880856931209564
1976-10-06,0.3935005068778991
1976-10-07,0.3898904323577881
1976-10-08,0.3826702833175659
1976-10-11,0.3718401491641998
1976-10-12,0.3646197915077209
1976-10-13,0.3628150224685669
1976-10-14,0.3574000895023346
1976-10-15,0.3610098659992218
1976-10-18,0.3628150224685669
1976-10-19,0.36419877409935
1976-10-20,0.3660199344158172
1976-10-21,0.3714826107025146
1976-10-22,0.3605572283267975
1976-10-25,0.3678405880928039
1976-10-26,0.3751247525215149
1976-10-27,0.378766804933548
1976-10-28,0.378766804933548
1976-10-29,0.3878720104694366
1976-11-01,0.3842299282550812
1976-11-03,0.3805880844593048
1976-11-04,0.378766804933548
1976-11-05,0.378766804933548
1976-11-08,0.3714826107025146
1976-11-09,0.3696618378162384
1976-11-10,0.3696618378162384
1976-11-11,0.3714826107025146
1976-11-12,0.3714826107025146
1976-11-15,0.3696618378162384
1976-11-16,0.3696618378162384
1976-11-17,0.3714826107025146
1976-11-18,0.3751247525215149
1976-11-19,0.3714826107025146
1976-11-22,0.3751247525215149
1976-11-23,0.3805880844593048
1976-11-24,0.3878720104694366
1976-11-26,0.3933346569538116
1976-11-29,0.3933346569538116
1976-11-30,0.3896929621696472
1976-12-01,0.3878720104694366
1976-12-02,0.3860507011413574
1976-12-03,0.3860507011413574
1976-12-06,0.3824085891246795
1976-12-07,0.3842299282550812
1976-12-08,0.3842299282550812
1976-12-09,0.3860507011413574
1976-12-10,0.3860507011413574
1976-12-13,0.3860507011413574
1976-12-14,0.3896929621696472
1976-12-15,0.3860507011413574
1976-12-16,0.3896929621696472
1976-12-17,0.3860507011413574
1976-12-20,0.3842299282550812
1976-12-21,0.3860507011413574
1976-12-22,0.3860507011413574
1976-12-23,0.3860507011413574
1976-12-27,0.3896929621696472
1976-12-28,0.3933346569538116
1976-12-29,0.3969765603542328
1976-12-30,0.3951558172702789
1976-12-31,0.4006187915802002
1977-01-03,0.398797869682312
1977-01-04,0.3951558172702789
1977-01-05,0.3951558172702789
1977-01-06,0.3915138840675354
1977-01-07,0.3933346569538116
1977-01-10,0.3915138840675354
1977-01-11,0.3751247525215149
1977-01-12,0.3660199344158172
1977-01-13,0.36419877409935
1977-01-14,0.36419877409935
1977-01-17,0.3623780310153961
1977-01-18,0.3569147288799286
1977-01-19,0.3619863390922546
1977-01-20,0.3638242185115814
1977-01-21,0.3674988448619842
1977-01-24,0.3674988448619842
1977-01-25,0.3638242185115814
1977-01-26,0.3564738631248474
1977-01-27,0.3527989387512207
1977-01-28,0.3454487323760986
1977-01-31,0.3509617447853088
1977-02-01,0.3564738631248474
1977-02-02,0.3619863390922546
1977-02-03,0.3564738631248474
1977-02-04,0.3619863390922546
1977-02-07,0.3619863390922546
1977-02-08,0.3619863390922546
1977-02-09,0.3638242185115814
1977-02-10,0.3638242185115814
1977-02-11,0.3601488471031189
1977-02-14,0.3638242185115814
1977-02-15,0.3656614124774933
1977-02-16,0.3711736500263214
1977-02-17,0.3711736500263214
1977-02-18,0.3674988448619842
1977-02-22,0.3711736500263214
1977-02-23,0.373011440038681
1977-02-24,0.3711736500263214
1977-02-25,0.3711736500263214
1977-02-28,0.373011440038681
1977-03-01,0.3748486042022705
1977-03-02,0.373011440038681
1977-03-03,0.3748486042022705
1977-03-04,0.3748486042022705
1977-03-07,0.3766866028308868
1977-03-08,0.3748486042022705
1977-03-09,0.3693363964557647
1977-03-10,0.3674988448619842
1977-03-11,0.3619863390922546
1977-03-14,0.3638242185115814
1977-03-15,0.3656614124774933
1977-03-16,0.3638242185115814
1977-03-17,0.3656614124774933
1977-03-18,0.3638242185115814
1977-03-21,0.3619863390922546
1977-03-22,0.3638242185115814
1977-03-23,0.3619863390922546
1977-03-24,0.3601488471031189
1977-03-25,0.3638242185115814
1977-03-28,0.3638242185115814
1977-03-29,0.3693363964557647
1977-03-30,0.3674988448619842
1977-03-31,0.3656614124774933
1977-04-01,0.3693363964557647
1977-04-04,0.3638242185115814
1977-04-05,0.3583116233348846
1977-04-06,0.3638242185115814
1977-04-07,0.3638242185115814
1977-04-11,0.3693363964557647
1977-04-12,0.3674988448619842
1977-04-13,0.3656614124774933
1977-04-14,0.373011440038681
1977-04-15,0.373011440038681
1977-04-18,0.373011440038681
1977-04-19,0.3707129955291748
1977-04-20,0.3707129955291748
1977-04-21,0.3670058250427246
1977-04-22,0.3595913648605346
1977-04-25,0.3558843731880188
1977-04-26,0.3558843731880188
1977-04-27,0.3595913648605346
1977-04-28,0.3595913648605346
1977-04-29,0.3632986843585968
1977-05-02,0.3651521503925323
1977-05-03,0.3651521503925323
1977-05-04,0.3651521503925323
1977-05-05,0.3651521503925323
1977-05-06,0.3614450991153717
1977-05-09,0.3632986843585968
1977-05-10,0.3632986843585968
1977-05-11,0.3632986843585968
1977-05-12,0.3632986843585968
1977-05-13,0.3632986843585968
1977-05-16,0.3614450991153717
1977-05-17,0.3651521503925323
1977-05-18,0.3725667893886566
1977-05-19,0.3707129955291748
1977-05-20,0.3725667893886566
1977-05-23,0.3707129955291748
1977-05-24,0.3595913648605346
1977-05-25,0.3558843731880188
1977-05-26,0.3595913648605346
1977-05-27,0.3595913648605346
1977-05-31,0.3614450991153717
1977-06-01,0.3632986843585968
1977-06-02,0.3651521503925323
1977-06-03,0.3688596487045288
1977-06-06,0.3651521503925323
1977-06-07,0.3688596487045288
1977-06-08,0.3725667893886566
1977-06-09,0.3725667893886566
1977-06-10,0.3707129955291748
1977-06-13,0.3725667893886566
1977-06-14,0.3725667893886566
1977-06-15,0.3725667893886566
1977-06-16,0.3725667893886566
1977-06-17,0.3707129955291748
1977-06-20,0.3707129955291748
1977-06-21,0.3707129955291748
1977-06-22,0.3670058250427246
1977-06-23,0.3670058250427246
1977-06-24,0.3707129955291748
1977-06-27,0.3670058250427246
1977-06-28,0.3670058250427246
1977-06-29,0.3651521503925323
1977-06-30,0.3670058250427246
1977-07-01,0.3670058250427246
1977-07-05,0.3670058250427246
1977-07-06,0.3688596487045288
1977-07-07,0.3632986843585968
1977-07-08,0.3632986843585968
1977-07-11,0.3651521503925323
1977-07-12,0.3688596487045288
1977-07-13,0.3707129955291748
1977-07-15,0.3744198977947235
1977-07-18,0.3818343877792358
1977-07-19,0.3837062120437622
1977-07-20,0.3837062120437622
1977-07-21,0.3837062120437622
1977-07-22,0.3911929130554199
1977-07-25,0.387449562549591
1977-07-26,0.3893212676048279
1977-07-27,0.3818343877792358
1977-07-28,0.3780909478664398
1977-07-29,0.3855779469013214
1977-08-01,0.3855779469013214
1977-08-02,0.3799628615379333
1977-08-03,0.3837062120437622
1977-08-04,0.3893212676048279
1977-08-05,0.3837062120437622
1977-08-08,0.387449562549591
1977-08-09,0.3837062120437622
1977-08-10,0.3799628615379333
1977-08-11,0.3799628615379333
1977-08-12,0.3762193322181701
1977-08-15,0.3706039488315582
1977-08-16,0.3687321543693542
1977-08-17,0.3724757432937622
1977-08-18,0.3743474185466766
1977-08-19,0.3743474185466766
1977-08-22,0.3780909478664398
1977-08-23,0.3780909478664398
1977-08-24,0.3762193322181701
1977-08-25,0.3724757432937622
1977-08-26,0.3687321543693542
1977-08-29,0.3743474185466766
1977-08-30,0.3687321543693542
1977-08-31,0.3724757432937622
1977-09-01,0.3687321543693542
1977-09-02,0.3706039488315582
1977-09-06,0.3724757432937622
1977-09-07,0.3706039488315582
1977-09-08,0.3706039488315582
1977-09-09,0.3687321543693542
1977-09-12,0.3706039488315582
1977-09-13,0.3687321543693542
1977-09-14,0.3631168603897095
1977-09-15,0.3612452149391174
1977-09-16,0.3575019836425781
1977-09-19,0.3556300401687622
1977-09-20,0.353758156299591
1977-09-21,0.3481432199478149
1977-09-22,0.3481432199478149
1977-09-23,0.3443993926048279
1977-09-26,0.3443993926048279
1977-09-27,0.3481432199478149
1977-09-28,0.3518866002559662
1977-09-29,0.3593736290931701
1977-09-30,0.3649887442588806
1977-10-03,0.3649887442588806
1977-10-04,0.3593736290931701
1977-10-05,0.3593736290931701
1977-10-06,0.3612452149391174
1977-10-07,0.3631168603897095
1977-10-10,0.3631168603897095
1977-10-11,0.3518866002559662
1977-10-12,0.3425281345844269
1977-10-13,0.3462714850902557
1977-10-14,0.3425281345844269
1977-10-17,0.3462714850902557
1977-10-18,0.3462714850902557
1977-10-19,0.3443791568279266
1977-10-20,0.3405946493148803
1977-10-21,0.3311337828636169
1977-10-24,0.3292414546012878
1977-10-25,0.315996378660202
1977-10-26,0.3330258429050445
1977-10-27,0.3292414546012878
1977-10-28,0.3292414546012878
1977-10-31,0.3292414546012878
1977-11-01,0.3254573345184326
1977-11-02,0.3254573345184326
1977-11-03,0.3311337828636169
1977-11-04,0.3349182605743408
1977-11-07,0.3462714850902557
1977-11-08,0.3443791568279266
1977-11-09,0.3443791568279266
1977-11-10,0.3500562012195587
1977-11-11,0.3576246201992035
1977-11-14,0.3481634855270386
1977-11-15,0.363301157951355
1977-11-16,0.3538403511047363
1977-11-17,0.3538403511047363
1977-11-18,0.3538403511047363
1977-11-21,0.3538403511047363
1977-11-22,0.3538403511047363
1977-11-23,0.3595165908336639
1977-11-25,0.3670854866504669
1977-11-28,0.3614090383052826
1977-11-29,0.3557322323322296
1977-11-30,0.3576246201992035
1977-12-01,0.3538403511047363
1977-12-02,0.3481634855270386
1977-12-05,0.3481634855270386
1977-12-06,0.3368104994297027
1977-12-07,0.3368104994297027
1977-12-08,0.3405946493148803
1977-12-09,0.3405946493148803
1977-12-12,0.3349182605743408
1977-12-13,0.3330258429050445
1977-12-14,0.3387027978897095
1977-12-15,0.3330258429050445
1977-12-16,0.3311337828636169
1977-12-19,0.3292414546012878
1977-12-20,0.3216727375984192
1977-12-21,0.3254573345184326
1977-12-22,0.3216727375984192
1977-12-23,0.3235648870468139
1977-12-27,0.327349454164505
1977-12-28,0.327349454164505
1977-12-29,0.3292414546012878
1977-12-30,0.327349454164505
1978-01-03,0.3216727375984192
1978-01-04,0.3254573345184326
1978-01-05,0.3197808265686035
1978-01-06,0.315996378660202
1978-01-09,0.3178882300853729
1978-01-10,0.3065351545810699
1978-01-11,0.3008588552474975
1978-01-12,0.3046432137489319
1978-01-13,0.3046432137489319
1978-01-16,0.3046432137489319
1978-01-17,0.3103198111057281
1978-01-18,0.3197808265686035
1978-01-19,0.315950870513916
1978-01-20,0.315950870513916
1978-01-23,0.3140359818935394
1978-01-24,0.315950870513916
1978-01-25,0.3082917630672455
1978-01-26,0.3025469481945038
1978-01-27,0.3025469481945038
1978-01-30,0.3025469481945038
1978-01-31,0.3044618368148803
1978-02-01,0.3063766062259674
1978-02-02,0.3063766062259674
1978-02-03,0.3025469481945038
1978-02-06,0.2968026399612427
1978-02-07,0.2948875427246094
1978-02-08,0.3025469481945038
1978-02-09,0.3025469481945038
1978-02-10,0.3025469481945038
1978-02-13,0.3006322085857391
1978-02-14,0.3025469481945038
1978-02-15,0.3006322085857391
1978-02-16,0.2987172305583954
1978-02-17,0.3063766062259674
1978-02-21,0.3025469481945038
1978-02-22,0.3044618368148803
1978-02-23,0.3025469481945038
1978-02-24,0.3082917630672455
1978-02-27,0.3102062046527862
1978-02-28,0.3006322085857391
1978-03-01,0.3063766062259674
1978-03-02,0.3025469481945038
1978-03-03,0.3006322085857391
1978-03-06,0.2987172305583954
1978-03-07,0.2987172305583954
1978-03-08,0.2987172305583954
1978-03-09,0.3025469481945038
1978-03-10,0.3025469481945038
1978-03-13,0.3063766062259674
1978-03-14,0.3063766062259674
1978-03-15,0.3082917630672455
1978-03-16,0.3102062046527862
1978-03-17,0.3102062046527862
1978-03-20,0.3140359818935394
1978-03-21,0.3121210932731628
1978-03-22,0.3102062046527862
1978-03-23,0.3102062046527862
1978-03-27,0.3025469481945038
1978-03-28,0.3063766062259674
1978-03-29,0.3063766062259674
1978-03-30,0.3006322085857391
1978-03-31,0.3102062046527862
1978-04-03,0.3044618368148803
1978-04-04,0.3082917630672455
1978-04-05,0.3121210932731628
1978-04-06,0.3121210932731628
1978-04-07,0.3082917630672455
1978-04-10,0.3102062046527862
1978-04-11,0.3063766062259674
1978-04-12,0.3102062046527862
1978-04-13,0.3102062046527862
1978-04-14,0.3178659677505493
1978-04-17,0.3255251348018646
1978-04-18,0.3255251348018646
1978-04-19,0.3235876560211181
1978-04-20,0.3294004499912262
1978-04-21,0.3197122514247894
1978-04-24,0.3216500580310821
1978-04-25,0.3352135121822357
1978-04-26,0.3274628520011902
1978-04-27,0.3235876560211181
1978-04-28,0.3216500580310821
1978-05-01,0.3177744746208191
1978-05-02,0.3177744746208191
1978-05-03,0.3119617998600006
1978-05-04,0.3177744746208191
1978-05-05,0.3197122514247894
1978-05-08,0.3119617998600006
1978-05-09,0.3138991892337799
1978-05-10,0.3197122514247894
1978-05-11,0.3274628520011902
1978-05-12,0.3255252242088318
1978-05-15,0.3332758545875549
1978-05-16,0.3390888273715973
1978-05-17,0.3526524007320404
1978-05-18,0.348777025938034
1978-05-19,0.3371509611606598
1978-05-22,0.3429641425609588
1978-05-23,0.3410264551639557
1978-05-24,0.3313381671905517
1978-05-25,0.3313381671905517
1978-05-26,0.3313381671905517
1978-05-30,0.3313381671905517
1978-05-31,0.3332758545875549
1978-06-01,0.3294004499912262
1978-06-02,0.3332758545875549
1978-06-05,0.3390888273715973
1978-06-06,0.348777025938034
1978-06-07,0.348777025938034
1978-06-08,0.3545897305011749
1978-06-09,0.3545897305011749
1978-06-12,0.3507148623466491
1978-06-13,0.3449015021324157
1978-06-14,0.3410264551639557
1978-06-15,0.3371509611606598
1978-06-16,0.3332758545875549
1978-06-19,0.3332758545875549
1978-06-20,0.3332758545875549
1978-06-21,0.3255252242088318
1978-06-22,0.3294004499912262
1978-06-23,0.3294004499912262
1978-06-26,0.3197122514247894
1978-06-27,0.3255252242088318
1978-06-28,0.3274628520011902
1978-06-29,0.3255252242088318
1978-06-30,0.3235876560211181
1978-07-03,0.3158369064331054
1978-07-05,0.3138991892337799
1978-07-06,0.3119617998600006
1978-07-07,0.3138991892337799
1978-07-10,0.3119617998600006
1978-07-11,0.3138991892337799
1978-07-12,0.3158369064331054
1978-07-13,0.3119617998600006
1978-07-14,0.3158369064331054
1978-07-17,0.3158369064331054
1978-07-18,0.3138991892337799
1978-07-19,0.317823052406311
1978-07-20,0.3197849690914154
1978-07-21,0.3197849690914154
1978-07-24,0.3197849690914154
1978-07-25,0.317823052406311
1978-07-26,0.3158612251281738
1978-07-27,0.3237086534500122
1978-07-28,0.329594075679779
1978-07-31,0.329594075679779
1978-08-01,0.3197849690914154
1978-08-02,0.3237086534500122
1978-08-03,0.329594075679779
1978-08-04,0.3237086534500122
1978-08-07,0.329594075679779
1978-08-08,0.3315562307834625
1978-08-09,0.3335179388523102
1978-08-10,0.3315562307834625
1978-08-11,0.3335179388523102
1978-08-14,0.329594075679779
1978-08-15,0.3276324868202209
1978-08-16,0.329594075679779
1978-08-17,0.3256707489490509
1978-08-18,0.321746826171875
1978-08-21,0.3158612251281738
1978-08-22,0.3158612251281738
1978-08-23,0.317823052406311
1978-08-24,0.3237086534500122
1978-08-25,0.3315562307834625
1978-08-28,0.3315562307834625
1978-08-29,0.329594075679779
1978-08-30,0.329594075679779
1978-08-31,0.3237086534500122
1978-09-01,0.329594075679779
1978-09-05,0.3335179388523102
1978-09-06,0.3335179388523102
1978-09-07,0.329594075679779
1978-09-08,0.3335179388523102
1978-09-11,0.3335179388523102
1978-09-12,0.3315562307834625
1978-09-13,0.329594075679779
1978-09-14,0.3256707489490509
1978-09-15,0.3237086534500122
1978-09-18,0.3256707489490509
1978-09-19,0.3237086534500122
1978-09-20,0.321746826171875
1978-09-21,0.3276324868202209
1978-09-22,0.3256707489490509
1978-09-25,0.3237086534500122
1978-09-26,0.3197849690914154
1978-09-27,0.3197849690914154
1978-09-28,0.317823052406311
1978-09-29,0.3197849690914154
1978-10-02,0.3237086534500122
1978-10-03,0.3237086534500122
1978-10-04,0.3237086534500122
1978-10-05,0.321746826171875
1978-10-06,0.3138991594314575
1978-10-09,0.3158612251281738
1978-10-10,0.3138991594314575
1978-10-11,0.3158612251281738
1978-10-12,0.3099758327007293
1978-10-13,0.3080138564109802
1978-10-16,0.3080138564109802
1978-10-17,0.3021280765533447
1978-10-18,0.2982043623924255
1978-10-19,0.2962164282798767
1978-10-20,0.2902522683143616
1978-10-23,0.2882642447948456
1978-10-24,0.2882642447948456
1978-10-25,0.284288227558136
1978-10-26,0.280312180519104
1978-10-27,0.2783240377902984
1978-10-30,0.2823000252246856
1978-10-31,0.2723598778247833
1978-11-01,0.284288227558136
1978-11-02,0.280312180519104
1978-11-03,0.2783240377902984
1978-11-06,0.284288227558136
1978-11-07,0.284288227558136
1978-11-08,0.28627610206604
1978-11-09,0.2882642447948456
1978-11-10,0.2882642447948456
1978-11-13,0.2783240377902984
1978-11-14,0.2743478417396545
1978-11-15,0.2723598778247833
1978-11-16,0.2763360440731048
1978-11-17,0.2763360440731048
1978-11-20,0.2723598778247833
1978-11-21,0.2723598778247833
1978-11-22,0.2743478417396545
1978-11-24,0.2743478417396545
1978-11-27,0.2743478417396545
1978-11-28,0.2743478417396545
1978-11-29,0.2723598778247833
1978-11-30,0.2743478417396545
1978-12-01,0.2763360440731048
1978-12-04,0.2783240377902984
1978-12-05,0.2783240377902984
1978-12-06,0.2763360440731048
1978-12-07,0.2723598778247833
1978-12-08,0.2683839201927185
1978-12-11,0.2683839201927185
1978-12-12,0.266396015882492
1978-12-13,0.266396015882492
1978-12-14,0.264408141374588
1978-12-15,0.264408141374588
1978-12-18,0.2624198198318481
1978-12-19,0.2604318261146545
1978-12-20,0.2604318261146545
1978-12-21,0.2584437429904938
1978-12-22,0.2683839201927185
1978-12-26,0.2683839201927185
1978-12-27,0.266396015882492
1978-12-28,0.264408141374588
1978-12-29,0.264408141374588
1979-01-02,0.2683839201927185
1979-01-03,0.2703718245029449
1979-01-04,0.2783240377902984
1979-01-05,0.2823000252246856
1979-01-08,0.2823000252246856
1979-01-09,0.28627610206604
1979-01-10,0.284288227558136
1979-01-11,0.284288227558136
1979-01-12,0.284288227558136
1979-01-15,0.2902522683143616
1979-01-16,0.2902522683143616
1979-01-17,0.2942282855510711
1979-01-18,0.2982041537761688
1979-01-19,0.3065953850746155
1979-01-22,0.3106294870376587
1979-01-23,0.3086124956607818
1979-01-24,0.3065953850746155
1979-01-25,0.3146635890007019
1979-01-26,0.3126465380191803
1979-01-29,0.3126465380191803
1979-01-30,0.3045782744884491
1979-01-31,0.3065953850746155
1979-02-01,0.3005442917346954
1979-02-02,0.2944931089878082
1979-02-05,0.2944931089878082
1979-02-06,0.2944931089878082
1979-02-07,0.2884419560432434
1979-02-08,0.2864246070384979
1979-02-09,0.2864246070384979
1979-02-12,0.2864246070384979
1979-02-13,0.2904587686061859
1979-02-14,0.2884419560432434
1979-02-15,0.2904587686061859
1979-02-16,0.2884419560432434
1979-02-20,0.2823905348777771
1979-02-21,0.2783561646938324
1979-02-22,0.2702880799770355
1979-02-23,0.2723051011562347
1979-02-26,0.2783561646938324
1979-02-27,0.2743222117424011
1979-02-28,0.2743222117424011
1979-03-01,0.2763392627239227
1979-03-02,0.2743222117424011
1979-03-05,0.2763392627239227
1979-03-06,0.2743222117424011
1979-03-07,0.2803734838962555
1979-03-08,0.2803734838962555
1979-03-09,0.2823905348777771
1979-03-12,0.2783561646938324
1979-03-13,0.2763392627239227
1979-03-14,0.2783561646938324
1979-03-15,0.2723051011562347
1979-03-16,0.2823905348777771
1979-03-19,0.2864246070384979
1979-03-20,0.2823905348777771
1979-03-21,0.2844076454639435
1979-03-22,0.2803734838962555
1979-03-23,0.2743222117424011
1979-03-26,0.2743222117424011
1979-03-27,0.2723051011562347
1979-03-28,0.2743222117424011
1979-03-29,0.2723051011562347
1979-03-30,0.2682711780071258
1979-04-02,0.2662538588047027
1979-04-03,0.2723051011562347
1979-04-04,0.2763392627239227
1979-04-05,0.2763392627239227
1979-04-06,0.2803734838962555
1979-04-09,0.2803734838962555
1979-04-10,0.2884419560432434
1979-04-11,0.2844076454639435
1979-04-12,0.2823905348777771
1979-04-16,0.2803734838962555
1979-04-17,0.2844076454639435
1979-04-18,0.2904587686061859
1979-04-19,0.2948820888996124
1979-04-20,0.2948820888996124
1979-04-23,0.2969300150871277
1979-04-24,0.2969300150871277
1979-04-25,0.3010255098342895
1979-04-26,0.2989777624607086
1979-04-27,0.2969300150871277
1979-04-30,0.2989777624607086
1979-05-01,0.2989777624607086
1979-05-02,0.3010255098342895
1979-05-03,0.2989777624607086
1979-05-04,0.2948820888996124
1979-05-07,0.2887387871742248
1979-05-08,0.286690890789032
1979-05-09,0.286690890789032
1979-05-10,0.286690890789032
1979-05-11,0.2784996330738067
1979-05-14,0.2703085243701935
1979-05-15,0.2723564505577087
1979-05-16,0.2764518558979034
1979-05-17,0.2764518558979034
1979-05-18,0.2744041085243225
1979-05-21,0.2764518558979034
1979-05-22,0.2784996330738067
1979-05-23,0.2744041085243225
1979-05-24,0.2723564505577087
1979-05-25,0.2723564505577087
1979-05-29,0.2723564505577087
1979-05-30,0.2682609558105469
1979-05-31,0.2662129402160644
1979-06-01,0.2641651332378387
1979-06-04,0.2662129402160644
1979-06-05,0.2662129402160644
1979-06-06,0.2682609558105469
1979-06-07,0.2682609558105469
1979-06-08,0.2682609558105469
1979-06-11,0.2682609558105469
1979-06-12,0.2723564505577087
1979-06-13,0.2723564505577087
1979-06-14,0.2703085243701935
1979-06-15,0.2682609558105469
1979-06-18,0.2662129402160644
1979-06-19,0.2662129402160644
1979-06-20,0.2662129402160644
1979-06-21,0.2641651332378387
1979-06-22,0.2641651332378387
1979-06-25,0.2621172666549682
1979-06-26,0.2621172666549682
1979-06-27,0.260069727897644
1979-06-28,0.2621172666549682
1979-06-29,0.260069727897644
1979-07-02,0.2621172666549682
1979-07-03,0.2641651332378387
1979-07-05,0.2662129402160644
1979-07-06,0.2703085243701935
1979-07-09,0.2723564505577087
1979-07-10,0.2744041085243225
1979-07-11,0.2723564505577087
1979-07-12,0.2703085243701935
1979-07-13,0.2703085243701935
1979-07-16,0.2723564505577087
1979-07-17,0.2682609558105469
1979-07-18,0.2662129402160644
1979-07-19,0.2727932631969452
1979-07-20,0.2748757302761078
1979-07-23,0.2727932631969452
1979-07-24,0.270710825920105
1979-07-25,0.2748757302761078
1979-07-26,0.2748757302761078
1979-07-27,0.2769581973552704
1979-07-30,0.2769581973552704
1979-07-31,0.2748757302761078
1979-08-01,0.2748757302761078
1979-08-02,0.2727932631969452
1979-08-03,0.2727932631969452
1979-08-06,0.2727932631969452
1979-08-07,0.2727932631969452
1979-08-08,0.2748757302761078
1979-08-09,0.2727932631969452
1979-08-10,0.2790403366088867
1979-08-13,0.2936172783374786
1979-08-14,0.2915347218513489
1979-08-15,0.2956995964050293
1979-08-16,0.2915347218513489
1979-08-17,0.2894524335861206
1979-08-20,0.2936172783374786
1979-08-21,0.3123587965965271
1979-08-22,0.3061117231845855
1979-08-23,0.3040291368961334
1979-08-24,0.3081938326358795
1979-08-27,0.3081938326358795
1979-08-28,0.3040291368961334
1979-08-29,0.299864262342453
1979-08-30,0.3061117231845855
1979-08-31,0.3019469380378723
1979-09-04,0.2936172783374786
1979-09-05,0.287369817495346
1979-09-06,0.2852876782417297
1979-09-07,0.2832050323486328
1979-09-10,0.2832050323486328
1979-09-11,0.2811229825019836
1979-09-12,0.2832050323486328
1979-09-13,0.2894524335861206
1979-09-14,0.2936172783374786
1979-09-17,0.2977822721004486
1979-09-18,0.2977822721004486
1979-09-19,0.2894524335861206
1979-09-20,0.2915347218513489
1979-09-21,0.287369817495346
1979-09-24,0.2852876782417297
1979-09-25,0.2852876782417297
1979-09-26,0.287369817495346
1979-09-27,0.2811229825019836
1979-09-28,0.2727932631969452
1979-10-01,0.2727932631969452
1979-10-02,0.2727932631969452
1979-10-03,0.2748757302761078
1979-10-04,0.2769581973552704
1979-10-05,0.2790403366088867
1979-10-08,0.2748757302761078
1979-10-09,0.2748757302761078
1979-10-10,0.268628716468811
1979-10-11,0.270710825920105
1979-10-12,0.270710825920105
1979-10-15,0.2623813450336456
1979-10-16,0.2623813450336456
1979-10-17,0.2665459811687469
1979-10-18,0.2665459811687469
1979-10-19,0.2562942206859588
1979-10-22,0.2541761994361877
1979-10-23,0.2605307698249817
1979-10-24,0.2626485824584961
1979-10-25,0.2605307698249817
1979-10-26,0.2541761994361877
1979-10-29,0.2499399781227111
1979-10-30,0.2520580589771271
1979-10-31,0.2414673864841461
1979-11-01,0.2372311353683471
1979-11-02,0.2372311353683471
1979-11-05,0.2351129949092865
1979-11-06,0.2372311353683471
1979-11-07,0.2351129949092865
1979-11-08,0.2372311353683471
1979-11-09,0.2351129949092865
1979-11-12,0.2372311353683471
1979-11-13,0.2351129949092865
1979-11-14,0.2329948097467422
1979-11-15,0.2393494993448257
1979-11-16,0.2414673864841461
1979-11-19,0.2414673864841461
1979-11-20,0.2393494993448257
1979-11-21,0.2351129949092865
1979-11-23,0.2393494993448257
1979-11-26,0.2414673864841461
1979-11-27,0.2478218376636505
1979-11-28,0.2520580589771271
1979-11-29,0.2541761994361877
1979-11-30,0.2541761994361877
1979-12-03,0.2541761994361877
1979-12-04,0.2499399781227111
1979-12-05,0.2499399781227111
1979-12-06,0.2541761994361877
1979-12-07,0.2478218376636505
1979-12-10,0.2520580589771271
1979-12-11,0.2499399781227111
1979-12-12,0.2457036226987838
1979-12-13,0.2478218376636505
1979-12-14,0.2499399781227111
1979-12-17,0.2520580589771271
1979-12-18,0.2541761994361877
1979-12-19,0.2520580589771271
1979-12-20,0.2478218376636505
1979-12-21,0.2457036226987838
1979-12-24,0.2478218376636505
1979-12-26,0.2457036226987838
1979-12-27,0.2478218376636505
1979-12-28,0.2457036226987838
1979-12-31,0.2435856908559799
1980-01-02,0.2393494993448257
1980-01-03,0.2393494993448257
1980-01-04,0.2372311353683471
1980-01-07,0.2351129949092865
1980-01-08,0.2414673864841461
1980-01-09,0.2457036226987838
1980-01-10,0.2478218376636505
1980-01-11,0.2393494993448257
1980-01-14,0.2329948097467422
1980-01-15,0.2329948097467422
1980-01-16,0.2329948097467422
1980-01-17,0.2287584841251373
1980-01-18,0.2351129949092865
1980-01-21,0.2440994977951049
1980-01-22,0.2376187890768051
1980-01-23,0.2419389933347702
1980-01-24,0.2397790700197219
1980-01-25,0.2397790700197219
1980-01-28,0.2462593466043472
1980-01-29,0.2419389933347702
1980-01-30,0.2440994977951049
1980-01-31,0.2376187890768051
1980-02-01,0.2419389933347702
1980-02-04,0.2376187890768051
1980-02-05,0.2397790700197219
1980-02-06,0.2397790700197219
1980-02-07,0.2419389933347702
1980-02-08,0.2376187890768051
1980-02-11,0.2311382740736007
1980-02-12,0.2311382740736007
1980-02-13,0.2289781123399734
1980-02-14,0.2289781123399734
1980-02-15,0.2268179953098297
1980-02-19,0.2246577590703964
1980-02-20,0.2203374058008194
1980-02-21,0.2246577590703964
1980-02-22,0.2224976867437362
1980-02-25,0.2181774079799652
1980-02-26,0.2203374058008194
1980-02-27,0.2203374058008194
1980-02-28,0.2203374058008194
1980-02-29,0.2289781123399734
1980-03-03,0.2311382740736007
1980-03-04,0.2289781123399734
1980-03-05,0.2181774079799652
1980-03-06,0.2116967886686325
1980-03-07,0.2116967886686325
1980-03-10,0.2116967886686325
1980-03-11,0.2160170972347259
1980-03-12,0.213857039809227
1980-03-13,0.2181774079799652
1980-03-14,0.2181774079799652
1980-03-17,0.213857039809227
1980-03-18,0.2160170972347259
1980-03-19,0.2116967886686325
1980-03-20,0.2073763012886047
1980-03-21,0.2030560672283172
1980-03-24,0.1944153308868408
1980-03-25,0.2008958905935287
1980-03-26,0.2052162885665893
1980-03-27,0.2030560672283172
1980-03-28,0.2030560672283172
1980-03-31,0.2008958905935287
1980-04-01,0.2052162885665893
1980-04-02,0.1987355947494506
1980-04-03,0.1987355947494506
1980-04-07,0.1965757459402084
1980-04-08,0.213857039809227
1980-04-09,0.2160170972347259
1980-04-10,0.213857039809227
1980-04-11,0.213857039809227
1980-04-14,0.213857039809227
1980-04-15,0.2224976867437362
1980-04-16,0.2116967886686325
1980-04-17,0.2160170972347259
1980-04-18,0.2160170972347259
1980-04-21,0.2097467929124832
1980-04-22,0.2252017557621002
1980-04-23,0.2252017557621002
1980-04-24,0.2229940742254257
1980-04-25,0.2163703888654709
1980-04-28,0.2229940742254257
1980-04-29,0.2229940742254257
1980-04-30,0.2229940742254257
1980-05-01,0.2229940742254257
1980-05-02,0.2185783088207245
1980-05-05,0.2340332567691803
1980-05-06,0.2428646385669708
1980-05-07,0.2561118006706238
1980-05-08,0.2539041042327881
1980-05-09,0.2539041042327881
1980-05-12,0.2472803145647049
1980-05-13,0.2494883984327316
1980-05-14,0.2539041042327881
1980-05-15,0.2605275809764862
1980-05-16,0.2649433016777038
1980-05-19,0.2627352178096771
1980-05-20,0.2605275809764862
1980-05-21,0.2539041042327881
1980-05-22,0.2583197355270386
1980-05-23,0.2605275809764862
1980-05-27,0.2605275809764862
1980-05-28,0.2627352178096771
1980-05-29,0.2583197355270386
1980-05-30,0.2583197355270386
1980-06-02,0.2539041042327881
1980-06-03,0.2539041042327881
1980-06-04,0.2561118006706238
1980-06-05,0.2561118006706238
1980-06-06,0.2539041042327881
1980-06-09,0.2516959905624389
1980-06-10,0.2494883984327316
1980-06-11,0.2494883984327316
1980-06-12,0.2494883984327316
1980-06-13,0.2472803145647049
1980-06-16,0.2472803145647049
1980-06-17,0.2472803145647049
1980-06-18,0.2450726181268692
1980-06-19,0.2384487837553024
1980-06-20,0.2362411171197891
1980-06-23,0.2428646385669708
1980-06-24,0.2516959905624389
1980-06-25,0.2561118006706238
1980-06-26,0.2516959905624389
1980-06-27,0.2516959905624389
1980-06-30,0.2472803145647049
1980-07-01,0.2472803145647049
1980-07-02,0.2627352178096771
1980-07-03,0.2759825885295868
1980-07-07,0.273774653673172
1980-07-08,0.2693589329719543
1980-07-09,0.2693589329719543
1980-07-10,0.2715671062469482
1980-07-11,0.2759825885295868
1980-07-14,0.273774653673172
1980-07-15,0.273774653673172
1980-07-16,0.273774653673172
1980-07-17,0.2759825885295868
1980-07-18,0.2803983688354492
1980-07-21,0.2807576358318329
1980-07-22,0.271773487329483
1980-07-23,0.2695273160934448
1980-07-24,0.271773487329483
1980-07-25,0.2672812640666961
1980-07-28,0.2650352418422699
1980-07-29,0.2672812640666961
1980-07-30,0.2650352418422699
1980-07-31,0.2672812640666961
1980-08-01,0.2695273160934448
1980-08-04,0.2785115242004394
1980-08-05,0.2785115242004394
1980-08-06,0.271773487329483
1980-08-07,0.274019330739975
1980-08-08,0.276265799999237
1980-08-11,0.2785115242004394
1980-08-12,0.274019330739975
1980-08-13,0.2695273160934448
1980-08-14,0.271773487329483
1980-08-15,0.271773487329483
1980-08-18,0.2627891898155212
1980-08-19,0.2695273160934448
1980-08-20,0.2785115242004394
1980-08-21,0.2874957919120788
1980-08-22,0.2874957919120788
1980-08-25,0.2830037772655487
1980-08-26,0.2807576358318329
1980-08-27,0.2785115242004394
1980-08-28,0.271773487329483
1980-08-29,0.276265799999237
1980-09-02,0.276265799999237
1980-09-03,0.2785115242004394
1980-09-04,0.276265799999237
1980-09-05,0.276265799999237
1980-09-08,0.274019330739975
1980-09-09,0.2785115242004394
1980-09-10,0.2964799106121063
1980-09-11,0.3099563419818878
1980-09-12,0.3077104687690735
1980-09-15,0.3054641783237457
1980-09-16,0.2987262904644012
1980-09-17,0.3009722828865051
1980-09-18,0.3009722828865051
1980-09-19,0.2987262904644012
1980-09-22,0.2964799106121063
1980-09-23,0.2897419929504394
1980-09-24,0.2942341566085815
1980-09-25,0.2919880151748657
1980-09-26,0.2897419929504394
1980-09-29,0.2807576358318329
1980-09-30,0.2852499186992645
1980-10-01,0.2852499186992645
1980-10-02,0.2830037772655487
1980-10-03,0.2942341566085815
1980-10-06,0.2919880151748657
1980-10-07,0.2852499186992645
1980-10-08,0.2874957919120788
1980-10-09,0.2830037772655487
1980-10-10,0.2807576358318329
1980-10-13,0.2830037772655487
1980-10-14,0.2852499186992645
1980-10-15,0.2852499186992645
1980-10-16,0.2807576358318329
1980-10-17,0.2807576358318329
1980-10-20,0.2807576358318329
1980-10-21,0.2767325341701507
1980-10-22,0.2744453847408294
1980-10-23,0.2675842344760895
1980-10-24,0.2652972340583801
1980-10-27,0.2652972340583801
1980-10-28,0.2652972340583801
1980-10-29,0.2630102634429931
1980-10-30,0.2561491131782532
1980-10-31,0.2652972340583801
1980-11-03,0.2584363222122192
1980-11-05,0.251574844121933
1980-11-06,0.2470007538795471
1980-11-07,0.251574844121933
1980-11-10,0.2538619935512543
1980-11-11,0.2561491131782532
1980-11-12,0.2584363222122192
1980-11-13,0.2607230544090271
1980-11-14,0.2584363222122192
1980-11-17,0.2607230544090271
1980-11-18,0.2721582353115082
1980-11-19,0.2721582353115082
1980-11-20,0.2675842344760895
1980-11-21,0.2630102634429931
1980-11-24,0.2561491131782532
1980-11-25,0.2584363222122192
1980-11-26,0.251574844121933
1980-11-28,0.251574844121933
1980-12-01,0.2447137981653213
1980-12-02,0.2447137981653213
1980-12-03,0.251574844121933
1980-12-04,0.2561491131782532
1980-12-05,0.2538619935512543
1980-12-08,0.242426797747612
1980-12-09,0.242426797747612
1980-12-10,0.242426797747612
1980-12-11,0.242426797747612
1980-12-12,0.2401398867368698
1980-12-15,0.2378525733947754
1980-12-16,0.2401398867368698
1980-12-17,0.2401398867368698
1980-12-18,0.2470007538795471
1980-12-19,0.251574844121933
1980-12-22,0.2584363222122192
1980-12-23,0.2607230544090271
1980-12-24,0.2607230544090271
1980-12-26,0.2584363222122192
1980-12-29,0.2675842344760895
1980-12-30,0.2698714137077331
1980-12-31,0.2675842344760895
1981-01-02,0.2721582353115082
1981-01-05,0.2904548346996307
1981-01-06,0.2881675958633423
1981-01-07,0.2790194451808929
1981-01-08,0.2721582353115082
1981-01-09,0.2744453847408294
1981-01-12,0.2790194451808929
1981-01-13,0.2790194451808929
1981-01-14,0.2767325341701507
1981-01-15,0.2767325341701507
1981-01-16,0.2767325341701507
1981-01-19,0.2767325341701507
1981-01-20,0.2749615907669067
1981-01-21,0.2703012228012085
1981-01-22,0.2726313471794128
1981-01-23,0.2703012228012085
1981-01-26,0.2749615907669067
1981-01-27,0.2749615907669067
1981-01-28,0.2749615907669067
1981-01-29,0.2726313471794128
1981-01-30,0.2726313471794128
1981-02-02,0.2703012228012085
1981-02-03,0.2679710686206817
1981-02-04,0.2703012228012085
1981-02-05,0.2749615907669067
1981-02-06,0.2726313471794128
1981-02-09,0.2703012228012085
1981-02-10,0.2703012228012085
1981-02-11,0.2679710686206817
1981-02-12,0.2679710686206817
1981-02-13,0.2679710686206817
1981-02-17,0.2703012228012085
1981-02-18,0.2726313471794128
1981-02-19,0.2726313471794128
1981-02-20,0.2703012228012085
1981-02-23,0.263310819864273
1981-02-24,0.2772917151451111
1981-02-25,0.2772917151451111
1981-02-26,0.2819522023200989
1981-02-27,0.2936030924320221
1981-03-02,0.2959330976009369
1981-03-03,0.2912729382514953
1981-03-04,0.2959330976009369
1981-03-05,0.3099143207073211
1981-03-06,0.3075840175151825
1981-03-09,0.3052541613578796
1981-03-10,0.2936030924320221
1981-03-11,0.2936030924320221
1981-03-12,0.2982631623744964
1981-03-13,0.3005934953689575
1981-03-16,0.3075840175151825
1981-03-17,0.3075840175151825
1981-03-18,0.3122444152832031
1981-03-19,0.3169048726558685
1981-03-20,0.32156503200531
1981-03-23,0.32156503200531
1981-03-24,0.3122444152832031
1981-03-25,0.3145748972892761
1981-03-26,0.3099143207073211
1981-03-27,0.3029235899448395
1981-03-30,0.2982631623744964
1981-03-31,0.2982631623744964
1981-04-01,0.3029235899448395
1981-04-02,0.3029235899448395
1981-04-03,0.2982631623744964
1981-04-06,0.2912729382514953
1981-04-07,0.2936030924320221
1981-04-08,0.3052541613578796
1981-04-09,0.3192351758480072
1981-04-10,0.3099143207073211
1981-04-13,0.3122444152832031
1981-04-14,0.3122444152832031
1981-04-15,0.3262256383895874
1981-04-16,0.323895514011383
1981-04-20,0.3315685391426086
1981-04-21,0.3292004466056824
1981-04-22,0.3268316388130188
1981-04-23,0.3268316388130188
1981-04-24,0.3457789123058319
1981-04-27,0.3410422503948211
1981-04-28,0.3339371979236603
1981-04-29,0.3315685391426086
1981-04-30,0.3363054990768432
1981-05-01,0.3363054990768432
1981-05-04,0.3268316388130188
1981-05-05,0.3220954537391662
1981-05-06,0.317358523607254
1981-05-07,0.3244637250900268
1981-05-08,0.3197270631790161
1981-05-11,0.3055169582366943
1981-05-12,0.3078852593898773
1981-05-13,0.3078852593898773
1981-05-14,0.3055169582366943
1981-05-15,0.3078852593898773
1981-05-18,0.317358523607254
1981-05-19,0.3149906098842621
1981-05-20,0.3244637250900268
1981-05-21,0.3292004466056824
1981-05-22,0.3339371979236603
1981-05-26,0.3315685391426086
1981-05-27,0.3292004466056824
1981-05-28,0.3315685391426086
1981-05-29,0.3292004466056824
1981-06-01,0.3268316388130188
1981-06-02,0.3244637250900268
1981-06-03,0.3244637250900268
1981-06-04,0.3244637250900268
1981-06-05,0.3268316388130188
1981-06-08,0.3220954537391662
1981-06-09,0.3149906098842621
1981-06-10,0.3220954537391662
1981-06-11,0.3244637250900268
1981-06-12,0.3244637250900268
1981-06-15,0.3292004466056824
1981-06-16,0.3268316388130188
1981-06-17,0.3220954537391662
1981-06-18,0.3197270631790161
1981-06-19,0.3220954537391662
1981-06-22,0.3244637250900268
1981-06-23,0.3434108197689056
1981-06-24,0.3410422503948211
1981-06-25,0.3315685391426086
1981-06-26,0.3292004466056824
1981-06-29,0.3244637250900268
1981-06-30,0.3220954537391662
1981-07-01,0.3197270631790161
1981-07-02,0.317358523607254
1981-07-06,0.3149906098842621
1981-07-07,0.317358523607254
1981-07-08,0.3149906098842621
1981-07-09,0.317358523607254
1981-07-10,0.3149906098842621
1981-07-13,0.3102538585662842
1981-07-14,0.3126221001148224
1981-07-15,0.3126221001148224
1981-07-16,0.3126221001148224
1981-07-17,0.3126221001148224
1981-07-20,0.3083816766738891
1981-07-21,0.2987447679042816
1981-07-22,0.2987447679042816
1981-07-23,0.2963357269763946
1981-07-24,0.2963357269763946
1981-07-27,0.3035633862018585
1981-07-28,0.3011539876461029
1981-07-29,0.3011539876461029
1981-07-30,0.2987447679042816
1981-07-31,0.2987447679042816
1981-08-03,0.2915170788764953
1981-08-04,0.2915170788764953
1981-08-05,0.2939264476299286
1981-08-06,0.2963357269763946
1981-08-07,0.2939264476299286
1981-08-10,0.2915170788764953
1981-08-11,0.2939264476299286
1981-08-12,0.2915170788764953
1981-08-13,0.2939264476299286
1981-08-14,0.2891079783439636
1981-08-17,0.2842893600463867
1981-08-18,0.2842893600463867
1981-08-19,0.2939264476299286
1981-08-20,0.2915170788764953
1981-08-21,0.2915170788764953
1981-08-24,0.2866988480091095
1981-08-25,0.2794709503650665
1981-08-26,0.2818800806999206
1981-08-27,0.2818800806999206
1981-08-28,0.2794709503650665
1981-08-31,0.2746523916721344
1981-09-01,0.2794709503650665
1981-09-02,0.2770618796348572
1981-09-03,0.2722433507442474
1981-09-04,0.2698340713977813
1981-09-08,0.2698340713977813
1981-09-09,0.2746523916721344
1981-09-10,0.2722433507442474
1981-09-11,0.2722433507442474
1981-09-14,0.2770618796348572
1981-09-15,0.2794709503650665
1981-09-16,0.2794709503650665
1981-09-17,0.2842893600463867
1981-09-18,0.2939264476299286
1981-09-21,0.2987447679042816
1981-09-22,0.2963357269763946
1981-09-23,0.3107910454273224
1981-09-24,0.3059727549552917
1981-09-25,0.2866988480091095
1981-09-28,0.2939264476299286
1981-09-29,0.2915170788764953
1981-09-30,0.2939264476299286
1981-10-01,0.2963357269763946
1981-10-02,0.3035633862018585
1981-10-05,0.2963357269763946
1981-10-06,0.2939264476299286
1981-10-07,0.2963357269763946
1981-10-08,0.2987447679042816
1981-10-09,0.2939264476299286
1981-10-12,0.2915170788764953
1981-10-13,0.2866988480091095
1981-10-14,0.2866988480091095
1981-10-15,0.2866988480091095
1981-10-16,0.2939264476299286
1981-10-19,0.2963357269763946
1981-10-20,0.2948614358901977
1981-10-21,0.2874896824359894
1981-10-22,0.299775630235672
1981-10-23,0.2899469137191772
1981-10-26,0.2899469137191772
1981-10-27,0.2899469137191772
1981-10-28,0.299775630235672
1981-10-29,0.2973185181617737
1981-10-30,0.299775630235672
1981-11-02,0.3096044659614563
1981-11-03,0.304689884185791
1981-11-04,0.304689884185791
1981-11-05,0.3022329211235046
1981-11-06,0.304689884185791
1981-11-09,0.3096044659614563
1981-11-10,0.3071470558643341
1981-11-11,0.3071470558643341
1981-11-12,0.3071470558643341
1981-11-13,0.304689884185791
1981-11-16,0.3022329211235046
1981-11-17,0.3071470558643341
1981-11-18,0.2973185181617737
1981-11-19,0.299775630235672
1981-11-20,0.299775630235672
1981-11-23,0.2973185181617737
1981-11-24,0.299775630235672
1981-11-25,0.304689884185791
1981-11-27,0.3071470558643341
1981-11-30,0.3071470558643341
1981-12-01,0.304689884185791
1981-12-02,0.3022329211235046
1981-12-03,0.3169759809970855
1981-12-04,0.3169759809970855
1981-12-07,0.3120618760585785
1981-12-08,0.3169759809970855
1981-12-09,0.3194329440593719
1981-12-10,0.3218903839588165
1981-12-11,0.3194329440593719
1981-12-14,0.3145186007022857
1981-12-15,0.3145186007022857
1981-12-16,0.3145186007022857
1981-12-17,0.3145186007022857
1981-12-18,0.3194329440593719
1981-12-21,0.3169759809970855
1981-12-22,0.3194329440593719
1981-12-23,0.3145186007022857
1981-12-24,0.3218903839588165
1981-12-28,0.3341761231422424
1981-12-29,0.3268048167228699
1981-12-30,0.32434743642807
1981-12-31,0.329261839389801
1982-01-04,0.329261839389801
1982-01-05,0.3268048167228699
1982-01-06,0.3218903839588165
1982-01-07,0.3218903839588165
1982-01-08,0.3268048167228699
1982-01-11,0.3218903839588165
1982-01-12,0.32434743642807
1982-01-13,0.3218903839588165
1982-01-14,0.3218903839588165
1982-01-15,0.3194329440593719
1982-01-18,0.329261839389801
1982-01-19,0.3227567076683044
1982-01-20,0.3327647149562835
1982-01-21,0.3377684652805328
1982-01-22,0.3327647149562835
1982-01-25,0.335266500711441
1982-01-26,0.3327647149562835
1982-01-27,0.3327647149562835
1982-01-28,0.335266500711441
1982-01-29,0.3402706682682037
1982-02-01,0.3327647149562835
1982-02-02,0.3402706682682037
1982-02-03,0.3527806401252746
1982-02-04,0.3552824556827545
1982-02-05,0.3627886772155761
1982-02-08,0.3552824556827545
1982-02-09,0.3527806401252746
1982-02-10,0.3577843308448791
1982-02-11,0.3502784967422485
1982-02-12,0.3527806401252746
1982-02-16,0.3527806401252746
1982-02-17,0.3577843308448791
1982-02-18,0.3552824556827545
1982-02-19,0.3527806401252746
1982-02-22,0.3477763533592224
1982-02-23,0.3477763533592224
1982-02-24,0.3527806401252746
1982-02-25,0.3602866530418396
1982-02-26,0.3552824556827545
1982-03-01,0.3602866530418396
1982-03-02,0.3602866530418396
1982-03-03,0.3727965056896209
1982-03-04,0.3727965056896209
1982-03-05,0.3652903139591217
1982-03-08,0.3527806401252746
1982-03-09,0.3627886772155761
1982-03-10,0.3502784967422485
1982-03-11,0.3552824556827545
1982-03-12,0.3477763533592224
1982-03-15,0.3402706682682037
1982-03-16,0.3452742099761963
1982-03-17,0.3577843308448791
1982-03-18,0.3627886772155761
1982-03-19,0.3627886772155761
1982-03-22,0.3702944219112396
1982-03-23,0.3652903139591217
1982-03-24,0.3627886772155761
1982-03-25,0.3602866530418396
1982-03-26,0.3602866530418396
1982-03-29,0.367792397737503
1982-03-30,0.3627886772155761
1982-03-31,0.3652903139591217
1982-04-01,0.3752984702587127
1982-04-02,0.3702944219112396
1982-04-05,0.3752984702587127
1982-04-06,0.380302369594574
1982-04-07,0.3752984702587127
1982-04-08,0.3778004050254822
1982-04-12,0.3778004050254822
1982-04-13,0.3752984702587127
1982-04-14,0.3702944219112396
1982-04-15,0.3702944219112396
1982-04-16,0.3702944219112396
1982-04-19,0.380302369594574
1982-04-20,0.3711506724357605
1982-04-21,0.3736930787563324
1982-04-22,0.3762347996234894
1982-04-23,0.3813192844390869
1982-04-26,0.3864034116268158
1982-04-27,0.3864034116268158
1982-04-28,0.3787769675254822
1982-04-29,0.3736930787563324
1982-04-30,0.3736930787563324
1982-05-03,0.3736930787563324
1982-05-04,0.3762347996234894
1982-05-05,0.3686088621616363
1982-05-06,0.3762347996234894
1982-05-07,0.3711506724357605
1982-05-10,0.3686088621616363
1982-05-11,0.3660664558410644
1982-05-12,0.3635246157646179
1982-05-13,0.3635246157646179
1982-05-14,0.3635246157646179
1982-05-17,0.3609820902347564
1982-05-18,0.3609820902347564
1982-05-19,0.3558977544307709
1982-05-20,0.3533557057380676
1982-05-21,0.3533557057380676
1982-05-24,0.3558977544307709
1982-05-25,0.3508135378360748
1982-05-26,0.3482715487480163
1982-05-27,0.3508135378360748
1982-05-28,0.3558977544307709
1982-06-01,0.3508135378360748
1982-06-02,0.3558977544307709
1982-06-03,0.3558977544307709
1982-06-04,0.3457292318344116
1982-06-07,0.3355607986450195
1982-06-08,0.3381031155586242
1982-06-09,0.3406450748443603
1982-06-10,0.3482715487480163
1982-06-11,0.3558977544307709
1982-06-14,0.3558977544307709
1982-06-15,0.3533557057380676
1982-06-16,0.3558977544307709
1982-06-17,0.3508135378360748
1982-06-18,0.3482715487480163
1982-06-21,0.3381031155586242
1982-06-22,0.3508135378360748
1982-06-23,0.3482715487480163
1982-06-24,0.3558977544307709
1982-06-25,0.3533557057380676
1982-06-28,0.3533557057380676
1982-06-29,0.3533557057380676
1982-06-30,0.3431872725486755
1982-07-01,0.3482715487480163
1982-07-02,0.3482715487480163
1982-07-06,0.3482715487480163
1982-07-07,0.3482715487480163
1982-07-08,0.3457292318344116
1982-07-09,0.3406450748443603
1982-07-12,0.3508135378360748
1982-07-13,0.3533557057380676
1982-07-14,0.3508135378360748
1982-07-15,0.3508135378360748
1982-07-16,0.3584400713443756
1982-07-19,0.3660664558410644
1982-07-20,0.3722709417343139
1982-07-21,0.3696860074996948
1982-07-22,0.3696860074996948
1982-07-23,0.3671004474163055
1982-07-26,0.3593447804450989
1982-07-27,0.3645153045654297
1982-07-28,0.3619299530982971
1982-07-29,0.3567594885826111
1982-07-30,0.3490040600299835
1982-08-02,0.3490040600299835
1982-08-03,0.3567594885826111
1982-08-04,0.3490040600299835
1982-08-05,0.3464187383651733
1982-08-06,0.3490040600299835
1982-08-09,0.3515890836715698
1982-08-10,0.3438336551189422
1982-08-11,0.3360779583454132
1982-08-12,0.3360779583454132
1982-08-13,0.3360779583454132
1982-08-16,0.3360779583454132
1982-08-17,0.3593447804450989
1982-08-18,0.3464187383651733
1982-08-19,0.3541744649410248
1982-08-20,0.3567594885826111
1982-08-23,0.3696860074996948
1982-08-24,0.3722709417343139
1982-08-25,0.3748564422130584
1982-08-26,0.3800268173217773
1982-08-27,0.3722709417343139
1982-08-30,0.37744140625
1982-08-31,0.3826116621494293
1982-09-01,0.3851968646049499
1982-09-02,0.3877822458744049
1982-09-03,0.3903674185276031
1982-09-07,0.392952561378479
1982-09-08,0.3955380022525787
1982-09-09,0.3903674185276031
1982-09-10,0.3903674185276031
1982-09-13,0.392952561378479
1982-09-14,0.3903674185276031
1982-09-15,0.392952561378479
1982-09-16,0.392952561378479
1982-09-17,0.392952561378479
1982-09-20,0.3903674185276031
1982-09-21,0.3903674185276031
1982-09-22,0.392952561378479
1982-09-23,0.3877822458744049
1982-09-24,0.3877822458744049
1982-09-27,0.3903674185276031
1982-09-28,0.392952561378479
1982-09-29,0.392952561378479
1982-09-30,0.3955380022525787
1982-10-01,0.4058787226676941
1982-10-04,0.4007082879543304
1982-10-05,0.4032934010028839
1982-10-06,0.4136343598365783
1982-10-07,0.4291457235813141
1982-10-08,0.4265606105327606
1982-10-11,0.4343161880970001
1982-10-12,0.4265606105327606
1982-10-13,0.4317310452461242
1982-10-14,0.4265606105327606
1982-10-15,0.4265606105327606
1982-10-18,0.4369015693664551
1982-10-19,0.4353279173374176
1982-10-20,0.4379505515098572
1982-10-21,0.4379505515098572
1982-10-22,0.4300827085971832
1982-10-25,0.4222157299518585
1982-10-26,0.4195928275585174
1982-10-27,0.4169707894325256
1982-10-28,0.4195928275585174
1982-10-29,0.4222157299518585
1982-11-01,0.4195928275585174
1982-11-02,0.4379505515098572
1982-11-03,0.4510625898838043
1982-11-04,0.4379505515098572
1982-11-05,0.4484398663043976
1982-11-08,0.4510625898838043
1982-11-09,0.4615521430969238
1982-11-10,0.4641748070716858
1982-11-11,0.4667976498603821
1982-11-12,0.4667976498603821
1982-11-15,0.4615521430969238
1982-11-16,0.4458174109458923
1982-11-17,0.4458174109458923
1982-11-18,0.4379505515098572
1982-11-19,0.4353279173374176
1982-11-22,0.4274605810642242
1982-11-23,0.4379505515098572
1982-11-24,0.4353279173374176
1982-11-26,0.4379505515098572
1982-11-29,0.4169707894325256
1982-11-30,0.4353279173374176
1982-12-01,0.4379505515098572
1982-12-02,0.4405729174613952
1982-12-03,0.4431952834129333
1982-12-06,0.453685313463211
1982-12-07,0.4667976498603821
1982-12-08,0.45630744099617
1982-12-09,0.4300827085971832
1982-12-10,0.4300827085971832
1982-12-13,0.4353279173374176
1982-12-14,0.4117258489131927
1982-12-15,0.4038582742214203
1982-12-16,0.4038582742214203
1982-12-17,0.4195928275585174
1982-12-20,0.4195928275585174
1982-12-21,0.4222157299518585
1982-12-22,0.4169707894325256
1982-12-23,0.4038582742214203
1982-12-27,0.4143480360507965
1982-12-28,0.4143480360507965
1982-12-29,0.4117258489131927
1982-12-30,0.406480997800827
1982-12-31,0.4117258489131927
1983-01-03,0.4038582742214203
1983-01-04,0.4195928275585174
1983-01-05,0.406480997800827
1983-01-06,0.409103125333786
1983-01-07,0.406480997800827
1983-01-10,0.4169707894325256
1983-01-11,0.4195928275585174
1983-01-12,0.4222157299518585
1983-01-13,0.4169707894325256
1983-01-14,0.4274605810642242
1983-01-17,0.4405729174613952
1983-01-18,0.4431952834129333
1983-01-19,0.4522396922111511
1983-01-20,0.4362782835960388
1983-01-21,0.4229775667190552
1983-01-24,0.414996474981308
1983-01-25,0.420316994190216
1983-01-26,0.414996474981308
1983-01-27,0.4256375730037689
1983-01-28,0.4229775667190552
1983-01-31,0.420316994190216
1983-02-01,0.4176570177078247
1983-02-02,0.4176570177078247
1983-02-03,0.414996474981308
1983-02-04,0.4256375730037689
1983-02-07,0.4309581816196441
1983-02-08,0.420316994190216
1983-02-09,0.414996474981308
1983-02-10,0.420316994190216
1983-02-11,0.420316994190216
1983-02-14,0.4176570177078247
1983-02-15,0.420316994190216
1983-02-16,0.420316994190216
1983-02-17,0.4176570177078247
1983-02-18,0.4229775667190552
1983-02-22,0.4070158898830414
1983-02-23,0.414996474981308
1983-02-24,0.4282980263233185
1983-02-25,0.4309581816196441
1983-02-28,0.4282980263233185
1983-03-01,0.4362782835960388
1983-03-02,0.4362782835960388
1983-03-03,0.4282980263233185
1983-03-04,0.4282980263233185
1983-03-07,0.4256375730037689
1983-03-08,0.4256375730037689
1983-03-09,0.4282980263233185
1983-03-10,0.4229775667190552
1983-03-11,0.4256375730037689
1983-03-14,0.4229775667190552
1983-03-15,0.4469196796417236
1983-03-16,0.4548999667167663
1983-03-17,0.4602211117744446
1983-03-18,0.4628809988498688
1983-03-21,0.4602211117744446
1983-03-22,0.4682014286518097
1983-03-23,0.4815026819705963
1983-03-24,0.4921440780162811
1983-03-25,0.4841625690460205
1983-03-28,0.4841625690460205
1983-03-29,0.4868232011795044
1983-03-30,0.4868232011795044
1983-03-31,0.4815026819705963
1983-04-04,0.4815026819705963
1983-04-05,0.4788421392440796
1983-04-06,0.4708615243434906
1983-04-07,0.4788421392440796
1983-04-08,0.4868232011795044
1983-04-11,0.4948034286499023
1983-04-12,0.4921440780162811
1983-04-13,0.4894833862781524
1983-04-14,0.4974640011787414
1983-04-15,0.4948034286499023
1983-04-18,0.4974640011787414
1983-04-19,0.4962775111198425
1983-04-20,0.4962775111198425
1983-04-21,0.4908826947212219
1983-04-22,0.5016712546348572
1983-04-25,0.5043688416481018
1983-04-26,0.5151575207710266
1983-04-27,0.5286430716514587
1983-04-28,0.547523021697998
1983-04-29,0.5340375304222107
1983-05-02,0.512460470199585
1983-05-03,0.5151575207710266
1983-05-04,0.5097628831863403
1983-05-05,0.512460470199585
1983-05-06,0.5097628831863403
1983-05-09,0.512460470199585
1983-05-10,0.512460470199585
1983-05-11,0.5070654153823853
1983-05-12,0.5070654153823853
1983-05-13,0.4989749491214752
1983-05-16,0.488185703754425
1983-05-17,0.4962775111198425
1983-05-18,0.4908826947212219
1983-05-19,0.4854884147644043
1983-05-20,0.4827913343906402
1983-05-23,0.4800944924354553
1983-05-24,0.4800944924354553
1983-05-25,0.4962775111198425
1983-05-26,0.4854884147644043
1983-05-27,0.4908826947212219
1983-05-31,0.4989749491214752
1983-06-01,0.4962775111198425
1983-06-02,0.4908826947212219
1983-06-03,0.4962775111198425
1983-06-06,0.5070654153823853
1983-06-07,0.4962775111198425
1983-06-08,0.4800944924354553
1983-06-09,0.4800944924354553
1983-06-10,0.4800944924354553
1983-06-13,0.4773969054222107
1983-06-14,0.4773969054222107
1983-06-15,0.4773969054222107
1983-06-16,0.4827913343906402
1983-06-17,0.4746997952461242
1983-06-20,0.4720026552677154
1983-06-21,0.4935800433158874
1983-06-22,0.4908826947212219
1983-06-23,0.4962775111198425
1983-06-24,0.4989749491214752
1983-06-27,0.4908826947212219
1983-06-28,0.488185703754425
1983-06-29,0.4962775111198425
1983-06-30,0.4989749491214752
1983-07-01,0.4962775111198425
1983-07-05,0.488185703754425
1983-07-06,0.4854884147644043
1983-07-07,0.4773969054222107
1983-07-08,0.4773969054222107
1983-07-11,0.4800944924354553
1983-07-12,0.4854884147644043
1983-07-13,0.4962775111198425
1983-07-14,0.4935800433158874
1983-07-15,0.4854884147644043
1983-07-18,0.4827913343906402
1983-07-19,0.4788510501384735
1983-07-20,0.4788510501384735
1983-07-21,0.4788510501384735
1983-07-22,0.4761148989200592
1983-07-25,0.495268851518631
1983-07-26,0.4843235313892364
1983-07-27,0.4788510501384735
1983-07-28,0.4733788669109344
1983-07-29,0.4706422686576843
1983-08-01,0.4679058194160461
1983-08-02,0.4596972167491913
1983-08-03,0.4624333679676056
1983-08-04,0.4569609463214874
1983-08-05,0.4514883160591125
1983-08-08,0.4460159242153168
1983-08-09,0.4596972167491913
1983-08-10,0.4514883160591125
1983-08-11,0.4651695191860199
1983-08-12,0.4733788669109344
1983-08-15,0.4788510501384735
1983-08-16,0.4651695191860199
1983-08-17,0.4596972167491913
1983-08-18,0.4514883160591125
1983-08-19,0.4514883160591125
1983-08-22,0.454224556684494
1983-08-23,0.4514883160591125
1983-08-24,0.4514883160591125
1983-08-25,0.4624333679676056
1983-08-26,0.4624333679676056
1983-08-29,0.4624333679676056
1983-08-30,0.4679058194160461
1983-08-31,0.4706422686576843
1983-09-01,0.4596972167491913
1983-09-02,0.4596972167491913
1983-09-06,0.4679058194160461
1983-09-07,0.4733788669109344
1983-09-08,0.4815873205661773
1983-09-09,0.4815873205661773
1983-09-12,0.4706422686576843
1983-09-13,0.4733788669109344
1983-09-14,0.4843235313892364
1983-09-15,0.4815873205661773
1983-09-16,0.4897962212562561
1983-09-19,0.495268851518631
1983-09-20,0.514422595500946
1983-09-21,0.5226320028305054
1983-09-22,0.514422595500946
1983-09-23,0.5034780502319336
1983-09-26,0.514422595500946
1983-09-27,0.5089499950408936
1983-09-28,0.5034780502319336
1983-09-29,0.5089499950408936
1983-09-30,0.514422595500946
1983-10-03,0.5171591639518738
1983-10-04,0.5253678560256958
1983-10-05,0.5308401584625244
1983-10-06,0.5363131761550903
1983-10-07,0.5390499234199524
1983-10-10,0.544522225856781
1983-10-11,0.5281043648719788
1983-10-12,0.5226320028305054
1983-10-13,0.5308401584625244
1983-10-14,0.544522225856781
1983-10-17,0.544522225856781
1983-10-18,0.5363131761550903
1983-10-19,0.5323209166526794
1983-10-20,0.5295485258102417
1983-10-21,0.5184585452079773
1983-10-24,0.5156856775283813
1983-10-25,0.5156856775283813
1983-10-26,0.5101408958435059
1983-10-27,0.5129139423370361
1983-10-28,0.5073684453964233
1983-10-31,0.5156856775283813
1983-11-01,0.5323209166526794
1983-11-02,0.5323209166526794
1983-11-03,0.5240035653114319
1983-11-04,0.5212306976318359
1983-11-07,0.5129139423370361
1983-11-08,0.5156856775283813
1983-11-09,0.5156856775283813
1983-11-10,0.5073684453964233
1983-11-11,0.5045958757400513
1983-11-14,0.5212306976318359
1983-11-15,0.5212306976318359
1983-11-16,0.5212306976318359
1983-11-17,0.5295485258102417
1983-11-18,0.5295485258102417
1983-11-21,0.5267758965492249
1983-11-22,0.5295485258102417
1983-11-23,0.5267758965492249
1983-11-25,0.5267758965492249
1983-11-28,0.5156856775283813
1983-11-29,0.5267758965492249
1983-11-30,0.5240035653114319
1983-12-01,0.5184585452079773
1983-12-02,0.5073684453964233
1983-12-05,0.5045958757400513
1983-12-06,0.5156856775283813
1983-12-07,0.5018235445022583
1983-12-08,0.5018235445022583
1983-12-09,0.4907332062721252
1983-12-12,0.4824157059192657
1983-12-13,0.4740982949733734
1983-12-14,0.4713256359100342
1983-12-15,0.4824157059192657
1983-12-16,0.4824157059192657
1983-12-19,0.4907332062721252
1983-12-20,0.485188215970993
1983-12-21,0.485188215970993
1983-12-22,0.485188215970993
1983-12-23,0.485188215970993
1983-12-27,0.485188215970993
1983-12-28,0.4824157059192657
1983-12-29,0.4796437323093414
1983-12-30,0.4768706262111664
1984-01-03,0.4768706262111664
1984-01-04,0.4935057759284973
1984-01-05,0.5073684453964233
1984-01-06,0.499050885438919
1984-01-09,0.4907332062721252
1984-01-10,0.5018235445022583
1984-01-11,0.5045958757400513
1984-01-12,0.5045958757400513
1984-01-13,0.5045958757400513
1984-01-16,0.5073684453964233
1984-01-17,0.5073684453964233
1984-01-18,0.5045958757400513
1984-01-19,0.4977345168590545
1984-01-20,0.4977345168590545
1984-01-23,0.4921103119850158
1984-01-24,0.4921103119850158
1984-01-25,0.4864867031574249
1984-01-26,0.4836741685867309
1984-01-27,0.4836741685867309
1984-01-30,0.478049635887146
1984-01-31,0.4808618724346161
1984-02-01,0.4808618724346161
1984-02-02,0.4808618724346161
1984-02-03,0.4864867031574249
1984-02-06,0.4836741685867309
1984-02-07,0.4949224293231964
1984-02-08,0.4752378761768341
1984-02-09,0.4668017923831939
1984-02-10,0.4724258184432983
1984-02-13,0.4696140587329864
1984-02-14,0.4836741685867309
1984-02-15,0.4836741685867309
1984-02-16,0.4808618724346161
1984-02-17,0.4808618724346161
1984-02-21,0.4892978966236114
1984-02-22,0.5089825391769409
1984-02-23,0.5342912077903748
1984-02-24,0.5258550643920898
1984-02-27,0.5146065950393677
1984-02-28,0.5146065950393677
1984-02-29,0.5230429768562317
1984-03-01,0.5146065950393677
1984-03-02,0.5174186825752258
1984-03-05,0.5117946863174438
1984-03-06,0.5230429768562317
1984-03-07,0.5258550643920898
1984-03-08,0.5342912077903748
1984-03-09,0.5258550643920898
1984-03-12,0.5174186825752258
1984-03-13,0.5146065950393677
1984-03-14,0.5174186825752258
1984-03-15,0.5314792394638062
1984-03-16,0.5230429768562317
1984-03-19,0.5258550643920898
1984-03-20,0.5230429768562317
1984-03-21,0.5230429768562317
1984-03-22,0.5146065950393677
1984-03-23,0.5117946863174438
1984-03-26,0.5033583641052246
1984-03-27,0.5089825391769409
1984-03-28,0.5230429768562317
1984-03-29,0.5230429768562317
1984-03-30,0.5089825391769409
1984-04-02,0.5033583641052246
1984-04-03,0.4949224293231964
1984-04-04,0.4921103119850158
1984-04-05,0.4921103119850158
1984-04-06,0.4921103119850158
1984-04-09,0.4892978966236114
1984-04-10,0.4921103119850158
1984-04-11,0.4949224293231964
1984-04-12,0.5005464553833008
1984-04-13,0.4977345168590545
1984-04-16,0.5146065950393677
1984-04-17,0.5258550643920898
1984-04-18,0.5217491984367371
1984-04-19,0.5217491984367371
1984-04-23,0.5217491984367371
1984-04-24,0.5531110763549805
1984-04-25,0.5844736099243164
1984-04-26,0.5901756882667542
1984-04-27,0.5873244404792786
1984-04-30,0.5730689167976379
1984-05-01,0.5673668384552002
1984-05-02,0.5645158290863037
1984-05-03,0.5958778858184814
1984-05-04,0.575920045375824
1984-05-07,0.575920045375824
1984-05-08,0.5645158290863037
1984-05-09,0.5616648197174072
1984-05-10,0.5588136911392212
1984-05-11,0.5531110763549805
1984-05-14,0.5474090576171875
1984-05-15,0.5417070984840393
1984-05-16,0.5417070984840393
1984-05-17,0.5331540107727051
1984-05-18,0.5331540107727051
1984-05-21,0.5331540107727051
1984-05-22,0.5303025841712952
1984-05-23,0.5188981890678406
1984-05-24,0.5017918348312378
1984-05-25,0.5131959319114685
1984-05-29,0.5074939131736755
1984-05-30,0.5017918348312378
1984-05-31,0.4989408254623413
1984-06-01,0.5217491984367371
1984-06-04,0.5274519324302673
1984-06-05,0.5303025841712952
1984-06-06,0.5303025841712952
1984-06-07,0.5502603054046631
1984-06-08,0.5588136911392212
1984-06-11,0.5388562083244324
1984-06-12,0.5417070984840393
1984-06-13,0.5360046029090881
1984-06-14,0.5303025841712952
1984-06-15,0.5188981890678406
1984-06-18,0.5303025841712952
1984-06-19,0.5502603054046631
1984-06-20,0.5559628009796143
1984-06-21,0.5588136911392212
1984-06-22,0.5588136911392212
1984-06-25,0.5588136911392212
1984-06-26,0.5417070984840393
1984-06-27,0.5274519324302673
1984-06-28,0.5360046029090881
1984-06-29,0.5246004462242126
1984-07-02,0.5417070984840393
1984-07-03,0.5388562083244324
1984-07-05,0.5360046029090881
1984-07-06,0.5388562083244324
1984-07-09,0.5474090576171875
1984-07-10,0.5559628009796143
1984-07-11,0.5360046029090881
1984-07-12,0.5217491984367371
1984-07-13,0.5160472393035889
1984-07-16,0.5246004462242126
1984-07-17,0.5331540107727051
1984-07-18,0.5331540107727051
1984-07-19,0.5261005163192749
1984-07-20,0.5232097506523132
1984-07-23,0.5145378112792969
1984-07-24,0.4971940219402313
1984-07-25,0.5116475224494934
1984-07-26,0.5318819284439087
1984-07-27,0.5000846982002258
1984-07-30,0.4769591093063354
1984-07-31,0.4885220825672149
1984-08-01,0.4885220825672149
1984-08-02,0.5029750466346741
1984-08-03,0.5203191041946411
1984-08-06,0.5203191041946411
1984-08-07,0.5203191041946411
1984-08-08,0.5058659911155701
1984-08-09,0.5203191041946411
1984-08-10,0.5087564587593079
1984-08-13,0.5000846982002258
1984-08-14,0.5087564587593079
1984-08-15,0.5087564587593079
1984-08-16,0.5116475224494934
1984-08-17,0.5116475224494934
1984-08-20,0.5318819284439087
1984-08-21,0.5318819284439087
1984-08-22,0.5434439778327942
1984-08-23,0.55500727891922
1984-08-24,0.55500727891922
1984-08-27,0.5434439778327942
1984-08-28,0.5405540466308594
1984-08-29,0.5376633405685425
1984-08-30,0.5347726941108704
1984-08-31,0.5434439778327942
1984-09-04,0.55500727891922
1984-09-05,0.5723510980606079
1984-09-06,0.5752418637275696
1984-09-07,0.5752418637275696
1984-09-10,0.5723510980606079
1984-09-11,0.5723510980606079
1984-09-12,0.5781325697898865
1984-09-13,0.5781325697898865
1984-09-14,0.5723510980606079
1984-09-17,0.5694605708122253
1984-09-18,0.5636791586875916
1984-09-19,0.557897686958313
1984-09-20,0.5492256879806519
1984-09-21,0.5463352799415588
1984-09-24,0.5492256879806519
1984-09-25,0.55500727891922
1984-09-26,0.5521165728569031
1984-09-27,0.5463352799415588
1984-09-28,0.5463352799415588
1984-10-01,0.5463352799415588
1984-10-02,0.5492256879806519
1984-10-03,0.5694605708122253
1984-10-04,0.5781325697898865
1984-10-05,0.5983672738075256
1984-10-08,0.5896944999694824
1984-10-09,0.5723510980606079
1984-10-10,0.5781325697898865
1984-10-11,0.5752418637275696
1984-10-12,0.5781325697898865
1984-10-15,0.5752418637275696
1984-10-16,0.5868046879768372
1984-10-17,0.5839135646820068
1984-10-18,0.5868046879768372
1984-10-19,0.6001542806625366
1984-10-22,0.5972261428833008
1984-10-23,0.5738059282302856
1984-10-24,0.5591679811477661
1984-10-25,0.5503852367401123
1984-10-26,0.5562402606010437
1984-10-29,0.5445300340652466
1984-10-30,0.5591679811477661
1984-10-31,0.5474581718444824
1984-11-01,0.5767337679862976
1984-11-02,0.5884436368942261
1984-11-05,0.5884436368942261
1984-11-06,0.59429931640625
1984-11-07,0.59429931640625
1984-11-08,0.59429931640625
1984-11-09,0.5855162143707275
1984-11-12,0.5796610713005066
1984-11-13,0.5796610713005066
1984-11-14,0.5738059282302856
1984-11-15,0.5708785653114319
1984-11-16,0.5679506063461304
1984-11-19,0.59429931640625
1984-11-20,0.6030818819999695
1984-11-21,0.6030818819999695
1984-11-23,0.5884436368942261
1984-11-26,0.5855162143707275
1984-11-27,0.5884436368942261
1984-11-28,0.5884436368942261
1984-11-29,0.5738059282302856
1984-11-30,0.5738059282302856
1984-12-03,0.5738059282302856
1984-12-04,0.5825890302658081
1984-12-05,0.5796610713005066
1984-12-06,0.5796610713005066
1984-12-07,0.5767337679862976
1984-12-10,0.5796610713005066
1984-12-11,0.5679506063461304
1984-12-12,0.5825890302658081
1984-12-13,0.5796610713005066
1984-12-14,0.5767337679862976
1984-12-17,0.5738059282302856
1984-12-18,0.5767337679862976
1984-12-19,0.5767337679862976
1984-12-20,0.5767337679862976
1984-12-21,0.5738059282302856
1984-12-24,0.5738059282302856
1984-12-26,0.5650234818458557
1984-12-27,0.5708785653114319
1984-12-28,0.5825890302658081
1984-12-31,0.5825890302658081
1985-01-02,0.5738059282302856
1985-01-03,0.5650234818458557
1985-01-04,0.5650234818458557
1985-01-07,0.5708785653114319
1985-01-08,0.5679506063461304
1985-01-09,0.5650234818458557
1985-01-10,0.5855162143707275
1985-01-11,0.5767337679862976
1985-01-14,0.5825890302658081
1985-01-15,0.5767337679862976
1985-01-16,0.5738059282302856
1985-01-17,0.5738059282302856
1985-01-18,0.578433632850647
1985-01-21,0.5813997387886047
1985-01-22,0.5962311625480652
1985-01-23,0.6199620366096497
1985-01-24,0.6080968379974365
1985-01-25,0.6051299571990967
1985-01-28,0.5962311625480652
1985-01-29,0.6021643877029419
1985-01-30,0.5932652354240417
1985-01-31,0.5843662023544312
1985-02-01,0.5813997387886047
1985-02-04,0.5813997387886047
1985-02-05,0.5902989506721497
1985-02-06,0.5873324871063232
1985-02-07,0.5932652354240417
1985-02-08,0.5932652354240417
1985-02-11,0.5873324871063232
1985-02-12,0.5873324871063232
1985-02-13,0.5932652354240417
1985-02-14,0.5932652354240417
1985-02-15,0.5873324871063232
1985-02-19,0.5665682554244995
1985-02-20,0.5636018514633179
1985-02-21,0.5517365336418152
1985-02-22,0.5517365336418152
1985-02-25,0.5576691031455994
1985-02-26,0.560636043548584
1985-02-27,0.5665682554244995
1985-02-28,0.5636018514633179
1985-03-01,0.5576691031455994
1985-03-04,0.5517365336418152
1985-03-05,0.5636018514633179
1985-03-06,0.5695343017578125
1985-03-07,0.5636018514633179
1985-03-08,0.5517365336418152
1985-03-11,0.5576691031455994
1985-03-12,0.5576691031455994
1985-03-13,0.545803964138031
1985-03-14,0.5576691031455994
1985-03-15,0.560636043548584
1985-03-18,0.5547029376029968
1985-03-19,0.5695343017578125
1985-03-20,0.5813997387886047
1985-03-21,0.5902989506721497
1985-03-22,0.5754671692848206
1985-03-25,0.5754671692848206
1985-03-26,0.5813997387886047
1985-03-27,0.5813997387886047
1985-03-28,0.5873324871063232
1985-03-29,0.5902989506721497
1985-04-01,0.5813997387886047
1985-04-02,0.5695343017578125
1985-04-03,0.5665682554244995
1985-04-04,0.5725007653236389
1985-04-08,0.5636018514633179
1985-04-09,0.5636018514633179
1985-04-10,0.5695343017578125
1985-04-11,0.5932652354240417
1985-04-12,0.5932652354240417
1985-04-15,0.5902989506721497
1985-04-16,0.5873324871063232
1985-04-17,0.5932652354240417
1985-04-18,0.5932652354240417
1985-04-19,0.6039621233940125
1985-04-22,0.61297607421875
1985-04-23,0.6159814596176147
1985-04-24,0.609971821308136
1985-04-25,0.609971821308136
1985-04-26,0.6189861297607422
1985-04-29,0.6069669127464294
1985-04-30,0.6039621233940125
1985-05-01,0.6009573340415955
1985-05-02,0.5979528427124023
1985-05-03,0.5919432044029236
1985-05-06,0.5949476957321167
1985-05-07,0.5949476957321167
1985-05-08,0.5889379978179932
1985-05-09,0.5979528427124023
1985-05-10,0.5919432044029236
1985-05-13,0.5919432044029236
1985-05-14,0.5919432044029236
1985-05-15,0.6069669127464294
1985-05-16,0.6009573340415955
1985-05-17,0.6009573340415955
1985-05-20,0.5949476957321167
1985-05-21,0.5949476957321167
1985-05-22,0.5859335660934448
1985-05-23,0.579923689365387
1985-05-24,0.5859335660934448
1985-05-28,0.5859335660934448
1985-05-29,0.5919432044029236
1985-05-30,0.6069669127464294
1985-05-31,0.609971821308136
1985-06-03,0.6069669127464294
1985-06-04,0.624995768070221
1985-06-05,0.6219909191131592
1985-06-06,0.624995768070221
1985-06-07,0.6159814596176147
1985-06-10,0.6189861297607422
1985-06-11,0.6189861297607422
1985-06-12,0.6430240869522095
1985-06-13,0.6460291147232056
1985-06-14,0.6400197744369507
1985-06-17,0.6370145678520203
1985-06-18,0.6490337252616882
1985-06-19,0.6430240869522095
1985-06-20,0.6400197744369507
1985-06-21,0.6370145678520203
1985-06-24,0.6340106725692749
1985-06-25,0.6340106725692749
1985-06-26,0.6370145678520203
1985-06-27,0.6430240869522095
1985-06-28,0.6400197744369507
1985-07-01,0.6340106725692749
1985-07-02,0.6340106725692749
1985-07-03,0.6340106725692749
1985-07-05,0.6370145678520203
1985-07-08,0.6280001997947693
1985-07-09,0.6340106725692749
1985-07-10,0.6430240869522095
1985-07-11,0.6490337252616882
1985-07-12,0.6580484509468079
1985-07-15,0.6610528826713562
1985-07-16,0.6670627593994141
1985-07-17,0.6640573143959045
1985-07-18,0.6580484509468079
1985-07-19,0.6536703109741211
1985-07-22,0.6536703109741211
1985-07-23,0.650629460811615
1985-07-24,0.6415095329284668
1985-07-25,0.6445490717887878
1985-07-26,0.6475898623466492
1985-07-29,0.6688716411590576
1985-07-30,0.6962344646453857
1985-07-31,0.6779929399490356
1985-08-01,0.6840733289718628
1985-08-02,0.6810334920883179
1985-08-05,0.6779929399490356
1985-08-06,0.6719115972518921
1985-08-07,0.6627914905548096
1985-08-08,0.659750759601593
1985-08-09,0.6627914905548096
1985-08-12,0.6627914905548096
1985-08-13,0.6658317446708679
1985-08-14,0.6627914905548096
1985-08-15,0.6536703109741211
1985-08-16,0.6475898623466492
1985-08-19,0.6354280710220337
1985-08-20,0.6384686231613159
1985-08-21,0.650629460811615
1985-08-22,0.650629460811615
1985-08-23,0.6475898623466492
1985-08-26,0.6475898623466492
1985-08-27,0.6475898623466492
1985-08-28,0.6445490717887878
1985-08-29,0.6415095329284668
1985-08-30,0.6384686231613159
1985-09-03,0.6323879957199097
1985-09-04,0.6354280710220337
1985-09-05,0.6354280710220337
1985-09-06,0.6323879957199097
1985-09-09,0.6323879957199097
1985-09-10,0.6323879957199097
1985-09-11,0.6293476223945618
1985-09-12,0.6354280710220337
1985-09-13,0.6354280710220337
1985-09-16,0.6354280710220337
1985-09-17,0.6323879957199097
1985-09-18,0.6263072490692139
1985-09-19,0.6323879957199097
1985-09-20,0.6323879957199097
1985-09-23,0.650629460811615
1985-09-24,0.6415095329284668
1985-09-25,0.6354280710220337
1985-09-26,0.6567103266716003
1985-09-30,0.650629460811615
1985-10-01,0.6475898623466492
1985-10-02,0.6567103266716003
1985-10-03,0.6627914905548096
1985-10-04,0.6567103266716003
1985-10-07,0.650629460811615
1985-10-08,0.650629460811615
1985-10-09,0.650629460811615
1985-10-10,0.6536703109741211
1985-10-11,0.6567103266716003
1985-10-14,0.6719115972518921
1985-10-15,0.7509607076644897
1985-10-16,0.7844041585922241
1985-10-17,0.772242546081543
1985-10-18,0.7448803186416626
1985-10-21,0.7378703355789185
1985-10-22,0.7224980592727661
1985-10-23,0.7317209839820862
1985-10-24,0.7347956895828247
1985-10-25,0.7317209839820862
1985-10-28,0.7224980592727661
1985-10-29,0.7163489460945129
1985-10-30,0.7286470532417297
1985-10-31,0.7409443855285645
1985-11-01,0.7409443855285645
1985-11-04,0.7317209839820862
1985-11-05,0.7378703355789185
1985-11-06,0.7470934987068176
1985-11-07,0.7532428503036499
1985-11-08,0.7624655365943909
1985-11-11,0.750167965888977
1985-11-12,0.7440186738967896
1985-11-13,0.7378703355789185
1985-11-14,0.7563170790672302
1985-11-15,0.7440186738967896
1985-11-18,0.7470934987068176
1985-11-19,0.7440186738967896
1985-11-20,0.750167965888977
1985-11-21,0.7532428503036499
1985-11-22,0.7563170790672302
1985-11-25,0.750167965888977
1985-11-26,0.7409443855285645
1985-11-27,0.7409443855285645
1985-11-29,0.7317209839820862
1985-12-02,0.7347956895828247
1985-12-03,0.7409443855285645
1985-12-04,0.7470934987068176
1985-12-05,0.7378703355789185
1985-12-06,0.7224980592727661
1985-12-09,0.7347956895828247
1985-12-10,0.7347956895828247
1985-12-11,0.7347956895828247
1985-12-12,0.7839868068695068
1985-12-13,0.7932104468345642
1985-12-16,0.8085827827453613
1985-12-17,0.7932104468345642
1985-12-18,0.802433967590332
1985-12-19,0.8085827827453613
1985-12-20,0.802433967590332
1985-12-23,0.7839868068695068
1985-12-24,0.7870614528656006
1985-12-26,0.7778382301330566
1985-12-27,0.7839868068695068
1985-12-30,0.7839868068695068
1985-12-31,0.8055078983306885
1986-01-02,0.7932104468345642
1986-01-03,0.7870614528656006
1986-01-06,0.7870614528656006
1986-01-07,0.8055078983306885
1986-01-08,0.7839868068695068
1986-01-09,0.7655402421951294
1986-01-10,0.7686147689819336
1986-01-13,0.7686147689819336
1986-01-14,0.7624655365943909
1986-01-15,0.7624655365943909
1986-01-16,0.7747635245323181
1986-01-17,0.7676776051521301
1986-01-20,0.7676776051521301
1986-01-21,0.7552453875541687
1986-01-22,0.7645691633224487
1986-01-23,0.7801095247268677
1986-01-24,0.8142973780632019
1986-01-27,0.8049736022949219
1986-01-28,0.8142973780632019
1986-01-29,0.8080811500549316
1986-01-30,0.8142973780632019
1986-01-31,0.8142973780632019
1986-02-03,0.8111892938613892
1986-02-04,0.8329455256462097
1986-02-05,0.8205137252807617
1986-02-06,0.8267298340797424
1986-02-07,0.8205137252807617
1986-02-10,0.8205137252807617
1986-02-11,0.8174052238464355
1986-02-12,0.8236218094825745
1986-02-13,0.8422695994377136
1986-02-14,0.8640256524085999
1986-02-18,0.8640256524085999
1986-02-19,0.8298377990722656
1986-02-20,0.8453777432441711
1986-02-21,0.8609176874160767
1986-02-24,0.8453777432441711
1986-02-25,0.851593017578125
1986-02-26,0.851593017578125
1986-02-27,0.8578089475631714
1986-02-28,0.8702414631843567
1986-03-03,0.8640256524085999
1986-03-04,0.8795657753944397
1986-03-05,0.8702414631843567
1986-03-06,0.8640256524085999
1986-03-07,0.8640256524085999
1986-03-10,0.8702414631843567
1986-03-11,0.8826735615730286
1986-03-12,0.9044297933578492
1986-03-13,0.9044297933578492
1986-03-14,0.9013221859931946
1986-03-17,0.9013221859931946
1986-03-18,0.9013221859931946
1986-03-19,0.9261853694915771
1986-03-20,0.938617706298828
1986-03-21,0.9541573524475098
1986-03-24,0.957265853881836
1986-03-25,0.9603729844093324
1986-03-26,0.957265853881836
1986-03-27,0.9448336362838744
1986-03-31,0.9261853694915771
1986-04-01,0.9199691414833068
1986-04-02,0.916861891746521
1986-04-03,0.9448336362838744
1986-04-04,0.9510494470596312
1986-04-07,0.9479418396949768
1986-04-08,0.9541573524475098
1986-04-09,0.9448336362838744
1986-04-10,0.9479418396949768
1986-04-11,0.9448336362838744
1986-04-14,0.9448336362838744
1986-04-15,0.9355099201202391
1986-04-16,0.957265853881836
1986-04-17,0.9541573524475098
1986-04-18,0.957265853881836
1986-04-21,0.9563878178596495
1986-04-22,0.9689301252365112
1986-04-23,1.0034229755401611
1986-04-24,1.0191023349761963
1986-04-25,1.0002881288528442
1986-04-28,0.987744927406311
1986-04-29,0.9783376455307008
1986-04-30,0.9407097101211548
1986-05-01,0.934437930583954
1986-05-02,0.9124881625175476
1986-05-05,0.9532520771026612
1986-05-06,0.965794801712036
1986-05-07,0.9563878178596495
1986-05-08,0.9595232009887696
1986-05-09,0.946980595588684
1986-05-12,0.9313018321990968
1986-05-13,0.934437930583954
1986-05-14,0.9595232009887696
1986-05-15,0.9501164555549622
1986-05-16,0.934437930583954
1986-05-19,0.9313018321990968
1986-05-20,0.9407097101211548
1986-05-21,0.9375734329223632
1986-05-22,0.9595232009887696
1986-05-23,0.9689301252365112
1986-05-27,1.0002881288528442
1986-05-28,1.0034229755401611
1986-05-29,1.0002881288528442
1986-05-30,0.9971519112586976
1986-06-02,0.987744927406311
1986-06-03,0.9783376455307008
1986-06-04,0.9940165281295776
1986-06-05,1.0034229755401611
1986-06-06,1.0285087823867798
1986-06-09,1.0159660577774048
1986-06-10,1.0096945762634275
1986-06-11,1.0347803831100464
1986-06-12,1.0535937547683716
1986-06-13,1.0598657131195068
1986-06-16,1.0504590272903442
1986-06-17,1.0379165410995483
1986-06-18,1.0504590272903442
1986-06-19,1.0441871881484983
1986-06-20,1.0535937547683716
1986-06-23,1.0535937547683716
1986-06-24,1.0598657131195068
1986-06-25,1.0818158388137815
1986-06-26,1.0661368370056152
1986-06-27,1.0630011558532717
1986-06-30,1.0661368370056152
1986-07-01,1.072407841682434
1986-07-02,1.072407841682434
1986-07-03,1.0661368370056152
1986-07-07,1.0316447019577026
1986-07-08,1.0159660577774048
1986-07-09,1.0096945762634275
1986-07-10,1.0002881288528442
1986-07-11,1.0002881288528442
1986-07-14,0.9940165281295776
1986-07-15,0.9720662832260132
1986-07-16,1.0034229755401611
1986-07-17,1.0034229755401611
1986-07-18,0.987744927406311
1986-07-21,0.9868590831756592
1986-07-22,0.9836961627006532
1986-07-23,0.9995111227035522
1986-07-24,1.005837321281433
1986-07-25,1.0501196384429932
1986-07-28,1.037467122077942
1986-07-29,1.018489122390747
1986-07-30,1.024815320968628
1986-07-31,1.018489122390747
1986-08-01,1.0090007781982422
1986-08-04,1.0121628046035769
1986-08-05,1.0090007781982422
1986-08-06,1.0090007781982422
1986-08-07,1.0090007781982422
1986-08-08,1.0121628046035769
1986-08-11,1.0153257846832275
1986-08-12,1.037467122077942
1986-08-13,1.0311412811279297
1986-08-14,1.018489122390747
1986-08-15,1.0153257846832275
1986-08-18,1.0026743412017822
1986-08-19,1.018489122390747
1986-08-20,1.037467122077942
1986-08-21,1.027978777885437
1986-08-22,1.024815320968628
1986-08-25,1.0121628046035769
1986-08-26,1.027978777885437
1986-08-27,1.0216517448425293
1986-08-28,1.0121628046035769
1986-08-29,1.0090007781982422
1986-09-02,1.005837321281433
1986-09-03,1.005837321281433
1986-09-04,1.0090007781982422
1986-09-05,0.9868590831756592
1986-09-08,0.9552289247512816
1986-09-09,0.9615551233291626
1986-09-10,0.9615551233291626
1986-09-11,0.9394135475158693
1986-09-12,0.9235989451408386
1986-09-15,0.9267621636390686
1986-09-16,0.9267621636390686
1986-09-17,0.9362505078315736
1986-09-18,0.9394135475158693
1986-09-19,0.9552289247512816
1986-09-22,0.9457398056983948
1986-09-23,0.9362505078315736
1986-09-24,0.9394135475158693
1986-09-25,0.9299249053001404
1986-09-26,0.9204360842704772
1986-09-29,0.9109466671943665
1986-09-30,0.9267621636390686
1986-10-01,0.9457398056983948
1986-10-02,0.9647180438041688
1986-10-03,0.9678807854652404
1986-10-06,0.9678807854652404
1986-10-07,0.9647180438041688
1986-10-08,0.9773696064949036
1986-10-09,0.9805331826210022
1986-10-10,0.9678807854652404
1986-10-13,0.9710437655448914
1986-10-14,0.9647180438041688
1986-10-15,0.9742069840431212
1986-10-16,0.9773696064949036
1986-10-17,0.9742069840431212
1986-10-20,0.9669313430786132
1986-10-21,0.9765045046806335
1986-10-22,0.9892699122428894
1986-10-23,0.9988431334495544
1986-10-24,0.9892699122428894
1986-10-27,0.9892699122428894
1986-10-28,0.9956512451171876
1986-10-29,0.9860777854919434
1986-10-30,0.9892699122428894
1986-10-31,0.9860777854919434
1986-11-03,0.9956512451171876
1986-11-04,1.0307552814483645
1986-11-05,1.024373173713684
1986-11-06,1.0307552814483645
1986-11-07,1.0403283834457395
1986-11-10,1.0403283834457395
1986-11-11,1.0307552814483645
1986-11-12,1.024373173713684
1986-11-13,1.0116071701049805
1986-11-14,1.0467108488082886
1986-11-17,1.0403283834457395
1986-11-18,1.014798283576965
1986-11-19,1.0116071701049805
1986-11-20,1.0211814641952517
1986-11-21,1.0211814641952517
1986-11-24,1.0275636911392212
1986-11-25,1.0275636911392212
1986-11-26,1.1488287448883057
1986-11-28,1.1296809911727903
1986-12-01,1.1105340719223022
1986-12-02,1.1488287448883057
1986-12-03,1.1424466371536257
1986-12-04,1.1488287448883057
1986-12-05,1.1232988834381104
1986-12-08,1.0977705717086792
1986-12-09,1.0626667737960815
1986-12-10,1.0818140506744385
1986-12-11,1.0945791006088257
1986-12-12,1.0754314661026
1986-12-15,1.0722404718399048
1986-12-16,1.1137263774871826
1986-12-17,1.1137263774871826
1986-12-18,1.0913872718811035
1986-12-19,1.1041525602340698
1986-12-22,1.0977705717086792
1986-12-23,1.0977705717086792
1986-12-24,1.0818140506744385
1986-12-26,1.078622579574585
1986-12-29,1.0626667737960815
1986-12-30,1.0467108488082886
1986-12-31,1.0435200929641724
1987-01-02,1.0754314661026
1987-01-05,1.1041525602340698
1987-01-06,1.0945791006088257
1987-01-07,1.1232988834381104
1987-01-08,1.1424466371536257
1987-01-09,1.1488287448883057
1987-01-12,1.1264911890029907
1987-01-13,1.1264911890029907
1987-01-14,1.1137263774871826
1987-01-15,1.1424466371536257
1987-01-16,1.1552106142044067
1987-01-19,1.1743589639663696
1987-01-20,1.1638128757476809
1987-01-21,1.1605989933013916
1987-01-22,1.1959635019302368
1987-01-23,1.167028546333313
1987-01-26,1.173458695411682
1987-01-27,1.1895339488983154
1987-01-28,1.2281121015548706
1987-01-29,1.1991780996322632
1987-01-30,1.1863187551498413
1987-02-02,1.1831027269363403
1987-02-03,1.1702425479888916
1987-02-04,1.1831027269363403
1987-02-05,1.167028546333313
1987-02-06,1.1766725778579712
1987-02-09,1.1766725778579712
1987-02-10,1.1798889636993408
1987-02-11,1.1927481889724731
1987-02-12,1.1766725778579712
1987-02-13,1.1863187551498413
1987-02-17,1.1895339488983154
1987-02-18,1.2056082487106323
1987-02-19,1.212038278579712
1987-02-20,1.2023926973342896
1987-02-23,1.2023926973342896
1987-02-24,1.1959635019302368
1987-02-25,1.2023926973342896
1987-02-26,1.1895339488983154
1987-02-27,1.1895339488983154
1987-03-02,1.173458695411682
1987-03-03,1.1702425479888916
1987-03-04,1.157383918762207
1987-03-05,1.1702425479888916
1987-03-06,1.1605989933013916
1987-03-09,1.2056082487106323
1987-03-10,1.2056082487106323
1987-03-11,1.1927481889724731
1987-03-12,1.1959635019302368
1987-03-13,1.2152528762817385
1987-03-16,1.1959635019302368
1987-03-17,1.1863187551498413
1987-03-18,1.173458695411682
1987-03-19,1.1927481889724731
1987-03-20,1.2152528762817385
1987-03-23,1.2088232040405271
1987-03-24,1.2184680700302124
1987-03-25,1.224897384643555
1987-03-26,1.2506173849105835
1987-03-27,1.234541893005371
1987-03-30,1.1927481889724731
1987-03-31,1.1927481889724731
1987-04-01,1.1798889636993408
1987-04-02,1.1798889636993408
1987-04-03,1.2281121015548706
1987-04-06,1.2313281297683716
1987-04-07,1.1895339488983154
1987-04-08,1.1831027269363403
1987-04-09,1.1766725778579712
1987-04-10,1.1702425479888916
1987-04-13,1.1413089036941528
1987-04-14,1.105944037437439
1987-04-15,1.1252340078353882
1987-04-16,1.1380935907363892
1987-04-20,1.1339468955993652
1987-04-21,1.1404273509979248
1987-04-22,1.1242269277572632
1987-04-23,1.1242269277572632
1987-04-24,1.114507794380188
1987-04-27,1.095068097114563
1987-04-28,1.1015479564666748
1987-04-29,1.1112680435180664
1987-04-30,1.1274670362472534
1987-05-01,1.130706787109375
1987-05-04,1.1436671018600464
1987-05-05,1.1533857583999634
1987-05-06,1.130706787109375
1987-05-07,1.1080281734466553
1987-05-08,1.1015479564666748
1987-05-11,1.1177475452423096
1987-05-12,1.1112680435180664
1987-05-13,1.088589072227478
1987-05-14,1.095068097114563
1987-05-15,1.0659104585647583
1987-05-18,1.0497108697891235
1987-05-19,1.0237916707992554
1987-05-20,1.0270326137542725
1987-05-21,1.0918296575546265
1987-05-22,1.1209880113601685
1987-05-26,1.1404273509979248
1987-05-27,1.1242269277572632
1987-05-28,1.1404273509979248
1987-05-29,1.156625747680664
1987-06-01,1.1631063222885132
1987-06-02,1.1533857583999634
1987-06-03,1.1663451194763184
1987-06-04,1.1663451194763184
1987-06-05,1.1631063222885132
1987-06-08,1.1695852279663086
1987-06-09,1.1663451194763184
1987-06-10,1.1890246868133545
1987-06-11,1.1825449466705322
1987-06-12,1.1890246868133545
1987-06-15,1.2117030620574951
1987-06-16,1.2084630727767944
1987-06-17,1.2052232027053833
1987-06-18,1.2473417520523071
1987-06-19,1.305659294128418
1987-06-22,1.3024194240570068
1987-06-23,1.266780972480774
1987-06-24,1.257060408592224
1987-06-25,1.2732598781585691
1987-06-26,1.2538213729858398
1987-06-29,1.2473417520523071
1987-06-30,1.2181826829910278
1987-07-01,1.2441011667251587
1987-07-02,1.2635403871536257
1987-07-06,1.2376220226287842
1987-07-07,1.266780972480774
1987-07-08,1.2927000522613523
1987-07-09,1.3024194240570068
1987-07-10,1.2959389686584473
1987-07-13,1.2797393798828125
1987-07-14,1.3121391534805298
1987-07-15,1.3024194240570068
1987-07-16,1.2959389686584473
1987-07-17,1.3088979721069336
1987-07-20,1.2884142398834229
1987-07-21,1.2492729425430298
1987-07-22,1.259058117866516
1987-07-23,1.259058117866516
1987-07-24,1.278628706932068
1987-07-27,1.3145085573196411
1987-07-28,1.3047229051589966
1987-07-29,1.35691237449646
1987-07-30,1.330817461013794
1987-07-31,1.321033239364624
1987-08-03,1.298200011253357
1987-08-04,1.2753676176071167
1987-08-05,1.3014627695083618
1987-08-06,1.3438650369644165
1987-08-07,1.321033239364624
1987-08-10,1.353650689125061
1987-08-11,1.353650689125061
1987-08-12,1.3406038284301758
1987-08-13,1.3471271991729736
1987-08-14,1.3438650369644165
1987-08-17,1.3471271991729736
1987-08-18,1.3242939710617063
1987-08-19,1.334080934524536
1987-08-20,1.3471271991729736
1987-08-21,1.3471271991729736
1987-08-24,1.3242939710617063
1987-08-25,1.3145085573196411
1987-08-26,1.3112468719482422
1987-08-27,1.2884142398834229
1987-08-28,1.298200011253357
1987-08-31,1.3014627695083618
1987-09-01,1.2688440084457395
1987-09-02,1.2362256050109863
1987-09-03,1.2655816078186035
1987-09-04,1.2492729425430298
1987-09-08,1.229702115058899
1987-09-09,1.216654658317566
1987-09-10,1.2362256050109863
1987-09-11,1.272105097770691
1987-09-14,1.272105097770691
1987-09-15,1.255797266960144
1987-09-16,1.255797266960144
1987-09-17,1.2525343894958496
1987-09-18,1.255797266960144
1987-09-21,1.2231782674789429
1987-09-22,1.2362256050109863
1987-09-23,1.2525343894958496
1987-09-24,1.30798602104187
1987-09-25,1.2884142398834229
1987-09-28,1.2884142398834229
1987-09-29,1.3373416662216189
1987-09-30,1.3373416662216189
1987-10-01,1.3242939710617063
1987-10-02,1.3275564908981323
1987-10-05,1.3373416662216189
1987-10-06,1.2753676176071167
1987-10-07,1.2623205184936523
1987-10-08,1.259058117866516
1987-10-09,1.2492729425430298
1987-10-12,1.2329639196395874
1987-10-13,1.2362256050109863
1987-10-14,1.239486575126648
1987-10-15,1.2264400720596311
1987-10-16,1.1481571197509766
1987-10-19,0.9263537526130676
1987-10-20,0.9492948651313782
1987-10-21,1.094326376914978
1987-10-22,1.0679572820663452
1987-10-23,1.1075111627578735
1987-10-26,1.0547714233398438
1987-10-27,1.0712534189224243
1987-10-28,1.1075111627578735
1987-10-29,1.1206949949264526
1987-10-30,1.091030240058899
1987-11-02,1.1075111627578735
1987-11-03,1.091030240058899
1987-11-04,1.091030240058899
1987-11-05,1.1206949949264526
1987-11-06,1.0877339839935305
1987-11-09,1.0481796264648438
1987-11-10,1.0185142755508425
1987-11-11,1.0218111276626587
1987-11-12,1.051476001739502
1987-11-13,1.0382916927337646
1987-11-16,1.0185142755508425
1987-11-17,1.0119229555130005
1987-11-18,1.0547714233398438
1987-11-19,1.0185142755508425
1987-11-20,1.031699299812317
1987-11-23,1.0349946022033691
1987-11-24,1.041586995124817
1987-11-25,1.041586995124817
1987-11-27,1.0251072645187378
1987-11-30,0.9888486266136168
1987-12-01,0.9756640195846558
1987-12-02,0.9789605140686036
1987-12-03,0.942702054977417
1987-12-04,0.9196299910545348
1987-12-07,0.9361101388931274
1987-12-08,0.9459986686706544
1987-12-09,0.9921451807022096
1987-12-10,0.9987382888793944
1987-12-11,0.9756640195846558
1987-12-14,0.9822565317153932
1987-12-15,0.9690724611282348
1987-12-16,0.995441198348999
1987-12-17,1.008626103401184
1987-12-18,1.028402328491211
1987-12-21,1.031699299812317
1987-12-22,1.0349946022033691
1987-12-23,1.0152184963226318
1987-12-24,1.028402328491211
1987-12-28,1.008626103401184
1987-12-29,0.995441198348999
1987-12-30,1.0251072645187378
1987-12-31,1.0349946022033691
1988-01-04,1.0712534189224243
1988-01-05,1.1042150259017944
1988-01-06,1.1272878646850586
1988-01-07,1.1305837631225586
1988-01-08,1.0185142755508425
1988-01-11,1.0778460502624512
1988-01-12,1.0679572820663452
1988-01-13,1.094326376914978
1988-01-14,1.1042150259017944
1988-01-15,1.1206949949264526
1988-01-18,1.1141023635864258
1988-01-19,1.110644817352295
1988-01-20,1.097343921661377
1988-01-21,1.0807173252105713
1988-01-22,1.0707411766052246
1988-01-25,1.0906929969787598
1988-01-26,1.0873684883117676
1988-01-27,1.1206210851669312
1988-01-28,1.1538740396499634
1988-01-29,1.140572190284729
1988-02-01,1.1139707565307615
1988-02-02,1.100669264793396
1988-02-03,1.084043264389038
1988-02-04,1.084043264389038
1988-02-05,1.0873684883117676
1988-02-08,1.057440161705017
1988-02-09,1.0906929969787598
1988-02-10,1.1339222192764282
1988-02-11,1.1239454746246338
1988-02-12,1.180475831031799
1988-02-16,1.167175054550171
1988-02-17,1.1571990251541138
1988-02-18,1.1538740396499634
1988-02-19,1.160524845123291
1988-02-22,1.1638493537902832
1988-02-23,1.1638493537902832
1988-02-24,1.1571990251541138
1988-02-25,1.1638493537902832
1988-02-26,1.1538740396499634
1988-02-29,1.1771506071090698
1988-03-01,1.1571990251541138
1988-03-02,1.1571990251541138
1988-03-03,1.1638493537902832
1988-03-04,1.1971031427383425
1988-03-07,1.190451741218567
1988-03-08,1.1971031427383425
1988-03-09,1.183801531791687
1988-03-10,1.147222876548767
1988-03-11,1.160524845123291
1988-03-14,1.1704996824264526
1988-03-15,1.1638493537902832
1988-03-16,1.1771506071090698
1988-03-17,1.1771506071090698
1988-03-18,1.1871267557144165
1988-03-21,1.1571990251541138
1988-03-22,1.160524845123291
1988-03-23,1.180475831031799
1988-03-24,1.1571990251541138
1988-03-25,1.1704996824264526
1988-03-28,1.1538740396499634
1988-03-29,1.1538740396499634
1988-03-30,1.1372474431991575
1988-03-31,1.140572190284729
1988-04-04,1.107319951057434
1988-04-05,1.0906929969787598
1988-04-06,1.140572190284729
1988-04-07,1.1438978910446167
1988-04-08,1.150548219680786
1988-04-11,1.147222876548767
1988-04-12,1.1438978910446167
1988-04-13,1.147222876548767
1988-04-14,1.0807173252105713
1988-04-15,1.0807173252105713
1988-04-18,1.0674165487289429
1988-04-19,1.0672818422317505
1988-04-20,1.0773508548736572
1988-04-21,1.0706385374069214
1988-04-22,1.073994278907776
1988-04-25,1.0807071924209597
1988-04-26,1.0840628147125244
1988-04-27,1.0941320657730105
1988-04-28,1.164612889289856
1988-04-29,1.18139386177063
1988-05-02,1.17132568359375
1988-05-03,1.17132568359375
1988-05-04,1.1444756984710691
1988-05-05,1.134406805038452
1988-05-06,1.114269137382507
1988-05-09,1.10420024394989
1988-05-10,1.134406805038452
1988-05-11,1.1209813356399536
1988-05-12,1.1209813356399536
1988-05-13,1.131050944328308
1988-05-16,1.131050944328308
1988-05-17,1.1243383884429932
1988-05-18,1.1008437871932983
1988-05-19,1.1008437871932983
1988-05-20,1.117625713348389
1988-05-23,1.110913872718811
1988-05-24,1.1209813356399536
1988-05-25,1.134406805038452
1988-05-26,1.131050944328308
1988-05-27,1.1276941299438477
1988-05-31,1.174681544303894
1988-06-01,1.20488703250885
1988-06-02,1.1914622783660889
1988-06-03,1.2082446813583374
1988-06-06,1.198175072669983
1988-06-07,1.198175072669983
1988-06-08,1.2082446813583374
1988-06-09,1.198175072669983
1988-06-10,1.2015315294265747
1988-06-13,1.1881062984466553
1988-06-14,1.1914622783660889
1988-06-15,1.18139386177063
1988-06-16,1.157900333404541
1988-06-17,1.1780378818511963
1988-06-20,1.1612566709518433
1988-06-21,1.17132568359375
1988-06-22,1.1780378818511963
1988-06-23,1.17132568359375
1988-06-24,1.164612889289856
1988-06-27,1.1612566709518433
1988-06-28,1.174681544303894
1988-06-29,1.1679686307907104
1988-06-30,1.174681544303894
1988-07-01,1.164612889289856
1988-07-05,1.1780378818511963
1988-07-06,1.17132568359375
1988-07-07,1.1545438766479492
1988-07-08,1.1612566709518433
1988-07-11,1.1612566709518433
1988-07-12,1.151187539100647
1988-07-13,1.134406805038452
1988-07-14,1.1411185264587402
1988-07-15,1.1411185264587402
1988-07-18,1.1243383884429932
1988-07-19,1.1174297332763672
1988-07-20,1.1309746503829956
1988-07-21,1.1479055881500244
1988-07-22,1.134361743927002
1988-07-25,1.1411341428756714
1988-07-26,1.1377474069595337
1988-07-27,1.1275886297225952
1988-07-28,1.1648361682891846
1988-07-29,1.1885398626327517
1988-08-01,1.1851537227630615
1988-08-02,1.1580640077590942
1988-08-03,1.1716086864471436
1988-08-04,1.1749950647354126
1988-08-05,1.1749950647354126
1988-08-08,1.1648361682891846
1988-08-09,1.1580640077590942
1988-08-10,1.1445187330245972
1988-08-11,1.134361743927002
1988-08-12,1.1445187330245972
1988-08-15,1.134361743927002
1988-08-16,1.154678225517273
1988-08-17,1.1648361682891846
1988-08-18,1.1682227849960327
1988-08-19,1.1445187330245972
1988-08-22,1.1174297332763672
1988-08-23,1.124201774597168
1988-08-24,1.1309746503829956
1988-08-25,1.1275886297225952
1988-08-26,1.134361743927002
1988-08-29,1.1614506244659424
1988-08-30,1.1614506244659424
1988-08-31,1.1512914896011353
1988-09-01,1.134361743927002
1988-09-02,1.1580640077590942
1988-09-06,1.1851537227630615
1988-09-07,1.202083706855774
1988-09-08,1.1986979246139526
1988-09-09,1.178381085395813
1988-09-12,1.2122424840927124
1988-09-13,1.222401142120361
1988-09-14,1.22917377948761
1988-09-15,1.2122424840927124
1988-09-16,1.195312261581421
1988-09-19,1.1614506244659424
1988-09-20,1.1716086864471436
1988-09-21,1.1919251680374146
1988-09-22,1.178381085395813
1988-09-23,1.1919251680374146
1988-09-26,1.1919251680374146
1988-09-27,1.195312261581421
1988-09-28,1.1919251680374146
1988-09-29,1.219015121459961
1988-09-30,1.215628147125244
1988-10-03,1.2054705619812012
1988-10-04,1.22917377948761
1988-10-05,1.2664201259613037
1988-10-06,1.2528765201568604
1988-10-07,1.300282597541809
1988-10-10,1.2799657583236694
1988-10-11,1.263035535812378
1988-10-12,1.222401142120361
1988-10-13,1.2257874011993408
1988-10-14,1.22917377948761
1988-10-17,1.2325589656829834
1988-10-18,1.287045955657959
1988-10-19,1.2768040895462036
1988-10-20,1.33825421333313
1988-10-21,1.3314265012741089
1988-10-24,1.3143571615219116
1988-10-25,1.3075292110443115
1988-10-26,1.2836315631866455
1988-10-27,1.2665624618530271
1988-10-28,1.2563199996948242
1988-10-31,1.2563199996948242
1988-11-01,1.2494925260543823
1988-11-02,1.2563199996948242
1988-11-03,1.2699757814407349
1988-11-04,1.2563199996948242
1988-11-07,1.2221803665161133
1988-11-08,1.2494925260543823
1988-11-09,1.2563199996948242
1988-11-10,1.2460790872573853
1988-11-11,1.21535325050354
1988-11-14,1.1948692798614502
1988-11-15,1.2016971111297607
1988-11-16,1.153902888298035
1988-11-17,1.160730242729187
1988-11-18,1.1778002977371216
1988-11-21,1.1675580739974976
1988-11-22,1.1812143325805664
1988-11-23,1.1778002977371216
1988-11-25,1.1675580739974976
1988-11-28,1.1812143325805664
1988-11-29,1.1812143325805664
1988-11-30,1.198283553123474
1988-12-01,1.2085250616073608
1988-12-02,1.2085250616073608
1988-12-05,1.2426645755767822
1988-12-06,1.2494925260543823
1988-12-07,1.2494925260543823
1988-12-08,1.2426645755767822
1988-12-09,1.2426645755767822
1988-12-12,1.2563199996948242
1988-12-13,1.2665624618530271
1988-12-14,1.2460790872573853
1988-12-15,1.2426645755767822
1988-12-16,1.2494925260543823
1988-12-19,1.2665624618530271
1988-12-20,1.2494925260543823
1988-12-21,1.2392511367797852
1988-12-22,1.235836148262024
1988-12-23,1.2460790872573853
1988-12-27,1.2460790872573853
1988-12-28,1.2563199996948242
1988-12-29,1.2665624618530271
1988-12-30,1.2836315631866455
1989-01-03,1.235836148262024
1989-01-04,1.2597341537475586
1989-01-05,1.2460790872573853
1989-01-06,1.2290089130401611
1989-01-09,1.225595235824585
1989-01-10,1.225595235824585
1989-01-11,1.2290089130401611
1989-01-12,1.2426645755767822
1989-01-13,1.2426645755767822
1989-01-16,1.2665624618530271
1989-01-17,1.252906322479248
1989-01-18,1.2768040895462036
1989-01-19,1.2697839736938477
1989-01-20,1.2560200691223145
1989-01-23,1.249137282371521
1989-01-24,1.2697839736938477
1989-01-25,1.242254376411438
1989-01-26,1.2629010677337646
1989-01-27,1.2732250690460205
1989-01-30,1.2697839736938477
1989-01-31,1.286989688873291
1989-02-01,1.2835488319396973
1989-02-02,1.286989688873291
1989-02-03,1.2835488319396973
1989-02-06,1.2973127365112305
1989-02-07,1.3041943311691284
1989-02-08,1.2938722372055054
1989-02-09,1.2835488319396973
1989-02-10,1.2525774240493774
1989-02-13,1.249137282371521
1989-02-14,1.2525774240493774
1989-02-15,1.2525774240493774
1989-02-16,1.2594609260559082
1989-02-17,1.276666522026062
1989-02-21,1.2629010677337646
1989-02-22,1.242254376411438
1989-02-23,1.2594609260559082
1989-02-24,1.2319313287734983
1989-02-27,1.2250487804412842
1989-02-28,1.2250487804412842
1989-03-01,1.2181663513183594
1989-03-02,1.2353724241256714
1989-03-03,1.2216084003448486
1989-03-06,1.2594609260559082
1989-03-07,1.2456955909729004
1989-03-08,1.2629010677337646
1989-03-09,1.2697839736938477
1989-03-10,1.2697839736938477
1989-03-13,1.2801072597503662
1989-03-14,1.276666522026062
1989-03-15,1.2732250690460205
1989-03-16,1.2938722372055054
1989-03-17,1.2801072597503662
1989-03-20,1.2732250690460205
1989-03-21,1.286989688873291
1989-03-22,1.2801072597503662
1989-03-23,1.2732250690460205
1989-03-27,1.2835488319396973
1989-03-28,1.2801072597503662
1989-03-29,1.2801072597503662
1989-03-30,1.3110774755477903
1989-03-31,1.3179603815078735
1989-04-03,1.3179603815078735
1989-04-04,1.3179603815078735
1989-04-05,1.3248417377471924
1989-04-06,1.300754189491272
1989-04-07,1.300754189491272
1989-04-10,1.3248417377471924
1989-04-11,1.3523712158203125
1989-04-12,1.3317244052886963
1989-04-13,1.3110774755477903
1989-04-14,1.33516526222229
1989-04-17,1.3454890251159668
1989-04-18,1.3558125495910645
1989-04-19,1.3452720642089844
1989-04-20,1.3348703384399414
1989-04-21,1.3418049812316897
1989-04-24,1.3418049812316897
1989-04-25,1.3556735515594482
1989-04-26,1.3556735515594482
1989-04-27,1.3764768838882446
1989-04-28,1.3764768838882446
1989-05-01,1.3626075983047483
1989-05-02,1.352206468582153
1989-05-03,1.3764768838882446
1989-05-04,1.3834114074707031
1989-05-05,1.3799444437026978
1989-05-08,1.3695425987243652
1989-05-09,1.3626075983047483
1989-05-10,1.3626075983047483
1989-05-11,1.3730095624923706
1989-05-12,1.4042145013809204
1989-05-15,1.4215503931045532
1989-05-16,1.4111493825912476
1989-05-17,1.4319519996643066
1989-05-18,1.4284849166870115
1989-05-19,1.452755331993103
1989-05-22,1.445820689201355
1989-05-23,1.4042145013809204
1989-05-24,1.4215503931045532
1989-05-25,1.4180828332901
1989-05-26,1.4284849166870115
1989-05-30,1.4042145013809204
1989-05-31,1.4042145013809204
1989-06-01,1.3938125371932983
1989-06-02,1.435418725013733
1989-06-05,1.4042145013809204
1989-06-06,1.4319519996643066
1989-06-07,1.4284849166870115
1989-06-08,1.4284849166870115
1989-06-09,1.4180828332901
1989-06-12,1.435418725013733
1989-06-13,1.400747299194336
1989-06-14,1.3764768838882446
1989-06-15,1.3834114074707031
1989-06-16,1.3834114074707031
1989-06-19,1.4111493825912476
1989-06-20,1.4180828332901
1989-06-21,1.4215503931045532
1989-06-22,1.4180828332901
1989-06-23,1.4492884874343872
1989-06-26,1.4596900939941406
1989-06-27,1.4770245552062988
1989-06-28,1.4700911045074463
1989-06-29,1.4423540830612185
1989-06-30,1.4319519996643066
1989-07-03,1.4250171184539795
1989-07-05,1.4250171184539795
1989-07-06,1.4423540830612185
1989-07-07,1.445820689201355
1989-07-10,1.4562219381332395
1989-07-11,1.4562219381332395
1989-07-12,1.4666240215301514
1989-07-13,1.4700911045074463
1989-07-14,1.490894436836243
1989-07-17,1.5082299709320068
1989-07-18,1.5116971731185913
1989-07-19,1.490611910820007
1989-07-20,1.5429760217666626
1989-07-21,1.556939959526062
1989-07-24,1.5185394287109375
1989-07-25,1.5499569177627563
1989-07-26,1.612794280052185
1989-07-27,1.6477028131484983
1989-07-28,1.6337395906448364
1989-07-31,1.6302486658096311
1989-08-01,1.6162850856781006
1989-08-02,1.6162850856781006
1989-08-03,1.612794280052185
1989-08-04,1.5918482542037964
1989-08-07,1.5918482542037964
1989-08-08,1.5953391790390017
1989-08-09,1.584866285324097
1989-08-10,1.6197760105133057
1989-08-11,1.6162850856781006
1989-08-14,1.6197760105133057
1989-08-15,1.6162850856781006
1989-08-16,1.6197760105133057
1989-08-17,1.60930335521698
1989-08-18,1.60930335521698
1989-08-21,1.5918482542037964
1989-08-22,1.574394702911377
1989-08-23,1.6023211479187012
1989-08-24,1.651193380355835
1989-08-25,1.6477028131484983
1989-08-28,1.6616653203964231
1989-08-29,1.658176064491272
1989-08-30,1.6477028131484983
1989-08-31,1.651193380355835
1989-09-01,1.651193380355835
1989-09-05,1.6477028131484983
1989-09-06,1.6442116498947144
1989-09-07,1.6546850204467771
1989-09-08,1.6651570796966553
1989-09-11,1.6616653203964231
1989-09-12,1.6756303310394287
1989-09-13,1.6372301578521729
1989-09-14,1.6337395906448364
1989-09-15,1.6337395906448364
1989-09-18,1.6337395906448364
1989-09-19,1.6442116498947144
1989-09-20,1.6372301578521729
1989-09-21,1.6442116498947144
1989-09-22,1.6197760105133057
1989-09-25,1.6232664585113523
1989-09-26,1.640721321105957
1989-09-27,1.6756303310394287
1989-09-28,1.7000657320022583
1989-09-29,1.6826119422912598
1989-10-02,1.6791200637817385
1989-10-03,1.745447039604187
1989-10-04,1.7873386144638062
1989-10-05,1.7873386144638062
1989-10-06,1.7838479280471802
1989-10-09,1.7873386144638062
1989-10-10,1.794320583343506
1989-10-11,1.7838479280471802
1989-10-12,1.7873386144638062
1989-10-13,1.6337395906448364
1989-10-16,1.7245025634765625
1989-10-17,1.7140297889709473
1989-10-18,1.7594112157821655
1989-10-19,1.8001965284347534
1989-10-20,1.8001965284347534
1989-10-23,1.7791013717651367
1989-10-24,1.7791013717651367
1989-10-25,1.7685532569885254
1989-10-26,1.726361870765686
1989-10-27,1.691200852394104
1989-10-30,1.6982327699661257
1989-10-31,1.7333935499191284
1989-11-01,1.7369084358215332
1989-11-02,1.7087807655334473
1989-11-03,1.7158132791519165
1989-11-06,1.691200852394104
1989-11-07,1.6876845359802246
1989-11-08,1.7052650451660156
1989-11-09,1.6665880680084229
1989-11-10,1.677136778831482
1989-11-13,1.6947165727615356
1989-11-14,1.7158132791519165
1989-11-15,1.7333935499191284
1989-11-16,1.7369084358215332
1989-11-17,1.7228453159332275
1989-11-20,1.7087807655334473
1989-11-21,1.7017487287521362
1989-11-22,1.7298763990402222
1989-11-24,1.772069811820984
1989-11-27,1.765036702156067
1989-11-28,1.7544894218444824
1989-11-29,1.7439415454864502
1989-11-30,1.7369084358215332
1989-12-01,1.772069811820984
1989-12-04,1.7685532569885254
1989-12-05,1.7474571466445925
1989-12-06,1.7474571466445925
1989-12-07,1.7439415454864502
1989-12-08,1.7580045461654663
1989-12-11,1.7544894218444824
1989-12-12,1.7791013717651367
1989-12-13,1.8072290420532229
1989-12-14,1.8001965284347534
1989-12-15,1.8037126064300537
1989-12-18,1.782617211341858
1989-12-19,1.7298763990402222
1989-12-20,1.726361870765686
1989-12-21,1.7052650451660156
1989-12-22,1.7298763990402222
1989-12-26,1.7298763990402222
1989-12-27,1.7298763990402222
1989-12-28,1.7439415454864502
1989-12-29,1.7861335277557373
1990-01-02,1.79316508769989
1990-01-03,1.7861335277557373
1990-01-04,1.7685532569885254
1990-01-05,1.7087807655334473
1990-01-08,1.7122973203659058
1990-01-09,1.7333935499191284
1990-01-10,1.726361870765686
1990-01-11,1.7509725093841553
1990-01-12,1.726361870765686
1990-01-15,1.7439415454864502
1990-01-16,1.7193288803100586
1990-01-17,1.7122973203659058
1990-01-18,1.7122973203659058
1990-01-19,1.7250480651855469
1990-01-22,1.671916365623474
1990-01-23,1.6471205949783323
1990-01-24,1.618783473968506
1990-01-25,1.565650463104248
1990-01-26,1.544396996498108
1990-01-29,1.533769965171814
1990-01-30,1.5054330825805664
1990-01-31,1.5408549308776855
1990-02-01,1.5585652589797974
1990-02-02,1.5975295305252075
1990-02-05,1.611698031425476
1990-02-06,1.611698031425476
1990-02-07,1.6329514980316162
1990-02-08,1.6612892150878906
1990-02-09,1.671916365623474
1990-02-12,1.6258678436279297
1990-02-13,1.611698031425476
1990-02-14,1.5975295305252075
1990-02-15,1.6152405738830566
1990-02-16,1.5939861536026
1990-02-20,1.572734236717224
1990-02-21,1.5869029760360718
1990-02-22,1.576277256011963
1990-02-23,1.565650463104248
1990-02-26,1.5691916942596436
1990-02-27,1.5975295305252075
1990-02-28,1.608156681060791
1990-03-01,1.5798184871673584
1990-03-02,1.572734236717224
1990-03-05,1.555023431777954
1990-03-06,1.572734236717224
1990-03-07,1.6258678436279297
1990-03-08,1.6683744192123413
1990-03-09,1.6435781717300415
1990-03-12,1.6683744192123413
1990-03-13,1.6542049646377563
1990-03-14,1.6612892150878906
1990-03-15,1.7002532482147217
1990-03-16,1.710880160331726
1990-03-19,1.717963933944702
1990-03-20,1.6931692361831665
1990-03-21,1.7037954330444336
1990-03-22,1.6577469110488892
1990-03-23,1.6683744192123413
1990-03-26,1.6577469110488892
1990-03-27,1.6648318767547607
1990-03-28,1.6790002584457395
1990-03-29,1.6825435161590576
1990-03-30,1.686084270477295
1990-04-02,1.671916365623474
1990-04-03,1.6825435161590576
1990-04-04,1.6542049646377563
1990-04-05,1.6577469110488892
1990-04-06,1.6223253011703491
1990-04-09,1.6258678436279297
1990-04-10,1.6329514980316162
1990-04-11,1.6152405738830566
1990-04-12,1.6471205949783323
1990-04-16,1.6542049646377563
1990-04-17,1.640035629272461
1990-04-18,1.611698031425476
1990-04-19,1.617411494255066
1990-04-20,1.6316940784454346
1990-04-23,1.603130340576172
1990-04-24,1.6102718114852903
1990-04-25,1.617411494255066
1990-04-26,1.6316940784454346
1990-04-27,1.624551773071289
1990-04-30,1.6102718114852903
1990-05-01,1.603130340576172
1990-05-02,1.6102718114852903
1990-05-03,1.6388344764709473
1990-05-04,1.66025710105896
1990-05-07,1.6923906803131104
1990-05-08,1.685249924659729
1990-05-09,1.6923906803131104
1990-05-10,1.7209539413452148
1990-05-11,1.753088116645813
1990-05-14,1.7637999057769775
1990-05-15,1.7459466457366943
1990-05-16,1.753088116645813
1990-05-17,1.760229468345642
1990-05-18,1.7637999057769775
1990-05-21,1.7995034456253052
1990-05-22,1.8102155923843384
1990-05-23,1.8244969844818115
1990-05-24,1.8137856721878047
1990-05-25,1.7995034456253052
1990-05-29,1.8030738830566408
1990-05-30,1.8244969844818115
1990-05-31,1.845919489860535
1990-06-01,1.860201358795166
1990-06-04,1.8744834661483765
1990-06-05,1.856630086898804
1990-06-06,1.8423491716384888
1990-06-07,1.820926308631897
1990-06-08,1.7887920141220093
1990-06-11,1.806645393371582
1990-06-12,1.8423491716384888
1990-06-13,1.8923349380493164
1990-06-14,1.8887650966644287
1990-06-15,1.8851946592330933
1990-06-18,1.867340922355652
1990-06-19,1.8887650966644287
1990-06-20,1.8923349380493164
1990-06-21,1.9173293113708496
1990-06-22,1.8923349380493164
1990-06-25,1.9030487537384035
1990-06-26,1.91375732421875
1990-06-27,1.9387518167495728
1990-06-28,1.967315435409546
1990-06-29,1.9530324935913088
1990-07-02,1.9566031694412231
1990-07-03,1.9923075437545776
1990-07-05,1.9601739645004272
1990-07-06,1.9637434482574463
1990-07-09,1.985166072845459
1990-07-10,1.9744563102722168
1990-07-11,2.035153150558472
1990-07-12,2.099420547485352
1990-07-13,2.085139274597168
1990-07-16,2.102991342544556
1990-07-17,2.11013126373291
1990-07-18,2.092278957366944
1990-07-19,2.0656955242156982
1990-07-20,2.0621025562286377
1990-07-23,1.9902526140213013
1990-07-24,2.026176691055298
1990-07-25,2.029771566390991
1990-07-26,2.0082156658172607
1990-07-27,2.004622220993042
1990-07-30,1.9938452243804927
1990-07-31,2.0118064880371094
1990-08-01,2.0333621501922607
1990-08-02,1.9651050567626955
1990-08-03,1.9076248407363887
1990-08-06,1.8681076765060425
1990-08-07,1.8717001676559448
1990-08-08,1.9363657236099243
1990-08-09,1.9651050567626955
1990-08-10,1.9040323495864868
1990-08-13,1.939958453178405
1990-08-14,1.979475021362305
1990-08-15,1.9902526140213013
1990-08-16,1.9471430778503416
1990-08-17,1.893255829811096
1990-08-20,1.893255829811096
1990-08-21,1.8573299646377563
1990-08-22,1.8070358037948608
1990-08-23,1.7136297225952148
1990-08-24,1.7890726327896118
1990-08-27,1.8537365198135376
1990-08-28,1.864514946937561
1990-08-29,1.8896615505218504
1990-08-30,1.875292181968689
1990-08-31,1.882477879524231
1990-09-04,1.878883957862854
1990-09-05,1.8681076765060425
1990-09-06,1.8393670320510864
1990-09-07,1.8501452207565308
1990-09-10,1.8573299646377563
1990-09-11,1.8501452207565308
1990-09-12,1.8465522527694704
1990-09-13,1.8393670320510864
1990-09-14,1.817812323570252
1990-09-17,1.8214048147201536
1990-09-18,1.8034415245056152
1990-09-19,1.7998489141464231
1990-09-20,1.7244058847427368
1990-09-21,1.7028520107269287
1990-09-24,1.6525564193725586
1990-09-25,1.6848886013031006
1990-09-26,1.6884821653366089
1990-09-27,1.6705193519592283
1990-09-28,1.7100372314453125
1990-10-01,1.8034415245056152
1990-10-02,1.8321824073791504
1990-10-03,1.8285894393920896
1990-10-04,1.817812323570252
1990-10-05,1.8249977827072144
1990-10-08,1.8034415245056152
1990-10-09,1.7603317499160769
1990-10-10,1.7244058847427368
1990-10-11,1.681296706199646
1990-10-12,1.717221975326538
1990-10-15,1.7782942056655884
1990-10-16,1.771109938621521
1990-10-17,1.7639245986938477
1990-10-18,1.860922574996948
1990-10-19,1.9173575639724727
1990-10-22,1.9390628337860107
1990-10-23,1.910122513771057
1990-10-24,1.9354465007781985
1990-10-25,1.9390628337860107
1990-10-26,1.910122513771057
1990-10-29,1.899269819259644
1990-10-30,1.9209758043289185
1990-10-31,1.9354465007781985
1990-11-01,1.9318279027938845
1990-11-02,1.9462993144989007
1990-11-05,1.9643878936767576
1990-11-06,1.98247492313385
1990-11-07,1.9571526050567627
1990-11-08,1.9643878936767576
1990-11-09,2.011416435241699
1990-11-12,2.0584471225738525
1990-11-13,2.029505491256714
1990-11-14,2.004181146621704
1990-11-15,1.9354465007781985
1990-11-16,1.9245922565460205
1990-11-19,1.9535349607467647
1990-11-20,1.971622467041016
1990-11-21,2.004181146621704
1990-11-23,2.004181146621704
1990-11-26,2.004181146621704
1990-11-27,2.018651008605957
1990-11-28,2.015035629272461
1990-11-29,2.022271156311035
1990-11-30,2.043976068496704
1990-12-03,2.069299459457397
1990-12-04,2.091005325317383
1990-12-05,2.12718152999878
1990-12-06,2.080152988433838
1990-12-07,2.0765342712402344
1990-12-10,2.1090941429138184
1990-12-11,2.1163296699523926
1990-12-12,2.123563528060913
1990-12-13,2.152506351470948
1990-12-14,2.141652584075928
1990-12-17,2.1344168186187744
1990-12-18,2.1380348205566406
1990-12-19,2.145270586013794
1990-12-20,2.170593738555908
1990-12-21,2.156122922897339
1990-12-24,2.141652584075928
1990-12-26,2.159740924835205
1990-12-27,2.148887634277344
1990-12-28,2.141652584075928
1990-12-31,2.1344168186187744
1991-01-02,2.080152988433838
1991-01-03,2.022271156311035
1991-01-04,2.025887012481689
1991-01-07,2.018651008605957
1991-01-08,1.9897103309631348
1991-01-09,1.9535349607467647
1991-01-10,1.986093163490296
1991-01-11,2.011416435241699
1991-01-14,2.015035629272461
1991-01-15,2.004181146621704
1991-01-16,2.015035629272461
1991-01-17,2.080152988433838
1991-01-18,2.096898078918457
1991-01-21,2.0750558376312256
1991-01-22,2.0641348361968994
1991-01-23,2.056853771209717
1991-01-24,2.0641348361968994
1991-01-25,2.03865122795105
1991-01-28,2.0350112915039062
1991-01-29,1.987685322761536
1991-01-30,2.0058865547180176
1991-01-31,2.03865122795105
1991-02-01,2.056853771209717
1991-02-04,2.111459732055664
1991-02-05,2.1369435787200928
1991-02-06,2.1442244052886963
1991-02-07,2.118741512298584
1991-02-08,2.1405835151672363
1991-02-11,2.191548585891724
1991-02-12,2.14786434173584
1991-02-13,2.20247220993042
1991-02-14,2.12966251373291
1991-02-15,2.173348188400269
1991-02-19,2.1551456451416016
1991-02-20,2.122381687164306
1991-02-21,2.1333019733428955
1991-02-22,2.1551456451416016
1991-02-25,2.184269428253174
1991-02-26,2.14786434173584
1991-02-27,2.151505708694458
1991-02-28,2.14786434173584
1991-03-01,2.151505708694458
1991-03-04,2.14786434173584
1991-03-05,2.184269428253174
1991-03-06,2.191548585891724
1991-03-07,2.1806299686431885
1991-03-08,2.184269428253174
1991-03-11,2.1551456451416016
1991-03-12,2.151505708694458
1991-03-13,2.1697068214416504
1991-03-14,2.224314451217652
1991-03-15,2.2206742763519287
1991-03-18,2.224314451217652
1991-03-19,2.176988124847412
1991-03-20,2.2061121463775635
1991-03-21,2.2133939266204834
1991-03-22,2.1988308429718018
1991-03-25,2.2097513675689697
1991-03-26,2.224314451217652
1991-03-27,2.2315945625305176
1991-03-28,2.224314451217652
1991-04-01,2.224314451217652
1991-04-02,2.2461578845977783
1991-04-03,2.300762891769409
1991-04-04,2.3371686935424805
1991-04-05,2.322606325149536
1991-04-08,2.3298869132995605
1991-04-09,2.300762891769409
1991-04-10,2.308044672012329
1991-04-11,2.311685085296631
1991-04-12,2.322606325149536
1991-04-15,2.344449520111084
1991-04-16,2.373572587966919
1991-04-17,2.4609432220458984
1991-04-18,2.46458387374878
1991-04-19,2.4215023517608643
1991-04-22,2.384868860244751
1991-04-23,2.384868860244751
1991-04-24,2.3372445106506348
1991-04-25,2.329916954040528
1991-04-26,2.344571113586426
1991-04-29,2.315263032913208
1991-04-30,2.329916954040528
1991-05-01,2.3409080505371094
1991-05-02,2.362888097763061
1991-05-03,2.359225511550904
1991-05-06,2.304274559020996
1991-05-07,2.3225910663604736
1991-05-08,2.329916954040528
1991-05-09,2.3482348918914795
1991-05-10,2.3225910663604736
1991-05-13,2.31160044670105
1991-05-14,2.267639636993408
1991-05-15,2.245659112930298
1991-05-16,2.212687969207764
1991-05-17,2.2273435592651367
1991-05-20,2.285956621170044
1991-05-21,2.285956621170044
1991-05-22,2.3079371452331543
1991-05-23,2.329916954040528
1991-05-24,2.344571113586426
1991-05-28,2.373877763748169
1991-05-29,2.359225511550904
1991-05-30,2.395858764648437
1991-05-31,2.417840003967285
1991-06-03,2.344571113586426
1991-06-04,2.329916954040528
1991-06-05,2.3225910663604736
1991-06-06,2.3079371452331543
1991-06-07,2.2566492557525635
1991-06-10,2.271302461624145
1991-06-11,2.2786295413970947
1991-06-12,2.271302461624145
1991-06-13,2.329916954040528
1991-06-14,2.359225511550904
1991-06-17,2.315263032913208
1991-06-18,2.3372445106506348
1991-06-19,2.271302461624145
1991-06-20,2.2566492557525635
1991-06-21,2.2566492557525635
1991-06-24,2.190709352493286
1991-06-25,2.2053611278533936
1991-06-26,2.1833815574646
1991-06-27,2.176053762435913
1991-06-28,2.1540732383728027
1991-07-01,2.1833815574646
1991-07-02,2.16872787475586
1991-07-03,2.176053762435913
1991-07-05,2.190709352493286
1991-07-08,2.2053611278533936
1991-07-09,2.16872787475586
1991-07-10,2.1101136207580566
1991-07-11,2.1247670650482178
1991-07-12,2.161400556564331
1991-07-15,2.2053611278533936
1991-07-16,2.2273435592651367
1991-07-17,2.212687969207764
1991-07-18,2.2932822704315186
1991-07-19,2.331051826477051
1991-07-22,2.301544189453125
1991-07-23,2.257285118103028
1991-07-24,2.294168472290039
1991-07-25,2.331051826477051
1991-07-26,2.331051826477051
1991-07-29,2.301544189453125
1991-07-30,2.345804452896118
1991-07-31,2.367936611175537
1991-08-01,2.3236749172210693
1991-08-02,2.308920860290528
1991-08-05,2.3236749172210693
1991-08-06,2.360559463500977
1991-08-07,2.390065670013428
1991-08-08,2.3236749172210693
1991-08-09,2.3531832695007324
1991-08-12,2.360559463500977
1991-08-13,2.367936611175537
1991-08-14,2.345804452896118
1991-08-15,2.3531832695007324
1991-08-16,2.331051826477051
1991-08-19,2.272037506103516
1991-08-20,2.272037506103516
1991-08-21,2.3236749172210693
1991-08-22,2.360559463500977
1991-08-23,2.390065670013428
1991-08-26,2.412195444107056
1991-08-27,2.404819965362549
1991-08-28,2.412195444107056
1991-08-29,2.426948547363281
1991-08-30,2.426948547363281
1991-09-03,2.404819965362549
1991-09-04,2.382690191268921
1991-09-05,2.404819965362549
1991-09-06,2.404819965362549
1991-09-09,2.397442579269409
1991-09-10,2.397442579269409
1991-09-11,2.3753137588500977
1991-09-12,2.338428258895874
1991-09-13,2.338428258895874
1991-09-16,2.360559463500977
1991-09-17,2.338428258895874
1991-09-18,2.3753137588500977
1991-09-19,2.397442579269409
1991-09-20,2.390065670013428
1991-09-23,2.404819965362549
1991-09-24,2.4712119102478027
1991-09-25,2.4712119102478027
1991-09-26,2.508094310760498
1991-09-27,2.500718116760254
1991-09-30,2.5449788570404053
1991-10-01,2.567108392715454
1991-10-02,2.559731960296631
1991-10-03,2.5376012325286865
1991-10-04,2.5523552894592285
1991-10-07,2.4712119102478027
1991-10-08,2.4785873889923096
1991-10-09,2.485964298248291
1991-10-10,2.5376012325286865
1991-10-11,2.5154716968536377
1991-10-14,2.5376012325286865
1991-10-15,2.5892395973205566
1991-10-16,2.611368656158448
1991-10-17,2.5154716968536377
1991-10-18,2.500718116760254
1991-10-21,2.4719154834747314
1991-10-22,2.427375316619873
1991-10-23,2.3976845741271973
1991-10-24,2.427375316619873
1991-10-25,2.3976845741271973
1991-10-28,2.5016086101531982
1991-10-29,2.5238778591156006
1991-10-30,2.4719154834747314
1991-10-31,2.4793384075164795
1991-11-01,2.434799909591675
1991-11-04,2.412529706954956
1991-11-05,2.442221403121948
1991-11-06,2.427375316619873
1991-11-07,2.4719154834747314
1991-11-08,2.4719154834747314
1991-11-11,2.457069396972656
1991-11-12,2.538724899291992
1991-11-13,2.516455173492432
1991-11-14,2.531301498413086
1991-11-15,2.494185209274292
1991-11-18,2.4644908905029297
1991-11-19,2.3754146099090576
1991-11-20,2.390261650085449
1991-11-21,2.434799909591675
1991-11-22,2.442221403121948
1991-11-25,2.442221403121948
1991-11-26,2.5016086101531982
1991-11-27,2.509030818939209
1991-11-29,2.509030818939209
1991-12-02,2.5609943866729736
1991-12-03,2.546146869659424
1991-12-04,2.546146869659424
1991-12-05,2.553570508956909
1991-12-06,2.5609943866729736
1991-12-09,2.575840473175049
1991-12-10,2.5832631587982178
1991-12-11,2.605533599853516
1991-12-12,2.657493352890014
1991-12-13,2.716880321502685
1991-12-16,2.694610595703125
1991-12-17,2.731727600097656
1991-12-18,2.731727600097656
1991-12-19,2.716880321502685
1991-12-20,2.7465736865997314
1991-12-23,2.8133816719055176
1991-12-24,2.78368878364563
1991-12-26,2.857922315597534
1991-12-27,2.857922315597534
1991-12-30,2.8950369358062744
1991-12-31,2.9024598598480225
1992-01-02,2.872767686843872
1992-01-03,2.843072891235352
1992-01-06,2.8208041191101074
1992-01-07,2.8133816719055176
1992-01-08,2.9098825454711914
1992-01-09,2.984114646911621
1992-01-10,2.9544219970703125
1992-01-13,2.9247281551361084
1992-01-14,2.9247281551361084
1992-01-15,2.880189657211304
1992-01-16,2.8133816719055176
1992-01-17,2.768841505050659
1992-01-20,2.768841505050659
1992-01-21,2.799601078033448
1992-01-22,2.8742570877075195
1992-01-23,2.81453275680542
1992-01-24,2.81453275680542
1992-01-27,2.8219988346099854
1992-01-28,2.889187812805176
1992-01-29,2.769737243652344
1992-01-30,2.859325885772705
1992-01-31,2.81453275680542
1992-02-03,2.799601078033448
1992-02-04,2.799601078033448
1992-02-05,2.844392776489258
1992-02-06,2.8667914867401123
1992-02-07,2.851860523223877
1992-02-10,2.8742570877075195
1992-02-11,2.859325885772705
1992-02-12,2.829463481903076
1992-02-13,2.7921364307403564
1992-02-14,2.7921364307403564
1992-02-18,2.7846693992614746
1992-02-19,2.739875078201294
1992-02-20,2.7846693992614746
1992-02-21,2.7772045135498047
1992-02-24,2.7846693992614746
1992-02-25,2.836928367614746
1992-02-26,2.8667914867401123
1992-02-27,2.881721973419189
1992-02-28,2.81453275680542
1992-03-02,2.799601078033448
1992-03-03,2.8219988346099854
1992-03-04,2.769737243652344
1992-03-05,2.754807710647583
1992-03-06,2.7921364307403564
1992-03-09,2.7846693992614746
1992-03-10,2.7772045135498047
1992-03-11,2.769737243652344
1992-03-12,2.717479467391968
1992-03-13,2.7921364307403564
1992-03-16,2.8070669174194336
1992-03-17,2.7921364307403564
1992-03-18,2.762273073196411
1992-03-19,2.799601078033448
1992-03-20,2.889187812805176
1992-03-23,2.8667914867401123
1992-03-24,2.91158390045166
1992-03-25,2.941445827484131
1992-03-26,2.941445827484131
1992-03-27,2.8667914867401123
1992-03-30,2.978775978088379
1992-03-31,2.9489128589630127
1992-04-01,2.941445827484131
1992-04-02,2.8742570877075195
1992-04-03,2.881721973419189
1992-04-06,2.859325885772705
1992-04-07,2.7921364307403564
1992-04-08,2.7772045135498047
1992-04-09,2.829463481903076
1992-04-10,2.851860523223877
1992-04-13,2.8667914867401123
1992-04-14,2.941445827484131
1992-04-15,2.9862399101257324
1992-04-16,2.9489128589630127
1992-04-20,2.9489128589630127
1992-04-21,2.957320213317871
1992-04-22,3.0473875999450684
1992-04-23,3.0173656940460205
1992-04-24,2.979836940765381
1992-04-27,2.994848251342773
1992-04-28,2.9873435497283936
1992-04-29,2.94981336593628
1992-04-30,3.0023529529571533
1992-05-01,2.9423084259033203
1992-05-04,2.979836940765381
1992-05-05,3.0624022483825684
1992-05-06,3.107439517974853
1992-05-07,3.0624022483825684
1992-05-08,3.0624022483825684
1992-05-11,3.092424869537353
1992-05-12,3.039883613586426
1992-05-13,3.032378911972046
1992-05-14,3.0173656940460205
1992-05-15,3.0624022483825684
1992-05-18,3.107439517974853
1992-05-19,3.1449668407440186
1992-05-20,3.1449668407440186
1992-05-21,3.0999326705932617
1992-05-22,3.084920644760132
1992-05-26,3.039883613586426
1992-05-27,3.077414035797119
1992-05-28,3.1449668407440186
1992-05-29,3.1824944019317627
1992-06-01,3.205012559890747
1992-06-02,3.174989938735962
1992-06-03,3.1824944019317627
1992-06-04,3.1374611854553223
1992-06-05,3.1449668407440186
1992-06-08,3.1374611854553223
1992-06-09,3.077414035797119
1992-06-10,3.032378911972046
1992-06-11,2.994848251342773
1992-06-12,3.0173656940460205
1992-06-15,3.0624022483825684
1992-06-16,3.077414035797119
1992-06-17,3.009861707687378
1992-06-18,2.957320213317871
1992-06-19,2.957320213317871
1992-06-22,2.9423084259033203
1992-06-23,3.009861707687378
1992-06-24,3.0624022483825684
1992-06-25,3.0624022483825684
1992-06-26,3.084920644760132
1992-06-29,3.1374611854553223
1992-06-30,3.107439517974853
1992-07-01,3.167483329772949
1992-07-02,3.174989938735962
1992-07-06,3.205012559890747
1992-07-07,3.122448205947876
1992-07-08,3.077414035797119
1992-07-09,3.1599783897399902
1992-07-10,3.1599783897399902
1992-07-13,3.167483329772949
1992-07-14,3.21251916885376
1992-07-15,3.19000244140625
1992-07-16,3.205012559890747
1992-07-17,3.19000244140625
1992-07-20,3.1449668407440186
1992-07-21,3.1712427139282227
1992-07-22,3.12593936920166
1992-07-23,3.110837936401367
1992-07-24,3.0730857849121094
1992-07-27,3.088184833526612
1992-07-28,3.1485912799835205
1992-07-29,3.1485912799835205
1992-07-30,3.156142473220825
1992-07-31,3.1712427139282227
1992-08-03,3.1636929512023926
1992-08-04,3.1636929512023926
1992-08-05,3.141040325164795
1992-08-06,3.156142473220825
1992-08-07,3.1938953399658203
1992-08-10,3.208996534347534
1992-08-11,3.208996534347534
1992-08-12,3.2165470123291016
1992-08-13,3.2240958213806152
1992-08-14,3.23919677734375
1992-08-17,3.3071529865264893
1992-08-18,3.3751065731048584
1992-08-19,3.3600058555603027
1992-08-20,3.352457284927368
1992-08-21,3.344905138015747
1992-08-24,3.2996022701263428
1992-08-25,3.292050361633301
1992-08-26,3.329805850982666
1992-08-27,3.3071529865264893
1992-08-28,3.3751065731048584
1992-08-31,3.36755633354187
1992-09-01,3.3600058555603027
1992-09-02,3.4053101539611816
1992-09-03,3.3751065731048584
1992-09-04,3.36755633354187
1992-09-08,3.344905138015747
1992-09-09,3.352457284927368
1992-09-10,3.4204089641571045
1992-09-11,3.465714931488037
1992-09-14,3.4053101539611816
1992-09-15,3.390209913253784
1992-09-16,3.352457284927368
1992-09-17,3.390209913253784
1992-09-18,3.45061469078064
1992-09-21,3.4581637382507324
1992-09-22,3.41286301612854
1992-09-23,3.3977599143981934
1992-09-24,3.4581637382507324
1992-09-25,3.435513973236084
1992-09-28,3.4808149337768555
1992-09-29,3.465714931488037
1992-09-30,3.4732658863067627
1992-10-01,3.518568754196167
1992-10-02,3.5336711406707764
1992-10-05,3.4581637382507324
1992-10-06,3.427962064743042
1992-10-07,3.41286301612854
1992-10-08,3.518568754196167
1992-10-09,3.4732658863067627
1992-10-12,3.503466844558716
1992-10-13,3.5261192321777344
1992-10-14,3.503466844558716
1992-10-15,3.4883675575256348
1992-10-16,3.4883675575256348
1992-10-19,3.503466844558716
1992-10-20,3.5678396224975586
1992-10-21,3.590614080429077
1992-10-22,3.575432062149048
1992-10-23,3.5374772548675537
1992-10-26,3.6133861541748047
1992-10-27,3.643753051757813
1992-10-28,3.628568410873413
1992-10-29,3.628568410873413
1992-10-30,3.628568410873413
1992-11-02,3.575432062149048
1992-11-03,3.476746797561645
1992-11-04,3.438789129257202
1992-11-05,3.438789129257202
1992-11-06,3.461566209793091
1992-11-09,3.5071122646331787
1992-11-10,3.476746797561645
1992-11-11,3.5298852920532227
1992-11-12,3.590614080429077
1992-11-13,3.6209797859191895
1992-11-16,3.590614080429077
1992-11-17,3.5830230712890625
1992-11-18,3.5602495670318604
1992-11-19,3.5830230712890625
1992-11-20,3.658935308456421
1992-11-23,3.658935308456421
1992-11-24,3.643753051757813
1992-11-25,3.6361587047576895
1992-11-27,3.658935308456421
1992-11-30,3.590614080429077
1992-12-01,3.6133861541748047
1992-12-02,3.5526580810546875
1992-12-03,3.5678396224975586
1992-12-04,3.6057958602905273
1992-12-07,3.6209797859191895
1992-12-08,3.5450682640075684
1992-12-09,3.5071122646331787
1992-12-10,3.522291421890259
1992-12-11,3.491929292678833
1992-12-14,3.5374772548675537
1992-12-15,3.499519109725952
1992-12-16,3.499519109725952
1992-12-17,3.491929292678833
1992-12-18,3.491929292678833
1992-12-21,3.476746797561645
1992-12-22,3.438789129257202
1992-12-23,3.446382999420166
1992-12-24,3.4691553115844727
1992-12-28,3.446382999420166
1992-12-29,3.385653018951416
1992-12-30,3.408426523208618
1992-12-31,3.385653018951416
1993-01-04,3.309741497039795
1993-01-05,3.3704726696014404
1993-01-06,3.3704726696014404
1993-01-07,3.3249258995056152
1993-01-08,3.309741497039795
1993-01-11,3.340106010437012
1993-01-12,3.3704726696014404
1993-01-13,3.385653018951416
1993-01-14,3.408426523208618
1993-01-15,3.4236092567443848
1993-01-18,3.416017532348633
1993-01-19,3.4196815490722656
1993-01-20,3.442582130432129
1993-01-21,3.3891501426696777
1993-01-22,3.3815174102783203
1993-01-25,3.404415369033813
1993-01-26,3.442582130432129
1993-01-27,3.465482473373413
1993-01-28,3.465482473373413
1993-01-29,3.4578449726104736
1993-02-01,3.4731147289276123
1993-02-02,3.557079792022705
1993-02-03,3.63341236114502
1993-02-04,3.656310796737671
1993-02-05,3.656310796737671
1993-02-08,3.6715781688690186
1993-02-09,3.6944775581359854
1993-02-10,3.663945198059082
1993-02-11,3.625779390335083
1993-02-12,3.587611436843872
1993-02-16,3.5265471935272217
1993-02-17,3.465482473373413
1993-02-18,3.5189130306243896
1993-02-19,3.579979658126831
1993-02-22,3.595245122909546
1993-02-23,3.663945198059082
1993-02-24,3.6944775581359854
1993-02-25,3.770808696746826
1993-02-26,3.808974742889404
1993-03-01,3.801342725753784
1993-03-02,3.892941474914551
1993-03-03,3.892941474914551
1993-03-04,3.877672672271729
1993-03-05,3.908209562301636
1993-03-08,3.984541654586792
1993-03-09,3.969274282455444
1993-03-10,3.984541654586792
1993-03-11,3.992173671722412
1993-03-12,3.984541654586792
1993-03-15,3.9463746547698975
1993-03-16,3.9463746547698975
1993-03-17,4.007440567016602
1993-03-18,4.076136589050293
1993-03-19,4.068504810333252
1993-03-22,4.045607089996338
1993-03-23,3.954004287719727
1993-03-24,3.984541654586792
1993-03-25,4.03033971786499
1993-03-26,4.015072345733643
1993-03-29,4.022707462310791
1993-03-30,4.03033971786499
1993-03-31,4.037973403930664
1993-04-01,4.022707462310791
1993-04-02,3.954004287719727
1993-04-05,3.7937099933624254
1993-04-06,3.663945198059082
1993-04-07,3.663945198059082
1993-04-08,3.6715781688690186
1993-04-12,3.740278244018554
1993-04-13,3.7937099933624254
1993-04-14,3.7937099933624254
1993-04-15,3.7937099933624254
1993-04-16,3.602879762649536
1993-04-19,3.5265471935272217
1993-04-20,3.614648580551148
1993-04-21,3.622323513031006
1993-04-22,3.699066638946533
1993-04-23,3.67604398727417
1993-04-26,3.645347595214844
1993-04-27,3.5993001461029053
1993-04-28,3.560929775238037
1993-04-29,3.614648580551148
1993-04-30,3.668371438980103
1993-05-03,3.668371438980103
1993-05-04,3.729766368865967
1993-05-05,3.745112657546997
1993-05-06,3.6913928985595694
1993-05-07,3.722090244293213
1993-05-10,3.737439393997192
1993-05-11,3.837207078933716
1993-05-12,3.7911605834960938
1993-05-13,3.729766368865967
1993-05-14,3.645347595214844
1993-05-17,3.622323513031006
1993-05-18,3.5762765407562256
1993-05-19,3.645347595214844
1993-05-20,3.70674204826355
1993-05-21,3.645347595214844
1993-05-24,3.6606953144073486
1993-05-25,3.683716535568237
1993-05-26,3.683716535568237
1993-05-27,3.622323513031006
1993-05-28,3.591625928878784
1993-06-01,3.4458110332489014
1993-06-02,3.484182834625244
1993-06-03,3.4688353538513184
1993-06-04,3.37674331665039
1993-06-07,3.28464937210083
1993-06-08,3.28464937210083
1993-06-09,3.246278762817383
1993-06-10,3.292323112487793
1993-06-11,3.299997329711914
1993-06-14,3.3537185192108154
1993-06-15,3.3920905590057373
1993-06-16,3.4304630756378174
1993-06-17,3.4227871894836426
1993-06-18,3.4304630756378174
1993-06-21,3.4995338916778564
1993-06-22,3.522555589675904
1993-06-23,3.4458110332489014
1993-06-24,3.4458110332489014
1993-06-25,3.491856336593628
1993-06-28,3.514880657196045
1993-06-29,3.5455801486968994
1993-06-30,3.5762765407562256
1993-07-01,3.537904977798462
1993-07-02,3.5072054862976074
1993-07-06,3.4304630756378174
1993-07-07,3.407439708709717
1993-07-08,3.4995338916778564
1993-07-09,3.537904977798462
1993-07-12,3.568601131439209
1993-07-13,3.5455801486968994
1993-07-14,3.491856336593628
1993-07-15,3.4688353538513184
1993-07-16,3.3613944053649902
1993-07-19,3.253952980041504
1993-07-20,3.2916595935821533
1993-07-21,3.137120485305786
1993-07-22,3.0134923458099365
1993-07-23,3.0598514080047607
1993-07-26,3.0598514080047607
1993-07-27,3.09075927734375
1993-07-28,3.1293931007385254
1993-07-29,3.160301923751831
1993-07-30,3.17575478553772
1993-08-02,3.137120485305786
1993-08-03,3.137120485305786
1993-08-04,3.09075927734375
1993-08-05,3.0753061771392822
1993-08-06,3.036670923233032
1993-08-09,3.0521256923675537
1993-08-10,3.0289459228515625
1993-08-11,2.982582330703736
1993-08-12,2.9516749382019043
1993-08-13,2.8975861072540283
1993-08-16,2.943948984146118
1993-08-17,3.0289459228515625
1993-08-18,3.17575478553772
1993-08-19,3.20666241645813
1993-08-20,3.1912076473236084
1993-08-23,3.160301923751831
1993-08-24,3.160301923751831
1993-08-25,3.1912076473236084
1993-08-26,3.183483123779297
1993-08-27,3.160301923751831
1993-08-30,3.1680283546447754
1993-08-31,3.2143890857696533
1993-09-01,3.237570285797119
1993-09-02,3.1912076473236084
1993-09-03,3.17575478553772
1993-09-07,3.183483123779297
1993-09-08,3.1680283546447754
1993-09-09,3.1680283546447754
1993-09-10,3.20666241645813
1993-09-13,3.2607500553131104
1993-09-14,3.276205062866211
1993-09-15,3.3302929401397705
1993-09-16,3.322567939758301
1993-09-17,3.222118139266968
1993-09-20,3.276205062866211
1993-09-21,3.2993855476379395
1993-09-22,3.314839124679565
1993-09-23,3.2684781551361084
1993-09-24,3.283933639526367
1993-09-27,3.2993855476379395
1993-09-28,3.2993855476379395
1993-09-29,3.276205062866211
1993-09-30,3.253024101257324
1993-10-01,3.253024101257324
1993-10-04,3.3302929401397705
1993-10-05,3.3766536712646484
1993-10-06,3.384380578994751
1993-10-07,3.368928909301758
1993-10-08,3.384380578994751
1993-10-11,3.423014879226685
1993-10-12,3.430743932723999
1993-10-13,3.430743932723999
1993-10-14,3.5466461181640625
1993-10-15,3.647095680236816
1993-10-18,3.577552556991577
1993-10-19,3.522193670272827
1993-10-20,3.568844795227051
1993-10-21,3.592170238494873
1993-10-22,3.5532941818237305
1993-10-25,3.6543726921081534
1993-10-26,3.615494966506958
1993-10-27,3.669924736022949
1993-10-28,3.677699089050293
1993-10-29,3.6543726921081534
1993-11-01,3.677699089050293
1993-11-02,3.6543726921081534
1993-11-03,3.607722520828247
1993-11-04,3.5843963623046875
1993-11-05,3.5532941818237305
1993-11-08,3.5532941818237305
1993-11-09,3.561068534851074
1993-11-10,3.5455198287963867
1993-11-11,3.491093397140503
1993-11-12,3.529967784881592
1993-11-15,3.529967784881592
1993-11-16,3.6543726921081534
1993-11-17,3.631046295166016
1993-11-18,3.6388232707977295
1993-11-19,3.615494966506958
1993-11-22,3.646598100662232
1993-11-23,3.6232738494873047
1993-11-24,3.615494966506958
1993-11-26,3.5999462604522705
1993-11-29,3.615494966506958
1993-11-30,3.685474634170532
1993-12-01,3.716576337814331
1993-12-02,3.716576337814331
1993-12-03,3.716576337814331
1993-12-06,3.786553144454956
1993-12-07,3.825431108474731
1993-12-08,3.786553144454956
1993-12-09,3.786553144454956
1993-12-10,3.739901542663574
1993-12-13,3.74767541885376
1993-12-14,3.786553144454956
1993-12-15,3.786553144454956
1993-12-16,3.786553144454956
1993-12-17,3.770999193191528
1993-12-20,3.7554523944854736
1993-12-21,3.7554523944854736
1993-12-22,3.809879064559937
1993-12-23,3.786553144454956
1993-12-27,3.786553144454956
1993-12-28,3.809879064559937
1993-12-29,3.794329881668091
1993-12-30,3.8176536560058594
1993-12-31,3.879858493804932
1994-01-03,3.786553144454956
1994-01-04,3.732126712799072
1994-01-05,3.716576337814331
1994-01-06,3.677699089050293
1994-01-07,3.732126712799072
1994-01-10,3.778778791427612
1994-01-11,3.802103281021118
1994-01-12,3.802103281021118
1994-01-13,3.778778791427612
1994-01-14,3.786553144454956
1994-01-17,3.74767541885376
1994-01-18,3.739901542663574
1994-01-19,3.715497255325317
1994-01-20,3.7858943939208975
1994-01-21,3.7702503204345694
1994-01-24,3.762428760528565
1994-01-25,3.7233171463012695
1994-01-26,3.6763858795166016
1994-01-27,3.707673788070679
1994-01-28,3.7233171463012695
1994-01-31,3.7311408519744873
1994-02-01,3.7233171463012695
1994-02-02,3.80154013633728
1994-02-03,3.832828760147095
1994-02-04,3.809361696243286
1994-02-07,3.825005292892456
1994-02-08,3.8406496047973633
1994-02-09,3.871941089630127
1994-02-10,3.809361696243286
1994-02-11,3.832828760147095
1994-02-14,3.879763603210449
1994-02-15,3.981448411941528
1994-02-16,4.059670448303223
1994-02-17,4.012736797332764
1994-02-18,3.981448411941528
1994-02-22,4.059670448303223
1994-02-23,4.044025897979736
1994-02-24,4.036201477050781
1994-02-25,4.083135604858398
1994-02-28,4.075314521789551
1994-03-01,4.044025897979736
1994-03-02,4.044025897979736
1994-03-03,4.012736797332764
1994-03-04,4.020557403564453
1994-03-07,4.067489147186279
1994-03-08,4.044025897979736
1994-03-09,4.059670448303223
1994-03-10,4.051845073699951
1994-03-11,4.036201477050781
1994-03-14,4.004913806915283
1994-03-15,4.028380393981934
1994-03-16,3.9970932006835938
1994-03-17,3.957983732223511
1994-03-18,3.934515476226807
1994-03-21,3.9188711643218994
1994-03-22,3.9188711643218994
1994-03-23,3.793715238571167
1994-03-24,3.715497255325317
1994-03-25,3.7233171463012695
1994-03-28,3.692030906677246
1994-03-29,3.64509916305542
1994-03-30,3.621631145477295
1994-03-31,3.621631145477295
1994-04-04,3.582520008087158
1994-04-05,3.613807678222656
1994-04-06,3.574697971343994
1994-04-07,3.551231384277344
1994-04-08,3.519944190979004
1994-04-11,3.535588264465332
1994-04-12,3.519944190979004
1994-04-13,3.527766466140747
1994-04-14,3.605987071990967
1994-04-15,3.574697971343994
1994-04-18,3.5590574741363525
1994-04-19,3.550236701965332
1994-04-20,3.636829853057861
1994-04-21,3.628955841064453
1994-04-22,3.6525719165802
1994-04-25,3.6525719165802
1994-04-26,3.6683189868927
1994-04-28,3.628955841064453
1994-04-29,3.691932201385498
1994-05-02,3.747034788131714
1994-05-03,3.707676887512207
1994-05-04,3.684061288833618
1994-05-05,3.597471237182617
1994-05-06,3.5895962715148926
1994-05-09,3.526621103286743
1994-05-10,3.558109760284424
1994-05-11,3.550236701965332
1994-05-12,3.5738532543182373
1994-05-13,3.550236701965332
1994-05-16,3.558109760284424
1994-05-17,3.628955841064453
1994-05-18,3.636829853057861
1994-05-19,3.6761903762817374
1994-05-20,3.6683189868927
1994-05-23,3.684061288833618
1994-05-24,3.660444259643554
1994-05-25,3.6446993350982666
1994-05-26,3.6525719165802
1994-05-27,3.660444259643554
1994-05-31,3.605339765548706
1994-06-01,3.5738532543182373
1994-06-02,3.628955841064453
1994-06-03,3.628955841064453
1994-06-06,3.636829853057861
1994-06-07,3.6446993350982666
1994-06-08,3.6210837364196777
1994-06-09,3.613213300704956
1994-06-10,3.5895962715148926
1994-06-13,3.597471237182617
1994-06-14,3.628955841064453
1994-06-15,3.613213300704956
1994-06-16,3.605339765548706
1994-06-17,3.581725597381592
1994-06-20,3.550236701965332
1994-06-21,3.455774307250977
1994-06-22,3.369184255599976
1994-06-23,3.3376948833465576
1994-06-24,3.298336267471313
1994-06-27,3.3613100051879883
1994-06-28,3.3534393310546875
1994-06-29,3.3376948833465576
1994-06-30,3.290466785430908
1994-07-01,3.290466785430908
1994-07-05,3.2668495178222656
1994-07-06,3.329823732376098
1994-07-07,3.3455679416656494
1994-07-08,3.377056837081909
1994-07-11,3.3534393310546875
1994-07-12,3.3613100051879883
1994-07-13,3.290466785430908
1994-07-14,3.3376948833465576
1994-07-15,3.3455679416656494
1994-07-18,3.3534393310546875
1994-07-19,3.308065176010132
1994-07-20,3.315997838973999
1994-07-21,3.2049343585968018
1994-07-22,3.292198181152344
1994-07-25,3.2892215251922607
1994-07-26,3.3397934436798096
1994-07-27,3.308065176010132
1994-07-28,3.3556604385375977
1994-07-29,3.3873915672302246
1994-08-01,3.347729206085205
1994-08-02,3.308065176010132
1994-08-03,3.3001296520233154
1994-08-04,3.292198181152344
1994-08-05,3.3001296520233154
1994-08-08,3.331862211227417
1994-08-09,3.379459857940674
1994-08-10,3.4508564472198486
1994-08-11,3.42706036567688
1994-08-12,3.482588768005371
1994-08-15,3.482588768005371
1994-08-16,3.50638747215271
1994-08-17,3.5460522174835205
1994-08-18,3.5381197929382324
1994-08-19,3.5381197929382324
1994-08-22,3.609517097473145
1994-08-23,3.577784299850464
1994-08-24,3.6174490451812735
1994-08-25,3.6253855228424072
1994-08-26,3.6729793548583984
1994-08-29,3.6729793548583984
1994-08-30,3.649180412292481
1994-08-31,3.633315086364746
1994-09-01,3.649180412292481
1994-09-02,3.601583957672119
1994-09-06,3.5936522483825684
1994-09-07,3.5381197929382324
1994-09-08,3.50638747215271
1994-09-09,3.4984569549560547
1994-09-12,3.522254467010498
1994-09-13,3.4032607078552246
1994-09-14,3.514322519302368
1994-09-15,3.561920404434204
1994-09-16,3.561920404434204
1994-09-19,3.5460522174835205
1994-09-20,3.5301878452301025
1994-09-21,3.5857179164886475
1994-09-22,3.5857179164886475
1994-09-23,3.5460522174835205
1994-09-26,3.6729793548583984
1994-09-27,3.6729793548583984
1994-09-28,3.696781873703003
1994-09-29,3.680912733078003
1994-09-30,3.680912733078003
1994-10-03,3.688847064971924
1994-10-04,3.696781873703003
1994-10-05,3.665048837661743
1994-10-06,3.641248941421509
1994-10-07,3.633315086364746
1994-10-10,3.6729793548583984
1994-10-11,3.720578908920288
1994-10-12,3.7443768978118896
1994-10-13,3.776109218597412
1994-10-14,3.7999112606048575
1994-10-17,3.831641674041748
1994-10-18,3.8633742332458496
1994-10-19,3.873597860336304
1994-10-20,3.81768798828125
1994-10-21,3.841648578643799
1994-10-24,3.793726682662964
1994-10-25,3.81768798828125
1994-10-26,3.81768798828125
1994-10-27,3.857622146606445
1994-10-28,3.857622146606445
1994-10-31,3.881583213806152
1994-11-01,3.913529634475708
1994-11-02,3.889570236206055
1994-11-03,3.873597860336304
1994-11-04,3.8336610794067374
1994-11-07,3.865610122680664
1994-11-08,3.8975589275360094
1994-11-09,3.881583213806152
1994-11-10,3.881583213806152
1994-11-11,3.865610122680664
1994-11-14,3.905543804168701
1994-11-15,3.905543804168701
1994-11-16,3.9614510536193848
1994-11-17,4.001384258270264
1994-11-18,3.969436883926392
1994-11-21,3.945477724075317
1994-11-22,3.873597860336304
1994-11-23,3.865610122680664
1994-11-25,3.84963583946228
1994-11-28,3.8336610794067374
1994-11-29,3.8336610794067374
1994-11-30,3.841648578643799
1994-12-01,3.801713228225708
1994-12-02,3.825676918029785
1994-12-05,3.8336610794067374
1994-12-06,3.8975589275360094
1994-12-07,3.905543804168701
1994-12-08,3.8975589275360094
1994-12-09,3.889570236206055
1994-12-12,3.993399620056152
1994-12-13,4.04930591583252
1994-12-14,4.07326602935791
1994-12-15,4.0333333015441895
1994-12-16,4.097228527069092
1994-12-19,4.121189117431641
1994-12-20,4.121189117431641
1994-12-21,4.0333333015441895
1994-12-22,3.929504871368408
1994-12-23,4.001384258270264
1994-12-27,4.025347232818604
1994-12-28,4.017359733581543
1994-12-29,4.041318416595459
1994-12-30,4.04930591583252
1995-01-03,4.017359733581543
1995-01-04,3.969436883926392
1995-01-05,3.841648578643799
1995-01-06,3.8336610794067374
1995-01-09,3.81768798828125
1995-01-10,3.761781692504883
1995-01-11,3.801713228225708
1995-01-12,3.8336610794067374
1995-01-13,3.841648578643799
1995-01-16,3.8336610794067374
1995-01-17,3.81768798828125
1995-01-18,3.7537920475006095
1995-01-19,3.772132396697998
1995-01-20,3.772132396697998
1995-01-23,3.780172824859619
1995-01-24,3.772132396697998
1995-01-25,3.7882180213928223
1995-01-26,3.8043041229248047
1995-01-27,3.973204135894776
1995-01-30,3.957117319107056
1995-01-31,4.045591354370117
1995-02-01,3.9812490940094
1995-02-02,4.013420104980469
1995-02-03,4.061678886413574
1995-02-06,4.085805892944336
1995-02-07,4.126021862030029
1995-02-08,4.134066581726074
1995-02-09,4.053635120391846
1995-02-10,4.013420104980469
1995-02-13,4.053635120391846
1995-02-14,3.9892890453338623
1995-02-15,4.045591354370117
1995-02-16,4.013420104980469
1995-02-17,3.9812490940094
1995-02-21,4.021462917327881
1995-02-22,3.9892890453338623
1995-02-23,4.045591354370117
1995-02-24,4.17427921295166
1995-02-27,4.150150775909424
1995-02-28,4.150150775909424
1995-03-01,4.10189151763916
1995-03-02,4.126021862030029
1995-03-03,4.150150775909424
1995-03-06,4.158191680908203
1995-03-07,4.10189151763916
1995-03-08,4.037549018859863
1995-03-09,4.037549018859863
1995-03-10,4.053635120391846
1995-03-13,4.093850135803223
1995-03-14,4.190364837646484
1995-03-15,4.198407173156738
1995-03-16,4.27079439163208
1995-03-17,4.28687858581543
1995-03-20,4.278835773468018
1995-03-21,4.294922828674316
1995-03-22,4.319052219390869
1995-03-23,4.3673095703125
1995-03-24,4.359264373779297
1995-03-27,4.335137844085693
1995-03-28,4.359264373779297
1995-03-29,4.294922828674316
1995-03-30,4.2305779457092285
1995-03-31,4.246662616729736
1995-04-03,4.262749195098877
1995-04-04,4.359264373779297
1995-04-05,4.38339376449585
1995-04-06,4.38339376449585
1995-04-07,4.391437530517578
1995-04-10,4.351221561431885
1995-04-11,4.343177795410156
1995-04-12,4.37535285949707
1995-04-13,4.302964687347412
1995-04-17,4.3673095703125
1995-04-18,4.399481296539307
1995-04-19,4.482659339904785
1995-04-20,4.4745683670043945
1995-04-21,4.523118019104004
1995-04-24,4.563573360443115
1995-04-25,4.531209468841553
1995-04-26,4.458386898040772
1995-04-27,4.531209468841553
1995-04-28,4.547389507293701
1995-05-01,4.482659339904785
1995-05-02,4.466477870941162
1995-05-03,4.620215892791748
1995-05-04,4.668763637542725
1995-05-05,4.660672187805176
1995-05-08,4.717312812805176
1995-05-09,4.741588592529297
1995-05-10,4.733497619628906
1995-05-11,4.684947490692139
1995-05-12,4.612122535705566
1995-05-15,4.693038940429688
1995-05-16,4.693038940429688
1995-05-17,4.628307819366455
1995-05-18,4.620215892791748
1995-05-19,4.652579307556152
1995-05-22,4.644487857818604
1995-05-23,4.668763637542725
1995-05-24,4.725403785705566
1995-05-25,4.765862941741943
1995-05-26,4.822502613067627
1995-05-30,4.871047496795654
1995-05-31,4.984330654144287
1995-06-01,4.968146324157715
1995-06-02,4.895325183868408
1995-06-05,4.879140377044678
1995-06-06,4.879140377044678
1995-06-07,4.887235641479492
1995-06-08,4.919599533081055
1995-06-09,4.8629584312438965
1995-06-12,4.903416633605957
1995-06-13,4.903416633605957
1995-06-14,4.887235641479492
1995-06-15,4.968146324157715
1995-06-16,4.984330654144287
1995-06-19,4.984330654144287
1995-06-20,4.822502613067627
1995-06-21,4.8144121170043945
1995-06-22,4.887235641479492
1995-06-23,4.846776962280273
1995-06-26,4.871047496795654
1995-06-27,4.822502613067627
1995-06-28,4.790134429931641
1995-06-29,4.757768630981445
1995-06-30,4.733497619628906
1995-07-03,4.717312812805176
1995-07-05,4.701129913330078
1995-07-06,4.5716657638549805
1995-07-07,4.644487857818604
1995-07-10,4.725403785705566
1995-07-11,4.733497619628906
1995-07-12,4.709220886230469
1995-07-13,4.668763637542725
1995-07-14,4.417929649353027
1995-07-17,4.442203998565674
1995-07-18,4.393653869628906
1995-07-19,4.337015151977539
1995-07-20,4.34510612487793
1995-07-21,4.367596626281738
1995-07-24,4.416487693786621
1995-07-25,4.392042636871338
1995-07-26,4.449080467224121
1995-07-27,4.497973918914795
1995-07-28,4.53871488571167
1995-07-31,4.563162326812744
1995-08-01,4.595755100250244
1995-08-02,4.620201110839844
1995-08-03,4.595755100250244
1995-08-04,4.595755100250244
1995-08-07,4.555013179779053
1995-08-08,4.4735260009765625
1995-08-09,4.506120681762695
1995-08-10,4.4735260009765625
1995-08-11,4.449080467224121
1995-08-14,4.497973918914795
1995-08-15,4.4735260009765625
1995-08-16,4.416487693786621
1995-08-17,4.400190830230713
1995-08-18,4.351298332214356
1995-08-21,4.38389253616333
1995-08-22,4.449080467224121
1995-08-23,4.440933704376221
1995-08-24,4.416487693786621
1995-08-25,4.359449863433838
1995-08-28,4.38389253616333
1995-08-29,4.408337593078613
1995-08-30,4.400190830230713
1995-08-31,4.432784080505371
1995-09-01,4.465377807617188
1995-09-05,4.497973918914795
1995-09-06,4.481674671173096
1995-09-07,4.465377807617188
1995-09-08,4.497973918914795
1995-09-11,4.522418975830078
1995-09-12,4.522418975830078
1995-09-13,4.636496067047119
1995-09-14,4.72613000869751
1995-09-15,4.660942077636719
1995-09-18,4.628347396850586
1995-09-19,4.677238464355469
1995-09-20,4.3757429122924805
1995-09-21,4.38389253616333
1995-09-22,4.334999561309815
1995-09-25,4.334999561309815
1995-09-26,4.286110877990723
1995-09-27,4.29425859451294
1995-09-28,4.334999561309815
1995-09-29,4.343152046203613
1995-10-02,4.310555934906006
1995-10-03,4.334999561309815
1995-10-04,4.359449863433838
1995-10-05,4.408337593078613
1995-10-06,4.416487693786621
1995-10-09,4.432784080505371
1995-10-10,4.424636363983154
1995-10-11,4.416487693786621
1995-10-12,4.38389253616333
1995-10-13,4.38389253616333
1995-10-16,4.343152046203613
1995-10-17,4.351298332214356
1995-10-18,4.424636363983154
1995-10-19,4.587606906890869
1995-10-20,4.5794548988342285
1995-10-23,4.610301017761231
1995-10-24,4.6841325759887695
1995-10-25,4.659521579742432
1995-10-26,4.610301017761231
1995-10-27,4.528269290924072
1995-10-30,4.552877902984619
1995-10-31,4.544676303863525
1995-11-01,4.585690498352051
1995-11-02,4.552877902984619
1995-11-03,4.626707077026367
1995-11-06,4.569284915924072
1995-11-07,4.511862277984619
1995-11-08,4.511862277984619
1995-11-09,4.520064353942871
1995-11-10,4.536472320556641
1995-11-13,4.528269290924072
1995-11-14,4.536472320556641
1995-11-15,4.626707077026367
1995-11-16,4.725147247314453
1995-11-17,4.700538158416748
1995-11-20,4.6841325759887695
1995-11-21,4.6513190269470215
1995-11-22,4.626707077026367
1995-11-24,4.618503570556641
1995-11-27,4.667725086212158
1995-11-28,4.741555690765381
1995-11-29,4.774368762969971
1995-11-30,4.807186603546143
1995-12-01,4.774368762969971
1995-12-04,4.782569885253906
1995-12-05,4.815385818481445
1995-12-06,4.856403827667236
1995-12-07,4.881012916564941
1995-12-08,4.872809410095215
1995-12-11,4.905622482299805
1995-12-12,4.913825511932373
1995-12-13,4.913825511932373
1995-12-14,5.01226806640625
1995-12-15,4.922030448913574
1995-12-18,4.798978328704834
1995-12-19,4.774368762969971
1995-12-20,4.675930023193359
1995-12-21,4.659521579742432
1995-12-22,4.528269290924072
1995-12-26,4.634913444519043
1995-12-27,4.643113136291504
1995-12-28,4.593896865844727
1995-12-29,4.610301017761231
1996-01-02,4.6513190269470215
1996-01-03,4.733354568481445
1996-01-04,4.782569885253906
1996-01-05,4.6923370361328125
1996-01-08,4.725147247314453
1996-01-09,4.708741664886475
1996-01-10,4.520064353942871
1996-01-11,4.552877902984619
1996-01-12,4.593896865844727
1996-01-15,4.593896865844727
1996-01-16,4.643113136291504
1996-01-17,4.585690498352051
1996-01-18,4.6923370361328125
1996-01-19,4.667725086212158
1996-01-22,4.6841325759887695
1996-01-23,4.764729022979736
1996-01-24,4.690407752990723
1996-01-25,4.706924915313721
1996-01-26,4.715182304382324
1996-01-29,4.73995304107666
1996-01-30,4.814271926879883
1996-01-31,4.8885931968688965
1996-02-01,4.839049339294434
1996-02-02,4.797760963439941
1996-02-05,4.764729022979736
1996-02-06,4.82253360748291
1996-02-07,4.80601692199707
1996-02-08,5.028977394104004
1996-02-09,5.2684502601623535
1996-02-12,5.161100387573242
1996-02-13,5.218904972076416
1996-02-14,5.152845859527588
1996-02-15,5.161100387573242
1996-02-16,5.22716236114502
1996-02-20,5.169358730316162
1996-02-21,5.185872554779053
1996-02-22,5.210648536682129
1996-02-23,5.22716236114502
1996-02-26,5.185872554779053
1996-02-27,5.161100387573242
1996-02-28,5.161100387573242
1996-02-29,5.169358730316162
1996-03-01,5.483153820037842
1996-03-04,5.458380699157715
1996-03-05,5.375804424285889
1996-03-06,5.317999839782715
1996-03-07,5.317999839782715
1996-03-08,5.2684502601623535
1996-03-11,5.260192394256592
1996-03-12,5.317999839782715
1996-03-13,5.309740543365479
1996-03-14,5.202389240264893
1996-03-15,5.22716236114502
1996-03-18,5.2684502601623535
1996-03-19,5.293223857879639
1996-03-20,5.309740543365479
1996-03-21,5.284968376159668
1996-03-22,5.326256275177002
1996-03-25,5.260192394256592
1996-03-26,5.284968376159668
1996-03-27,5.218904972076416
1996-03-28,5.161100387573242
1996-03-29,5.144585609436035
1996-04-01,5.177616596221924
1996-04-02,5.12807035446167
1996-04-03,5.152845859527588
1996-04-04,5.22716236114502
1996-04-08,5.119811534881592
1996-04-09,5.09503984451294
1996-04-10,4.979428291320801
1996-04-11,4.995946884155273
1996-04-12,5.045494079589844
1996-04-15,5.037234783172607
1996-04-16,5.086781024932861
1996-04-17,5.012460231781006
1996-04-18,5.086781024932861
1996-04-19,5.045494079589844
1996-04-22,5.119811534881592
1996-04-23,5.092890739440918
1996-04-24,5.034736156463623
1996-04-25,5.084587574005127
1996-04-26,5.067969799041748
1996-04-29,5.034736156463623
1996-04-30,5.092890739440918
1996-05-01,5.067969799041748
1996-05-02,5.034736156463623
1996-05-03,5.067969799041748
1996-05-06,5.034736156463623
1996-05-07,5.067969799041748
1996-05-08,5.142745018005371
1996-05-09,5.167664527893066
1996-05-10,5.225823879241943
1996-05-13,5.2922892570495605
1996-05-14,5.325520515441895
1996-05-15,5.300594806671143
1996-05-16,5.234132289886475
1996-05-17,5.267366886138916
1996-05-20,5.259054660797119
1996-05-21,5.267366886138916
1996-05-22,5.30890703201294
1996-05-23,5.300594806671143
1996-05-24,5.342138767242432
1996-05-28,5.3172125816345215
1996-05-29,5.325520515441895
1996-05-30,5.30890703201294
1996-05-31,5.234132289886475
1996-06-03,5.300594806671143
1996-06-04,5.466761589050293
1996-06-05,5.508299827575684
1996-06-06,5.533223628997803
1996-06-07,5.533223628997803
1996-06-10,5.47506856918335
1996-06-11,5.450145721435547
1996-06-12,5.400293827056885
1996-06-13,5.441835403442383
1996-06-14,5.425219535827637
1996-06-17,5.367064476013184
1996-06-18,5.367064476013184
1996-06-19,5.433526992797852
1996-06-20,5.499992370605469
1996-06-21,5.533223628997803
1996-06-24,5.674463748931885
1996-06-25,5.691079616546631
1996-06-26,5.624615669250488
1996-06-27,5.591383457183838
1996-06-28,5.632925033569336
1996-07-01,5.624615669250488
1996-07-02,5.591383457183838
1996-07-03,5.566458225250244
1996-07-05,5.45845365524292
1996-07-08,5.4833760261535645
1996-07-09,5.491683483123779
1996-07-10,5.466761589050293
1996-07-11,5.416912078857422
1996-07-12,5.516610622406006
1996-07-15,5.45845365524292
1996-07-16,5.367064476013184
1996-07-17,5.39198637008667
1996-07-18,5.408602714538574
1996-07-19,5.466761589050293
1996-07-22,5.416912078857422
1996-07-23,5.473400592803955
1996-07-24,5.498470783233643
1996-07-25,5.322983741760254
1996-07-26,5.331344604492188
1996-07-29,5.222712516784668
1996-07-30,5.2728471755981445
1996-07-31,5.247776985168457
1996-08-01,5.281206130981445
1996-08-02,5.339699745178223
1996-08-05,5.389835834503174
1996-08-06,5.456687927246094
1996-08-07,5.423260688781738
1996-08-08,5.431619167327881
1996-08-09,5.473400592803955
1996-08-12,5.490113735198975
1996-08-13,5.465043067932129
1996-08-14,5.490113735198975
1996-08-15,5.473400592803955
1996-08-16,5.506824970245361
1996-08-19,5.473400592803955
1996-08-20,5.431619167327881
1996-08-21,5.439976692199707
1996-08-22,5.5151801109313965
1996-08-23,5.506824970245361
1996-08-26,5.548605918884277
1996-08-27,5.565320014953613
1996-08-28,5.607098579406738
1996-08-29,5.531894207000732
1996-08-30,5.431619167327881
1996-09-03,5.456687927246094
1996-09-04,5.423260688781738
1996-09-05,5.473400592803955
1996-09-06,5.5402512550354
1996-09-09,5.598743438720703
1996-09-10,5.556961536407471
1996-09-11,5.523539066314697
1996-09-12,5.640525341033936
1996-09-13,5.699020862579346
1996-09-16,5.749157905578613
1996-09-17,5.715729236602783
1996-09-18,5.790939331054688
1996-09-19,5.816008567810059
1996-09-20,5.874503135681152
1996-09-23,5.849434852600098
1996-09-24,5.857792377471924
1996-09-25,5.866148948669434
1996-09-26,5.932998180389404
1996-09-27,5.907930374145508
1996-09-30,5.80765438079834
1996-10-01,5.932998180389404
1996-10-02,5.882861614227295
1996-10-03,5.749157905578613
1996-10-04,5.899571418762207
1996-10-07,5.941357135772705
1996-10-08,5.899571418762207
1996-10-09,5.841080665588379
1996-10-10,5.824365615844727
1996-10-11,5.866148948669434
1996-10-14,5.916283130645752
1996-10-15,5.924643039703369
1996-10-16,5.941357135772705
1996-10-17,5.866148948669434
1996-10-18,6.008203029632568
1996-10-21,6.0332770347595215
1996-10-22,6.08341121673584
1996-10-23,6.072999477386475
1996-10-24,6.005802154541016
1996-10-25,5.989001274108887
1996-10-28,5.989001274108887
1996-10-29,6.072999477386475
1996-10-30,6.089797019958496
1996-10-31,6.190594673156738
1996-11-01,6.1569929122924805
1996-11-04,6.207395076751709
1996-11-05,6.2325944900512695
1996-11-06,6.282990455627441
1996-11-07,6.257789611816406
1996-11-08,6.324986934661865
1996-11-11,6.358588218688965
1996-11-12,6.282990455627441
1996-11-13,6.316590309143066
1996-11-14,6.316590309143066
1996-11-15,6.3669867515563965
1996-11-18,6.417381763458252
1996-11-19,6.383790016174316
1996-11-20,6.383790016174316
1996-11-21,6.3669867515563965
1996-11-22,6.282990455627441
1996-11-25,6.282990455627441
1996-11-26,6.266189098358154
1996-11-27,6.240991115570068
1996-11-29,6.224191188812256
1996-12-02,6.098194122314453
1996-12-03,6.190594673156738
1996-12-04,6.081395626068115
1996-12-05,5.997398853302002
1996-12-06,6.014199256896973
1996-12-09,6.123395919799805
1996-12-10,6.165393352508545
1996-12-11,6.064597606658936
1996-12-12,6.089797019958496
1996-12-13,6.2325944900512695
1996-12-16,6.114994525909424
1996-12-17,6.1569929122924805
1996-12-18,6.114994525909424
1996-12-19,6.1569929122924805
1996-12-20,6.198993682861328
1996-12-23,6.165393352508545
1996-12-24,6.173792362213135
1996-12-26,6.182196140289307
1996-12-27,6.2325944900512695
1996-12-30,6.266189098358154
1996-12-31,6.198993682861328
1997-01-02,6.114994525909424
1997-01-03,6.106596946716309
1997-01-06,6.190594673156738
1997-01-07,6.1317973136901855
1997-01-08,6.1569929122924805
1997-01-09,6.182196140289307
1997-01-10,6.1569929122924805
1997-01-13,6.148593425750732
1997-01-14,6.207395076751709
1997-01-15,6.224191188812256
1997-01-16,6.324986934661865
1997-01-17,6.442583560943604
1997-01-20,6.518184185028076
1997-01-21,6.442583560943604
1997-01-22,6.459387302398682
1997-01-23,6.423598289489746
1997-01-24,6.364508152008057
1997-01-27,6.33918571472168
1997-01-28,6.330743312835693
1997-01-29,6.33918571472168
1997-01-30,6.415156364440918
1997-01-31,6.5333251953125
1997-02-03,6.499562740325928
1997-02-04,6.676823616027832
1997-02-05,6.651500701904297
1997-02-06,6.727471828460693
1997-02-07,6.972256183624268
1997-02-10,6.930052280426025
1997-02-11,6.955377578735352
1997-02-12,7.17484188079834
1997-02-13,7.276134967803955
1997-02-14,7.05666971206665
1997-02-18,7.242367744445801
1997-02-19,7.081990718841553
1997-02-20,7.014460563659668
1997-02-21,6.972256183624268
1997-02-24,6.946933746337891
1997-02-25,6.955377578735352
1997-02-26,6.938490390777588
1997-02-27,7.05666971206665
1997-02-28,6.989140033721924
1997-03-03,7.10731315612793
1997-03-04,7.039784908294678
1997-03-05,7.200164794921875
1997-03-06,7.368980884552002
1997-03-07,7.681303977966309
1997-03-10,7.580008029937744
1997-03-11,7.571568965911865
1997-03-12,7.428072929382324
1997-03-13,7.309898853302002
1997-03-14,7.360545635223389
1997-03-17,7.335224151611328
1997-03-18,7.301458358764648
1997-03-19,7.276134967803955
1997-03-20,7.191722869873047
1997-03-21,7.157963275909424
1997-03-24,7.335224151611328
1997-03-25,7.284579277038574
1997-03-26,7.259255409240723
1997-03-27,6.980699062347412
1997-03-31,6.727471828460693
1997-04-01,6.930052280426025
1997-04-02,6.997581481933594
1997-04-03,6.887847423553467
1997-04-04,6.963817119598389
1997-04-07,6.972256183624268
1997-04-08,6.862527370452881
1997-04-09,6.879408359527588
1997-04-10,6.862527370452881
1997-04-11,6.719030380249023
1997-04-14,6.81188440322876
1997-04-15,7.073551177978516
1997-04-16,7.23392915725708
1997-04-17,7.098874092102051
1997-04-18,7.26769495010376
1997-04-21,7.284579277038574
1997-04-22,7.37742805480957
1997-04-23,7.329916954040527
1997-04-24,7.228111743927002
1997-04-25,7.25356388092041
1997-04-28,7.3468852043151855
1997-04-29,7.592910766601562
1997-04-30,7.533524513244629
1997-05-01,7.4486870765686035
1997-05-02,7.4486870765686035
1997-05-05,7.516558647155762
1997-05-06,7.558977127075195
1997-05-07,7.4656572341918945
1997-05-08,7.558977127075195
1997-05-09,7.592910766601562
1997-05-12,7.720170021057129
1997-05-13,7.720170021057129
1997-05-14,7.805006980895996
1997-05-15,7.855906009674072
1997-05-16,7.601397514343262
1997-05-19,7.75410270690918
1997-05-20,7.703198432922363
1997-05-21,7.889841556549072
1997-05-22,7.94074535369873
1997-05-23,8.110419273376465
1997-05-27,8.381897926330566
1997-05-28,8.2631254196167
1997-05-29,8.297060012817383
1997-05-30,8.415833473205566
1997-06-02,8.2631254196167
1997-06-03,8.28009033203125
1997-06-04,8.246156692504883
1997-06-05,8.432798385620117
1997-06-06,8.585505485534668
1997-06-09,8.721244812011719
1997-06-10,8.806083679199219
1997-06-11,8.840015411376953
1997-06-12,8.907888412475586
1997-06-13,9.026654243469238
1997-06-16,8.992724418640137
1997-06-17,8.85698127746582
1997-06-18,8.78911304473877
1997-06-19,8.941817283630371
1997-06-20,8.82304859161377
1997-06-23,8.704277038574219
1997-06-24,8.899404525756836
1997-06-25,8.797600746154785
1997-06-26,8.85698127746582
1997-06-27,8.958786964416504
1997-06-30,8.85698127746582
1997-07-01,8.840015411376953
1997-07-02,8.950302124023438
1997-07-03,9.08604335784912
1997-07-07,8.924849510192871
1997-07-08,9.128459930419922
1997-07-09,9.043624877929688
1997-07-10,9.136944770812988
1997-07-11,9.145429611206056
1997-07-14,9.34055519104004
1997-07-15,9.925933837890623
1997-07-16,9.849584579467772
1997-07-17,9.679903984069824
1997-07-18,9.70535373687744
1997-07-21,9.722323417663574
1997-07-22,9.985319137573242
1997-07-23,10.24419116973877
1997-07-24,10.491138458251951
1997-07-25,10.508170127868652
1997-07-28,10.252703666687012
1997-07-29,10.193099975585938
1997-07-30,10.337860107421877
1997-07-31,10.320829391479492
1997-08-01,10.159032821655272
1997-08-04,10.141995429992676
1997-08-05,9.997238159179688
1997-08-06,10.065361976623535
1997-08-07,9.792868614196776
1997-08-08,9.537396430969238
1997-08-11,9.511848449707031
1997-08-12,9.2478666305542
1997-08-13,9.477792739868164
1997-08-14,9.562946319580078
1997-08-15,8.890213966369629
1997-08-18,9.009434700012209
1997-08-19,9.264907836914062
1997-08-20,9.230839729309082
1997-08-21,8.983887672424316
1997-08-22,8.90725040435791
1997-08-25,8.941316604614258
1997-08-26,8.796549797058105
1997-08-27,8.736940383911133
1997-08-28,8.651784896850586
1997-08-29,8.532562255859375
1997-09-02,9.026469230651855
1997-09-03,9.026469230651855
1997-09-04,8.949830055236816
1997-09-05,8.992402076721191
1997-09-08,8.873187065124512
1997-09-09,8.822097778320312
1997-09-10,8.626235008239746
1997-09-11,8.421862602233887
1997-09-12,8.60069465637207
1997-09-15,8.97536849975586
1997-09-16,9.3926362991333
1997-09-17,9.315995216369627
1997-09-18,9.40114974975586
1997-09-19,9.537396430969238
1997-09-22,9.34154224395752
1997-09-23,9.230839729309082
1997-09-24,9.222325325012209
1997-09-25,9.060527801513672
1997-09-26,9.196778297424316
1997-09-29,9.460759162902832
1997-09-30,9.494816780090332
1997-10-01,9.45224666595459
1997-10-02,9.520365715026855
1997-10-03,9.673651695251465
1997-10-06,9.997238159179688
1997-10-07,9.997238159179688
1997-10-08,10.039816856384276
1997-10-09,9.878023147583008
1997-10-10,9.9205961227417
1997-10-13,10.022788047790527
1997-10-14,10.022788047790527
1997-10-15,9.784353256225586
1997-10-16,9.9205961227417
1997-10-17,9.963178634643556
1997-10-20,9.903565406799316
1997-10-21,10.150518417358398
1997-10-22,10.116458892822266
1997-10-23,9.88055419921875
1997-10-24,9.795083045959473
1997-10-27,9.230966567993164
1997-10-28,9.624138832092283
1997-10-29,9.470290184020996
1997-10-30,9.29079818725586
1997-10-31,8.854893684387207
1997-11-03,8.923264503479004
1997-11-04,8.718137741088867
1997-11-05,8.974555015563965
1997-11-06,8.820701599121094
1997-11-07,8.555741310119629
1997-11-10,8.538642883300781
1997-11-11,8.624114036560059
1997-11-12,8.513004302978516
1997-11-13,8.547189712524414
1997-11-14,8.701043128967285
1997-11-17,9.060025215148926
1997-11-18,8.743776321411133
1997-11-19,8.709586143493652
1997-11-20,9.025830268859863
1997-11-21,9.128398895263672
1997-11-24,9.034383773803713
1997-11-25,9.068570137023926
1997-11-26,8.974555015563965
1997-11-28,9.13694667816162
1997-12-01,9.27370548248291
1997-12-02,9.4360990524292
1997-12-03,9.675418853759766
1997-12-04,9.658323287963867
1997-12-05,9.85491180419922
1997-12-08,9.78653335571289
1997-12-09,9.615592002868652
1997-12-10,9.624138832092283
1997-12-11,9.495929718017578
1997-12-12,9.359172821044922
1997-12-15,9.128398895263672
1997-12-16,9.188230514526367
1997-12-17,9.316441535949709
1997-12-18,9.359172821044922
1997-12-19,9.316441535949709
1997-12-22,9.46173858642578
1997-12-23,9.367719650268556
1997-12-24,9.299349784851074
1997-12-26,9.4360990524292
1997-12-29,9.632684707641602
1997-12-30,9.96602725982666
1997-12-31,10.05149745941162
1998-01-02,10.017312049865724
1998-01-05,10.239535331726074
1998-01-06,9.837815284729004
1998-01-07,9.795083045959473
1998-01-08,9.538666725158691
1998-01-09,9.299349784851074
1998-01-12,9.282246589660645
1998-01-13,9.299349784851074
1998-01-14,9.495929718017578
1998-01-15,9.46173858642578
1998-01-16,9.666869163513184
1998-01-20,9.71815586090088
1998-01-21,9.572851181030272
1998-01-22,9.495929718017578
1998-01-23,9.482199668884276
1998-01-26,9.585169792175291
1998-01-27,9.696728706359863
1998-01-28,9.816864013671877
1998-01-29,9.928422927856444
1998-01-30,10.05713939666748
1998-02-02,10.228765487670898
1998-02-03,10.400385856628418
1998-02-04,10.460453033447266
1998-02-05,10.65782070159912
1998-02-06,10.65782070159912
1998-02-09,10.752214431762695
1998-02-10,10.803696632385254
1998-02-11,11.026810646057127
1998-02-12,11.13836669921875
1998-02-13,11.001070022583008
1998-02-17,10.692151069641112
1998-02-18,10.889511108398438
1998-02-19,10.743633270263672
1998-02-20,10.992486953735352
1998-02-23,10.846606254577637
1998-02-24,10.777957916259766
1998-02-25,10.829445838928224
1998-02-26,10.846606254577637
1998-02-27,11.14694118499756
1998-03-02,11.13836669921875
1998-03-03,11.018226623535156
1998-03-04,10.889511108398438
1998-03-05,10.87234878540039
1998-03-06,11.524521827697754
1998-03-09,11.910666465759276
1998-03-10,11.919252395629885
1998-03-11,12.056557655334473
1998-03-12,11.73046588897705
1998-03-13,11.507363319396973
1998-03-16,11.47303581237793
1998-03-17,11.63607406616211
1998-03-18,11.799116134643556
1998-03-19,11.696142196655272
1998-03-20,11.75620460510254
1998-03-23,11.75620460510254
1998-03-24,11.910666465759276
1998-03-25,11.773369789123535
1998-03-26,11.927834510803224
1998-03-27,11.893509864807127
1998-03-30,11.884929656982422
1998-03-31,11.910666465759276
1998-04-01,12.047977447509766
1998-04-02,11.962160110473633
1998-04-03,12.047977447509766
1998-04-06,11.953573226928713
1998-04-07,11.75620460510254
1998-04-08,11.618910789489746
1998-04-09,11.773369789123535
1998-04-13,11.73046588897705
1998-04-14,11.584589958190918
1998-04-15,11.42154598236084
1998-04-16,11.318570137023926
1998-04-17,11.773369789123535
1998-04-20,12.047977447509766
1998-04-21,11.790534019470217
1998-04-22,12.288243293762209
1998-04-23,12.300301551818848
1998-04-24,12.085110664367676
1998-04-27,11.981809616088867
1998-04-28,11.955989837646484
1998-04-29,12.076498985290527
1998-04-30,12.351935386657717
1998-05-01,12.420805931091309
1998-05-04,12.274473190307615
1998-05-05,12.274473190307615
1998-05-06,12.11954116821289
1998-05-07,12.162580490112305
1998-05-08,12.12814235687256
1998-05-11,12.085110664367676
1998-05-12,12.171181678771973
1998-05-13,12.11954116821289
1998-05-14,12.351935386657717
1998-05-15,12.248648643493652
1998-05-18,12.481056213378906
1998-05-19,12.377760887145996
1998-05-20,12.257254600524902
1998-05-21,12.31751537322998
1998-05-22,12.196999549865724
1998-05-26,11.887126922607422
1998-05-27,11.999029159545898
1998-05-28,11.921558380126951
1998-05-29,11.981809616088867
1998-06-01,12.102320671081545
1998-06-02,11.981809616088867
1998-06-03,11.981809616088867
1998-06-04,12.102320671081545
1998-06-05,12.326115608215332
1998-06-08,12.377760887145996
1998-06-09,12.231432914733888
1998-06-10,12.162580490112305
1998-06-11,12.12814235687256
1998-06-12,12.04206657409668
1998-06-15,11.90434455871582
1998-06-16,11.930168151855469
1998-06-17,12.351935386657717
1998-06-18,12.5929536819458
1998-06-19,12.102320671081545
1998-06-22,12.016241073608398
1998-06-23,12.093716621398926
1998-06-24,12.360546112060549
1998-06-25,12.076498985290527
1998-06-26,12.13675308227539
1998-06-29,12.257254600524902
1998-06-30,12.11954116821289
1998-07-01,12.205615997314451
1998-07-02,12.153963088989258
1998-07-06,12.54991340637207
1998-07-07,12.601560592651367
1998-07-08,12.799535751342772
1998-07-09,12.524092674255373
1998-07-10,12.9630765914917
1998-07-13,12.911434173583984
1998-07-14,13.19548511505127
1998-07-15,13.247133255004885
1998-07-16,13.100811958312988
1998-07-17,13.178277015686035
1998-07-20,13.143839836120604
1998-07-21,13.066373825073242
1998-07-22,13.083589553833008
1998-07-23,13.389185905456545
1998-07-24,13.311494827270508
1998-07-27,13.207891464233398
1998-07-28,13.225159645080566
1998-07-29,13.302852630615234
1998-07-30,13.294225692749023
1998-07-31,12.74173641204834
1998-08-03,12.672679901123049
1998-08-04,12.413697242736816
1998-08-05,12.396425247192385
1998-08-06,12.474122047424316
1998-08-07,12.18061637878418
1998-08-10,12.11155605316162
1998-08-11,11.82667636871338
1998-08-12,12.08565616607666
1998-08-13,11.930262565612791
1998-08-14,11.766252517700195
1998-08-17,12.077031135559082
1998-08-18,11.852581977844238
1998-08-19,11.705821990966797
1998-08-20,11.325987815856934
1998-08-21,11.464104652404783
1998-08-24,11.723078727722168
1998-08-25,11.56770133972168
1998-08-26,11.82667636871338
1998-08-27,11.1705961227417
1998-08-28,10.764864921569824
1998-08-31,9.9620361328125
1998-09-01,10.359138488769531
1998-09-02,10.082893371582031
1998-09-03,9.910239219665527
1998-09-04,9.66852569580078
1998-09-08,10.32460880279541
1998-09-09,9.789382934570312
1998-09-10,9.409546852111816
1998-09-11,9.633996963500977
1998-09-14,10.074261665344238
1998-09-15,10.246912002563477
1998-09-16,10.013833045959473
1998-09-17,9.461338996887209
1998-09-18,9.39228630065918
1998-09-21,9.055612564086914
1998-09-22,9.25416088104248
1998-09-23,9.798020362854004
1998-09-24,9.746225357055664
1998-09-25,9.590829849243164
1998-09-28,10.03109645843506
1998-09-29,10.065627098083496
1998-09-30,9.49587631225586
1998-10-01,9.39228630065918
1998-10-02,9.936134338378906
1998-10-05,9.9620361328125
1998-10-06,10.134685516357422
1998-10-07,10.359138488769531
1998-10-08,10.134685516357422
1998-10-09,10.549053192138672
1998-10-12,10.894357681274414
1998-10-13,10.635376930236816
1998-10-14,10.600852012634276
1998-10-15,11.2655611038208
1998-10-16,11.913004875183104
1998-10-19,11.878475189208984
1998-10-20,11.576340675354004
1998-10-21,11.731718063354492
1998-10-22,12.00796890258789
1998-10-23,12.011429786682127
1998-10-26,12.366493225097656
1998-10-27,12.245248794555664
1998-10-28,11.872876167297363
1998-10-29,11.950806617736816
1998-10-30,12.245248794555664
1998-11-02,12.1846284866333
1998-11-03,12.608968734741213
1998-11-04,12.38380527496338
1998-11-05,12.608968734741213
1998-11-06,13.050633430480955
1998-11-09,12.74753189086914
1998-11-10,12.782170295715332
1998-11-11,12.52237319946289
1998-11-12,12.453083992004396
1998-11-13,12.77350902557373
1998-11-16,12.972684860229492
1998-11-17,12.816816329956056
1998-11-18,12.851447105407717
1998-11-19,13.05929183959961
1998-11-20,12.912075996398926
1998-11-23,13.12857437133789
1998-11-24,12.479069709777832
1998-11-25,11.94214916229248
1998-11-27,11.98544692993164
1998-11-30,11.864206314086914
1998-12-01,11.74297332763672
1998-12-02,11.665033340454102
1998-12-03,11.379247665405272
1998-12-04,11.812250137329102
1998-12-07,11.786272048950195
1998-12-08,11.673691749572754
1998-12-09,11.59575080871582
1998-12-10,11.561105728149414
1998-12-11,11.361930847167969
1998-12-14,11.483160972595217
1998-12-15,11.768957138061523
1998-12-16,11.74297332763672
1998-12-17,11.699663162231444
1998-12-18,11.933497428894045
1998-12-21,12.072051048278809
1998-12-22,12.38380527496338
1998-12-23,12.955364227294922
1998-12-24,12.77350902557373
1998-12-28,12.695571899414062
1998-12-29,12.998671531677246
1998-12-30,12.83413314819336
1998-12-31,12.868768692016602
1999-01-04,12.470412254333496
1999-01-05,12.608968734741213
1999-01-06,12.539679527282717
1999-01-07,12.331851959228516
1999-01-08,11.872876167297363
1999-01-11,11.7256498336792
1999-01-12,11.708329200744627
1999-01-13,10.859652519226074
1999-01-14,10.521905899047852
1999-01-15,10.53056812286377
1999-01-19,10.712425231933594
1999-01-20,10.894288063049316
1999-01-21,10.721084594726562
1999-01-22,10.463836669921877
1999-01-25,10.437768936157228
1999-01-26,10.446457862854004
1999-01-27,10.60289192199707
1999-01-28,10.985291481018066
1999-01-29,11.18518352508545
1999-02-01,11.680564880371094
1999-02-02,11.359004020690918
1999-02-03,11.463287353515623
1999-02-04,11.776165008544922
1999-02-05,11.680564880371094
1999-02-08,11.463287353515623
1999-02-09,11.480676651000977
1999-02-10,11.767470359802246
1999-02-11,12.132488250732422
1999-02-12,12.071650505065918
1999-02-16,12.05427074432373
1999-02-17,11.95867156982422
1999-02-18,12.167254447937012
1999-02-19,11.923914909362791
1999-02-22,12.24546718597412
1999-02-23,12.089041709899902
1999-02-24,11.967371940612791
1999-02-25,11.854385375976562
1999-02-26,11.802234649658203
1999-03-01,11.750093460083008
1999-03-02,11.94997787475586
1999-03-03,12.062957763671877
1999-03-04,12.56704044342041
1999-03-05,12.871216773986816
1999-03-08,12.801691055297852
1999-03-09,12.871216773986816
1999-03-10,12.862530708312988
1999-03-11,13.001574516296388
1999-03-12,12.862530708312988
1999-03-15,12.732166290283203
1999-03-16,12.49750518798828
1999-03-17,12.40190887451172
1999-03-18,12.410601615905762
1999-03-19,12.323694229125977
1999-03-22,12.66263484954834
1999-03-23,12.427976608276367
1999-03-24,12.514887809753418
1999-03-25,12.94942569732666
1999-03-26,12.871216773986816
1999-03-29,13.088482856750488
1999-03-30,13.001574516296388
1999-03-31,12.792999267578123
1999-04-01,12.932051658630373
1999-04-05,13.140642166137695
1999-04-06,13.036346435546877
1999-04-07,13.001574516296388
1999-04-08,13.25361442565918
1999-04-09,13.018957138061523
1999-04-12,13.331828117370604
1999-04-13,13.2014741897583
1999-04-14,12.975494384765623
1999-04-15,12.732166290283203
1999-04-16,13.010275840759276
1999-04-19,13.349218368530272
1999-04-20,12.932051658630373
1999-04-21,13.957578659057615
1999-04-22,13.778051376342772
1999-04-23,13.978495597839355
1999-04-26,14.091788291931152
1999-04-27,13.943635940551758
1999-04-28,13.82163429260254
1999-04-29,13.952348709106444
1999-04-30,14.2835111618042
1999-05-03,14.23122787475586
1999-05-04,13.969775199890137
1999-05-05,13.795483589172363
1999-05-06,13.812912940979004
1999-05-07,13.577613830566406
1999-05-10,13.176738739013672
1999-05-11,13.377171516418455
1999-05-12,13.473037719726562
1999-05-13,13.490473747253418
1999-05-14,13.220304489135742
1999-05-17,13.429460525512695
1999-05-18,13.141874313354492
1999-05-19,13.429460525512695
1999-05-20,13.656047821044922
1999-05-21,13.324888229370115
1999-05-24,13.06344223022461
1999-05-25,13.176738739013672
1999-05-26,13.67347526550293
1999-05-27,14.013347625732422
1999-05-28,13.9262056350708
1999-06-01,14.39680290222168
1999-06-02,14.23993682861328
1999-06-03,14.056924819946287
1999-06-04,14.292213439941406
1999-06-07,14.614676475524902
1999-06-08,14.440380096435549
1999-06-09,14.353228569030762
1999-06-10,14.152793884277344
1999-06-11,13.9262056350708
1999-06-14,14.187646865844728
1999-06-15,13.978495597839355
1999-06-16,13.87392234802246
1999-06-17,14.004637718200684
1999-06-18,13.995927810668944
1999-06-21,13.969775199890137
1999-06-22,13.943635940551758
1999-06-23,13.934922218322754
1999-06-24,13.934922218322754
1999-06-25,13.682188034057615
1999-06-28,13.490473747253418
1999-06-29,13.638616561889648
1999-06-30,13.734484672546388
1999-07-01,13.577613830566406
1999-07-02,13.38588809967041
1999-07-06,13.246452331542969
1999-07-07,13.19416618347168
1999-07-08,13.037294387817385
1999-07-09,13.734484672546388
1999-07-12,13.542757034301758
1999-07-13,13.647335052490234
1999-07-14,14.013347625732422
1999-07-15,13.839055061340332
1999-07-16,14.257365226745604
1999-07-19,13.9262056350708
1999-07-20,14.449088096618652
1999-07-21,14.065646171569824
1999-07-22,14.249717712402344
1999-07-23,14.057387351989746
1999-07-26,13.76015853881836
1999-07-27,13.865071296691896
1999-07-28,13.725181579589844
1999-07-29,13.795125961303713
1999-07-30,13.81260585784912
1999-08-02,13.427952766418455
1999-08-03,13.81260585784912
1999-08-04,13.445433616638184
1999-08-05,13.777633666992188
1999-08-06,13.98744773864746
1999-08-09,13.620281219482422
1999-08-10,13.567825317382812
1999-08-11,13.865071296691896
1999-08-12,13.620281219482422
1999-08-13,13.795125961303713
1999-08-16,13.865071296691896
1999-08-17,13.917512893676758
1999-08-18,13.742673873901367
1999-08-19,13.620281219482422
1999-08-20,14.179783821105955
1999-08-23,14.37210750579834
1999-08-24,14.599407196044922
1999-08-25,15.316254615783691
1999-08-26,15.38619899749756
1999-08-27,14.896635055541992
1999-08-30,15.088963508605955
1999-08-31,14.966578483581545
1999-09-01,14.949089050292969
1999-09-02,14.826693534851074
1999-09-03,15.40367603302002
1999-09-07,15.823304176330566
1999-09-08,16.330352783203125
1999-09-09,15.526073455810549
1999-09-10,15.316254615783691
1999-09-13,14.966578483581545
1999-09-14,14.774252891540527
1999-09-15,14.65185546875
1999-09-16,14.407075881958008
1999-09-17,14.511981010437012
1999-09-20,14.564428329467772
1999-09-21,14.144804000854492
1999-09-22,13.98744773864746
1999-09-23,13.637762069702148
1999-09-24,13.847580909729004
1999-09-27,13.795125961303713
1999-09-28,13.7077054977417
1999-09-29,12.88593578338623
1999-09-30,12.798519134521484
1999-10-01,13.375497817993164
1999-10-04,13.969972610473633
1999-10-05,14.214744567871094
1999-10-06,14.80921745300293
1999-10-07,14.704306602478027
1999-10-08,14.914129257202148
1999-10-11,14.966578483581545
1999-10-12,14.442044258117676
1999-10-13,14.19726848602295
1999-10-14,14.546942710876465
1999-10-15,14.039908409118652
1999-10-18,14.511981010437012
1999-10-19,14.949089050292969
1999-10-20,15.1064453125
1999-10-21,16.1555118560791
1999-10-22,15.989435195922852
1999-10-25,15.796584129333496
1999-10-26,15.849177360534668
1999-10-27,16.00697135925293
1999-10-28,16.550472259521484
1999-10-29,16.971242904663086
1999-11-01,17.339427947998047
1999-11-02,16.813459396362305
1999-11-03,16.199827194213867
1999-11-04,16.00697135925293
1999-11-05,16.164770126342773
1999-11-08,16.39267921447754
1999-11-09,16.00697135925293
1999-11-10,16.3400821685791
1999-11-11,16.269960403442383
1999-11-12,16.252426147460938
1999-11-15,16.305028915405273
1999-11-16,16.059568405151367
1999-11-17,16.09463119506836
1999-11-18,15.919315338134766
1999-11-19,15.954380989074709
1999-11-22,15.884252548217772
1999-11-23,15.779057502746582
1999-11-24,15.603734970092772
1999-11-26,15.393335342407228
1999-11-29,15.270625114440918
1999-11-30,15.638789176940918
1999-12-01,15.454707145690918
1999-12-02,15.814125061035156
1999-12-03,16.287494659423828
1999-12-06,16.550472259521484
1999-12-07,16.164770126342773
1999-12-08,16.243663787841797
1999-12-09,16.585538864135742
1999-12-10,16.901119232177734
1999-12-13,16.690723419189453
1999-12-14,16.53293800354004
1999-12-15,16.708271026611328
1999-12-16,16.375158309936523
1999-12-17,17.041383743286133
1999-12-20,16.95371437072754
1999-12-21,16.848527908325195
1999-12-22,17.462154388427734
1999-12-23,17.56734848022461
1999-12-27,17.67254066467285
1999-12-28,17.479684829711914
1999-12-29,17.39202117919922
1999-12-30,17.532285690307617
1999-12-31,18.23357009887696
2000-01-03,17.462154388427734
2000-01-04,17.006305694580078
2000-01-05,16.427759170532227
2000-01-06,16.39267921447754
2000-01-07,17.374492645263672
2000-01-10,17.847867965698242
2000-01-11,17.935522079467773
2000-01-12,18.058244705200195
2000-01-13,18.180984497070312
2000-01-14,17.76020050048828
2000-01-18,17.67254066467285
2000-01-19,17.251758575439453
2000-01-20,17.374492645263672
2000-01-21,17.19916343688965
2000-01-24,17.067834854125977
2000-01-25,16.769012451171875
2000-01-26,16.927213668823242
2000-01-27,16.962364196777344
2000-01-28,16.733848571777344
2000-01-31,16.66353988647461
2000-02-01,16.769012451171875
2000-02-02,17.243600845336914
2000-02-03,16.87447166442871
2000-02-04,15.819820404052734
2000-02-07,15.854978561401367
2000-02-08,16.505348205566406
2000-02-09,16.364728927612305
2000-02-10,16.1713809967041
2000-02-11,15.714356422424316
2000-02-14,15.187020301818848
2000-02-15,15.661620140075684
2000-02-16,15.573740005493164
2000-02-17,15.169453620910645
2000-02-18,14.92336654663086
2000-02-22,14.730013847351074
2000-02-23,14.448771476745604
2000-02-24,13.798396110534668
2000-02-25,13.569890975952148
2000-02-28,14.343304634094238
2000-02-29,14.677278518676758
2000-03-01,14.905781745910645
2000-03-02,14.800320625305176
2000-03-03,15.43310832977295
2000-03-06,14.853056907653809
2000-03-07,13.148029327392578
2000-03-08,12.357044219970703
2000-03-09,12.374621391296388
2000-03-10,12.023064613342283
2000-03-13,12.198837280273438
2000-03-14,12.146100044250488
2000-03-15,14.57181167602539
2000-03-16,14.413612365722656
2000-03-17,14.04448699951172
2000-03-20,14.132369995117188
2000-03-21,14.149946212768556
2000-03-22,14.220256805419922
2000-03-23,14.94094181060791
2000-03-24,15.292487144470217
2000-03-27,15.239764213562012
2000-03-28,15.99560260772705
2000-03-29,15.87255859375
2000-03-30,15.802239418029783
2000-03-31,15.854978561401367
2000-04-03,17.015094757080078
2000-04-04,17.067834854125977
2000-04-05,16.435029983520508
2000-04-06,16.593233108520508
2000-04-07,16.681119918823242
2000-04-10,16.94478988647461
2000-04-11,17.612733840942383
2000-04-12,17.43695640563965
2000-04-13,16.593233108520508
2000-04-14,15.679192543029783
2000-04-17,16.206523895263672
2000-04-18,15.538573265075684
2000-04-19,15.661620140075684
2000-04-20,16.065906524658203
2000-04-24,16.533506393432617
2000-04-25,16.6921443939209
2000-04-26,16.26910400390625
2000-04-27,16.551122665405273
2000-04-28,16.110464096069336
2000-05-01,15.546422004699709
2000-05-02,15.828436851501465
2000-05-03,15.652182579040527
2000-05-04,15.77556610107422
2000-05-05,16.110464096069336
2000-05-08,16.25147819519043
2000-05-09,16.639263153076172
2000-05-10,16.41010856628418
2000-05-11,16.974159240722656
2000-05-12,16.59519386291504
2000-05-15,16.709758758544922
2000-05-16,16.374866485595703
2000-05-17,16.515872955322266
2000-05-18,16.656885147094727
2000-05-19,16.057586669921875
2000-05-22,15.951828956604004
2000-05-23,15.77556610107422
2000-05-24,15.969454765319824
2000-05-25,15.79318904876709
2000-05-26,15.722683906555176
2000-05-30,15.264399528503418
2000-05-31,14.841370582580566
2000-06-01,15.035265922546388
2000-06-02,15.370166778564451
2000-06-05,14.964751243591309
2000-06-06,15.38778305053711
2000-06-07,16.075210571289062
2000-06-08,15.934197425842283
2000-06-09,16.039962768554688
2000-06-12,16.19860076904297
2000-06-13,15.66981601715088
2000-06-14,16.110464096069336
2000-06-15,16.49824333190918
2000-06-16,16.321979522705078
2000-06-19,16.25147819519043
2000-06-20,16.18096923828125
2000-06-21,16.075210571289062
2000-06-22,15.79318904876709
2000-06-23,15.66981601715088
2000-06-26,15.934197425842283
2000-06-27,16.057586669921875
2000-06-28,15.965051651000977
2000-06-29,16.004714965820312
2000-06-30,16.886022567749023
2000-07-03,16.886022567749023
2000-07-05,16.72738265991211
2000-07-06,16.58637046813965
2000-07-07,16.128101348876953
2000-07-10,15.705062866210938
2000-07-11,15.405409812927246
2000-07-12,14.94712734222412
2000-07-13,14.964751243591309
2000-07-14,15.299652099609377
2000-07-17,15.493544578552246
2000-07-18,15.493544578552246
2000-07-19,15.370166778564451
2000-07-20,15.61692714691162
2000-07-21,15.969454765319824
2000-07-24,15.83737564086914
2000-07-25,15.925759315490724
2000-07-26,15.713650703430176
2000-07-27,15.943440437316896
2000-07-28,15.83737564086914
2000-07-31,15.748997688293455
2000-08-01,16.084842681884766
2000-08-02,15.996461868286133
2000-08-03,15.943440437316896
2000-08-04,15.554567337036133
2000-08-07,15.148033142089844
2000-08-08,14.953601837158203
2000-08-09,14.741491317749023
2000-08-10,15.165709495544434
2000-08-11,15.095004081726074
2000-08-14,15.25408172607422
2000-08-15,15.27176570892334
2000-08-16,15.23641300201416
2000-08-17,14.918251037597656
2000-08-18,14.812195777893066
2000-08-21,14.90057373046875
2000-08-22,14.405656814575195
2000-08-23,15.006632804870604
2000-08-24,14.935918807983398
2000-08-25,14.988954544067385
2000-08-28,14.882896423339844
2000-08-29,14.653118133544922
2000-08-30,14.529377937316896
2000-08-31,14.405656814575195
2000-09-01,14.653118133544922
2000-09-05,14.741491317749023
2000-09-06,15.448522567749023
2000-09-07,15.077324867248535
2000-09-08,15.289434432983398
2000-09-11,15.554567337036133
2000-09-12,15.731322288513184
2000-09-13,15.890406608581545
2000-09-14,13.415817260742188
2000-09-15,13.168356895446776
2000-09-18,12.585065841674805
2000-09-19,12.585065841674805
2000-09-20,12.1785249710083
2000-09-21,12.40830898284912
2000-09-22,12.74414348602295
2000-09-25,12.599205017089844
2000-09-26,12.780198097229004
2000-09-27,12.585065841674805
2000-09-28,13.326030731201172
2000-09-29,13.348649978637695
2000-10-02,13.286431312561035
2000-10-03,13.15068531036377
2000-10-04,13.272290229797363
2000-10-05,14.030220985412598
2000-10-06,14.137687683105469
2000-10-09,14.17162799835205
2000-10-10,14.20839023590088
2000-10-11,14.18576717376709
2000-10-12,13.80114459991455
2000-10-13,14.259296417236328
2000-10-16,14.607154846191406
2000-10-17,14.395050048828123
2000-10-18,14.47139835357666
2000-10-19,14.214045524597168
2000-10-20,14.315863609313965
2000-10-23,13.970840454101562
2000-10-24,15.05123233795166
2000-10-25,15.76052474975586
2000-10-26,15.749181747436523
2000-10-27,16.347822189331055
2000-10-30,16.736509323120117
2000-10-31,16.671249389648438
2000-11-01,16.14354705810547
2000-11-02,16.55493927001953
2000-11-03,16.597492218017578
2000-11-06,16.359174728393555
2000-11-07,16.696794509887695
2000-11-08,16.65140151977539
2000-11-09,16.696794509887695
2000-11-10,16.884050369262695
2000-11-13,16.784746170043945
2000-11-14,16.69395637512207
2000-11-15,16.915252685546875
2000-11-16,16.69962501525879
2000-11-17,16.753536224365234
2000-11-20,16.9890193939209
2000-11-21,16.85283088684082
2000-11-22,16.796092987060547
2000-11-24,16.398895263671875
2000-11-27,16.16057014465332
2000-11-28,16.577632904052734
2000-11-29,16.903905868530273
2000-11-30,16.66842269897461
2000-12-01,16.93511390686035
2000-12-04,17.000375747680664
2000-12-05,16.478330612182617
2000-12-06,16.024389266967773
2000-12-07,16.81027603149414
2000-12-08,16.55493927001953
2000-12-11,16.044235229492188
2000-12-12,16.733673095703125
2000-12-13,16.498193740844727
2000-12-14,16.38754653930664
2000-12-15,16.21731185913086
2000-12-18,16.804609298706055
2000-12-19,16.745031356811523
2000-12-20,16.827308654785156
2000-12-21,17.25856590270996
2000-12-22,16.954984664916992
2000-12-26,17.68980598449707
2000-12-27,18.31682586669922
2000-12-28,18.299802780151367
2000-12-29,18.31399345397949
2001-01-02,17.73236656188965
2001-01-03,17.05428123474121
2001-01-04,15.865506172180176
2001-01-05,16.34214973449707
2001-01-08,16.69962501525879
2001-01-09,17.008882522583008
2001-01-10,16.784746170043945
2001-01-11,16.501028060913086
2001-01-12,16.427257537841797
2001-01-16,16.427257537841797
2001-01-17,16.044235229492188
2001-01-18,16.13786506652832
2001-01-19,16.072608947753906
2001-01-22,16.109493255615234
2001-01-23,16.379030227661133
2001-01-24,16.52924156188965
2001-01-25,16.600366592407227
2001-01-26,16.219148635864258
2001-01-29,16.039905548095703
2001-01-30,16.70563507080078
2001-01-31,17.092546463012695
2001-02-01,17.377052307128906
2001-02-02,17.297388076782227
2001-02-05,17.02711296081543
2001-02-06,17.08400535583496
2001-02-07,16.884862899780273
2001-02-08,17.04417610168457
2001-02-09,16.893396377563477
2001-02-12,16.734085083007812
2001-02-13,16.50079345703125
2001-02-14,16.045597076416016
2001-02-15,16.130950927734375
2001-02-16,16.856409072875977
2001-02-20,17.08400535583496
2001-02-21,16.827960968017578
2001-02-22,16.856409072875977
2001-02-23,16.61458396911621
2001-02-26,16.54346466064453
2001-02-27,16.714160919189453
2001-02-28,16.799516677856445
2001-03-01,16.372772216796875
2001-03-02,16.534934997558594
2001-03-05,16.643041610717773
2001-03-06,16.443897247314453
2001-03-07,16.5520076751709
2001-03-08,17.069787979125977
2001-03-09,16.756845474243164
2001-03-12,16.173622131347656
2001-03-13,16.045597076416016
2001-03-14,15.781023025512695
2001-03-15,15.61885929107666
2001-03-16,15.425395011901855
2001-03-19,15.206338882446287
2001-03-20,15.266082763671877
2001-03-21,14.60888957977295
2001-03-22,14.509318351745604
2001-03-23,14.651566505432127
2001-03-26,15.106761932373049
2001-03-27,15.707043647766112
2001-03-28,15.763951301574709
2001-03-29,15.419710159301758
2001-03-30,15.721271514892578
2001-04-02,15.60463523864746
2001-04-03,15.19211196899414
2001-04-04,15.377035140991213
2001-04-05,15.78955078125
2001-04-06,15.291685104370115
2001-04-09,14.822269439697266
2001-04-10,14.665785789489746
2001-04-11,14.583284378051758
2001-04-12,15.13520622253418
2001-04-16,15.177888870239258
2001-04-17,15.041335105895996
2001-04-18,14.722688674926758
2001-04-19,14.95598030090332
2001-04-20,15.163658142089844
2001-04-23,15.089691162109377
2001-04-24,14.952152252197266
2001-04-25,15.23179054260254
2001-04-26,15.35163402557373
2001-04-27,15.879528999328612
2001-04-30,15.936603546142578
2001-05-01,16.11065673828125
2001-05-02,15.97940731048584
2001-05-03,15.936603546142578
2001-05-04,16.207677841186523
2001-05-07,16.316104888916016
2001-05-08,16.344640731811523
2001-05-09,16.37602996826172
2001-05-10,16.550106048583984
2001-05-11,16.590042114257812
2001-05-14,16.604305267333984
2001-05-15,16.17914581298828
2001-05-16,16.69847297668457
2001-05-17,16.56435775756836
2001-05-18,16.37888526916504
2001-05-21,16.435956954956055
2001-05-22,16.042173385620117
2001-05-23,16.20197296142578
2001-05-24,16.318971633911133
2001-05-25,16.20197296142578
2001-05-29,16.544387817382812
2001-05-30,16.41598129272461
2001-05-31,16.162019729614258
2001-06-01,16.336090087890625
2001-06-04,16.396007537841797
2001-06-05,16.607160568237305
2001-06-06,16.67850112915039
2001-06-07,16.764101028442383
2001-06-08,16.79834747314453
2001-06-11,16.784069061279297
2001-06-12,16.786928176879883
2001-06-13,16.521560668945312
2001-06-14,16.46734046936035
2001-06-15,16.521560668945312
2001-06-18,16.5244140625
2001-06-19,16.601457595825195
2001-06-20,16.89251136779785
2001-06-21,17.406131744384766
2001-06-22,16.935317993164062
2001-06-25,16.806907653808594
2001-06-26,17.320524215698242
2001-06-27,17.291990280151367
2001-06-28,17.391862869262695
2001-06-29,16.83258628845215
2001-07-02,17.11507797241211
2001-07-03,17.19213104248047
2001-07-05,17.015209197998047
2001-07-06,16.84685707092285
2001-07-09,16.672805786132812
2001-07-10,16.336090087890625
2001-07-11,15.76539421081543
2001-07-12,15.659820556640623
2001-07-13,15.753983497619627
2001-07-16,15.936603546142578
2001-07-17,16.065006256103516
2001-07-18,15.773958206176758
2001-07-19,15.808198928833008
2001-07-20,15.925182342529297
2001-07-23,15.594182968139648
2001-07-24,15.502567291259766
2001-07-25,15.571282386779783
2001-07-26,15.488255500793455
2001-07-27,15.456771850585938
2001-07-30,15.51115894317627
2001-07-31,15.516885757446287
2001-08-01,15.159024238586426
2001-08-02,15.156163215637209
2001-08-03,15.287848472595217
2001-08-06,15.138981819152832
2001-08-07,15.159024238586426
2001-08-08,15.17047882080078
2001-08-09,15.316483497619627
2001-08-10,15.316483497619627
2001-08-13,15.67434024810791
2001-08-14,15.634265899658203
2001-08-15,15.5684175491333
2001-08-16,15.84898281097412
2001-08-17,15.826078414916992
2001-08-20,15.87474250793457
2001-08-21,15.889060020446776
2001-08-22,16.089460372924805
2001-08-23,16.02361297607422
2001-08-24,15.992121696472168
2001-08-27,15.84898281097412
2001-08-28,15.662899017333984
2001-08-29,15.602773666381836
2001-08-30,15.545513153076172
2001-08-31,15.502567291259766
2001-09-04,15.660027503967283
2001-09-05,15.954904556274414
2001-09-06,16.12095832824707
2001-09-07,16.032207489013672
2001-09-10,16.392925262451172
2001-09-17,16.433006286621094
2001-09-18,16.604785919189453
2001-09-19,16.304187774658203
2001-09-20,15.697248458862305
2001-09-21,15.070277214050291
2001-09-24,15.61135959625244
2001-09-25,15.91769313812256
2001-09-26,16.23261070251465
2001-09-27,16.596195220947266
2001-09-28,16.676359176635742
2001-10-01,16.433006286621094
2001-10-02,16.46164894104004
2001-10-03,16.24692726135254
2001-10-04,16.075151443481445
2001-10-05,16.561845779418945
2001-10-08,16.309907913208008
2001-10-09,16.392925262451172
2001-10-10,16.601926803588867
2001-10-11,16.5074462890625
2001-10-12,16.433006286621094
2001-10-15,16.347129821777344
2001-10-16,16.384342193603516
2001-10-17,16.252647399902344
2001-10-18,16.490259170532227
2001-10-19,16.65059471130371
2001-10-22,17.008453369140625
2001-10-23,16.8109188079834
2001-10-24,16.79656219482422
2001-10-25,16.914295196533203
2001-10-26,16.799419403076172
2001-10-29,16.54671859741211
2001-10-30,16.592662811279297
2001-10-31,16.51799774169922
2001-11-01,16.5869197845459
2001-11-02,16.799419403076172
2001-11-05,16.813785552978516
2001-11-06,16.902807235717773
2001-11-07,16.842504501342773
2001-11-08,16.584049224853516
2001-11-09,16.47205352783203
2001-11-12,16.311248779296875
2001-11-13,16.615642547607422
2001-11-14,16.578306198120117
2001-11-15,16.770715713500977
2001-11-16,16.813785552978516
2001-11-19,16.83388328552246
2001-11-20,16.848249435424805
2001-11-21,16.82240104675293
2001-11-23,16.836759567260742
2001-11-26,16.897069931030273
2001-11-27,16.595529556274414
2001-11-28,16.6414852142334
2001-11-29,16.563945770263672
2001-11-30,16.759225845336914
2001-12-03,16.68455696105957
2001-12-04,16.733386993408203
2001-12-05,16.638608932495117
2001-12-06,16.311248779296875
2001-12-07,16.27103614807129
2001-12-10,16.25667381286621
2001-12-11,16.262414932250977
2001-12-12,16.3571834564209
2001-12-13,16.374418258666992
2001-12-14,16.239444732666016
2001-12-17,16.182016372680664
2001-12-18,16.526615142822266
2001-12-19,16.770715713500977
2001-12-20,16.71039581298828
2001-12-21,16.561073303222656
2001-12-24,16.549596786499023
2001-12-26,16.670202255249023
2001-12-27,16.70178985595703
2001-12-28,16.696043014526367
2001-12-31,16.584049224853516
2002-01-02,16.54671859741211
2002-01-03,16.489282608032227
2002-01-04,16.15042495727539
2002-01-07,15.98099136352539
2002-01-08,16.081504821777344
2002-01-09,16.153303146362305
2002-01-10,15.909208297729492
2002-01-11,15.871868133544922
2002-01-14,16.035554885864258
2002-01-15,16.325607299804688
2002-01-16,16.337081909179688
2002-01-17,16.397384643554688
2002-01-18,16.41175079345703
2002-01-22,16.296876907348633
2002-01-23,16.219099044799805
2002-01-24,16.10386848449707
2002-01-25,16.253664016723633
2002-01-28,16.273839950561523
2002-01-29,15.994394302368164
2002-01-30,16.161476135253906
2002-01-31,16.463973999023438
2002-02-01,16.463973999023438
2002-02-04,16.22773551940918
2002-02-05,16.12114906311035
2002-02-06,15.951178550720217
2002-02-07,15.68038272857666
2002-02-08,15.671740531921388
2002-02-11,15.59971809387207
2002-02-12,15.729354858398438
2002-02-13,15.870526313781738
2002-02-14,15.856117248535156
2002-02-15,16.132675170898438
2002-02-19,16.01744270324707
2002-02-20,16.187410354614258
2002-02-21,16.132675170898438
2002-02-22,16.334325790405273
2002-02-25,16.40635108947754
2002-02-26,16.311290740966797
2002-02-27,16.247905731201172
2002-02-28,16.126920700073242
2002-03-01,16.377553939819336
2002-03-04,16.242145538330078
2002-03-05,15.945417404174805
2002-03-06,16.10386848449707
2002-03-07,15.712074279785156
2002-03-08,15.651577949523926
2002-03-11,15.58531379699707
2002-03-12,15.922374725341797
2002-03-13,15.75816535949707
2002-03-14,15.714956283569336
2002-03-15,16.126920700073242
2002-03-18,16.256549835205078
2002-03-19,16.386186599731445
2002-03-20,16.36602210998535
2002-03-21,16.311290740966797
2002-03-22,16.391952514648438
2002-03-25,16.155719757080078
2002-03-26,16.3256893157959
2002-03-27,16.510051727294922
2002-03-28,16.463973999023438
2002-04-01,16.305526733398438
2002-04-02,16.371789932250977
2002-04-03,16.270946502685547
2002-04-04,16.530235290527344
2002-04-05,16.524459838867188
2002-04-08,16.576326370239258
2002-04-09,16.521587371826172
2002-04-10,16.82695198059082
2002-04-11,16.53887176513672
2002-04-12,16.91914176940918
2002-04-15,16.671388626098633
2002-04-16,16.809667587280273
2002-04-17,16.63681983947754
2002-04-18,15.542109489440918
2002-04-19,15.671740531921388
2002-04-22,15.743765830993652
2002-04-23,15.873403549194336
2002-04-24,15.989015579223633
2002-04-25,16.08148765563965
2002-04-26,15.922533988952637
2002-04-29,15.60170555114746
2002-04-30,15.321349143981934
2002-05-01,15.477428436279297
2002-05-02,15.835824966430664
2002-05-03,15.766454696655272
2002-05-06,15.948545455932615
2002-05-07,15.882072448730469
2002-05-08,16.009239196777344
2002-05-09,15.86762523651123
2002-05-10,16.04681396484375
2002-05-13,16.06993865966797
2002-05-14,16.084386825561523
2002-05-15,16.043922424316406
2002-05-16,16.090164184570312
2002-05-17,15.90809154510498
2002-05-20,15.85316276550293
2002-05-21,15.624838829040527
2002-05-22,15.63061809539795
2002-05-23,15.590144157409668
2002-05-24,15.451422691345217
2002-05-28,15.093026161193848
2002-05-29,14.95717716217041
2002-05-30,15.000530242919922
2002-05-31,15.66530418395996
2002-06-03,15.621944427490234
2002-06-04,15.598821640014648
2002-06-05,16.06415367126465
2002-06-06,15.939875602722168
2002-06-07,15.939875602722168
2002-06-10,15.587265014648438
2002-06-11,15.347365379333496
2002-06-12,15.567033767700195
2002-06-13,15.260660171508787
2002-06-14,15.188410758972168
2002-06-17,15.529463768005373
2002-06-18,15.301129341125488
2002-06-19,15.257770538330078
2002-06-20,14.91382884979248
2002-06-21,14.59011459350586
2002-06-24,14.350226402282717
2002-06-25,13.85887622833252
2002-06-26,14.353111267089844
2002-06-27,14.899370193481444
2002-06-28,14.465834617614746
2002-07-01,14.936951637268066
2002-07-02,14.610337257385254
2002-07-03,14.494739532470703
2002-07-05,14.954291343688965
2002-07-08,14.824228286743164
2002-07-09,14.46294403076172
2002-07-10,14.321317672729492
2002-07-11,14.601685523986816
2002-07-12,14.301087379455566
2002-07-15,14.09010410308838
2002-07-16,13.783727645874023
2002-07-17,13.627657890319824
2002-07-18,13.347293853759766
2002-07-19,12.82126808166504
2002-07-22,13.095837593078612
2002-07-23,13.642107009887695
2002-07-24,14.50380802154541
2002-07-25,14.67789363861084
2002-07-26,14.57923698425293
2002-07-29,15.22334098815918
2002-07-30,14.883878707885742
2002-07-31,14.898394584655762
2002-08-01,15.208820343017578
2002-08-02,15.188520431518556
2002-08-05,14.773629188537598
2002-08-06,14.985426902770996
2002-08-07,15.232043266296388
2002-08-08,15.7049560546875
2002-08-09,15.687541961669922
2002-08-12,15.583102226257324
2002-08-13,15.443836212158203
2002-08-14,15.789095878601074
2002-08-15,15.899349212646484
2002-08-16,15.652745246887209
2002-08-19,15.92836570739746
2002-08-20,15.754281997680664
2002-08-21,15.873228073120115
2002-08-22,15.850020408630373
2002-08-23,15.600510597229004
2002-08-26,15.45253849029541
2002-08-27,15.687541961669922
2002-08-28,15.568597793579102
2002-08-29,15.565698623657228
2002-08-30,15.82681655883789
2002-09-03,15.284256935119627
2002-09-04,15.815197944641112
2002-09-05,16.288127899169922
2002-09-06,15.92836570739746
2002-09-09,16.203990936279297
2002-09-10,16.160470962524414
2002-09-11,16.221397399902344
2002-09-12,15.92836570739746
2002-09-13,16.102445602416992
2002-09-16,16.26491355895996
2002-09-17,15.899349212646484
2002-09-18,15.82681655883789
2002-09-19,15.49605655670166
2002-09-20,15.464139938354492
2002-09-23,15.519271850585938
2002-09-24,15.232043266296388
2002-09-25,15.574399948120115
2002-09-26,16.108247756958008
2002-09-27,15.873228073120115
2002-09-30,15.652745246887209
2002-10-01,15.899349212646484
2002-10-02,15.71366024017334
2002-10-03,15.71946907043457
2002-10-04,15.71656608581543
2002-10-07,15.884842872619627
2002-10-08,16.04732322692871
2002-10-09,15.835519790649414
2002-10-10,16.05891990661621
2002-10-11,16.363563537597656
2002-10-14,16.537643432617188
2002-10-15,16.27362060546875
2002-10-16,15.899349212646484
2002-10-17,16.160470962524414
2002-10-18,16.444799423217773
2002-10-21,16.80166244506836
2002-10-22,16.427392959594727
2002-10-23,16.473962783813477
2002-10-24,16.124692916870117
2002-10-25,16.23238182067871
2002-10-28,15.941323280334473
2002-10-29,16.209091186523438
2002-10-30,16.284774780273438
2002-10-31,16.0024471282959
2002-11-01,16.008262634277344
2002-11-04,15.510557174682615
2002-11-05,15.862738609313965
2002-11-06,15.54256820678711
2002-11-07,15.67063808441162
2002-11-08,15.725943565368652
2002-11-11,15.702665328979492
2002-11-12,15.391227722167969
2002-11-13,15.309721946716309
2002-11-14,15.405770301818848
2002-11-15,15.452343940734863
2002-11-18,15.324278831481934
2002-11-19,15.36502170562744
2002-11-20,15.46399211883545
2002-11-21,14.960457801818848
2002-11-22,15.009936332702637
2002-11-25,14.855672836303713
2002-11-26,14.887690544128418
2002-11-27,15.10597801208496
2002-11-29,14.957541465759276
2002-12-02,14.960457801818848
2002-12-03,15.047771453857422
2002-12-04,15.458168029785156
2002-12-05,15.29808521270752
2002-12-06,15.565850257873535
2002-12-09,15.61534023284912
2002-12-10,15.746317863464355
2002-12-11,15.580408096313477
2002-12-12,15.449430465698242
2002-12-13,15.397043228149414
2002-12-16,15.35338020324707
2002-12-17,15.257325172424316
2002-12-18,15.330103874206545
2002-12-19,15.10597801208496
2002-12-20,15.251506805419922
2002-12-23,15.324278831481934
2002-12-24,15.26315689086914
2002-12-26,15.315540313720703
2002-12-27,15.178747177124023
2002-12-30,15.187482833862305
2002-12-31,15.260246276855469
2003-01-02,15.65898323059082
2003-01-03,15.472721099853516
2003-01-06,15.810344696044922
2003-01-07,15.594958305358888
2003-01-08,15.484359741210938
2003-01-09,15.45525074005127
2003-01-10,15.405770301818848
2003-01-13,15.382487297058104
2003-01-14,15.30390739440918
2003-01-15,15.222411155700684
2003-01-16,15.717208862304688
2003-01-17,15.647353172302246
2003-01-21,15.44651985168457
2003-01-22,15.129266738891602
2003-01-23,15.242783546447754
2003-01-24,15.021571159362791
2003-01-27,14.800373077392578
2003-01-28,14.99537754058838
2003-01-29,14.79164218902588
2003-01-30,14.493701934814451
2003-01-31,14.87050724029541
2003-02-03,14.82376766204834
2003-02-04,15.244382858276367
2003-02-05,15.042842864990234
2003-02-06,15.019476890563965
2003-02-07,14.95521354675293
2003-02-10,15.042842864990234
2003-02-11,14.782876968383787
2003-02-12,14.654358863830566
2003-02-13,14.715694427490234
2003-02-14,14.817928314208984
2003-02-18,14.87342357635498
2003-02-19,14.750744819641112
2003-02-20,14.625144004821776
2003-02-21,14.89679718017578
2003-02-24,14.712763786315918
2003-02-25,14.888029098510742
2003-02-26,14.841293334960938
2003-02-27,14.835454940795898
2003-02-28,14.695252418518066
2003-03-03,14.619307518005373
2003-03-04,14.52583122253418
2003-03-05,14.648513793945312
2003-03-06,14.50246524810791
2003-03-07,14.50246524810791
2003-03-10,14.341815948486328
2003-03-11,14.56087589263916
2003-03-12,14.925999641418455
2003-03-13,15.191807746887209
2003-03-14,15.24730110168457
2003-03-17,15.700056076049805
2003-03-18,15.612425804138184
2003-03-19,15.895752906799316
2003-03-20,15.945404052734377
2003-03-21,16.284236907958984
2003-03-24,15.805211067199709
2003-03-25,15.71465015411377
2003-03-26,15.711740493774414
2003-03-27,15.796439170837402
2003-03-28,15.87530517578125
2003-03-31,15.901596069335938
2003-04-01,16.06515884399414
2003-04-02,16.211206436157227
2003-04-03,15.930795669555664
2003-04-04,15.92496109008789
2003-04-07,16.03596305847168
2003-04-08,16.111900329589844
2003-04-09,16.211206436157227
2003-04-10,16.2637882232666
2003-04-11,16.217058181762695
2003-04-14,16.538358688354492
2003-04-15,16.704856872558594
2003-04-16,16.45949935913086
2003-04-17,16.284236907958984
2003-04-21,16.450733184814453
2003-04-22,16.73698616027832
2003-04-23,16.84258270263672
2003-04-24,16.778047561645508
2003-04-25,16.625530242919922
2003-04-28,16.839651107788086
2003-04-29,16.866039276123047
2003-04-30,16.769254684448242
2003-05-01,16.687116622924805
2003-05-02,16.763383865356445
2003-05-05,16.895381927490234
2003-05-06,16.88070297241211
2003-05-07,16.939376831054688
2003-05-08,16.713516235351562
2003-05-09,16.827917098999023
2003-05-12,17.11243438720703
2003-05-13,16.83378028869629
2003-05-14,16.945241928100586
2003-05-15,17.11243438720703
2003-05-16,17.179901123046875
2003-05-19,17.15937042236328
2003-05-20,17.35002899169922
2003-05-21,17.144699096679688
2003-05-22,17.273767471313477
2003-05-23,17.24736785888672
2003-05-27,17.273767471313477
2003-05-28,17.28550148010254
2003-05-29,17.34709358215332
2003-05-30,17.487895965576172
2003-06-02,17.449756622314453
2003-06-03,17.46149444580078
2003-06-04,17.39402198791504
2003-06-05,17.32949447631836
2003-06-06,17.188695907592773
2003-06-09,17.238569259643555
2003-06-10,17.19749641418457
2003-06-11,17.276704788208008
2003-06-12,17.528955459594727
2003-06-13,17.593481063842773
2003-06-16,17.857479095458984
2003-06-17,17.79001235961914
2003-06-18,17.828142166137695
2003-06-19,17.56414794921875
2003-06-20,17.572954177856445
2003-06-23,17.49082374572754
2003-06-24,17.64922332763672
2003-06-25,17.232696533203125
2003-06-26,17.106565475463867
2003-06-27,16.918840408325195
2003-06-30,16.998048782348633
2003-07-01,17.086042404174805
2003-07-02,17.1036376953125
2003-07-03,16.971637725830078
2003-07-07,17.012706756591797
2003-07-08,17.012706756591797
2003-07-09,16.901241302490234
2003-07-10,16.807388305664062
2003-07-11,16.792713165283203
2003-07-14,16.713516235351562
2003-07-15,16.704715728759766
2003-07-16,16.578590393066406
2003-07-17,16.41433334350586
2003-07-18,16.51405906677246
2003-07-21,16.51405906677246
2003-07-22,16.602054595947266
2003-07-23,16.578489303588867
2003-07-24,16.478336334228516
2003-07-25,16.466552734375
2003-07-28,16.363449096679688
2003-07-29,16.27507972717285
2003-07-30,16.23678970336914
2003-07-31,16.083602905273438
2003-08-01,15.995238304138184
2003-08-04,16.004077911376953
2003-08-05,15.995238304138184
2003-08-06,16.157245635986328
2003-08-07,16.118953704833984
2003-08-08,16.207326889038086
2003-08-11,16.272136688232422
2003-08-12,16.5107364654541
2003-08-13,16.384071350097656
2003-08-14,16.4223690032959
2003-08-15,16.1984920501709
2003-08-18,16.077720642089844
2003-08-19,16.036479949951172
2003-08-20,16.048259735107422
2003-08-21,16.009967803955078
2003-08-22,15.715388298034668
2003-08-25,15.730122566223145
2003-08-26,15.880348205566406
2003-08-27,16.30453872680664
2003-08-28,16.298641204833984
2003-08-29,16.283916473388672
2003-09-02,16.525461196899414
2003-09-03,16.65802001953125
2003-09-04,16.584381103515625
2003-09-05,16.563758850097656
2003-09-08,16.64035415649414
2003-09-09,16.48128890991211
2003-09-10,16.507789611816406
2003-09-11,16.628572463989258
2003-09-12,16.53136444091797
2003-09-15,16.30453872680664
2003-09-16,16.384071350097656
2003-09-17,16.257404327392578
2003-09-18,16.157245635986328
2003-09-19,16.30453872680664
2003-09-22,16.148414611816406
2003-09-23,16.32810401916504
2003-09-24,16.36935043334961
2003-09-25,16.410581588745117
2003-09-26,16.2898006439209
2003-09-29,16.42531967163086
2003-09-30,16.463607788085938
2003-10-01,16.78173828125
2003-10-02,16.85833168029785
2003-10-03,16.890737533569336
2003-10-06,16.99383544921875
2003-10-07,17.0704288482666
2003-10-08,17.02623748779297
2003-10-09,16.982053756713867
2003-10-10,17.055700302124023
2003-10-13,17.10872459411621
2003-10-14,17.1617431640625
2003-10-15,17.267789840698242
2003-10-16,17.093996047973633
2003-10-17,16.8936824798584
2003-10-20,16.89957046508789
2003-10-21,16.97027015686035
2003-10-22,17.08562469482422
2003-10-23,15.733811378479004
2003-10-24,15.337432861328123
2003-10-27,15.112613677978516
2003-10-28,15.133331298828123
2003-10-29,15.446887969970703
2003-10-30,15.269391059875488
2003-10-31,15.733811378479004
2003-11-03,15.721979141235352
2003-11-04,15.766351699829102
2003-11-05,15.491250038146973
2003-11-06,15.467586517333984
2003-11-07,15.411385536193848
2003-11-10,15.364048957824709
2003-11-11,15.479421615600586
2003-11-12,15.594780921936035
2003-11-13,15.618452072143556
2003-11-14,15.411385536193848
2003-11-17,15.411385536193848
2003-11-18,15.213189125061035
2003-11-19,15.293061256408691
2003-11-20,15.313769340515137
2003-11-21,15.34334659576416
2003-11-24,15.514915466308594
2003-11-25,15.506046295166016
2003-11-26,15.482376098632812
2003-11-28,15.529703140258787
2003-12-01,15.648024559020996
2003-12-02,15.689443588256836
2003-12-03,15.677607536315918
2003-12-04,15.884673118591309
2003-12-05,15.932001113891602
2003-12-08,15.852127075195312
2003-12-09,15.656892776489258
2003-12-10,15.562236785888672
2003-12-11,15.559283256530762
2003-12-12,15.858052253723145
2003-12-15,15.843259811401367
2003-12-16,15.724929809570312
2003-12-17,15.937910079956056
2003-12-18,14.878933906555176
2003-12-19,14.550589561462402
2003-12-22,14.532849311828612
2003-12-23,14.594966888427734
2003-12-24,14.544682502746582
2003-12-26,14.583131790161133
2003-12-29,14.78426742553711
2003-12-30,14.76356601715088
2003-12-31,14.804991722106934
2004-01-02,14.6777982711792
2004-01-05,14.804991722106934
2004-01-06,14.90259838104248
2004-01-07,14.98247241973877
2004-01-08,15.01796531677246
2004-01-09,14.935135841369627
2004-01-12,14.896683692932127
2004-01-13,14.961770057678224
2004-01-14,14.914435386657717
2004-01-15,15.100785255432127
2004-01-16,15.154038429260254
2004-01-20,15.109662055969238
2004-01-21,15.219109535217283
2004-01-22,15.228031158447266
2004-01-23,15.153728485107422
2004-01-26,15.27260398864746
2004-01-27,15.233968734741213
2004-01-28,15.11212158203125
2004-01-29,15.4390287399292
2004-01-30,15.236942291259766
2004-02-02,14.960554122924805
2004-02-03,15.409308433532717
2004-02-04,15.976948738098145
2004-02-05,16.232526779174805
2004-02-06,16.286022186279297
2004-02-09,16.32169532775879
2004-02-10,16.345457077026367
2004-02-11,16.36626434326172
2004-02-12,16.363300323486328
2004-02-13,16.354381561279297
2004-02-17,16.449481964111328
2004-02-18,16.49405860900879
2004-02-19,16.791240692138672
2004-02-20,16.657514572143555
2004-02-23,16.6456241607666
2004-02-24,16.410846710205078
2004-02-25,16.345457077026367
2004-02-26,16.485149383544922
2004-02-27,16.479196548461914
2004-03-01,16.71398162841797
2004-03-02,16.681285858154297
2004-03-03,16.734777450561523
2004-03-04,16.654539108276367
2004-03-05,16.746665954589844
2004-03-08,16.79719352722168
2004-03-09,16.71992301940918
2004-03-10,16.80611228942871
2004-03-11,16.315752029418945
2004-03-12,16.32169532775879
2004-03-15,16.190919876098633
2004-03-16,16.24441909790039
2004-03-17,16.345457077026367
2004-03-18,16.345457077026367
2004-03-19,16.27116584777832
2004-03-22,15.944246292114258
2004-03-23,15.748106002807615
2004-03-24,15.691646575927734
2004-03-25,16.318706512451172
2004-03-26,16.262250900268555
2004-03-29,16.449481964111328
2004-03-30,16.657514572143555
2004-03-31,16.375179290771484
2004-04-01,16.32169532775879
2004-04-02,16.52971649169922
2004-04-05,16.297910690307617
2004-04-06,16.33951187133789
2004-04-07,16.155254364013672
2004-04-08,16.128517150878906
2004-04-12,16.042316436767578
2004-04-13,15.917516708374023
2004-04-14,16.30087661743164
2004-04-15,16.49405860900879
2004-04-16,16.568357467651367
2004-04-19,16.734777450561523
2004-04-20,16.823936462402344
2004-04-21,16.71694564819336
2004-04-22,16.83932113647461
2004-04-23,16.90498161315918
2004-04-26,17.03033447265625
2004-04-27,17.018396377563477
2004-04-28,16.83335304260254
2004-04-29,17.266124725341797
2004-04-30,17.275081634521484
2004-05-03,17.585481643676758
2004-05-04,17.528757095336914
2004-05-05,17.4840030670166
2004-05-06,17.45713996887207
2004-05-07,17.200456619262695
2004-05-10,17.015413284301758
2004-05-11,17.0333194732666
2004-05-12,16.985572814941406
2004-05-13,16.710975646972656
2004-05-14,16.639347076416016
2004-05-17,16.764698028564453
2004-05-18,16.75873565673828
2004-05-19,16.687105178833008
2004-05-20,16.705005645751953
2004-05-21,17.081071853637695
2004-05-24,16.95273780822754
2004-05-25,17.060184478759766
2004-05-26,17.278060913085938
2004-05-27,17.167633056640625
2004-05-28,17.07212257385254
2004-06-01,17.173595428466797
2004-06-02,17.137781143188477
2004-06-03,17.027345657348633
2004-06-04,16.98854637145996
2004-06-07,17.19151496887207
2004-06-08,17.242246627807617
2004-06-09,17.343727111816406
2004-06-10,17.355661392211914
2004-06-14,17.34073829650879
2004-06-15,17.367597579956055
2004-06-16,17.451169967651367
2004-06-17,17.41535186767578
2004-06-18,17.42430877685547
2004-06-21,17.39446258544922
2004-06-22,17.513853073120117
2004-06-23,17.436243057250977
2004-06-24,17.358652114868164
2004-06-25,17.11688995361328
2004-06-28,17.239255905151367
2004-06-29,17.489973068237305
2004-06-30,17.44520378112793
2004-07-01,17.528757095336914
2004-07-02,17.42430877685547
2004-07-06,17.397443771362305
2004-07-07,17.34073829650879
2004-07-08,17.32880210876465
2004-07-09,17.239255905151367
2004-07-12,17.209413528442383
2004-07-13,17.155689239501953
2004-07-14,16.979595184326172
2004-07-15,16.982587814331055
2004-07-16,16.809473037719727
2004-07-19,16.752765655517578
2004-07-20,16.89901351928711
2004-07-21,16.415498733520508
2004-07-22,16.142704010009766
2004-07-23,15.779986381530762
2004-07-26,15.797977447509766
2004-07-27,15.905882835388184
2004-07-28,16.022804260253906
2004-07-29,15.974846839904783
2004-07-30,15.947853088378906
2004-08-02,15.989826202392578
2004-08-03,15.878913879394531
2004-08-04,15.833940505981444
2004-08-05,15.663077354431152
2004-08-06,15.513181686401367
2004-08-09,15.453239440917969
2004-08-10,15.657086372375488
2004-08-11,15.651080131530762
2004-08-12,15.58213233947754
2004-08-13,15.507192611694336
2004-08-16,15.573140144348145
2004-08-17,15.474218368530272
2004-08-18,15.627105712890623
2004-08-19,15.552162170410156
2004-08-20,15.78598690032959
2004-08-23,15.989826202392578
2004-08-24,15.99582290649414
2004-08-25,16.142704010009766
2004-08-26,16.172687530517578
2004-08-27,16.172687530517578
2004-08-30,16.10373878479004
2004-08-31,16.187673568725586
2004-09-01,16.304594039916992
2004-09-02,16.460458755493164
2004-09-03,16.44248390197754
2004-09-07,16.487438201904297
2004-09-08,16.337562561035156
2004-09-09,16.253623962402344
2004-09-10,16.307584762573242
2004-09-13,16.328569412231445
2004-09-14,16.2925968170166
2004-09-15,16.29859161376953
2004-09-16,16.27760887145996
2004-09-17,16.286596298217773
2004-09-20,14.45798683166504
2004-09-21,13.8104887008667
2004-09-22,13.744532585144045
2004-09-23,13.7295503616333
2004-09-24,13.534695625305176
2004-09-27,13.558675765991213
2004-09-28,13.594644546508787
2004-09-29,13.63961696624756
2004-09-30,13.54368495941162
2004-10-01,13.525696754455566
2004-10-04,13.45975112915039
2004-10-05,13.339847564697266
2004-10-06,13.354828834533691
2004-10-07,13.312865257263184
2004-10-08,13.234925270080566
2004-10-11,13.186957359313965
2004-10-12,12.995102882385254
2004-10-13,13.025083541870115
2004-10-14,13.025083541870115
2004-10-15,13.16897201538086
2004-10-18,13.165976524353027
2004-10-19,12.90817165374756
2004-10-20,13.594644546508787
2004-10-21,13.817657470703123
2004-10-22,13.772461891174316
2004-10-25,13.546432495117188
2004-10-26,13.676016807556152
2004-10-27,13.688072204589844
2004-10-28,13.546432495117188
2004-10-29,13.446980476379396
2004-11-01,13.471095085144045
2004-11-02,13.567526817321776
2004-11-03,13.70615291595459
2004-11-04,14.019577980041504
2004-11-05,14.137113571166992
2004-11-08,13.977383613586426
2004-11-09,14.064777374267578
2004-11-10,13.998482704162598
2004-11-11,14.278754234313965
2004-11-12,14.351080894470217
2004-11-15,14.435450553894045
2004-11-16,14.507789611816406
2004-11-17,14.688602447509766
2004-11-18,14.140118598937988
2004-11-19,13.92916488647461
2004-11-22,13.871908187866213
2004-11-23,13.86286735534668
2004-11-24,13.799580574035645
2004-11-26,13.83272933959961
2004-11-29,13.86286735534668
2004-11-30,13.859851837158203
2004-12-01,14.079852104187012
2004-12-02,14.272727966308594
2004-12-03,14.1340913772583
2004-12-06,13.950261116027832
2004-12-07,15.089432716369627
2004-12-08,14.932709693908691
2004-12-09,15.143669128417969
2004-12-10,15.206964492797852
2004-12-13,15.074363708496094
2004-12-14,15.212990760803224
2004-12-15,15.13462734222412
2004-12-16,15.038195610046388
2004-12-17,15.044222831726074
2004-12-20,15.161752700805664
2004-12-21,15.20394802093506
2004-12-22,15.219014167785645
2004-12-23,15.288330078125
2004-12-27,15.152717590332031
2004-12-28,15.167778968811035
2004-12-29,15.164767265319824
2004-12-30,15.448058128356934
2004-12-31,15.417917251586914
2005-01-03,15.074363708496094
2005-01-04,14.968877792358398
2005-01-05,14.63135051727295
2005-01-06,14.986971855163574
2005-01-07,15.092435836791992
2005-01-10,15.231075286865234
2005-01-11,15.20394802093506
2005-01-12,15.13161563873291
2005-01-13,15.038195610046388
2005-01-14,15.092435836791992
2005-01-18,15.11052131652832
2005-01-19,15.089432716369627
2005-01-20,15.10448932647705
2005-01-21,15.008065223693848
2005-01-24,14.917213439941406
2005-01-25,15.080735206604004
2005-01-26,15.104961395263672
2005-01-27,15.95590591430664
2005-01-28,15.643991470336914
2005-01-31,15.91048812866211
2005-02-01,16.113384246826172
2005-02-02,16.440431594848633
2005-02-03,16.588821411132812
2005-02-04,16.603944778442383
2005-02-07,16.71599769592285
2005-02-08,16.625146865844727
2005-02-09,16.507041931152344
2005-02-10,16.35261344909668
2005-02-11,16.54944610595703
2005-02-14,16.50098991394043
2005-02-15,16.328372955322266
2005-02-16,16.3465518951416
2005-02-17,16.328372955322266
2005-02-18,16.11034393310547
2005-02-22,15.868081092834473
2005-02-23,15.928648948669434
2005-02-24,16.00132942199707
2005-02-25,15.928648948669434
2005-02-28,16.025556564331055
2005-03-01,16.01041603088379
2005-03-02,15.961959838867188
2005-03-03,15.952872276306152
2005-03-04,16.00132942199707
2005-03-07,16.028575897216797
2005-03-08,15.995272636413574
2005-03-09,15.674273490905762
2005-03-10,15.95893383026123
2005-03-11,15.8499174118042
2005-03-14,15.92259693145752
2005-03-15,15.928648948669434
2005-03-16,15.810547828674316
2005-03-17,15.73484230041504
2005-03-18,15.789356231689451
2005-03-21,15.643991470336914
2005-03-22,15.31997299194336
2005-03-23,15.786324501037598
2005-03-24,15.677306175231934
2005-03-28,15.631875038146973
2005-03-29,15.574342727661133
2005-03-30,15.831748008728027
2005-03-31,15.79843044281006
2005-04-01,15.601592063903809
2005-04-04,15.680330276489258
2005-04-05,15.828718185424805
2005-04-06,15.995272636413574
2005-04-07,16.213300704956055
2005-04-08,16.213300704956055
2005-04-11,16.264785766601562
2005-04-12,16.33746910095215
2005-04-13,16.3314151763916
2005-04-14,16.1406307220459
2005-04-15,15.995272636413574
2005-04-18,15.85596752166748
2005-04-19,15.783295631408691
2005-04-20,15.471365928649902
2005-04-21,15.746953964233398
2005-04-22,15.646464347839355
2005-04-25,15.728681564331056
2005-04-26,15.439390182495115
2005-04-27,15.448518753051758
2005-04-28,15.354111671447754
2005-04-29,15.162263870239258
2005-05-02,15.25971508026123
2005-05-03,15.180540084838867
2005-05-04,15.238393783569336
2005-05-05,15.098320960998535
2005-05-06,14.973464965820312
2005-05-09,14.91865062713623
2005-05-10,14.799878120422363
2005-05-11,15.01000690460205
2005-05-12,14.997822761535645
2005-05-13,14.799878120422363
2005-05-16,14.976508140563965
2005-05-17,15.101362228393556
2005-05-18,15.348024368286133
2005-05-19,15.4363374710083
2005-05-20,15.56728458404541
2005-05-23,15.445477485656738
2005-05-24,15.472875595092772
2005-05-25,15.36629867553711
2005-05-26,15.314534187316896
2005-05-27,15.24448585510254
2005-05-31,15.217080116271973
2005-06-01,15.302350997924805
2005-06-02,15.107454299926758
2005-06-03,14.949097633361816
2005-06-06,14.909517288208008
2005-06-07,15.12572193145752
2005-06-08,15.16530704498291
2005-06-09,15.13486099243164
2005-06-10,15.153132438659668
2005-06-13,15.131817817687988
2005-06-14,15.119636535644531
2005-06-15,15.086136817932127
2005-06-16,14.891244888305664
2005-06-17,15.02219009399414
2005-06-20,15.451563835144045
2005-06-21,15.482020378112791
2005-06-22,15.591645240783691
2005-06-23,15.6373291015625
2005-06-24,15.408933639526367
2005-06-27,15.27190113067627
2005-06-28,15.41806697845459
2005-06-29,15.49115753173828
2005-06-30,15.198801040649414
2005-07-01,15.24144172668457
2005-07-05,15.338882446289062
2005-07-06,15.089176177978516
2005-07-07,15.223170280456545
2005-07-08,15.36629867553711
2005-07-11,15.354111671447754
2005-07-12,15.47898006439209
2005-07-13,15.588598251342772
2005-07-14,15.609912872314451
2005-07-15,15.698233604431152
2005-07-18,15.676916122436523
2005-07-19,15.661684036254885
2005-07-20,15.661684036254885
2005-07-21,15.789588928222656
2005-07-22,15.918209075927734
2005-07-25,15.881452560424805
2005-07-26,15.847768783569336
2005-07-27,15.924328804016112
2005-07-28,16.322437286376953
2005-07-29,16.21219253540039
2005-08-01,16.24588394165039
2005-08-02,16.21219253540039
2005-08-03,16.267318725585938
2005-08-04,16.040699005126953
2005-08-05,16.11419105529785
2005-08-08,16.101943969726562
2005-08-09,16.117259979248047
2005-08-10,16.154014587402344
2005-08-11,16.138702392578125
2005-08-12,16.169321060180664
2005-08-15,16.160131454467773
2005-08-16,16.040699005126953
2005-08-17,15.893712043762209
2005-08-18,16.154014587402344
2005-08-19,15.96108341217041
2005-08-22,16.049888610839844
2005-08-23,16.233631134033203
2005-08-24,16.12339210510254
2005-08-25,16.06825828552246
2005-08-26,15.97639274597168
2005-08-29,16.18157386779785
2005-08-30,16.049888610839844
2005-08-31,16.077451705932617
2005-09-01,16.120323181152344
2005-09-02,16.074390411376953
2005-09-06,16.386751174926758
2005-09-07,16.55518341064453
2005-09-08,16.353055953979492
2005-09-09,16.334688186645508
2005-09-12,16.261194229125977
2005-09-13,16.157066345214844
2005-09-14,16.092761993408203
2005-09-15,16.227506637573242
2005-09-16,16.420434951782227
2005-09-19,16.175451278686523
2005-09-20,16.105010986328125
2005-09-21,15.909019470214844
2005-09-22,15.915143013000488
2005-09-23,15.948835372924805
2005-09-26,15.725275993347168
2005-09-27,15.918209075927734
2005-09-28,16.03763771057129
2005-09-29,16.09581756591797
2005-09-30,16.166263580322266
2005-10-03,16.230560302734375
2005-10-04,16.239755630493164
2005-10-05,16.049888610839844
2005-10-06,15.985580444335938
2005-10-07,16.120323181152344
2005-10-10,16.00395393371582
2005-10-11,15.967205047607422
2005-10-12,15.912074089050291
2005-10-13,15.856964111328123
2005-10-14,16.04682731628418
2005-10-17,16.04376792907715
2005-10-18,15.958013534545898
2005-10-19,16.132568359375
2005-10-20,15.951889991760254
2005-10-21,15.93352222442627
2005-10-24,16.167558670043945
2005-10-25,16.13676643371582
2005-10-26,16.059782028198242
2005-10-27,16.038230895996094
2005-10-28,16.364662170410156
2005-10-31,16.309215545654297
2005-11-01,16.12444305419922
2005-11-02,16.102895736694336
2005-11-03,16.01358413696289
2005-11-04,15.967389106750488
2005-11-07,16.004348754882812
2005-11-08,16.21683120727539
2005-11-09,16.37081527709961
2005-11-10,16.521713256835938
2005-11-11,16.51555061340332
2005-11-14,16.373891830444336
2005-11-15,16.484758377075195
2005-11-16,16.506315231323242
2005-11-17,16.691083908081055
2005-11-18,16.58638572692871
2005-11-21,16.749589920043945
2005-11-22,16.589460372924805
2005-11-23,16.629486083984375
2005-11-25,16.6448917388916
2005-11-28,16.724964141845703
2005-11-29,16.71880531311035
2005-11-30,16.789627075195312
2005-12-01,16.99595832824707
2005-12-02,16.92513084411621
2005-12-05,17.014436721801758
2005-12-06,17.100662231445312
2005-12-07,16.90973472595215
2005-12-08,17.01751708984375
2005-12-09,16.949766159057617
2005-12-12,16.897417068481445
2005-12-13,17.13762092590332
2005-12-14,17.32239532470703
2005-12-15,17.365507125854492
2005-12-16,17.22692108154297
2005-12-19,17.208446502685547
2005-12-20,17.04523468017578
2005-12-21,17.014436721801758
2005-12-22,17.06678581237793
2005-12-23,17.09141731262207
2005-12-27,16.94668960571289
2005-12-28,17.014436721801758
2005-12-29,17.02983856201172
2005-12-30,16.891254425048828
2006-01-03,16.90973472595215
2006-01-04,17.109895706176758
2006-01-05,16.85429573059082
2006-01-06,16.88201141357422
2006-01-09,17.082189559936523
2006-01-10,16.90973472595215
2006-01-11,16.838905334472656
2006-01-12,16.706478118896484
2006-01-13,16.860462188720703
2006-01-17,16.7803897857666
2006-01-18,16.789627075195312
2006-01-19,16.940528869628906
2006-01-20,16.53710174560547
2006-01-23,16.604856491088867
2006-01-24,16.64200782775879
2006-01-25,17.23029136657715
2006-01-26,16.90828514099121
2006-01-27,17.335556030273438
2006-01-30,17.137405395507812
2006-01-31,16.994977951049805
2006-02-01,17.12192726135254
2006-02-02,16.979496002197266
2006-02-03,16.886615753173828
2006-02-06,16.765865325927734
2006-02-07,16.6636905670166
2006-02-08,16.682262420654297
2006-02-09,16.64511489868164
2006-02-10,16.72560691833496
2006-02-13,16.747285842895508
2006-02-14,16.796817779541016
2006-02-15,16.877321243286133
2006-02-16,16.97021484375
2006-02-17,16.967117309570312
2006-02-21,16.818490982055664
2006-02-22,16.895893096923828
2006-02-23,16.920677185058594
2006-02-24,16.911373138427734
2006-02-27,17.16217041015625
2006-02-28,16.8680362701416
2006-03-01,16.95782470703125
2006-03-02,16.877321243286133
2006-03-03,16.985692977905273
2006-03-06,16.812305450439453
2006-03-07,16.917572021484375
2006-03-08,17.505855560302734
2006-03-09,17.734968185424805
2006-03-10,17.871200561523438
2006-03-13,17.899066925048828
2006-03-14,17.539901733398438
2006-03-15,17.546098709106445
2006-03-16,17.539901733398438
2006-03-17,17.552295684814453
2006-03-20,17.64826774597168
2006-03-21,17.827857971191406
2006-03-22,17.964082717895508
2006-03-23,17.75354766845703
2006-03-24,17.89596176147461
2006-03-27,17.88667869567871
2006-03-28,17.713293075561523
2006-03-29,17.852624893188477
2006-03-30,18.04458808898925
2006-03-31,17.679231643676758
2006-04-03,17.905250549316406
2006-04-04,17.917640686035156
2006-04-05,17.951696395874023
2006-04-06,17.967185974121094
2006-04-07,17.818561553955078
2006-04-10,17.89596176147461
2006-04-11,17.66684913635254
2006-04-12,17.611114501953125
2006-04-13,17.52442741394043
2006-04-17,17.419160842895508
2006-04-18,17.56777000427246
2006-04-19,17.626602172851562
2006-04-20,17.72934913635254
2006-04-21,17.704444885253906
2006-04-24,17.85390281677246
2006-04-25,17.857011795043945
2006-04-26,18.355205535888672
2006-04-27,18.50777053833008
2006-04-28,18.408132553100582
2006-05-01,18.29293441772461
2006-05-02,18.489089965820312
2006-05-03,18.479761123657227
2006-05-04,18.61675453186035
2006-05-05,18.784893035888672
2006-05-08,18.93435478210449
2006-05-09,18.70393943786621
2006-05-10,18.523344039916992
2006-05-11,18.39256858825684
2006-05-12,18.44549560546875
2006-05-15,18.57316017150879
2006-05-16,18.86896133422852
2006-05-17,18.98727798461914
2006-05-18,18.71327781677246
2006-05-19,18.51711845397949
2006-05-22,18.67902565002441
2006-05-23,18.5046615600586
2006-05-24,18.61675453186035
2006-05-25,18.66657066345215
2006-05-26,18.90944099426269
2006-05-30,18.753746032714844
2006-05-31,18.78800773620605
2006-06-01,18.921894073486328
2006-06-02,18.750638961791992
2006-06-05,18.55448341369629
2006-06-06,18.747528076171875
2006-06-07,18.90944099426269
2006-06-08,19.015310287475582
2006-06-09,19.152305603027344
2006-06-12,19.093151092529297
2006-06-13,19.118059158325195
2006-06-14,18.79112243652344
2006-06-15,18.759981155395508
2006-06-16,18.8969841003418
2006-06-19,18.79423713684082
2006-06-20,18.735078811645508
2006-06-21,18.78800773620605
2006-06-22,18.77555084228516
2006-06-23,18.70393943786621
2006-06-26,18.747528076171875
2006-06-27,18.722618103027344
2006-06-28,18.476638793945312
2006-06-29,18.72884750366211
2006-06-30,18.65100479125977
2006-07-03,18.644775390625
2006-07-05,18.61052703857422
2006-07-06,19.00285530090332
2006-07-07,18.95614624023437
2006-07-10,19.186559677124023
2006-07-11,19.19278717041016
2006-07-12,19.1242904663086
2006-07-13,19.18033218383789
2006-07-14,18.99662399291992
2006-07-17,18.95614624023437
2006-07-18,18.953027725219727
2006-07-19,19.388946533203125
2006-07-20,19.444997787475582
2006-07-21,19.32667732238769
2006-07-24,19.43309211730957
2006-07-25,18.98238754272461
2006-07-26,18.606821060180664
2006-07-27,18.4409294128418
2006-07-28,18.675678253173828
2006-07-31,18.566131591796875
2006-08-01,18.318866729736328
2006-08-02,18.465972900390625
2006-08-03,18.221847534179688
2006-08-04,18.290700912475582
2006-08-07,18.465972900390625
2006-08-08,18.43780517578125
2006-08-09,18.46283721923828
2006-08-10,18.713233947753903
2006-08-11,18.62559700012207
2006-08-14,18.67254638671875
2006-08-15,18.810258865356445
2006-08-16,18.70696830749512
2006-08-17,18.47223663330078
2006-08-18,18.465972900390625
2006-08-21,18.547344207763672
2006-08-22,18.431543350219727
2006-08-23,18.53483009338379
2006-08-24,18.51605224609375
2006-08-25,18.400251388549805
2006-08-28,18.431543350219727
2006-08-29,18.606821060180664
2006-08-30,18.669404983520508
2006-08-31,18.735137939453125
2006-09-01,18.98238754272461
2006-09-05,19.01994705200196
2006-09-06,19.19522285461425
2006-09-07,18.99178504943848
2006-09-08,19.01681900024414
2006-09-11,19.42056655883789
2006-09-12,19.498817443847656
2006-09-13,19.17330741882324
2006-09-14,19.33606719970703
2006-09-15,19.448740005493164
2006-09-18,19.37987518310547
2006-09-19,19.35483932495117
2006-09-20,19.357973098754883
2006-09-21,19.326675415039062
2006-09-22,19.27972412109375
2006-09-25,19.47064971923828
2006-09-26,19.51759910583496
2006-09-27,19.41743850708008
2006-09-28,19.58332061767578
2006-09-29,19.436220169067383
2006-10-02,19.53323745727539
2006-10-03,19.4237003326416
2006-10-04,19.53011131286621
2006-10-05,19.6834774017334
2006-10-06,19.60835838317871
2006-10-09,19.598966598510746
2006-10-10,19.48317146301269
2006-10-11,19.41430854797364
2006-10-12,19.24217796325684
2006-10-13,19.029340744018555
2006-10-16,18.807117462158203
2006-10-17,18.713233947753903
2006-10-18,18.91041755676269
2006-10-19,18.85093879699707
2006-10-20,19.11211204528809
2006-10-23,18.976804733276367
2006-10-24,19.027149200439453
2006-10-25,19.562061309814453
2006-10-26,19.75399208068848
2006-10-27,19.92076873779297
2006-10-30,20.074949264526367
2006-10-31,20.12843894958496
2006-11-01,20.141019821166992
2006-11-02,19.99943351745605
2006-11-03,20.03404235839844
2006-11-06,20.1567611694336
2006-11-07,20.45252990722656
2006-11-08,20.45252990722656
2006-11-09,20.46826171875
2006-11-10,20.528051376342773
2006-11-13,20.41162872314453
2006-11-14,20.36757469177246
2006-11-15,20.23856544494629
2006-11-16,20.65705299377441
2006-11-17,20.770336151123047
2006-11-20,20.760892868041992
2006-11-21,21.028356552124023
2006-11-22,21.00002861022949
2006-11-24,20.75774574279785
2006-11-27,20.45568084716797
2006-11-28,20.47770500183105
2006-11-29,20.4965877532959
2006-11-30,20.46826171875
2006-12-01,20.565805435180664
2006-12-04,20.842702865600582
2006-12-05,20.63503646850586
2006-12-06,20.723142623901367
2006-12-07,20.65077018737793
2006-12-08,20.64133071899414
2006-12-11,20.73257064819336
2006-12-12,20.669649124145508
2006-12-13,20.62874221801757
2006-12-14,20.67278861999512
2006-12-15,20.556371688842773
2006-12-18,20.512317657470703
2006-12-19,20.480854034423828
2006-12-20,20.50601959228516
2006-12-21,20.3549919128418
2006-12-22,20.323522567749023
2006-12-26,20.45252990722656
2006-12-27,20.46512222290039
2006-12-28,20.67593002319336
2006-12-29,20.528051376342773
2007-01-03,20.666501998901367
2007-01-04,20.69166755676269
2007-01-05,20.59726524353028
2007-01-08,20.67593002319336
2007-01-09,20.666501998901367
2007-01-10,20.779762268066406
2007-01-11,20.86157989501953
2007-01-12,21.031494140625
2007-01-16,21.03779029846192
2007-01-17,20.94025230407715
2007-01-18,20.91822052001953
2007-01-19,21.034648895263672
2007-01-22,20.930809020996094
2007-01-23,20.86787414550781
2007-01-24,21.02281188964844
2007-01-25,20.86787414550781
2007-01-26,20.924785614013672
2007-01-29,21.09236526489257
2007-01-30,21.316850662231445
2007-01-31,21.595088958740234
2007-02-01,21.535017013549805
2007-02-02,21.41802978515625
2007-02-05,21.3389892578125
2007-02-06,21.180892944335938
2007-02-07,21.18404960632324
2007-02-08,21.193546295166016
2007-02-09,21.15876197814941
2007-02-12,21.155601501464844
2007-02-13,21.361114501953125
2007-02-14,21.46861457824707
2007-02-15,21.471784591674805
2007-02-16,21.740535736083984
2007-02-20,21.77531623840332
2007-02-21,21.658327102661133
2007-02-22,21.61406898498535
2007-02-23,21.60457992553711
2007-02-26,21.648832321166992
2007-02-27,21.29155540466309
2007-02-28,21.313690185546875
2007-03-01,21.16191864013672
2007-03-02,21.073400497436523
2007-03-05,21.05757522583008
2007-03-06,21.05441665649414
2007-03-07,20.826778411865234
2007-03-08,20.94059944152832
2007-03-09,21.06706047058105
2007-03-12,21.05757522583008
2007-03-13,20.826778411865234
2007-03-14,20.65603828430176
2007-03-15,20.633907318115234
2007-03-16,20.583314895629883
2007-03-19,20.67184066772461
2007-03-20,20.80779457092285
2007-03-21,21.123987197875977
2007-03-22,21.199874877929688
2007-03-23,21.22199821472168
2007-03-26,21.16508674621582
2007-03-27,21.0164852142334
2007-03-28,21.1461238861084
2007-03-29,21.13346672058105
2007-03-30,21.11766242980957
2007-04-02,20.886850357055664
2007-04-03,20.87419319152832
2007-04-04,20.924785614013672
2007-04-05,21.06706047058105
2007-04-09,21.09236526489257
2007-04-10,20.85838890075684
2007-04-11,20.833101272583008
2007-04-12,20.97537612915039
2007-04-13,20.99751281738281
2007-04-16,20.93111228942871
2007-04-17,21.07971954345703
2007-04-18,21.101850509643555
2007-04-19,21.18404960632324
2007-04-20,21.390674591064453
2007-04-23,21.31757164001465
2007-04-24,21.59095573425293
2007-04-25,21.438373565673828
2007-04-26,21.15862846374512
2007-04-27,21.31121253967285
2007-04-30,21.53373336791992
2007-05-01,21.648181915283203
2007-05-02,21.61638832092285
2007-05-03,21.44472312927246
2007-05-04,21.6640625
2007-05-07,21.432008743286133
2007-05-08,21.45744132995605
2007-05-09,21.56551742553711
2007-05-10,21.33664321899414
2007-05-11,21.285785675048828
2007-05-14,21.047367095947266
2007-05-15,21.088682174682617
2007-05-16,21.46380615234375
2007-05-17,21.428831100463867
2007-05-18,21.39386367797852
2007-05-21,21.308034896850582
2007-05-22,21.28260040283203
2007-05-23,21.24445915222168
2007-05-24,21.1204833984375
2007-05-25,21.16179084777832
2007-05-29,21.24445915222168
2007-05-30,21.2730655670166
2007-05-31,21.285785675048828
2007-06-01,21.428831100463867
2007-06-04,21.384323120117188
2007-06-05,21.26670455932617
2007-06-06,21.110944747924805
2007-06-07,21.047367095947266
2007-06-08,21.1999454498291
2007-06-11,21.368432998657227
2007-06-12,21.45426177978516
2007-06-13,21.44472312927246
2007-06-14,21.250816345214844
2007-06-15,21.180871963500977
2007-06-18,21.10140419006348
2007-06-19,20.891611099243164
2007-06-20,21.107765197753903
2007-06-21,21.06962203979492
2007-06-22,20.74854278564453
2007-06-25,20.79305648803711
2007-06-26,20.55146026611328
2007-06-27,20.48470687866211
2007-06-28,20.77716064453125
2007-06-29,20.61503028869629
2007-07-02,20.71040916442871
2007-07-03,20.84710121154785
2007-07-05,20.99650955200196
2007-07-06,20.983789443969727
2007-07-09,21.047367095947266
2007-07-10,20.907495498657227
2007-07-11,21.26352882385254
2007-07-12,21.72446060180664
2007-07-13,21.75943183898925
2007-07-16,21.67677879333496
2007-07-17,21.63863945007324
2007-07-18,21.536903381347656
2007-07-19,21.89165496826172
2007-07-20,21.62959289550781
2007-07-23,21.94917869567871
2007-07-24,21.811756134033203
2007-07-25,22.26236915588379
2007-07-26,21.98433303833008
2007-07-27,21.875675201416016
2007-07-30,21.54010963439941
2007-07-31,21.09269142150879
2007-08-01,21.504945755004883
2007-08-02,21.49216079711914
2007-08-03,21.15659713745117
2007-08-06,21.68391990661621
2007-08-07,21.99073028564453
2007-08-08,21.84691429138184
2007-08-09,21.25247573852539
2007-08-10,21.39629364013672
2007-08-13,21.18856239318848
2007-08-14,20.91691398620605
2007-08-15,20.74433898925781
2007-08-16,20.91371726989746
2007-08-17,21.5305233001709
2007-08-20,21.284439086914062
2007-08-21,21.2141227722168
2007-08-22,21.34516143798828
2007-08-23,21.310009002685547
2007-08-24,21.55928421020508
2007-08-27,21.16619300842285
2007-08-28,20.881759643554688
2007-08-29,21.24608421325684
2007-08-30,21.070310592651367
2007-08-31,21.1949520111084
2007-09-04,21.05752754211425
2007-09-05,20.89134788513184
2007-09-06,21.09269142150879
2007-09-07,20.910520553588867
2007-09-10,21.31319999694824
2007-09-11,21.51134490966797
2007-09-12,21.779800415039062
2007-09-13,21.604022979736328
2007-09-14,21.74145126342773
2007-09-17,21.808565139770508
2007-09-18,22.08660316467285
2007-09-19,22.33587455749512
2007-09-20,22.339080810546875
2007-09-21,22.323097229003903
2007-09-24,22.26557159423828
2007-09-25,22.59474372863769
2007-09-26,22.88876342773437
2007-09-27,22.875986099243164
2007-09-28,22.79288482666016
2007-10-01,22.86959457397461
2007-10-02,23.109281539916992
2007-10-03,22.812061309814453
2007-10-04,22.92072296142578
2007-10-05,23.051746368408203
2007-10-08,23.01020240783692
2007-10-09,23.285053253173828
2007-10-10,23.256290435791016
2007-10-11,23.52154541015625
2007-10-12,23.758031845092773
2007-10-15,23.54071617126465
2007-10-16,23.42246627807617
2007-10-17,23.28185272216797
2007-10-18,23.285053253173828
2007-10-19,22.95907020568848
2007-10-22,23.26268577575684
2007-10-23,23.396902084350582
2007-10-24,23.679527282714844
2007-10-25,23.666683197021484
2007-10-26,23.750186920166016
2007-10-29,23.84975242614746
2007-10-30,24.170907974243164
2007-10-31,24.49528312683105
2007-11-01,23.93324279785156
2007-11-02,23.997482299804688
2007-11-05,24.20624732971192
2007-11-06,24.254413604736328
2007-11-07,24.190185546875
2007-11-08,24.415000915527344
2007-11-09,24.572370529174805
2007-11-12,24.659082412719727
2007-11-13,24.890321731567383
2007-11-14,25.089454650878903
2007-11-15,25.01878547668457
2007-11-16,25.307838439941406
2007-11-19,24.88710594177246
2007-11-20,25.33032417297364
2007-11-21,25.06054306030273
2007-11-23,25.37206649780273
2007-11-26,25.121559143066406
2007-11-27,25.420244216918945
2007-11-28,25.60973358154297
2007-11-29,25.74142837524414
2007-11-30,25.71893882751465
2007-12-03,25.709300994873047
2007-12-04,25.384923934936523
2007-12-05,25.442731857299805
2007-12-06,25.526235580444336
2007-12-07,25.63220977783203
2007-12-10,25.32711601257324
2007-12-11,25.38813018798828
2007-12-12,25.628995895385746
2007-12-13,25.818492889404297
2007-12-14,25.89877700805664
2007-12-17,25.391342163085938
2007-12-18,24.98667335510254
2007-12-19,25.038055419921875
2007-12-20,25.16974258422852
2007-12-21,25.28534889221192
2007-12-24,25.19864654541016
2007-12-26,25.36885070800781
2007-12-27,25.214704513549805
2007-12-28,25.288558959960938
2007-12-31,25.038055419921875
2008-01-02,24.83893394470215
2008-01-03,25.01557350158692
2008-01-04,25.301422119140625
2008-01-07,25.68360710144043
2008-01-08,25.686813354492188
2008-01-09,26.00798797607422
2008-01-10,25.982288360595703
2008-01-11,25.50375366210937
2008-01-14,25.49090576171875
2008-01-15,25.256452560424805
2008-01-16,25.2789363861084
2008-01-17,24.82288360595703
2008-01-18,24.729736328125
2008-01-22,24.07135581970215
2008-01-23,24.326303482055664
2008-01-24,24.02938842773437
2008-01-25,23.80026626586914
2008-01-28,23.98421669006348
2008-01-29,23.89385986328125
2008-01-30,23.719587326049805
2008-01-31,24.68774604797364
2008-02-01,24.33920860290528
2008-02-04,24.10038948059082
2008-02-05,24.16171836853028
2008-02-06,24.02938842773437
2008-02-07,24.403749465942383
2008-02-08,23.98421669006348
2008-02-11,24.400514602661133
2008-02-12,24.758729934692383
2008-02-13,24.884597778320312
2008-02-14,24.59415626525879
2008-02-15,24.306930541992188
2008-02-19,24.1778564453125
2008-02-20,24.53282928466797
2008-02-21,24.258520126342773
2008-02-22,24.584470748901367
2008-02-25,24.89105033874512
2008-02-26,24.842647552490234
2008-02-27,25.00399208068848
2008-02-28,24.92009162902832
2008-02-29,24.555429458618164
2008-03-03,24.797462463378903
2008-03-04,24.829729080200195
2008-03-05,24.72968292236328
2008-03-06,24.42957305908203
2008-03-07,24.16815757751465
2008-03-10,24.26498413085937
2008-03-11,24.66191673278809
2008-03-12,24.66515350341797
2008-03-13,24.887819290161133
2008-03-14,24.616735458374023
2008-03-17,24.73937225341797
2008-03-18,25.045955657958984
2008-03-19,24.93945503234864
2008-03-20,25.01044464111328
2008-03-24,25.04917907714844
2008-03-25,25.20085525512696
2008-03-26,25.02981758117676
2008-03-27,25.07500648498535
2008-03-28,25.21054077148437
2008-03-31,25.14278030395508
2008-04-01,25.297664642333984
2008-04-02,25.09436416625977
2008-04-03,25.13953399658203
2008-04-04,25.459028244018555
2008-04-07,25.284761428833008
2008-04-08,25.300893783569336
2008-04-09,25.378341674804688
2008-04-10,25.40738868713379
2008-04-11,25.171817779541016
2008-04-14,25.307353973388672
2008-04-15,25.271852493286133
2008-04-16,25.26538848876953
2008-04-17,25.07500648498535
2008-04-18,24.981416702270508
2008-04-21,24.997543334960938
2008-04-22,24.82886505126953
2008-04-23,24.786693572998047
2008-04-24,24.786693572998047
2008-04-25,24.686134338378903
2008-04-28,24.66342163085937
2008-04-29,24.58232688903809
2008-04-30,22.93441772460937
2008-05-01,23.602659225463867
2008-05-02,23.901105880737305
2008-05-05,23.75512886047364
2008-05-06,23.8005428314209
2008-05-07,23.31071281433105
2008-05-08,23.255571365356445
2008-05-09,23.09986114501953
2008-05-12,23.03498077392578
2008-05-13,22.9700984954834
2008-05-14,23.22637367248535
2008-05-15,23.453441619873047
2008-05-16,23.518329620361328
2008-05-19,23.382080078125
2008-05-20,23.28475952148437
2008-05-21,23.20366477966309
2008-05-22,23.40478706359864
2008-05-23,23.40153884887696
2008-05-27,23.502103805541992
2008-05-28,23.63186454772949
2008-05-29,23.842708587646484
2008-05-30,24.121694564819336
2008-06-02,23.73241233825684
2008-06-03,23.794055938720703
2008-06-04,24.16385078430176
2008-06-05,24.342288970947266
2008-06-06,23.57995986938477
2008-06-09,23.648080825805664
2008-06-10,24.11195182800293
2008-06-11,23.940034866333008
2008-06-12,23.794055938720703
2008-06-13,23.77784538269043
2008-06-16,23.62861061096192
2008-06-17,23.482641220092773
2008-06-18,23.26205444335937
2008-06-19,23.213394165039062
2008-06-20,22.5808334350586
2008-06-23,22.331058502197266
2008-06-24,22.201292037963867
2008-06-25,22.603546142578125
2008-06-26,22.451074600219727
2008-06-27,22.12668228149414
2008-06-30,22.41539192199707
2008-07-01,22.51271247863769
2008-07-02,22.392683029174805
2008-07-03,22.82088088989257
2008-07-07,22.56461334228516
2008-07-08,22.66841506958008
2008-07-09,22.807910919189453
2008-07-10,22.66516876220703
2008-07-11,22.44459342956543
2008-07-14,22.369977951049805
2008-07-15,22.405668258666992
2008-07-16,22.431615829467773
2008-07-17,22.61003303527832
2008-07-18,22.331058502197266
2008-07-21,22.249950408935547
2008-07-22,22.869916915893555
2008-07-23,22.87643241882324
2008-07-24,22.83728790283203
2008-07-25,22.57950782775879
2008-07-28,22.37068557739257
2008-07-29,24.19466209411621
2008-07-30,24.46222305297852
2008-07-31,24.23381233215332
2008-08-01,24.28929710388184
2008-08-04,24.442657470703125
2008-08-05,24.7460994720459
2008-08-06,24.837461471557617
2008-08-07,24.71998786926269
2008-08-08,25.539005279541016
2008-08-11,25.401948928833008
2008-08-12,25.43132781982422
2008-08-13,25.24860191345215
2008-08-14,25.2910099029541
2008-08-15,25.58794403076172
2008-08-18,25.369319915771484
2008-08-19,25.232271194458008
2008-08-20,24.958194732666016
2008-08-21,24.883146286010746
2008-08-22,25.20943260192871
2008-08-25,24.791772842407227
2008-08-26,24.75263214111328
2008-08-27,24.87336158752441
2008-08-28,25.06260681152344
2008-08-29,24.8080997467041
2008-09-02,25.033233642578125
2008-09-03,25.144176483154297
2008-09-04,24.94514274597168
2008-09-05,25.147432327270508
2008-09-08,25.8587646484375
2008-09-09,25.64341163635254
2008-09-10,25.516162872314453
2008-09-11,25.946870803833008
2008-09-12,26.100210189819336
2008-09-15,25.509626388549805
2008-09-16,25.61404609680176
2008-09-17,24.915781021118164
2008-09-18,25.08544158935547
2008-09-19,24.703685760498047
2008-09-22,23.98257064819336
2008-09-23,24.031524658203125
2008-09-24,24.41001892089844
2008-09-25,24.79830551147461
2008-09-26,25.144176483154297
2008-09-29,24.36433982849121
2008-09-30,24.58621406555176
2008-10-01,24.902729034423828
2008-10-02,25.04630279541016
2008-10-03,24.635168075561523
2008-10-06,23.69868850708008
2008-10-07,23.37893486022949
2008-10-08,22.142274856567383
2008-10-09,20.72942543029785
2008-10-10,19.822328567504883
2008-10-13,21.904077529907227
2008-10-14,20.882787704467773
2008-10-15,19.76360511779785
2008-10-16,20.429235458374023
2008-10-17,20.292192459106445
2008-10-20,21.08182716369629
2008-10-21,20.51733589172364
2008-10-22,19.315448760986328
2008-10-23,19.141416549682617
2008-10-24,18.36971092224121
2008-10-27,17.985511779785156
2008-10-28,19.67667961120605
2008-10-29,19.702943801879883
2008-10-30,21.092012405395508
2008-10-31,20.609283447265625
2008-11-03,20.862138748168945
2008-11-04,21.72249794006348
2008-11-05,20.92123985290528
2008-11-06,20.228361129760746
2008-11-07,20.69466209411621
2008-11-10,20.868709564208984
2008-11-11,20.33015823364257
2008-11-12,19.54204368591309
2008-11-13,20.91796112060547
2008-11-14,20.379413604736328
2008-11-17,20.385986328125
2008-11-18,21.032899856567383
2008-11-19,20.6848087310791
2008-11-20,19.867137908935547
2008-11-21,20.57316017150879
2008-11-24,20.980358123779297
2008-11-25,20.602712631225582
2008-11-26,20.8490047454834
2008-11-28,21.367843627929688
2008-12-01,20.172531127929688
2008-12-02,20.57316017150879
2008-12-03,20.89826774597168
2008-12-04,20.280902862548828
2008-12-05,20.69137954711914
2008-12-08,20.15611457824707
2008-12-09,19.696382522583008
2008-12-10,19.430400848388672
2008-12-11,19.23007774353028
2008-12-12,19.44680976867676
2008-12-15,19.50592041015625
2008-12-16,20.56330108642578
2008-12-17,20.418819427490234
2008-12-18,20.990205764770508
2008-12-19,21.34486198425293
2008-12-22,21.719209671020508
2008-12-23,21.623987197875977
2008-12-24,22.20522689819336
2008-12-26,22.362850189208984
2008-12-29,22.129697799682617
2008-12-30,22.336578369140625
2008-12-31,22.50733184814453
2009-01-02,22.76346778869629
2009-01-05,22.339862823486328
2009-01-06,21.837438583374023
2009-01-07,21.64697456359864
2009-01-08,21.522186279296875
2009-01-09,21.31202507019043
2009-01-12,21.538604736328125
2009-01-13,21.16425323486328
2009-01-14,20.62898826599121
2009-01-15,20.707799911499023
2009-01-16,20.86542320251465
2009-01-20,20.543603897094727
2009-01-21,20.82929992675781
2009-01-22,20.67728805541992
2009-01-23,20.38316535949707
2009-01-26,20.41621780395508
2009-01-27,20.56161499023437
2009-01-28,21.10027885437012
2009-01-29,21.55301856994629
2009-01-30,21.493539810180664
2009-02-02,21.262205123901367
2009-02-03,21.731475830078125
2009-02-04,21.169687271118164
2009-02-05,21.28864097595215
2009-02-06,21.69843101501465
2009-02-09,21.19942092895508
2009-02-10,20.70041847229004
2009-02-11,20.786340713500977
2009-02-12,20.921831130981445
2009-02-13,20.862340927124023
2009-02-17,20.19149780273437
2009-02-18,20.122106552124023
2009-02-19,20.06592559814453
2009-02-20,19.65614318847656
2009-02-23,19.29924392700196
2009-02-24,19.669368743896484
2009-02-25,19.45125198364257
2009-02-26,19.6098747253418
2009-02-27,19.887470245361328
2009-03-02,19.213319778442383
2009-03-03,18.942333221435547
2009-03-04,19.365333557128903
2009-03-05,18.51603889465332
2009-03-06,18.52264976501465
2009-03-09,18.19217300415039
2009-03-10,18.4532470703125
2009-03-11,18.63169860839844
2009-03-12,18.674659729003903
2009-03-13,19.04148292541504
2009-03-16,18.942333221435547
2009-03-17,19.4677734375
2009-03-18,19.081130981445312
2009-03-19,18.93902969360352
2009-03-20,18.9588680267334
2009-03-23,19.599958419799805
2009-03-24,19.322376251220703
2009-03-25,19.573532104492188
2009-03-26,19.923828125
2009-03-27,19.666051864624023
2009-03-30,19.42812728881836
2009-03-31,19.490917205810547
2009-04-01,19.43143081665039
2009-04-02,20.23446273803711
2009-04-03,19.9733943939209
2009-04-06,20.194807052612305
2009-04-07,19.93704414367676
2009-04-08,20.03287506103516
2009-04-09,19.76189422607422
2009-04-13,19.3289794921875
2009-04-14,18.93242835998535
2009-04-15,19.176971435546875
2009-04-16,19.570226669311523
2009-04-17,20.098966598510746
2009-04-20,19.986608505249023
2009-04-21,20.02626609802246
2009-04-22,19.71668815612793
2009-04-23,19.6301326751709
2009-04-24,19.693384170532227
2009-04-27,19.76328659057617
2009-04-28,19.63347053527832
2009-04-29,19.87646675109864
2009-04-30,19.640119552612305
2009-05-01,20.439037322998047
2009-05-04,20.728647232055664
2009-05-05,20.4923038482666
2009-05-06,20.422399520874023
2009-05-07,20.59549331665039
2009-05-08,20.578855514526367
2009-05-11,20.702016830444336
2009-05-12,21.124780654907227
2009-05-13,21.35113906860352
2009-05-14,21.118125915527344
2009-05-15,21.1347713470459
2009-05-18,21.464326858520508
2009-05-19,21.374452590942383
2009-05-20,21.27124214172364
2009-05-21,21.27124214172364
2009-05-22,21.34115982055664
2009-05-26,21.55752944946289
2009-05-27,21.13809585571289
2009-05-28,21.29455947875977
2009-05-29,21.953657150268555
2009-06-01,23.108762741088867
2009-06-02,23.381732940673828
2009-06-03,23.58145332336425
2009-06-04,23.741247177124023
2009-06-05,23.60143280029297
2009-06-08,23.594776153564453
2009-06-09,23.35843086242676
2009-06-10,23.421680450439453
2009-06-11,23.388383865356445
2009-06-12,23.76121711730957
2009-06-15,23.28851890563965
2009-06-16,22.835805892944336
2009-06-17,23.14205551147461
2009-06-18,23.57147216796875
2009-06-19,23.49158477783203
2009-06-22,23.484926223754883
2009-06-23,23.421680450439453
2009-06-24,23.36508750915528
2009-06-25,23.781190872192383
2009-06-26,23.88772201538086
2009-06-29,23.88105010986328
2009-06-30,23.54817771911621
2009-07-01,24.014204025268555
2009-07-02,23.994234085083008
2009-07-06,24.75986862182617
2009-07-07,24.34043884277344
2009-07-08,24.41367149353028
2009-07-09,24.320463180541992
2009-07-10,23.711292266845703
2009-07-13,24.24722671508789
2009-07-14,24.41367149353028
2009-07-15,24.33379173278809
2009-07-16,24.480243682861328
2009-07-17,24.473596572875977
2009-07-20,24.4436264038086
2009-07-21,24.566795349121094
2009-07-22,24.593589782714844
2009-07-23,24.97534942626953
2009-07-24,25.149486541748047
2009-07-27,25.149486541748047
2009-07-28,25.23990821838379
2009-07-29,25.4006576538086
2009-07-30,24.054431915283203
2009-07-31,24.258712768554688
2009-08-03,24.154895782470703
2009-08-04,24.18168067932129
2009-08-05,23.977415084838867
2009-08-06,23.943923950195312
2009-08-07,23.783174514770508
2009-08-10,23.87694358825684
2009-08-11,24.03433609008789
2009-08-12,24.051088333129883
2009-08-13,24.12140846252441
2009-08-14,24.02763557434082
2009-08-17,23.89034080505371
2009-08-18,23.866893768310547
2009-08-19,24.10131072998047
2009-08-20,24.369218826293945
2009-08-21,24.49982261657715
2009-08-24,24.385971069335938
2009-08-25,24.47638320922852
2009-08-26,24.546709060668945
2009-08-27,24.52326011657715
2009-08-28,24.365861892700195
2009-08-31,24.34576988220215
2009-09-01,24.037687301635746
2009-09-02,24.111366271972656
2009-09-03,23.83341217041016
2009-09-04,23.80327796936035
2009-09-08,23.940568923950195
2009-09-09,24.12475776672364
2009-09-10,24.52326011657715
2009-09-11,25.19302749633789
2009-09-14,25.13274574279785
2009-09-15,24.93182182312012
2009-09-16,25.286794662475582
2009-09-17,25.20306968688965
2009-09-18,25.48437118530273
2009-09-21,25.350414276123047
2009-09-22,25.337013244628903
2009-09-23,25.57143211364746
2009-09-24,25.57813262939453
2009-09-25,25.61832618713379
2009-09-28,25.57813262939453
2009-09-29,25.635068893432617
2009-09-30,25.54464530944824
2009-10-01,25.390600204467773
2009-10-02,25.73217391967773
2009-10-05,25.73887825012207
2009-10-06,26.093849182128903
2009-10-07,26.04027938842773
2009-10-08,26.35841178894043
2009-10-09,26.35841178894043
2009-10-12,26.66314125061035
2009-10-13,26.3416748046875
2009-10-14,26.3416748046875
2009-10-15,26.378507614135746
2009-10-16,26.54259490966797
2009-10-19,26.6129093170166
2009-10-20,26.602872848510746
2009-10-21,26.42872810363769
2009-10-22,26.731807708740234
2009-10-23,26.172801971435547
2009-10-26,26.0717716217041
2009-10-27,26.21657943725586
2009-10-28,26.159320831298828
2009-10-29,26.58363914489746
2009-10-30,26.479248046875
2009-11-02,26.50281524658203
2009-11-03,26.11554527282715
2009-11-04,26.378217697143555
2009-11-05,26.805896759033203
2009-11-06,26.896818161010746
2009-11-09,27.35480499267578
2009-11-10,27.43563270568848
2009-11-11,27.519824981689453
2009-11-12,27.10898399353028
2009-11-13,27.442365646362305
2009-11-16,27.74881362915039
2009-11-17,27.8969955444336
2009-11-18,28.917369842529297
2009-11-19,28.42906379699707
2009-11-20,28.27753639221192
2009-11-23,28.479570388793945
2009-11-24,28.644594192504883
2009-11-25,28.442533493041992
2009-11-27,28.16301918029785
2009-11-30,28.35161590576172
2009-12-01,28.876962661743164
2009-12-02,29.06891822814941
2009-12-03,28.84326171875
2009-12-04,28.695106506347656
2009-12-07,27.94413948059082
2009-12-08,27.61411094665528
2009-12-09,27.7824935913086
2009-12-10,27.8902587890625
2009-12-11,28.260692596435547
2009-12-14,28.452646255493164
2009-12-15,28.45599365234375
2009-12-16,28.496410369873047
2009-12-17,27.910463333129883
2009-12-18,27.82289695739746
2009-12-21,28.028318405151367
2009-12-22,28.031694412231445
2009-12-23,28.09904289245605
2009-12-24,28.001388549804688
2009-12-28,27.934032440185547
2009-12-29,27.90373611450196
2009-12-30,27.900346755981445
2009-12-31,27.66463088989257
2010-01-04,27.900346755981445
2010-01-05,28.12599372863769
2010-01-06,28.06200408935547
2010-01-07,27.95086669921875
2010-01-08,27.4490966796875
2010-01-11,27.327880859375
2010-01-12,27.169607162475582
2010-01-13,27.29755973815918
2010-01-14,27.08204460144043
2010-01-15,26.94059944152832
2010-01-19,27.1392879486084
2010-01-20,26.67456245422364
2010-01-21,26.77614974975586
2010-01-22,27.331527709960938
2010-01-25,27.2502498626709
2010-01-26,27.219776153564453
2010-01-27,27.2231559753418
2010-01-28,27.087696075439453
2010-01-29,27.101247787475582
2010-02-01,27.070775985717773
2010-02-02,27.4466552734375
2010-02-03,27.36877822875977
2010-02-04,26.97933959960937
2010-02-05,26.840499877929688
2010-02-08,26.78292655944824
2010-02-09,27.148656845092773
2010-02-10,27.03013801574707
2010-02-11,27.202857971191406
2010-02-12,26.9759578704834
2010-02-16,27.301044464111328
2010-02-17,27.49745178222656
2010-02-18,27.917369842529297
2010-02-19,27.68370819091797
2010-02-22,27.795459747314453
2010-02-23,27.731115341186523
2010-02-24,28.093448638916016
2010-02-25,28.144262313842773
2010-02-26,28.086688995361328
2010-03-01,28.37452888488769
2010-03-02,28.398223876953125
2010-03-03,28.398223876953125
2010-03-04,28.49982643127441
2010-03-05,28.516769409179688
2010-03-08,28.42870140075684
2010-03-09,28.61494827270508
2010-03-10,28.30342102050781
2010-03-11,28.472734451293945
2010-03-12,28.49643516540528
2010-03-15,28.570947647094727
2010-03-16,28.655590057373047
2010-03-17,28.658992767333984
2010-03-18,28.70639038085937
2010-03-19,28.7301025390625
2010-03-22,28.7673397064209
2010-03-23,28.899412155151367
2010-03-24,28.56078147888184
2010-03-25,28.245859146118164
2010-03-26,28.594646453857425
2010-03-29,28.777507781982425
2010-03-30,28.940053939819336
2010-03-31,28.872339248657227
2010-04-01,29.058574676513672
2010-04-05,28.99422836303711
2010-04-06,28.760587692260746
2010-04-07,28.82152557373047
2010-04-08,28.63528633117676
2010-04-09,28.53707504272461
2010-04-12,28.713159561157227
2010-04-13,28.63189125061035
2010-04-14,28.66238021850586
2010-04-15,28.53031349182129
2010-04-16,28.53031349182129
2010-04-19,28.49643516540528
2010-04-20,28.62850379943848
2010-04-21,28.68268775939941
2010-04-22,28.617944717407227
2010-04-23,28.375980377197266
2010-04-26,28.692907333374023
2010-04-27,28.485036849975582
2010-04-28,28.965539932250977
2010-04-29,28.89737701416016
2010-04-30,28.658842086791992
2010-05-03,28.716760635375977
2010-05-04,28.23968315124512
2010-05-05,28.18857765197754
2010-05-06,27.86482620239257
2010-05-07,27.33324432373047
2010-05-10,28.3453311920166
2010-05-11,28.22606086730957
2010-05-12,28.47140884399414
2010-05-13,28.32828712463379
2010-05-14,28.202194213867188
2010-05-17,28.56001281738281
2010-05-18,28.33510398864746
2010-05-19,27.99433135986328
2010-05-20,27.363908767700195
2010-05-21,27.12195205688477
2010-05-24,26.82890510559082
2010-05-25,26.69258499145508
2010-05-26,26.57332420349121
2010-05-27,26.8425235748291
2010-05-28,26.61080741882324
2010-06-01,26.21550369262696
2010-06-02,26.65510368347168
2010-06-03,26.8800106048584
2010-06-04,26.32114219665528
2010-06-07,26.45745277404785
2010-06-08,26.839120864868164
2010-06-09,26.82548713684082
2010-06-10,27.0810661315918
2010-06-11,26.97201538085937
2010-06-14,27.02994728088379
2010-06-15,27.537696838378903
2010-06-16,27.476356506347656
2010-06-17,27.56837654113769
2010-06-18,27.462724685668945
2010-06-21,27.656965255737305
2010-06-22,27.582006454467773
2010-06-23,27.37411499023437
2010-06-24,27.370723724365234
2010-06-25,26.93111801147461
2010-06-28,27.002685546875
2010-06-29,26.580137252807617
2010-06-30,26.839120864868164
2010-07-01,26.86637115478516
2010-07-02,26.82548713684082
2010-07-06,26.8425235748291
2010-07-07,27.595632553100582
2010-07-08,27.92958068847656
2010-07-09,27.99433135986328
2010-07-12,28.229467391967773
2010-07-13,28.33510398864746
2010-07-14,28.38962745666504
2010-07-15,28.31465721130371
2010-07-16,28.22606086730957
2010-07-19,28.321474075317383
2010-07-20,28.61453056335449
2010-07-21,28.29421806335449
2010-07-22,28.318227767944336
2010-07-23,28.626882553100582
2010-07-26,28.71947288513184
2010-07-27,29.0109920501709
2010-07-28,28.760650634765625
2010-07-29,26.79204559326172
2010-07-30,27.08698844909668
2010-08-02,26.836631774902344
2010-08-03,26.79891014099121
2010-08-04,26.771467208862305
2010-08-05,26.45251846313477
2010-08-06,26.2364559173584
2010-08-09,26.15757751464844
2010-08-10,26.740619659423828
2010-08-11,26.22616004943848
2010-08-12,26.414793014526367
2010-08-13,26.19872665405273
2010-08-16,26.12326431274414
2010-08-17,26.21930503845215
2010-08-18,26.339344024658203
2010-08-19,26.322189331054688
2010-08-20,26.075252532958984
2010-08-23,25.90033721923828
2010-08-24,25.88320541381836
2010-08-25,25.818038940429688
2010-08-26,25.375619888305664
2010-08-27,25.46479606628418
2010-08-30,25.33104133605957
2010-08-31,25.32416534423828
2010-09-01,25.694568634033203
2010-09-02,25.663715362548828
2010-09-03,25.67056655883789
2010-09-07,25.63969612121582
2010-09-08,25.581392288208008
2010-09-09,25.57110595703125
2010-09-10,25.78374671936035
2010-09-13,25.73915672302246
2010-09-14,25.869474411010746
2010-09-15,26.15757751464844
2010-09-16,26.26388931274414
2010-09-17,26.53483009338379
2010-09-20,26.836631774902344
2010-09-21,26.939512252807617
2010-09-22,26.90521240234375
2010-09-23,26.771467208862305
2010-09-24,26.92922782897949
2010-09-27,27.0698471069336
2010-09-28,27.028682708740234
2010-09-29,26.857208251953125
2010-09-30,26.35991096496582
2010-10-01,26.26044464111328
2010-10-04,26.20901679992676
2010-10-05,25.694568634033203
2010-10-06,25.36534118652344
2010-10-07,25.29331398010254
2010-10-08,25.687719345092773
2010-10-11,25.67056655883789
2010-10-12,25.701435089111328
2010-10-13,25.972375869750977
2010-10-14,26.01008987426757
2010-10-15,26.027246475219727
2010-10-18,26.315332412719727
2010-10-19,26.15071487426757
2010-10-20,26.469661712646484
2010-10-21,26.486928939819336
2010-10-22,26.535266876220703
2010-10-25,26.545631408691406
2010-10-26,26.40060043334961
2010-10-27,26.07253074645996
2010-10-28,25.87223625183105
2010-10-29,26.63196182250977
2010-11-01,26.680309295654297
2010-11-02,26.953128814697266
2010-11-03,27.094701766967773
2010-11-04,27.087814331054688
2010-11-05,26.7873764038086
2010-11-08,26.770103454589844
2010-11-09,26.587072372436523
2010-11-10,26.569807052612305
2010-11-11,26.504194259643555
2010-11-12,26.44548988342285
2010-11-15,27.06363105773925
2010-11-16,26.52492332458496
2010-11-17,26.718305587768555
2010-11-18,27.00838088989257
2010-11-19,27.11888313293457
2010-11-22,27.07054328918457
2010-11-23,26.852977752685547
2010-11-24,26.92551040649414
2010-11-26,26.72519874572754
2010-11-29,26.65614128112793
2010-11-30,26.43513298034668
2010-12-01,26.66995620727539
2010-12-02,26.852977752685547
2010-12-03,26.91858673095703
2010-12-06,26.8460636138916
2010-12-07,26.99456596374512
2010-12-08,27.16032218933105
2010-12-09,27.0014762878418
2010-12-10,27.00838088989257
2010-12-13,27.402055740356445
2010-12-14,27.8958797454834
2010-12-15,27.968406677246094
2010-12-16,28.03401565551757
2010-12-17,27.97185134887696
2010-12-20,27.77848052978516
2010-12-21,27.591991424560547
2010-12-22,27.944223403930664
2010-12-23,27.809541702270508
2010-12-27,27.76810073852539
2010-12-28,27.8958797454834
2010-12-29,27.785364151000977
2010-12-30,27.730121612548828
2010-12-31,27.75429344177246
2011-01-03,27.55400848388672
2011-01-04,27.51602363586425
2011-01-05,27.343338012695312
2011-01-06,27.181053161621094
2011-01-07,27.049814224243164
2011-01-10,26.89787101745605
2011-01-11,27.00838088989257
2011-01-12,27.07744789123535
2011-01-13,27.04291343688965
2011-01-14,27.04291343688965
2011-01-18,27.07399559020996
2011-01-19,27.28120231628418
2011-01-20,27.277734756469727
2011-01-21,27.46548652648925
2011-01-24,27.757503509521484
2011-01-25,27.8548526763916
2011-01-26,27.813146591186523
2011-01-27,26.905725479125977
2011-01-28,26.76666831970215
2011-01-31,26.690183639526367
2011-02-01,26.66933250427246
2011-02-02,26.43985748291016
2011-02-03,26.398149490356445
2011-02-04,26.505922317504883
2011-02-07,26.51982307434082
2011-02-08,27.312515258789062
2011-02-09,27.229066848754883
2011-02-10,27.023956298828125
2011-02-11,27.43766212463379
2011-02-14,27.46895217895508
2011-02-15,27.20124053955078
2011-02-16,27.305551528930664
2011-02-17,27.25687599182129
2011-02-18,27.26382064819336
2011-02-22,27.326414108276367
2011-02-23,27.24644660949707
2011-02-24,26.999610900878903
2011-02-25,27.15953254699707
2011-02-28,27.29859161376953
2011-03-01,26.992647171020508
2011-03-02,26.874452590942383
2011-03-03,27.14215469360352
2011-03-04,26.94398307800293
2011-03-07,26.9578857421875
2011-03-08,27.18386650085449
2011-03-09,27.46548652648925
2011-03-10,27.458526611328125
2011-03-11,27.528047561645508
2011-03-14,27.211679458618164
2011-03-15,26.86401557922364
2011-03-16,26.651948928833008
2011-03-17,26.665843963623047
2011-03-18,26.752758026123047
2011-03-21,27.26035499572754
2011-03-22,27.267297744750977
2011-03-23,27.218637466430664
2011-03-24,27.91743850708008
2011-03-25,27.86528778076172
2011-03-28,27.98349571228028
2011-03-29,27.95916175842285
2011-03-30,28.23380279541016
2011-03-31,28.07737159729004
2011-04-01,27.99393081665039
2011-04-04,28.16776657104492
2011-04-05,28.10517311096192
2011-04-06,28.34507179260254
2011-04-07,28.355499267578125
2011-04-08,28.258161544799805
2011-04-11,28.372879028320312
2011-04-12,28.696195602416992
2011-04-13,28.372879028320312
2011-04-14,28.45284843444824
2011-04-15,28.44242286682129
2011-04-18,28.282485961914062
2011-04-19,28.306825637817383
2011-04-20,28.25467300415039
2011-04-21,28.24067115783692
2011-04-25,27.97804069519043
2011-04-26,28.20565414428711
2011-04-27,28.38423728942871
2011-04-28,29.05305290222168
2011-04-29,29.53626823425293
2011-05-02,29.606306076049805
2011-05-03,29.6588191986084
2011-05-04,29.99149513244629
2011-05-05,29.72886085510254
2011-05-06,29.72185516357422
2011-05-09,29.756872177124023
2011-05-10,29.924957275390625
2011-05-11,29.78839111328125
2011-05-12,30.53773307800293
2011-05-13,30.3066349029541
2011-05-16,30.09654235839844
2011-05-17,30.208580017089844
2011-05-18,30.18757057189941
2011-05-19,30.429180145263672
2011-05-20,30.3066349029541
2011-05-23,30.1385555267334
2011-05-24,29.97397422790528
2011-05-25,29.791889190673828
2011-05-26,29.87592315673828
2011-05-27,30.01599884033203
2011-05-31,30.64978790283203
2011-06-01,30.432693481445312
2011-06-02,29.93195343017578
2011-06-03,29.452232360839844
2011-06-06,29.564285278320312
2011-06-07,29.375200271606445
2011-06-08,29.48725700378418
2011-06-09,29.79887962341309
2011-06-10,29.6588191986084
2011-06-13,29.882932662963867
2011-06-14,30.324142456054688
2011-06-15,30.03001594543457
2011-06-16,30.31363677978516
2011-06-17,30.77234649658203
2011-06-20,31.20304679870605
2011-06-21,31.136520385742188
2011-06-22,30.64978790283203
2011-06-23,30.18757057189941
2011-06-24,29.924957275390625
2011-06-27,29.90743637084961
2011-06-28,30.051000595092773
2011-06-29,30.37314987182617
2011-06-30,30.60776329040528
2011-07-01,30.97893524169922
2011-07-05,30.807357788085938
2011-07-06,30.961441040039062
2011-07-07,31.08748817443848
2011-07-08,30.961441040039062
2011-07-11,30.91941261291504
2011-07-12,30.796850204467773
2011-07-13,30.779359817504883
2011-07-14,30.4922103881836
2011-07-15,31.168046951293945
2011-07-18,30.81087112426757
2011-07-19,30.9964542388916
2011-07-20,31.01046562194824
2011-07-21,31.16451835632324
2011-07-22,30.882568359375
2011-07-25,30.58649635314941
2011-07-26,30.62525749206543
2011-07-27,30.13182258605957
2011-07-28,29.916831970214844
2011-07-29,29.740602493286133
2011-08-01,29.61370277404785
2011-08-02,29.881568908691406
2011-08-03,29.719444274902344
2011-08-04,29.10616874694824
2011-08-05,29.65953254699707
2011-08-08,29.183706283569336
2011-08-09,29.359939575195312
2011-08-10,28.26024627685547
2011-08-11,29.666576385498047
2011-08-12,30.07895469665528
2011-08-15,30.403223037719727
2011-08-16,30.389122009277344
2011-08-17,30.420833587646484
2011-08-18,29.97321319580078
2011-08-19,29.95559501647949
2011-08-22,30.02959632873535
2011-08-23,30.667570114135746
2011-08-24,30.7697811126709
2011-08-25,30.61117172241211
2011-08-26,30.960107803344727
2011-08-29,31.640344619750977
2011-08-30,31.946983337402344
2011-08-31,31.71084976196289
2011-09-01,31.686187744140625
2011-09-02,31.199779510498047
2011-09-06,31.36543273925781
2011-09-07,32.3593635559082
2011-09-08,31.883548736572266
2011-09-09,31.35486221313477
2011-09-12,30.917808532714844
2011-09-13,31.53109169006348
2011-09-14,32.21134185791016
2011-09-15,32.5285530090332
2011-09-16,33.0043830871582
2011-09-19,32.89159393310547
2011-09-20,33.11716079711914
2011-09-21,31.7178897857666
2011-09-22,30.808536529541016
2011-09-23,31.34075927734375
2011-09-26,32.03510665893555
2011-09-27,32.09856033325195
2011-09-28,31.27379035949707
2011-09-29,31.55928611755371
2011-09-30,31.25617408752441
2011-10-03,31.122220993041992
2011-10-04,31.164522171020508
2011-10-05,31.545190811157227
2011-10-06,31.788389205932617
2011-10-07,31.865936279296875
2011-10-10,32.33468246459961
2011-10-11,31.84477424621582
2011-10-12,32.151405334472656
2011-10-13,32.11265182495117
2011-10-14,32.54618453979492
2011-10-17,32.052734375
2011-10-18,32.54618453979492
2011-10-19,32.489776611328125
2011-10-20,32.292415618896484
2011-10-21,33.313961029052734
2011-10-24,32.36335372924805
2011-10-25,31.91641998291016
2011-10-26,32.11505508422852
2011-10-27,32.39528274536133
2011-10-28,32.356239318847656
2011-10-31,32.054744720458984
2011-11-01,31.246028900146484
2011-11-02,31.19281768798828
2011-11-03,31.398548126220703
2011-11-04,31.23539161682129
2011-11-07,31.373714447021484
2011-11-08,31.724891662597656
2011-11-09,31.019027709960938
2011-11-10,31.26375770568848
2011-11-11,31.62911033630371
2011-11-14,31.44466209411621
2011-11-15,31.494308471679688
2011-11-16,31.441112518310547
2011-11-17,31.2282943725586
2011-11-18,31.430465698242188
2011-11-21,31.01546096801757
2011-11-22,31.2850399017334
2011-11-23,30.674949645996094
2011-11-25,30.763622283935547
2011-11-28,31.31341361999512
2011-11-29,31.81709289550781
2011-11-30,32.4555778503418
2011-12-01,31.962526321411133
2011-12-02,31.990909576416016
2011-12-05,32.07249069213867
2011-12-06,32.11505508422852
2011-12-07,32.34915542602539
2011-12-08,32.11860275268555
2011-12-09,32.08667755126953
2011-12-12,31.997987747192383
2011-12-13,31.813560485839844
2011-12-14,31.675212860107425
2011-12-15,32.129241943359375
2011-12-16,31.884492874145508
2011-12-19,31.891582489013672
2011-12-20,32.47329330444336
2011-12-21,32.97697830200195
2011-12-22,32.77836227416992
2011-12-23,33.01955032348633
2011-12-27,33.10822296142578
2011-12-28,32.89186096191406
2011-12-29,33.06565475463867
2011-12-30,32.771244049072266
2012-01-03,32.30658721923828
2012-01-04,32.13633346557617
2012-01-05,31.9731674194336
2012-01-06,31.852563858032227
2012-01-09,31.84546089172364
2012-01-10,31.72842025756836
2012-01-11,31.395002365112305
2012-01-12,31.409198760986328
2012-01-13,31.398548126220703
2012-01-17,31.82773399353028
2012-01-18,32.033470153808594
2012-01-19,31.91287612915039
2012-01-20,31.77363395690918
2012-01-23,31.54872131347656
2012-01-24,31.5058650970459
2012-01-25,31.930736541748047
2012-01-26,32.612606048583984
2012-01-27,32.2734489440918
2012-01-30,31.955717086791992
2012-01-31,32.387691497802734
2012-02-01,32.534061431884766
2012-02-02,32.44838333129883
2012-02-03,32.680419921875
2012-02-06,32.573333740234375
2012-02-07,32.680419921875
2012-02-08,32.65545654296875
2012-02-09,32.75896453857422
2012-02-10,32.548336029052734
2012-02-13,32.71612930297852
2012-02-14,32.80894470214844
2012-02-15,32.90176773071289
2012-02-16,33.31591033935547
2012-02-17,33.290916442871094
2012-02-21,33.333763122558594
2012-02-22,33.25164794921875
2012-02-23,33.31947326660156
2012-02-24,33.30877685546875
2012-02-27,32.983882904052734
2012-02-28,33.19094467163086
2012-02-29,33.26591491699219
2012-03-01,33.14810562133789
2012-03-02,33.27305603027344
2012-03-05,33.32660675048828
2012-03-06,33.32304763793945
2012-03-07,33.1409797668457
2012-03-08,33.53723907470703
2012-03-09,33.5515251159668
2012-03-12,33.73003387451172
2012-03-13,33.9977912902832
2012-03-14,33.96923065185547
2012-03-15,34.065616607666016
2012-03-16,33.84070587158203
2012-03-19,34.04776763916016
2012-03-20,34.14773178100586
2012-03-21,34.3333625793457
2012-03-22,34.37264633178711
2012-03-23,34.25127029418945
2012-03-26,34.561866760253906
2012-03-27,34.526161193847656
2012-03-28,34.29052734375
2012-03-29,34.519020080566406
2012-03-30,34.90816116333008
2012-04-02,35.1437873840332
2012-04-03,35.068817138671875
2012-04-04,34.93315124511719
2012-04-05,35.043827056884766
2012-04-09,34.643985748291016
2012-04-10,34.3333625793457
2012-04-11,34.4654655456543
2012-04-12,34.786773681640625
2012-04-13,34.70465850830078
2012-04-16,34.868892669677734
2012-04-17,35.19733047485352
2012-04-18,35.165184020996094
2012-04-19,35.050960540771484
2012-04-20,35.525203704833984
2012-04-23,35.108455657958984
2012-04-24,35.36353302001953
2012-04-25,35.776695251464844
2012-04-26,35.737186431884766
2012-04-27,35.34556579589844
2012-04-30,35.546756744384766
2012-05-01,35.604251861572266
2012-05-02,36.05333709716797
2012-05-03,35.92400360107422
2012-05-04,35.61500930786133
2012-05-07,35.783878326416016
2012-05-08,35.63298797607422
2012-05-09,35.5970573425293
2012-05-10,35.801841735839844
2012-05-11,35.67969512939453
2012-05-14,35.57190704345703
2012-05-15,36.30124282836914
2012-05-16,36.40184020996094
2012-05-17,35.85934066772461
2012-05-18,35.49286651611328
2012-05-21,35.553951263427734
2012-05-22,35.63658905029297
2012-05-23,35.34916687011719
2012-05-24,35.61500930786133
2012-05-25,35.496463775634766
2012-05-29,35.69764709472656
2012-05-30,35.50724792480469
2012-05-31,35.31682205200195
2012-06-01,34.66293716430664
2012-06-04,34.91084289550781
2012-06-05,34.939579010009766
2012-06-06,35.32760238647461
2012-06-07,35.47849655151367
2012-06-08,35.9886589050293
2012-06-11,35.92400360107422
2012-06-12,35.945556640625
2012-06-13,36.0030403137207
2012-06-14,36.40184020996094
2012-06-15,36.47727584838867
2012-06-18,36.52758026123047
2012-06-19,36.394649505615234
2012-06-20,36.18987274169922
2012-06-21,35.72999572753906
2012-06-22,35.89166259765625
2012-06-25,35.68328857421875
2012-06-26,35.963523864746094
2012-06-27,36.46651077270508
2012-06-28,36.64254760742188
2012-06-29,37.40061569213867
2012-07-02,37.26409530639648
2012-07-03,37.58385848999024
2012-07-05,37.59821701049805
2012-07-06,37.468894958496094
2012-07-09,37.45811462402344
2012-07-10,37.32876968383789
2012-07-11,37.303619384765625
2012-07-12,37.22457885742188
2012-07-13,37.88924026489258
2012-07-16,37.49762344360352
2012-07-17,37.78144454956055
2012-07-18,37.82458114624024
2012-07-19,37.94675064086914
2012-07-20,37.54919052124024
2012-07-23,37.14804458618164
2012-07-24,36.89866638183594
2012-07-25,36.952884674072266
2012-07-26,38.44546127319336
2012-07-27,38.73096466064453
2012-07-30,38.83938217163086
2012-07-31,38.799617767333984
2012-08-01,38.52495193481445
2012-08-02,38.0804328918457
2012-08-03,38.4743537902832
2012-08-06,38.43459701538086
2012-08-07,37.903350830078125
2012-08-08,38.0443000793457
2012-08-09,37.928653717041016
2012-08-10,38.0804328918457
2012-08-13,38.1454963684082
2012-08-14,38.09850692749024
2012-08-15,38.12742614746094
2012-08-16,38.24668884277344
2012-08-17,38.37317657470703
2012-08-20,38.29003143310547
2012-08-21,38.1996955871582
2012-08-22,38.0804328918457
2012-08-23,37.84193420410156
2012-08-24,38.225006103515625
2012-08-27,38.2358512878418
2012-08-28,38.43459701538086
2012-08-29,38.463523864746094
2012-08-30,38.23946380615234
2012-08-31,38.420143127441406
2012-09-04,38.74903106689453
2012-09-05,38.48881912231445
2012-09-06,38.84660339355469
2012-09-07,38.41654586791992
2012-09-10,37.47690582275391
2012-09-11,37.158878326416016
2012-09-12,37.08659744262695
2012-09-13,37.78047943115234
2012-09-14,37.49497604370117
2012-09-17,38.000938415527344
2012-09-18,38.31174087524414
2012-09-19,38.268367767333984
2012-09-20,38.59363555908203
2012-09-21,38.49967575073242
2012-09-24,38.647830963134766
2012-09-25,38.54303359985352
2012-09-26,38.57917022705078
2012-09-27,38.79599380493164
2012-09-28,38.74903106689453
2012-10-01,39.02730941772461
2012-10-02,39.00199890136719
2012-10-03,39.04176330566406
2012-10-04,39.19716644287109
2012-10-05,39.19353485107422
2012-10-08,39.20801162719727
2012-10-09,38.82491302490234
2012-10-10,38.91889572143555
2012-10-11,39.04176330566406
2012-10-12,38.99116897583008
2012-10-15,39.19716644287109
2012-10-16,39.24413299560547
2012-10-17,39.95971298217773
2012-10-18,39.977783203125
2012-10-19,39.15641021728516
2012-10-22,39.13825607299805
2012-10-23,38.7166633605957
2012-10-24,38.72755432128906
2012-10-25,38.01522445678711
2012-10-26,37.74992752075195
2012-10-31,38.14607238769531
2012-11-01,38.47679901123047
2012-11-02,38.14607238769531
2012-11-05,38.24419784545898
2012-11-06,38.39321899414063
2012-11-07,38.149696350097656
2012-11-08,37.82261657714844
2012-11-09,37.74992752075195
2012-11-12,37.90982055664063
2012-11-13,37.89893341064453
2012-11-14,37.62636184692383
2012-11-15,37.71358108520508
2012-11-16,38.215126037597656
2012-11-19,38.854766845703125
2012-11-20,38.854766845703125
2012-11-21,38.81479644775391
2012-11-23,39.25090026855469
2012-11-26,39.20003128051758
2012-11-27,39.12007141113281
2012-11-28,39.163673400878906
2012-11-29,39.25454330444336
2012-11-30,39.43262481689453
2012-12-03,39.28361129760742
2012-12-04,39.0982780456543
2012-12-05,38.96379470825195
2012-12-06,38.7602767944336
2012-12-07,39.38538360595703
2012-12-10,38.8111457824707
2012-12-11,39.20729446411133
2012-12-12,38.883827209472656
2012-12-13,38.58220291137695
2012-12-14,38.46588134765625
2012-12-17,38.60036087036133
2012-12-18,38.981971740722656
2012-12-19,38.53495407104492
2012-12-20,38.44771957397461
2012-12-21,38.19695663452149
2012-12-24,38.17878341674805
2012-12-26,38.05522155761719
2012-12-27,38.25872802734375
2012-12-28,37.811710357666016
2012-12-31,37.99342727661133
2013-01-02,38.63670349121094
2013-01-03,38.76391220092773
2013-01-04,39.21457290649414
2013-01-07,38.55311584472656
2013-01-08,38.64034271240234
2013-01-09,38.571285247802734
2013-01-10,39.02921676635742
2013-01-11,38.92019271850586
2013-01-14,39.2254753112793
2013-01-15,39.15641021728516
2013-01-16,39.18912124633789
2013-01-17,39.5925407409668
2013-01-18,39.61797332763672
2013-01-22,39.6435661315918
2013-01-23,39.77148818969727
2013-01-24,40.12238311767578
2013-01-25,40.26128768920898
2013-01-28,40.26128768920898
2013-01-29,40.5390739440918
2013-01-30,40.51714324951172
2013-01-31,39.24516677856445
2013-02-01,40.14796447753906
2013-02-04,39.74225616455078
2013-02-05,40.00905990600586
2013-02-06,40.13701248168945
2013-02-07,40.2759017944336
2013-02-08,39.65452194213867
2013-02-11,39.581424713134766
2013-02-12,39.49370956420898
2013-02-13,39.43886184692383
2013-02-14,39.59605026245117
2013-02-15,40.21376419067383
2013-02-19,40.904579162597656
2013-02-20,40.97768020629883
2013-02-21,41.33588409423828
2013-02-22,41.65754699707031
2013-02-25,41.67216873168945
2013-02-26,41.63560485839844
2013-02-27,41.83664321899414
2013-02-28,41.82569122314453
2013-03-01,41.70870590209961
2013-03-04,41.97553634643555
2013-03-05,42.29353713989258
2013-03-06,42.16194152832031
2013-03-07,42.18390655517578
2013-03-08,42.30449676513672
2013-03-11,42.2679557800293
2013-03-12,42.05595397949219
2013-03-13,41.99746322631836
2013-03-14,41.61001205444336
2013-03-15,40.96672058105469
2013-03-18,41.032508850097656
2013-03-19,41.13486099243164
2013-03-20,41.88782501220703
2013-03-21,41.56252670288086
2013-03-22,41.8183708190918
2013-03-25,41.8147087097168
2013-03-26,42.88201141357422
2013-03-27,42.66270446777344
2013-03-28,43.14151382446289
2013-04-01,43.02456283569336
2013-04-02,43.45952606201172
2013-04-03,42.878360748291016
2013-04-04,42.79428863525391
2013-04-05,42.66270446777344
2013-04-08,43.0282096862793
2013-04-09,42.856422424316406
2013-04-10,43.229251861572266
2013-04-11,43.43758010864258
2013-04-12,43.26579666137695
2013-04-15,42.71754455566406
2013-04-16,43.61669158935547
2013-04-17,43.07572555541992
2013-04-18,43.338905334472656
2013-04-19,44.01164627075195
2013-04-22,44.26531600952149
2013-04-23,44.64028549194336
2013-04-24,43.34257888793945
2013-04-25,43.90135955810547
2013-04-26,43.7432861328125
2013-04-29,43.88298034667969
2013-04-30,43.89767456054688
2013-05-01,43.79842376708984
2013-05-02,44.382957458496094
2013-05-03,44.53736114501953
2013-05-06,44.18810272216797
2013-05-07,44.23590469360352
2013-05-08,44.30574035644531
2013-05-09,44.1844367980957
2013-05-10,44.37928009033203
2013-05-13,44.44912338256836
2013-05-14,45.34611892700195
2013-05-15,45.78725814819336
2013-05-16,45.86445999145508
2013-05-17,45.61448287963867
2013-05-20,45.25419998168945
2013-05-21,45.27626419067383
2013-05-22,45.1512565612793
2013-05-23,44.82776641845703
2013-05-24,44.97481536865234
2013-05-28,45.31302261352539
2013-05-29,43.8057861328125
2013-05-30,43.842533111572266
2013-05-31,42.52645111083984
2013-06-03,43.08522415161133
2013-06-04,43.28375244140625
2013-06-05,42.57057571411133
2013-06-06,42.67350387573242
2013-06-07,43.452880859375
2013-06-10,43.24700546264648
2013-06-11,43.09993743896485
2013-06-12,42.7617416381836
2013-06-13,42.98230743408203
2013-06-14,43.24700546264648
2013-06-17,43.84989547729492
2013-06-18,43.89400863647461
2013-06-19,42.64410400390625
2013-06-20,41.078033447265625
2013-06-21,41.76915740966797
2013-06-24,41.28389358520508
2013-06-25,41.33536148071289
2013-06-26,41.90884780883789
2013-06-27,42.19559097290039
2013-06-28,42.122066497802734
2013-07-01,42.60732650756836
2013-07-02,42.43821716308594
2013-07-03,42.51175308227539
2013-07-05,42.54116821289063
2013-07-08,43.0705451965332
2013-07-09,43.3646354675293
2013-07-10,43.09993743896485
2013-07-11,43.34257888793945
2013-07-12,43.48228073120117
2013-07-15,43.24700546264648
2013-07-16,42.99702835083008
2013-07-17,42.90878677368164
2013-07-18,43.23229217529297
2013-07-19,43.54288482666016
2013-07-22,43.3727912902832
2013-07-23,43.19532012939453
2013-07-24,43.23967361450195
2013-07-25,44.09012985229492
2013-07-26,44.55602264404297
2013-07-29,44.4303092956543
2013-07-30,44.54863739013672
2013-07-31,44.27500534057617
2013-08-01,44.78529357910156
2013-08-02,44.76308822631836
2013-08-05,45.09588623046875
2013-08-06,45.103275299072266
2013-08-07,45.0662956237793
2013-08-08,45.04409790039063
2013-08-09,44.874019622802734
2013-08-12,45.08109664916992
2013-08-13,45.16983413696289
2013-08-14,44.86662292480469
2013-08-15,44.23064422607422
2013-08-16,43.97920608520508
2013-08-19,43.74256134033203
2013-08-20,43.69819641113281
2013-08-21,43.26926040649414
2013-08-22,43.22488784790039
2013-08-23,43.65382766723633
2013-08-26,43.0547981262207
2013-08-27,42.62588882446289
2013-08-28,42.35227966308594
2013-08-29,42.33746719360352
2013-08-30,42.722015380859375
2013-09-03,42.48537826538086
2013-09-04,42.74420547485352
2013-09-05,42.54454040527344
2013-09-06,42.8921127319336
2013-09-09,43.31362915039063
2013-09-10,43.32842254638672
2013-09-11,43.81650924682617
2013-09-12,43.83869171142578
2013-09-13,43.94961929321289
2013-09-16,44.38594436645508
2013-09-17,44.22324752807617
2013-09-18,45.25117111206055
2013-09-19,45.08848190307617
2013-09-20,44.696537017822266
2013-09-23,44.5190658569336
2013-09-24,44.27500534057617
2013-09-25,43.883060455322266
2013-09-26,44.65956497192383
2013-09-27,44.31937026977539
2013-09-30,43.853492736816406
2013-10-01,44.43770599365234
2013-10-02,43.94961929321289
2013-10-03,43.79432678222656
2013-10-04,43.87567138671875
2013-10-07,43.78694152832031
2013-10-08,43.602046966552734
2013-10-09,44.24544143676758
2013-10-10,44.95537567138672
2013-10-11,45.443450927734375
2013-10-14,45.50261306762695
2013-10-15,45.280757904052734
2013-10-16,46.05725860595703
2013-10-17,46.892913818359375
2013-10-18,46.69960021972656
2013-10-21,46.29066848754883
2013-10-22,47.19029998779297
2013-10-23,47.19029998779297
2013-10-24,46.87061309814453
2013-10-25,47.28696823120117
2013-10-28,48.14944076538086
2013-10-29,49.02679061889648
2013-10-30,48.4914436340332
2013-10-31,48.12713623046875
2013-11-01,48.61784362792969
2013-11-04,48.87063217163086
2013-11-05,48.59554290771485
2013-11-06,49.07881164550781
2013-11-07,48.17917251586914
2013-11-08,48.20148086547852
2013-11-11,48.04533767700195
2013-11-12,48.11968994140625
2013-11-13,48.39479064941406
2013-11-14,48.77399444580078
2013-11-15,48.907814025878906
2013-11-18,48.461708068847656
2013-11-19,48.53606414794922
2013-11-20,48.52119064331055
2013-11-21,49.05650329589844
2013-11-22,49.26469421386719
2013-11-25,49.034210205078125
2013-11-26,49.07881164550781
2013-11-27,48.94499588012695
2013-11-29,48.93009948730469
2013-12-02,48.53606414794922
2013-12-03,48.602970123291016
2013-12-04,48.35761642456055
2013-12-05,47.98586654663086
2013-12-06,48.81859970092773
2013-12-09,48.84090423583984
2013-12-10,48.09739303588867
2013-12-11,48.28327178955078
2013-12-12,47.56206893920898
2013-12-13,47.56950759887695
2013-12-16,47.61410903930664
2013-12-17,47.272090911865234
2013-12-18,48.060203552246094
2013-12-19,47.76280212402344
2013-12-20,48.13456726074219
2013-12-23,48.052764892578125
2013-12-24,48.11226272583008
2013-12-26,48.20148086547852
2013-12-27,48.602970123291016
2013-12-30,48.647579193115234
2013-12-31,48.48400115966797
2014-01-02,47.80741500854492
2014-01-03,47.71821212768555
2014-01-06,47.6884651184082
2014-01-07,47.73306655883789
2014-01-08,47.24235534667969
2014-01-09,48.342750549316406
2014-01-10,48.38734817504883
2014-01-13,48.09739303588867
2014-01-14,48.216339111328125
2014-01-15,48.164310455322266
2014-01-16,48.3129997253418
2014-01-17,48.104827880859375
2014-01-21,48.13456726074219
2014-01-22,47.84307098388672
2014-01-23,47.41704177856445
2014-01-24,46.63222885131836
2014-01-27,46.42293548583984
2014-01-28,46.991004943847656
2014-01-29,46.03428649902344
2014-01-30,45.95953369140625
2014-01-31,45.76521301269531
2014-02-03,44.97292709350586
2014-02-04,45.10746765136719
2014-02-05,45.1597785949707
2014-02-06,45.29432678222656
2014-02-07,45.488651275634766
2014-02-10,45.981964111328125
2014-02-11,46.63971328735352
2014-02-12,46.28092193603516
2014-02-13,46.57243347167969
2014-02-14,46.84897232055664
2014-02-18,46.63222885131836
2014-02-19,45.98943328857422
2014-02-20,46.236087799072266
2014-02-21,46.01185607910156
2014-02-24,46.303348541259766
2014-02-25,46.393062591552734
2014-02-26,46.303348541259766
2014-02-27,46.4304313659668
2014-02-28,46.96109390258789
2014-03-03,46.50516128540039
2014-03-04,47.09563446044922
2014-03-05,46.80413055419922
2014-03-06,47.10311126708984
2014-03-07,47.18532180786133
2014-03-10,47.12553024291992
2014-03-11,47.30491256713867
2014-03-12,47.25260162353516
2014-03-13,47.26006317138672
2014-03-14,47.70853042602539
2014-03-17,48.13456726074219
2014-03-18,48.08971786499024
2014-03-19,47.3796501159668
2014-03-20,47.52915573120117
2014-03-21,47.431976318359375
2014-03-24,47.31986618041992
2014-03-25,47.66367721557617
2014-03-26,48.03739929199219
2014-03-27,47.88042449951172
2014-03-28,47.91032791137695
2014-03-31,48.48585891723633
2014-04-01,48.00002670288086
2014-04-02,48.059814453125
2014-04-03,48.04487228393555
2014-04-04,48.00002670288086
2014-04-07,48.523231506347656
2014-04-08,49.05390167236328
2014-04-09,49.12864685058594
2014-04-10,49.28562545776367
2014-04-11,48.81472396850586
2014-04-14,49.22582626342773
2014-04-15,49.60700988769531
2014-04-16,50.21242141723633
2014-04-17,50.3026008605957
2014-04-21,50.22743225097656
2014-04-22,49.86674118041992
2014-04-23,49.498531341552734
2014-04-24,49.91936111450195
2014-04-25,49.77658081054688
2014-04-28,50.99394989013672
2014-04-29,50.377742767333984
2014-04-30,50.57312774658203
2014-05-01,50.355201721191406
2014-05-02,50.42283248901367
2014-05-05,50.272552490234375
2014-05-06,50.12975311279297
2014-05-07,50.52052688598633
2014-05-08,50.42283248901367
2014-05-09,50.83614730834961
2014-05-12,50.49047470092773
2014-05-13,50.543067932128906
2014-05-14,50.31762313842773
2014-05-15,49.904335021972656
2014-05-16,50.28755569458008
2014-05-19,50.1447868347168
2014-05-20,50.017051696777344
2014-05-21,50.20490264892578
2014-05-22,50.05462646484375
2014-05-23,50.1447868347168
2014-05-27,50.12975311279297
2014-05-28,49.6864013671875
2014-05-29,50.28755569458008
2014-05-30,51.39973831176758
2014-06-02,51.2569465637207
2014-06-03,50.52803421020508
2014-06-04,50.88121795654297
2014-06-05,51.06907272338867
2014-06-06,51.11416244506836
2014-06-09,51.42978286743164
2014-06-10,51.61764526367188
2014-06-11,51.56504821777344
2014-06-12,50.97891998291016
2014-06-13,50.99394989013672
2014-06-16,51.16677474975586
2014-06-17,51.016483306884766
2014-06-18,51.647705078125
2014-06-19,52.17372894287109
2014-06-20,51.38469696044922
2014-06-23,50.97140502929688
2014-06-24,51.06157302856445
2014-06-25,51.06157302856445
2014-06-26,51.02401351928711
2014-06-27,51.42228317260742
2014-06-30,51.234405517578125
2014-07-01,51.459842681884766
2014-07-02,51.45231246948242
2014-07-03,51.715328216552734
2014-07-07,51.745391845703125
2014-07-08,52.226322174072266
2014-07-09,52.339054107666016
2014-07-10,52.16619873046875
2014-07-11,52.241355895996094
2014-07-14,52.44424819946289
2014-07-15,52.34656524658203
2014-07-16,52.45985794067383
2014-07-17,51.81781768798828
2014-07-18,52.04442596435547
2014-07-21,51.93867111206055
2014-07-22,51.81025695800781
2014-07-23,51.493011474609375
2014-07-24,51.44768142700195
2014-07-25,51.05488586425781
2014-07-28,50.85849380493164
2014-07-29,50.12579727172852
2014-07-30,49.93694305419922
2014-07-31,47.88992691040039
2014-08-01,48.30538558959961
2014-08-04,48.161865234375
2014-08-05,48.16941452026367
2014-08-06,48.94743347167969
2014-08-07,48.683048248291016
2014-08-08,49.234474182128906
2014-08-11,49.14383316040039
2014-08-12,48.660400390625
2014-08-13,48.630184173583984
2014-08-14,48.50177383422852
2014-08-15,48.44134140014648
2014-08-18,48.81146240234375
2014-08-19,48.5395393371582
2014-08-20,48.849239349365234
2014-08-21,48.95498275756836
2014-08-22,48.773704528808594
2014-08-25,49.00031661987305
2014-08-26,48.93988800048828
2014-08-27,48.9700927734375
2014-08-28,48.7283935546875
2014-08-29,48.89455795288086
2014-09-02,48.660400390625
2014-09-03,48.660400390625
2014-09-04,48.57730865478516
2014-09-05,48.992767333984375
2014-09-08,48.07121276855469
2014-09-09,47.91260147094727
2014-09-10,48.34314727783203
2014-09-11,48.660400390625
2014-09-12,48.70572662353516
2014-09-15,48.7283935546875
2014-09-16,49.20426940917969
2014-09-17,49.2797966003418
2014-09-18,49.33267593383789
2014-09-19,49.31001281738281
2014-09-22,49.61970901489258
2014-09-23,49.40066146850586
2014-09-24,50.02760696411133
2014-09-25,49.46109008789063
2014-09-26,49.62725067138672
2014-09-29,49.57438278198242
2014-09-30,49.264686584472656
2014-10-01,49.01542663574219
2014-10-02,48.93232345581055
2014-10-03,49.44598007202149
2014-10-06,49.30244445800781
2014-10-07,49.022979736328125
2014-10-08,49.7179069519043
2014-10-09,49.24957275390625
2014-10-10,49.31756591796875
2014-10-13,48.486663818359375
2014-10-14,48.65284729003906
2014-10-15,48.257843017578125
2014-10-16,47.938812255859375
2014-10-17,48.40977478027344
2014-10-20,49.025047302246094
2014-10-21,49.69350051879883
2014-10-22,49.61754608154297
2014-10-23,49.41246032714844
2014-10-24,49.64032745361328
2014-10-27,50.2176399230957
2014-10-28,49.97455596923828
2014-10-29,50.0201416015625
2014-10-30,50.44552993774414
2014-10-31,50.80255508422852
2014-11-03,51.205116271972656
2014-11-04,51.6912727355957
2014-11-05,51.76723098754883
2014-11-06,51.73685836791992
2014-11-07,51.6912727355957
2014-11-10,52.07109069824219
2014-11-11,52.01031494140625
2014-11-12,52.185001373291016
2014-11-13,51.87359237670898
2014-11-14,51.31906127929688
2014-11-17,51.592529296875
2014-11-18,51.63050842285156
2014-11-19,51.87359237670898
2014-11-20,51.69886779785156
2014-11-21,51.911563873291016
2014-11-24,51.61531066894531
2014-11-25,51.90395736694336
2014-11-26,52.17742156982422
2014-11-28,52.86106872558594
2014-12-01,52.71673583984375
2014-12-02,53.06616973876953
2014-12-03,52.45848083496094
2014-12-04,52.75471878051758
2014-12-05,52.69396209716797
2014-12-08,52.74711608886719
2014-12-09,52.66358184814453
2014-12-10,52.31414794921875
2014-12-11,52.62559509277344
2014-12-12,52.08626937866211
2014-12-15,51.61531066894531
2014-12-16,51.28108978271485
2014-12-17,52.154632568359375
2014-12-18,52.77751922607422
2014-12-19,53.15731048583984
2014-12-22,53.3699951171875
2014-12-23,53.9321174621582
2014-12-24,53.52952575683594
2014-12-26,53.84096145629883
2014-12-29,53.53711700439453
2014-12-30,53.202903747558594
2014-12-31,52.55723190307617
2015-01-02,52.44328308105469
2015-01-05,52.05588912963867
2015-01-06,51.50896072387695
2015-01-07,51.919166564941406
2015-01-08,52.62559509277344
2015-01-09,52.10906219482422
2015-01-12,51.85078430175781
2015-01-13,52.20781326293945
2015-01-14,51.9951171875
2015-01-15,51.89636993408203
2015-01-16,52.54203414916992
2015-01-20,52.38251495361328
2015-01-21,52.191627502441406
2015-01-22,52.93232345581055
2015-01-23,51.26766586303711
2015-01-26,50.61861038208008
2015-01-27,50.13755798339844
2015-01-28,49.72521209716797
2015-01-29,52.71086120605469
2015-01-30,51.55782318115234
2015-02-02,52.68031692504883
2015-02-03,52.833038330078125
2015-02-04,52.8406867980957
2015-02-05,53.29117584228516
2015-02-06,52.917030334472656
2015-02-09,52.741397857666016
2015-02-10,53.023921966552734
2015-02-11,53.04684829711914
2015-02-12,53.33700942993164
2015-02-13,53.51263427734375
2015-02-17,53.59663009643555
2015-02-18,53.86387634277344
2015-02-19,53.61190414428711
2015-02-20,53.63481903076172
2015-02-23,53.970794677734375
2015-02-24,54.2227783203125
2015-02-25,54.2227783203125
2015-02-26,54.29914855957031
2015-02-27,54.07769775390625
2015-03-02,54.2227783203125
2015-03-03,53.970794677734375
2015-03-04,53.970794677734375
2015-03-05,54.56639099121094
2015-03-06,52.87885665893555
2015-03-09,53.13846969604492
2015-03-10,52.22980117797852
2015-03-11,51.84036636352539
2015-03-12,52.32906723022461
2015-03-13,52.275611877441406
2015-03-16,52.703216552734375
2015-03-17,52.23743438720703
2015-03-18,52.17634963989258
2015-03-19,52.145809173583984
2015-03-20,53.11556625366211
2015-03-23,53.581356048583984
2015-03-24,52.9246826171875
2015-03-25,52.60395812988281
2015-03-26,52.48942184448242
2015-03-27,52.49705123901367
2015-03-30,52.90939331054688
2015-03-31,52.94757461547852
2015-04-01,52.75666427612305
2015-04-02,52.93994903564453
2015-04-06,53.41337966918945
2015-04-07,53.230098724365234
2015-04-08,53.37519073486328
2015-04-09,53.42099380493164
2015-04-10,53.15373611450195
2015-04-13,52.9246826171875
2015-04-14,53.16901779174805
2015-04-15,53.35991287231445
2015-04-16,53.51263427734375
2015-04-17,52.90176010131836
2015-04-20,52.275611877441406
2015-04-21,52.98971557617188
2015-04-22,53.19704055786133
2015-04-23,53.15096664428711
2015-04-24,53.11257553100586
2015-04-27,52.96669006347656
2015-04-28,52.805423736572266
2015-04-29,52.60579681396485
2015-04-30,51.66133117675781
2015-05-01,51.96845626831055
2015-05-04,52.10668563842773
2015-05-05,51.73810195922852
2015-05-06,52.05294418334961
2015-05-07,52.12202835083008
2015-05-08,52.36774063110352
2015-05-11,52.08366394042969
2015-05-12,52.12202835083008
2015-05-13,51.90705108642578
2015-05-14,52.69793701171875
2015-05-15,52.69793701171875
2015-05-18,52.68256759643555
2015-05-19,53.089542388916016
2015-05-20,52.89757537841797
2015-05-21,52.84381103515625
2015-05-22,52.59811782836914
2015-05-26,51.56150817871094
2015-05-27,51.860965728759766
2015-05-28,51.69971466064453
2015-05-29,51.28507232666016
2015-06-01,51.36955261230469
2015-06-02,51.23900604248047
2015-06-03,51.11614608764648
2015-06-04,50.61703872680664
2015-06-05,50.27919006347656
2015-06-08,50.17169570922852
2015-06-09,50.70149612426758
2015-06-10,51.50008392333984
2015-06-11,51.10078430175781
2015-06-12,50.901145935058594
2015-06-15,50.17169570922852
2015-06-16,50.663116455078125
2015-06-17,50.99330139160156
2015-06-18,51.57685089111328
2015-06-19,51.36955261230469
2015-06-22,51.630619049072266
2015-06-23,51.45400619506836
2015-06-24,51.0547103881836
2015-06-25,51.03169250488281
2015-06-26,51.062408447265625
2015-06-29,50.21775436401367
2015-06-30,50.22545623779297
2015-07-01,50.80132675170898
2015-07-02,50.80132675170898
2015-07-06,50.64775085449219
2015-07-07,51.684364318847656
2015-07-08,51.02400588989258
2015-07-09,50.80902099609375
2015-07-10,51.16988754272461
2015-07-13,51.7841796875
2015-07-14,51.65366363525391
2015-07-15,51.37722396850586
2015-07-16,51.92239761352539
2015-07-17,51.83025741577149
2015-07-20,52.06061172485352
2015-07-21,51.689971923828125
2015-07-22,51.73628234863281
2015-07-23,51.76717376708984
2015-07-24,51.73628234863281
2015-07-27,51.967960357666016
2015-07-28,52.80963134765625
2015-07-29,53.22661972045898
2015-07-30,52.52391052246094
2015-07-31,52.52391052246094
2015-08-03,52.83280563354492
2015-08-04,52.85596466064453
2015-08-05,53.34245300292969
2015-08-06,53.01039505004883
2015-08-07,52.8868522644043
2015-08-10,53.07989501953125
2015-08-11,52.70924758911133
2015-08-12,52.508487701416016
2015-08-13,52.24594879150391
2015-08-14,52.34632873535156
2015-08-17,52.24594879150391
2015-08-18,52.26910781860352
2015-08-19,51.53553009033203
2015-08-20,50.95639419555664
2015-08-21,50.17648696899414
2015-08-24,47.83677291870117
2015-08-25,46.6167221069336
2015-08-26,48.052982330322266
2015-08-27,48.717071533203125
2015-08-28,48.91783142089844
2015-08-31,48.5008430480957
2015-09-01,47.31168365478516
2015-09-02,48.01436614990234
2015-09-03,48.58579635620117
2015-09-04,47.458404541015625
2015-09-08,48.97960662841797
2015-09-09,48.17653274536133
2015-09-10,47.82133102416992
2015-09-11,47.8135871887207
2015-09-14,47.96032333374024
2015-09-15,48.20742034912109
2015-09-16,48.70161819458008
2015-09-17,48.85604476928711
2015-09-18,48.4081916809082
2015-09-21,48.72477340698242
2015-09-22,47.99892807006836
2015-09-23,47.95260238647461
2015-09-24,48.06842422485352
2015-09-25,48.75566864013672
2015-09-28,47.99892807006836
2015-09-29,48.70161819458008
2015-09-30,49.002777099609375
2015-10-01,49.20354080200195
2015-10-02,49.63595581054688
2015-10-05,50.46217346191406
2015-10-06,50.0297737121582
2015-10-07,50.46217346191406
2015-10-08,50.88689422607422
2015-10-09,51.226654052734375
2015-10-12,51.15716552734375
2015-10-13,50.940948486328125
2015-10-14,50.77106094360352
2015-10-15,51.40426635742188
2015-10-16,51.82896041870117
2015-10-19,51.92934799194336
2015-10-20,51.78261947631836
2015-10-21,51.89912414550781
2015-10-22,53.30473327636719
2015-10-23,53.53771209716797
2015-10-26,53.36687088012695
2015-10-27,53.54547882080078
2015-10-28,53.45227813720703
2015-10-29,53.76292419433594
2015-10-30,51.52635955810547
2015-11-02,52.411659240722656
2015-11-03,52.807716369628906
2015-11-04,52.40389251708984
2015-11-05,52.49709701538086
2015-11-06,51.11478042602539
2015-11-09,51.0759391784668
2015-11-10,51.54965591430664
2015-11-11,51.6040153503418
2015-11-12,50.68764114379883
2015-11-13,50.13627624511719
2015-11-16,50.92062377929688
2015-11-17,50.72646713256836
2015-11-18,51.30113983154297
2015-11-19,51.54965591430664
2015-11-20,51.33221054077149
2015-11-23,51.94571304321289
2015-11-24,51.8913459777832
2015-11-25,51.588478088378906
2015-11-27,51.689453125
2015-11-30,51.00604248046875
2015-12-01,51.122535705566406
2015-12-02,51.00604248046875
2015-12-03,50.92839431762695
2015-12-04,51.51858901977539
2015-12-07,51.51858901977539
2015-12-08,51.39432907104492
2015-12-09,51.316673278808594
2015-12-10,51.35550308227539
2015-12-11,50.64104080200195
2015-12-14,51.13806915283203
2015-12-15,51.84476089477539
2015-12-16,53.06399917602539
2015-12-17,52.28741836547852
2015-12-18,50.92062377929688
2015-12-21,51.239013671875
2015-12-22,51.70497512817383
2015-12-23,52.15538787841797
2015-12-24,52.02336120605469
2015-12-28,51.94571304321289
2015-12-29,52.535919189453125
2015-12-30,52.44273376464844
2015-12-31,51.73604965209961
2016-01-04,50.25275802612305
2016-01-05,50.47797775268555
2016-01-06,49.81008529663086
2016-01-07,48.932559967041016
2016-01-08,48.57533645629883
2016-01-11,48.77724838256836
2016-01-12,49.21990203857422
2016-01-13,48.85490798950195
2016-01-14,49.33638381958008
2016-01-15,49.19659423828125
2016-01-19,49.92658615112305
2016-01-20,48.497684478759766
2016-01-21,49.7321891784668
2016-01-22,50.48227691650391
2016-01-25,49.950965881347656
2016-01-26,50.26350402832031
2016-01-27,50.24006271362305
2016-01-28,50.80261993408203
2016-01-29,52.76378631591797
2016-02-01,51.7245979309082
2016-02-02,51.06828308105469
2016-02-03,51.5917854309082
2016-02-04,51.560523986816406
2016-02-05,51.7167854309082
2016-02-08,51.623023986816406
2016-02-09,51.47457885742188
2016-02-10,51.419883728027344
2016-02-11,50.34944915771485
2016-02-12,51.33393096923828
2016-02-16,51.419883728027344
2016-02-17,52.39656448364258
2016-02-18,52.521575927734375
2016-02-19,52.7090950012207
2016-02-22,52.82630157470703
2016-02-23,52.50593566894531
2016-02-24,51.81836700439453
2016-02-25,52.677825927734375
2016-02-26,51.78711700439453
2016-02-29,51.28704452514648
2016-03-01,52.60753631591797
2016-03-02,52.412200927734375
2016-03-03,52.82630157470703
2016-03-04,53.25602340698242
2016-03-07,52.795040130615234
2016-03-08,52.76378631591797
2016-03-09,53.11538696289063
2016-03-10,53.31072235107422
2016-03-11,53.42012405395508
2016-03-14,53.31853103637695
2016-03-15,53.59200668334961
2016-03-16,53.66231536865234
2016-03-17,54.58430480957031
2016-03-18,55.0687255859375
2016-03-21,55.029666900634766
2016-03-22,54.34989929199219
2016-03-23,54.53742599487305
2016-03-24,54.62335586547852
2016-03-28,54.62335586547852
2016-03-29,55.09218597412109
2016-03-30,55.25625991821289
2016-03-31,55.20155715942383
2016-04-01,55.63128280639648
2016-04-04,55.60005569458008
2016-04-05,55.58443069458008
2016-04-06,55.79536437988281
2016-04-07,55.19374465942383
2016-04-08,55.52972030639648
2016-04-11,55.42815399169922
2016-04-12,55.65473556518555
2016-04-13,55.34218978881836
2016-04-14,55.31876373291016
2016-04-15,55.67035675048828
2016-04-18,55.72506713867188
2016-04-19,55.99071502685547
2016-04-20,55.23652648925781
2016-04-21,54.19164657592773
2016-04-22,54.2545166015625
2016-04-25,54.537330627441406
2016-04-26,54.17593383789063
2016-04-27,54.45092010498047
2016-04-28,55.90430450439453
2016-04-29,55.71574783325195
2016-05-02,56.85488510131836
2016-05-03,56.44636917114258
2016-05-04,56.46993637084961
2016-05-05,56.147830963134766
2016-05-06,56.42280578613281
2016-05-09,56.37566375732422
2016-05-10,56.72133255004883
2016-05-11,56.54850769042969
2016-05-12,57.07485961914063
2016-05-13,56.304969787597656
2016-05-16,56.57992935180664
2016-05-17,55.66074752807617
2016-05-18,55.09510803222656
2016-05-19,55.3307991027832
2016-05-20,55.00869369506836
2016-05-23,55.05583190917969
2016-05-24,55.67647552490234
2016-05-25,55.51935195922852
2016-05-26,55.37793350219727
2016-05-27,55.45648956298828
2016-05-31,55.31509780883789
2016-06-01,55.93571472167969
2016-06-02,56.10856628417969
2016-06-03,56.249977111816406
2016-06-06,56.43851089477539
2016-06-07,56.242095947265625
2016-06-08,56.56420516967773
2016-06-09,56.83130645751953
2016-06-10,56.65849685668945
2016-06-13,56.304969787597656
2016-06-14,56.63490295410156
2016-06-15,56.34424591064453
2016-06-16,56.56420516967773
2016-06-17,56.12425994873047
2016-06-20,56.2813835144043
2016-06-21,56.40708923339844
2016-06-22,56.76061248779297
2016-06-23,57.090576171875
2016-06-24,55.44865417480469
2016-06-27,54.98512268066406
2016-06-28,55.88073348999024
2016-06-29,56.454219818115234
2016-06-30,57.506954193115234
2016-07-01,57.31053924560547
2016-07-05,57.569786071777344
2016-07-06,57.569786071777344
2016-07-07,57.66405487060547
2016-07-08,58.33185577392578
2016-07-11,58.520389556884766
2016-07-12,58.09615707397461
2016-07-13,58.50468063354492
2016-07-14,58.69322967529297
2016-07-15,58.701080322265625
2016-07-18,58.52824783325195
2016-07-19,58.57537841796875
2016-07-20,58.5359001159668
2016-07-21,58.33848190307617
2016-07-22,58.9228630065918
2016-07-25,58.62276840209961
2016-07-26,58.42535018920898
2016-07-27,57.87249374389648
2016-07-28,57.84881591796875
2016-07-29,58.78070831298828
2016-08-01,59.31774139404297
2016-08-02,59.128204345703125
2016-08-03,58.50431060791016
2016-08-04,59.0571174621582
2016-08-05,58.8991584777832
2016-08-08,58.78070831298828
2016-08-09,59.0571174621582
2016-08-10,59.10451889038086
2016-08-11,59.14401245117188
2016-08-12,59.207176208496094
2016-08-15,59.00184631347656
2016-08-16,58.69384765625
2016-08-17,58.8991584777832
2016-08-18,58.90707778930664
2016-08-19,58.828086853027344
2016-08-22,58.83599853515625
2016-08-23,58.86758041381836
2016-08-24,58.72543716430664
2016-08-25,58.93865966796875
2016-08-26,58.81230163574219
2016-08-29,59.08081817626953
2016-08-30,58.83599853515625
2016-08-31,58.70962905883789
2016-09-01,58.65436172485352
2016-09-02,59.14401245117188
2016-09-06,59.44408798217773
2016-09-07,58.251590728759766
2016-09-08,57.643497467041016
2016-09-09,55.96132659912109
2016-09-12,57.477630615234375
2016-09-13,56.73528289794922
2016-09-14,56.74317169189453
2016-09-15,56.94062805175781
2016-09-16,56.83003616333008
2016-09-19,57.01169204711914
2016-09-20,57.240718841552734
2016-09-21,57.65137100219727
2016-09-22,58.06995391845703
2016-09-23,57.84881591796875
2016-09-26,57.738258361816406
2016-09-27,58.0146484375
2016-09-28,58.12522888183594
2016-09-29,57.880401611328125
2016-09-30,58.551700592041016
2016-10-03,58.1410026550293
2016-10-04,57.493431091308594
2016-10-05,57.627689361572266
2016-10-06,57.87249374389648
2016-10-07,57.690879821777344
2016-10-10,57.34339141845703
2016-10-11,57.01957321166992
2016-10-12,57.20122909545898
2016-10-13,56.98799133300781
2016-10-14,57.1064567565918
2016-10-17,56.92483139038086
2016-10-18,56.80635833740234
2016-10-19,56.62470626831055
2016-10-20,56.31502532958984
2016-10-21,56.31502532958984
2016-10-24,56.402374267578125
2016-10-25,56.624698638916016
2016-10-26,56.58501815795898
2016-10-27,56.03711318969727
2016-10-28,56.51353454589844
2016-10-31,56.66441345214844
2016-11-01,56.37061309814453
2016-11-02,56.52148818969727
2016-11-03,56.03711318969727
2016-11-04,55.24303436279297
2016-11-07,56.013275146484375
2016-11-08,56.84703063964844
2016-11-09,55.87829208374024
2016-11-10,53.36109924316406
2016-11-11,53.53578186035156
2016-11-14,52.86878967285156
2016-11-15,52.87672424316406
2016-11-16,52.99584197998047
2016-11-17,52.40029144287109
2016-11-18,52.297061920166016
2016-11-21,52.58292388916016
2016-11-22,52.67028427124024
2016-11-23,52.40029144287109
2016-11-25,52.82908248901367
2016-11-28,52.74967575073242
2016-11-29,52.82908248901367
2016-11-30,51.79680633544922
2016-12-01,51.67769241333008
2016-12-02,51.391822814941406
2016-12-05,51.32036209106445
2016-12-06,51.63798904418945
2016-12-07,52.35264587402344
2016-12-08,52.17000961303711
2016-12-09,52.63851547241211
2016-12-12,53.00378036499024
2016-12-13,53.11494827270508
2016-12-14,52.33677291870117
2016-12-15,52.59086608886719
2016-12-16,52.59086608886719
2016-12-19,52.45587921142578
2016-12-20,52.71791458129883
2016-12-21,52.44792938232422
2016-12-22,52.70204544067383
2016-12-23,52.62261962890625
2016-12-27,52.41617584228516
2016-12-28,52.09854888916016
2016-12-29,52.320892333984375
2016-12-30,51.963565826416016
2017-01-03,52.04297256469727
2017-01-04,52.61469268798828
2017-01-05,53.08318710327149
2017-01-06,53.4881591796875
2017-01-09,52.741737365722656
2017-01-10,51.923858642578125
2017-01-11,51.86033630371094
2017-01-12,52.28911590576172
2017-01-13,52.31293869018555
2017-01-17,53.281700134277344
2017-01-18,53.88520812988281
2017-01-19,53.541770935058594
2017-01-20,54.2685432434082
2017-01-23,53.94908905029297
2017-01-24,54.5161247253418
2017-01-25,54.651893615722656
2017-01-26,54.50015640258789
2017-01-27,51.65694046020508
2017-01-30,51.537139892578125
2017-01-31,51.57708740234375
2017-02-01,51.68888854980469
2017-02-02,52.455596923828125
2017-02-03,52.68721389770508
2017-02-06,52.303855895996094
2017-02-07,53.15843200683594
2017-02-08,53.18238067626953
2017-02-09,53.19037628173828
2017-02-10,54.084869384765625
2017-02-13,54.07687377929688
2017-02-14,54.100833892822266
2017-02-15,54.79564666748047
2017-02-16,55.10712814331055
2017-02-17,57.48712539672852
2017-02-21,58.44549560546875
2017-02-22,58.69308471679688
2017-02-23,59.45183563232422
2017-02-24,58.58127212524414
2017-02-27,58.0222282409668
2017-02-28,58.28579711914063
2017-03-01,58.669132232666016
2017-03-02,58.89274597167969
2017-03-03,58.77294158935547
2017-03-06,58.93267822265625
2017-03-07,58.87677764892578
2017-03-08,58.42952728271485
2017-03-09,58.597259521484375
2017-03-10,59.308048248291016
2017-03-13,59.0205307006836
2017-03-14,58.82085800170898
2017-03-15,59.0524787902832
2017-03-16,59.0205307006836
2017-03-17,59.06844329833984
2017-03-20,58.9406852722168
2017-03-21,58.86082077026367
2017-03-22,58.844818115234375
2017-03-23,59.03649520874024
2017-03-24,58.83683013916016
2017-03-27,58.64515686035156
2017-03-28,58.91671371459961
2017-03-29,58.74900817871094
2017-03-30,58.48543167114258
2017-03-31,58.45350646972656
2017-04-03,58.597259521484375
2017-04-04,58.79692840576172
2017-04-05,58.669132232666016
2017-04-06,58.40558242797852
2017-04-07,58.6611213684082
2017-04-10,58.884765625
2017-04-11,58.86082077026367
2017-04-12,59.10040283203125
2017-04-13,58.828857421875
2017-04-17,59.15629577636719
2017-04-18,59.39591598510742
2017-04-19,58.9301872253418
2017-04-20,58.76156234741211
2017-04-21,58.6330680847168
2017-04-24,59.14696502685547
2017-04-25,59.59662628173828
2017-04-26,59.01850128173828
2017-04-27,58.85791015625
2017-04-28,57.846168518066406
2017-05-01,57.653446197509766
2017-05-02,56.818359375
2017-05-03,57.07530975341797
2017-05-04,57.77389907836914
2017-05-05,57.661468505859375
2017-05-08,57.685577392578125
2017-05-09,57.41257858276367
2017-05-10,57.653446197509766
2017-05-11,57.508914947509766
2017-05-12,57.211822509765625
2017-05-15,57.53300857543945
2017-05-16,57.476806640625
2017-05-17,60.77702331542969
2017-05-18,59.363800048828125
2017-05-19,60.078426361083984
2017-05-22,59.64482498168945
2017-05-23,59.2915153503418
2017-05-24,59.90177917480469
2017-05-25,60.52007675170898
2017-05-26,60.58428955078125
2017-05-30,61.09819793701172
2017-05-31,61.31501770019531
2017-06-01,61.57997512817383
2017-06-02,61.91722869873047
2017-06-05,62.01359558105469
2017-06-06,61.82890701293945
2017-06-07,61.95737457275391
2017-06-08,60.85731506347656
2017-06-09,60.84124374389648
2017-06-12,60.66461944580078
2017-06-13,60.77702331542969
2017-06-14,60.92958450317383
2017-06-15,61.30698394775391
2017-06-16,61.274864196777344
2017-06-19,61.74860763549805
2017-06-20,61.30698394775391
2017-06-21,60.76898956298828
2017-06-22,60.64855194091797
2017-06-23,60.961727142333984
2017-06-26,60.937599182128906
2017-06-27,60.52007675170898
2017-06-28,60.29520034790039
2017-06-29,59.51636505126953
2017-06-30,59.52436065673828
2017-07-03,59.37180709838867
2017-07-05,59.22726821899414
2017-07-06,58.97834014892578
2017-07-07,58.89000701904297
2017-07-10,58.68125534057617
2017-07-11,58.13523864746094
2017-07-12,58.03887939453125
2017-07-13,57.99873733520508
2017-07-14,58.53163146972656
2017-07-17,58.612403869628906
2017-07-18,58.55585861206055
2017-07-19,58.53163146972656
2017-07-20,58.20867156982422
2017-07-21,59.161434173583984
2017-07-24,58.0148811340332
2017-07-25,58.176387786865234
2017-07-26,58.94343566894531
2017-07-27,58.90307235717773
2017-07-28,58.57201766967773
2017-07-31,58.2974739074707
2017-08-01,57.89376831054688
2017-08-02,57.82916259765625
2017-08-03,57.81302261352539
2017-08-04,57.716121673583984
2017-08-07,57.92604064941406
2017-08-08,57.89376831054688
2017-08-09,57.788795471191406
2017-08-10,57.77265167236328
2017-08-11,57.53848648071289
2017-08-14,57.69188690185547
2017-08-15,57.97451019287109
2017-08-16,58.07948303222656
2017-08-17,57.57077407836914
2017-08-18,57.34470748901367
2017-08-21,57.82109069824219
2017-08-22,57.845306396484375
2017-08-23,57.50619888305664
2017-08-24,57.15090560913086
2017-08-25,57.449684143066406
2017-08-28,57.24779891967773
2017-08-29,57.57077407836914
2017-08-30,57.288185119628906
2017-08-31,57.845306396484375
2017-09-01,57.57077407836914
2017-09-05,57.41738128662109
2017-09-06,57.72420883178711
2017-09-07,57.78071212768555
2017-09-08,57.99065399169922
2017-09-11,58.152137756347656
2017-09-12,58.09561920166016
2017-09-13,57.85338592529297
2017-09-14,58.24903869628906
2017-09-15,58.36209487915039
2017-09-18,58.4509162902832
2017-09-19,58.79003143310547
2017-09-20,58.58010482788086
2017-09-21,57.62731552124024
2017-09-22,57.481964111328125
2017-09-25,58.94343566894531
2017-09-26,59.258338928222656
2017-09-27,59.00801086425781
2017-09-28,59.0645637512207
2017-09-29,58.82232284545898
2017-10-02,58.90307235717773
2017-10-03,58.49129104614258
2017-10-04,58.84655380249024
2017-10-05,59.11299896240234
2017-10-06,58.71736526489258
2017-10-09,58.426666259765625
2017-10-10,58.86268997192383
2017-10-11,60.3403205871582
2017-10-12,60.68753433227539
2017-10-13,61.357704162597656
2017-10-16,61.16391754150391
2017-10-17,60.52602005004883
2017-10-18,60.106178283691406
2017-10-19,59.05648040771485
2017-10-20,58.71549606323242
2017-10-23,58.60995101928711
2017-10-24,58.32578659057617
2017-10-25,57.98479843139648
2017-10-26,57.81430435180664
2017-10-27,57.15667343139648
2017-10-30,56.18240737915039
2017-10-31,57.19725799560547
2017-11-01,57.28657150268555
2017-11-02,57.595096588134766
2017-11-03,56.95369720458984
2017-11-06,57.03487777709961
2017-11-07,57.5626106262207
2017-11-08,59.48677444458008
2017-11-09,59.19449615478516
2017-11-10,59.43806838989258
2017-11-13,59.83589553833008
2017-11-14,59.64104843139648
2017-11-15,58.84539413452149
2017-11-16,58.967166900634766
2017-11-17,58.36639022827149
2017-11-20,58.51251602172852
2017-11-21,58.63430404663086
2017-11-22,58.25272750854492
2017-11-24,58.463809967041016
2017-11-27,58.45568084716797
2017-11-28,59.07271957397461
2017-11-29,58.463809967041016
2017-11-30,58.82101821899414
2017-12-01,59.300052642822266
2017-12-04,60.50164794921875
2017-12-05,60.5584602355957
2017-12-06,60.28242874145508
2017-12-07,59.429954528808594
2017-12-08,59.5273666381836
2017-12-11,59.40559387207031
2017-12-12,58.853511810302734
2017-12-13,59.55173110961914
2017-12-14,59.46242141723633
2017-12-15,60.12004470825195
2017-12-18,60.071327209472656
2017-12-19,60.76955795288086
2017-12-20,60.50164794921875
2017-12-21,60.61529541015625
2017-12-22,61.01311492919922
2017-12-26,61.28103256225586
2017-12-27,61.19175338745117
2017-12-28,61.0050048828125
2017-12-29,61.25669097900391
2018-01-02,61.0050048828125
2018-01-03,60.76955795288086
2018-01-04,61.15926361083984
2018-01-05,61.23233413696289
2018-01-08,61.321624755859375
2018-01-09,61.410945892333984
2018-01-10,60.74519729614258
2018-01-11,60.52599334716797
2018-01-12,60.58282852172852
2018-01-16,61.23233413696289
2018-01-17,62.25530242919922
2018-01-18,62.214691162109375
2018-01-19,62.92106246948242
2018-01-22,63.14955139160156
2018-01-23,62.75782012939453
2018-01-24,62.676212310791016
2018-01-25,63.092430114746094
2018-01-26,60.03205871582031
2018-01-29,60.21976089477539
2018-01-30,60.937931060791016
2018-01-31,60.587039947509766
2018-02-01,59.844364166259766
2018-02-02,59.10988998413086
2018-02-05,56.97171401977539
2018-02-06,57.461368560791016
2018-02-07,57.26549911499024
2018-02-08,56.26986312866211
2018-02-09,56.93090057373047
2018-02-12,57.28182220458984
2018-02-13,57.37160110473633
2018-02-14,56.81664276123047
2018-02-15,58.12240982055664
2018-02-16,58.31827163696289
2018-02-20,57.15125274658203
2018-02-21,56.424930572509766
2018-02-22,56.628936767578125
2018-02-23,57.37160110473633
2018-02-26,57.99999237060547
2018-02-27,57.06147003173828
2018-02-28,56.28619384765625
2018-03-01,56.1964225769043
2018-03-02,56.531009674072266
2018-03-05,57.18388748168945
2018-03-06,56.83297348022461
2018-03-07,56.86561965942383
2018-03-08,57.95919418334961
2018-03-09,58.13872909545898
2018-03-12,58.00816345214844
2018-03-13,57.83677291870117
2018-03-14,57.11859893798828
2018-03-15,56.76768493652344
2018-03-16,56.81664276123047
2018-03-19,57.175724029541016
2018-03-20,56.87378692626953
2018-03-21,56.05769729614258
2018-03-22,56.16376876831055
2018-03-23,55.80470657348633
2018-03-26,55.64963912963867
2018-03-27,56.5391731262207
2018-03-28,57.77965545654297
2018-03-29,58.49781036376953
2018-04-02,57.24917984008789
2018-04-03,57.90206909179688
2018-04-04,58.47332000732422
2018-04-05,58.603885650634766
2018-04-06,58.46516418457031
2018-04-09,58.2856330871582
2018-04-10,58.53860855102539
2018-04-11,58.25296401977539
2018-04-12,57.89390563964844
2018-04-13,58.4325065612793
2018-04-16,59.11806488037109
2018-04-17,58.94667053222656
2018-04-18,58.824256896972656
2018-04-19,57.27276992797852
2018-04-20,55.4257926940918
2018-04-23,54.4818000793457
2018-04-24,54.69521713256836
2018-04-25,54.51463317871094
2018-04-26,54.66238784790039
2018-04-27,54.6541748046875
2018-04-30,53.54599380493164
2018-05-01,53.357181549072266
2018-05-02,51.83035659790039
2018-05-03,51.97810363769531
2018-05-04,52.29825210571289
2018-05-07,51.567665100097656
2018-05-08,51.1243896484375
2018-05-09,50.82067108154297
2018-05-10,51.28856658935547
2018-05-11,51.47737884521485
2018-05-14,50.92738723754883
2018-05-15,50.60725402832031
2018-05-16,50.96842193603516
2018-05-17,51.132591247558594
2018-05-18,51.07514190673828
2018-05-21,51.09976959228516
2018-05-22,51.23110580444336
2018-05-23,51.48557662963867
2018-05-24,51.29677963256836
2018-05-25,52.33108139038086
2018-05-29,52.17512130737305
2018-05-30,52.8564453125
2018-05-31,51.789306640625
2018-06-01,51.4609489440918
2018-06-04,51.47737884521485
2018-06-05,51.132591247558594
2018-06-06,51.36245727539063
2018-06-07,51.51841735839844
2018-06-08,51.9945182800293
2018-06-11,52.33108139038086
2018-06-12,52.31466674804688
2018-06-13,51.764678955078125
2018-06-14,51.96990966796875
2018-06-15,53.13556289672852
2018-06-18,51.96990966796875
2018-06-19,52.53629684448242
2018-06-20,52.45420837402344
2018-06-21,52.11765670776367
2018-06-22,53.05345153808594
2018-06-25,53.44748306274414
2018-06-26,53.47210693359375
2018-06-27,53.11912155151367
2018-06-28,53.29972076416016
2018-06-29,53.20122528076172
2018-07-02,53.01240539550781
2018-07-03,53.0863151550293
2018-07-05,54.145240783691406
2018-07-06,53.99748229980469
2018-07-09,53.357181549072266
2018-07-10,53.95642852783203
2018-07-11,53.55419921875
2018-07-12,53.49673461914063
2018-07-13,53.972843170166016
2018-07-16,53.86614227294922
2018-07-17,54.163551330566406
2018-07-18,53.54392623901367
2018-07-19,54.32051086425781
2018-07-20,54.48577117919922
2018-07-23,54.39487838745117
2018-07-24,53.9239616394043
2018-07-25,54.48577117919922
2018-07-26,55.30365753173828
2018-07-27,55.07234191894531
2018-07-30,54.9071159362793
2018-07-31,55.36149215698242
2018-08-01,54.59315872192383
2018-08-02,55.551517486572266
2018-08-03,55.76633071899414
2018-08-06,55.667179107666016
2018-08-07,55.543251037597656
2018-08-08,55.014495849609375
2018-08-09,54.46921920776367
2018-08-10,54.0561408996582
2018-08-13,54.1552848815918
2018-08-14,54.1305046081543
2018-08-15,54.386627197265625
2018-08-16,55.12191009521485
2018-08-17,55.76633071899414
2018-08-20,55.89852523803711
2018-08-21,55.68370056152344
2018-08-22,55.3449821472168
2018-08-23,54.99797821044922
2018-08-24,55.25410461425781
2018-08-27,55.42758560180664
2018-08-28,55.17146682739258
2018-08-29,55.32018280029297
2018-08-30,54.725341796875
2018-08-31,54.86579132080078
2018-09-04,53.89091873168945
2018-09-05,55.014495849609375
2018-09-06,55.35322570800781
2018-09-07,55.36149215698242
2018-09-10,55.48542785644531
2018-09-11,55.50193405151367
2018-09-12,56.16288375854492
2018-09-13,56.31160354614258
2018-09-14,56.171142578125
2018-09-17,56.848594665527344
2018-09-18,56.39421844482422
2018-09-19,56.12157440185547
2018-09-20,56.83208084106445
2018-09-21,57.07993316650391
2018-09-24,56.12983703613281
2018-09-25,55.46890258789063
2018-09-26,55.43584060668945
2018-09-27,55.130165100097656
2018-09-28,55.31193542480469
2018-10-01,55.41105270385742
2018-10-02,55.6754264831543
2018-10-03,54.46096420288086
2018-10-04,53.63481140136719
2018-10-05,53.46131134033203
2018-10-08,53.99005508422852
2018-10-09,53.75873947143555
2018-10-10,52.734283447265625
2018-10-11,51.51154327392578
2018-10-12,51.66852569580078
2018-10-15,51.6767807006836
2018-10-16,51.72635269165039
2018-10-17,52.5029525756836
2018-10-18,52.095436096191406
2018-10-19,53.65896224975586
2018-10-22,52.92710494995117
2018-10-23,52.72750473022461
2018-10-24,53.75876998901367
2018-10-25,53.07679748535156
2018-10-26,49.55053329467773
2018-10-29,48.13672256469727
2018-10-30,50.05786895751953
2018-10-31,49.52560424804688
2018-11-01,49.96637344360352
2018-11-02,50.14104080200195
2018-11-05,50.09113311767578
2018-11-06,50.323997497558594
2018-11-07,51.00596618652344
2018-11-08,50.64834976196289
2018-11-09,53.06017303466797
2018-11-12,51.022579193115234
2018-11-13,51.44674301147461
2018-11-14,51.954063415527344
2018-11-15,51.89584732055664
2018-11-16,52.59443283081055
2018-11-19,52.20355224609375
2018-11-20,51.82099533081055
2018-11-21,51.49663162231445
2018-11-23,51.38021087646485
2018-11-26,52.1786003112793
2018-11-27,52.59443283081055
2018-11-28,52.25345230102539
2018-11-29,52.4281120300293
2018-11-30,52.82730865478516
2018-12-03,53.02690124511719
2018-12-04,52.46137237548828
2018-12-06,52.586124420166016
2018-12-07,52.15365219116211
2018-12-10,52.84392929077149
2018-12-11,53.68391799926758
2018-12-12,54.29103469848633
2018-12-13,54.44904327392578
2018-12-14,54.19954681396485
2018-12-17,52.32829666137695
2018-12-18,51.94573974609375
2018-12-19,51.46337890625
2018-12-20,50.71487808227539
2018-12-21,49.82500457763672
2018-12-24,48.269779205322266
2018-12-26,49.400856018066406
2018-12-27,49.64202880859375
2018-12-28,49.58382797241211
2018-12-31,49.50065231323242
2019-01-02,49.27608871459961
2019-01-03,49.04322814941406
2019-01-04,49.50065231323242
2019-01-07,49.80004501342773
2019-01-08,50.35726165771485
2019-01-09,50.98101806640625
2019-01-10,51.41347503662109
2019-01-11,51.64633941650391
2019-01-14,51.23882293701172
2019-01-15,51.74615097045898
2019-01-16,51.67129135131836
2019-01-17,51.563175201416016
2019-01-18,52.08710479736328
2019-01-22,51.693603515625
2019-01-23,52.2043342590332
2019-01-24,52.07875061035156
2019-01-25,51.777320861816406
2019-01-28,52.53087615966797
2019-01-29,53.3262939453125
2019-01-30,53.543983459472656
2019-01-31,54.15520477294922
2019-02-01,54.46499633789063
2019-02-04,54.58220672607422
2019-02-05,54.20544052124024
2019-02-06,54.69942474365234
2019-02-07,54.46499633789063
2019-02-08,55.0008659362793
2019-02-11,55.08458709716797
2019-02-12,55.27716064453125
2019-02-13,55.21018600463867
2019-02-14,54.799903869628906
2019-02-15,55.66230010986328
2019-02-19,55.86325073242188
2019-02-20,55.687442779541016
2019-02-21,55.84650421142578
2019-02-22,56.013954162597656
2019-02-25,55.6957893371582
2019-02-26,55.67067337036133
2019-02-27,55.15157699584961
2019-02-28,55.15157699584961
2019-03-01,55.26040649414063
2019-03-04,55.2855224609375
2019-03-05,55.025978088378906
2019-03-06,54.933876037597656
2019-03-07,54.70779800415039
2019-03-08,54.71617889404297
2019-03-11,55.13481140136719
2019-03-12,55.0427131652832
2019-03-13,55.6957893371582
2019-03-14,55.4697380065918
2019-03-15,56.265132904052734
2019-03-18,55.50322341918945
2019-03-19,55.051082611083984
2019-03-20,54.51522064208984
2019-03-21,55.11808776855469
2019-03-22,55.26040649414063
2019-03-25,55.47810363769531
2019-03-26,56.03070068359375
2019-03-27,56.10606002807617
2019-03-28,56.40748596191406
2019-03-29,57.38710403442383
2019-04-01,57.1861572265625
2019-04-02,57.244773864746094
2019-04-03,56.78425979614258
2019-04-04,56.55818939208984
2019-04-05,56.86798477172852
2019-04-08,56.95172119140625
2019-04-09,57.02706909179688
2019-04-10,57.02706909179688
2019-04-11,57.01031112670898
2019-04-12,57.57966613769531
2019-04-15,57.52943801879883
2019-04-16,57.80574798583984
2019-04-17,57.86471557617188
2019-04-18,58.42919158935547
2019-04-22,58.63983917236328
2019-04-23,58.14274978637695
2019-04-24,58.01637649536133
2019-04-25,57.87315368652344
2019-04-26,60.07213592529297
2019-04-29,60.13952255249024
2019-04-30,61.32749176025391
2019-05-01,60.06371307373047
2019-05-02,60.5102424621582
2019-05-03,60.61976623535156
2019-05-06,60.40073013305664
2019-05-07,59.40654754638672
2019-05-08,59.81095504760742
2019-05-09,59.6929931640625
2019-05-10,60.24062728881836
2019-05-13,60.29119491577149
2019-05-14,59.945743560791016
2019-05-15,60.10583114624024
2019-05-16,61.08316802978516
2019-05-17,60.63661193847656
2019-05-20,60.40913772583008
2019-05-21,60.265907287597656
2019-05-22,60.265907287597656
2019-05-23,60.45127487182617
2019-05-24,59.98786926269531
2019-05-28,59.069522857666016
2019-05-29,58.95156478881836
2019-05-30,59.6929931640625
2019-05-31,58.65666961669922
2019-06-03,59.55819320678711
2019-06-04,59.66771697998047
2019-06-05,60.59450149536133
2019-06-06,61.59709167480469
2019-06-07,62.33852767944336
2019-06-10,61.52970504760742
2019-06-11,61.7824592590332
2019-06-12,61.546573638916016
2019-06-13,61.29380416870117
2019-06-14,61.79931640625
2019-06-17,61.84984970092773
2019-06-18,61.41172409057617
2019-06-19,61.95098114013672
2019-06-20,62.00993347167969
2019-06-21,61.462310791015625
2019-06-24,62.32166290283203
2019-06-25,62.2711181640625
2019-06-26,60.95677947998047
2019-06-27,60.77986145019531
2019-06-28,60.38387298583984
2019-07-01,60.72930908203125
2019-07-02,61.28535461425781
2019-07-03,62.34696960449219
2019-07-05,61.62236785888672
2019-07-08,61.82458114624024
2019-07-09,61.59709167480469
2019-07-10,61.91725158691406
2019-07-11,62.2542839050293
2019-07-12,62.66710662841797
2019-07-15,62.34696960449219
2019-07-16,62.76820755004883
2019-07-17,62.49704360961914
2019-07-18,62.60719680786133
2019-07-19,61.60724258422852
2019-07-22,61.31064224243164
2019-07-23,61.251346588134766
2019-07-24,60.40391540527344
2019-07-25,60.95474624633789
2019-07-26,62.446197509765625
2019-07-29,64.03934478759766
2019-07-30,63.335975646972656
2019-07-31,60.79371643066406
2019-08-01,60.38697814941406
2019-08-02,60.33612060546875
2019-08-05,58.302345275878906
2019-08-06,59.19211196899414
2019-08-07,59.69211196899414
2019-08-08,60.76831817626953
2019-08-09,60.60727310180664
2019-08-12,59.93783950805664
2019-08-13,60.75137710571289
2019-08-14,59.759864807128906
2019-08-15,60.48019409179688
2019-08-16,61.251346588134766
2019-08-19,61.92926406860352
2019-08-20,61.47166442871094
2019-08-21,61.5309944152832
2019-08-22,61.89538192749024
2019-08-23,61.208984375
2019-08-26,61.66654968261719
2019-08-27,62.234352111816406
2019-08-28,62.70889663696289
2019-08-29,62.878379821777344
2019-08-30,62.83600997924805
2019-09-03,62.971588134765625
2019-09-04,63.44616317749024
2019-09-05,62.95463943481445
2019-09-06,63.30208969116211
2019-09-09,62.022499084472656
2019-09-10,61.11575698852539
2019-09-11,61.73436737060547
2019-09-12,61.25980758666992
2019-09-13,59.92088317871094
2019-09-16,58.83619689941406
2019-09-17,59.20059585571289
2019-09-18,59.95478057861328
2019-09-19,60.124271392822266
2019-09-20,60.124271392822266
2019-09-23,60.59035873413086
2019-09-24,61.429298400878906
2019-09-25,61.21743774414063
2019-09-26,61.62421417236328
2019-09-27,62.08181381225586
2019-09-30,62.29366302490234
2019-10-01,60.785255432128906
2019-10-02,59.759864807128906
2019-10-03,60.05648422241211
2019-10-04,61.07339096069336
2019-10-07,60.69205093383789
2019-10-08,59.89547348022461
2019-10-09,59.85309600830078
2019-10-10,59.971717834472656
2019-10-11,59.75141143798828
2019-10-14,58.81924057006836
2019-10-15,57.96337127685547
2019-10-16,57.49728012084961
2019-10-17,57.69219207763672
2019-10-18,57.64982223510742
2019-10-21,57.87863540649414
2019-10-22,57.18787384033203
2019-10-23,57.597206115722656
2019-10-24,58.2794189453125
2019-10-25,58.33913040161133
2019-10-28,57.43516540527344
2019-10-29,57.9212532043457
2019-10-30,58.48408889770508
2019-10-31,58.50115203857422
2019-11-01,56.97466278076172
2019-11-04,55.78076934814453
2019-11-05,56.24980545043945
2019-11-06,56.72734832763672
2019-11-07,57.025840759277344
2019-11-08,56.82115936279297
2019-11-11,56.74441146850586
2019-11-12,56.829689025878906
2019-11-13,57.034366607666016
2019-11-14,56.829689025878906
2019-11-15,56.59944152832031
2019-11-18,57.24756240844727
2019-11-19,57.27313995361328
2019-11-20,57.3157844543457
2019-11-21,56.92350387573242
2019-11-22,56.889381408691406
2019-11-25,57.11964416503906
2019-11-26,57.81040954589844
2019-11-27,57.71658706665039
2019-11-29,57.835975646972656
2019-12-02,57.622779846191406
2019-12-03,57.39253616333008
2019-12-04,58.05771255493164
2019-12-05,57.835975646972656
2019-12-06,58.194149017333984
2019-12-09,58.50115203857422
2019-12-10,57.929786682128906
2019-12-11,57.52896881103516
2019-12-12,57.33283615112305
2019-12-13,58.57790756225586
2019-12-16,58.73139953613281
2019-12-17,57.85302734375
2019-12-18,58.21973419189453
2019-12-19,58.2794189453125
2019-12-20,58.71434020996094
2019-12-23,58.603492736816406
2019-12-24,58.45850372314453
2019-12-26,58.48408889770508
2019-12-27,58.99576568603516
2019-12-30,58.66316986083984
2019-12-31,58.705814361572266
2020-01-02,58.09180450439453
2020-01-03,58.00654220581055
2020-01-06,58.4073486328125
2020-01-07,57.60572814941406
2020-01-08,59.07251739501953
2020-01-09,59.57566452026367
2020-01-10,59.82296371459961
2020-01-13,59.81443786621094
2020-01-14,59.942359924316406
2020-01-15,60.37728118896485
2020-01-16,60.33464813232422
2020-01-17,60.70136260986328
2020-01-21,60.795143127441406
2020-01-22,60.51201629638672
2020-01-23,60.58065414428711
2020-01-24,60.314701080322266
2020-01-27,60.14308166503906
2020-01-28,59.8084716796875
2020-01-29,59.053489685058594
2020-01-30,59.60258102416992
2020-01-31,63.300411224365234
2020-02-03,64.28705596923828
2020-02-04,64.6902847290039
2020-02-05,64.97343444824219
2020-02-06,65.47103881835938
2020-02-07,65.23079681396484
2020-02-10,66.3633041381836
2020-02-11,65.2994613647461
2020-02-12,65.16217041015625
2020-02-13,65.52252197265625
2020-02-14,65.79706573486328
2020-02-18,65.26515197753906
2020-02-19,64.8104248046875
2020-02-20,64.48439025878906
2020-02-21,65.43671417236328
2020-02-24,63.849491119384766
2020-02-25,63.31755447387695
2020-02-26,62.56254577636719
2020-02-27,60.18598556518555
2020-02-28,57.97245407104492
2020-03-02,62.15073013305664
2020-03-03,61.584468841552734
2020-03-04,64.66455841064453
2020-03-05,62.06491088867188
2020-03-06,62.210784912109375
2020-03-09,60.048709869384766
2020-03-10,61.61021041870117
2020-03-11,59.11355209350586
2020-03-12,54.81516647338867
2020-03-13,59.28514099121094
2020-03-16,53.48531723022461
2020-03-17,60.228885650634766
2020-03-18,58.075416564941406
2020-03-19,57.18313217163086
2020-03-20,53.26224136352539
2020-03-23,51.88093185424805
2020-03-24,52.490081787109375
2020-03-25,51.38330459594727
2020-03-26,54.75509643554688
2020-03-27,55.99058151245117
2020-03-30,57.12307357788086
2020-03-31,56.93432235717773
2020-04-01,56.2393684387207
2020-04-02,58.48723220825195
2020-04-03,58.01536560058594
2020-04-06,60.48627471923828
2020-04-07,59.233665466308594
2020-04-08,60.24602127075195
2020-04-09,59.980098724365234
2020-04-13,59.6197395324707
2020-04-14,62.72555923461914
2020-04-15,62.33089828491211
2020-04-16,62.4939079284668
2020-04-17,63.37434005737305
2020-04-20,62.28676223754883
2020-04-21,60.94883346557617
2020-04-22,61.46674346923828
2020-04-23,61.48399353027344
2020-04-24,61.630741119384766
2020-04-27,61.31134796142578
2020-04-28,61.38041687011719
2020-04-29,60.56038284301758
2020-04-30,60.65534591674805
2020-05-01,59.1534309387207
2020-05-04,59.97344970703125
2020-05-05,60.00796890258789
2020-05-06,58.55781936645508
2020-05-07,59.38648223876953
2020-05-08,59.87849044799805
2020-05-11,59.88710784912109
2020-05-12,59.326053619384766
2020-05-13,58.95487976074219
2020-05-14,57.88456726074219
2020-05-15,59.51594161987305
2020-05-18,60.61217498779297
2020-05-19,59.77490234375
2020-05-20,60.82798004150391
2020-05-21,60.64670944213867
2020-05-22,61.06968688964844
2020-05-26,59.930274963378906
2020-05-27,60.93154525756836
2020-05-28,62.226318359375
2020-05-29,62.43349075317383
2020-06-01,62.77875518798828
2020-06-02,62.5284309387207
2020-06-03,61.84651565551758
2020-06-04,61.06968688964844
2020-06-05,62.49391555786133
2020-06-08,63.45204925537109
2020-06-09,63.25349807739258
2020-06-10,64.18574523925781
2020-06-11,63.09813690185547
2020-06-12,62.83055877685547
2020-06-15,62.9168701171875
2020-06-16,63.46929931640625
2020-06-17,63.71097946166992
2020-06-18,63.53834533691406
2020-06-19,63.32257843017578
2020-06-22,63.09813690185547
2020-06-23,62.94275665283203
2020-06-24,62.17454147338867
2020-06-25,62.70106887817383
2020-06-26,61.73431396484375
2020-06-29,62.51982498168945
2020-06-30,63.236236572265625
2020-07-01,63.0377197265625
2020-07-02,63.25349807739258
2020-07-06,63.400238037109375
2020-07-07,63.84909439086914
2020-07-08,64.2979507446289
2020-07-09,63.28805160522461
2020-07-10,63.59877395629883
2020-07-13,63.40888214111328
2020-07-14,64.60868835449219
2020-07-15,64.47058868408203
2020-07-16,64.72091674804688
2020-07-17,65.2939682006836
2020-07-20,64.42570495605469
2020-07-21,64.28678131103516
2020-07-22,64.37361145019531
2020-07-23,64.45175170898438
2020-07-24,64.5298843383789
2020-07-27,64.81639862060547
2020-07-28,65.73676300048828
2020-07-29,66.16221618652344
2020-07-30,66.74398040771484
2020-07-31,67.030517578125
2020-08-03,66.4834976196289
2020-08-04,66.65713500976562
2020-08-05,66.14488983154297
2020-08-06,65.86701202392578
2020-08-07,66.19697570800781
2020-08-10,66.55296325683594
2020-08-11,65.95384979248047
2020-08-12,67.06522369384766
2020-08-13,66.8394775390625
2020-08-14,66.90027618408203
2020-08-17,67.0391845703125
2020-08-18,67.42121124267578
2020-08-19,67.68169403076172
2020-08-20,67.94219970703125
2020-08-21,68.32421875
2020-08-24,68.7062759399414
2020-08-25,68.23739624023438
2020-08-26,68.28950500488281
2020-08-27,68.6455078125
2020-08-28,68.91465759277344
2020-08-31,68.81914520263672
2020-09-01,67.80327606201172
2020-09-02,69.00147247314453
2020-09-03,67.4385757446289
2020-09-04,67.0391845703125
2020-09-08,65.67598724365234
2020-09-09,67.35176086425781
2020-09-10,66.34457397460938
2020-09-11,66.63977813720703
2020-09-14,66.98709106445312
2020-09-15,66.80476379394531
2020-09-16,66.7787094116211
2020-09-17,66.60505676269531
2020-09-18,65.8409652709961
2020-09-21,65.2852783203125
2020-09-22,66.04936981201172
2020-09-23,65.24188232421875
2020-09-24,65.78018188476562
2020-09-25,65.94513702392578
2020-09-28,66.51822662353516
2020-09-29,66.17961120605469
2020-09-30,66.98709106445312
2020-10-01,66.9089584350586
2020-10-02,67.20415496826172
2020-10-05,68.08978271484375
2020-10-06,67.32571411132812
2020-10-07,67.83800506591797
2020-10-08,68.36764526367188
2020-10-09,69.26194763183594
2020-10-12,70.0086669921875
2020-10-13,69.68741607666016
2020-10-14,69.34012603759766
2020-10-15,69.2098617553711
2020-10-16,69.73081970214844
2020-10-19,68.77571105957031
2020-10-20,69.31405639648438
2020-10-21,69.63531494140625
2020-10-22,69.22499084472656
2020-10-23,69.26863861083984
2020-10-26,68.70113372802734
2020-10-27,68.8408203125
2020-10-28,67.10343933105469
2020-10-29,66.93755340576172
2020-10-30,68.87576293945312
2020-11-02,69.98456573486328
2020-11-03,72.56007385253906
2020-11-04,73.21487426757812
2020-11-05,72.4727554321289
2020-11-06,72.490234375
2020-11-09,71.39891052246094
2020-11-10,72.76959991455078
2020-11-11,74.1490249633789
2020-11-12,73.97443389892578
2020-11-13,74.52445983886719
2020-11-16,75.0220947265625
2020-11-17,74.51573181152344
2020-11-18,73.86965942382812
2020-11-19,74.54191589355469
2020-11-20,74.34983825683594
2020-11-23,73.80855560302734
2020-11-24,73.95696258544922
2020-11-25,73.99188995361328
2020-11-27,74.12285614013672
2020-11-30,74.76891326904297
2020-12-01,75.31021118164062
2020-12-02,74.8562240600586
2020-12-03,74.37600708007812
2020-12-04,74.2363510131836
2020-12-07,74.5506591796875
2020-12-08,74.35858154296875
2020-12-09,73.99188995361328
2020-12-10,73.85220336914062
2020-12-11,73.93077087402344
2020-12-14,73.50296783447266
2020-12-15,73.99188995361328
2020-12-16,74.24507904052734
2020-12-17,74.786376953125
2020-12-18,75.0220947265625
2020-12-21,74.48079681396484
2020-12-22,73.68632507324219
2020-12-23,73.7125015258789
2020-12-24,74.24507904052734
2020-12-28,74.56810760498047
2020-12-29,74.2363510131836
2020-12-30,73.97443389892578
2020-12-31,74.65543365478516
2021-01-04,73.62521362304688
2021-01-05,73.79106903076172
2021-01-06,71.8092269897461
2021-01-07,71.4163589477539
2021-01-08,71.89652252197266
2021-01-11,71.71318817138672
2021-01-12,71.8179702758789
2021-01-13,72.0187759399414
2021-01-14,71.53857421875
2021-01-15,71.48619079589844
2021-01-19,70.58696746826172
2021-01-20,70.01946258544922
2021-01-21,69.21624755859375
2021-01-22,68.64559936523438
2021-01-25,69.01432800292969
2021-01-26,69.13724517822266
2021-01-27,68.505126953125
2021-01-28,69.4884033203125
2021-01-29,68.4787826538086
2021-02-01,68.93529510498047
2021-02-02,69.22503662109375
2021-02-03,69.25135803222656
2021-02-04,69.2952651977539
2021-02-05,70.12052154541016
2021-02-08,69.97127532958984
2021-02-09,69.09335327148438
2021-02-10,69.45330047607422
2021-02-11,68.83875274658203
2021-02-12,68.8563003540039
2021-02-16,68.64559936523438
2021-02-17,68.86507415771484
2021-02-18,69.11090087890625
2021-02-19,67.77644348144531
2021-02-22,67.83788299560547
2021-02-23,68.03103637695312
2021-02-24,67.2847900390625
2021-02-25,67.3287124633789
2021-02-26,66.02056884765625
2021-03-01,66.37174224853516
2021-03-02,66.21371459960938
2021-03-03,65.50260925292969
2021-03-04,65.35334777832031
2021-03-05,66.77558898925781
2021-03-08,67.11800384521484
2021-03-09,65.79230499267578
2021-03-10,66.54734802246094
2021-03-11,66.08201599121094
2021-03-12,66.29273986816406
2021-03-15,66.44200134277344
2021-03-16,66.60000610351562
2021-03-17,66.54734802246094
2021-03-18,66.78438568115234
2021-03-19,65.82744598388672
2021-03-22,66.52099609375
2021-03-23,68.2593002319336
2021-03-24,68.27686309814453
2021-03-25,68.38220977783203
2021-03-26,69.54987335205078
2021-03-29,70.1468734741211
2021-03-30,69.64644622802734
2021-03-31,69.20745086669922
2021-04-01,68.9616470336914
2021-04-05,69.82202911376953
2021-04-06,70.11174011230469
2021-04-07,69.90105438232422
2021-04-08,69.9186019897461
2021-04-09,70.0415267944336
2021-04-12,70.37511444091797
2021-04-13,69.99760437011719
2021-04-14,69.70790100097656
2021-04-15,70.63850402832031
2021-04-16,70.84921264648438
2021-04-19,70.55950164794922
2021-04-20,71.80435943603516
2021-04-21,71.64543914794922
2021-04-22,71.55712890625
2021-04-23,70.44470977783203
2021-04-26,69.99444580078125
2021-04-27,69.35877227783203
2021-04-28,69.54415893554688
2021-04-29,70.47119140625
2021-04-30,71.24812316894531
2021-05-03,71.57479858398438
2021-05-04,71.59247589111328
2021-05-05,71.7955093383789
2021-05-06,72.66954803466797
2021-05-07,72.55479431152344
2021-05-10,73.57891082763672
2021-05-11,72.78433990478516
2021-05-12,72.44002532958984
2021-05-13,73.50829315185547
2021-05-14,73.77313995361328
2021-05-17,73.76432800292969
2021-05-18,73.37586975097656
2021-05-19,73.46412658691406
2021-05-20,74.24107360839844
2021-05-21,74.36470031738281
2021-05-24,74.51477813720703
2021-05-25,74.68252563476562
2021-05-26,74.54125213623047
2021-05-27,73.88792419433594
2021-05-28,73.96739196777344
2021-06-01,72.81966400146484
2021-06-02,73.17280578613281
2021-06-03,74.11748504638672
2021-06-04,74.13513946533203
2021-06-07,74.07335662841797
2021-06-08,73.21694946289062
2021-06-09,72.89028930664062
2021-06-10,73.80848693847656
2021-06-11,73.83494567871094
2021-06-14,73.64071655273438
2021-06-15,73.51713562011719
2021-06-16,72.35172271728516
2021-06-17,72.77552795410156
2021-06-18,71.53065490722656
2021-06-21,71.90145874023438
2021-06-22,71.7690200805664
2021-06-23,70.85083770751953
2021-06-24,71.12451934814453
2021-06-25,71.91912078857422
2021-06-28,72.148681640625
2021-06-29,71.73372650146484
2021-06-30,71.82200622558594
2021-07-01,72.16632080078125
2021-07-02,72.13101196289062
2021-07-06,72.369384765625
2021-07-07,72.97858428955078
2021-07-08,72.696044921875
2021-07-09,72.77552795410156
2021-07-12,73.21694946289062
2021-07-13,72.96090698242188
2021-07-14,73.48181915283203
2021-07-15,73.83494567871094
2021-07-16,74.50596618652344
2021-07-19,74.13513946533203
2021-07-20,73.39839935302734
2021-07-21,72.94571685791016
2021-07-22,72.64392852783203
2021-07-23,73.92210388183594
2021-07-26,74.64108276367188
2021-07-27,74.5168228149414
2021-07-28,73.83334350585938
2021-07-29,74.1351318359375
2021-07-30,70.56684112548828
2021-08-02,70.60234069824219
2021-08-03,70.495849609375
2021-08-04,69.45730590820312
2021-08-05,70.03427124023438
2021-08-06,69.79460144042969
2021-08-09,69.5372085571289
2021-08-10,69.88338470458984
2021-08-11,70.21179962158203
2021-08-12,69.9366455078125
2021-08-13,70.51361083984375
2021-08-16,70.81539154052734
2021-08-17,71.03730773925781
2021-08-18,69.37744903564453
2021-08-19,70.0964126586914
2021-08-20,69.94549560546875
2021-08-23,69.57270812988281
2021-08-24,68.94246673583984
2021-08-25,68.92472839355469
2021-08-26,68.62293243408203
2021-08-27,68.73831939697266
2021-08-30,68.92472839355469
2021-08-31,69.19100952148438
2021-09-01,69.5283203125
2021-09-02,69.69696807861328
2021-09-03,69.1554946899414
2021-09-07,68.25900268554688
2021-09-08,69.04010772705078
2021-09-09,68.61404418945312
2021-09-10,68.38328552246094
2021-09-13,68.68506622314453
2021-09-14,68.61404418945312
2021-09-15,68.53417205810547
2021-09-16,67.87733459472656
2021-09-17,67.66431427001953
2021-09-20,67.61103820800781
2021-09-21,67.80633544921875
2021-09-22,67.84181213378906
2021-09-23,68.05485534667969
2021-09-24,68.01932525634766
2021-09-27,67.46900939941406
2021-09-28,67.30036926269531
2021-09-29,68.41877746582031
2021-09-30,67.08734893798828
2021-10-01,67.08734893798828
2021-10-04,66.62574768066406
2021-10-05,66.05767059326172
2021-10-06,66.6612319946289
2021-10-07,67.09619140625
2021-10-08,67.09619140625
2021-10-11,67.2826156616211
2021-10-12,67.1672134399414
2021-10-13,67.52227783203125
2021-10-14,67.9926986694336
2021-10-15,67.68204498291016
2021-10-18,66.821044921875
2021-10-19,66.377197265625
2021-10-20,67.0648422241211
2021-10-21,66.87730407714844
2021-10-22,67.42203521728516
2021-10-25,67.1005630493164
2021-10-26,68.01142883300781
2021-10-27,67.77924346923828
2021-10-28,68.65436553955078
2021-10-29,68.03821563720703
2021-11-01,67.82389831542969
2021-11-02,68.10966491699219
2021-11-03,69.00267791748047
2021-11-04,69.02052307128906
2021-11-05,69.51166534423828
2021-11-08,69.42236328125
2021-11-09,69.69921112060547
2021-11-10,70.08320617675781
2021-11-11,69.64561462402344
2021-11-12,69.68135070800781
2021-11-15,69.9224624633789
2021-11-16,69.54737091064453
2021-11-17,69.27951049804688
2021-11-18,68.2168197631836
2021-11-19,68.94014739990234
2021-11-22,69.26165008544922
2021-11-23,69.592041015625
2021-11-24,69.44026184082031
2021-11-26,68.81512451171875
2021-11-29,69.39557647705078
2021-11-30,66.99337768554688
2021-12-01,67.32382202148438
2021-12-02,67.40415954589844
2021-12-03,68.55616760253906
2021-12-06,70.17249298095703
2021-12-07,69.48489379882812
2021-12-08,69.44026184082031
2021-12-09,69.65457153320312
2021-12-10,70.96729278564453
2021-12-13,72.45860290527344
2021-12-14,73.34268188476562
2021-12-15,73.90528106689453
2021-12-16,74.96794128417969
2021-12-17,73.65522766113281
2021-12-20,73.69094848632812
2021-12-21,73.30696105957031
2021-12-22,73.63738250732422
2021-12-23,73.93205261230469
2021-12-27,74.93223571777344
2021-12-28,75.42338562011719
2021-12-29,75.82523345947266
2021-12-30,75.53946685791016
2021-12-31,76.20922088623047
2022-01-03,75.53946685791016
2022-01-04,75.7895278930664
2022-01-05,76.1020736694336
2022-01-06,75.60198974609375
2022-01-07,75.4055404663086
2022-01-10,74.75363159179688
2022-01-11,74.27141571044922
2022-01-12,74.00350189208984
2022-01-13,73.70880889892578
2022-01-14,74.52144622802734
2022-01-18,74.22676086425781
2022-01-19,75.06617736816406
2022-01-20,74.37855529785156
2022-01-21,75.12378692626953
2022-01-24,75.12378692626953
2022-01-25,73.39090728759766
2022-01-26,73.07666015625
2022-01-27,74.25286102294922
2022-01-28,74.56709289550781
2022-01-31,74.02839660644531
2022-02-01,73.55253601074219
2022-02-02,74.3426513671875
2022-02-03,74.2798080444336
2022-02-04,72.83423614501953
2022-02-07,72.83423614501953
2022-02-08,72.65467834472656
2022-02-09,72.60977172851562
2022-02-10,71.57723999023438
2022-02-11,71.40666198730469
2022-02-14,71.16424560546875
2022-02-15,70.55369567871094
2022-02-16,70.33819580078125
2022-02-17,71.06546020507812
2022-02-18,71.42461395263672
2022-02-22,70.79611206054688
2022-02-23,70.6075668334961
2022-02-24,67.8601303100586
2022-02-25,70.15864562988281
2022-02-28,69.09017944335938
2022-03-01,68.27313232421875
2022-03-02,68.86571502685547
2022-03-03,69.49423217773438
2022-03-04,69.45829772949219
2022-03-07,68.8477554321289
2022-03-08,67.22262573242188
2022-03-09,67.82421112060547
2022-03-10,66.29782104492188
2022-03-11,66.2349853515625
2022-03-14,66.40558624267578
2022-03-15,67.77928924560547
2022-03-16,67.4740219116211
2022-03-17,67.45608520507812
2022-03-18,64.8253402709961
2022-03-21,66.57617950439453
2022-03-22,66.89043426513672
2022-03-23,66.10929870605469
2022-03-24,66.12725067138672
2022-03-25,67.14183807373047
2022-03-28,67.68951416015625
2022-03-29,68.41677856445312
2022-03-30,68.56044006347656
2022-03-31,68.08457946777344
2022-04-01,68.61431121826172
2022-04-04,68.76693725585938
2022-04-05,69.53910827636719
2022-04-06,70.76020050048828
2022-04-07,72.20572662353516
2022-04-08,72.05311584472656
2022-04-11,72.22370910644531
2022-04-12,72.72650909423828
2022-04-13,72.71752166748047
2022-04-14,72.67263793945312
2022-04-18,71.83763122558594
2022-04-19,72.37635040283203
2022-04-20,73.63168334960938
2022-04-21,74.1464614868164
2022-04-22,73.24333953857422
2022-04-25,73.88456726074219
2022-04-26,72.71953582763672
2022-04-27,72.87306213378906
2022-04-28,73.35171508789062
2022-04-29,69.585693359375
2022-05-02,67.8968505859375
2022-05-03,67.27368927001953
2022-05-04,69.54051971435547
2022-05-05,68.71868133544922
2022-05-06,69.39602661132812
2022-05-09,70.14562225341797
2022-05-10,69.24250793457031
2022-05-11,69.31475830078125
2022-05-12,70.03724670410156
2022-05-13,70.80490112304688
2022-05-16,71.10293579101562
2022-05-17,71.13906860351562
2022-05-18,68.37548828125
2022-05-19,67.84266662597656
2022-05-20,67.85169982910156
2022-05-23,69.10701751708984
2022-05-24,70.5520248413086
2022-05-25,69.9830551147461
2022-05-26,70.5881576538086
2022-05-27,71.22035217285156
2022-05-31,71.17518615722656
2022-06-01,70.624267578125
2022-06-02,71.59062194824219
2022-06-03,71.28355407714844
2022-06-06,71.14808654785156
2022-06-07,71.08487701416016
2022-06-08,70.32624816894531
2022-06-09,69.40507507324219
2022-06-10,69.20636749267578
2022-06-13,68.80899810791016
2022-06-14,67.07499694824219
2022-06-15,66.97566986083984
2022-06-16,66.75891876220703
2022-06-17,66.8672866821289
2022-06-21,69.0528564453125
2022-06-22,70.36237335205078
2022-06-23,71.2384033203125
2022-06-24,72.59308624267578
2022-06-27,72.14152526855469
2022-06-28,71.2384033203125
2022-06-29,71.95185852050781
2022-06-30,72.37635040283203
2022-07-01,74.029052734375
2022-07-05,73.15302276611328
2022-07-06,73.17108917236328
2022-07-07,71.76222229003906
2022-07-08,70.759765625
2022-07-11,71.07585144042969
2022-07-12,70.72362518310547
2022-07-13,70.83200073242188
2022-07-14,70.75070190429688
2022-07-15,70.5791244506836
2022-07-18,69.64891052246094
2022-07-19,70.01918029785156
2022-07-20,68.70166015625
2022-07-21,69.201416015625
2022-07-22,70.3917236328125
2022-07-25,70.73700714111328
2022-07-26,71.35487365722656
2022-07-27,71.56385803222656
2022-07-28,71.95457458496094
2022-07-29,71.54568481445312
2022-08-01,73.69004821777344
2022-08-02,72.92681121826172
2022-08-03,73.98991394042969
2022-08-04,73.4992446899414
2022-08-05,73.08128356933594
2022-08-08,73.4265365600586
2022-08-09,72.74507141113281
2022-08-10,72.99949645996094
2022-08-11,72.23624420166016
2022-08-12,72.95407104492188
2022-08-15,73.8172607421875
2022-08-16,74.67137908935547
2022-08-17,74.66229248046875
2022-08-18,75.28016662597656
2022-08-19,75.66178894042969
2022-08-22,74.47148132324219
2022-08-23,73.5628433227539
2022-08-24,73.59920501708984
2022-08-25,73.5264892578125
2022-08-26,71.9727554321289
2022-08-29,72.31803131103516
2022-08-30,71.78193664550781
2022-08-31,71.06411743164062
2022-09-01,72.50885009765625
2022-09-02,71.02776336669922
2022-09-06,70.66429901123047
2022-09-07,71.37305450439453
2022-09-08,70.7279281616211
2022-09-09,70.90055084228516
2022-09-12,70.78244018554688
2022-09-13,68.53811645507812
2022-09-14,69.11055755615234
2022-09-15,68.35639953613281
2022-09-16,68.77436065673828
2022-09-19,69.06513977050781
2022-09-20,68.29277801513672
2022-09-21,68.05652618408203
2022-09-22,68.47451782226562
2022-09-23,68.62897491455078
2022-09-26,68.14739990234375
2022-09-27,65.9485092163086
2022-09-28,66.24836730957031
2022-09-29,65.2125244140625
2022-09-30,63.8314094543457
2022-10-03,64.61283111572266
2022-10-04,65.27611541748047
2022-10-05,64.61283111572266
2022-10-06,63.20444107055664
2022-10-07,62.68650817871094
2022-10-10,62.22312545776367
2022-10-11,62.74104309082031
2022-10-12,62.79556655883789
2022-10-13,64.52196502685547
2022-10-14,64.8127212524414
2022-10-17,65.54871368408203
2022-10-18,66.2574462890625
2022-10-19,65.19434356689453
2022-10-20,64.2522964477539
2022-10-21,65.36812591552734
2022-10-24,65.87116241455078
2022-10-25,66.5479965209961
2022-10-26,67.16081237792969
2022-10-27,66.97786712646484
2022-10-28,68.2674789428711
2022-10-31,67.53578186035156
2022-11-01,67.4443359375
2022-11-02,66.55712127685547
2022-11-03,66.2095947265625
2022-11-04,66.9412841796875
2022-11-07,67.22482299804688
2022-11-08,67.50834655761719
2022-11-09,67.18821716308594
2022-11-10,68.5693130493164
2022-11-11,68.20344543457031
2022-11-14,68.20344543457031
2022-11-15,68.8894271850586
2022-11-16,69.5205307006836
2022-11-17,68.86199951171875
2022-11-18,69.93209075927734
2022-11-21,70.35282897949219
2022-11-22,69.84978485107422
2022-11-23,70.36197662353516
2022-11-25,70.21562194824219
2022-11-28,69.85891723632812
2022-11-29,69.48393249511719
2022-11-30,70.86502075195312
2022-12-01,71.1119613647461
2022-12-02,71.49610137939453
2022-12-05,70.53575897216797
2022-12-06,70.6180648803711
2022-12-07,70.92903900146484
2022-12-08,71.46866607666016
2022-12-09,71.13939666748047
2022-12-12,71.89855194091797
2022-12-13,72.0265884399414
2022-12-14,72.56621551513672
2022-12-15,71.23085021972656
2022-12-16,71.1211166381836
2022-12-19,71.32231140136719
2022-12-20,71.05709075927734
2022-12-21,72.24609375
2022-12-22,72.51133728027344
2022-12-23,72.66682434082031
2022-12-27,73.11499786376953
2022-12-28,72.0905990600586
2022-12-29,72.5936508178711
2022-12-30,72.06317138671875
2023-01-03,72.37415313720703
2023-01-04,72.84059143066406
2023-01-05,71.83451080322266
2023-01-06,73.15156555175781
2023-01-09,72.00828552246094
2023-01-10,71.62415313720703
2023-01-11,70.54488372802734
2023-01-12,70.2796630859375
2023-01-13,71.20342254638672
2023-01-17,71.55098724365234
2023-01-18,69.80406951904297
2023-01-19,68.7796630859375
2023-01-20,69.43315124511719
2023-01-23,69.48835754394531
2023-01-24,69.8933334350586
2023-01-25,69.73685455322266
2023-01-26,69.51597595214844
2023-01-27,65.88969421386719
2023-01-30,67.07697296142578
2023-01-31,68.59559631347656
2023-02-01,69.01897430419922
2023-02-02,67.85930633544922
2023-02-03,68.37471008300781
2023-02-06,67.96974182128906
2023-02-07,67.6015853881836
2023-02-08,67.51874542236328
2023-02-09,67.03097534179688
2023-02-10,67.69363403320312
2023-02-13,67.89611053466797
2023-02-14,67.35310363769531
2023-02-15,66.91130828857422
2023-02-16,66.9757308959961
2023-02-17,68.58639526367188
2023-02-21,68.34709167480469
2023-02-22,68.48516082763672
2023-02-23,67.79487609863281
2023-02-24,67.30708312988281
2023-02-27,67.73963928222656
2023-02-28,67.46354675292969
2023-03-01,66.77326965332031
2023-03-02,67.89611053466797
2023-03-03,68.06178283691406
2023-03-06,67.45433044433594
2023-03-07,65.80686950683594
2023-03-08,66.230224609375
2023-03-09,65.65959167480469
2023-03-10,65.63199615478516
2023-03-13,65.80686950683594
2023-03-14,66.4879379272461
2023-03-15,67.12299346923828
2023-03-16,67.14139556884766
2023-03-17,66.45110321044922
2023-03-20,67.26105499267578
2023-03-21,66.6167984008789
2023-03-22,66.38668823242188
2023-03-23,66.11058807373047
2023-03-24,67.573974609375
2023-03-27,68.24586486816406
2023-03-28,68.56798553466797
2023-03-29,68.54036712646484
2023-03-30,69.25827026367188
2023-03-31,69.16622924804688
2023-04-03,69.3595199584961
2023-04-04,68.77967071533203
2023-04-05,69.3595199584961
2023-04-06,69.65402221679688
2023-04-10,69.15702056884766
2023-04-11,69.96694946289062
2023-04-12,69.99456787109375
2023-04-13,70.42713928222656
2023-04-14,69.57120513916016
2023-04-17,69.67244720458984
2023-04-18,69.52517700195312
2023-04-19,69.57120513916016
2023-04-20,70.72901153564453
2023-04-21,71.1365737915039
2023-04-24,72.1369400024414
2023-04-25,71.97020721435547
2023-04-26,71.02542877197266
2023-04-27,72.18325805664062
2023-04-28,73.91535186767578
2023-05-01,74.73971557617188
2023-05-02,74.88793182373047
2023-05-03,75.26768493652344
2023-05-04,74.83232879638672
2023-05-05,74.64708709716797
2023-05-08,74.79529571533203
2023-05-09,74.69341278076172
2023-05-10,75.1194839477539
2023-05-11,75.61038970947266
2023-05-12,75.9345932006836
2023-05-15,75.10096740722656
2023-05-16,74.81381225585938
2023-05-17,74.57299041748047
2023-05-18,73.81346130371094
2023-05-19,74.03575897216797
2023-05-22,72.62785339355469
2023-05-23,71.35887908935547
2023-05-24,70.84017181396484
2023-05-25,70.62713623046875
2023-05-26,70.590087890625
2023-05-30,69.42300415039062
2023-05-31,68.89501953125
2023-06-01,69.3766860961914
2023-06-02,70.44188690185547
2023-06-05,70.62713623046875
2023-06-06,69.99726104736328
2023-06-07,69.6545639038086
2023-06-08,70.1454849243164
2023-06-09,70.24736022949219
2023-06-12,70.13623809814453
2023-06-13,69.69161224365234
2023-06-14,69.85832977294922
2023-06-15,71.1365737915039
2023-06-16,72.0443115234375
2023-06-20,71.89611053466797
2023-06-21,71.89611053466797
2023-06-22,72.24807739257812
2023-06-23,71.42373657226562
2023-06-26,70.9883804321289
2023-06-27,70.1454849243164
2023-06-28,70.31221008300781
2023-06-29,70.91426086425781
2023-06-30,71.35887908935547
2023-07-03,71.45149993896484
2023-07-05,71.20143127441406
2023-07-06,71.23847961425781
2023-07-07,70.01579284667969
2023-07-10,70.2936782836914
2023-07-11,69.8305435180664
2023-07-12,69.61751556396484
2023-07-13,70.26587677001953
2023-07-14,70.8031234741211
2023-07-17,70.00654602050781
2023-07-18,70.24736022949219
2023-07-19,70.78458404541016
2023-07-20,71.77263641357422
2023-07-21,71.94973754882812
2023-07-24,72.22004699707031
2023-07-25,72.55560302734375
2023-07-26,72.66746520996094
2023-07-27,71.87519073486328
2023-07-28,70.486328125
2023-07-31,71.08287811279297
2023-08-01,71.43708038330078
2023-08-02,72.27596282958984
2023-08-03,71.38114929199219
2023-08-04,71.08287811279297
2023-08-07,71.67940521240234
2023-08-08,71.14811706542969
2023-08-09,71.29724884033203
2023-08-10,71.10150909423828
2023-08-11,71.67940521240234
2023-08-14,70.57955169677734
2023-08-15,69.57283782958984
2023-08-16,69.36779022216797
2023-08-17,68.9762954711914
2023-08-18,69.48894500732422
2023-08-21,68.78988647460938
2023-08-22,68.51956939697266
2023-08-23,68.51956939697266
2023-08-24,68.34246063232422
2023-08-25,68.81785583496094
2023-08-28,68.64073181152344
2023-08-29,68.4822769165039
2023-08-30,68.83648681640625
2023-08-31,68.4822769165039
2023-09-01,68.29585266113281
2023-09-05,67.839111328125
2023-09-06,67.41034698486328
2023-09-07,68.56617736816406
2023-09-08,68.23060607910156
2023-09-11,68.92969512939453
2023-09-12,67.59675598144531
2023-09-13,67.88572692871094
2023-09-14,68.47295379638672
2023-09-15,68.20264434814453
2023-09-18,68.83648681640625
2023-09-19,68.249267578125
2023-09-20,68.75259399414062
2023-09-21,68.249267578125
2023-09-22,67.53150177001953
2023-09-25,67.31712341308594
2023-09-26,67.11206817626953
2023-09-27,66.22657012939453
2023-09-28,66.46892547607422
2023-09-29,66.2824935913086
2023-10-02,65.95626068115234
2023-10-03,65.68592834472656
2023-10-04,65.76982879638672
2023-10-05,64.5674057006836
2023-10-06,64.71654510498047
2023-10-09,64.60469055175781
2023-10-10,64.77246856689453
2023-10-11,64.1945571899414
2023-10-12,64.96820831298828
2023-10-13,66.13335418701172
2023-10-16,67.25187683105469
2023-10-17,67.18665313720703
2023-10-18,68.10943603515625
2023-10-19,68.22128295898438
2023-10-20,68.74671173095703
2023-10-23,67.51760864257812
2023-10-24,68.34326171875
2023-10-25,68.87808227539062
2023-10-26,68.56844329833984
2023-10-27,67.35809326171875
2023-10-30,69.31906127929688
2023-10-31,70.4825210571289
2023-11-01,70.30423736572266
2023-11-02,70.18226623535156
2023-11-03,70.20103454589844
2023-11-06,70.56696319580078
2023-11-07,70.58572387695312
2023-11-08,70.59510040283203
2023-11-09,70.50127410888672
2023-11-10,70.77336120605469
2023-11-13,71.26126098632812
2023-11-14,71.92743682861328
2023-11-15,70.81090545654297
2023-11-16,71.28941345214844
2023-11-17,70.91411590576172
2023-11-20,70.81090545654297
2023-11-21,71.8429946899414
2023-11-22,72.50916290283203
2023-11-24,72.53729248046875
2023-11-27,72.34967041015625
2023-11-28,73.06273651123047
2023-11-29,73.07213592529297
2023-11-30,73.90716552734375
2023-12-01,73.84148406982422
2023-12-04,74.1042251586914
2023-12-05,72.88446044921875
2023-12-06,72.68743133544922
2023-12-07,72.82817077636719
2023-12-08,72.40596008300781
2023-12-11,72.84693145751953
2023-12-12,73.73829650878906
2023-12-13,74.48889923095703
2023-12-14,71.56151580810547
2023-12-15,72.22769165039062
2023-12-18,73.24099731445312
2023-12-19,73.30668640136719
2023-12-20,72.57483673095703
2023-12-21,73.10027313232422
2023-12-22,73.65385437011719
2023-12-26,74.16051483154297
2023-12-27,74.21680450439453
2023-12-28,74.3481674194336
2023-12-29,74.78914642333984
2024-01-02,75.73680114746094
2024-01-03,74.95804595947266
2024-01-04,75.3802490234375
2024-01-05,75.04249572753906
2024-01-08,75.43655395507812
2024-01-09,75.83061981201172
2024-01-10,75.5772933959961
2024-01-11,75.58667755126953
2024-01-12,75.91506958007812
2024-01-16,75.46470642089844
2024-01-17,75.96198272705078
2024-01-18,75.84001159667969
2024-01-19,75.86832427978516
2024-01-22,75.90608215332031
2024-01-23,76.84051513671875
2024-01-24,75.58515167236328
2024-01-25,76.66117095947266
2024-01-26,78.18081665039062
2024-01-29,79.24736785888672
2024-01-30,79.50222778320312
2024-01-31,79.47389221191406
2024-02-01,81.2861557006836
2024-02-02,79.8703384399414
2024-02-05,79.37008666992188
2024-02-06,79.03971862792969
2024-02-07,79.15299224853516
2024-02-08,79.5305404663086
2024-02-09,78.77544403076172
2024-02-12,78.86981964111328
2024-02-13,78.78487396240234
2024-02-14,79.01142120361328
2024-02-15,78.8792724609375
2024-02-16,78.7943344116211
2024-02-20,79.86089324951172
2024-02-21,80.52159881591797
2024-02-22,81.1728744506836
2024-02-23,81.40884399414062
2024-02-26,81.31446838378906
2024-02-27,81.55987548828125
2024-02-28,81.93740844726562
2024-02-29,81.66368865966797
2024-03-01,81.63536834716797
2024-03-04,81.95629119873047
2024-03-05,81.86190032958984
2024-03-06,82.2866439819336
2024-03-07,83.1927719116211
2024-03-08,83.1266860961914
2024-03-11,83.18331909179688
2024-03-12,83.7779541015625
2024-03-13,84.19325256347656
2024-03-14,83.3909683227539
2024-03-15,83.48535919189453
2024-03-18,83.31546020507812
2024-03-19,83.78740692138672
2024-03-20,83.3909683227539
2024-03-21,83.78740692138672
2024-03-22,84.19325256347656
2024-03-25,83.6646957397461
2024-03-26,83.91010284423828
2024-03-27,84.90116882324219
2024-03-28,84.99555206298828
2024-04-01,84.06111145019531
2024-04-02,84.06111145019531
2024-04-03,83.15499877929688
2024-04-04,82.49429321289062
2024-04-05,82.94735717773438
2024-04-08,82.79633331298828
2024-04-09,82.73027038574219
2024-04-10,81.70144653320312
2024-04-11,81.1728744506836
2024-04-12,81.03129577636719
2024-04-15,81.33334350585938
2024-04-16,81.33334350585938
2024-04-17,81.88078308105469
2024-04-18,81.84300231933594
2024-04-19,82.71641540527344
2024-04-22,83.85563659667969
2024-04-23,84.09297180175781
2024-04-24,84.36827850341797
2024-04-25,84.76699829101562
2024-04-26,86.3998794555664
2024-04-29,85.90621185302734
2024-04-30,87.26378631591797
2024-05-01,87.24479675292969
2024-05-02,88.2036361694336
2024-05-03,88.1751480102539
2024-05-06,88.4599609375
2024-05-07,89.31437683105469
2024-05-08,88.73526763916016
2024-05-09,89.31437683105469
2024-05-10,90.28269958496094
2024-05-13,89.67511749267578
2024-05-14,89.779541015625
2024-05-15,89.74156951904297
2024-05-16,89.74156951904297
2024-05-17,89.36182403564453
2024-05-20,89.60867309570312
2024-05-21,90.34915161132812
2024-05-22,89.95992279052734
2024-05-23,88.98210144042969
2024-05-24,88.57388305664062
2024-05-28,87.28276824951172
2024-05-29,86.66568756103516
2024-05-30,86.32392120361328
2024-05-31,88.2510986328125
2024-06-03,87.7859115600586
2024-06-04,89.05805969238281
2024-06-05,88.91564178466797
2024-06-06,89.21944427490234
2024-06-07,89.13400268554688
2024-06-10,89.14347839355469
2024-06-11,89.20044708251953
2024-06-12,88.5074234008789
2024-06-13,89.95992279052734
2024-06-14,89.8270263671875
2024-06-17,91.08963775634766
2024-06-18,92.09596252441406
2024-06-20,92.03897094726562
2024-06-21,92.3427734375
2024-06-24,93.97564697265624
2024-06-25,93.70033264160156
2024-06-26,93.25415802001952
2024-06-27,93.19718933105467
2024-06-28,92.12444305419922
2024-07-01,90.70040893554688
2024-07-02,91.25103759765624
2024-07-03,91.03268432617188
2024-07-05,92.1339111328125
2024-07-08,92.63706970214844
2024-07-09,92.12444305419922
2024-07-10,92.4566879272461
2024-07-11,92.80796813964844
2024-07-12,93.10225677490234
2024-07-15,92.32379150390624
2024-07-16,92.4661865234375
2024-07-17,94.35539245605467
2024-07-18,93.5199737548828
2024-07-19,93.5867691040039
2024-07-22,93.46270751953124
2024-07-23,92.1268539428711
2024-07-24,92.17456817626952
2024-07-25,92.06961059570312
2024-07-26,94.83674621582033
2024-07-29,96.25848388671876
2024-07-30,95.88634490966795
2024-07-31,94.64590454101562
2024-08-01,96.30619049072266
2024-08-02,98.10005950927734
2024-08-05,96.3443603515625
2024-08-06,97.95694732666016
2024-08-07,97.73748016357422
2024-08-08,98.00465393066406
2024-08-09,97.39395904541016
2024-08-12,96.64016723632812
2024-08-13,95.98176574707033
2024-08-14,97.49893188476562
2024-08-15,96.7928237915039
2024-08-16,97.31763458251952
2024-08-19,97.18404388427734
2024-08-20,98.33861541748048
2024-08-21,98.7298355102539
2024-08-22,99.1878433227539
2024-08-23,99.43594360351562
2024-08-26,100.2756118774414
2024-08-27,101.0675811767578
2024-08-28,100.94355010986328
2024-08-29,100.96263122558594
2024-08-30,101.62102508544922
2024-09-03,102.84239196777344
2024-09-04,103.78702545166016
2024-09-05,103.55802917480467
2024-09-06,102.91871643066406
2024-09-09,102.2030792236328
2024-09-10,101.94544219970705
2024-09-11,101.26797485351562
2024-09-12,101.46834564208984
2024-09-13,100.88630676269533
2024-09-16,100.6000518798828
2024-09-17,99.7698974609375
2024-09-18,98.45310974121094
2024-09-19,97.3367156982422
2024-09-20,98.33861541748048
2024-09-23,98.57716369628906
2024-09-24,99.03517150878906
2024-09-25,98.99700927734376
2024-09-26,98.33861541748048
2024-09-27,98.91112518310548
2024-09-30,99.05425262451172
2024-10-01,97.64205932617188
2024-10-02,97.38442993164062
2024-10-03,95.39019012451172
2024-10-04,94.50277709960938
2024-10-07,94.05431365966795
2024-10-08,95.97223663330078
2024-10-09,96.37297821044922
2024-10-10,94.69361877441406
2024-10-11,95.51421356201172
2024-10-14,96.1153564453125
2024-10-15,96.89779663085938
2024-10-16,96.55429077148438
2024-10-17,95.9245147705078
2024-10-18,96.3368682861328
2024-10-21,95.28202056884766
2024-10-22,95.5792999267578
2024-10-23,94.9176254272461
2024-10-24,95.64642333984376
2024-10-25,91.6859359741211
2024-10-28,91.81060028076172
2024-10-29,90.83246612548828
2024-10-30,90.77491760253906
2024-10-31,89.86390686035156
2024-11-01,89.49950408935547
2024-11-04,89.76801300048828
2024-11-05,90.3913345336914
2024-11-06,86.51715087890625
2024-11-07,87.0445785522461
2024-11-08,88.77069091796875
2024-11-11,88.18572998046875
2024-11-12,87.74461364746094
2024-11-13,87.33226013183594
2024-11-14,87.69666290283203
2024-11-15,89.72005462646484
2024-11-18,90.73655700683594
2024-11-19,89.76801300048828
2024-11-20,90.05570983886719
2024-11-21,90.38174438476562
2024-11-22,91.02424621582033
2024-11-25,91.42700958251952
2024-11-26,92.6161117553711
2024-11-27,92.78872680664062
2024-11-29,92.6640625
2024-12-02,93.12437438964844
2024-12-03,90.72697448730467
2024-12-04,90.91875457763672
2024-12-05,91.19686126708984
2024-12-06,90.3625717163086
2024-12-09,89.1255111694336
2024-12-10,90.03651428222656
2024-12-11,88.9529037475586
2024-12-12,89.72005462646484
2024-12-13,89.60499572753906
2024-12-16,89.1063232421875
2024-12-17,89.65293884277344
2024-12-18,88.94331359863281
2024-12-19,89.1063232421875
2024-12-20,88.25285339355469
2024-12-23,88.13778686523438
2024-12-24,88.59807586669922
2024-12-26,88.57891082763672
2024-12-27,88.0418930053711
2024-12-30,87.06375885009766
2024-12-31,87.1788330078125
2025-01-02,86.83361053466797
2025-01-03,86.45002746582031
2025-01-06,83.9471435546875
2025-01-07,83.80329895019531
2025-01-08,83.87042999267578
2025-01-10,82.81558227539062
2025-01-13,83.52519989013672
2025-01-14,84.07180786132812
2025-01-15,84.25401306152344
2025-01-16,84.92527770996094
2025-01-17,85.04994201660156
2025-01-21,85.08851623535156
2025-01-22,84.43273162841797
2025-01-23,84.77991485595703
2025-01-24,84.75096893310547
2025-01-27,87.96240997314453
2025-01-28,86.66047668457031
2025-01-29,86.38079833984375
2025-01-30,87.65380096435547
2025-01-31,83.61299896240234
2025-02-03,83.93123626708984
2025-02-04,83.42012023925781
2025-02-05,83.53584289550781
2025-02-06,82.62931060791016
2025-02-07,83.67086029052734
2025-02-10,82.89933776855469
2025-02-11,84.25914001464844
2025-02-12,83.64192962646484
2025-02-13,84.6256103515625
2025-02-14,82.97649383544922
2025-02-18,83.31402587890625
2025-02-19,84.3073501586914
2025-02-20,84.7413330078125
2025-02-21,86.28436279296875
2025-02-24,86.90158081054688
2025-02-25,89.00395202636719
2025-02-26,86.95943450927734
2025-02-27,86.98837280273438
2025-02-28,87.92383575439453
2025-03-03,89.50543975830078
2025-03-04,87.8177490234375
2025-03-05,88.48318481445312
2025-03-06,89.96834564208984
2025-03-07,93.2955093383789
2025-03-10,94.02845764160156
2025-03-11,90.74951171875
2025-03-12,87.58629608154297
2025-03-13,87.29698181152344
2025-03-14,86.62190246582031
2025-03-17,87.48021697998047
2025-03-18,86.30364990234375
2025-03-19,87.2198257446289
2025-03-20,87.06551361083984
2025-03-21,87.08480834960938
2025-03-24,87.6634521484375
2025-03-25,86.40008544921875
2025-03-26,88.75320434570312
2025-03-27,89.87191009521484
2025-03-28,89.51507568359375
2025-03-31,90.3637466430664
2025-04-01,90.55663299560548
2025-04-02,90.21910095214844
2025-04-03,92.58185577392578
2025-04-04,88.39639282226562
2025-04-07,86.01434326171875
2025-04-08,85.44534301757812
2025-04-09,87.01730346679688
2025-04-10,88.53141021728516
2025-04-11,90.653076171875
2025-04-14,91.59818267822266
2025-04-15,90.90380859375
2025-04-16,90.1612319946289
2025-04-17,92.61478424072266
2025-04-21,91.8389663696289
2025-04-22,92.91542053222656
2025-04-23,91.05343627929688
2025-04-24,89.89938354492188
2025-04-25,91.07283020019533
2025-04-28,88.21195983886719
2025-04-29,89.54057312011719
2025-04-30,89.40480041503906
2025-05-01,87.95011138916016
2025-05-02,87.74645233154297
2025-05-05,87.99859619140625
2025-05-06,88.25074768066406
2025-05-07,88.13436126708984
2025-05-08,88.08587646484375
2025-05-09,87.09669494628906
2025-05-12,86.44693756103516
2025-05-13,85.2249984741211
2025-05-14,84.92437744140625
2025-05-15,86.92212677001953
2025-05-16,88.47379302978516
2025-05-19,88.96839141845703
2025-05-20,89.21083068847656
2025-05-21,88.9004898071289
2025-05-22,88.15377044677734
2025-05-23,89.7927017211914
2025-05-27,89.63754272460938
2025-05-28,88.98777770996094
2025-05-29,89.51148223876953
2025-05-30,90.13213348388672
2025-06-02,89.15264892578125
2025-06-03,87.88223266601562
2025-06-04,87.47491455078125
2025-06-05,87.42643737792969
2025-06-06,87.51371002197266
2025-06-09,88.12467193603516
2025-06-10,89.162353515625
2025-06-11,89.32720947265625
2025-06-12,90.32609558105467
2025-06-13,87.5331039428711
2025-06-16,87.38763427734375
2025-06-17,85.95235443115234
2025-06-18,85.525634765625
2025-06-20,85.1280288696289
2025-06-23,85.99114227294922
2025-06-24,85.51594543457031
2025-06-25,85.14742279052734
2025-06-26,85.1377182006836
2025-06-27,86.0299301147461
2025-06-30,88.15377044677734
2025-07-01,89.25931549072266
2025-07-02,89.60845184326172
2025-07-03,89.97695922851562
2025-07-07,90.5103530883789
2025-07-08,89.3563003540039
2025-07-09,88.81321716308594
2025-07-10,87.88223266601562
2025-07-11,86.87364959716797
2025-07-14,86.16569519042969
2025-07-15,85.48684692382812
2025-07-16,85.01165771484375
2025-07-17,84.60433197021484
2025-07-18,84.72142028808594
2025-07-21,84.52628326416016
2025-07-22,86.53602600097656
2025-07-23,86.62384033203125
2025-07-24,86.29212951660156
2025-07-25,85.78482055664062
2025-07-28,84.36043548583984
2025-07-29,84.74092864990234
2025-07-30,83.706787109375
2025-07-31,81.80435943603516
2025-08-01,81.47265625
2025-08-04,81.3263168334961
2025-08-05,81.03362274169922
2025-08-06,82.54582214355469
2025-08-07,82.64337158203125
2025-08-08,82.62387084960938
2025-08-11,82.38972473144531
2025-08-12,82.89704132080078
2025-08-13,84.23361206054688
2025-08-14,82.5848388671875
2025-08-15,82.99459838867188
2025-08-18,82.20436096191406
2025-08-19,83.75556945800781
2025-08-20,83.95068359375
2025-08-21,84.1750717163086
2025-08-22,83.84336853027344
2025-08-25,82.00922393798828
2025-08-26,82.0872802734375
2025-08-27,82.38972473144531
2025-08-28,81.38484954833984
2025-08-29,82.01899719238281
2025-09-02,82.33118438720703
2025-09-03,81.76532745361328
2025-09-04,81.62874603271484
2025-09-05,83.05313873291016
2025-09-08,82.13607025146484
2025-09-09,82.22386932373047
2025-09-10,81.17021942138672
2025-09-11,82.00922393798828
2025-09-12,81.24826049804688
2025-09-15,80.12632751464844
2025-09-16,79.4921875
2025-09-17,80.21412658691406
2025-09-18,79.54095458984375
2025-09-19,79.18973541259766
2025-09-22,77.42390441894531
2025-09-23,78.19462585449219
2025-09-24,79.15071868896484
2025-09-25,77.75560760498047
2025-09-26,77.64828491210938
2025-09-29,78.43852996826172
2025-09-30,77.98975372314453
2025-10-01,77.08244323730469
2025-10-02,76.3995132446289
2025-10-03,76.09708404541016
2025-10-06,75.56050109863281
2025-10-07,77.17999267578125
2025-10-08,76.09708404541016
2025-10-09,75.91171264648438
2025-10-10,76.05805969238281
2025-10-13,75.10196685791016
2025-10-14,76.48731994628906
2025-10-15,75.73609924316406
2025-10-16,76.17513275146484
2025-10-17,77.707275390625
2025-10-20,77.34387969970703
2025-10-21,77.21620178222656
2025-10-22,78.4340591430664
2025-10-23,77.03941345214844
2025-10-24,76.6072769165039
2025-10-27,76.44031524658203
2025-10-28,75.76262664794922
2025-10-29,74.37781524658203
2025-10-30,75.14388275146484
2025-10-31,75.67423248291016
2025-11-03,73.64120483398438
2025-11-04,75.18316650390625
2025-11-05,75.53673553466797
2025-11-06,75.89030456542969
2025-11-07,77.35370635986328
2025-11-10,77.06887817382812
2025-11-11,78.05101776123047
2025-11-12,77.15727233886719
2025-11-13,77.38316345214844
2025-11-14,76.65637969970703
2025-11-17,77.4028091430664
2025-11-18,77.91352844238281
2025-11-19,77.06887817382812
2025-11-20,77.45191192626953
2025-11-21,79.48495483398438
2025-11-24,77.76620483398438
2025-11-25,78.394775390625
2025-11-26,78.61084747314453
2025-11-28,78.95459747314453
2025-12-01,78.51263427734375
2025-12-02,77.41263580322266
2025-12-03,76.80369567871094
2025-12-04,76.21440887451172
2025-12-05,76.67601776123047
2025-12-08,74.75102233886719
2025-12-09,75.6054916381836
2025-12-10,76.3715591430664
2025-12-11,75.87065887451172
2025-12-12,76.94120025634766
2025-12-15,78.0117416381836
2025-12-16,77.5403060913086
2025-12-17,78.30638122558594
2025-12-18,76.34209442138672
2025-12-19,76.96084594726562
2025-12-22,77.62870788574219
2025-12-23,78.50281524658203
2025-12-24,78.81710052490234
2025-12-26,78.30638122558594
2025-12-29,78.26709747314453
2025-12-30,78.0903091430664
2025-12-31,77.60906219482422
2026-01-02,76.30280303955078
2026-01-05,75.55638122558594
2026-01-06,75.8215560913086
2026-01-07,75.71351623535156
2026-01-08,79.426025390625
2026-01-09,80.02513885498047
2026-01-12,80.46709442138672
2026-01-13,81.47870635986328
2026-01-14,83.04032135009766
2026-01-15,82.83406066894531
2026-01-16,83.01084899902344
2026-01-20,83.9144287109375
2026-01-21,83.72667694091797
2026-01-22,84.79389190673828
2026-01-23,85.63382720947266
2026-01-26,84.19110870361328
2026-01-27,84.7444839477539
2026-01-28,83.99348449707031
2026-01-29,84.23063659667969
2026-01-30,89.22084045410156
2026-02-02,90.80189514160156
2026-02-03,92.04698181152344
2026-02-04,93.25253295898438
2026-02-05,93.75648498535156
2026-02-06,93.29206085205078
2026-02-09,93.0450210571289
2026-02-10,92.81774139404295
2026-02-11,94.181396484375
2026-02-12,95.03121185302734
2026-02-13,95.5252914428711
2026-02-17,94.51737213134766
2026-02-18,94.44820404052734
2026-02-19,92.86714935302734
2026-02-20,93.96399688720705
2026-02-23,95.9501953125
2026-02-24,96.9482421875
2026-02-25,95.5252914428711
2026-02-26,96.3948745727539
2026-02-27,97.9660415649414
2026-03-02,96.14783477783205
2026-03-03,94.3790283203125
2026-03-04,94.15174865722656
2026-03-05,91.5726547241211
2026-03-06,92.45211791992188
2026-03-09,91.89875793457033
2026-03-10,91.39479064941406
2026-03-11,88.54888916015625
2026-03-12,86.90855407714844
2026-03-13,87.78800964355469
2026-03-16,89.23072814941406
2026-03-17,88.87499237060547
2026-03-18,86.483642578125
2026-03-19,84.48756408691406
2026-03-20,84.112060546875
2026-03-23,84.14170837402344
2026-03-24,83.52904510498047
2026-03-25,84.4776840209961
2026-03-26,83.14366149902344
2026-03-27,83.2918930053711
2026-03-30,84.71483612060547
2026-03-31,84.22076416015625
2026-04-01,84.39862823486328
2026-04-02,84.13182067871094
2026-04-06,83.52904510498047
2026-04-07,82.14562225341797
2026-04-08,84.53697204589844
2026-04-09,85.02117156982422
2026-04-10,83.34129333496094
2026-04-13,82.98556518554688
2026-04-14,83.1634292602539
2026-04-15,82.5013656616211
2026-04-16,82.62982940673828
2026-04-17,84.79389190673828
2026-04-20,83.05386352539062
2026-04-21,81.34366607666016
2026-04-22,81.8805923461914
2026-04-23,83.24278259277344
2026-04-24,84.16748046875
2026-04-27,83.69021606445312
2026-04-28,85.1816635131836
2026-04-29,84.00839233398438
2026-04-30,84.8734359741211
2026-05-01,86.76260375976562
2026-05-04,84.88337707519531
2026-05-05,85.83790588378906
2026-05-06,87.65747833251953
2026-05-07,86.86203002929688
2026-05-08,87.05095672607422
2026-05-11,86.24556732177734
2026-05-12,86.94158172607422
2026-05-13,87.36912536621094
2026-05-14,88.3335952758789
2026-05-15,87.62763977050781
2026-05-18,89.40744018554688
2026-05-19,89.50686645507812
2026-05-20,89.83499145507812
2026-05-21,89.92447662353516
2026-05-22,90.093505859375
2026-05-26,89.33783721923828
2026-05-27,90.7696304321289
2026-05-28,91.13752746582033
2026-05-29,89.61624145507812
2026-06-01,87.92593383789062
2026-06-02,87.766845703125
2026-06-03,84.38623046875
2026-06-04,84.61491394042969
2026-06-05,88.07508087158203
2026-06-08,85.57938385009766
2026-06-09,87.29953002929688
2026-06-10,89.43726348876953
2026-06-11,88.88046264648438
2026-06-12,88.94011688232422
2026-06-15,90.06368255615234
2026-06-16,90.14322662353516
2026-06-17,90.06368255615234
2026-06-18,88.96995544433594
2026-06-22,88.16456604003906
2026-06-23,90.9088363647461
2026-06-24,91.35626220703124
2026-06-25,90.54093933105467
2026-06-26,91.54518127441406
2026-06-29,91.87330627441406
2026-06-30,91.15740966796876
2026-07-01,92.23125457763672
2026-07-02,94.58773803710938
2026-07-06,92.85765838623048
2026-07-07,94.48831176757812
2026-07-08,92.50965881347656
2026-07-09,90.49122619628906
2026-07-10,91.7142105102539
2026-07-13,92.6786880493164
2026-07-14,90.51111602783205
2026-07-15,90.9486083984375
2026-07-16,93.53378295898438
2026-07-17,92.45000457763672
2026-07-20,91.93000030517578
2026-07-21,90.5
2026-07-22,91.62999725341795
2026-07-23,90.08000183105467
2026-07-24,90.75
2026-07-27,91.9800033569336
2026-07-28,92.7300033569336
2026-07-29,93.48999786376952
2026-07-30,91.5999984741211
2026-07-31,91.3000030517578
2026-08-03,89.87999725341797
2026-08-04,92.52999877929688
2026-08-05,93.27999877929688
2026-08-06,93.0
2026-08-07,93.2699966430664
2026-08-10,93.1500015258789
2026-08-11,92.30999755859376
2026-08-12,92.31999969482422
2026-08-13,92.93000030517578
2026-08-14,91.9499969482422
2026-08-17,90.20999908447266
