date,close
1978-12-29,0.0441552549600601
1979-01-02,0.0441552549600601
1979-01-03,0.0456781759858131
1979-01-04,0.0472004860639572
1979-01-05,0.0502457395195961
1979-01-08,0.0502457395195961
1979-01-09,0.0487233884632587
1979-01-10,0.0487233884632587
1979-01-11,0.0472004860639572
1979-01-12,0.0487233884632587
1979-01-15,0.0472004860639572
1979-01-16,0.0472004860639572
1979-01-17,0.0472004860639572
1979-01-18,0.0487233884632587
1979-01-19,0.0487233884632587
1979-01-22,0.0502457395195961
1979-01-23,0.0487233884632587
1979-01-24,0.0472004860639572
1979-01-25,0.0472004860639572
1979-01-26,0.0472004860639572
1979-01-29,0.0472004860639572
1979-01-30,0.0472004860639572
1979-01-31,0.0472004860639572
1979-02-01,0.0456781759858131
1979-02-02,0.0441552549600601
1979-02-05,0.0441552549600601
1979-02-06,0.0441552549600601
1979-02-07,0.0426328964531421
1979-02-08,0.0426328964531421
1979-02-09,0.0426328964531421
1979-02-12,0.0472004860639572
1979-02-13,0.0472004860639572
1979-02-14,0.0441552549600601
1979-02-15,0.0456781759858131
1979-02-16,0.0456781759858131
1979-02-20,0.0472004860639572
1979-02-21,0.0456781759858131
1979-02-22,0.0487233884632587
1979-02-23,0.051768634468317
1979-02-26,0.0487233884632587
1979-02-27,0.0487233884632587
1979-02-28,0.051768634468317
1979-03-01,0.0532909929752349
1979-03-02,0.051768634468317
1979-03-05,0.0502457395195961
1979-03-06,0.051768634468317
1979-03-07,0.0532909929752349
1979-03-08,0.0563362464308738
1979-03-09,0.0578591488301754
1979-03-12,0.0593814849853515
1979-03-13,0.0578591488301754
1979-03-14,0.0563362464308738
1979-03-15,0.0563362464308738
1979-03-16,0.0609044022858142
1979-03-19,0.0609044022858142
1979-03-20,0.0609044022858142
1979-03-21,0.0624267123639583
1979-03-22,0.0624267123639583
1979-03-23,0.0609044022858142
1979-03-26,0.0609044022858142
1979-03-27,0.0609044022858142
1979-03-28,0.0609044022858142
1979-03-29,0.0609044022858142
1979-03-30,0.0609044022858142
1979-04-02,0.0593814849853515
1979-04-03,0.068517193198204
1979-04-04,0.0700395628809928
1979-04-05,0.0730848237872123
1979-04-06,0.0669943168759346
1979-04-09,0.0669943168759346
1979-04-10,0.068517193198204
1979-04-11,0.0669943168759346
1979-04-12,0.0654719918966293
1979-04-16,0.0624267123639583
1979-04-17,0.0669943168759346
1979-04-18,0.0624267123639583
1979-04-19,0.0609044022858142
1979-04-20,0.0609044022858142
1979-04-23,0.0609044022858142
1979-04-24,0.0593814849853515
1979-04-25,0.0593814849853515
1979-04-26,0.0609044022858142
1979-04-27,0.0593814849853515
1979-04-30,0.0593814849853515
1979-05-01,0.0563362464308738
1979-05-02,0.0548138953745365
1979-05-03,0.0548138953745365
1979-05-04,0.0548138953745365
1979-05-07,0.0532909929752349
1979-05-08,0.051768634468317
1979-05-09,0.0532909929752349
1979-05-10,0.051768634468317
1979-05-11,0.0548138953745365
1979-05-14,0.0548138953745365
1979-05-15,0.0532909929752349
1979-05-16,0.0532909929752349
1979-05-17,0.0532909929752349
1979-05-18,0.0532909929752349
1979-05-21,0.0548138953745365
1979-05-22,0.0563362464308738
1979-05-23,0.0563362464308738
1979-05-24,0.0563362464308738
1979-05-25,0.0669943168759346
1979-05-29,0.0639496147632598
1979-05-30,0.0609044022858142
1979-05-31,0.0609044022858142
1979-06-01,0.0593814849853515
1979-06-04,0.0609044022858142
1979-06-05,0.0639496147632598
1979-06-06,0.0624267123639583
1979-06-07,0.0624267123639583
1979-06-08,0.0624267123639583
1979-06-11,0.0639496147632598
1979-06-12,0.0639496147632598
1979-06-13,0.0639496147632598
1979-06-14,0.0715624913573265
1979-06-15,0.0700395628809928
1979-06-18,0.0669943168759346
1979-06-19,0.0669943168759346
1979-06-20,0.0669943168759346
1979-06-21,0.0669943168759346
1979-06-22,0.0669943168759346
1979-06-25,0.0639496147632598
1979-06-26,0.0624267123639583
1979-06-27,0.0639496147632598
1979-06-28,0.0624267123639583
1979-06-29,0.0624267123639583
1979-07-02,0.0609044022858142
1979-07-03,0.0624267123639583
1979-07-05,0.0624267123639583
1979-07-06,0.0609044022858142
1979-07-09,0.0609044022858142
1979-07-10,0.0609044022858142
1979-07-11,0.0609044022858142
1979-07-12,0.0609044022858142
1979-07-13,0.0593814849853515
1979-07-16,0.0609044022858142
1979-07-17,0.0593814849853515
1979-07-18,0.0578591488301754
1979-07-19,0.0593814849853515
1979-07-20,0.0624267123639583
1979-07-23,0.0609044022858142
1979-07-24,0.0593814849853515
1979-07-25,0.0593814849853515
1979-07-26,0.0639496147632598
1979-07-27,0.0624267123639583
1979-07-30,0.0593814849853515
1979-07-31,0.0609044022858142
1979-08-01,0.0609044022858142
1979-08-02,0.0593814849853515
1979-08-03,0.0609044022858142
1979-08-06,0.0624267123639583
1979-08-07,0.0609044022858142
1979-08-08,0.0624267123639583
1979-08-09,0.0609044022858142
1979-08-10,0.0609044022858142
1979-08-13,0.0609044022858142
1979-08-14,0.0624267123639583
1979-08-15,0.0624267123639583
1979-08-16,0.0624267123639583
1979-08-17,0.0609044022858142
1979-08-20,0.0609044022858142
1979-08-21,0.0609044022858142
1979-08-22,0.0639496147632598
1979-08-23,0.0654719918966293
1979-08-24,0.068517193198204
1979-08-27,0.0700395628809928
1979-08-28,0.0746076926589012
1979-08-29,0.0730848237872123
1979-08-30,0.0730848237872123
1979-08-31,0.0730848237872123
1979-09-04,0.0700395628809928
1979-09-05,0.0654719918966293
1979-09-06,0.0654719918966293
1979-09-07,0.0700395628809928
1979-09-10,0.068517193198204
1979-09-11,0.0654719918966293
1979-09-12,0.0669943168759346
1979-09-13,0.0669943168759346
1979-09-14,0.0700395628809928
1979-09-17,0.068517193198204
1979-09-18,0.0669943168759346
1979-09-19,0.0669943168759346
1979-09-20,0.0669943168759346
1979-09-21,0.0669943168759346
1979-09-24,0.068517193198204
1979-09-25,0.068517193198204
1979-09-26,0.0669943168759346
1979-09-27,0.0669943168759346
1979-09-28,0.0669943168759346
1979-10-01,0.0654719918966293
1979-10-02,0.0654719918966293
1979-10-03,0.0654719918966293
1979-10-04,0.0654719918966293
1979-10-05,0.0654719918966293
1979-10-08,0.0639496147632598
1979-10-09,0.0624267123639583
1979-10-10,0.0563362464308738
1979-10-11,0.0578591488301754
1979-10-12,0.0563362464308738
1979-10-15,0.0532909929752349
1979-10-16,0.0548138953745365
1979-10-17,0.0563362464308738
1979-10-18,0.0548138953745365
1979-10-19,0.0548138953745365
1979-10-22,0.051768634468317
1979-10-23,0.0487233884632587
1979-10-24,0.0487233884632587
1979-10-25,0.0487233884632587
1979-10-26,0.0472004860639572
1979-10-29,0.0456781759858131
1979-10-30,0.0472004860639572
1979-10-31,0.0472004860639572
1979-11-01,0.0472004860639572
1979-11-02,0.051768634468317
1979-11-05,0.0502457395195961
1979-11-06,0.0502457395195961
1979-11-07,0.0472004860639572
1979-11-08,0.0487233884632587
1979-11-09,0.0487233884632587
1979-11-12,0.0487233884632587
1979-11-13,0.0548138953745365
1979-11-14,0.0563362464308738
1979-11-15,0.0578591488301754
1979-11-16,0.0563362464308738
1979-11-19,0.0563362464308738
1979-11-20,0.0578591488301754
1979-11-21,0.0563362464308738
1979-11-23,0.0578591488301754
1979-11-26,0.0593814849853515
1979-11-27,0.0593814849853515
1979-11-28,0.0609044022858142
1979-11-29,0.0639496147632598
1979-11-30,0.0609044022858142
1979-12-03,0.0609044022858142
1979-12-04,0.0593814849853515
1979-12-05,0.0609044022858142
1979-12-06,0.0609044022858142
1979-12-07,0.0593814849853515
1979-12-10,0.0609044022858142
1979-12-11,0.0593814849853515
1979-12-12,0.0578591488301754
1979-12-13,0.0578591488301754
1979-12-14,0.0593814849853515
1979-12-17,0.0578591488301754
1979-12-18,0.0578591488301754
1979-12-19,0.0578591488301754
1979-12-20,0.0578591488301754
1979-12-21,0.0563362464308738
1979-12-24,0.0578591488301754
1979-12-26,0.0548138953745365
1979-12-27,0.0548138953745365
1979-12-28,0.0548138953745365
1979-12-31,0.0563362464308738
1980-01-02,0.0548138953745365
1980-01-03,0.0532909929752349
1980-01-04,0.0548138953745365
1980-01-07,0.0548138953745365
1980-01-08,0.0548138953745365
1980-01-09,0.0563362464308738
1980-01-10,0.0578591488301754
1980-01-11,0.0563362464308738
1980-01-14,0.0563362464308738
1980-01-15,0.0548138953745365
1980-01-16,0.0563362464308738
1980-01-17,0.0563362464308738
1980-01-18,0.0548138953745365
1980-01-21,0.0532909929752349
1980-01-22,0.0563362464308738
1980-01-23,0.0654719918966293
1980-01-24,0.0624267123639583
1980-01-25,0.0609044022858142
1980-01-28,0.0593814849853515
1980-01-29,0.0609044022858142
1980-01-30,0.0593814849853515
1980-01-31,0.0593814849853515
1980-02-01,0.0578591488301754
1980-02-04,0.0578591488301754
1980-02-05,0.0578591488301754
1980-02-06,0.0593814849853515
1980-02-07,0.0578591488301754
1980-02-08,0.0578591488301754
1980-02-11,0.0563362464308738
1980-02-12,0.0548138953745365
1980-02-13,0.0563362464308738
1980-02-14,0.0532909929752349
1980-02-15,0.0532909929752349
1980-02-19,0.0548138953745365
1980-02-20,0.0532909929752349
1980-02-21,0.051768634468317
1980-02-22,0.051768634468317
1980-02-25,0.0502457395195961
1980-02-26,0.0502457395195961
1980-02-27,0.051768634468317
1980-02-28,0.0532909929752349
1980-02-29,0.0532909929752349
1980-03-03,0.0548138953745365
1980-03-04,0.051768634468317
1980-03-05,0.0487233884632587
1980-03-06,0.0456781759858131
1980-03-07,0.0426328964531421
1980-03-10,0.0426328964531421
1980-03-11,0.0441552549600601
1980-03-12,0.0441552549600601
1980-03-13,0.0426328964531421
1980-03-14,0.0426328964531421
1980-03-17,0.0395876616239547
1980-03-18,0.0395876616239547
1980-03-19,0.0380653217434883
1980-03-20,0.0395876616239547
1980-03-21,0.0395876616239547
1980-03-24,0.0365424118936061
1980-03-25,0.0365424118936061
1980-03-26,0.0365424118936061
1980-03-27,0.0334971584379673
1980-03-28,0.0365424118936061
1980-03-31,0.03502007573843
1980-04-01,0.0395876616239547
1980-04-02,0.0395876616239547
1980-04-03,0.0380653217434883
1980-04-07,0.0365424118936061
1980-04-08,0.0365424118936061
1980-04-09,0.0365424118936061
1980-04-10,0.0395876616239547
1980-04-11,0.0395876616239547
1980-04-14,0.0380653217434883
1980-04-15,0.0395876616239547
1980-04-16,0.0380653217434883
1980-04-17,0.0380653217434883
1980-04-18,0.0380653217434883
1980-04-21,0.0365424118936061
1980-04-22,0.0365424118936061
1980-04-23,0.0365424118936061
1980-04-24,0.0380653217434883
1980-04-25,0.0380653217434883
1980-04-28,0.0380653217434883
1980-04-29,0.0395876616239547
1980-04-30,0.0441552549600601
1980-05-01,0.0456781759858131
1980-05-02,0.0456781759858131
1980-05-05,0.0411105714738369
1980-05-06,0.0426328964531421
1980-05-07,0.0456781759858131
1980-05-08,0.0456781759858131
1980-05-09,0.0426328964531421
1980-05-12,0.0411105714738369
1980-05-13,0.0426328964531421
1980-05-14,0.0426328964531421
1980-05-15,0.0441552549600601
1980-05-16,0.0456781759858131
1980-05-19,0.0441552549600601
1980-05-20,0.0441552549600601
1980-05-21,0.0472004860639572
1980-05-22,0.0487233884632587
1980-05-23,0.0502457395195961
1980-05-27,0.0487233884632587
1980-05-28,0.0487233884632587
1980-05-29,0.0487233884632587
1980-05-30,0.0472004860639572
1980-06-02,0.0472004860639572
1980-06-03,0.0472004860639572
1980-06-04,0.0472004860639572
1980-06-05,0.0472004860639572
1980-06-06,0.0456781759858131
1980-06-09,0.0456781759858131
1980-06-10,0.0472004860639572
1980-06-11,0.0502457395195961
1980-06-12,0.0502457395195961
1980-06-13,0.0487233884632587
1980-06-16,0.0502457395195961
1980-06-17,0.0487233884632587
1980-06-18,0.0487233884632587
1980-06-19,0.0487233884632587
1980-06-20,0.0487233884632587
1980-06-23,0.0487233884632587
1980-06-24,0.0502457395195961
1980-06-25,0.051768634468317
1980-06-26,0.051768634468317
1980-06-27,0.0532909929752349
1980-06-30,0.051768634468317
1980-07-01,0.0487233884632587
1980-07-02,0.0487233884632587
1980-07-03,0.0487233884632587
1980-07-07,0.0487233884632587
1980-07-08,0.0487233884632587
1980-07-09,0.0502457395195961
1980-07-10,0.0472004860639572
1980-07-11,0.0456781759858131
1980-07-14,0.0487233884632587
1980-07-15,0.0487233884632587
1980-07-16,0.0487233884632587
1980-07-17,0.0502457395195961
1980-07-18,0.0502457395195961
1980-07-21,0.0487233884632587
1980-07-22,0.0487233884632587
1980-07-23,0.0472004860639572
1980-07-24,0.0487233884632587
1980-07-25,0.0472004860639572
1980-07-28,0.0472004860639572
1980-07-29,0.0487233884632587
1980-07-30,0.0472004860639572
1980-07-31,0.0472004860639572
1980-08-01,0.0472004860639572
1980-08-04,0.0472004860639572
1980-08-05,0.0487233884632587
1980-08-06,0.0532909929752349
1980-08-07,0.0548138953745365
1980-08-08,0.0548138953745365
1980-08-11,0.0532909929752349
1980-08-12,0.0548138953745365
1980-08-13,0.0532909929752349
1980-08-14,0.0548138953745365
1980-08-15,0.0548138953745365
1980-08-18,0.0548138953745365
1980-08-19,0.0532909929752349
1980-08-20,0.0532909929752349
1980-08-21,0.0532909929752349
1980-08-22,0.051768634468317
1980-08-25,0.0487233884632587
1980-08-26,0.051768634468317
1980-08-27,0.051768634468317
1980-08-28,0.0502457395195961
1980-08-29,0.0487233884632587
1980-09-02,0.051768634468317
1980-09-03,0.051768634468317
1980-09-04,0.051768634468317
1980-09-05,0.051768634468317
1980-09-08,0.051768634468317
1980-09-09,0.0502457395195961
1980-09-10,0.0502457395195961
1980-09-11,0.051768634468317
1980-09-12,0.0532909929752349
1980-09-15,0.051768634468317
1980-09-16,0.051768634468317
1980-09-17,0.0532909929752349
1980-09-18,0.0532909929752349
1980-09-19,0.0532909929752349
1980-09-22,0.0563362464308738
1980-09-23,0.0532909929752349
1980-09-24,0.0532909929752349
1980-09-25,0.0548138953745365
1980-09-26,0.0532909929752349
1980-09-29,0.0502457395195961
1980-09-30,0.051768634468317
1980-10-01,0.0502457395195961
1980-10-02,0.051768634468317
1980-10-03,0.0502457395195961
1980-10-06,0.051768634468317
1980-10-07,0.0502457395195961
1980-10-08,0.0502457395195961
1980-10-09,0.051768634468317
1980-10-10,0.051768634468317
1980-10-13,0.051768634468317
1980-10-14,0.0563362464308738
1980-10-15,0.0548138953745365
1980-10-16,0.051768634468317
1980-10-17,0.0502457395195961
1980-10-20,0.0487233884632587
1980-10-21,0.0502457395195961
1980-10-22,0.0502457395195961
1980-10-23,0.0487233884632587
1980-10-24,0.0502457395195961
1980-10-27,0.0487233884632587
1980-10-28,0.051768634468317
1980-10-29,0.0502457395195961
1980-10-30,0.0487233884632587
1980-10-31,0.0487233884632587
1980-11-03,0.0502457395195961
1980-11-05,0.0502457395195961
1980-11-06,0.0502457395195961
1980-11-07,0.0502457395195961
1980-11-10,0.0487233884632587
1980-11-11,0.0502457395195961
1980-11-12,0.0487233884632587
1980-11-13,0.0487233884632587
1980-11-14,0.0487233884632587
1980-11-17,0.0487233884632587
1980-11-18,0.0487233884632587
1980-11-19,0.0487233884632587
1980-11-20,0.0502457395195961
1980-11-21,0.0502457395195961
1980-11-24,0.0487233884632587
1980-11-25,0.051768634468317
1980-11-26,0.0548138953745365
1980-11-28,0.0502457395195961
1980-12-01,0.0487233884632587
1980-12-02,0.0487233884632587
1980-12-03,0.0487233884632587
1980-12-04,0.0487233884632587
1980-12-05,0.0487233884632587
1980-12-08,0.0487233884632587
1980-12-09,0.0472004860639572
1980-12-10,0.0472004860639572
1980-12-11,0.0456781759858131
1980-12-12,0.0487233884632587
1980-12-15,0.0472004860639572
1980-12-16,0.0472004860639572
1980-12-17,0.0472004860639572
1980-12-18,0.0456781759858131
1980-12-19,0.0456781759858131
1980-12-22,0.0456781759858131
1980-12-23,0.0441552549600601
1980-12-24,0.0472004860639572
1980-12-26,0.0472004860639572
1980-12-29,0.0456781759858131
1980-12-30,0.0472004860639572
1980-12-31,0.051768634468317
1981-01-02,0.0563362464308738
1981-01-05,0.0578591488301754
1981-01-06,0.0578591488301754
1981-01-07,0.0548138953745365
1981-01-08,0.0548138953745365
1981-01-09,0.0563362464308738
1981-01-12,0.0578591488301754
1981-01-13,0.0593814849853515
1981-01-14,0.0593814849853515
1981-01-15,0.0593814849853515
1981-01-16,0.0609044022858142
1981-01-19,0.0609044022858142
1981-01-20,0.0609044022858142
1981-01-21,0.0593814849853515
1981-01-22,0.0593814849853515
1981-01-23,0.0578591488301754
1981-01-26,0.0609044022858142
1981-01-27,0.0654719918966293
1981-01-28,0.0700395628809928
1981-01-29,0.0700395628809928
1981-01-30,0.0700395628809928
1981-02-02,0.068517193198204
1981-02-03,0.068517193198204
1981-02-04,0.068517193198204
1981-02-05,0.068517193198204
1981-02-06,0.068517193198204
1981-02-09,0.068517193198204
1981-02-10,0.0669943168759346
1981-02-11,0.0669943168759346
1981-02-12,0.0669943168759346
1981-02-13,0.0669943168759346
1981-02-17,0.0654719918966293
1981-02-18,0.0669943168759346
1981-02-19,0.0654719918966293
1981-02-20,0.0654719918966293
1981-02-23,0.0654719918966293
1981-02-24,0.0654719918966293
1981-02-25,0.0654719918966293
1981-02-26,0.0654719918966293
1981-02-27,0.0639496147632598
1981-03-02,0.0654719918966293
1981-03-03,0.0654719918966293
1981-03-04,0.0639496147632598
1981-03-05,0.0624267123639583
1981-03-06,0.0624267123639583
1981-03-09,0.0624267123639583
1981-03-10,0.0593814849853515
1981-03-11,0.0609044022858142
1981-03-12,0.0624267123639583
1981-03-13,0.0624267123639583
1981-03-16,0.0639496147632598
1981-03-17,0.0609044022858142
1981-03-18,0.0639496147632598
1981-03-19,0.0639496147632598
1981-03-20,0.068517193198204
1981-03-23,0.0730848237872123
1981-03-24,0.0746076926589012
1981-03-25,0.0746076926589012
1981-03-26,0.0746076926589012
1981-03-27,0.0730848237872123
1981-03-30,0.0730848237872123
1981-03-31,0.0730848237872123
1981-04-01,0.0715624913573265
1981-04-02,0.0730848237872123
1981-04-03,0.0715624913573265
1981-04-06,0.0715624913573265
1981-04-07,0.0715624913573265
1981-04-08,0.0700395628809928
1981-04-09,0.0700395628809928
1981-04-10,0.0700395628809928
1981-04-13,0.068517193198204
1981-04-14,0.0669943168759346
1981-04-15,0.0700395628809928
1981-04-16,0.0700395628809928
1981-04-20,0.0654719918966293
1981-04-21,0.0639496147632598
1981-04-22,0.0639496147632598
1981-04-23,0.0654719918966293
1981-04-24,0.0654719918966293
1981-04-27,0.0639496147632598
1981-04-28,0.0639496147632598
1981-04-29,0.0624267123639583
1981-04-30,0.0624267123639583
1981-05-01,0.0639496147632598
1981-05-04,0.0624267123639583
1981-05-05,0.0609044022858142
1981-05-06,0.0609044022858142
1981-05-07,0.0609044022858142
1981-05-08,0.0593814849853515
1981-05-11,0.0593814849853515
1981-05-12,0.0593814849853515
1981-05-13,0.0593814849853515
1981-05-14,0.0609044022858142
1981-05-15,0.0639496147632598
1981-05-18,0.0624267123639583
1981-05-19,0.0609044022858142
1981-05-20,0.0593814849853515
1981-05-21,0.0593814849853515
1981-05-22,0.0593814849853515
1981-05-26,0.0593814849853515
1981-05-27,0.0593814849853515
1981-05-28,0.0593814849853515
1981-05-29,0.0593814849853515
1981-06-01,0.0609044022858142
1981-06-02,0.0624267123639583
1981-06-03,0.0609044022858142
1981-06-04,0.0609044022858142
1981-06-05,0.0593814849853515
1981-06-08,0.0609044022858142
1981-06-09,0.0593814849853515
1981-06-10,0.0609044022858142
1981-06-11,0.0639496147632598
1981-06-12,0.0654719918966293
1981-06-15,0.0654719918966293
1981-06-16,0.0639496147632598
1981-06-17,0.0624267123639583
1981-06-18,0.0654719918966293
1981-06-19,0.0654719918966293
1981-06-22,0.0624267123639583
1981-06-23,0.0669943168759346
1981-06-24,0.0669943168759346
1981-06-25,0.0669943168759346
1981-06-26,0.068517193198204
1981-06-29,0.0669943168759346
1981-06-30,0.0669943168759346
1981-07-01,0.0639496147632598
1981-07-02,0.0609044022858142
1981-07-06,0.0624267123639583
1981-07-07,0.0609044022858142
1981-07-08,0.0609044022858142
1981-07-09,0.0624267123639583
1981-07-10,0.0609044022858142
1981-07-13,0.0609044022858142
1981-07-14,0.0609044022858142
1981-07-15,0.0609044022858142
1981-07-16,0.0593814849853515
1981-07-17,0.0609044022858142
1981-07-20,0.0593814849853515
1981-07-21,0.0563362464308738
1981-07-22,0.0548138953745365
1981-07-23,0.0548138953745365
1981-07-24,0.0578591488301754
1981-07-27,0.0563362464308738
1981-07-28,0.0578591488301754
1981-07-29,0.0563362464308738
1981-07-30,0.0563362464308738
1981-07-31,0.0578591488301754
1981-08-03,0.0563362464308738
1981-08-04,0.0563362464308738
1981-08-05,0.0563362464308738
1981-08-06,0.0578591488301754
1981-08-07,0.0578591488301754
1981-08-10,0.0578591488301754
1981-08-11,0.0578591488301754
1981-08-12,0.0578591488301754
1981-08-13,0.0563362464308738
1981-08-14,0.0548138953745365
1981-08-17,0.0563362464308738
1981-08-18,0.0532909929752349
1981-08-19,0.0548138953745365
1981-08-20,0.0548138953745365
1981-08-21,0.0548138953745365
1981-08-24,0.0532909929752349
1981-08-25,0.0532909929752349
1981-08-26,0.051768634468317
1981-08-27,0.051768634468317
1981-08-28,0.051768634468317
1981-08-31,0.0532909929752349
1981-09-01,0.0502457395195961
1981-09-02,0.051768634468317
1981-09-03,0.051768634468317
1981-09-04,0.051768634468317
1981-09-08,0.0487233884632587
1981-09-09,0.0472004860639572
1981-09-10,0.0487233884632587
1981-09-11,0.051768634468317
1981-09-14,0.0502457395195961
1981-09-15,0.0487233884632587
1981-09-16,0.0456781759858131
1981-09-17,0.0456781759858131
1981-09-18,0.0472004860639572
1981-09-21,0.0441552549600601
1981-09-22,0.0441552549600601
1981-09-23,0.0426328964531421
1981-09-24,0.0395876616239547
1981-09-25,0.03502007573843
1981-09-28,0.0380653217434883
1981-09-29,0.0380653217434883
1981-09-30,0.0411105714738369
1981-10-01,0.0411105714738369
1981-10-02,0.0441552549600601
1981-10-05,0.0441552549600601
1981-10-06,0.0426328964531421
1981-10-07,0.0426328964531421
1981-10-08,0.0456781759858131
1981-10-09,0.0472004860639572
1981-10-12,0.0456781759858131
1981-10-13,0.0441552549600601
1981-10-14,0.0441552549600601
1981-10-15,0.0426328964531421
1981-10-16,0.0441552549600601
1981-10-19,0.0426328964531421
1981-10-20,0.0426328964531421
1981-10-21,0.0411105714738369
1981-10-22,0.0411105714738369
1981-10-23,0.0411105714738369
1981-10-26,0.0411105714738369
1981-10-27,0.0411105714738369
1981-10-28,0.0411105714738369
1981-10-29,0.0411105714738369
1981-10-30,0.0426328964531421
1981-11-02,0.0426328964531421
1981-11-03,0.0426328964531421
1981-11-04,0.0426328964531421
1981-11-05,0.0411105714738369
1981-11-06,0.0411105714738369
1981-11-09,0.0426328964531421
1981-11-10,0.0411105714738369
1981-11-11,0.0411105714738369
1981-11-12,0.0426328964531421
1981-11-13,0.0411105714738369
1981-11-16,0.0411105714738369
1981-11-17,0.0426328964531421
1981-11-18,0.0426328964531421
1981-11-19,0.0426328964531421
1981-11-20,0.0426328964531421
1981-11-23,0.0411105714738369
1981-11-24,0.0395876616239547
1981-11-25,0.0395876616239547
1981-11-27,0.0395876616239547
1981-11-30,0.0395876616239547
1981-12-01,0.0395876616239547
1981-12-02,0.0380653217434883
1981-12-03,0.0395876616239547
1981-12-04,0.0380653217434883
1981-12-07,0.0380653217434883
1981-12-08,0.0395876616239547
1981-12-09,0.0380653217434883
1981-12-10,0.0365424118936061
1981-12-11,0.03502007573843
1981-12-14,0.0365424118936061
1981-12-15,0.0395876616239547
1981-12-16,0.0395876616239547
1981-12-17,0.0380653217434883
1981-12-18,0.0395876616239547
1981-12-21,0.0395876616239547
1981-12-22,0.0395876616239547
1981-12-23,0.0380653217434883
1981-12-24,0.0395876616239547
1981-12-28,0.0395876616239547
1981-12-29,0.0395876616239547
1981-12-30,0.0380653217434883
1981-12-31,0.0426328964531421
1982-01-04,0.0411105714738369
1982-01-05,0.0395876616239547
1982-01-06,0.0395876616239547
1982-01-07,0.0395876616239547
1982-01-08,0.0411105714738369
1982-01-11,0.0395876616239547
1982-01-12,0.0380653217434883
1982-01-13,0.0380653217434883
1982-01-14,0.0380653217434883
1982-01-15,0.0380653217434883
1982-01-18,0.0395876616239547
1982-01-19,0.0365424118936061
1982-01-20,0.0380653217434883
1982-01-21,0.0380653217434883
1982-01-22,0.0380653217434883
1982-01-25,0.0365424118936061
1982-01-26,0.0365424118936061
1982-01-27,0.0365424118936061
1982-01-28,0.0365424118936061
1982-01-29,0.0395876616239547
1982-02-01,0.0380653217434883
1982-02-02,0.0365424118936061
1982-02-03,0.0380653217434883
1982-02-04,0.0380653217434883
1982-02-05,0.0380653217434883
1982-02-08,0.0365424118936061
1982-02-09,0.0380653217434883
1982-02-10,0.0395876616239547
1982-02-11,0.0395876616239547
1982-02-12,0.0426328964531421
1982-02-16,0.0426328964531421
1982-02-17,0.0441552549600601
1982-02-18,0.0426328964531421
1982-02-19,0.0411105714738369
1982-02-22,0.0380653217434883
1982-02-23,0.0380653217434883
1982-02-24,0.0380653217434883
1982-02-25,0.0380653217434883
1982-02-26,0.0395876616239547
1982-03-01,0.0380653217434883
1982-03-02,0.0380653217434883
1982-03-03,0.0365424118936061
1982-03-04,0.0365424118936061
1982-03-05,0.0365424118936061
1982-03-08,0.0365424118936061
1982-03-09,0.0365424118936061
1982-03-10,0.0365424118936061
1982-03-11,0.0365424118936061
1982-03-12,0.03502007573843
1982-03-15,0.03502007573843
1982-03-16,0.03502007573843
1982-03-17,0.0365424118936061
1982-03-18,0.0365424118936061
1982-03-19,0.03502007573843
1982-03-22,0.03502007573843
1982-03-23,0.03502007573843
1982-03-24,0.0365424118936061
1982-03-25,0.0365424118936061
1982-03-26,0.0380653217434883
1982-03-29,0.0365424118936061
1982-03-30,0.03502007573843
1982-03-31,0.03502007573843
1982-04-01,0.0365424118936061
1982-04-02,0.03502007573843
1982-04-05,0.0365424118936061
1982-04-06,0.0365424118936061
1982-04-07,0.0365424118936061
1982-04-08,0.0365424118936061
1982-04-12,0.0365424118936061
1982-04-13,0.03502007573843
1982-04-14,0.03502007573843
1982-04-15,0.03502007573843
1982-04-16,0.03502007573843
1982-04-19,0.03502007573843
1982-04-20,0.03502007573843
1982-04-21,0.0365424118936061
1982-04-22,0.03502007573843
1982-04-23,0.03502007573843
1982-04-26,0.03502007573843
1982-04-27,0.03502007573843
1982-04-28,0.03502007573843
1982-04-29,0.0365424118936061
1982-04-30,0.0365424118936061
1982-05-03,0.0365424118936061
1982-05-04,0.0365424118936061
1982-05-05,0.0365424118936061
1982-05-06,0.0365424118936061
1982-05-07,0.0365424118936061
1982-05-10,0.0365424118936061
1982-05-11,0.0365424118936061
1982-05-12,0.0365424118936061
1982-05-13,0.0365424118936061
1982-05-14,0.0365424118936061
1982-05-17,0.0365424118936061
1982-05-18,0.03502007573843
1982-05-19,0.03502007573843
1982-05-20,0.03502007573843
1982-05-21,0.03502007573843
1982-05-24,0.03502007573843
1982-05-25,0.03502007573843
1982-05-26,0.03502007573843
1982-05-27,0.0334971584379673
1982-05-28,0.0334971584379673
1982-06-01,0.0319748073816299
1982-06-02,0.0319748073816299
1982-06-03,0.0304519049823284
1982-06-04,0.0304519049823284
1982-06-07,0.0289295744150877
1982-06-08,0.0289295744150877
1982-06-09,0.0289295744150877
1982-06-10,0.0289295744150877
1982-06-11,0.0289295744150877
1982-06-14,0.027406645938754
1982-06-15,0.0289295744150877
1982-06-16,0.0289295744150877
1982-06-17,0.027406645938754
1982-06-18,0.0304519049823284
1982-06-21,0.0304519049823284
1982-06-22,0.0289295744150877
1982-06-23,0.0258843172341585
1982-06-24,0.027406645938754
1982-06-25,0.027406645938754
1982-06-28,0.0258843172341585
1982-06-29,0.0258843172341585
1982-06-30,0.027406645938754
1982-07-01,0.0258843172341585
1982-07-02,0.0289295744150877
1982-07-06,0.0289295744150877
1982-07-07,0.027406645938754
1982-07-08,0.027406645938754
1982-07-09,0.0289295744150877
1982-07-12,0.0304519049823284
1982-07-13,0.0304519049823284
1982-07-14,0.0289295744150877
1982-07-15,0.0289295744150877
1982-07-16,0.0289295744150877
1982-07-19,0.027406645938754
1982-07-20,0.0289295744150877
1982-07-21,0.027406645938754
1982-07-22,0.0289295744150877
1982-07-23,0.027406645938754
1982-07-26,0.0304519049823284
1982-07-27,0.0304519049823284
1982-07-28,0.0289295744150877
1982-07-29,0.027406645938754
1982-07-30,0.0289295744150877
1982-08-02,0.0289295744150877
1982-08-03,0.0289295744150877
1982-08-04,0.0289295744150877
1982-08-05,0.0304519049823284
1982-08-06,0.0304519049823284
1982-08-09,0.027406645938754
1982-08-10,0.027406645938754
1982-08-11,0.0289295744150877
1982-08-12,0.027406645938754
1982-08-13,0.0289295744150877
1982-08-16,0.0304519049823284
1982-08-17,0.0289295744150877
1982-08-18,0.0289295744150877
1982-08-19,0.0304519049823284
1982-08-20,0.0289295744150877
1982-08-23,0.0289295744150877
1982-08-24,0.0289295744150877
1982-08-25,0.0304519049823284
1982-08-26,0.0304519049823284
1982-08-27,0.0289295744150877
1982-08-30,0.0304519049823284
1982-08-31,0.0319748073816299
1982-09-01,0.0304519049823284
1982-09-02,0.0289295744150877
1982-09-03,0.027406645938754
1982-09-07,0.027406645938754
1982-09-08,0.027406645938754
1982-09-09,0.027406645938754
1982-09-10,0.027406645938754
1982-09-13,0.0289295744150877
1982-09-14,0.0289295744150877
1982-09-15,0.027406645938754
1982-09-16,0.0304519049823284
1982-09-17,0.0289295744150877
1982-09-20,0.0289295744150877
1982-09-21,0.0289295744150877
1982-09-22,0.0289295744150877
1982-09-23,0.0289295744150877
1982-09-24,0.0289295744150877
1982-09-27,0.0289295744150877
1982-09-28,0.0258843172341585
1982-09-29,0.0258843172341585
1982-09-30,0.0289295744150877
1982-10-01,0.027406645938754
1982-10-04,0.027406645938754
1982-10-05,0.027406645938754
1982-10-06,0.027406645938754
1982-10-07,0.027406645938754
1982-10-08,0.027406645938754
1982-10-11,0.0289295744150877
1982-10-12,0.0289295744150877
1982-10-13,0.0304519049823284
1982-10-14,0.0304519049823284
1982-10-15,0.0304519049823284
1982-10-18,0.0304519049823284
1982-10-19,0.0304519049823284
1982-10-20,0.0319748073816299
1982-10-21,0.0319748073816299
1982-10-22,0.0319748073816299
1982-10-25,0.0304519049823284
1982-10-26,0.0304519049823284
1982-10-27,0.0289295744150877
1982-10-28,0.0289295744150877
1982-10-29,0.0304519049823284
1982-11-01,0.0289295744150877
1982-11-02,0.0304519049823284
1982-11-03,0.0289295744150877
1982-11-04,0.0304519049823284
1982-11-05,0.0304519049823284
1982-11-08,0.0289295744150877
1982-11-09,0.0304519049823284
1982-11-10,0.0289295744150877
1982-11-11,0.0304519049823284
1982-11-12,0.0319748073816299
1982-11-15,0.0319748073816299
1982-11-16,0.0304519049823284
1982-11-17,0.0289295744150877
1982-11-18,0.0289295744150877
1982-11-19,0.0289295744150877
1982-11-22,0.0304519049823284
1982-11-23,0.0289295744150877
1982-11-24,0.0304519049823284
1982-11-26,0.0289295744150877
1982-11-29,0.0304519049823284
1982-11-30,0.03502007573843
1982-12-01,0.0365424118936061
1982-12-02,0.03502007573843
1982-12-03,0.0334971584379673
1982-12-06,0.0334971584379673
1982-12-07,0.0319748073816299
1982-12-08,0.0319748073816299
1982-12-09,0.0319748073816299
1982-12-10,0.0319748073816299
1982-12-13,0.0334971584379673
1982-12-14,0.0334971584379673
1982-12-15,0.0334971584379673
1982-12-16,0.0319748073816299
1982-12-17,0.0334971584379673
1982-12-20,0.0334971584379673
1982-12-21,0.03502007573843
1982-12-22,0.03502007573843
1982-12-23,0.0334971584379673
1982-12-27,0.0289295744150877
1982-12-28,0.0304519049823284
1982-12-29,0.0289295744150877
1982-12-30,0.0319748073816299
1982-12-31,0.0304519049823284
1983-01-03,0.0334971584379673
1983-01-04,0.0334971584379673
1983-01-05,0.03502007573843
1983-01-06,0.03502007573843
1983-01-07,0.03502007573843
1983-01-10,0.0365424118936061
1983-01-11,0.0395876616239547
1983-01-12,0.0395876616239547
1983-01-13,0.0395876616239547
1983-01-14,0.0395876616239547
1983-01-17,0.0365424118936061
1983-01-18,0.0395876616239547
1983-01-19,0.0395876616239547
1983-01-20,0.0395876616239547
1983-01-21,0.0395876616239547
1983-01-24,0.0365424118936061
1983-01-25,0.0380653217434883
1983-01-26,0.0395876616239547
1983-01-27,0.0395876616239547
1983-01-28,0.0365424118936061
1983-01-31,0.0365424118936061
1983-02-01,0.0395876616239547
1983-02-02,0.0365424118936061
1983-02-03,0.0395876616239547
1983-02-04,0.0395876616239547
1983-02-07,0.0426328964531421
1983-02-08,0.0411105714738369
1983-02-09,0.0411105714738369
1983-02-10,0.0426328964531421
1983-02-11,0.0411105714738369
1983-02-14,0.0411105714738369
1983-02-15,0.0411105714738369
1983-02-16,0.0411105714738369
1983-02-17,0.0380653217434883
1983-02-18,0.0380653217434883
1983-02-22,0.0395876616239547
1983-02-23,0.0411105714738369
1983-02-24,0.0426328964531421
1983-02-25,0.0411105714738369
1983-02-28,0.0411105714738369
1983-03-01,0.0411105714738369
1983-03-02,0.0411105714738369
1983-03-03,0.0411105714738369
1983-03-04,0.0441552549600601
1983-03-07,0.0441552549600601
1983-03-08,0.0426328964531421
1983-03-09,0.0426328964531421
1983-03-10,0.0411105714738369
1983-03-11,0.0411105714738369
1983-03-14,0.0411105714738369
1983-03-15,0.0395876616239547
1983-03-16,0.0380653217434883
1983-03-17,0.0380653217434883
1983-03-18,0.0380653217434883
1983-03-21,0.0395876616239547
1983-03-22,0.0411105714738369
1983-03-23,0.0411105714738369
1983-03-24,0.0395876616239547
1983-03-25,0.0365424118936061
1983-03-28,0.0334971584379673
1983-03-29,0.0334971584379673
1983-03-30,0.03502007573843
1983-03-31,0.03502007573843
1983-04-04,0.0334971584379673
1983-04-05,0.0395876616239547
1983-04-06,0.0365424118936061
1983-04-07,0.0380653217434883
1983-04-08,0.0380653217434883
1983-04-11,0.0380653217434883
1983-04-12,0.0380653217434883
1983-04-13,0.0411105714738369
1983-04-14,0.0426328964531421
1983-04-15,0.0426328964531421
1983-04-18,0.0426328964531421
1983-04-19,0.0487233884632587
1983-04-20,0.0472004860639572
1983-04-21,0.0472004860639572
1983-04-22,0.0472004860639572
1983-04-25,0.0472004860639572
1983-04-26,0.0472004860639572
1983-04-27,0.0456781759858131
1983-04-28,0.0456781759858131
1983-04-29,0.0487233884632587
1983-05-02,0.0487233884632587
1983-05-03,0.0487233884632587
1983-05-04,0.0472004860639572
1983-05-05,0.0472004860639572
1983-05-06,0.0456781759858131
1983-05-09,0.0456781759858131
1983-05-10,0.0487233884632587
1983-05-11,0.0487233884632587
1983-05-12,0.0472004860639572
1983-05-13,0.0487233884632587
1983-05-16,0.0472004860639572
1983-05-17,0.0487233884632587
1983-05-18,0.0472004860639572
1983-05-19,0.0472004860639572
1983-05-20,0.0472004860639572
1983-05-23,0.0472004860639572
1983-05-24,0.0472004860639572
1983-05-25,0.0472004860639572
1983-05-26,0.0487233884632587
1983-05-27,0.051768634468317
1983-05-31,0.051768634468317
1983-06-01,0.051768634468317
1983-06-02,0.051768634468317
1983-06-03,0.0532909929752349
1983-06-06,0.0578591488301754
1983-06-07,0.0578591488301754
1983-06-08,0.0548138953745365
1983-06-09,0.0548138953745365
1983-06-10,0.0548138953745365
1983-06-13,0.0548138953745365
1983-06-14,0.0532909929752349
1983-06-15,0.0532909929752349
1983-06-16,0.0548138953745365
1983-06-17,0.0532909929752349
1983-06-20,0.0502457395195961
1983-06-21,0.051768634468317
1983-06-22,0.051768634468317
1983-06-23,0.0532909929752349
1983-06-24,0.0532909929752349
1983-06-27,0.0532909929752349
1983-06-28,0.051768634468317
1983-06-29,0.051768634468317
1983-06-30,0.0502457395195961
1983-07-01,0.051768634468317
1983-07-05,0.051768634468317
1983-07-06,0.0487233884632587
1983-07-07,0.0487233884632587
1983-07-08,0.0456781759858131
1983-07-11,0.0456781759858131
1983-07-12,0.0426328964531421
1983-07-13,0.0441552549600601
1983-07-14,0.0456781759858131
1983-07-15,0.0456781759858131
1983-07-18,0.0456781759858131
1983-07-19,0.0456781759858131
1983-07-20,0.0456781759858131
1983-07-21,0.0456781759858131
1983-07-22,0.0472004860639572
1983-07-25,0.0472004860639572
1983-07-26,0.0456781759858131
1983-07-27,0.0456781759858131
1983-07-28,0.0456781759858131
1983-07-29,0.0426328964531421
1983-08-01,0.0426328964531421
1983-08-02,0.0411105714738369
1983-08-03,0.0426328964531421
1983-08-04,0.0411105714738369
1983-08-05,0.0395876616239547
1983-08-08,0.0395876616239547
1983-08-09,0.0411105714738369
1983-08-10,0.0411105714738369
1983-08-11,0.0411105714738369
1983-08-12,0.0411105714738369
1983-08-15,0.0411105714738369
1983-08-16,0.0426328964531421
1983-08-17,0.0426328964531421
1983-08-18,0.0411105714738369
1983-08-19,0.0395876616239547
1983-08-22,0.0395876616239547
1983-08-23,0.0411105714738369
1983-08-24,0.0411105714738369
1983-08-25,0.0395876616239547
1983-08-26,0.0411105714738369
1983-08-29,0.0395876616239547
1983-08-30,0.0411105714738369
1983-08-31,0.0411105714738369
1983-09-01,0.0426328964531421
1983-09-02,0.0411105714738369
1983-09-06,0.0411105714738369
1983-09-07,0.0411105714738369
1983-09-08,0.0411105714738369
1983-09-09,0.0411105714738369
1983-09-12,0.0411105714738369
1983-09-13,0.0411105714738369
1983-09-14,0.0411105714738369
1983-09-15,0.0426328964531421
1983-09-16,0.0411105714738369
1983-09-19,0.0411105714738369
1983-09-20,0.0456781759858131
1983-09-21,0.0487233884632587
1983-09-22,0.0487233884632587
1983-09-23,0.0502457395195961
1983-09-26,0.051768634468317
1983-09-27,0.0502457395195961
1983-09-28,0.0502457395195961
1983-09-29,0.051768634468317
1983-09-30,0.051768634468317
1983-10-03,0.051768634468317
1983-10-04,0.0548138953745365
1983-10-05,0.051768634468317
1983-10-06,0.0532909929752349
1983-10-07,0.0532909929752349
1983-10-10,0.051768634468317
1983-10-11,0.051768634468317
1983-10-12,0.0532909929752349
1983-10-13,0.051768634468317
1983-10-14,0.051768634468317
1983-10-17,0.051768634468317
1983-10-18,0.051768634468317
1983-10-19,0.051768634468317
1983-10-20,0.051768634468317
1983-10-21,0.051768634468317
1983-10-24,0.0502457395195961
1983-10-25,0.0502457395195961
1983-10-26,0.0487233884632587
1983-10-27,0.0487233884632587
1983-10-28,0.0456781759858131
1983-10-31,0.0502457395195961
1983-11-01,0.0532909929752349
1983-11-02,0.051768634468317
1983-11-03,0.051768634468317
1983-11-04,0.051768634468317
1983-11-07,0.0502457395195961
1983-11-08,0.051768634468317
1983-11-09,0.0502457395195961
1983-11-10,0.0502457395195961
1983-11-11,0.051768634468317
1983-11-14,0.051768634468317
1983-11-15,0.0532909929752349
1983-11-16,0.0548138953745365
1983-11-17,0.0548138953745365
1983-11-18,0.0548138953745365
1983-11-21,0.0548138953745365
1983-11-22,0.0532909929752349
1983-11-23,0.0548138953745365
1983-11-25,0.0548138953745365
1983-11-28,0.0548138953745365
1983-11-29,0.0548138953745365
1983-11-30,0.0532909929752349
1983-12-01,0.0502457395195961
1983-12-02,0.0548138953745365
1983-12-05,0.0532909929752349
1983-12-06,0.051768634468317
1983-12-07,0.051768634468317
1983-12-08,0.051768634468317
1983-12-09,0.0502457395195961
1983-12-12,0.0502457395195961
1983-12-13,0.0502457395195961
1983-12-14,0.0487233884632587
1983-12-15,0.0487233884632587
1983-12-16,0.051768634468317
1983-12-19,0.0487233884632587
1983-12-20,0.0487233884632587
1983-12-21,0.0487233884632587
1983-12-22,0.0532909929752349
1983-12-23,0.0578591488301754
1983-12-27,0.0548138953745365
1983-12-28,0.051768634468317
1983-12-29,0.0532909929752349
1983-12-30,0.0548138953745365
1984-01-03,0.0578591488301754
1984-01-04,0.0609044022858142
1984-01-05,0.0639496147632598
1984-01-06,0.0654719918966293
1984-01-09,0.0669943168759346
1984-01-10,0.0654719918966293
1984-01-11,0.0639496147632598
1984-01-12,0.0639496147632598
1984-01-13,0.0639496147632598
1984-01-16,0.0669943168759346
1984-01-17,0.068517193198204
1984-01-18,0.0715624913573265
1984-01-19,0.0776529461145401
1984-01-20,0.0852657929062843
1984-01-23,0.0822205767035484
1984-01-24,0.0852657929062843
1984-01-25,0.0837434530258178
1984-01-26,0.0822205767035484
1984-01-27,0.0761300697922706
1984-01-30,0.0700395628809928
1984-01-31,0.068517193198204
1984-02-01,0.0730848237872123
1984-02-02,0.0806982442736625
1984-02-03,0.0776529461145401
1984-02-06,0.0746076926589012
1984-02-07,0.0761300697922706
1984-02-08,0.0746076926589012
1984-02-09,0.0730848237872123
1984-02-10,0.0730848237872123
1984-02-13,0.0730848237872123
1984-02-14,0.0715624913573265
1984-02-15,0.0700395628809928
1984-02-16,0.0730848237872123
1984-02-17,0.0730848237872123
1984-02-21,0.0715624913573265
1984-02-22,0.0715624913573265
1984-02-23,0.0715624913573265
1984-02-24,0.0730848237872123
1984-02-27,0.0776529461145401
1984-02-28,0.0776529461145401
1984-02-29,0.0791753232479095
1984-03-01,0.0791753232479095
1984-03-02,0.0776529461145401
1984-03-05,0.0776529461145401
1984-03-06,0.0791753232479095
1984-03-07,0.0776529461145401
1984-03-08,0.0761300697922706
1984-03-09,0.0776529461145401
1984-03-12,0.0761300697922706
1984-03-13,0.0776529461145401
1984-03-14,0.0761300697922706
1984-03-15,0.0761300697922706
1984-03-16,0.0746076926589012
1984-03-19,0.0730848237872123
1984-03-20,0.0761300697922706
1984-03-21,0.0761300697922706
1984-03-22,0.0746076926589012
1984-03-23,0.0761300697922706
1984-03-26,0.0746076926589012
1984-03-27,0.0761300697922706
1984-03-28,0.0761300697922706
1984-03-29,0.0730848237872123
1984-03-30,0.0776529461145401
1984-04-02,0.0837434530258178
1984-04-03,0.0883110538125038
1984-04-04,0.0928786247968673
1984-04-05,0.0928786247968673
1984-04-06,0.0822205767035484
1984-04-09,0.0898334085941314
1984-04-10,0.0852657929062843
1984-04-11,0.0837434530258178
1984-04-12,0.0852657929062843
1984-04-13,0.0837434530258178
1984-04-16,0.0837434530258178
1984-04-17,0.0852657929062843
1984-04-18,0.0837434530258178
1984-04-19,0.0837434530258178
1984-04-23,0.0837434530258178
1984-04-24,0.0852657929062843
1984-04-25,0.0852657929062843
1984-04-26,0.0852657929062843
1984-04-27,0.0837434530258178
1984-04-30,0.0837434530258178
1984-05-01,0.0852657929062843
1984-05-02,0.0837434530258178
1984-05-03,0.0852657929062843
1984-05-04,0.0867881551384925
1984-05-07,0.0837434530258178
1984-05-08,0.0837434530258178
1984-05-09,0.0852657929062843
1984-05-10,0.0837434530258178
1984-05-11,0.0837434530258178
1984-05-14,0.0852657929062843
1984-05-15,0.0822205767035484
1984-05-16,0.0837434530258178
1984-05-17,0.0837434530258178
1984-05-18,0.0837434530258178
1984-05-21,0.0837434530258178
1984-05-22,0.0837434530258178
1984-05-23,0.0852657929062843
1984-05-24,0.0822205767035484
1984-05-25,0.0822205767035484
1984-05-29,0.0791753232479095
1984-05-30,0.0761300697922706
1984-05-31,0.0730848237872123
1984-06-01,0.0746076926589012
1984-06-04,0.0776529461145401
1984-06-05,0.0776529461145401
1984-06-06,0.0761300697922706
1984-06-07,0.0776529461145401
1984-06-08,0.0776529461145401
1984-06-11,0.0746076926589012
1984-06-12,0.0746076926589012
1984-06-13,0.0730848237872123
1984-06-14,0.0715624913573265
1984-06-15,0.0730848237872123
1984-06-18,0.0746076926589012
1984-06-19,0.0761300697922706
1984-06-20,0.0776529461145401
1984-06-21,0.0761300697922706
1984-06-22,0.0837434530258178
1984-06-25,0.0852657929062843
1984-06-26,0.0837434530258178
1984-06-27,0.0791753232479095
1984-06-28,0.0791753232479095
1984-06-29,0.0806982442736625
1984-07-02,0.0806982442736625
1984-07-03,0.0806982442736625
1984-07-05,0.0791753232479095
1984-07-06,0.0806982442736625
1984-07-09,0.0806982442736625
1984-07-10,0.0806982442736625
1984-07-11,0.0791753232479095
1984-07-12,0.0791753232479095
1984-07-13,0.0806982442736625
1984-07-16,0.0806982442736625
1984-07-17,0.0837434530258178
1984-07-18,0.0822205767035484
1984-07-19,0.0822205767035484
1984-07-20,0.0791753232479095
1984-07-23,0.0776529461145401
1984-07-24,0.0730848237872123
1984-07-25,0.0746076926589012
1984-07-26,0.0746076926589012
1984-07-27,0.0746076926589012
1984-07-30,0.0746076926589012
1984-07-31,0.0746076926589012
1984-08-01,0.0746076926589012
1984-08-02,0.0791753232479095
1984-08-03,0.0806982442736625
1984-08-06,0.0806982442736625
1984-08-07,0.0791753232479095
1984-08-08,0.0776529461145401
1984-08-09,0.0806982442736625
1984-08-10,0.0806982442736625
1984-08-13,0.0822205767035484
1984-08-14,0.0806982442736625
1984-08-15,0.0791753232479095
1984-08-16,0.0776529461145401
1984-08-17,0.0776529461145401
1984-08-20,0.0776529461145401
1984-08-21,0.0791753232479095
1984-08-22,0.0806982442736625
1984-08-23,0.0791753232479095
1984-08-24,0.0806982442736625
1984-08-27,0.0806982442736625
1984-08-28,0.0776529461145401
1984-08-29,0.0791753232479095
1984-08-30,0.0806982442736625
1984-08-31,0.0806982442736625
1984-09-04,0.0791753232479095
1984-09-05,0.0791753232479095
1984-09-06,0.0806982442736625
1984-09-07,0.0791753232479095
1984-09-10,0.0776529461145401
1984-09-11,0.0776529461145401
1984-09-12,0.0761300697922706
1984-09-13,0.0746076926589012
1984-09-14,0.0730848237872123
1984-09-17,0.0746076926589012
1984-09-18,0.0746076926589012
1984-09-19,0.0730848237872123
1984-09-20,0.0761300697922706
1984-09-21,0.0761300697922706
1984-09-24,0.0791753232479095
1984-09-25,0.0791753232479095
1984-09-26,0.0806982442736625
1984-09-27,0.0791753232479095
1984-09-28,0.0776529461145401
1984-10-01,0.0776529461145401
1984-10-02,0.0761300697922706
1984-10-03,0.0761300697922706
1984-10-04,0.0746076926589012
1984-10-05,0.0776529461145401
1984-10-08,0.0776529461145401
1984-10-09,0.0776529461145401
1984-10-10,0.0761300697922706
1984-10-11,0.0761300697922706
1984-10-12,0.0761300697922706
1984-10-15,0.0746076926589012
1984-10-16,0.0746076926589012
1984-10-17,0.0730848237872123
1984-10-18,0.0730848237872123
1984-10-19,0.0746076926589012
1984-10-22,0.0715624913573265
1984-10-23,0.0700395628809928
1984-10-24,0.0715624913573265
1984-10-25,0.0715624913573265
1984-10-26,0.0700395628809928
1984-10-29,0.0700395628809928
1984-10-30,0.0700395628809928
1984-10-31,0.068517193198204
1984-11-01,0.0700395628809928
1984-11-02,0.068517193198204
1984-11-05,0.0700395628809928
1984-11-06,0.068517193198204
1984-11-07,0.068517193198204
1984-11-08,0.068517193198204
1984-11-09,0.068517193198204
1984-11-12,0.068517193198204
1984-11-13,0.068517193198204
1984-11-14,0.068517193198204
1984-11-15,0.0700395628809928
1984-11-16,0.0700395628809928
1984-11-19,0.068517193198204
1984-11-20,0.068517193198204
1984-11-21,0.068517193198204
1984-11-23,0.068517193198204
1984-11-26,0.068517193198204
1984-11-27,0.068517193198204
1984-11-28,0.068517193198204
1984-11-29,0.068517193198204
1984-11-30,0.068517193198204
1984-12-03,0.068517193198204
1984-12-04,0.0669943168759346
1984-12-05,0.0669943168759346
1984-12-06,0.068517193198204
1984-12-07,0.068517193198204
1984-12-10,0.0669943168759346
1984-12-11,0.068517193198204
1984-12-12,0.0715624913573265
1984-12-13,0.0700395628809928
1984-12-14,0.068517193198204
1984-12-17,0.0730848237872123
1984-12-18,0.0746076926589012
1984-12-19,0.0776529461145401
1984-12-20,0.0776529461145401
1984-12-21,0.0806982442736625
1984-12-24,0.0867881551384925
1984-12-26,0.0898334085941314
1984-12-27,0.0883110538125038
1984-12-28,0.0867881551384925
1984-12-31,0.0852657929062843
1985-01-02,0.0837434530258178
1985-01-03,0.0852657929062843
1985-01-04,0.0852657929062843
1985-01-07,0.0867881551384925
1985-01-08,0.0852657929062843
1985-01-09,0.0867881551384925
1985-01-10,0.0852657929062843
1985-01-11,0.0852657929062843
1985-01-14,0.0852657929062843
1985-01-15,0.0883110538125038
1985-01-16,0.0883110538125038
1985-01-17,0.0883110538125038
1985-01-18,0.0867881551384925
1985-01-21,0.0883110538125038
1985-01-22,0.0883110538125038
1985-01-23,0.0883110538125038
1985-01-24,0.0898334085941314
1985-01-25,0.0913563519716262
1985-01-28,0.0913563519716262
1985-01-29,0.0898334085941314
1985-01-30,0.0928786247968673
1985-01-31,0.0989691019058227
1985-02-01,0.0989691019058227
1985-02-04,0.1004920750856399
1985-02-05,0.0974467769265174
1985-02-06,0.102014422416687
1985-02-07,0.103537268936634
1985-02-08,0.102014422416687
1985-02-11,0.102014422416687
1985-02-12,0.102014422416687
1985-02-13,0.102014422416687
1985-02-14,0.1004920750856399
1985-02-15,0.0944015532732009
1985-02-19,0.0898334085941314
1985-02-20,0.0883110538125038
1985-02-21,0.0898334085941314
1985-02-22,0.0913563519716262
1985-02-25,0.0944015532732009
1985-02-26,0.0944015532732009
1985-02-27,0.0913563519716262
1985-02-28,0.0928786247968673
1985-03-01,0.0944015532732009
1985-03-04,0.0944015532732009
1985-03-05,0.0959239155054092
1985-03-06,0.0944015532732009
1985-03-07,0.0928786247968673
1985-03-08,0.0944015532732009
1985-03-11,0.0944015532732009
1985-03-12,0.0944015532732009
1985-03-13,0.0928786247968673
1985-03-14,0.0913563519716262
1985-03-15,0.0898334085941314
1985-03-18,0.0883110538125038
1985-03-19,0.0913563519716262
1985-03-20,0.0913563519716262
1985-03-21,0.0913563519716262
1985-03-22,0.0913563519716262
1985-03-25,0.0944015532732009
1985-03-26,0.0928786247968673
1985-03-27,0.0913563519716262
1985-03-28,0.0928786247968673
1985-03-29,0.0928786247968673
1985-04-01,0.0944015532732009
1985-04-02,0.0913563519716262
1985-04-03,0.0913563519716262
1985-04-04,0.0913563519716262
1985-04-08,0.0898334085941314
1985-04-09,0.0913563519716262
1985-04-10,0.0928786247968673
1985-04-11,0.0913563519716262
1985-04-12,0.0928786247968673
1985-04-15,0.0928786247968673
1985-04-16,0.0928786247968673
1985-04-17,0.0928786247968673
1985-04-18,0.0944015532732009
1985-04-19,0.0959239155054092
1985-04-22,0.0944015532732009
1985-04-23,0.0944015532732009
1985-04-24,0.0959239155054092
1985-04-25,0.0944015532732009
1985-04-26,0.0959239155054092
1985-04-29,0.0944015532732009
1985-04-30,0.0928786247968673
1985-05-01,0.0913563519716262
1985-05-02,0.0928786247968673
1985-05-03,0.0928786247968673
1985-05-06,0.0913563519716262
1985-05-07,0.0913563519716262
1985-05-08,0.0898334085941314
1985-05-09,0.0913563519716262
1985-05-10,0.0913563519716262
1985-05-13,0.0898334085941314
1985-05-14,0.0898334085941314
1985-05-15,0.0913563519716262
1985-05-16,0.0928786247968673
1985-05-17,0.0913563519716262
1985-05-20,0.0928786247968673
1985-05-21,0.0913563519716262
1985-05-22,0.0913563519716262
1985-05-23,0.0898334085941314
1985-05-24,0.0913563519716262
1985-05-28,0.0898334085941314
1985-05-29,0.0883110538125038
1985-05-30,0.0883110538125038
1985-05-31,0.0883110538125038
1985-06-03,0.0883110538125038
1985-06-04,0.0852657929062843
1985-06-05,0.0867881551384925
1985-06-06,0.0913563519716262
1985-06-07,0.0913563519716262
1985-06-10,0.0913563519716262
1985-06-11,0.0913563519716262
1985-06-12,0.0913563519716262
1985-06-13,0.0883110538125038
1985-06-14,0.0867881551384925
1985-06-17,0.0867881551384925
1985-06-18,0.0867881551384925
1985-06-19,0.0883110538125038
1985-06-20,0.0898334085941314
1985-06-21,0.0913563519716262
1985-06-24,0.0928786247968673
1985-06-25,0.0913563519716262
1985-06-26,0.0928786247968673
1985-06-27,0.0928786247968673
1985-06-28,0.0974467769265174
1985-07-01,0.0974467769265174
1985-07-02,0.0989691019058227
1985-07-03,0.1004920750856399
1985-07-05,0.0989691019058227
1985-07-08,0.0989691019058227
1985-07-09,0.1004920750856399
1985-07-10,0.1004920750856399
1985-07-11,0.1050596386194229
1985-07-12,0.1081049144268035
1985-07-15,0.1157177165150642
1985-07-16,0.1157177165150642
1985-07-17,0.1141953468322753
1985-07-18,0.1111501678824424
1985-07-19,0.1141953468322753
1985-07-22,0.1126724928617477
1985-07-23,0.1141953468322753
1985-07-24,0.1141953468322753
1985-07-25,0.1157177165150642
1985-07-26,0.1157177165150642
1985-07-29,0.1126724928617477
1985-07-30,0.1111501678824424
1985-07-31,0.1126724928617477
1985-08-01,0.1141953468322753
1985-08-02,0.1126724928617477
1985-08-05,0.1081049144268035
1985-08-06,0.1065825223922729
1985-08-07,0.1050596386194229
1985-08-08,0.109627179801464
1985-08-09,0.109627179801464
1985-08-12,0.103537268936634
1985-08-13,0.1050596386194229
1985-08-14,0.1065825223922729
1985-08-15,0.109627179801464
1985-08-16,0.1050596386194229
1985-08-19,0.1065825223922729
1985-08-20,0.1050596386194229
1985-08-21,0.103537268936634
1985-08-22,0.103537268936634
1985-08-23,0.1004920750856399
1985-08-26,0.102014422416687
1985-08-27,0.102014422416687
1985-08-28,0.1004920750856399
1985-08-29,0.102014422416687
1985-08-30,0.103537268936634
1985-09-03,0.103537268936634
1985-09-04,0.103537268936634
1985-09-05,0.103537268936634
1985-09-06,0.103537268936634
1985-09-09,0.103537268936634
1985-09-10,0.1081049144268035
1985-09-11,0.1065825223922729
1985-09-12,0.1050596386194229
1985-09-13,0.1050596386194229
1985-09-16,0.102014422416687
1985-09-17,0.102014422416687
1985-09-18,0.1065825223922729
1985-09-19,0.109627179801464
1985-09-20,0.1111501678824424
1985-09-23,0.1111501678824424
1985-09-24,0.1111501678824424
1985-09-25,0.1065825223922729
1985-09-26,0.103537268936634
1985-09-30,0.103537268936634
1985-10-01,0.102014422416687
1985-10-02,0.103537268936634
1985-10-03,0.103537268936634
1985-10-04,0.103537268936634
1985-10-07,0.103537268936634
1985-10-08,0.1050596386194229
1985-10-09,0.1050596386194229
1985-10-10,0.103537268936634
1985-10-11,0.0989691019058227
1985-10-14,0.1004920750856399
1985-10-15,0.0989691019058227
1985-10-16,0.1004920750856399
1985-10-17,0.1004920750856399
1985-10-18,0.0989691019058227
1985-10-21,0.0989691019058227
1985-10-22,0.0989691019058227
1985-10-23,0.1004920750856399
1985-10-24,0.0959239155054092
1985-10-25,0.0974467769265174
1985-10-28,0.0959239155054092
1985-10-29,0.0974467769265174
1985-10-30,0.0959239155054092
1985-10-31,0.0959239155054092
1985-11-01,0.0883110538125038
1985-11-04,0.0928786247968673
1985-11-05,0.0928786247968673
1985-11-06,0.0898334085941314
1985-11-07,0.0898334085941314
1985-11-08,0.0913563519716262
1985-11-11,0.0928786247968673
1985-11-12,0.0928786247968673
1985-11-13,0.0928786247968673
1985-11-14,0.0898334085941314
1985-11-15,0.0883110538125038
1985-11-18,0.0883110538125038
1985-11-19,0.0867881551384925
1985-11-20,0.0852657929062843
1985-11-21,0.0867881551384925
1985-11-22,0.0883110538125038
1985-11-25,0.0883110538125038
1985-11-26,0.0867881551384925
1985-11-27,0.0867881551384925
1985-11-29,0.0837434530258178
1985-12-02,0.0822205767035484
1985-12-03,0.0837434530258178
1985-12-04,0.0852657929062843
1985-12-05,0.0837434530258178
1985-12-06,0.0852657929062843
1985-12-09,0.0852657929062843
1985-12-10,0.0822205767035484
1985-12-11,0.0837434530258178
1985-12-12,0.0852657929062843
1985-12-13,0.0898334085941314
1985-12-16,0.0959239155054092
1985-12-17,0.0928786247968673
1985-12-18,0.0913563519716262
1985-12-19,0.0913563519716262
1985-12-20,0.0928786247968673
1985-12-23,0.0913563519716262
1985-12-24,0.0913563519716262
1985-12-26,0.0913563519716262
1985-12-27,0.0944015532732009
1985-12-30,0.0944015532732009
1985-12-31,0.0959239155054092
1986-01-02,0.1004920750856399
1986-01-03,0.0974467769265174
1986-01-06,0.0974467769265174
1986-01-07,0.0959239155054092
1986-01-08,0.0913563519716262
1986-01-09,0.0883110538125038
1986-01-10,0.0898334085941314
1986-01-13,0.0913563519716262
1986-01-14,0.0928786247968673
1986-01-15,0.0928786247968673
1986-01-16,0.0928786247968673
1986-01-17,0.0928786247968673
1986-01-20,0.0944015532732009
1986-01-21,0.0959239155054092
1986-01-22,0.0959239155054092
1986-01-23,0.0928786247968673
1986-01-24,0.0928786247968673
1986-01-27,0.0928786247968673
1986-01-28,0.0928786247968673
1986-01-29,0.0867881551384925
1986-01-30,0.0898334085941314
1986-01-31,0.0928786247968673
1986-02-03,0.0913563519716262
1986-02-04,0.0928786247968673
1986-02-05,0.0898334085941314
1986-02-06,0.0913563519716262
1986-02-07,0.0928786247968673
1986-02-10,0.0944015532732009
1986-02-11,0.0944015532732009
1986-02-12,0.0944015532732009
1986-02-13,0.0944015532732009
1986-02-14,0.0913563519716262
1986-02-18,0.0944015532732009
1986-02-19,0.0928786247968673
1986-02-20,0.0944015532732009
1986-02-21,0.0974467769265174
1986-02-24,0.0989691019058227
1986-02-25,0.1004920750856399
1986-02-26,0.1004920750856399
1986-02-27,0.1004920750856399
1986-02-28,0.0989691019058227
1986-03-03,0.1004920750856399
1986-03-04,0.1004920750856399
1986-03-05,0.0974467769265174
1986-03-06,0.0959239155054092
1986-03-07,0.0959239155054092
1986-03-10,0.0959239155054092
1986-03-11,0.0959239155054092
1986-03-12,0.0944015532732009
1986-03-13,0.0944015532732009
1986-03-14,0.109627179801464
1986-03-17,0.1081049144268035
1986-03-18,0.1081049144268035
1986-03-19,0.1126724928617477
1986-03-20,0.1141953468322753
1986-03-21,0.1126724928617477
1986-03-24,0.1141953468322753
1986-03-25,0.1126724928617477
1986-03-26,0.1355115920305252
1986-03-27,0.1294210255146026
1986-03-31,0.1278986781835556
1986-04-01,0.1278986781835556
1986-04-02,0.1202858611941337
1986-04-03,0.1233311370015144
1986-04-04,0.1202858611941337
1986-04-07,0.1202858611941337
1986-04-08,0.1294210255146026
1986-04-09,0.1263763606548309
1986-04-10,0.137034386396408
1986-04-11,0.1385567337274551
1986-04-14,0.1537830382585525
1986-04-15,0.1461702287197113
1986-04-16,0.1583506464958191
1986-04-17,0.1537830382585525
1986-04-18,0.1522601395845413
1986-04-21,0.1553053557872772
1986-04-22,0.1522601395845413
1986-04-23,0.1553053557872772
1986-04-24,0.1553053557872772
1986-04-25,0.1553053557872772
1986-04-28,0.1568282693624496
1986-04-29,0.1583506464958191
1986-04-30,0.1522601395845413
1986-05-01,0.1492153853178024
1986-05-02,0.1492153853178024
1986-05-05,0.1507378220558166
1986-05-06,0.1476924568414688
1986-05-07,0.1446473598480224
1986-05-08,0.1446473598480224
1986-05-09,0.1416020393371582
1986-05-12,0.1446473598480224
1986-05-13,0.1446473598480224
1986-05-14,0.1446473598480224
1986-05-15,0.143124982714653
1986-05-16,0.1476924568414688
1986-05-19,0.1492153853178024
1986-05-20,0.1492153853178024
1986-05-21,0.1492153853178024
1986-05-22,0.1583506464958191
1986-05-23,0.1568282693624496
1986-05-27,0.1568282693624496
1986-05-28,0.1553053557872772
1986-05-29,0.1553053557872772
1986-05-30,0.1537830382585525
1986-06-02,0.1553053557872772
1986-06-03,0.1583506464958191
1986-06-04,0.1553053557872772
1986-06-05,0.1553053557872772
1986-06-06,0.1553053557872772
1986-06-09,0.1446473598480224
1986-06-10,0.143124982714653
1986-06-11,0.143124982714653
1986-06-12,0.1446473598480224
1986-06-13,0.1507378220558166
1986-06-16,0.1507378220558166
1986-06-17,0.1476924568414688
1986-06-18,0.1446473598480224
1986-06-19,0.1583506464958191
1986-06-20,0.1522601395845413
1986-06-23,0.1492153853178024
1986-06-24,0.1476924568414688
1986-06-25,0.1507378220558166
1986-06-26,0.1522601395845413
1986-06-27,0.1492153853178024
1986-06-30,0.1507378220558166
1986-07-01,0.1476924568414688
1986-07-02,0.1446473598480224
1986-07-03,0.1446473598480224
1986-07-07,0.1416020393371582
1986-07-08,0.1355115920305252
1986-07-09,0.137034386396408
1986-07-10,0.1339892297983169
1986-07-11,0.1324662566184997
1986-07-14,0.1309439837932586
1986-07-15,0.1278986781835556
1986-07-16,0.1278986781835556
1986-07-17,0.1278986781835556
1986-07-18,0.1278986781835556
1986-07-21,0.1278986781835556
1986-07-22,0.1278986781835556
1986-07-23,0.1248534247279167
1986-07-24,0.1248534247279167
1986-07-25,0.1248534247279167
1986-07-28,0.1248534247279167
1986-07-29,0.1233311370015144
1986-07-30,0.1218081936240196
1986-07-31,0.1202858611941337
1986-08-01,0.1172406449913978
1986-08-04,0.1157177165150642
1986-08-05,0.1157177165150642
1986-08-06,0.1187629699707031
1986-08-07,0.1218081936240196
1986-08-08,0.1233311370015144
1986-08-11,0.1218081936240196
1986-08-12,0.1233311370015144
1986-08-13,0.1218081936240196
1986-08-14,0.1248534247279167
1986-08-15,0.1233311370015144
1986-08-18,0.1233311370015144
1986-08-19,0.1218081936240196
1986-08-20,0.1233311370015144
1986-08-21,0.1218081936240196
1986-08-22,0.1218081936240196
1986-08-25,0.1218081936240196
1986-08-26,0.1202858611941337
1986-08-27,0.1233311370015144
1986-08-28,0.1248534247279167
1986-08-29,0.1187629699707031
1986-09-02,0.1233311370015144
1986-09-03,0.1218081936240196
1986-09-04,0.1294210255146026
1986-09-05,0.1278986781835556
1986-09-08,0.1309439837932586
1986-09-09,0.1294210255146026
1986-09-10,0.1324662566184997
1986-09-11,0.1248534247279167
1986-09-12,0.1339892297983169
1986-09-15,0.1339892297983169
1986-09-16,0.1355115920305252
1986-09-17,0.1324662566184997
1986-09-18,0.1294210255146026
1986-09-19,0.1309439837932586
1986-09-22,0.1324662566184997
1986-09-23,0.1339892297983169
1986-09-24,0.1339892297983169
1986-09-25,0.1324662566184997
1986-09-26,0.1324662566184997
1986-09-29,0.1278986781835556
1986-09-30,0.1294210255146026
1986-10-01,0.1278986781835556
1986-10-02,0.1278986781835556
1986-10-03,0.1294210255146026
1986-10-06,0.1355115920305252
1986-10-07,0.1385567337274551
1986-10-08,0.1385567337274551
1986-10-09,0.1355115920305252
1986-10-10,0.1324662566184997
1986-10-13,0.1309439837932586
1986-10-14,0.1339892297983169
1986-10-15,0.1400797367095947
1986-10-16,0.1461702287197113
1986-10-17,0.1461702287197113
1986-10-20,0.1400797367095947
1986-10-21,0.1400797367095947
1986-10-22,0.1400797367095947
1986-10-23,0.143124982714653
1986-10-24,0.1416020393371582
1986-10-27,0.1416020393371582
1986-10-28,0.1446473598480224
1986-10-29,0.1461702287197113
1986-10-30,0.1492153853178024
1986-10-31,0.1492153853178024
1986-11-03,0.1492153853178024
1986-11-04,0.1446473598480224
1986-11-05,0.1461702287197113
1986-11-06,0.1446473598480224
1986-11-07,0.1461702287197113
1986-11-10,0.1461702287197113
1986-11-11,0.143124982714653
1986-11-12,0.1461702287197113
1986-11-13,0.1461702287197113
1986-11-14,0.1476924568414688
1986-11-17,0.143124982714653
1986-11-18,0.137034386396408
1986-11-19,0.1309439837932586
1986-11-20,0.137034386396408
1986-11-21,0.137034386396408
1986-11-24,0.1385567337274551
1986-11-25,0.1446473598480224
1986-11-26,0.143124982714653
1986-11-28,0.143124982714653
1986-12-01,0.1416020393371582
1986-12-02,0.1461702287197113
1986-12-03,0.1446473598480224
1986-12-04,0.1446473598480224
1986-12-05,0.1461702287197113
1986-12-08,0.1446473598480224
1986-12-09,0.1461702287197113
1986-12-10,0.1461702287197113
1986-12-11,0.1446473598480224
1986-12-12,0.1446473598480224
1986-12-15,0.1461702287197113
1986-12-16,0.1446473598480224
1986-12-17,0.1446473598480224
1986-12-18,0.1446473598480224
1986-12-19,0.1492153853178024
1986-12-22,0.1507378220558166
1986-12-23,0.1476924568414688
1986-12-24,0.1492153853178024
1986-12-26,0.1522601395845413
1986-12-29,0.1522601395845413
1986-12-30,0.1522601395845413
1986-12-31,0.1507378220558166
1987-01-02,0.1537830382585525
1987-01-05,0.167486310005188
1987-01-06,0.1750992387533188
1987-01-07,0.1766221076250076
1987-01-08,0.179667443037033
1987-01-09,0.1766221076250076
1987-01-12,0.1735768616199493
1987-01-13,0.1690092980861663
1987-01-14,0.1735768616199493
1987-01-15,0.1720539629459381
1987-01-16,0.1705315858125686
1987-01-19,0.1735768616199493
1987-01-20,0.1705315858125686
1987-01-21,0.1690092980861663
1987-01-22,0.1720539629459381
1987-01-23,0.1705315858125686
1987-01-26,0.1690092980861663
1987-01-27,0.1690092980861663
1987-01-28,0.1690092980861663
1987-01-29,0.1827127039432525
1987-01-30,0.1979382038116455
1987-02-02,0.2055517137050628
1987-02-03,0.2268678843975067
1987-02-04,0.2207773476839065
1987-02-05,0.2314360290765762
1987-02-06,0.2436163872480392
1987-02-09,0.2405711263418197
1987-02-10,0.2299131006002426
1987-02-11,0.2268678843975067
1987-02-12,0.2299131006002426
1987-02-13,0.2360035628080368
1987-02-17,0.2466616481542587
1987-02-18,0.2375259399414062
1987-02-19,0.2420941144227981
1987-02-20,0.2420941144227981
1987-02-23,0.2283906936645507
1987-02-24,0.2329582273960113
1987-02-25,0.2253455370664596
1987-02-26,0.2253455370664596
1987-02-27,0.2238226234912872
1987-03-02,0.2283906936645507
1987-03-03,0.2268678843975067
1987-03-04,0.2466616481542587
1987-03-05,0.2557973563671112
1987-03-06,0.2679784595966339
1987-03-09,0.2710237503051758
1987-03-10,0.2801588773727417
1987-03-11,0.2923399209976196
1987-03-12,0.2984302043914795
1987-03-13,0.3014756441116333
1987-03-16,0.3014756441116333
1987-03-17,0.3014756441116333
1987-03-18,0.2984302043914795
1987-03-19,0.286249428987503
1987-03-20,0.2953849136829376
1987-03-23,0.2923399209976196
1987-03-24,0.2908174991607666
1987-03-25,0.286249428987503
1987-03-26,0.2892947196960449
1987-03-27,0.286249428987503
1987-03-30,0.2755912244319916
1987-03-31,0.2847269177436828
1987-04-01,0.2816816866397857
1987-04-02,0.2892947196960449
1987-04-03,0.3014756441116333
1987-04-06,0.3151786625385284
1987-04-07,0.3075660765171051
1987-04-08,0.3029977977275848
1987-04-09,0.304520845413208
1987-04-10,0.304520845413208
1987-04-13,0.304520845413208
1987-04-14,0.2938626408576965
1987-04-15,0.2908174991607666
1987-04-16,0.2984302043914795
1987-04-20,0.3121335208415985
1987-04-21,0.309088259935379
1987-04-22,0.3106112778186798
1987-04-23,0.3014756441116333
1987-04-24,0.2923399209976196
1987-04-27,0.2892947196960449
1987-04-28,0.2877722382545471
1987-04-29,0.2892947196960449
1987-04-30,0.2892947196960449
1987-05-01,0.2877722382545471
1987-05-04,0.2832040786743164
1987-05-05,0.2938626408576965
1987-05-06,0.2923399209976196
1987-05-07,0.2969080805778503
1987-05-08,0.2969080805778503
1987-05-11,0.2953849136829376
1987-05-12,0.2923399209976196
1987-05-13,0.286249428987503
1987-05-14,0.286249428987503
1987-05-15,0.2801588773727417
1987-05-18,0.272546112537384
1987-05-19,0.263410210609436
1987-05-20,0.2618879675865173
1987-05-21,0.2664554417133331
1987-05-22,0.2664554417133331
1987-05-26,0.2710237503051758
1987-05-27,0.272546112537384
1987-05-28,0.2710237503051758
1987-05-29,0.2984302043914795
1987-06-01,0.304520845413208
1987-06-02,0.2969080805778503
1987-06-03,0.2969080805778503
1987-06-04,0.2923399209976196
1987-06-05,0.2938626408576965
1987-06-08,0.2877722382545471
1987-06-09,0.2801588773727417
1987-06-10,0.2892947196960449
1987-06-11,0.2801588773727417
1987-06-12,0.2832040786743164
1987-06-15,0.2786363363265991
1987-06-16,0.2847269177436828
1987-06-17,0.2786363363265991
1987-06-18,0.2771140038967132
1987-06-19,0.2847269177436828
1987-06-22,0.2877722382545471
1987-06-23,0.2892947196960449
1987-06-24,0.2892947196960449
1987-06-25,0.2877722382545471
1987-06-26,0.2877722382545471
1987-06-29,0.2892947196960449
1987-06-30,0.2877722382545471
1987-07-01,0.2847269177436828
1987-07-02,0.2847269177436828
1987-07-06,0.2832040786743164
1987-07-07,0.2816816866397857
1987-07-08,0.2755912244319916
1987-07-09,0.286249428987503
1987-07-10,0.2908174991607666
1987-07-13,0.2908174991607666
1987-07-14,0.3075660765171051
1987-07-15,0.304520845413208
1987-07-16,0.2999527752399444
1987-07-17,0.2984302043914795
1987-07-20,0.2953849136829376
1987-07-21,0.2953849136829376
1987-07-22,0.2953849136829376
1987-07-23,0.2953849136829376
1987-07-24,0.304520845413208
1987-07-27,0.309088259935379
1987-07-28,0.3075660765171051
1987-07-29,0.3121335208415985
1987-07-30,0.3167018890380859
1987-07-31,0.3243148028850555
1987-08-03,0.330405056476593
1987-08-04,0.3319275379180908
1987-08-05,0.3471537232398987
1987-08-06,0.357811689376831
1987-08-07,0.371515154838562
1987-08-10,0.3623800277709961
1987-08-11,0.3669475615024566
1987-08-12,0.3639023602008819
1987-08-13,0.3654247522354126
1987-08-14,0.3562895357608795
1987-08-17,0.3639023602008819
1987-08-18,0.3547665178775787
1987-08-19,0.3517212271690368
1987-08-20,0.3501989245414734
1987-08-21,0.3562895357608795
1987-08-24,0.3501989245414734
1987-08-25,0.3532442152500152
1987-08-26,0.3456307053565979
1987-08-27,0.3441084921360016
1987-08-28,0.3425856232643127
1987-08-31,0.3486761450767517
1987-09-01,0.3410631716251373
1987-09-02,0.330405056476593
1987-09-03,0.3258369266986847
1987-09-04,0.3243148028850555
1987-09-08,0.3151786625385284
1987-09-09,0.3106112778186798
1987-09-10,0.3258369266986847
1987-09-11,0.3623800277709961
1987-09-14,0.3684699237346649
1987-09-15,0.3623800277709961
1987-09-16,0.3380180299282074
1987-09-17,0.3562895357608795
1987-09-18,0.3471537232398987
1987-09-21,0.3471537232398987
1987-09-22,0.3471537232398987
1987-09-23,0.3501989245414734
1987-09-24,0.3593348860740661
1987-09-25,0.3745604157447815
1987-09-28,0.4050127863883972
1987-09-29,0.401967704296112
1987-09-30,0.3867413401603699
1987-10-01,0.371515154838562
1987-10-02,0.377605676651001
1987-10-05,0.377605676651001
1987-10-06,0.3532442152500152
1987-10-07,0.3593348860740661
1987-10-08,0.3623800277709961
1987-10-09,0.3532442152500152
1987-10-12,0.3380180299282074
1987-10-13,0.3532442152500152
1987-10-14,0.334972620010376
1987-10-15,0.3288823068141937
1987-10-16,0.3014756441116333
1987-10-19,0.2253455370664596
1987-10-20,0.2375259399414062
1987-10-21,0.2679784595966339
1987-10-22,0.2283906936645507
1987-10-23,0.2344812899827957
1987-10-26,0.2009835839271545
1987-10-27,0.204028844833374
1987-10-28,0.1857578307390213
1987-10-29,0.1918484270572662
1987-10-30,0.1857578307390213
1987-11-02,0.2070739716291427
1987-11-03,0.204028844833374
1987-11-04,0.1979382038116455
1987-11-05,0.204028844833374
1987-11-06,0.2070739716291427
1987-11-09,0.1948929727077484
1987-11-10,0.1857578307390213
1987-11-11,0.1888031065464019
1987-11-12,0.1918484270572662
1987-11-13,0.1948929727077484
1987-11-16,0.1888031065464019
1987-11-17,0.1766221076250076
1987-11-18,0.1827127039432525
1987-11-19,0.179667443037033
1987-11-20,0.1766221076250076
1987-11-23,0.179667443037033
1987-11-24,0.1918484270572662
1987-11-25,0.1918484270572662
1987-11-27,0.1979382038116455
1987-11-30,0.1827127039432525
1987-12-01,0.179667443037033
1987-12-02,0.1766221076250076
1987-12-03,0.1705315858125686
1987-12-04,0.1583506464958191
1987-12-07,0.1613959074020385
1987-12-08,0.1735768616199493
1987-12-09,0.1888031065464019
1987-12-10,0.1827127039432525
1987-12-11,0.1735768616199493
1987-12-14,0.1918484270572662
1987-12-15,0.2131645232439041
1987-12-16,0.2131645232439041
1987-12-17,0.2131645232439041
1987-12-18,0.2192550003528595
1987-12-21,0.2162098288536071
1987-12-22,0.2162098288536071
1987-12-23,0.2253455370664596
1987-12-24,0.2253455370664596
1987-12-28,0.2101192772388458
1987-12-29,0.2101192772388458
1987-12-30,0.204028844833374
1987-12-31,0.2070739716291427
1988-01-04,0.2192550003528595
1988-01-05,0.2131645232439041
1988-01-06,0.2101192772388458
1988-01-07,0.2070739716291427
1988-01-08,0.1827127039432525
1988-01-11,0.1918484270572662
1988-01-12,0.1948929727077484
1988-01-13,0.1918484270572662
1988-01-14,0.1918484270572662
1988-01-15,0.2009835839271545
1988-01-18,0.2131645232439041
1988-01-19,0.2131645232439041
1988-01-20,0.2131645232439041
1988-01-21,0.2192550003528595
1988-01-22,0.2283906936645507
1988-01-25,0.2314360290765762
1988-01-26,0.2253455370664596
1988-01-27,0.2223003357648849
1988-01-28,0.2162098288536071
1988-01-29,0.2314360290765762
1988-02-01,0.2375259399414062
1988-02-02,0.2314360290765762
1988-02-03,0.2192550003528595
1988-02-04,0.2192550003528595
1988-02-05,0.2223003357648849
1988-02-08,0.2101192772388458
1988-02-09,0.2070739716291427
1988-02-10,0.2314360290765762
1988-02-11,0.2253455370664596
1988-02-12,0.2314360290765762
1988-02-16,0.2314360290765762
1988-02-17,0.2405711263418197
1988-02-18,0.2588426172733307
1988-02-19,0.2436163872480392
1988-02-22,0.2527521848678589
1988-02-23,0.2436163872480392
1988-02-24,0.2557973563671112
1988-02-25,0.2557973563671112
1988-02-26,0.2557973563671112
1988-02-29,0.2649331390857696
1988-03-01,0.2649331390857696
1988-03-02,0.2649331390857696
1988-03-03,0.2618879675865173
1988-03-04,0.2618879675865173
1988-03-07,0.2557973563671112
1988-03-08,0.2649331390857696
1988-03-09,0.2740687727928161
1988-03-10,0.2679784595966339
1988-03-11,0.2679784595966339
1988-03-14,0.2710237503051758
1988-03-15,0.286249428987503
1988-03-16,0.2892947196960449
1988-03-17,0.2953849136829376
1988-03-18,0.286249428987503
1988-03-21,0.286249428987503
1988-03-22,0.2892947196960449
1988-03-23,0.2953849136829376
1988-03-24,0.2801588773727417
1988-03-25,0.286249428987503
1988-03-28,0.2801588773727417
1988-03-29,0.286249428987503
1988-03-30,0.286249428987503
1988-03-31,0.2832040786743164
1988-04-04,0.2892947196960449
1988-04-05,0.2892947196960449
1988-04-06,0.2984302043914795
1988-04-07,0.3167018890380859
1988-04-08,0.334972620010376
1988-04-11,0.3288823068141937
1988-04-12,0.3380180299282074
1988-04-13,0.3441084921360016
1988-04-14,0.3288823068141937
1988-04-15,0.3288823068141937
1988-04-18,0.3532442152500152
1988-04-19,0.3532442152500152
1988-04-20,0.3441084921360016
1988-04-21,0.3471537232398987
1988-04-22,0.3654247522354126
1988-04-25,0.3562895357608795
1988-04-26,0.3654247522354126
1988-04-27,0.3684699237346649
1988-04-28,0.371515154838562
1988-04-29,0.3867413401603699
1988-05-02,0.3836962282657623
1988-05-03,0.3806507587432861
1988-05-04,0.377605676651001
1988-05-05,0.3745604157447815
1988-05-06,0.401967704296112
1988-05-09,0.3897865414619446
1988-05-10,0.3897865414619446
1988-05-11,0.3623800277709961
1988-05-12,0.3654247522354126
1988-05-13,0.371515154838562
1988-05-16,0.371515154838562
1988-05-17,0.3623800277709961
1988-05-18,0.3471537232398987
1988-05-19,0.3441084921360016
1988-05-20,0.3532442152500152
1988-05-23,0.3623800277709961
1988-05-24,0.3623800277709961
1988-05-25,0.3593348860740661
1988-05-26,0.3562895357608795
1988-05-27,0.3501989245414734
1988-05-31,0.3410631716251373
1988-06-01,0.3562895357608795
1988-06-02,0.377605676651001
1988-06-03,0.3867413401603699
1988-06-06,0.3867413401603699
1988-06-07,0.395876944065094
1988-06-08,0.4171932935714721
1988-06-09,0.438510000705719
1988-06-10,0.4263290464878082
1988-06-13,0.4324196577072143
1988-06-14,0.4263290464878082
1988-06-15,0.4446006715297699
1988-06-16,0.4354647397994995
1988-06-17,0.4476458728313446
1988-06-20,0.4446006715297699
1988-06-21,0.4415552020072937
1988-06-22,0.4567807912826538
1988-06-23,0.4750523865222931
1988-06-24,0.4780976474285126
1988-06-27,0.4689619541168213
1988-06-28,0.4598262012004852
1988-06-29,0.4567807912826538
1988-06-30,0.4476458728313446
1988-07-01,0.4598262012004852
1988-07-05,0.4872333109378814
1988-07-06,0.4720071256160736
1988-07-07,0.4720071256160736
1988-07-08,0.4689619541168213
1988-07-11,0.4689619541168213
1988-07-12,0.4598262012004852
1988-07-13,0.4689619541168213
1988-07-14,0.4750523865222931
1988-07-15,0.4689619541168213
1988-07-18,0.4659164547920227
1988-07-19,0.4598262012004852
1988-07-20,0.4567807912826538
1988-07-21,0.4689619541168213
1988-07-22,0.4689619541168213
1988-07-25,0.4598262012004852
1988-07-26,0.4567807912826538
1988-07-27,0.4354647397994995
1988-07-28,0.4506905376911163
1988-07-29,0.4659164547920227
1988-08-01,0.4628714323043823
1988-08-02,0.4720071256160736
1988-08-03,0.4720071256160736
1988-08-04,0.4659164547920227
1988-08-05,0.4598262012004852
1988-08-08,0.4537357687950134
1988-08-09,0.438510000705719
1988-08-10,0.4324196577072143
1988-08-11,0.4202385544776916
1988-08-12,0.4202385544776916
1988-08-15,0.4202385544776916
1988-08-16,0.4202385544776916
1988-08-17,0.4141479432582855
1988-08-18,0.4171932935714721
1988-08-19,0.4232838153839111
1988-08-22,0.401967704296112
1988-08-23,0.395876944065094
1988-08-24,0.408057689666748
1988-08-25,0.3867413401603699
1988-08-26,0.3897865414619446
1988-08-29,0.401967704296112
1988-08-30,0.408057689666748
1988-08-31,0.408057689666748
1988-09-01,0.401967704296112
1988-09-02,0.4050127863883972
1988-09-06,0.408057689666748
1988-09-07,0.4171932935714721
1988-09-08,0.4171932935714721
1988-09-09,0.4232838153839111
1988-09-12,0.4202385544776916
1988-09-13,0.4232838153839111
1988-09-14,0.4324196577072143
1988-09-15,0.4232838153839111
1988-09-16,0.4202385544776916
1988-09-19,0.4171932935714721
1988-09-20,0.4111027717590332
1988-09-21,0.4111027717590332
1988-09-22,0.4111027717590332
1988-09-23,0.4141479432582855
1988-09-26,0.4141479432582855
1988-09-27,0.4141479432582855
1988-09-28,0.4111027717590332
1988-09-29,0.4141479432582855
1988-09-30,0.3897865414619446
1988-10-03,0.3928318619728088
1988-10-04,0.3897865414619446
1988-10-05,0.3836962282657623
1988-10-06,0.3654247522354126
1988-10-07,0.3897865414619446
1988-10-10,0.3867413401603699
1988-10-11,0.371515154838562
1988-10-12,0.3623800277709961
1988-10-13,0.3593348860740661
1988-10-14,0.3562895357608795
1988-10-17,0.3380180299282074
1988-10-18,0.3471537232398987
1988-10-19,0.3410631716251373
1988-10-20,0.334972620010376
1988-10-21,0.3288823068141937
1988-10-24,0.3410631716251373
1988-10-25,0.3410631716251373
1988-10-26,0.3441084921360016
1988-10-27,0.3380180299282074
1988-10-28,0.3410631716251373
1988-10-31,0.3319275379180908
1988-11-01,0.3319275379180908
1988-11-02,0.334972620010376
1988-11-03,0.3410631716251373
1988-11-04,0.3380180299282074
1988-11-07,0.334972620010376
1988-11-08,0.3319275379180908
1988-11-09,0.3319275379180908
1988-11-10,0.3258369266986847
1988-11-11,0.3167018890380859
1988-11-14,0.3197470009326935
1988-11-15,0.3319275379180908
1988-11-16,0.3258369266986847
1988-11-17,0.3167018890380859
1988-11-18,0.3136565387248993
1988-11-21,0.3136565387248993
1988-11-22,0.3136565387248993
1988-11-23,0.3106112778186798
1988-11-25,0.3288823068141937
1988-11-28,0.3258369266986847
1988-11-29,0.3167018890380859
1988-11-30,0.3197470009326935
1988-12-01,0.3227918148040771
1988-12-02,0.3197470009326935
1988-12-05,0.3258369266986847
1988-12-06,0.3380180299282074
1988-12-07,0.334972620010376
1988-12-08,0.334972620010376
1988-12-09,0.334972620010376
1988-12-12,0.334972620010376
1988-12-13,0.334972620010376
1988-12-14,0.3319275379180908
1988-12-15,0.3288823068141937
1988-12-16,0.3288823068141937
1988-12-19,0.3258369266986847
1988-12-20,0.3288823068141937
1988-12-21,0.3258369266986847
1988-12-22,0.3319275379180908
1988-12-23,0.3319275379180908
1988-12-27,0.3288823068141937
1988-12-28,0.334972620010376
1988-12-29,0.334972620010376
1988-12-30,0.3441084921360016
1989-01-03,0.3441084921360016
1989-01-04,0.3471537232398987
1989-01-05,0.3441084921360016
1989-01-06,0.3532442152500152
1989-01-09,0.3623800277709961
1989-01-10,0.3593348860740661
1989-01-11,0.3593348860740661
1989-01-12,0.3593348860740661
1989-01-13,0.3593348860740661
1989-01-16,0.3501989245414734
1989-01-17,0.3410631716251373
1989-01-18,0.334972620010376
1989-01-19,0.3227918148040771
1989-01-20,0.3288823068141937
1989-01-23,0.3380180299282074
1989-01-24,0.3380180299282074
1989-01-25,0.3288823068141937
1989-01-26,0.3258369266986847
1989-01-27,0.3319275379180908
1989-01-30,0.3288823068141937
1989-01-31,0.3380180299282074
1989-02-01,0.3380180299282074
1989-02-02,0.3441084921360016
1989-02-03,0.3532442152500152
1989-02-06,0.3562895357608795
1989-02-07,0.3654247522354126
1989-02-08,0.3593348860740661
1989-02-09,0.3532442152500152
1989-02-10,0.3471537232398987
1989-02-13,0.3562895357608795
1989-02-14,0.3593348860740661
1989-02-15,0.3654247522354126
1989-02-16,0.3654247522354126
1989-02-17,0.3654247522354126
1989-02-21,0.3562895357608795
1989-02-22,0.3532442152500152
1989-02-23,0.3562895357608795
1989-02-24,0.3471537232398987
1989-02-27,0.3471537232398987
1989-02-28,0.3471537232398987
1989-03-01,0.3471537232398987
1989-03-02,0.3562895357608795
1989-03-03,0.3593348860740661
1989-03-06,0.3654247522354126
1989-03-07,0.3623800277709961
1989-03-08,0.3654247522354126
1989-03-09,0.3654247522354126
1989-03-10,0.3654247522354126
1989-03-13,0.3593348860740661
1989-03-14,0.3654247522354126
1989-03-15,0.3623800277709961
1989-03-16,0.3654247522354126
1989-03-17,0.3532442152500152
1989-03-20,0.3501989245414734
1989-03-21,0.3623800277709961
1989-03-22,0.3654247522354126
1989-03-23,0.3623800277709961
1989-03-27,0.3623800277709961
1989-03-28,0.377605676651001
1989-03-29,0.408057689666748
1989-03-30,0.401967704296112
1989-03-31,0.395876944065094
1989-04-03,0.3928318619728088
1989-04-04,0.3928318619728088
1989-04-05,0.3928318619728088
1989-04-06,0.3836962282657623
1989-04-07,0.3836962282657623
1989-04-10,0.3836962282657623
1989-04-11,0.3897865414619446
1989-04-12,0.3836962282657623
1989-04-13,0.3928318619728088
1989-04-14,0.408057689666748
1989-04-17,0.4111027717590332
1989-04-18,0.4111027717590332
1989-04-19,0.4171932935714721
1989-04-20,0.4171932935714721
1989-04-21,0.4232838153839111
1989-04-24,0.4141479432582855
1989-04-25,0.4141479432582855
1989-04-26,0.4171932935714721
1989-04-27,0.4171932935714721
1989-04-28,0.4171932935714721
1989-05-01,0.4171932935714721
1989-05-02,0.4141479432582855
1989-05-03,0.4111027717590332
1989-05-04,0.408057689666748
1989-05-05,0.4141479432582855
1989-05-08,0.4111027717590332
1989-05-09,0.4111027717590332
1989-05-10,0.408057689666748
1989-05-11,0.408057689666748
1989-05-12,0.4141479432582855
1989-05-15,0.4141479432582855
1989-05-16,0.4111027717590332
1989-05-17,0.4141479432582855
1989-05-18,0.4111027717590332
1989-05-19,0.4111027717590332
1989-05-22,0.4111027717590332
1989-05-23,0.4141479432582855
1989-05-24,0.4141479432582855
1989-05-25,0.4111027717590332
1989-05-26,0.4111027717590332
1989-05-30,0.4141479432582855
1989-05-31,0.4141479432582855
1989-06-01,0.4111027717590332
1989-06-02,0.4141479432582855
1989-06-05,0.4202385544776916
1989-06-06,0.4202385544776916
1989-06-07,0.4202385544776916
1989-06-08,0.4141479432582855
1989-06-09,0.4171932935714721
1989-06-12,0.4141479432582855
1989-06-13,0.4111027717590332
1989-06-14,0.4141479432582855
1989-06-15,0.4141479432582855
1989-06-16,0.4171932935714721
1989-06-19,0.4141479432582855
1989-06-20,0.4141479432582855
1989-06-21,0.4202385544776916
1989-06-22,0.4202385544776916
1989-06-23,0.4354647397994995
1989-06-26,0.4202385544776916
1989-06-27,0.4232838153839111
1989-06-28,0.4202385544776916
1989-06-29,0.4111027717590332
1989-06-30,0.4141479432582855
1989-07-03,0.4141479432582855
1989-07-05,0.4111027717590332
1989-07-06,0.4141479432582855
1989-07-07,0.4171932935714721
1989-07-10,0.4232838153839111
1989-07-11,0.4293743968009949
1989-07-12,0.4324196577072143
1989-07-13,0.4354647397994995
1989-07-14,0.4354647397994995
1989-07-17,0.4324196577072143
1989-07-18,0.4324196577072143
1989-07-19,0.4415552020072937
1989-07-20,0.4354647397994995
1989-07-21,0.4293743968009949
1989-07-24,0.438510000705719
1989-07-25,0.438510000705719
1989-07-26,0.4232838153839111
1989-07-27,0.408057689666748
1989-07-28,0.4111027717590332
1989-07-31,0.4232838153839111
1989-08-01,0.4141479432582855
1989-08-02,0.4202385544776916
1989-08-03,0.4293743968009949
1989-08-04,0.4324196577072143
1989-08-07,0.4324196577072143
1989-08-08,0.4415552020072937
1989-08-09,0.438510000705719
1989-08-10,0.4324196577072143
1989-08-11,0.4202385544776916
1989-08-14,0.4232838153839111
1989-08-15,0.4171932935714721
1989-08-16,0.4171932935714721
1989-08-17,0.4171932935714721
1989-08-18,0.4141479432582855
1989-08-21,0.4141479432582855
1989-08-22,0.408057689666748
1989-08-23,0.4202385544776916
1989-08-24,0.4263290464878082
1989-08-25,0.4232838153839111
1989-08-28,0.4232838153839111
1989-08-29,0.4263290464878082
1989-08-30,0.438510000705719
1989-08-31,0.4293743968009949
1989-09-01,0.4293743968009949
1989-09-05,0.4263290464878082
1989-09-06,0.4293743968009949
1989-09-07,0.4263290464878082
1989-09-08,0.4293743968009949
1989-09-11,0.4202385544776916
1989-09-12,0.4171932935714721
1989-09-13,0.4111027717590332
1989-09-14,0.401967704296112
1989-09-15,0.4050127863883972
1989-09-18,0.408057689666748
1989-09-19,0.4050127863883972
1989-09-20,0.401967704296112
1989-09-21,0.398922324180603
1989-09-22,0.395876944065094
1989-09-25,0.3867413401603699
1989-09-26,0.395876944065094
1989-09-27,0.3897865414619446
1989-09-28,0.398922324180603
1989-09-29,0.401967704296112
1989-10-02,0.4141479432582855
1989-10-03,0.4263290464878082
1989-10-04,0.4232838153839111
1989-10-05,0.4202385544776916
1989-10-06,0.4111027717590332
1989-10-09,0.4111027717590332
1989-10-10,0.401967704296112
1989-10-11,0.3897865414619446
1989-10-12,0.3867413401603699
1989-10-13,0.3532442152500152
1989-10-16,0.3562895357608795
1989-10-17,0.3623800277709961
1989-10-18,0.3745604157447815
1989-10-19,0.3836962282657623
1989-10-20,0.371515154838562
1989-10-23,0.3745604157447815
1989-10-24,0.371515154838562
1989-10-25,0.3684699237346649
1989-10-26,0.3593348860740661
1989-10-27,0.3593348860740661
1989-10-30,0.3593348860740661
1989-10-31,0.3593348860740661
1989-11-01,0.3654247522354126
1989-11-02,0.3562895357608795
1989-11-03,0.3593348860740661
1989-11-06,0.3593348860740661
1989-11-07,0.3593348860740661
1989-11-08,0.3654247522354126
1989-11-09,0.371515154838562
1989-11-10,0.377605676651001
1989-11-13,0.3836962282657623
1989-11-14,0.398922324180603
1989-11-15,0.4111027717590332
1989-11-16,0.438510000705719
1989-11-17,0.4232838153839111
1989-11-20,0.4202385544776916
1989-11-21,0.438510000705719
1989-11-22,0.4354647397994995
1989-11-24,0.4232838153839111
1989-11-27,0.4171932935714721
1989-11-28,0.4141479432582855
1989-11-29,0.4141479432582855
1989-11-30,0.4111027717590332
1989-12-01,0.408057689666748
1989-12-04,0.408057689666748
1989-12-05,0.398922324180603
1989-12-06,0.3867413401603699
1989-12-07,0.3806507587432861
1989-12-08,0.3684699237346649
1989-12-11,0.3684699237346649
1989-12-12,0.3654247522354126
1989-12-13,0.371515154838562
1989-12-14,0.3745604157447815
1989-12-15,0.371515154838562
1989-12-18,0.3623800277709961
1989-12-19,0.3654247522354126
1989-12-20,0.3623800277709961
1989-12-21,0.3623800277709961
1989-12-22,0.3593348860740661
1989-12-26,0.3593348860740661
1989-12-27,0.3593348860740661
1989-12-28,0.3593348860740661
1989-12-29,0.371515154838562
1990-01-02,0.377605676651001
1990-01-03,0.377605676651001
1990-01-04,0.3836962282657623
1990-01-05,0.377605676651001
1990-01-08,0.3745604157447815
1990-01-09,0.3654247522354126
1990-01-10,0.3623800277709961
1990-01-11,0.3623800277709961
1990-01-12,0.3562895357608795
1990-01-15,0.3562895357608795
1990-01-16,0.3532442152500152
1990-01-17,0.3532442152500152
1990-01-18,0.3532442152500152
1990-01-19,0.3532442152500152
1990-01-22,0.3471537232398987
1990-01-23,0.3532442152500152
1990-01-24,0.3501989245414734
1990-01-25,0.3471537232398987
1990-01-26,0.3410631716251373
1990-01-29,0.3410631716251373
1990-01-30,0.3410631716251373
1990-01-31,0.3501989245414734
1990-02-01,0.3562895357608795
1990-02-02,0.3562895357608795
1990-02-05,0.3532442152500152
1990-02-06,0.3562895357608795
1990-02-07,0.3532442152500152
1990-02-08,0.371515154838562
1990-02-09,0.377605676651001
1990-02-12,0.3684699237346649
1990-02-13,0.3593348860740661
1990-02-14,0.3532442152500152
1990-02-15,0.3623800277709961
1990-02-16,0.3684699237346649
1990-02-20,0.3623800277709961
1990-02-21,0.3623800277709961
1990-02-22,0.371515154838562
1990-02-23,0.3593348860740661
1990-02-26,0.3623800277709961
1990-02-27,0.3593348860740661
1990-02-28,0.3593348860740661
1990-03-01,0.3684699237346649
1990-03-02,0.3745604157447815
1990-03-05,0.3806507587432861
1990-03-06,0.3745604157447815
1990-03-07,0.3684699237346649
1990-03-08,0.371515154838562
1990-03-09,0.371515154838562
1990-03-12,0.377605676651001
1990-03-13,0.377605676651001
1990-03-14,0.3836962282657623
1990-03-15,0.3806507587432861
1990-03-16,0.3806507587432861
1990-03-19,0.3745604157447815
1990-03-20,0.3745604157447815
1990-03-21,0.371515154838562
1990-03-22,0.3745604157447815
1990-03-23,0.377605676651001
1990-03-26,0.377605676651001
1990-03-27,0.3745604157447815
1990-03-28,0.3684699237346649
1990-03-29,0.371515154838562
1990-03-30,0.3654247522354126
1990-04-02,0.377605676651001
1990-04-03,0.4324196577072143
1990-04-04,0.4293743968009949
1990-04-05,0.4354647397994995
1990-04-06,0.4537357687950134
1990-04-09,0.4537357687950134
1990-04-10,0.4446006715297699
1990-04-11,0.438510000705719
1990-04-12,0.4263290464878082
1990-04-16,0.4202385544776916
1990-04-17,0.4324196577072143
1990-04-18,0.438510000705719
1990-04-19,0.438510000705719
1990-04-20,0.4476458728313446
1990-04-23,0.4354647397994995
1990-04-24,0.4354647397994995
1990-04-25,0.4415552020072937
1990-04-26,0.4354647397994995
1990-04-27,0.4446006715297699
1990-04-30,0.4446006715297699
1990-05-01,0.4415552020072937
1990-05-02,0.438510000705719
1990-05-03,0.4293743968009949
1990-05-04,0.4354647397994995
1990-05-07,0.438510000705719
1990-05-08,0.438510000705719
1990-05-09,0.4324196577072143
1990-05-10,0.4446006715297699
1990-05-11,0.4659164547920227
1990-05-14,0.4841882288455963
1990-05-15,0.4902786016464233
1990-05-16,0.4872333109378814
1990-05-17,0.4902786016464233
1990-05-18,0.5115947127342224
1990-05-21,0.5268210172653198
1990-05-22,0.5359563827514648
1990-05-23,0.5420469641685486
1990-05-24,0.5390011668205261
1990-05-25,0.5359563827514648
1990-05-29,0.5298662781715393
1990-05-30,0.5146400332450867
1990-05-31,0.5115947127342224
1990-06-01,0.5176852345466614
1990-06-04,0.5207306146621704
1990-06-05,0.5207306146621704
1990-06-06,0.5115947127342224
1990-06-07,0.5115947127342224
1990-06-08,0.5055043697357178
1990-06-11,0.5115947127342224
1990-06-12,0.5055043697357178
1990-06-13,0.508549690246582
1990-06-14,0.5055043697357178
1990-06-15,0.5024590492248535
1990-06-18,0.4994136989116668
1990-06-19,0.4963685274124145
1990-06-20,0.4994136989116668
1990-06-21,0.4902786016464233
1990-06-22,0.4872333109378814
1990-06-25,0.4872333109378814
1990-06-26,0.4872333109378814
1990-06-27,0.4841882288455963
1990-06-28,0.4872333109378814
1990-06-29,0.4841882288455963
1990-07-02,0.4902786016464233
1990-07-03,0.4872333109378814
1990-07-05,0.5146400332450867
1990-07-06,0.5450922250747681
1990-07-09,0.5359563827514648
1990-07-10,0.5207306146621704
1990-07-11,0.532911479473114
1990-07-12,0.5359563827514648
1990-07-13,0.5420469641685486
1990-07-16,0.5359563827514648
1990-07-17,0.5390011668205261
1990-07-18,0.5450922250747681
1990-07-19,0.5450922250747681
1990-07-20,0.5359563827514648
1990-07-23,0.5115947127342224
1990-07-24,0.5207306146621704
1990-07-25,0.5481368899345398
1990-07-26,0.5390011668205261
1990-07-27,0.5298662781715393
1990-07-30,0.5603183507919312
1990-07-31,0.5359563827514648
1990-08-01,0.532911479473114
1990-08-02,0.5055043697357178
1990-08-03,0.4841882288455963
1990-08-06,0.4446006715297699
1990-08-07,0.4446006715297699
1990-08-08,0.4628714323043823
1990-08-09,0.4780976474285126
1990-08-10,0.4720071256160736
1990-08-13,0.4811428189277649
1990-08-14,0.4902786016464233
1990-08-15,0.4872333109378814
1990-08-16,0.4780976474285126
1990-08-17,0.4659164547920227
1990-08-20,0.4537357687950134
1990-08-21,0.4293743968009949
1990-08-22,0.4111027717590332
1990-08-23,0.377605676651001
1990-08-24,0.395876944065094
1990-08-27,0.4141479432582855
1990-08-28,0.4141479432582855
1990-08-29,0.4141479432582855
1990-08-30,0.4232838153839111
1990-08-31,0.4202385544776916
1990-09-04,0.4263290464878082
1990-09-05,0.438510000705719
1990-09-06,0.438510000705719
1990-09-07,0.4506905376911163
1990-09-10,0.4537357687950134
1990-09-11,0.4506905376911163
1990-09-12,0.4476458728313446
1990-09-13,0.4476458728313446
1990-09-14,0.438510000705719
1990-09-17,0.4324196577072143
1990-09-18,0.438510000705719
1990-09-19,0.4354647397994995
1990-09-20,0.4293743968009949
1990-09-21,0.408057689666748
1990-09-24,0.3867413401603699
1990-09-25,0.3806507587432861
1990-09-26,0.3745604157447815
1990-09-27,0.3623800277709961
1990-09-28,0.377605676651001
1990-10-01,0.3928318619728088
1990-10-02,0.3836962282657623
1990-10-03,0.3836962282657623
1990-10-04,0.3897865414619446
1990-10-05,0.3806507587432861
1990-10-08,0.3867413401603699
1990-10-09,0.377605676651001
1990-10-10,0.3654247522354126
1990-10-11,0.3593348860740661
1990-10-12,0.3684699237346649
1990-10-15,0.371515154838562
1990-10-16,0.3593348860740661
1990-10-17,0.3593348860740661
1990-10-18,0.3745604157447815
1990-10-19,0.371515154838562
1990-10-22,0.377605676651001
1990-10-23,0.3562895357608795
1990-10-24,0.3623800277709961
1990-10-25,0.3623800277709961
1990-10-26,0.3654247522354126
1990-10-29,0.3623800277709961
1990-10-30,0.3562895357608795
1990-10-31,0.3501989245414734
1990-11-01,0.3441084921360016
1990-11-02,0.3532442152500152
1990-11-05,0.3623800277709961
1990-11-06,0.3593348860740661
1990-11-07,0.3623800277709961
1990-11-08,0.3654247522354126
1990-11-09,0.3623800277709961
1990-11-12,0.371515154838562
1990-11-13,0.3654247522354126
1990-11-14,0.3623800277709961
1990-11-15,0.3593348860740661
1990-11-16,0.371515154838562
1990-11-19,0.3745604157447815
1990-11-20,0.3836962282657623
1990-11-21,0.3867413401603699
1990-11-23,0.3836962282657623
1990-11-26,0.377605676651001
1990-11-27,0.3897865414619446
1990-11-28,0.395876944065094
1990-11-29,0.398922324180603
1990-11-30,0.401967704296112
1990-12-03,0.395876944065094
1990-12-04,0.3897865414619446
1990-12-05,0.398922324180603
1990-12-06,0.395876944065094
1990-12-07,0.401967704296112
1990-12-10,0.4050127863883972
1990-12-11,0.401967704296112
1990-12-12,0.395876944065094
1990-12-13,0.3928318619728088
1990-12-14,0.3867413401603699
1990-12-17,0.3836962282657623
1990-12-18,0.377605676651001
1990-12-19,0.3654247522354126
1990-12-20,0.3684699237346649
1990-12-21,0.371515154838562
1990-12-24,0.371515154838562
1990-12-26,0.371515154838562
1990-12-27,0.3897865414619446
1990-12-28,0.3867413401603699
1990-12-31,0.3897865414619446
1991-01-02,0.395876944065094
1991-01-03,0.3897865414619446
1991-01-04,0.3928318619728088
1991-01-07,0.3897865414619446
1991-01-08,0.395876944065094
1991-01-09,0.3897865414619446
1991-01-10,0.398922324180603
1991-01-11,0.398922324180603
1991-01-14,0.3897865414619446
1991-01-15,0.3897865414619446
1991-01-16,0.395876944065094
1991-01-17,0.4141479432582855
1991-01-18,0.4171932935714721
1991-01-21,0.408057689666748
1991-01-22,0.4050127863883972
1991-01-23,0.395876944065094
1991-01-24,0.3928318619728088
1991-01-25,0.4111027717590332
1991-01-28,0.4141479432582855
1991-01-29,0.4263290464878082
1991-01-30,0.4506905376911163
1991-01-31,0.4598262012004852
1991-02-01,0.4567807912826538
1991-02-04,0.4750523865222931
1991-02-05,0.4841882288455963
1991-02-06,0.4720071256160736
1991-02-07,0.4780976474285126
1991-02-08,0.4902786016464233
1991-02-11,0.4902786016464233
1991-02-12,0.4841882288455963
1991-02-13,0.4811428189277649
1991-02-14,0.4872333109378814
1991-02-15,0.4872333109378814
1991-02-19,0.4811428189277649
1991-02-20,0.4689619541168213
1991-02-21,0.4750523865222931
1991-02-22,0.4811428189277649
1991-02-25,0.4689619541168213
1991-02-26,0.4720071256160736
1991-02-27,0.4720071256160736
1991-02-28,0.4689619541168213
1991-03-01,0.4841882288455963
1991-03-04,0.5024590492248535
1991-03-05,0.5268210172653198
1991-03-06,0.5298662781715393
1991-03-07,0.5237759351730347
1991-03-08,0.5420469641685486
1991-03-11,0.532911479473114
1991-03-12,0.5207306146621704
1991-03-13,0.5115947127342224
1991-03-14,0.4872333109378814
1991-03-15,0.4750523865222931
1991-03-18,0.4811428189277649
1991-03-19,0.4628714323043823
1991-03-20,0.4598262012004852
1991-03-21,0.4628714323043823
1991-03-22,0.4659164547920227
1991-03-25,0.4689619541168213
1991-03-26,0.4811428189277649
1991-03-27,0.4841882288455963
1991-03-28,0.4750523865222931
1991-04-01,0.4750523865222931
1991-04-02,0.4841882288455963
1991-04-03,0.4841882288455963
1991-04-04,0.4841882288455963
1991-04-05,0.4780976474285126
1991-04-08,0.4872333109378814
1991-04-09,0.4780976474285126
1991-04-10,0.4872333109378814
1991-04-11,0.4872333109378814
1991-04-12,0.4720071256160736
1991-04-15,0.4750523865222931
1991-04-16,0.4750523865222931
1991-04-17,0.4841882288455963
1991-04-18,0.4841882288455963
1991-04-19,0.4872333109378814
1991-04-22,0.4841882288455963
1991-04-23,0.4780976474285126
1991-04-24,0.4689619541168213
1991-04-25,0.4720071256160736
1991-04-26,0.4780976474285126
1991-04-29,0.4811428189277649
1991-04-30,0.4902786016464233
1991-05-01,0.4841882288455963
1991-05-02,0.4841882288455963
1991-05-03,0.4750523865222931
1991-05-06,0.4689619541168213
1991-05-07,0.4750523865222931
1991-05-08,0.4750523865222931
1991-05-09,0.4750523865222931
1991-05-10,0.4689619541168213
1991-05-13,0.4659164547920227
1991-05-14,0.4628714323043823
1991-05-15,0.4628714323043823
1991-05-16,0.4567807912826538
1991-05-17,0.4506905376911163
1991-05-20,0.4506905376911163
1991-05-21,0.438510000705719
1991-05-22,0.4446006715297699
1991-05-23,0.4506905376911163
1991-05-24,0.4446006715297699
1991-05-28,0.4506905376911163
1991-05-29,0.4476458728313446
1991-05-30,0.4659164547920227
1991-05-31,0.5115947127342224
1991-06-03,0.532911479473114
1991-06-04,0.5390011668205261
1991-06-05,0.5450922250747681
1991-06-06,0.5603183507919312
1991-06-07,0.5359563827514648
1991-06-10,0.5298662781715393
1991-06-11,0.5298662781715393
1991-06-12,0.532911479473114
1991-06-13,0.5359563827514648
1991-06-14,0.5237759351730347
1991-06-17,0.5450922250747681
1991-06-18,0.5420469641685486
1991-06-19,0.5390011668205261
1991-06-20,0.5390011668205261
1991-06-21,0.5481368899345398
1991-06-24,0.5359563827514648
1991-06-25,0.5359563827514648
1991-06-26,0.5237759351730347
1991-06-27,0.5237759351730347
1991-06-28,0.5237759351730347
1991-07-01,0.5390011668205261
1991-07-02,0.5450922250747681
1991-07-03,0.5572726726531982
1991-07-05,0.5542275309562683
1991-07-08,0.5511824488639832
1991-07-09,0.5420469641685486
1991-07-10,0.5390011668205261
1991-07-11,0.5359563827514648
1991-07-12,0.5420469641685486
1991-07-15,0.5390011668205261
1991-07-16,0.532911479473114
1991-07-17,0.5481368899345398
1991-07-18,0.5511824488639832
1991-07-19,0.5664087533950806
1991-07-22,0.5633633732795715
1991-07-23,0.5481368899345398
1991-07-24,0.5390011668205261
1991-07-25,0.5268210172653198
1991-07-26,0.5359563827514648
1991-07-29,0.5207306146621704
1991-07-30,0.5298662781715393
1991-07-31,0.5420469641685486
1991-08-01,0.5146400332450867
1991-08-02,0.5298662781715393
1991-08-05,0.5298662781715393
1991-08-06,0.5359563827514648
1991-08-07,0.5268210172653198
1991-08-08,0.5268210172653198
1991-08-09,0.5237759351730347
1991-08-12,0.5298662781715393
1991-08-13,0.5268210172653198
1991-08-14,0.532911479473114
1991-08-15,0.5359563827514648
1991-08-16,0.532911479473114
1991-08-19,0.5146400332450867
1991-08-20,0.5207306146621704
1991-08-21,0.5298662781715393
1991-08-22,0.532911479473114
1991-08-23,0.5481368899345398
1991-08-26,0.5450922250747681
1991-08-27,0.5450922250747681
1991-08-28,0.5572726726531982
1991-08-29,0.5572726726531982
1991-08-30,0.5572726726531982
1991-09-03,0.5572726726531982
1991-09-04,0.5572726726531982
1991-09-05,0.5603183507919312
1991-09-06,0.5572726726531982
1991-09-09,0.5572726726531982
1991-09-10,0.5542275309562683
1991-09-11,0.5542275309562683
1991-09-12,0.5542275309562683
1991-09-13,0.5481368899345398
1991-09-16,0.5481368899345398
1991-09-17,0.4720071256160736
1991-09-18,0.4567807912826538
1991-09-19,0.4720071256160736
1991-09-20,0.4811428189277649
1991-09-23,0.4872333109378814
1991-09-24,0.4963685274124145
1991-09-25,0.4963685274124145
1991-09-26,0.4902786016464233
1991-09-27,0.4872333109378814
1991-09-30,0.4902786016464233
1991-10-01,0.4933232963085174
1991-10-02,0.4811428189277649
1991-10-03,0.4750523865222931
1991-10-04,0.4689619541168213
1991-10-07,0.4628714323043823
1991-10-08,0.4628714323043823
1991-10-09,0.4506905376911163
1991-10-10,0.4537357687950134
1991-10-11,0.4537357687950134
1991-10-14,0.4567807912826538
1991-10-15,0.4659164547920227
1991-10-16,0.4659164547920227
1991-10-17,0.4750523865222931
1991-10-18,0.4689619541168213
1991-10-21,0.4659164547920227
1991-10-22,0.4628714323043823
1991-10-23,0.4720071256160736
1991-10-24,0.4628714323043823
1991-10-25,0.4628714323043823
1991-10-28,0.4659164547920227
1991-10-29,0.4659164547920227
1991-10-30,0.4628714323043823
1991-10-31,0.4628714323043823
1991-11-01,0.4628714323043823
1991-11-04,0.4659164547920227
1991-11-05,0.4628714323043823
1991-11-06,0.4659164547920227
1991-11-07,0.4780976474285126
1991-11-08,0.4720071256160736
1991-11-11,0.4689619541168213
1991-11-12,0.4811428189277649
1991-11-13,0.4720071256160736
1991-11-14,0.4720071256160736
1991-11-15,0.4628714323043823
1991-11-18,0.4598262012004852
1991-11-19,0.4659164547920227
1991-11-20,0.4598262012004852
1991-11-21,0.4567807912826538
1991-11-22,0.4598262012004852
1991-11-25,0.4628714323043823
1991-11-26,0.4506905376911163
1991-11-27,0.4506905376911163
1991-11-29,0.4506905376911163
1991-12-02,0.4537357687950134
1991-12-03,0.4537357687950134
1991-12-04,0.438510000705719
1991-12-05,0.4476458728313446
1991-12-06,0.4476458728313446
1991-12-09,0.4415552020072937
1991-12-10,0.4415552020072937
1991-12-11,0.438510000705719
1991-12-12,0.4415552020072937
1991-12-13,0.438510000705719
1991-12-16,0.438510000705719
1991-12-17,0.4506905376911163
1991-12-18,0.4446006715297699
1991-12-19,0.4415552020072937
1991-12-20,0.438510000705719
1991-12-23,0.4415552020072937
1991-12-24,0.4537357687950134
1991-12-26,0.4841882288455963
1991-12-27,0.4811428189277649
1991-12-30,0.4963685274124145
1991-12-31,0.4933232963085174
1992-01-02,0.4902786016464233
1992-01-03,0.4902786016464233
1992-01-06,0.4841882288455963
1992-01-07,0.4872333109378814
1992-01-08,0.4872333109378814
1992-01-09,0.4994136989116668
1992-01-10,0.4994136989116668
1992-01-13,0.4902786016464233
1992-01-14,0.4872333109378814
1992-01-15,0.5024590492248535
1992-01-16,0.5268210172653198
1992-01-17,0.5420469641685486
1992-01-20,0.5420469641685486
1992-01-21,0.5359563827514648
1992-01-22,0.532911479473114
1992-01-23,0.5237759351730347
1992-01-24,0.532911479473114
1992-01-27,0.5359563827514648
1992-01-28,0.5298662781715393
1992-01-29,0.5207306146621704
1992-01-30,0.5207306146621704
1992-01-31,0.5359563827514648
1992-02-03,0.5481368899345398
1992-02-04,0.5603183507919312
1992-02-05,0.5603183507919312
1992-02-06,0.5724993348121643
1992-02-07,0.5816344022750854
1992-02-10,0.5999060273170471
1992-02-11,0.5846798419952393
1992-02-12,0.5755444765090942
1992-02-13,0.5603183507919312
1992-02-14,0.5694538354873657
1992-02-18,0.5724993348121643
1992-02-19,0.5603183507919312
1992-02-20,0.5664087533950806
1992-02-21,0.5633633732795715
1992-02-24,0.5633633732795715
1992-02-25,0.5542275309562683
1992-02-26,0.5572726726531982
1992-02-27,0.5664087533950806
1992-02-28,0.5755444765090942
1992-03-02,0.5633633732795715
1992-03-03,0.5572726726531982
1992-03-04,0.5633633732795715
1992-03-05,0.5603183507919312
1992-03-06,0.5481368899345398
1992-03-09,0.5481368899345398
1992-03-10,0.5603183507919312
1992-03-11,0.5572726726531982
1992-03-12,0.5572726726531982
1992-03-13,0.5511824488639832
1992-03-16,0.5450922250747681
1992-03-17,0.5542275309562683
1992-03-18,0.5633633732795715
1992-03-19,0.5724993348121643
1992-03-20,0.5664087533950806
1992-03-23,0.5724993348121643
1992-03-24,0.5694538354873657
1992-03-25,0.5785894393920898
1992-03-26,0.5755444765090942
1992-03-27,0.5664087533950806
1992-03-30,0.5724993348121643
1992-03-31,0.5724993348121643
1992-04-01,0.5542275309562683
1992-04-02,0.5481368899345398
1992-04-03,0.5420469641685486
1992-04-06,0.5481368899345398
1992-04-07,0.532911479473114
1992-04-08,0.5176852345466614
1992-04-09,0.5207306146621704
1992-04-10,0.5298662781715393
1992-04-13,0.5237759351730347
1992-04-14,0.5359563827514648
1992-04-15,0.5390011668205261
1992-04-16,0.5542275309562683
1992-04-20,0.5511824488639832
1992-04-21,0.5664087533950806
1992-04-22,0.5633633732795715
1992-04-23,0.5572726726531982
1992-04-24,0.5694538354873657
1992-04-27,0.5694538354873657
1992-04-28,0.5633633732795715
1992-04-29,0.5846798419952393
1992-04-30,0.5846798419952393
1992-05-01,0.5724993348121643
1992-05-04,0.596860408782959
1992-05-05,0.5999060273170471
1992-05-06,0.5907698273658752
1992-05-07,0.5907698273658752
1992-05-08,0.5907698273658752
1992-05-11,0.5846798419952393
1992-05-12,0.5877246856689453
1992-05-13,0.5907698273658752
1992-05-14,0.5846798419952393
1992-05-15,0.5938157439231873
1992-05-18,0.5938157439231873
1992-05-19,0.5999060273170471
1992-05-20,0.5999060273170471
1992-05-21,0.5999060273170471
1992-05-22,0.596860408782959
1992-05-26,0.596860408782959
1992-05-27,0.5846798419952393
1992-05-28,0.5816344022750854
1992-05-29,0.5877246856689453
1992-06-01,0.5846798419952393
1992-06-02,0.5907698273658752
1992-06-03,0.5907698273658752
1992-06-04,0.5877246856689453
1992-06-05,0.6029512882232666
1992-06-08,0.6029512882232666
1992-06-09,0.609041690826416
1992-06-10,0.5907698273658752
1992-06-11,0.596860408782959
1992-06-12,0.596860408782959
1992-06-15,0.5999060273170471
1992-06-16,0.609041690826416
1992-06-17,0.5999060273170471
1992-06-18,0.5877246856689453
1992-06-19,0.5938157439231873
1992-06-22,0.5907698273658752
1992-06-23,0.5938157439231873
1992-06-24,0.5938157439231873
1992-06-25,0.5938157439231873
1992-06-26,0.5724993348121643
1992-06-29,0.5633633732795715
1992-06-30,0.5542275309562683
1992-07-01,0.5724993348121643
1992-07-02,0.5785894393920898
1992-07-06,0.5603183507919312
1992-07-07,0.5633633732795715
1992-07-08,0.5603183507919312
1992-07-09,0.5603183507919312
1992-07-10,0.5603183507919312
1992-07-13,0.5603183507919312
1992-07-14,0.5664087533950806
1992-07-15,0.5785894393920898
1992-07-16,0.5846798419952393
1992-07-17,0.5846798419952393
1992-07-20,0.5785894393920898
1992-07-21,0.5724993348121643
1992-07-22,0.5816344022750854
1992-07-23,0.5999060273170471
1992-07-24,0.596860408782959
1992-07-27,0.5999060273170471
1992-07-28,0.6120870113372803
1992-07-29,0.6212219595909119
1992-07-30,0.609041690826416
1992-07-31,0.6120870113372803
1992-08-03,0.6303573250770569
1992-08-04,0.6151321530342102
1992-08-05,0.6029512882232666
1992-08-06,0.5999060273170471
1992-08-07,0.5907698273658752
1992-08-10,0.5907698273658752
1992-08-11,0.5846798419952393
1992-08-12,0.5877246856689453
1992-08-13,0.5816344022750854
1992-08-14,0.5694538354873657
1992-08-17,0.5694538354873657
1992-08-18,0.5694538354873657
1992-08-19,0.5694538354873657
1992-08-20,0.5664087533950806
1992-08-21,0.5603183507919312
1992-08-24,0.5542275309562683
1992-08-25,0.5511824488639832
1992-08-26,0.5481368899345398
1992-08-27,0.5450922250747681
1992-08-28,0.5359563827514648
1992-08-31,0.5390011668205261
1992-09-01,0.5633633732795715
1992-09-02,0.5572726726531982
1992-09-03,0.5603183507919312
1992-09-04,0.5785894393920898
1992-09-08,0.5785894393920898
1992-09-09,0.5694538354873657
1992-09-10,0.5755444765090942
1992-09-11,0.5755444765090942
1992-09-14,0.5785894393920898
1992-09-15,0.5846798419952393
1992-09-16,0.5785894393920898
1992-09-17,0.5755444765090942
1992-09-18,0.5724993348121643
1992-09-21,0.5724993348121643
1992-09-22,0.5724993348121643
1992-09-23,0.5542275309562683
1992-09-24,0.5542275309562683
1992-09-25,0.5481368899345398
1992-09-28,0.5298662781715393
1992-09-29,0.532911479473114
1992-09-30,0.5359563827514648
1992-10-01,0.5390011668205261
1992-10-02,0.5298662781715393
1992-10-05,0.5237759351730347
1992-10-06,0.532911479473114
1992-10-07,0.532911479473114
1992-10-08,0.5237759351730347
1992-10-09,0.5176852345466614
1992-10-12,0.532911479473114
1992-10-13,0.5450922250747681
1992-10-14,0.5450922250747681
1992-10-15,0.5450922250747681
1992-10-16,0.5359563827514648
1992-10-19,0.5420469641685486
1992-10-20,0.5572726726531982
1992-10-21,0.5603183507919312
1992-10-22,0.5572726726531982
1992-10-23,0.5633633732795715
1992-10-26,0.5694538354873657
1992-10-27,0.5785894393920898
1992-10-28,0.6059961915016174
1992-10-29,0.6059961915016174
1992-10-30,0.6029512882232666
1992-11-02,0.5938157439231873
1992-11-03,0.5877246856689453
1992-11-04,0.5907698273658752
1992-11-05,0.596860408782959
1992-11-06,0.5938157439231873
1992-11-09,0.5938157439231873
1992-11-10,0.5907698273658752
1992-11-11,0.5907698273658752
1992-11-12,0.5877246856689453
1992-11-13,0.5816344022750854
1992-11-16,0.5694538354873657
1992-11-17,0.5511824488639832
1992-11-18,0.5481368899345398
1992-11-19,0.5603183507919312
1992-11-20,0.5664087533950806
1992-11-23,0.5603183507919312
1992-11-24,0.5572726726531982
1992-11-25,0.5603183507919312
1992-11-27,0.5603183507919312
1992-11-30,0.5633633732795715
1992-12-01,0.5907698273658752
1992-12-02,0.5755444765090942
1992-12-03,0.5785894393920898
1992-12-04,0.5877246856689453
1992-12-07,0.609041690826416
1992-12-08,0.6212219595909119
1992-12-09,0.6059961915016174
1992-12-10,0.6181771159172058
1992-12-11,0.6394933462142944
1992-12-14,0.645584225654602
1992-12-15,0.6516743302345276
1992-12-16,0.6394933462142944
1992-12-17,0.6334032416343689
1992-12-18,0.6394933462142944
1992-12-21,0.6303573250770569
1992-12-22,0.6303573250770569
1992-12-23,0.624267041683197
1992-12-24,0.6273126006126404
1992-12-28,0.6394933462142944
1992-12-29,0.6516743302345276
1992-12-30,0.6425390243530273
1992-12-31,0.6334032416343689
1993-01-04,0.6394933462142944
1993-01-05,0.6516743302345276
1993-01-06,0.6790809631347656
1993-01-07,0.6851718425750732
1993-01-08,0.6882169842720032
1993-01-11,0.6943074464797974
1993-01-12,0.7064880728721619
1993-01-13,0.6943074464797974
1993-01-14,0.6821263432502747
1993-01-15,0.6760360598564148
1993-01-18,0.6729904413223267
1993-01-19,0.6760360598564148
1993-01-20,0.691261887550354
1993-01-21,0.6943074464797974
1993-01-22,0.6943074464797974
1993-01-25,0.7034428715705872
1993-01-26,0.697352945804596
1993-01-27,0.669945240020752
1993-01-28,0.6669005155563354
1993-01-29,0.669945240020752
1993-02-01,0.669945240020752
1993-02-02,0.6760360598564148
1993-02-03,0.6729904413223267
1993-02-04,0.6882169842720032
1993-02-05,0.6882169842720032
1993-02-08,0.691261887550354
1993-02-09,0.6882169842720032
1993-02-10,0.6821263432502747
1993-02-11,0.6821263432502747
1993-02-12,0.6821263432502747
1993-02-16,0.6516743302345276
1993-02-17,0.6364478468894958
1993-02-18,0.6151321530342102
1993-02-19,0.596860408782959
1993-02-22,0.596860408782959
1993-02-23,0.5938157439231873
1993-02-24,0.6029512882232666
1993-02-25,0.6120870113372803
1993-02-26,0.609041690826416
1993-03-01,0.6334032416343689
1993-03-02,0.6425390243530273
1993-03-03,0.6577652096748352
1993-03-04,0.6516743302345276
1993-03-05,0.6547201871871948
1993-03-08,0.6486296057701111
1993-03-09,0.6577652096748352
1993-03-10,0.6638550758361816
1993-03-11,0.6577652096748352
1993-03-12,0.6547201871871948
1993-03-15,0.6729904413223267
1993-03-16,0.6729904413223267
1993-03-17,0.6638550758361816
1993-03-18,0.669945240020752
1993-03-19,0.669945240020752
1993-03-22,0.6615319848060608
1993-03-23,0.6645797491073608
1993-03-24,0.6676286458969116
1993-03-25,0.6645797491073608
1993-03-26,0.6767741441726685
1993-03-29,0.6828710436820984
1993-03-30,0.6767741441726685
1993-03-31,0.6828710436820984
1993-04-01,0.6706767082214355
1993-04-02,0.6645797491073608
1993-04-05,0.6676286458969116
1993-04-06,0.6523861885070801
1993-04-07,0.6615319848060608
1993-04-08,0.6584830284118652
1993-04-12,0.6645797491073608
1993-04-13,0.6676286458969116
1993-04-14,0.6706767082214355
1993-04-15,0.6767741441726685
1993-04-16,0.6950656771659851
1993-04-19,0.7011628746986389
1993-04-20,0.7072593569755554
1993-04-21,0.7072593569755554
1993-04-22,0.6981143355369568
1993-04-23,0.6950656771659851
1993-04-26,0.6859199404716492
1993-04-27,0.6767741441726685
1993-04-28,0.6798222064971924
1993-04-29,0.6767741441726685
1993-04-30,0.6828710436820984
1993-05-03,0.7072593569755554
1993-05-04,0.7377448081970215
1993-05-05,0.756035566329956
1993-05-06,0.7529875636100769
1993-05-07,0.7377448081970215
1993-05-10,0.7225020527839661
1993-05-11,0.7285994291305542
1993-05-12,0.7316481471061707
1993-05-13,0.7285994291305542
1993-05-14,0.725550651550293
1993-05-17,0.7285994291305542
1993-05-18,0.7285994291305542
1993-05-19,0.725550651550293
1993-05-20,0.7316481471061707
1993-05-21,0.7316481471061707
1993-05-24,0.7285994291305542
1993-05-25,0.725550651550293
1993-05-26,0.746890664100647
1993-05-27,0.7743270397186279
1993-05-28,0.7712787389755249
1993-06-01,0.7712787389755249
1993-06-02,0.7773759961128235
1993-06-03,0.7743270397186279
1993-06-04,0.7773759961128235
1993-06-07,0.7834731340408325
1993-06-08,0.7773759961128235
1993-06-09,0.7804246544837952
1993-06-10,0.7865217328071594
1993-06-11,0.7926186919212341
1993-06-14,0.8109097480773926
1993-06-15,0.7651818990707397
1993-06-16,0.7773759961128235
1993-06-17,0.7834731340408325
1993-06-18,0.7712787389755249
1993-06-21,0.7781133055686951
1993-06-22,0.7720107436180115
1993-06-23,0.7811651825904846
1993-06-24,0.7811651825904846
1993-06-25,0.7811651825904846
1993-06-28,0.7872681617736816
1993-06-29,0.7872681617736816
1993-06-30,0.7903199195861816
1993-07-01,0.7720107436180115
1993-07-02,0.7689592242240906
1993-07-06,0.7628562450408936
1993-07-07,0.7628562450408936
1993-07-08,0.7537021040916443
1993-07-09,0.7475998401641846
1993-07-12,0.7414968013763428
1993-07-13,0.7262392044067383
1993-07-14,0.7353940606117249
1993-07-15,0.7506514191627502
1993-07-16,0.7475998401641846
1993-07-19,0.7384453415870667
1993-07-20,0.7567538619041443
1993-07-21,0.7903199195861816
1993-07-22,0.8055762648582458
1993-07-23,0.799473762512207
1993-07-26,0.8147308230400085
1993-07-27,0.8116799592971802
1993-07-28,0.8086282014846802
1993-07-29,0.8147308230400085
1993-07-30,0.8116799592971802
1993-08-02,0.8452448844909668
1993-08-03,0.8482961654663086
1993-08-04,0.8543996810913086
1993-08-05,0.8605024814605713
1993-08-06,0.8727077841758728
1993-08-09,0.8696566820144653
1993-08-10,0.8696566820144653
1993-08-11,0.8696566820144653
1993-08-12,0.8543996810913086
1993-08-13,0.8574510216712952
1993-08-16,0.8696566820144653
1993-08-17,0.8666051626205444
1993-08-18,0.8635534644126892
1993-08-19,0.8666051626205444
1993-08-20,0.8727077841758728
1993-08-23,0.8788111805915833
1993-08-24,0.8879653811454773
1993-08-25,0.8879653811454773
1993-08-26,0.8727077841758728
1993-08-27,0.8727077841758728
1993-08-30,0.8696566820144653
1993-08-31,0.8666051626205444
1993-09-01,0.8452448844909668
1993-09-02,0.8452448844909668
1993-09-03,0.8635534644126892
1993-09-07,0.8605024814605713
1993-09-08,0.8605024814605713
1993-09-09,0.8574510216712952
1993-09-10,0.8635534644126892
1993-09-13,0.8666051626205444
1993-09-14,0.8666051626205444
1993-09-15,0.8757591247558594
1993-09-16,0.8635534644126892
1993-09-17,0.8574510216712952
1993-09-20,0.8452448844909668
1993-09-21,0.8543996810913086
1993-09-22,0.8482961654663086
1993-09-23,0.8490291833877563
1993-09-24,0.8490291833877563
1993-09-27,0.8551378846168518
1993-09-28,0.8551378846168518
1993-09-29,0.8551378846168518
1993-09-30,0.8429208993911743
1993-10-01,0.8551378846168518
1993-10-04,0.8459751605987549
1993-10-05,0.8368138670921326
1993-10-06,0.8368138670921326
1993-10-07,0.8368138670921326
1993-10-08,0.8307051062583923
1993-10-11,0.8001642823219299
1993-10-12,0.787947952747345
1993-10-13,0.797110378742218
1993-10-14,0.8123812675476074
1993-10-15,0.8337593078613281
1993-10-18,0.8276512026786804
1993-10-19,0.852083146572113
1993-10-20,0.8368138670921326
1993-10-21,0.8337593078613281
1993-10-22,0.8337593078613281
1993-10-25,0.8459751605987549
1993-10-26,0.8459751605987549
1993-10-27,0.8551378846168518
1993-10-28,0.86124587059021
1993-10-29,0.8551378846168518
1993-11-01,0.8398666977882385
1993-11-02,0.8337593078613281
1993-11-03,0.8490291833877563
1993-11-04,0.8429208993911743
1993-11-05,0.8459751605987549
1993-11-08,0.8551378846168518
1993-11-09,0.852083146572113
1993-11-10,0.8551378846168518
1993-11-11,0.8673534989356995
1993-11-12,0.9009485840797424
1993-11-15,0.9040025472640992
1993-11-16,0.8978942036628723
1993-11-17,0.9162190556526184
1993-11-18,0.931489109992981
1993-11-19,0.9375973343849182
1993-11-22,0.9375973343849182
1993-11-23,0.9528676867485046
1993-11-24,0.9345422387123108
1993-11-26,0.9345422387123108
1993-11-29,0.91927307844162
1993-11-30,0.9040025472640992
1993-12-01,0.9131649732589722
1993-12-02,0.9070568084716796
1993-12-03,0.8978942036628723
1993-12-06,0.910111129283905
1993-12-07,0.8917862176895142
1993-12-08,0.9040025472640992
1993-12-09,0.8978942036628723
1993-12-10,0.9040025472640992
1993-12-13,0.9108496904373168
1993-12-14,0.9169625639915466
1993-12-15,0.913905680179596
1993-12-16,0.9169625639915466
1993-12-17,0.9291879534721376
1993-12-20,0.9353006482124328
1993-12-21,0.9047359228134156
1993-12-22,0.907792627811432
1993-12-23,0.9108496904373168
1993-12-27,0.9047359228134156
1993-12-28,0.9169625639915466
1993-12-29,0.9291879534721376
1993-12-30,0.9291879534721376
1993-12-31,0.9322446584701538
1994-01-03,0.9322446584701538
1994-01-04,0.9383580684661864
1994-01-05,0.944470763206482
1994-01-06,0.9353006482124328
1994-01-07,0.9383580684661864
1994-01-10,0.9536408185958862
1994-01-11,0.9536408185958862
1994-01-12,0.9566972255706788
1994-01-13,0.9658669233322144
1994-01-14,0.9628103375434875
1994-01-17,0.971979796886444
1994-01-18,0.9689228534698486
1994-01-19,0.9750366806983948
1994-01-20,0.9750366806983948
1994-01-21,0.9811492562294006
1994-01-24,0.971979796886444
1994-01-25,0.9353006482124328
1994-01-26,0.9353006482124328
1994-01-27,0.9383580684661864
1994-01-28,0.9291879534721376
1994-01-31,0.9200190901756288
1994-02-01,0.9230753779411316
1994-02-02,0.9261313676834106
1994-02-03,0.9169625639915466
1994-02-04,0.9108496904373168
1994-02-07,0.9200190901756288
1994-02-08,0.9200190901756288
1994-02-09,0.9169625639915466
1994-02-10,0.913905680179596
1994-02-11,0.9047359228134156
1994-02-14,0.9108496904373168
1994-02-15,0.9108496904373168
1994-02-16,0.9108496904373168
1994-02-17,0.9108496904373168
1994-02-18,0.9016794562339784
1994-02-22,0.9016794562339784
1994-02-23,0.8955664038658142
1994-02-24,0.8863967061042786
1994-02-25,0.8863967061042786
1994-02-28,0.8955664038658142
1994-03-01,0.9108496904373168
1994-03-02,0.8986227512359619
1994-03-03,0.9047359228134156
1994-03-04,0.8986227512359619
1994-03-07,0.9016794562339784
1994-03-08,0.8986227512359619
1994-03-09,0.8986227512359619
1994-03-10,0.8986227512359619
1994-03-11,0.9322446584701538
1994-03-14,0.9230753779411316
1994-03-15,0.913905680179596
1994-03-16,0.9047359228134156
1994-03-17,0.9268827438354492
1994-03-18,0.9452370405197144
1994-03-21,0.978886604309082
1994-03-22,0.991122305393219
1994-03-23,0.985004723072052
1994-03-24,0.9697089195251464
1994-03-25,0.9758278727531432
1994-03-28,0.9666504263877868
1994-03-29,0.9574733972549438
1994-03-30,0.9482964277267456
1994-03-31,0.9085290431976318
1994-04-04,0.9054700136184692
1994-04-05,0.9238243699073792
1994-04-06,0.9544145464897156
1994-04-07,0.9574733972549438
1994-04-08,0.9544145464897156
1994-04-11,0.9574733972549438
1994-04-12,0.9574733972549438
1994-04-13,0.9544145464897156
1994-04-14,0.9544145464897156
1994-04-15,0.9605323076248168
1994-04-18,0.9605323076248168
1994-04-19,0.9574733972549438
1994-04-20,0.951355278491974
1994-04-21,0.9635915160179138
1994-04-22,0.9666504263877868
1994-04-25,0.9758278727531432
1994-04-26,0.9758278727531432
1994-04-28,0.9758278727531432
1994-04-29,0.9727683663368224
1994-05-02,0.9819453954696656
1994-05-03,0.9727683663368224
1994-05-04,0.9727683663368224
1994-05-05,0.9758278727531432
1994-05-06,0.9697089195251464
1994-05-09,0.9758278727531432
1994-05-10,0.9758278727531432
1994-05-11,0.9758278727531432
1994-05-12,0.9666504263877868
1994-05-13,0.9574733972549438
1994-05-16,0.9605323076248168
1994-05-17,0.9544145464897156
1994-05-18,0.951355278491974
1994-05-19,0.9482964277267456
1994-05-20,0.9605323076248168
1994-05-23,0.9635915160179138
1994-05-24,0.9635915160179138
1994-05-25,0.9635915160179138
1994-05-26,0.9666504263877868
1994-05-27,0.9605323076248168
1994-05-31,0.9605323076248168
1994-06-01,0.9635915160179138
1994-06-02,0.9635915160179138
1994-06-03,0.9605323076248168
1994-06-06,0.9697089195251464
1994-06-07,1.018653154373169
1994-06-08,1.03394877910614
1994-06-09,1.0523029565811155
1994-06-10,1.0584203004837036
1994-06-13,1.0645389556884766
1994-06-14,1.0584203004837036
1994-06-15,1.043125867843628
1994-06-16,1.0645389556884766
1994-06-17,1.0584203004837036
1994-06-20,1.0438501834869385
1994-06-21,1.037727952003479
1994-06-22,1.0407888889312744
1994-06-23,1.0346664190292358
1994-06-24,1.0162992477416992
1994-06-27,1.0071167945861816
1994-06-28,1.0101778507232666
1994-06-29,1.0193599462509155
1994-06-30,1.0224218368530271
1994-07-01,1.0407888889312744
1994-07-05,1.0530335903167725
1994-07-06,1.0469110012054443
1994-07-07,1.059154748916626
1994-07-08,1.083645224571228
1994-07-11,1.095889687538147
1994-07-12,1.0897676944732666
1994-07-13,1.0744616985321045
1994-07-14,1.0989501476287842
1994-07-15,1.1142559051513672
1994-07-18,1.1111949682235718
1994-07-19,1.083645224571228
1994-07-20,1.071400165557861
1994-07-21,1.077522039413452
1994-07-22,1.0928276777267456
1994-07-25,1.083645224571228
1994-07-26,1.077522039413452
1994-07-27,1.071400165557861
1994-07-28,1.0683387517929075
1994-07-29,1.065277338027954
1994-08-01,1.0867055654525757
1994-08-02,1.077522039413452
1994-08-03,1.0805842876434326
1994-08-04,1.065277338027954
1994-08-05,1.062216877937317
1994-08-08,1.0560940504074097
1994-08-09,1.059154748916626
1994-08-10,1.059154748916626
1994-08-11,1.0560940504074097
1994-08-12,1.0683387517929075
1994-08-15,1.0683387517929075
1994-08-16,1.071400165557861
1994-08-17,1.077522039413452
1994-08-18,1.0897676944732666
1994-08-19,1.0989501476287842
1994-08-22,1.0928276777267456
1994-08-23,1.071400165557861
1994-08-24,1.062216877937317
1994-08-25,1.071400165557861
1994-08-26,1.0867055654525757
1994-08-29,1.0897676944732666
1994-08-30,1.077522039413452
1994-08-31,1.0867055654525757
1994-09-01,1.095889687538147
1994-09-02,1.0805842876434326
1994-09-06,1.0867055654525757
1994-09-07,1.0989501476287842
1994-09-08,1.1050723791122437
1994-09-09,1.0989501476287842
1994-09-12,1.0989501476287842
1994-09-13,1.0989501476287842
1994-09-14,1.1081336736679075
1994-09-15,1.117317795753479
1994-09-16,1.135684370994568
1994-09-19,1.150989294052124
1994-09-20,1.124157190322876
1994-09-21,1.093525767326355
1994-09-22,1.0843372344970703
1994-09-23,1.0843372344970703
1994-09-26,1.0904632806777954
1994-09-27,1.0873994827270508
1994-09-28,1.0904632806777954
1994-09-29,1.0904632806777954
1994-09-30,1.0904632806777954
1994-10-03,1.0873994827270508
1994-10-04,1.0782101154327393
1994-10-05,1.0659579038619995
1994-10-06,1.059831142425537
1994-10-07,1.0690211057662964
1994-10-10,1.0690211057662964
1994-10-11,1.0843372344970703
1994-10-12,1.1027157306671145
1994-10-13,1.136409878730774
1994-10-14,1.1333470344543457
1994-10-17,1.1302835941314695
1994-10-18,1.12109375
1994-10-19,1.15478777885437
1994-10-20,1.167040228843689
1994-10-21,1.1425354480743408
1994-10-24,1.151724934577942
1994-10-25,1.15478777885437
1994-10-26,1.167040228843689
1994-10-27,1.1731669902801514
1994-10-28,1.2037978172302246
1994-10-31,1.2037978172302246
1994-11-01,1.1976709365844729
1994-11-02,1.2007341384887695
1994-11-03,1.1946080923080444
1994-11-04,1.2007341384887695
1994-11-07,1.1946080923080444
1994-11-08,1.2007341384887695
1994-11-09,1.1976709365844729
1994-11-10,1.1915448904037476
1994-11-11,1.179293155670166
1994-11-14,1.1946080923080444
1994-11-15,1.1976709365844729
1994-11-16,1.1976709365844729
1994-11-17,1.1915448904037476
1994-11-18,1.1884818077087402
1994-11-21,1.182356595993042
1994-11-22,1.1639775037765503
1994-11-23,1.1394726037979126
1994-11-25,1.1609140634536743
1994-11-28,1.151724934577942
1994-11-29,1.1486612558364868
1994-11-30,1.1425354480743408
1994-12-01,1.1272205114364624
1994-12-02,1.12109375
1994-12-05,1.151724934577942
1994-12-06,1.151724934577942
1994-12-07,1.1578513383865356
1994-12-08,1.1455986499786377
1994-12-09,1.136409878730774
1994-12-12,1.1496529579162598
1994-12-13,1.1527186632156372
1994-12-14,1.177244782447815
1994-12-15,1.1741793155670166
1994-12-16,1.201770544052124
1994-12-19,1.201770544052124
1994-12-20,1.2079020738601685
1994-12-21,1.2140341997146606
1994-12-22,1.2170991897583008
1994-12-23,1.2446914911270142
1994-12-27,1.2661515474319458
1994-12-28,1.2876116037368774
1994-12-29,1.2968083620071411
1994-12-30,1.2814801931381226
1995-01-03,1.2569541931152344
1995-01-04,1.269216775894165
1995-01-05,1.2876116037368774
1995-01-06,1.312137007713318
1995-01-09,1.3090721368789673
1995-01-10,1.3029409646987915
1995-01-11,1.2876116037368774
1995-01-12,1.2998744249343872
1995-01-13,1.3305318355560305
1995-01-16,1.3244004249572754
1995-01-17,1.3090721368789673
1995-01-18,1.3244004249572754
1995-01-19,1.3213350772857666
1995-01-20,1.3366633653640747
1995-01-23,1.3489272594451904
1995-01-24,1.3244004249572754
1995-01-25,1.3305318355560305
1995-01-26,1.306006669998169
1995-01-27,1.3182685375213623
1995-01-30,1.269216775894165
1995-01-31,1.220165133476257
1995-02-01,1.1956394910812378
1995-02-02,1.2324285507202148
1995-02-03,1.25082266330719
1995-02-06,1.275348663330078
1995-02-07,1.293743371963501
1995-02-08,1.2814801931381226
1995-02-09,1.2998744249343872
1995-02-10,1.2998744249343872
1995-02-13,1.3305318355560305
1995-02-14,1.3489272594451904
1995-02-15,1.367320895195007
1995-02-16,1.385715365409851
1995-02-17,1.373452067375183
1995-02-21,1.3795844316482544
1995-02-22,1.4225034713745115
1995-02-23,1.440898895263672
1995-02-24,1.453161358833313
1995-02-27,1.428636074066162
1995-02-28,1.4470295906066897
1995-03-01,1.440898895263672
1995-03-02,1.440898895263672
1995-03-03,1.4470295906066897
1995-03-06,1.428636074066162
1995-03-07,1.428636074066162
1995-03-08,1.4225034713745115
1995-03-09,1.4225034713745115
1995-03-10,1.4102416038513184
1995-03-13,1.3979785442352295
1995-03-14,1.3918472528457642
1995-03-15,1.373452067375183
1995-03-16,1.3550578355789185
1995-03-17,1.3918472528457642
1995-03-20,1.385715365409851
1995-03-21,1.3928331136703491
1995-03-22,1.3866970539093018
1995-03-23,1.3866970539093018
1995-03-24,1.4112404584884644
1995-03-27,1.4112404584884644
1995-03-28,1.4235111474990845
1995-03-29,1.4296479225158691
1995-03-30,1.4235111474990845
1995-03-31,1.4051028490066528
1995-04-03,1.3744250535964966
1995-04-04,1.34988272190094
1995-04-05,1.3744250535964966
1995-04-06,1.35601806640625
1995-04-07,1.35601806640625
1995-04-10,1.3866970539093018
1995-04-11,1.4112404584884644
1995-04-12,1.4051028490066528
1995-04-13,1.4051028490066528
1995-04-17,1.3621535301208496
1995-04-18,1.3253388404846191
1995-04-19,1.306931972503662
1995-04-20,1.3253388404846191
1995-04-21,1.35601806640625
1995-04-24,1.3621535301208496
1995-04-25,1.3744250535964966
1995-04-26,1.3866970539093018
1995-04-27,1.417376160621643
1995-04-28,1.4603266716003418
1995-05-01,1.466462016105652
1995-05-02,1.4848703145980835
1995-05-03,1.5094135999679563
1995-05-04,1.5032778978347778
1995-05-05,1.4848703145980835
1995-05-08,1.4910051822662354
1995-05-09,1.4910051822662354
1995-05-10,1.4725985527038574
1995-05-11,1.4787346124649048
1995-05-12,1.4603266716003418
1995-05-15,1.4848703145980835
1995-05-16,1.4848703145980835
1995-05-17,1.4848703145980835
1995-05-18,1.4787346124649048
1995-05-19,1.448054313659668
1995-05-22,1.4603266716003418
1995-05-23,1.4848703145980835
1995-05-24,1.4725985527038574
1995-05-25,1.4848703145980835
1995-05-26,1.4419195652008057
1995-05-30,1.4603266716003418
1995-05-31,1.4848703145980835
1995-06-01,1.5032778978347778
1995-06-02,1.5155493021011353
1995-06-05,1.52782142162323
1995-06-06,1.5462286472320557
1995-06-07,1.53395676612854
1995-06-08,1.5462286472320557
1995-06-09,1.5400923490524292
1995-06-12,1.55850088596344
1995-06-13,1.5462286472320557
1995-06-14,1.55850088596344
1995-06-15,1.5462286472320557
1995-06-16,1.5523642301559448
1995-06-19,1.52782142162323
1995-06-20,1.5032778978347778
1995-06-21,1.5400923490524292
1995-06-22,1.5462286472320557
1995-06-23,1.55850088596344
1995-06-26,1.5400923490524292
1995-06-27,1.5094135999679563
1995-06-28,1.510395646095276
1995-06-29,1.498116374015808
1995-06-30,1.498116374015808
1995-07-03,1.5165358781814575
1995-07-05,1.510395646095276
1995-07-06,1.504256010055542
1995-07-07,1.510395646095276
1995-07-10,1.53495454788208
1995-07-11,1.5472344160079956
1995-07-12,1.541093826293945
1995-07-13,1.541093826293945
1995-07-14,1.522674560546875
1995-07-17,1.596352458000183
1995-07-18,1.584073781967163
1995-07-19,1.5472344160079956
1995-07-20,1.498116374015808
1995-07-21,1.5165358781814575
1995-07-24,1.510395646095276
1995-07-25,1.522674560546875
1995-07-26,1.590213179588318
1995-07-27,1.6024929285049438
1995-07-28,1.57793390750885
1995-07-31,1.5717939138412476
1995-08-01,1.590213179588318
1995-08-02,1.590213179588318
1995-08-03,1.57793390750885
1995-08-04,1.5717939138412476
1995-08-07,1.5533742904663086
1995-08-08,1.5472344160079956
1995-08-09,1.5595147609710691
1995-08-10,1.57793390750885
1995-08-11,1.5656543970108032
1995-08-14,1.57793390750885
1995-08-15,1.5717939138412476
1995-08-16,1.5533742904663086
1995-08-17,1.5656543970108032
1995-08-18,1.5656543970108032
1995-08-21,1.596352458000183
1995-08-22,1.627051830291748
1995-08-23,1.614773154258728
1995-08-24,1.633191466331482
1995-08-25,1.627051830291748
1995-08-28,1.6086328029632568
1995-08-29,1.6086328029632568
1995-08-30,1.596352458000183
1995-08-31,1.6209120750427246
1995-09-01,1.633191466331482
1995-09-05,1.6454706192016602
1995-09-06,1.663891315460205
1995-09-07,1.6577513217926023
1995-09-08,1.627051830291748
1995-09-11,1.633191466331482
1995-09-12,1.6209120750427246
1995-09-13,1.614773154258728
1995-09-14,1.633191466331482
1995-09-15,1.6884514093399048
1995-09-18,1.663891315460205
1995-09-19,1.6393318176269531
1995-09-20,1.651611328125
1995-09-21,1.651611328125
1995-09-22,1.6393318176269531
1995-09-25,1.633191466331482
1995-09-26,1.6218875646591189
1995-09-27,1.6034573316574097
1995-09-28,1.5788828134536743
1995-09-29,1.6096007823944092
1995-10-02,1.5911699533462524
1995-10-03,1.5727397203445437
1995-10-04,1.548165202140808
1995-10-05,1.548165202140808
1995-10-06,1.5420215129852295
1995-10-09,1.5235915184020996
1995-10-10,1.5174483060836792
1995-10-11,1.5174483060836792
1995-10-12,1.5235915184020996
1995-10-13,1.5420215129852295
1995-10-16,1.585027098655701
1995-10-17,1.6034573316574097
1995-10-18,1.6218875646591189
1995-10-19,1.6096007823944092
1995-10-20,1.5727397203445437
1995-10-23,1.5174483060836792
1995-10-24,1.5235915184020996
1995-10-25,1.51130473613739
1995-10-26,1.5174483060836792
1995-10-27,1.499018311500549
1995-10-30,1.5174483060836792
1995-10-31,1.5235915184020996
1995-11-01,1.529735803604126
1995-11-02,1.5420215129852295
1995-11-03,1.529735803604126
1995-11-06,1.560452938079834
1995-11-07,1.585027098655701
1995-11-08,1.6096007823944092
1995-11-09,1.6157448291778564
1995-11-10,1.6096007823944092
1995-11-13,1.6403182744979858
1995-11-14,1.6157448291778564
1995-11-15,1.5911699533462524
1995-11-16,1.5911699533462524
1995-11-17,1.5911699533462524
1995-11-20,1.5973132848739624
1995-11-21,1.5973132848739624
1995-11-22,1.5788828134536743
1995-11-24,1.5788828134536743
1995-11-27,1.585027098655701
1995-11-28,1.5235915184020996
1995-11-29,1.5543086528778076
1995-11-30,1.51130473613739
1995-12-01,1.5051606893539429
1995-12-04,1.5051606893539429
1995-12-05,1.535878300666809
1995-12-06,1.6218875646591189
1995-12-07,1.5973132848739624
1995-12-08,1.6157448291778564
1995-12-11,1.6157448291778564
1995-12-12,1.6403182744979858
1995-12-13,1.6403182744979858
1995-12-14,1.6341745853424072
1995-12-15,1.585027098655701
1995-12-18,1.548165202140808
1995-12-19,1.529735803604126
1995-12-20,1.5543086528778076
1995-12-21,1.548165202140808
1995-12-22,1.535878300666809
1995-12-26,1.5553045272827148
1995-12-27,1.5553045272827148
1995-12-28,1.5553045272827148
1995-12-29,1.5614521503448486
1996-01-02,1.5307151079177856
1996-01-03,1.5614521503448486
1996-01-04,1.5122727155685425
1996-01-05,1.5245670080184937
1996-01-08,1.5614521503448486
1996-01-09,1.5368623733520508
1996-01-10,1.4815353155136108
1996-01-11,1.50612473487854
1996-01-12,1.4999773502349854
1996-01-15,1.4753881692886353
1996-01-16,1.4507979154586792
1996-01-17,1.493830323219299
1996-01-18,1.4815353155136108
1996-01-19,1.4876824617385864
1996-01-22,1.5122727155685425
1996-01-23,1.549156904220581
1996-01-24,1.5614521503448486
1996-01-25,1.5614521503448486
1996-01-26,1.5798943042755127
1996-01-29,1.5798943042755127
1996-01-30,1.5614521503448486
1996-01-31,1.573746681213379
1996-02-01,1.567599892616272
1996-02-02,1.567599892616272
1996-02-05,1.573746681213379
1996-02-06,1.5983365774154663
1996-02-07,1.6413688659667969
1996-02-08,1.6659584045410156
1996-02-09,1.6659584045410156
1996-02-12,1.678253173828125
1996-02-13,1.653664231300354
1996-02-14,1.672106385231018
1996-02-15,1.71513831615448
1996-02-16,1.690549612045288
1996-02-20,1.672106385231018
1996-02-21,1.6659584045410156
1996-02-22,1.6966962814331057
1996-02-23,1.7212852239608765
1996-02-26,1.672106385231018
1996-02-27,1.684401035308838
1996-02-28,1.7089909315109253
1996-02-29,1.672106385231018
1996-03-01,1.690549612045288
1996-03-04,1.71513831615448
1996-03-05,1.702843427658081
1996-03-06,1.702843427658081
1996-03-07,1.702843427658081
1996-03-08,1.690549612045288
1996-03-11,1.702843427658081
1996-03-12,1.7089909315109253
1996-03-13,1.727433204650879
1996-03-14,1.733580470085144
1996-03-15,1.745875597000122
1996-03-18,1.7581701278686523
1996-03-19,1.7889076471328735
1996-03-20,1.80219304561615
1996-03-21,1.832947254180908
1996-03-22,1.8206456899642944
1996-03-25,1.8267967700958248
1996-03-26,1.814494013786316
1996-03-27,1.7775901556015017
1996-03-28,1.7775901556015017
1996-03-29,1.8206456899642944
1996-04-01,1.8206456899642944
1996-04-02,1.7960416078567505
1996-04-03,1.832947254180908
1996-04-04,1.8637008666992188
1996-04-08,1.814494013786316
1996-04-09,1.8267967700958248
1996-04-10,1.814494013786316
1996-04-11,1.7775901556015017
1996-04-12,1.814494013786316
1996-04-15,1.8267967700958248
1996-04-16,1.8390979766845703
1996-04-17,1.845248341560364
1996-04-18,1.8760029077529907
1996-04-19,1.9436616897583008
1996-04-22,1.9559638500213623
1996-04-23,1.9682648181915283
1996-04-24,1.9744157791137693
1996-04-25,2.005170583724976
1996-04-26,2.005170583724976
1996-04-29,2.005170583724976
1996-04-30,1.937511086463928
1996-05-01,1.937511086463928
1996-05-02,1.9190593957901
1996-05-03,1.9067574739456177
1996-05-06,1.9067574739456177
1996-05-07,1.9313607215881348
1996-05-08,1.9682648181915283
1996-05-09,1.9682648181915283
1996-05-10,1.9682648181915283
1996-05-13,1.9867174625396729
1996-05-14,1.9990192651748653
1996-05-15,1.9867174625396729
1996-05-16,1.9990192651748653
1996-05-17,1.9928690195083616
1996-05-20,1.9744157791137693
1996-05-21,1.9744157791137693
1996-05-22,1.9805675745010376
1996-05-23,2.0113213062286377
1996-05-24,2.017472267150879
1996-05-28,2.0113213062286377
1996-05-29,2.023622512817383
1996-05-30,2.042075157165528
1996-05-31,2.042075157165528
1996-06-03,2.017472267150879
1996-06-04,2.0113213062286377
1996-06-05,1.9990192651748653
1996-06-06,1.9867174625396729
1996-06-07,2.005170583724976
1996-06-10,2.005170583724976
1996-06-11,2.005170583724976
1996-06-12,1.9928690195083616
1996-06-13,1.9990192651748653
1996-06-14,2.023622512817383
1996-06-17,2.0113213062286377
1996-06-18,2.017472267150879
1996-06-19,2.017472267150879
1996-06-20,1.9990192651748653
1996-06-21,1.9867174625396729
1996-06-24,2.0113213062286377
1996-06-25,2.000438928604126
1996-06-26,2.000438928604126
1996-06-27,2.01274847984314
1996-06-28,2.142008066177368
1996-07-01,2.092766761779785
1996-07-02,2.06199049949646
1996-07-03,2.04967999458313
1996-07-05,2.006594181060791
1996-07-08,1.9204219579696653
1996-07-09,1.9573520421981807
1996-07-10,1.8896454572677608
1996-07-11,1.8834891319274905
1996-07-12,1.8711799383163448
1996-07-15,1.8096282482147217
1996-07-16,1.778852105140686
1996-07-17,1.8342480659484863
1996-07-18,1.8711799383163448
1996-07-19,1.8896454572677608
1996-07-22,1.9019559621810915
1996-07-23,1.895800232887268
1996-07-24,1.8711799383163448
1996-07-25,1.9019559621810915
1996-07-26,1.9635071754455569
1996-07-29,1.9265753030776973
1996-07-30,1.9696624279022217
1996-07-31,1.9635071754455569
1996-08-01,1.9696624279022217
1996-08-02,2.02505874633789
1996-08-05,2.01274847984314
1996-08-06,2.0312142372131348
1996-08-07,2.0373687744140625
1996-08-08,2.02505874633789
1996-08-09,2.0312142372131348
1996-08-12,2.0312142372131348
1996-08-13,2.0312142372131348
1996-08-14,2.0558347702026367
1996-08-15,2.068145513534546
1996-08-16,2.0804569721221924
1996-08-19,2.068145513534546
1996-08-20,2.0989203453063965
1996-08-21,2.086610078811645
1996-08-22,2.1112313270568848
1996-08-23,2.123542070388794
1996-08-26,2.068145513534546
1996-08-27,2.06199049949646
1996-08-28,2.06199049949646
1996-08-29,2.0312142372131348
1996-08-30,2.043524742126465
1996-09-03,2.043524742126465
1996-09-04,2.068145513534546
1996-09-05,2.0373687744140625
1996-09-06,2.0558347702026367
1996-09-09,2.06199049949646
1996-09-10,2.04967999458313
1996-09-11,2.02505874633789
1996-09-12,2.04967999458313
1996-09-13,2.0312142372131348
1996-09-16,2.043524742126465
1996-09-17,2.0312142372131348
1996-09-18,1.994284510612488
1996-09-19,2.006594181060791
1996-09-20,2.018904685974121
1996-09-23,2.000438928604126
1996-09-24,1.994284510612488
1996-09-25,1.983197569847107
1996-09-26,2.0386271476745605
1996-09-27,2.0817413330078125
1996-09-30,2.0386271476745605
1996-10-01,2.013991355895996
1996-10-02,1.9955158233642576
1996-10-03,2.013991355895996
1996-10-04,2.020151138305664
1996-10-07,2.0386271476745605
1996-10-08,2.007833242416382
1996-10-09,2.001673698425293
1996-10-10,1.9955158233642576
1996-10-11,2.013991355895996
1996-10-14,2.0263092517852783
1996-10-15,2.0509462356567383
1996-10-16,2.007833242416382
1996-10-17,2.05710506439209
1996-10-18,2.032468557357788
1996-10-21,2.0447869300842285
1996-10-22,2.0509462356567383
1996-10-23,2.0447869300842285
1996-10-24,2.0447869300842285
1996-10-25,2.0386271476745605
1996-10-28,2.013991355895996
1996-10-29,2.007833242416382
1996-10-30,2.020151138305664
1996-10-31,2.013991355895996
1996-11-01,2.013991355895996
1996-11-04,1.9955158233642576
1996-11-05,2.007833242416382
1996-11-06,2.032468557357788
1996-11-07,2.032468557357788
1996-11-08,2.0447869300842285
1996-11-11,2.0632638931274414
1996-11-12,2.0817413330078125
1996-11-13,2.1125354766845703
1996-11-14,2.10637640953064
1996-11-15,2.0940592288970947
1996-11-18,2.0632638931274414
1996-11-19,2.069422960281372
1996-11-20,2.1618077754974365
1996-11-21,2.131014347076416
1996-11-22,2.1618077754974365
1996-11-25,2.211079835891724
1996-11-26,2.229557037353516
1996-11-27,2.2172391414642334
1996-11-29,2.204921245574951
1996-12-02,2.1987626552581787
1996-12-03,2.248034238815308
1996-12-04,2.204921245574951
1996-12-05,2.211079835891724
1996-12-06,2.1679673194885254
1996-12-09,2.2172391414642334
1996-12-10,2.241875410079956
1996-12-11,2.192602634429932
1996-12-12,2.1679673194885254
1996-12-13,2.1248533725738525
1996-12-16,2.1618077754974365
1996-12-17,2.1494898796081543
1996-12-18,2.1618077754974365
1996-12-19,2.180285692214966
1996-12-20,2.241875410079956
1996-12-23,2.229557037353516
1996-12-24,2.249276161193848
1996-12-26,2.298574686050415
1996-12-27,2.2800889015197754
1996-12-30,2.286251783370972
1996-12-31,2.298574686050415
1997-01-02,2.2554380893707275
1997-01-03,2.236952066421509
1997-01-06,2.2246272563934326
1997-01-07,2.2554380893707275
1997-01-08,2.2554380893707275
1997-01-09,2.2554380893707275
1997-01-10,2.236952066421509
1997-01-13,2.2246272563934326
1997-01-14,2.2431135177612305
1997-01-15,2.1999776363372803
1997-01-16,2.236952066421509
1997-01-17,2.2431135177612305
1997-01-20,2.2431135177612305
1997-01-21,2.2431135177612305
1997-01-22,2.286251783370972
1997-01-23,2.2739264965057373
1997-01-24,2.2739264965057373
1997-01-27,2.2616007328033447
1997-01-28,2.2739264965057373
1997-01-29,2.2739264965057373
1997-01-30,2.3540377616882324
1997-01-31,2.46496057510376
1997-02-03,2.3725242614746094
1997-02-04,2.3663620948791504
1997-02-05,2.3293888568878174
1997-02-06,2.317063808441162
1997-02-07,2.323225736618042
1997-02-10,2.298574686050415
1997-02-11,2.2800889015197754
1997-02-12,2.2739264965057373
1997-02-13,2.267763137817383
1997-02-14,2.2554380893707275
1997-02-18,2.23078989982605
1997-02-19,2.2123026847839355
1997-02-20,2.1938140392303467
1997-02-21,2.16300368309021
1997-02-24,2.1568403244018555
1997-02-25,2.169165849685669
1997-02-26,2.14451551437378
1997-02-27,2.14451551437378
1997-02-28,2.1321909427642822
1997-03-03,2.119866371154785
1997-03-04,2.070565938949585
1997-03-05,2.1568403244018555
1997-03-06,2.169165849685669
1997-03-07,2.1383538246154785
1997-03-10,2.169165849685669
1997-03-11,2.1938140392303467
1997-03-12,2.1938140392303467
1997-03-13,2.1814897060394287
1997-03-14,2.16300368309021
1997-03-17,2.169165849685669
1997-03-18,2.1568403244018555
1997-03-19,2.1765708923339844
1997-03-20,2.1642396450042725
1997-03-21,2.151907444000244
1997-03-24,2.127243995666504
1997-03-25,2.1087467670440674
1997-03-26,2.114911794662476
1997-03-27,2.0840835571289062
1997-03-31,2.053253650665283
1997-04-01,2.010091781616211
1997-04-02,1.9607633352279663
1997-04-03,1.9545977115631104
1997-04-04,2.0039262771606445
1997-04-07,2.059417724609375
1997-04-08,2.053253650665283
1997-04-09,2.077916383743286
1997-04-10,2.059417724609375
1997-04-11,2.010091781616211
1997-04-14,2.0039262771606445
1997-04-15,2.0224220752716064
1997-04-16,2.053253650665283
1997-04-17,2.0902488231658936
1997-04-18,2.139575481414795
1997-04-21,2.1950693130493164
1997-04-22,2.2813920974731445
1997-04-23,2.2135679721832275
1997-04-24,2.2690608501434326
1997-04-25,2.1827375888824463
1997-04-28,2.188901662826538
1997-04-29,2.2382311820983887
1997-04-30,2.2258992195129395
1997-05-01,2.2258992195129395
1997-05-02,2.256728410720825
1997-05-05,2.2813920974731445
1997-05-06,2.262894630432129
1997-05-07,2.2752273082733154
1997-05-08,2.287557601928711
1997-05-09,2.299889087677002
1997-05-12,2.3122217655181885
1997-05-13,2.3060550689697266
1997-05-14,2.3553836345672607
1997-05-15,2.3738811016082764
1997-05-16,2.330718755722046
1997-05-19,2.3430516719818115
1997-05-20,2.3430516719818115
1997-05-21,2.3245530128479004
1997-05-22,2.367715358734131
1997-05-23,2.410876512527466
1997-05-27,2.3862125873565674
1997-05-28,2.4047110080718994
1997-05-29,2.3923795223236084
1997-05-30,2.3923795223236084
1997-06-02,2.3985440731048584
1997-06-03,2.4047110080718994
1997-06-04,2.410876512527466
1997-06-05,2.3985440731048584
1997-06-06,2.4540369510650635
1997-06-09,2.4540369510650635
1997-06-10,2.4540369510650635
1997-06-11,2.4540369510650635
1997-06-12,2.4602036476135254
1997-06-13,2.4787023067474365
1997-06-16,2.503366231918335
1997-06-17,2.521864175796509
1997-06-18,2.546525716781616
1997-06-19,2.546525716781616
1997-06-20,2.558858871459961
1997-06-23,2.5280301570892334
1997-06-24,2.534196138381958
1997-06-25,2.535429000854492
1997-06-26,2.4984147548675537
1997-06-27,2.5138378143310547
1997-06-30,2.507669448852539
1997-07-01,2.504584550857544
1997-07-02,2.492246389389038
1997-07-03,2.504584550857544
1997-07-07,2.479907751083374
1997-07-08,2.4583165645599365
1997-07-09,2.46140193939209
1997-07-10,2.464484930038452
1997-07-11,2.467571496963501
1997-07-14,2.492246389389038
1997-07-15,2.526175737380981
1997-07-16,2.5601024627685547
1997-07-17,2.529258728027344
1997-07-18,2.4953317642211914
1997-07-21,2.4984147548675537
1997-07-22,2.5570192337036133
1997-07-23,2.5570192337036133
1997-07-24,2.55393385887146
1997-07-25,2.6002018451690674
1997-07-28,2.631048679351806
1997-07-29,2.7019896507263184
1997-07-30,2.6927361488342285
1997-07-31,2.7359180450439453
1997-08-01,2.6896519660949707
1997-08-04,2.6896519660949707
1997-08-05,2.708158254623413
1997-08-06,2.714327335357666
1997-08-07,2.7297496795654297
1997-08-08,2.677314043045044
1997-08-11,2.6803975105285645
1997-08-12,2.6711437702178955
1997-08-13,2.68348240852356
1997-08-14,2.7019896507263184
1997-08-15,2.677314043045044
1997-08-18,2.695822238922119
1997-08-19,2.6896519660949707
1997-08-20,2.7019896507263184
1997-08-21,2.65572190284729
1997-08-22,2.6649763584136963
1997-08-25,2.6680591106414795
1997-08-26,2.695822238922119
1997-08-27,2.661890745162964
1997-08-28,2.652639389038086
1997-08-29,2.6433842182159424
1997-09-02,2.6803975105285645
1997-09-03,2.711243391036988
1997-09-04,2.717412233352661
1997-09-05,2.714327335357666
1997-09-08,2.708158254623413
1997-09-09,2.745171308517456
1997-09-10,2.717412233352661
1997-09-11,2.714327335357666
1997-09-12,2.763678550720215
1997-09-15,2.8006927967071533
1997-09-16,2.8222851753234863
1997-09-17,2.809945821762085
1997-09-18,2.843874931335449
1997-09-19,2.877803564071656
1997-09-22,2.8592984676361084
1997-09-23,2.874719619750977
1997-09-24,2.845094919204712
1997-09-25,2.87286639213562
1997-09-26,2.8852107524871826
1997-09-29,2.84818172454834
1997-09-30,2.863610029220581
1997-10-01,2.863610029220581
1997-10-02,2.888296365737915
1997-10-03,2.8790392875671387
1997-10-06,2.888296365737915
1997-10-07,2.882124662399292
1997-10-08,2.869781494140625
1997-10-09,2.897552490234375
1997-10-10,2.882124662399292
1997-10-13,2.8913815021514893
1997-10-14,2.888296365737915
1997-10-15,2.8759541511535645
1997-10-16,2.866696119308472
1997-10-17,2.845094919204712
1997-10-20,2.8759541511535645
1997-10-21,2.8543522357940674
1997-10-22,2.860525608062744
1997-10-23,2.795722246170044
1997-10-24,2.801893949508667
1997-10-27,2.7124061584472656
1997-10-28,2.638347148895264
1997-10-29,2.663034439086914
1997-10-30,2.6445183753967285
1997-10-31,2.7062337398529053
1997-11-03,2.7556068897247314
1997-11-04,2.7556068897247314
1997-11-05,2.8790392875671387
1997-11-06,2.916069507598877
1997-11-07,2.894467353820801
1997-11-10,2.9376680850982666
1997-11-11,2.919154167175293
1997-11-12,2.888296365737915
1997-11-13,2.863610029220581
1997-11-14,2.860525608062744
1997-11-17,2.934583902359009
1997-11-18,2.906810760498047
1997-11-19,2.9685275554656982
1997-11-20,2.931497573852539
1997-11-21,2.953098058700561
1997-11-24,2.8790392875671387
1997-11-25,2.8512673377990723
1997-11-26,2.863610029220581
1997-11-28,2.900639057159424
1997-12-01,2.9685275554656982
1997-12-02,2.9716122150421143
1997-12-03,2.98704195022583
1997-12-04,3.002471685409546
1997-12-05,2.990128517150879
1997-12-08,3.0240702629089355
1997-12-09,3.0148122310638428
1997-12-10,3.0148122310638428
1997-12-11,3.0148122310638428
1997-12-12,3.036414384841919
1997-12-15,3.0271565914154053
1997-12-16,3.0796144008636475
1997-12-17,3.070357322692871
1997-12-18,3.0302438735961914
1997-12-19,3.0178990364074707
1997-12-22,3.070357322692871
1997-12-23,3.0222008228302
1997-12-24,3.0438077449798584
1997-12-26,3.0561585426330566
1997-12-29,3.0993757247924805
1997-12-30,3.148767471313477
1997-12-31,3.1178953647613525
1998-01-02,3.087027311325073
1998-01-05,3.0993757247924805
1998-01-06,3.111723661422729
1998-01-07,3.182725429534912
1998-01-08,3.19815993309021
1998-01-09,3.012939929962158
1998-01-12,2.978983163833618
1998-01-13,2.9758942127227783
1998-01-14,2.9604601860046387
1998-01-15,2.9450247287750244
1998-01-16,2.9419376850128174
1998-01-20,2.932676076889038
1998-01-21,2.9234158992767334
1998-01-22,2.914153814315796
1998-01-23,2.9419376850128174
1998-01-26,2.9419376850128174
1998-01-27,2.9635467529296875
1998-01-28,3.0345470905303955
1998-01-29,3.0561585426330566
1998-01-30,3.1178953647613525
1998-02-02,3.2105088233947754
1998-02-03,3.2722504138946533
1998-02-04,3.3247289657592773
1998-02-05,3.33707594871521
1998-02-06,3.389556407928467
1998-02-09,3.408078193664551
1998-02-10,3.3988184928894043
1998-02-11,3.404991388320923
1998-02-12,3.4327754974365234
1998-02-13,3.411165237426758
1998-02-17,3.4482102394104004
1998-02-18,3.479080438613892
1998-02-19,3.4605581760406494
1998-02-20,3.469820261001587
1998-02-23,3.4914283752441406
1998-02-24,3.5562562942504883
1998-02-25,3.5994739532470703
1998-02-26,3.574780464172364
1998-02-27,3.553168773651123
1998-03-02,3.5902132987976074
1998-03-03,3.596387386322021
1998-03-04,3.531559944152832
1998-03-05,3.494516134262085
1998-03-06,3.503775358200073
1998-03-09,3.475993156433105
1998-03-10,3.568605422973633
1998-03-11,3.636518478393554
1998-03-12,3.68282413482666
1998-03-13,3.66121506690979
1998-03-16,3.719868421554565
1998-03-17,3.763086080551148
1998-03-18,3.718001127243042
1998-03-19,3.7519688606262207
1998-03-20,3.724178075790405
1998-03-23,3.733440637588501
1998-03-24,3.730353116989136
1998-03-25,3.730353116989136
1998-03-26,3.711824893951416
1998-03-27,3.6778547763824463
1998-03-30,3.6778547763824463
1998-03-31,3.7519688606262207
1998-04-01,3.813730239868164
1998-04-02,3.8415238857269287
1998-04-03,3.8291714191436768
1998-04-06,3.7488820552825928
1998-04-07,3.690209627151489
1998-04-08,3.674766778945923
1998-04-09,3.690209627151489
1998-04-13,3.6932976245880127
1998-04-14,3.7643210887908936
1998-04-15,3.745793581008911
1998-04-16,3.6716809272766113
1998-04-17,3.6593267917633057
1998-04-20,3.7056493759155273
1998-04-21,3.721089124679565
1998-04-22,3.7766733169555664
1998-04-23,3.727264881134033
1998-04-24,3.646976232528688
1998-04-27,3.4369897842407227
1998-04-28,3.4771339893341064
1998-04-29,3.4647812843322754
1998-04-30,3.5512478351593018
1998-05-01,3.557423114776612
1998-05-04,3.628448486328125
1998-05-05,3.656240463256836
1998-05-06,3.566688060760498
1998-05-07,3.557423114776612
1998-05-08,3.597567558288574
1998-05-11,3.656240463256836
1998-05-12,3.6407978534698486
1998-05-13,3.6809451580047607
1998-05-14,3.699471950531006
1998-05-15,3.7396180629730233
1998-05-18,3.730353116989136
1998-05-19,3.6932976245880127
1998-05-20,3.718001127243042
1998-05-21,3.721089124679565
1998-05-22,3.684032917022705
1998-05-26,3.5790393352508545
1998-05-27,3.541982650756836
1998-05-28,3.572864055633545
1998-05-29,3.572864055633545
1998-06-01,3.637711763381958
1998-06-02,3.6130082607269287
1998-06-03,3.6068308353424072
1998-06-04,3.5512478351593018
1998-06-05,3.5512478351593018
1998-06-08,3.5512478351593018
1998-06-09,3.5512478351593018
1998-06-10,3.631536722183228
1998-06-11,3.56977653503418
1998-06-12,3.526543140411377
1998-06-15,3.5450711250305176
1998-06-16,3.557423114776612
1998-06-17,3.56977653503418
1998-06-18,3.594479322433472
1998-06-19,3.6068308353424072
1998-06-22,3.662416458129883
1998-06-23,3.662416458129883
1998-06-24,3.675956964492798
1998-06-25,3.614177942276001
1998-06-26,3.626533031463623
1998-06-29,3.5832865238189697
1998-06-30,3.626533031463623
1998-07-01,4.052821159362793
1998-07-02,4.0219316482543945
1998-07-06,4.0219316482543945
1998-07-07,4.096068382263184
1998-07-08,4.145491600036621
1998-07-09,4.18256139755249
1998-07-10,4.281408309936523
1998-07-13,4.262875556945801
1998-07-14,4.250516414642334
1998-07-15,4.299943447113037
1998-07-16,4.374080657958984
1998-07-17,4.52235746383667
1998-07-20,4.491466045379639
1998-07-21,4.516177654266357
1998-07-22,4.417330265045166
1998-07-23,4.361728191375732
1998-07-24,4.324656486511231
1998-07-27,4.404970645904541
1998-07-28,4.176383018493652
1998-07-29,4.071355819702148
1998-07-30,4.133134841918945
1998-07-31,4.03428840637207
1998-08-03,4.145491600036621
1998-08-04,3.941615581512451
1998-08-05,3.9292595386505127
1998-08-06,3.8921902179718018
1998-08-07,3.9539737701416016
1998-08-10,3.9539737701416016
1998-08-11,3.836589097976685
1998-08-12,3.805697679519653
1998-08-13,3.7500946521759033
1998-08-14,3.7933404445648193
1998-08-17,3.873655319213867
1998-08-18,4.01575231552124
1998-08-19,3.947793483734131
1998-08-20,3.9045467376708975
1998-08-21,3.848943948745728
1998-08-24,3.910725593566896
1998-08-25,3.842766761779785
1998-08-26,3.861299753189087
1998-08-27,3.867477655410767
1998-08-28,3.855122804641724
1998-08-31,3.5832865238189697
1998-09-01,3.669779777526856
1998-09-02,3.638890266418457
1998-09-03,3.657424926757813
1998-09-04,3.620356559753418
1998-09-08,3.898369789123535
1998-09-09,3.737739086151123
1998-09-10,3.694493770599365
1998-09-11,3.663602113723755
1998-09-14,3.7933404445648193
1998-09-15,3.923081636428833
1998-09-16,4.18256139755249
1998-09-17,4.151668548583984
1998-09-18,3.972510576248169
1998-09-21,3.75627374649048
1998-09-22,3.867477655410767
1998-09-23,3.64646577835083
1998-09-24,3.4548709392547607
1998-09-25,3.423967838287353
1998-09-28,3.3250834941864014
1998-09-29,3.263277769088745
1998-09-30,2.966616153717041
1998-10-01,2.941894769668579
1998-10-02,3.0840437412261963
1998-10-05,2.941894769668579
1998-10-06,3.139668226242065
1998-10-07,3.034600257873535
1998-10-08,2.9048099517822266
1998-10-09,3.0098800659179688
1998-10-12,3.220014333724976
1998-10-13,3.145849227905273
1998-10-14,3.201472282409668
1998-10-15,3.1952927112579346
1998-10-16,3.522855520248413
1998-10-19,3.4734134674072266
1998-10-20,3.584660768508911
1998-10-21,3.541398048400879
1998-10-22,3.504315137863159
1998-10-23,3.5290367603302
1998-10-26,3.5661206245422363
1998-10-27,3.5661206245422363
1998-10-28,3.6588268280029297
1998-10-29,3.819519519805908
1998-10-30,3.949308395385742
1998-11-02,4.054376125335693
1998-11-03,4.066738605499268
1998-11-04,4.097640037536621
1998-11-05,4.097640037536621
1998-11-06,4.011112213134766
1998-11-09,3.961669445037842
1998-11-10,3.992570400238037
1998-11-11,3.992570400238037
1998-11-12,4.227430820465088
1998-11-13,4.394299507141113
1998-11-16,4.542629241943359
1998-11-17,4.357216835021973
1998-11-18,4.394299507141113
1998-11-19,4.437563419342041
1998-11-20,4.499364376068115
1998-11-23,4.5673508644104
1998-11-24,4.647698879241943
1998-11-25,4.579713821411133
1998-11-27,4.5673508644104
1998-11-30,4.511731624603272
1998-12-01,4.487010002136231
1998-12-02,4.449923992156982
1998-12-03,4.487010002136231
1998-12-04,4.6971435546875
1998-12-07,4.660058498382568
1998-12-08,4.765128612518311
1998-12-09,4.7156829833984375
1998-12-10,4.629158020019531
1998-12-11,4.629158020019531
1998-12-14,4.6229753494262695
1998-12-15,4.517908573150635
1998-12-16,4.6229753494262695
1998-12-17,4.610616207122803
1998-12-18,4.796030044555664
1998-12-21,5.030888557434082
1998-12-22,4.94581937789917
1998-12-23,4.927269458770752
1998-12-24,4.939636707305908
1998-12-28,5.05709981918335
1998-12-29,5.143651962280273
1998-12-30,5.156015396118164
1998-12-31,5.372393608093262
1999-01-04,5.273479461669922
1999-01-05,5.322936534881592
1999-01-06,5.285844802856445
1999-01-07,5.149835586547852
1999-01-08,5.205471038818359
1999-01-11,5.100375175476074
1999-01-12,5.007641315460205
1999-01-13,4.964367866516113
1999-01-14,4.933452129364014
1999-01-15,5.032370567321777
1999-01-19,4.952001094818115
1999-01-20,4.908724784851074
1999-01-21,5.143651962280273
1999-01-22,5.044734477996826
1999-01-25,5.044734477996826
1999-01-26,5.211655616760254
1999-01-27,5.329121112823486
1999-01-28,5.261112213134766
1999-01-29,5.292026042938232
1999-02-01,5.180745124816895
1999-02-02,5.131285190582275
1999-02-03,5.224021434783936
1999-02-04,5.075648307800293
1999-02-05,5.125103950500488
1999-02-08,5.094193935394287
1999-02-09,5.069464206695557
1999-02-10,4.964367866516113
1999-02-11,4.989094257354736
1999-02-12,4.9705491065979
1999-02-16,4.853086948394775
1999-02-17,4.7788987159729
1999-02-18,4.7232584953308105
1999-02-19,4.6799798011779785
1999-02-22,4.7232584953308105
1999-02-23,4.717073917388916
1999-02-24,4.766532897949219
1999-02-25,4.772714138031006
1999-02-26,4.772714138031006
1999-03-01,4.710890769958496
1999-03-02,4.791260242462158
1999-03-03,4.68616247177124
1999-03-04,4.853086948394775
1999-03-05,4.9705491065979
1999-03-08,4.933452129364014
1999-03-09,5.094193935394287
1999-03-10,5.211655616760254
1999-03-11,5.335302829742432
1999-03-12,5.236382007598877
1999-03-15,5.137467384338379
1999-03-16,5.112740993499756
1999-03-17,5.26729679107666
1999-03-18,5.236382007598877
1999-03-19,5.205471038818359
1999-03-22,5.224021434783936
1999-03-23,4.927269458770752
1999-03-24,5.015331268310547
1999-03-25,4.972042083740234
1999-03-26,4.934939384460449
1999-03-29,5.03388786315918
1999-03-30,4.978226184844971
1999-03-31,5.169935703277588
1999-04-01,5.157569885253906
1999-04-05,5.590456008911133
1999-04-06,5.837826251983643
1999-04-07,5.831638336181641
1999-04-08,5.862560272216797
1999-04-09,5.831638336181641
1999-04-12,5.837826251983643
1999-04-13,6.035717487335205
1999-04-14,6.31400203704834
1999-04-15,6.462420463562012
1999-04-16,6.456237316131592
1999-04-19,6.357289791107178
1999-04-20,6.159399509429932
1999-04-21,6.165582180023193
1999-04-22,6.283078193664551
1999-04-23,6.344922065734863
1999-04-26,6.52426290512085
1999-04-27,6.783995628356934
1999-04-28,6.610840320587158
1999-04-29,6.617023468017578
1999-04-30,6.573736190795898
1999-05-03,6.598471164703369
1999-05-04,6.703604221343994
1999-05-05,6.678863048553467
1999-05-06,6.697417736053467
1999-05-07,6.691235065460205
1999-05-10,6.641761302947998
1999-05-11,6.647944927215576
1999-05-12,6.629390716552734
1999-05-13,6.586101055145264
1999-05-14,6.536630153656006
1999-05-17,6.375843524932861
1999-05-18,6.208871364593506
1999-05-19,6.233607769012451
1999-05-20,6.227424144744873
1999-05-21,6.184135913848877
1999-05-24,6.060451030731201
1999-05-25,5.98624324798584
1999-05-26,6.004794120788574
1999-05-27,6.035717487335205
1999-05-28,5.980057239532471
1999-06-01,5.942953109741211
1999-06-02,6.060451030731201
1999-06-03,6.307816505432129
1999-06-04,6.332555294036865
1999-06-07,6.338738441467285
1999-06-08,6.295448780059815
1999-06-09,6.276897430419922
1999-06-10,6.227424144744873
1999-06-11,6.184135913848877
1999-06-14,6.029531955718994
1999-06-15,5.949137210845947
1999-06-16,6.023349285125732
1999-06-17,6.153213977813721
1999-06-18,6.289264678955078
1999-06-21,6.258344650268555
1999-06-22,6.140843868255615
1999-06-23,6.04345703125
1999-06-24,5.895002841949463
1999-06-25,5.771284580230713
1999-06-28,5.758912563323975
1999-06-29,5.653756141662598
1999-06-30,5.752727031707764
1999-07-01,5.802212238311768
1999-07-02,5.839331150054932
1999-07-06,5.765100479125977
1999-07-07,5.758912563323975
1999-07-08,5.727983951568604
1999-07-09,5.727983951568604
1999-07-12,5.70324182510376
1999-07-13,5.672309875488281
1999-07-14,5.7898430824279785
1999-07-15,5.981598854064941
1999-07-16,6.099127292633057
1999-07-19,6.136242866516113
1999-07-20,5.975414752960205
1999-07-21,5.993973731994629
1999-07-22,5.845512866973877
1999-07-23,5.697055339813232
1999-07-26,5.622829437255859
1999-07-27,5.777470588684082
1999-07-28,5.901185989379883
1999-07-29,5.808398246765137
1999-07-30,5.647571563720703
1999-08-02,5.622829437255859
1999-08-03,5.486740589141846
1999-08-04,5.208383083343506
1999-08-05,5.245499134063721
1999-08-06,5.251682758331299
1999-08-09,5.350656986236572
1999-08-10,5.437256336212158
1999-08-11,5.591897010803223
1999-08-12,5.6784987449646
1999-08-13,5.758912563323975
1999-08-16,5.802212238311768
1999-08-17,5.783656597137451
1999-08-18,5.672309875488281
1999-08-19,5.536226272583008
1999-08-20,5.6599440574646
1999-08-23,5.925928115844727
1999-08-24,5.919741630554199
1999-08-25,6.1115007400512695
1999-08-26,6.117684364318848
1999-08-27,5.96922779083252
1999-08-30,5.808398246765137
1999-08-31,5.814581394195557
1999-09-01,5.895002841949463
1999-09-02,5.758912563323975
1999-09-03,5.963041305541992
1999-09-07,5.864072322845459
1999-09-08,5.777470588684082
1999-09-09,5.715614795684815
1999-09-10,5.647571563720703
1999-09-13,5.585712909698486
1999-09-14,5.616642475128174
1999-09-15,5.554782390594482
1999-09-16,5.418702602386475
1999-09-17,5.468183517456055
1999-09-20,5.288800239562988
1999-09-21,5.245499134063721
1999-09-22,5.234610080718994
1999-09-23,5.098482608795166
1999-09-24,5.030422687530518
1999-09-27,4.993298053741455
1999-09-28,4.782924175262451
1999-09-29,5.055171012878418
1999-09-30,5.216044425964356
1999-10-01,5.098482608795166
1999-10-04,5.160358428955078
1999-10-05,5.160358428955078
1999-10-06,5.2902936935424805
1999-10-07,5.216044425964356
1999-10-08,5.228418827056885
1999-10-11,5.345982551574707
1999-10-12,5.1479811668396
1999-10-13,4.974730968475342
1999-10-14,4.956171035766602
1999-10-15,4.888107299804688
1999-10-18,4.758172512054443
1999-10-19,4.758172512054443
1999-10-20,4.993298053741455
1999-10-21,4.987109184265137
1999-10-22,4.863358020782471
1999-10-25,4.838610649108887
1999-10-26,4.900485992431641
1999-10-27,4.727234840393066
1999-10-28,4.770546913146973
1999-10-29,4.782924175262451
1999-11-01,4.826231002807617
1999-11-02,4.721045970916748
1999-11-03,4.665358066558838
1999-11-04,4.671549320220947
1999-11-05,4.714859962463379
1999-11-08,4.659172534942627
1999-11-09,4.560173988342285
1999-11-10,4.690110206604004
1999-11-11,4.6220479011535645
1999-11-12,4.652987003326416
1999-11-15,4.677735805511475
1999-11-16,5.055171012878418
1999-11-17,5.086109161376953
1999-11-18,5.166546821594238
1999-11-19,5.073732852935791
1999-11-22,5.018043518066406
1999-11-23,4.974730968475342
1999-11-24,5.123231410980225
1999-11-26,5.005673408508301
1999-11-29,4.949983596801758
1999-11-30,4.863358020782471
1999-12-01,4.832420825958252
1999-12-02,4.869548320770264
1999-12-03,5.030422687530518
1999-12-06,4.869548320770264
1999-12-07,4.776732921600342
1999-12-08,4.776732921600342
1999-12-09,4.584923267364502
1999-12-10,4.547795295715332
1999-12-13,4.492110729217529
1999-12-14,4.380735874176025
1999-12-15,4.26936149597168
1999-12-16,4.380735874176025
1999-12-17,4.430236339569092
1999-12-20,4.362173557281494
1999-12-21,4.368361473083496
1999-12-22,4.479735851287842
1999-12-23,4.473546504974365
1999-12-27,4.399297714233398
1999-12-28,4.560173988342285
1999-12-29,4.68544864654541
1999-12-30,4.72877311706543
1999-12-31,4.778289794921875
2000-01-03,4.604983329772949
2000-01-04,4.437867164611816
2000-01-05,4.487382888793945
2000-01-06,4.536901473999023
2000-01-07,4.574036121368408
2000-01-10,4.666877269744873
2000-01-11,4.549275875091553
2000-01-12,4.425487518310547
2000-01-13,4.4935736656188965
2000-01-14,4.4935736656188965
2000-01-18,4.369784355163574
2000-01-19,4.320268154144287
2000-01-20,4.227424144744873
2000-01-21,4.078876972198486
2000-01-24,3.763213396072388
2000-01-25,3.992225646972656
2000-01-26,4.10982608795166
2000-01-27,4.116015434265137
2000-01-28,4.184098243713379
2000-01-31,4.270751953125
2000-02-01,4.283129692077637
2000-02-02,4.276941299438477
2000-02-03,4.314078330993652
2000-02-04,4.283129692077637
2000-02-07,4.270751953125
2000-02-08,4.338833332061768
2000-02-09,4.320268154144287
2000-02-10,4.128390312194824
2000-02-11,4.066497802734375
2000-02-14,4.054121017456055
2000-02-15,4.078876972198486
2000-02-16,4.047930717468262
2000-02-17,4.054121017456055
2000-02-18,3.94889760017395
2000-02-22,3.9365200996398926
2000-02-23,3.8931939601898193
2000-02-24,3.818918943405152
2000-02-25,3.806538343429565
2000-02-28,3.8870017528533936
2000-02-29,4.041740894317627
2000-03-01,4.103635311126709
2000-03-02,3.998414278030396
2000-03-03,3.961276054382324
2000-03-06,3.973655223846436
2000-03-07,3.7446439266204834
2000-03-08,3.67655873298645
2000-03-09,3.763213396072388
2000-03-10,3.806538343429565
2000-03-13,3.719886064529419
2000-03-14,3.719886064529419
2000-03-15,3.8684329986572266
2000-03-16,4.301699161529541
2000-03-17,4.301699161529541
2000-03-20,4.264560699462891
2000-03-21,4.326456546783447
2000-03-22,4.208856105804443
2000-03-23,4.221235275268555
2000-03-24,4.091257572174072
2000-03-27,4.289318561553955
2000-03-28,4.38835334777832
2000-03-29,4.680842399597168
2000-03-30,4.959463596343994
2000-03-31,5.052337646484375
2000-04-03,5.114253997802734
2000-04-04,5.20093297958374
2000-04-05,5.2938079833984375
2000-04-06,5.269043445587158
2000-04-07,5.126633167266846
2000-04-10,5.0832953453063965
2000-04-11,5.139018535614014
2000-04-12,5.0213775634765625
2000-04-13,5.120443820953369
2000-04-14,4.76133394241333
2000-04-17,4.93469762802124
2000-04-18,4.885165214538574
2000-04-19,5.0832953453063965
2000-04-20,5.24427604675293
2000-04-24,5.2938079833984375
2000-04-25,5.442406177520752
2000-04-26,5.541472911834717
2000-04-27,5.646732807159424
2000-04-28,5.659113883972168
2000-05-01,5.832476139068604
2000-05-02,5.721029281616211
2000-05-03,5.5786213874816895
2000-05-04,5.498133182525635
2000-05-05,5.702452182769775
2000-05-08,5.64054012298584
2000-05-09,5.566239356994629
2000-05-10,5.498133182525635
2000-05-11,5.498133182525635
2000-05-12,5.479555606842041
2000-05-15,5.448596954345703
2000-05-16,5.498133182525635
2000-05-17,5.448596954345703
2000-05-18,5.337152481079102
2000-05-19,5.114253997802734
2000-05-22,5.101870059967041
2000-05-23,4.897547721862793
2000-05-24,4.940889835357666
2000-05-25,4.953272342681885
2000-05-26,4.773717403411865
2000-05-30,4.804675102233887
2000-05-31,4.773717403411865
2000-06-01,4.7489519119262695
2000-06-02,4.98422908782959
2000-06-05,4.959463596343994
2000-06-06,4.959463596343994
2000-06-07,4.854206085205078
2000-06-08,4.860400199890137
2000-06-09,4.947078227996826
2000-06-12,4.885165214538574
2000-06-13,4.891356468200684
2000-06-14,4.779905796051025
2000-06-15,4.798482894897461
2000-06-16,4.860400199890137
2000-06-19,4.730374813079834
2000-06-20,4.711799621582031
2000-06-21,4.70560884475708
2000-06-22,4.773717403411865
2000-06-23,4.724181652069092
2000-06-26,4.755141258239746
2000-06-27,4.860400199890137
2000-06-28,4.841756343841553
2000-06-29,4.7937541007995605
2000-06-30,4.899044990539551
2000-07-03,4.917625427246094
2000-07-05,4.75040340423584
2000-07-06,4.651305198669434
2000-07-07,4.713239669799805
2000-07-10,4.688467502593994
2000-07-11,4.595564842224121
2000-07-12,4.657500743865967
2000-07-13,4.601756095886231
2000-07-14,4.533629894256592
2000-07-17,4.515048503875732
2000-07-18,4.62033748626709
2000-07-19,4.601756095886231
2000-07-20,4.731821060180664
2000-07-21,4.688467502593994
2000-07-24,4.837111473083496
2000-07-25,4.967174530029297
2000-07-26,4.9424004554748535
2000-07-27,4.812337875366211
2000-07-28,4.837111473083496
2000-07-31,5.047692775726318
2000-08-01,4.91143274307251
2000-08-02,4.954787254333496
2000-08-03,5.035301208496094
2000-08-04,5.344977378845215
2000-08-07,5.276848793029785
2000-08-08,5.3202056884765625
2000-08-09,5.431685447692871
2000-08-10,5.456459999084473
2000-08-11,5.493618965148926
2000-08-14,5.481231212615967
2000-08-15,5.295425891876221
2000-08-16,5.227300643920898
2000-08-17,5.270654678344727
2000-08-18,5.444070816040039
2000-08-21,5.4254913330078125
2000-08-22,5.419299125671387
2000-08-23,5.450262546539307
2000-08-24,5.512200355529785
2000-08-25,5.487422943115234
2000-08-28,5.499814033508301
2000-08-29,5.592712879180908
2000-08-30,5.499814033508301
2000-08-31,5.567942142486572
2000-09-01,5.580327033996582
2000-09-05,5.543167591094971
2000-09-06,5.326395511627197
2000-09-07,5.37594747543335
2000-09-08,5.239688873291016
2000-09-11,5.2025227546691895
2000-09-12,5.239688873291016
2000-09-13,5.239688873291016
2000-09-14,5.171558380126953
2000-09-15,5.196333408355713
2000-09-18,4.979560852050781
2000-09-19,4.756595134735107
2000-09-20,4.806143760681152
2000-09-21,4.781367301940918
2000-09-22,4.762788772583008
2000-09-25,4.837111473083496
2000-09-26,4.756595134735107
2000-09-27,4.764775276184082
2000-09-28,4.969244480133057
2000-09-29,4.93206787109375
2000-10-02,4.907284259796143
2000-10-03,4.944459438323975
2000-10-04,5.105556011199951
2000-10-05,5.142735481262207
2000-10-06,5.093167304992676
2000-10-09,5.117949962615967
2000-10-10,5.161322116851807
2000-10-11,5.266654968261719
2000-10-12,5.099360466003418
2000-10-13,5.2294793128967285
2000-10-16,5.310028076171875
2000-10-17,5.204694271087647
2000-10-18,5.26045560836792
2000-10-19,5.471127986907959
2000-10-20,5.6260271072387695
2000-10-23,5.5950446128845215
2000-10-24,5.526888847351074
2000-10-25,5.396772384643555
2000-10-26,5.520694732666016
2000-10-27,5.71897029876709
2000-10-30,5.911046028137207
2000-10-31,6.258025646209717
2000-11-01,6.165084838867188
2000-11-02,6.18367338180542
2000-11-03,6.096926689147949
2000-11-06,6.19606351852417
2000-11-07,6.14030122756958
2000-11-08,6.189868927001953
2000-11-09,6.14030122756958
2000-11-10,6.053553104400635
2000-11-13,6.059750556945801
2000-11-14,6.171278953552246
2000-11-15,6.313787460327148
2000-11-16,6.295202732086182
2000-11-17,6.332377910614014
2000-11-20,6.301400661468506
2000-11-21,6.350967884063721
2000-11-22,6.214653491973877
2000-11-24,6.412927150726318
2000-11-27,6.400533199310303
2000-11-28,6.301400661468506
2000-11-29,6.443907260894775
2000-11-30,6.462494850158691
2000-12-01,6.468691349029541
2000-12-04,6.524458408355713
2000-12-05,6.77230167388916
2000-12-06,6.605004787445068
2000-12-07,6.7165350914001465
2000-12-08,6.735125541687012
2000-12-11,6.797083854675293
2000-12-12,6.735125541687012
2000-12-13,6.450104713439941
2000-12-14,6.227046966552734
2000-12-15,6.456299781799316
2000-12-18,6.437710285186768
2000-12-19,6.357163429260254
2000-12-20,6.189868927001953
2000-12-21,6.1774749755859375
2000-12-22,6.270419597625732
2000-12-26,6.512063980102539
2000-12-27,6.74337100982666
2000-12-28,6.811552047729492
2000-12-29,6.780561447143555
2001-01-02,6.5946221351623535
2001-01-03,6.712382793426514
2001-01-04,6.588424682617188
2001-01-05,6.408684253692627
2001-01-08,5.801281452178955
2001-01-09,6.005815505981445
2001-01-10,6.135974884033203
2001-01-11,6.297119617462158
2001-01-12,6.321910381317139
2001-01-16,6.303318977355957
2001-01-17,6.148369789123535
2001-01-18,6.179356098175049
2001-01-19,6.104979991912842
2001-01-22,6.104979991912842
2001-01-23,6.222743988037109
2001-01-24,6.222743988037109
2001-01-25,6.253731727600098
2001-01-26,6.253731727600098
2001-01-29,6.242578029632568
2001-01-30,6.308029174804688
2001-01-31,6.3943071365356445
2001-02-01,6.398271560668945
2001-02-02,6.420086860656738
2001-02-05,6.410167217254639
2001-02-06,6.460744380950928
2001-02-07,6.355627059936523
2001-02-08,6.425045967102051
2001-02-09,6.317945957183838
2001-02-12,6.3863701820373535
2001-02-13,6.37645435333252
2001-02-14,6.437938690185547
2001-02-15,6.545039653778076
2001-02-16,6.355627059936523
2001-02-20,6.3863701820373535
2001-02-21,6.366532802581787
2001-02-22,6.301086902618408
2001-02-23,6.216794967651367
2001-02-26,6.412156581878662
2001-02-27,6.357610702514648
2001-02-28,6.291168689727783
2001-03-01,6.316954135894775
2001-03-02,6.296130180358887
2001-03-05,6.351664066314697
2001-03-06,6.297119617462158
2001-03-07,6.356621265411377
2001-03-08,6.37347936630249
2001-03-09,6.128536701202393
2001-03-12,5.960941314697266
2001-03-13,5.838967323303223
2001-03-14,5.68724536895752
2001-03-15,5.736825466156006
2001-03-16,5.657490253448486
2001-03-19,5.726907730102539
2001-03-20,5.622781276702881
2001-03-21,5.474031925201416
2001-03-22,5.431388854980469
2001-03-23,5.484940052032471
2001-03-26,5.682283878326416
2001-03-27,5.677326202392578
2001-03-28,5.543400764465332
2001-03-29,5.450150966644287
2001-03-30,5.412453651428223
2001-04-02,5.356904983520508
2001-04-03,5.1733808517456055
2001-04-04,5.346982479095459
2001-04-05,5.457094192504883
2001-04-06,5.379719257354736
2001-04-09,5.414438724517822
2001-04-10,5.474949359893799
2001-04-11,5.155522346496582
2001-04-12,5.357895851135254
2001-04-16,5.339046001434326
2001-04-17,5.308295249938965
2001-04-18,5.847952365875244
2001-04-19,5.654508113861084
2001-04-20,5.593994617462158
2001-04-23,5.580108642578125
2001-04-24,5.525544166564941
2001-04-25,5.515624523162842
2001-04-26,5.535466194152832
2001-04-27,5.503721237182617
2001-04-30,5.556302070617676
2001-05-01,5.499754428863525
2001-05-02,5.455111503601074
2001-05-03,5.356904983520508
2001-05-04,5.495784282684326
2001-05-07,5.543400764465332
2001-05-08,5.736846446990967
2001-05-09,5.704108238220215
2001-05-10,5.883662700653076
2001-05-11,5.828111171722412
2001-05-14,5.747758865356445
2001-05-15,5.825133800506592
2001-05-16,6.031473159790039
2001-05-17,6.165398597717285
2001-05-18,6.164406776428223
2001-05-21,6.405465602874756
2001-05-22,6.396540641784668
2001-05-23,6.335031986236572
2001-05-24,6.37372350692749
2001-05-25,6.430267810821533
2001-05-29,6.348920822143555
2001-05-30,6.281463623046875
2001-05-31,6.24773645401001
2001-06-01,6.249719142913818
2001-06-04,6.24773645401001
2001-06-05,6.413403034210205
2001-06-06,6.357851028442383
2001-06-07,6.446140289306641
2001-06-08,6.441181182861328
2001-06-11,6.3389997482299805
2001-06-12,6.359832763671875
2001-06-13,6.355865955352783
2001-06-14,6.087026596069336
2001-06-15,6.172343254089356
2001-06-18,6.135638236999512
2001-06-19,6.095954895019531
2001-06-20,6.072150230407715
2001-06-21,6.261624813079834
2001-06-22,6.228887557983398
2001-06-25,6.153493881225586
2001-06-26,6.466973781585693
2001-06-27,5.737614154815674
2001-06-28,5.626473903656006
2001-06-29,5.557007789611816
2001-07-02,5.656243324279785
2001-07-03,5.763413906097412
2001-07-05,5.77333402633667
2001-07-06,5.61555814743042
2001-07-09,5.635403633117676
2001-07-10,5.662198066711426
2001-07-11,5.450834274291992
2001-07-12,5.715779781341553
2001-07-13,5.703875541687012
2001-07-16,5.674104690551758
2001-07-17,5.591745853424072
2001-07-18,5.581819534301758
2001-07-19,5.663188457489014
2001-07-20,5.642351150512695
2001-07-23,5.502431869506836
2001-07-24,5.481595993041992
2001-07-25,5.515335559844971
2001-07-26,5.557007789611816
2001-07-27,5.581819534301758
2001-07-30,5.57189416885376
2001-07-31,5.61555814743042
2001-08-01,5.586779594421387
2001-08-02,5.685019493103027
2001-08-03,5.730668544769287
2001-08-06,5.716775894165039
2001-08-07,5.810050487518311
2001-08-08,5.730668544769287
2001-08-09,5.664182186126709
2001-08-10,5.713799476623535
2001-08-13,5.705861568450928
2001-08-14,5.730668544769287
2001-08-15,5.723721504211426
2001-08-16,5.735630035400391
2001-08-17,5.714788436889648
2001-08-20,5.703875541687012
2001-08-21,5.705861568450928
2001-08-22,5.712804794311523
2001-08-23,5.738608360290527
2001-08-24,5.754487991333008
2001-08-27,5.77234411239624
2001-08-28,5.755475521087647
2001-08-29,5.65823221206665
2001-08-30,5.555025577545166
2001-08-31,5.514341831207275
2001-09-04,5.558003902435303
2001-09-05,5.561973571777344
2001-09-06,5.438924789428711
2001-09-07,5.333738803863525
2001-09-10,5.3119049072265625
2001-09-17,4.881239891052246
2001-09-18,4.81971549987793
2001-09-19,4.758189678192139
2001-09-20,4.518047332763672
2001-09-21,4.549804210662842
2001-09-24,4.807806968688965
2001-09-25,4.824676036834717
2001-09-26,4.541749954223633
2001-09-27,4.541749954223633
2001-09-28,4.683708667755127
2001-10-01,4.616203784942627
2001-10-02,4.730367183685303
2001-10-03,4.8127641677856445
2001-10-04,4.861406803131104
2001-10-05,4.831624507904053
2001-10-08,4.828648567199707
2001-10-09,4.85048770904541
2001-10-10,4.9586944580078125
2001-10-11,5.234672546386719
2001-10-12,5.243609428405762
2001-10-15,5.3746490478515625
2001-10-16,5.400459289550781
2001-10-17,5.50668478012085
2001-10-18,5.581139087677002
2001-10-19,5.657578468322754
2001-10-22,5.624818801879883
2001-10-23,5.783657550811768
2001-10-24,5.712178707122803
2001-10-25,5.7320332527160645
2001-10-26,5.901787757873535
2001-10-29,5.666513919830322
2001-10-30,5.514626502990723
2001-10-31,5.53348445892334
2001-11-01,5.576176643371582
2001-11-02,5.747918605804443
2001-11-05,5.738981246948242
2001-11-06,5.807480812072754
2001-11-07,5.754865646362305
2001-11-08,5.756851673126221
2001-11-09,5.724092960357666
2001-11-12,5.588086128234863
2001-11-13,5.679419040679932
2001-11-14,5.756851673126221
2001-11-15,5.866054058074951
2001-11-16,5.872008800506592
2001-11-19,5.970290660858154
2001-11-20,6.002058506011963
2001-11-21,5.876972198486328
2001-11-23,5.972274303436279
2001-11-26,6.017940044403076
2001-11-27,6.01099157333374
2001-11-28,6.074526309967041
2001-11-29,5.976245403289795
2001-11-30,5.82237434387207
2001-12-03,5.684382438659668
2001-12-04,5.915688991546631
2001-12-05,6.207553386688232
2001-12-06,6.227408409118652
2001-12-07,6.232370853424072
2001-12-10,6.209537029266357
2001-12-11,6.175785541534424
2001-12-12,5.997095108032227
2001-12-13,5.88987922668457
2001-12-14,5.579153060913086
2001-12-17,5.70125675201416
2001-12-18,5.907749652862549
2001-12-19,5.933555603027344
2001-12-20,5.8928542137146
2001-12-21,5.917677402496338
2001-12-24,5.914695739746094
2001-12-26,5.953426361083984
2001-12-27,6.026914596557617
2001-12-28,5.973287582397461
2001-12-31,5.989177703857422
2002-01-02,5.98818302154541
2002-01-03,6.041811466217041
2002-01-04,6.284115314483643
2002-01-07,6.186797142028809
2002-01-08,6.157001972198486
2002-01-09,6.17587423324585
2002-01-10,6.173887252807617
2002-01-11,6.324831962585449
2002-01-14,6.262266635894775
2002-01-15,5.949450969696045
2002-01-16,5.824328899383545
2002-01-17,5.9156928062438965
2002-01-18,5.999108791351318
2002-01-22,5.933565616607666
2002-01-23,5.918672561645508
2002-01-24,6.097421646118164
2002-01-25,6.157001972198486
2002-01-28,6.254324436187744
2002-01-29,6.113307952880859
2002-01-30,6.197721004486084
2002-01-31,6.329799652099609
2002-02-01,6.192754745483398
2002-02-04,6.047768592834473
2002-02-05,5.998114109039307
2002-02-06,5.963357448577881
2002-02-07,5.971303939819336
2002-02-08,6.059679985046387
2002-02-11,6.364557266235352
2002-02-12,6.324831962585449
2002-02-13,6.521461009979248
2002-02-14,6.487695217132568
2002-02-15,6.564159870147705
2002-02-19,6.482725620269775
2002-02-20,6.514508247375488
2002-02-21,6.698225498199463
2002-02-22,6.901805877685547
2002-02-25,6.894851207733154
2002-02-26,6.737947463989258
2002-02-27,6.66843318939209
2002-02-28,6.676376819610596
2002-03-01,6.755823135375977
2002-03-04,7.130207061767578
2002-03-05,6.949471950531006
2002-03-06,6.993166923522949
2002-03-07,7.035866737365723
2002-03-08,7.121270179748535
2002-03-11,7.205681324005127
2002-03-12,7.22454833984375
2002-03-13,7.180854797363281
2002-03-14,7.140140056610107
2002-03-15,7.165960788726807
2002-03-18,7.258314609527588
2002-03-19,7.362585067749023
2002-03-20,7.233489036560059
2002-03-21,7.100416660308838
2002-03-22,7.0984296798706055
2002-03-25,6.9802565574646
2002-03-26,7.070652008056641
2002-03-27,7.042836666107178
2002-03-28,7.054755687713623
2002-04-01,7.099456787109375
2002-04-02,7.000122547149658
2002-04-03,6.86899995803833
2002-04-04,6.9951581954956055
2002-04-05,7.050784587860107
2002-04-08,7.029925346374512
2002-04-09,7.100451469421387
2002-04-10,7.27627420425415
2002-04-11,7.153098583221436
2002-04-12,7.225613594055176
2002-04-15,7.291174411773682
2002-04-16,7.482888698577881
2002-04-17,7.355741024017334
2002-04-18,7.265346527099609
2002-04-19,7.412362575531006
2002-04-22,7.293162822723389
2002-04-23,7.215679168701172
2002-04-24,7.164025783538818
2002-04-25,7.222635269165039
2002-04-26,7.208725452423096
2002-04-29,7.029925346374512
2002-04-30,7.110383987426758
2002-05-01,7.112369060516357
2002-05-02,7.142170906066895
2002-05-03,7.172966480255127
2002-05-06,6.96436071395874
2002-05-07,6.926612854003906
2002-05-08,7.191837787628174
2002-05-09,7.0100531578063965
2002-05-10,6.942509651184082
2002-05-13,6.891848564147949
2002-05-14,7.073629856109619
2002-05-15,7.125284671783447
2002-05-16,7.149125576019287
2002-05-17,7.179919719696045
2002-05-20,7.038865566253662
2002-05-21,6.878934383392334
2002-05-22,6.904759407043457
2002-05-23,7.042836666107178
2002-05-24,7.092505931854248
2002-05-28,6.910721778869629
2002-05-29,6.842179775238037
2002-05-30,6.740856647491455
2002-05-31,6.915688991546631
2002-06-03,6.798472881317139
2002-06-04,6.791518688201904
2002-06-05,6.871979236602783
2002-06-06,6.824300289154053
2002-06-07,6.909730434417725
2002-06-10,6.601789951324463
2002-06-11,6.545169353485107
2002-06-12,6.402129650115967
2002-06-13,6.26603889465332
2002-06-14,6.200478553771973
2002-06-17,6.458747863769531
2002-06-18,6.603775978088379
2002-06-19,6.4647088050842285
2002-06-20,6.347493171691895
2002-06-21,6.407094955444336
2002-06-24,6.382258892059326
2002-06-25,6.340541362762451
2002-06-26,6.298807621002197
2002-06-27,6.478660583496094
2002-06-28,6.592930316925049
2002-07-01,6.38128137588501
2002-07-02,6.354452133178711
2002-07-03,6.19943904876709
2002-07-05,6.480645656585693
2002-07-08,6.364387035369873
2002-07-09,6.258065700531006
2002-07-10,6.142801284790039
2002-07-11,6.12094259262085
2002-07-12,6.209375381469727
2002-07-15,6.1606855392456055
2002-07-16,6.053373336791992
2002-07-17,6.036479473114014
2002-07-18,5.983815670013428
2002-07-19,5.784092903137207
2002-07-22,5.577409744262695
2002-07-23,5.504873275756836
2002-07-24,5.902336120605469
2002-07-25,5.887429714202881
2002-07-26,5.8576202392578125
2002-07-29,6.216334819793701
2002-07-30,6.210368633270264
2002-07-31,6.16565465927124
2002-08-01,5.973878383636475
2002-08-02,5.858614444732666
2002-08-05,5.524743556976318
2002-08-06,5.700622081756592
2002-08-07,5.8506622314453125
2002-08-08,5.988783836364746
2002-08-09,6.036479473114014
2002-08-12,6.031516075134277
2002-08-13,5.939099788665772
2002-08-14,6.067283630371094
2002-08-15,6.042445182800293
2002-08-16,6.122928619384766
2002-08-19,6.309737682342529
2002-08-20,6.227265357971191
2002-08-21,6.262040615081787
2002-08-22,6.304769515991211
2002-08-23,6.118954658508301
2002-08-26,6.166652679443359
2002-08-27,6.13485050201416
2002-08-28,6.039461612701416
2002-08-29,5.931150913238525
2002-08-30,5.976861000061035
2002-09-03,5.748317241668701
2002-09-04,5.822844982147217
2002-09-05,5.835763931274414
2002-09-06,5.891407489776611
2002-09-09,5.872525215148926
2002-09-10,5.932145118713379
2002-09-11,5.977853298187256
2002-09-12,5.8218488693237305
2002-09-13,5.604238510131836
2002-09-16,5.524743556976318
2002-09-17,5.4144487380981445
2002-09-18,5.2902445793151855
2002-09-19,5.35880708694458
2002-09-20,5.480031967163086
2002-09-23,5.426373958587647
2002-09-24,5.417430400848389
2002-09-25,5.581957340240479
2002-09-26,5.756919860839844
2002-09-27,5.681366920471191
2002-09-30,5.651543140411377
2002-10-01,6.009424686431885
2002-10-02,5.875222682952881
2002-10-03,5.775810241699219
2002-10-04,5.65949821472168
2002-10-07,5.66844654083252
2002-10-08,5.766862869262695
2002-10-09,5.575000286102295
2002-10-10,5.646571159362793
2002-10-11,5.783761501312256
2002-10-14,5.365238189697266
2002-10-15,5.567044258117676
2002-10-16,5.542191505432129
2002-10-17,5.543187141418457
2002-10-18,5.740019798278809
2002-10-21,6.030301570892334
2002-10-22,5.868265151977539
2002-10-23,5.864283561706543
2002-10-24,5.692302703857422
2002-10-25,5.825516223907471
2002-10-28,5.733061790466309
2002-10-29,5.751951217651367
2002-10-30,5.815574169158936
2002-10-31,5.750956535339356
2002-11-01,5.753937244415283
2002-11-04,5.749959945678711
2002-11-05,5.711191654205322
2002-11-06,5.765866756439209
2002-11-07,5.698269367218018
2002-11-08,5.646571159362793
2002-11-11,5.517338752746582
2002-11-12,5.611781597137451
2002-11-13,5.682363033294678
2002-11-14,5.919959545135498
2002-11-15,5.945802211761475
2002-11-18,5.948784828186035
2002-11-19,5.939838409423828
2002-11-20,6.022351741790772
2002-11-21,6.321578502655029
2002-11-22,6.237077236175537
2002-11-25,6.283802509307861
2002-11-26,6.070067405700684
2002-11-27,6.264913558959961
2002-11-29,6.247019290924072
2002-12-02,6.281815052032471
2002-12-03,6.090945243835449
2002-12-04,6.168484210968018
2002-12-05,6.071062088012695
2002-12-06,6.124747276306152
2002-12-09,6.049193382263184
2002-12-10,6.137667655944824
2002-12-11,6.144625663757324
2002-12-12,6.112817287445068
2002-12-13,5.997493743896484
2002-12-16,6.155561447143555
2002-12-17,6.217195510864258
2002-12-18,6.135679244995117
2002-12-19,6.204272270202637
2002-12-20,6.471688747406006
2002-12-23,6.588002681732178
2002-12-24,6.568607807159424
2002-12-26,6.638223648071289
2002-12-27,6.460207462310791
2002-12-30,6.498993396759033
2002-12-31,6.533801555633545
2003-01-02,6.712807655334473
2003-01-03,6.701870918273926
2003-01-06,6.76054573059082
2003-01-07,6.600432872772217
2003-01-08,6.509934425354004
2003-01-09,6.633248805999756
2003-01-10,6.5009846687316895
2003-01-13,6.474128723144531
2003-01-14,6.509934425354004
2003-01-15,6.432366847991943
2003-01-16,6.503966331481934
2003-01-17,6.352805137634277
2003-01-21,6.26031494140625
2003-01-22,6.162858009338379
2003-01-23,6.312029838562012
2003-01-24,6.152915000915527
2003-01-27,6.064403533935547
2003-01-28,6.078327178955078
2003-01-29,6.134016036987305
2003-01-30,6.011694431304932
2003-01-31,6.10716724395752
2003-02-03,6.168824672698975
2003-02-04,6.177776336669922
2003-02-05,6.290150165557861
2003-02-06,6.150923252105713
2003-02-07,6.10617208480835
2003-02-10,6.175784587860107
2003-02-11,6.201642990112305
2003-02-12,6.105175495147705
2003-02-13,6.080314159393311
2003-02-14,6.266283988952637
2003-02-18,6.324958801269531
2003-02-19,6.275234222412109
2003-02-20,6.185730457305908
2003-02-21,6.342859268188477
2003-02-24,6.3070597648620605
2003-02-25,6.396561622619629
2003-02-26,6.344850063323975
2003-02-27,6.404518127441406
2003-02-28,6.46617603302002
2003-03-03,6.517889022827148
2003-03-04,6.339878559112549
2003-03-05,6.332916259765625
2003-03-06,6.285181045532227
2003-03-07,6.390597343444824
2003-03-10,6.286170959472656
2003-03-11,6.290150165557861
2003-03-12,6.250375270843506
2003-03-13,6.38960075378418
2003-03-14,6.3587727546691895
2003-03-17,6.667064189910889
2003-03-18,6.700877189636231
2003-03-19,6.722754955291748
2003-03-20,6.681982040405273
2003-03-21,6.811267375946045
2003-03-24,6.623307704925537
2003-03-25,6.72673225402832
2003-03-26,6.656597137451172
2003-03-27,6.511346340179443
2003-03-28,6.491451263427734
2003-03-31,6.542186737060547
2003-04-01,6.644659042358398
2003-04-02,6.851588249206543
2003-04-03,6.801846027374268
2003-04-04,6.76105546951294
2003-04-07,6.85755729675293
2003-04-08,6.573027610778809
2003-04-09,6.472546100616455
2003-04-10,6.568052291870117
2003-04-11,6.534228324890137
2003-04-14,6.658586502075195
2003-04-15,6.720264911651611
2003-04-16,6.621775627136231
2003-04-17,6.922223091125488
2003-04-21,6.871486663818359
2003-04-22,7.012755393981934
2003-04-23,6.919238090515137
2003-04-24,6.825722694396973
2003-04-25,6.6824631690979
2003-04-28,6.798861503601074
2003-04-29,6.869497776031494
2003-04-30,6.862533092498779
2003-05-01,6.839650630950928
2003-05-02,6.912275791168213
2003-05-05,6.899341106414795
2003-05-06,6.988877296447754
2003-05-07,6.904314994812012
2003-05-08,6.794879913330078
2003-05-09,6.923217296600342
2003-05-12,7.134129047393799
2003-05-13,6.994846820831299
2003-05-14,6.961022853851318
2003-05-15,6.9968366622924805
2003-05-16,6.93813943862915
2003-05-19,6.803836822509766
2003-05-20,6.757075786590576
2003-05-21,6.689428806304932
2003-05-22,6.649631023406982
2003-05-23,6.600885391235352
2003-05-27,6.610830783843994
2003-05-28,6.546168804168701
2003-05-29,6.466578960418701
2003-05-30,6.657589435577393
2003-06-02,6.770008087158203
2003-06-03,6.84860372543335
2003-06-04,6.899341106414795
2003-06-05,6.993852615356445
2003-06-06,6.85457181930542
2003-06-09,6.901330471038818
2003-06-10,6.83367919921875
2003-06-11,6.904314994812012
2003-06-12,6.860541343688965
2003-06-13,6.785924911499023
2003-06-16,6.988877296447754
2003-06-17,6.924213886260986
2003-06-18,6.928191661834717
2003-06-19,6.917247295379639
2003-06-20,6.999817371368408
2003-06-23,6.914263248443604
2003-06-24,6.914263248443604
2003-06-25,6.804291725158691
2003-06-26,6.899833679199219
2003-06-27,6.802302360534668
2003-06-30,6.772445201873779
2003-07-01,6.698799133300781
2003-07-02,6.822208404541016
2003-07-03,6.768466949462891
2003-07-07,6.900830268859863
2003-07-08,6.842112064361572
2003-07-09,6.77344274520874
2003-07-10,6.688850402832031
2003-07-11,6.667946815490723
2003-07-14,6.657998085021973
2003-07-15,6.580367565155029
2003-07-16,6.589327812194824
2003-07-17,6.739602088928223
2003-07-18,6.927699565887451
2003-07-21,6.817231178283691
2003-07-22,6.906799793243408
2003-07-23,6.944616794586182
2003-07-24,6.946608543395996
2003-07-25,7.059067726135254
2003-07-28,7.139681339263916
2003-07-29,7.09688663482666
2003-07-30,7.080962181091309
2003-07-31,7.18546199798584
2003-08-01,7.189442157745361
2003-08-04,7.271050930023193
2003-08-05,7.144654750823975
2003-08-06,7.150631427764893
2003-08-07,7.196407318115234
2003-08-08,7.220290184020996
2003-08-11,7.227258682250977
2003-08-12,7.308866500854492
2003-08-13,7.407393455505371
2003-08-14,7.557668209075928
2003-08-15,7.534780979156494
2003-08-18,7.623354434967041
2003-08-19,7.611414432525635
2003-08-20,7.586532592773437
2003-08-21,7.621365547180176
2003-08-22,7.5855393409729
2003-08-25,7.494969844818115
2003-08-26,7.527817249298096
2003-08-27,7.563642501831055
2003-08-28,7.605441093444824
2003-08-29,7.688045024871826
2003-09-02,7.697998046875
2003-09-03,7.678094387054443
2003-09-04,7.811450958251953
2003-09-05,7.618380546569824
2003-09-08,7.720884323120117
2003-09-09,7.553689479827881
2003-09-10,7.406397342681885
2003-09-11,7.552694320678711
2003-09-12,7.557668209075928
2003-09-15,7.451183319091797
2003-09-16,7.593499660491943
2003-09-17,7.456157684326172
2003-09-18,7.544733047485352
2003-09-19,7.552694320678711
2003-09-22,7.473079681396484
2003-09-23,7.53876256942749
2003-09-24,7.330197811126709
2003-09-25,7.272452354431152
2003-09-26,7.3998823165893555
2003-09-29,7.417802810668945
2003-09-30,7.353094577789307
2003-10-01,7.508398056030273
2003-10-02,7.572113037109375
2003-10-03,7.702530384063721
2003-10-06,7.826970100402832
2003-10-07,7.834935188293457
2003-10-08,7.704519271850586
2003-10-09,7.74932050704956
2003-10-10,7.770228385925293
2003-10-13,7.864802837371826
2003-10-14,7.863806247711182
2003-10-15,7.993228435516357
2003-10-16,7.998209476470947
2003-10-17,8.081835746765137
2003-10-20,8.07884693145752
2003-10-21,8.119661331176758
2003-10-22,8.05395793914795
2003-10-23,7.972320556640625
2003-10-24,7.916572570800781
2003-10-27,8.009153366088867
2003-10-28,8.160477638244629
2003-10-29,8.239124298095703
2003-10-30,8.261031150817871
2003-10-31,8.248086929321289
2003-11-03,8.326735496520996
2003-11-04,8.29587459564209
2003-11-05,8.387462615966797
2003-11-06,8.482043266296387
2003-11-07,8.321759223937988
2003-11-10,8.281932830810547
2003-11-11,8.332710266113281
2003-11-12,8.428285598754883
2003-11-13,8.332710266113281
2003-11-14,8.170437812805176
2003-11-17,8.087803840637207
2003-11-18,8.029068946838379
2003-11-19,8.00716495513916
2003-11-20,8.018113136291504
2003-11-21,8.158485412597656
2003-11-24,8.170437812805176
2003-11-25,8.235147476196289
2003-11-26,8.228178977966309
2003-11-28,8.282930374145508
2003-12-01,8.376517295837402
2003-12-02,8.262028694152832
2003-12-03,8.310809135437012
2003-12-04,8.378506660461426
2003-12-05,8.345649719238281
2003-12-08,8.43823528289795
2003-12-09,8.347644805908203
2003-12-10,8.233155250549316
2003-12-11,8.514899253845215
2003-12-12,8.786675453186035
2003-12-15,8.860347747802734
2003-12-16,8.915103912353516
2003-12-17,8.928046226501465
2003-12-18,9.103257179260254
2003-12-19,9.026601791381836
2003-12-22,9.107243537902832
2003-12-23,9.115800857543944
2003-12-24,9.074983596801758
2003-12-26,9.094898223876951
2003-12-29,9.154629707336426
2003-12-30,9.118789672851562
2003-12-31,9.134720802307127
2004-01-02,9.032169342041016
2004-01-05,9.021221160888672
2004-01-06,8.910710334777832
2004-01-07,8.880841255187988
2004-01-08,8.868897438049316
2004-01-09,8.811149597167969
2004-01-12,8.83205795288086
2004-01-13,8.910710334777832
2004-01-14,8.976421356201172
2004-01-15,9.305965423583984
2004-01-16,9.494135856628418
2004-01-20,9.309947967529297
2004-01-21,9.253198623657228
2004-01-22,9.214370727539062
2004-01-23,9.261163711547852
2004-01-26,9.303979873657228
2004-01-27,9.14666748046875
2004-01-28,8.900752067565918
2004-01-29,8.958502769470215
2004-01-30,9.114810943603516
2004-02-02,9.138705253601074
2004-02-03,9.10684585571289
2004-02-04,8.973434448242188
2004-02-05,9.139698028564451
2004-02-06,9.422451972961426
2004-02-09,9.37366771697998
2004-02-10,9.32388687133789
2004-02-11,9.406526565551758
2004-02-12,9.39159107208252
2004-02-13,9.203421592712402
2004-02-17,9.345786094665527
2004-02-18,9.259174346923828
2004-02-19,9.240256309509276
2004-02-20,9.214370727539062
2004-02-23,9.073993682861328
2004-02-24,9.05009651184082
2004-02-25,9.151647567749023
2004-02-26,9.06303882598877
2004-02-27,8.923653602600098
2004-03-01,9.131736755371094
2004-03-02,9.01126766204834
2004-03-03,9.139698028564451
2004-03-04,9.139698028564451
2004-03-05,9.173551559448242
2004-03-08,8.95053482055664
2004-03-09,8.866897583007812
2004-03-10,8.760368347167969
2004-03-11,8.781278610229492
2004-03-12,9.04511833190918
2004-03-15,8.80119514465332
2004-03-16,8.899759292602539
2004-03-17,9.165583610534668
2004-03-18,9.203421592712402
2004-03-19,9.114810943603516
2004-03-22,9.039143562316896
2004-03-23,8.862919807434082
2004-03-24,8.815614700317383
2004-03-25,8.969979286193848
2004-03-26,8.979937553405762
2004-03-29,9.17413330078125
2004-03-30,9.254806518554688
2004-03-31,9.298623085021973
2004-04-01,9.251815795898438
2004-04-02,9.40916919708252
2004-04-05,9.480871200561523
2004-04-06,9.43605613708496
2004-04-07,9.346424102783203
2004-04-08,9.365350723266602
2004-04-12,9.485849380493164
2004-04-13,9.361361503601074
2004-04-14,9.361361503601074
2004-04-15,9.482858657836914
2004-04-16,9.56552028656006
2004-04-19,9.515729904174805
2004-04-20,9.393230438232422
2004-04-21,9.32153034210205
2004-04-22,9.36435317993164
2004-04-23,9.360366821289062
2004-04-26,9.31853485107422
2004-04-27,9.510746002197266
2004-04-28,9.34941291809082
2004-04-29,9.316550254821776
2004-04-30,9.213969230651855
2004-05-03,9.309579849243164
2004-05-04,9.387255668640137
2004-05-05,9.413148880004885
2004-05-06,9.34443187713623
2004-05-07,9.062597274780272
2004-05-10,8.858437538146973
2004-05-11,8.928150177001953
2004-05-12,9.104419708251951
2004-05-13,8.960016250610352
2004-05-14,8.961019515991211
2004-05-17,8.863417625427246
2004-05-18,8.951056480407715
2004-05-19,8.951056480407715
2004-05-20,8.888312339782715
2004-05-21,8.966987609863281
2004-05-24,9.014792442321776
2004-05-25,9.112388610839844
2004-05-26,9.162185668945312
2004-05-27,9.291648864746094
2004-05-28,9.36733627319336
2004-06-01,9.399206161499023
2004-06-02,9.44700527191162
2004-06-03,9.32153034210205
2004-06-04,9.37530517578125
2004-06-07,9.71390438079834
2004-06-08,9.709928512573242
2004-06-09,9.558549880981444
2004-06-10,9.530659675598145
2004-06-14,9.484851837158203
2004-06-15,9.670088768005373
2004-06-16,9.638216018676758
2004-06-17,9.606352806091309
2004-06-18,9.707934379577637
2004-06-21,9.835406303405762
2004-06-22,9.883209228515623
2004-06-23,10.10934829711914
2004-06-24,9.993788719177246
2004-06-25,10.04160213470459
2004-06-28,10.04160213470459
2004-06-29,10.240845680236816
2004-06-30,10.330501556396484
2004-07-01,10.157160758972168
2004-07-02,10.015701293945312
2004-07-06,9.890179634094238
2004-07-07,10.051562309265137
2004-07-08,9.866277694702148
2004-07-09,9.961907386779783
2004-07-12,9.947962760925291
2004-07-13,10.051562309265137
2004-07-14,10.071487426757812
2004-07-15,10.149194717407228
2004-07-16,10.183060646057127
2004-07-19,9.939988136291504
2004-07-20,9.983823776245115
2004-07-21,9.728798866271973
2004-07-22,10.043596267700195
2004-07-23,10.017698287963867
2004-07-26,10.111337661743164
2004-07-27,10.10137939453125
2004-07-28,10.119306564331056
2004-07-29,10.135244369506836
2004-07-30,10.091419219970703
2004-08-02,10.153178215026855
2004-08-03,10.097390174865724
2004-08-04,10.069498062133787
2004-08-05,9.792555809020996
2004-08-06,9.69692325592041
2004-08-09,9.631171226501465
2004-08-10,9.782594680786133
2004-08-11,9.752707481384276
2004-08-12,9.563433647155762
2004-08-13,9.533539772033691
2004-08-16,9.752707481384276
2004-08-17,9.872249603271484
2004-08-18,10.00175952911377
2004-08-19,9.866277694702148
2004-08-20,9.90811252593994
2004-08-23,9.951942443847656
2004-08-24,9.912101745605469
2004-08-25,10.04160213470459
2004-08-26,10.037616729736328
2004-08-27,10.099388122558594
2004-08-30,10.03164005279541
2004-08-31,10.244829177856444
2004-09-01,10.141223907470703
2004-09-02,10.149194717407228
2004-09-03,10.147198677062988
2004-09-07,10.228887557983398
2004-09-08,10.149194717407228
2004-09-09,10.161142349243164
2004-09-10,10.242833137512209
2004-09-13,10.344444274902344
2004-09-14,10.43410587310791
2004-09-15,10.31057071685791
2004-09-16,10.424142837524414
2004-09-17,10.47992706298828
2004-09-20,10.418161392211914
2004-09-21,10.410188674926758
2004-09-22,10.17801570892334
2004-09-23,10.114240646362305
2004-09-24,10.080357551574709
2004-09-27,10.014591217041016
2004-09-28,10.174025535583496
2004-09-29,10.233819961547852
2004-09-30,10.21986961364746
2004-10-01,10.285637855529783
2004-10-04,10.31154441833496
2004-10-05,10.363364219665527
2004-10-06,10.94131851196289
2004-10-07,10.688210487365724
2004-10-08,10.568638801574709
2004-10-11,10.652339935302734
2004-10-12,10.600528717041016
2004-10-13,10.498879432678224
2004-10-14,10.3992338180542
2004-10-15,10.492894172668455
2004-10-18,10.463007926940918
2004-10-19,10.616464614868164
2004-10-20,10.83768367767334
2004-10-21,10.883515357971191
2004-10-22,10.698175430297852
2004-10-25,10.785862922668455
2004-10-26,10.821736335754396
2004-10-27,10.959254264831545
2004-10-28,10.909433364868164
2004-10-29,10.98714828491211
2004-11-01,11.02701187133789
2004-11-02,11.025020599365234
2004-11-03,11.090790748596191
2004-11-04,11.351863861083984
2004-11-05,11.46944522857666
2004-11-08,11.437555313110352
2004-11-09,11.389731407165527
2004-11-10,11.260188102722168
2004-11-11,11.461478233337402
2004-11-12,11.541193962097168
2004-11-15,11.397701263427734
2004-11-16,11.365817070007324
2004-11-17,11.640844345092772
2004-11-18,11.686684608459473
2004-11-19,11.493361473083496
2004-11-22,11.54717254638672
2004-11-23,11.571085929870604
2004-11-24,11.638849258422852
2004-11-26,11.539204597473145
2004-11-29,11.455495834350586
2004-11-30,11.335920333862305
2004-12-01,11.579059600830078
2004-12-02,11.54717254638672
2004-12-03,11.535222053527832
2004-12-06,11.49535846710205
2004-12-07,11.359830856323242
2004-12-08,11.409658432006836
2004-12-09,11.409658432006836
2004-12-10,11.429591178894045
2004-12-13,11.459484100341797
2004-12-14,11.417630195617676
2004-12-15,11.583050727844238
2004-12-16,11.266170501708984
2004-12-17,11.308013916015623
2004-12-20,11.355849266052246
2004-12-21,11.409658432006836
2004-12-22,11.403682708740234
2004-12-23,11.397701263427734
2004-12-27,11.363821029663086
2004-12-28,11.529237747192385
2004-12-29,11.482392311096191
2004-12-30,11.482392311096191
2004-12-31,11.444518089294434
2005-01-03,11.209287643432615
2005-01-04,11.093660354614258
2005-01-05,11.037849426269531
2005-01-06,11.043828964233398
2005-01-07,11.063761711120604
2005-01-10,11.027876853942873
2005-01-11,11.101639747619627
2005-01-12,11.173405647277832
2005-01-13,10.964097023010254
2005-01-14,10.954120635986328
2005-01-18,10.96010398864746
2005-01-19,10.880366325378418
2005-01-20,10.7448091506958
2005-01-21,10.569380760192873
2005-01-24,10.549448013305664
2005-01-25,10.742815017700195
2005-01-26,10.88435173034668
2005-01-27,10.944153785705566
2005-01-28,10.930201530456545
2005-01-31,10.94016933441162
2005-02-01,10.990007400512695
2005-02-02,10.924223899841309
2005-02-03,10.854450225830078
2005-02-04,11.08170223236084
2005-02-07,11.063761711120604
2005-02-08,11.069743156433104
2005-02-09,11.003954887390137
2005-02-10,10.904282569885254
2005-02-11,11.065753936767578
2005-02-14,11.009944915771484
2005-02-15,10.942160606384276
2005-02-16,10.990007400512695
2005-02-17,10.94016933441162
2005-02-18,10.8743896484375
2005-02-22,10.655104637145996
2005-02-23,10.625200271606444
2005-02-24,10.68501091003418
2005-02-25,10.774703979492188
2005-02-28,10.798629760742188
2005-03-01,10.902294158935549
2005-03-02,10.968074798583984
2005-03-03,10.958106994628906
2005-03-04,11.149483680725098
2005-03-07,11.123568534851074
2005-03-08,11.009944915771484
2005-03-09,10.88833236694336
2005-03-10,10.916241645812988
2005-03-11,10.86441421508789
2005-03-14,10.872389793395996
2005-03-15,10.81457805633545
2005-03-16,10.77272129058838
2005-03-17,10.75477695465088
2005-03-18,10.8265380859375
2005-03-21,10.862421035766602
2005-03-22,10.791634559631348
2005-03-23,10.747766494750977
2005-03-24,10.743778228759766
2005-03-28,10.7078857421875
2005-03-29,10.53840160369873
2005-03-30,10.62214469909668
2005-03-31,10.650057792663574
2005-04-01,10.488544464111328
2005-04-04,10.309082984924316
2005-04-05,10.344976425170898
2005-04-06,10.329025268554688
2005-04-07,10.323040008544922
2005-04-08,10.33899211883545
2005-04-11,10.26919937133789
2005-04-12,10.45065975189209
2005-04-13,10.295117378234863
2005-04-14,10.003998756408691
2005-04-15,9.688940048217772
2005-04-18,9.682960510253906
2005-04-19,9.83051872253418
2005-04-20,9.950160026550291
2005-04-21,10.049857139587402
2005-04-22,10.153544425964355
2005-04-25,10.39482879638672
2005-04-26,10.241286277770996
2005-04-27,10.149559020996094
2005-04-28,9.900312423706056
2005-04-29,10.095723152160645
2005-05-02,10.14756679534912
2005-05-03,10.22333812713623
2005-05-04,10.309082984924316
2005-05-05,10.259232521057127
2005-05-06,10.352949142456056
2005-05-09,10.364912986755373
2005-05-10,10.11765480041504
2005-05-11,10.43868923187256
2005-05-12,10.45863437652588
2005-05-13,10.478570938110352
2005-05-16,10.598219871520996
2005-05-17,10.614174842834473
2005-05-18,10.705890655517578
2005-05-19,10.777669906616213
2005-05-20,10.648066520690918
2005-05-23,10.83151912689209
2005-05-24,10.757733345031738
2005-05-25,10.729822158813477
2005-05-26,10.87936782836914
2005-05-27,10.887348175048828
2005-05-31,10.993030548095703
2005-06-01,11.046867370605469
2005-06-02,11.11267375946045
2005-06-03,10.99901294708252
2005-06-06,11.066811561584473
2005-06-07,11.032914161682127
2005-06-08,11.004993438720703
2005-06-09,10.867406845092772
2005-06-10,10.853447914123535
2005-06-13,10.901304244995115
2005-06-14,10.8773775100708
2005-06-15,10.779668807983398
2005-06-16,10.785646438598633
2005-06-17,10.94717025756836
2005-06-20,10.917262077331545
2005-06-21,10.8953218460083
2005-06-22,10.792606353759766
2005-06-23,10.527328491210938
2005-06-24,10.333853721618652
2005-06-27,10.42160987854004
2005-06-28,10.501397132873535
2005-06-29,10.42360782623291
2005-06-30,10.439563751220703
2005-07-01,10.537299156188965
2005-07-05,10.465497970581056
2005-07-06,10.351804733276367
2005-07-07,10.323881149291992
2005-07-08,10.549264907836914
2005-07-11,10.583171844482422
2005-07-12,10.371753692626951
2005-07-13,10.405658721923828
2005-07-14,10.373739242553713
2005-07-15,10.427600860595703
2005-07-18,10.363768577575684
2005-07-19,10.403664588928224
2005-07-20,10.581178665161133
2005-07-21,10.990069389343262
2005-07-22,10.924245834350586
2005-07-25,10.94020175933838
2005-07-26,11.008020401000977
2005-07-27,11.149630546569824
2005-07-28,11.235398292541504
2005-07-29,11.0598783493042
2005-08-01,11.10375690460205
2005-08-02,11.305205345153809
2005-08-03,11.303216934204102
2005-08-04,11.241387367248535
2005-08-05,11.173563957214355
2005-08-08,11.21146011352539
2005-08-09,11.0658597946167
2005-08-10,11.135671615600586
2005-08-11,11.231412887573242
2005-08-12,11.153618812561035
2005-08-15,11.1097412109375
2005-08-16,11.010009765625
2005-08-17,10.956151008605955
2005-08-18,10.872392654418944
2005-08-19,10.852438926696776
2005-08-22,10.754709243774414
2005-08-23,10.800580024719238
2005-08-24,10.670930862426758
2005-08-25,10.652983665466309
2005-08-26,10.56521987915039
2005-08-29,10.58517074584961
2005-08-30,10.455523490905762
2005-08-31,10.682905197143556
2005-09-01,10.660965919494627
2005-09-02,10.732768058776855
2005-09-06,10.882357597351074
2005-09-07,10.868401527404783
2005-09-08,10.800580024719238
2005-09-09,10.968124389648438
2005-09-12,11.079816818237305
2005-09-13,10.950176239013672
2005-09-14,10.760692596435549
2005-09-15,10.567218780517578
2005-09-16,10.411648750305176
2005-09-19,10.451531410217283
2005-09-20,10.4076509475708
2005-09-21,10.327872276306152
2005-09-22,10.447546005249023
2005-09-23,10.569211959838867
2005-09-26,10.473471641540527
2005-09-27,10.573204040527344
2005-09-28,10.5372896194458
2005-09-29,10.682941436767578
2005-09-30,10.740811347961426
2005-10-03,10.734825134277344
2005-10-04,10.591157913208008
2005-10-05,10.48540496826172
2005-10-06,10.511343955993652
2005-10-07,10.613110542297363
2005-10-10,10.575201988220217
2005-10-11,10.443506240844728
2005-10-12,10.42155647277832
2005-10-13,10.283883094787598
2005-10-14,10.363692283630373
2005-10-17,10.363692283630373
2005-10-18,10.33576202392578
2005-10-19,10.463461875915527
2005-10-20,9.862863540649414
2005-10-21,9.946670532226562
2005-10-24,10.200078964233398
2005-10-25,10.080354690551758
2005-10-26,10.094326972961426
2005-10-27,10.024487495422363
2005-10-28,10.19608211517334
2005-10-31,10.395618438720703
2005-11-01,10.42155647277832
2005-11-02,10.605128288269045
2005-11-03,10.577193260192873
2005-11-04,10.617098808288574
2005-11-07,10.617098808288574
2005-11-08,10.670970916748049
2005-11-09,10.55324935913086
2005-11-10,10.69291877746582
2005-11-11,10.864520072937012
2005-11-14,10.850555419921877
2005-11-15,10.860526084899902
2005-11-16,10.85653305053711
2005-11-17,11.07402801513672
2005-11-18,11.012173652648926
2005-11-21,11.115924835205078
2005-11-22,11.151844024658203
2005-11-23,11.078015327453612
2005-11-25,11.11194133758545
2005-11-28,10.970271110534668
2005-11-29,11.036117553710938
2005-11-30,11.07402801513672
2005-12-01,11.317458152770996
2005-12-02,11.33142375946045
2005-12-05,11.401259422302246
2005-12-06,11.550909042358398
2005-12-07,11.586822509765623
2005-12-08,11.538934707641602
2005-12-09,11.558887481689451
2005-12-12,11.514988899230955
2005-12-13,11.493048667907717
2005-12-14,11.516987800598145
2005-12-15,11.447154998779297
2005-12-16,11.13188648223877
2005-12-19,11.117923736572266
2005-12-20,11.034119606018066
2005-12-21,11.082008361816406
2005-12-22,11.058064460754396
2005-12-23,11.115924835205078
2005-12-27,11.034119606018066
2005-12-28,11.070053100585938
2005-12-29,11.171845436096191
2005-12-30,11.13392448425293
2006-01-03,11.249695777893066
2006-01-04,11.297597885131836
2006-01-05,11.189812660217283
2006-01-06,11.357483863830566
2006-01-09,11.307583808898926
2006-01-10,11.18582248687744
2006-01-11,11.046096801757812
2006-01-12,10.872445106506348
2006-01-13,11.036117553710938
2006-01-17,10.978232383728027
2006-01-18,11.054081916809082
2006-01-19,11.097993850708008
2006-01-20,10.84848690032959
2006-01-23,10.84848690032959
2006-01-24,10.918346405029297
2006-01-25,10.838510513305664
2006-01-26,11.038111686706545
2006-01-27,11.088006973266602
2006-01-30,11.335524559020996
2006-01-31,11.305578231811523
2006-02-01,11.327536582946776
2006-02-02,11.20178508758545
2006-02-03,11.07603645324707
2006-02-06,11.15388298034668
2006-02-07,11.022141456604004
2006-02-08,11.215760231018066
2006-02-09,11.227739334106444
2006-02-10,11.279630661010742
2006-02-13,11.323545455932615
2006-02-14,11.529138565063477
2006-02-15,11.547101020812988
2006-02-16,11.872456550598145
2006-02-17,11.97226619720459
2006-02-21,11.974255561828612
2006-02-22,12.207791328430176
2006-02-23,12.26767921447754
2006-02-24,12.221760749816896
2006-02-27,12.313579559326172
2006-02-28,12.09202480316162
2006-03-01,12.215776443481444
2006-03-02,12.153900146484377
2006-03-03,12.169866561889648
2006-03-06,12.050105094909668
2006-03-07,12.205793380737305
2006-03-08,12.191824913024902
2006-03-09,12.219767570495604
2006-03-10,12.235734939575195
2006-03-13,12.26767921447754
2006-03-14,12.48923397064209
2006-03-15,12.53514003753662
2006-03-16,12.754709243774414
2006-03-17,12.876470565795898
2006-03-20,12.766682624816896
2006-03-21,12.64492893218994
2006-03-22,12.780658721923828
2006-03-23,12.772675514221191
2006-03-24,12.880457878112791
2006-03-27,12.800615310668944
2006-03-28,12.724767684936523
2006-03-29,12.794648170471191
2006-03-30,12.71278953552246
2006-03-31,12.688828468322754
2006-04-03,12.658879280090332
2006-04-04,12.880508422851562
2006-04-05,13.094154357910156
2006-04-06,13.138079643249512
2006-04-07,13.064209938049316
2006-04-10,13.072192192077637
2006-04-11,13.048230171203612
2006-04-12,13.1680269241333
2006-04-13,13.24789333343506
2006-04-17,13.183996200561523
2006-04-18,13.319774627685549
2006-04-19,13.499478340148926
2006-04-20,13.183996200561523
2006-04-21,13.028263092041016
2006-04-24,12.99631690979004
2006-04-25,12.910462379455566
2006-04-26,12.978348731994627
2006-04-27,12.92843246459961
2006-04-28,12.80063819885254
2006-05-01,12.716784477233888
2006-05-02,12.918444633483888
2006-05-03,12.878512382507324
2006-05-04,13.012290000915527
2006-05-05,13.349724769592283
2006-05-08,13.511456489562988
2006-05-09,13.519439697265623
2006-05-10,13.621273040771484
2006-05-11,13.617277145385742
2006-05-12,13.295815467834473
2006-05-15,13.138079643249512
2006-05-16,13.010293006896973
2006-05-17,12.740742683410645
2006-05-18,12.46320629119873
2006-05-19,12.525102615356444
2006-05-22,12.52310562133789
2006-05-23,12.381339073181152
2006-05-24,12.51711654663086
2006-05-25,12.708797454833984
2006-05-26,12.808632850646973
2006-05-30,12.46121311187744
2006-05-31,12.80063819885254
2006-06-01,12.970355033874512
2006-06-02,12.842571258544922
2006-06-05,12.62094497680664
2006-06-06,12.64689826965332
2006-06-07,12.577016830444336
2006-06-08,12.579015731811523
2006-06-09,12.616948127746582
2006-06-12,12.419278144836426
2006-06-13,12.31345558166504
2006-06-14,12.225601196289062
2006-06-15,12.668862342834473
2006-06-16,12.758708000183104
2006-06-19,12.73475170135498
2006-06-20,12.650894165039062
2006-06-21,12.786669731140137
2006-06-22,12.600979804992676
2006-06-23,12.710786819458008
2006-06-26,12.706798553466797
2006-06-27,12.586997985839844
2006-06-28,12.577011108398438
2006-06-29,12.850642204284668
2006-06-30,12.84664535522461
2006-07-03,12.982467651367188
2006-07-05,12.760764122009276
2006-07-06,12.804698944091797
2006-07-07,12.511104583740234
2006-07-10,12.509109497070312
2006-07-11,12.612963676452637
2006-07-12,12.652909278869627
2006-07-13,12.38326930999756
2006-07-14,12.249448776245115
2006-07-17,12.063708305358888
2006-07-18,12.0617094039917
2006-07-19,12.511104583740234
2006-07-20,12.682870864868164
2006-07-21,12.517095565795898
2006-07-24,12.79671859741211
2006-07-25,12.856637954711914
2006-07-26,12.778741836547852
2006-07-27,12.960495948791504
2006-07-28,13.10031032562256
2006-07-31,13.022411346435549
2006-08-01,12.756771087646484
2006-08-02,12.71282958984375
2006-08-03,12.88059902191162
2006-08-04,13.106297492980955
2006-08-07,12.948516845703123
2006-08-08,12.89857578277588
2006-08-09,12.602972984313965
2006-08-10,12.662891387939451
2006-08-11,12.658903121948242
2006-08-14,12.716826438903809
2006-08-15,12.914556503295898
2006-08-16,13.096305847167969
2006-08-17,13.170209884643556
2006-08-18,13.066349983215332
2006-08-21,12.948516845703123
2006-08-22,13.148238182067873
2006-08-23,13.14024829864502
2006-08-24,13.088319778442385
2006-08-25,13.064349174499512
2006-08-28,13.186187744140623
2006-08-29,13.435853004455566
2006-08-30,13.343972206115724
2006-08-31,13.240120887756348
2006-09-01,13.302034378051758
2006-09-05,13.345969200134276
2006-09-06,13.098306655883787
2006-09-07,12.940521240234377
2006-09-08,12.990449905395508
2006-09-11,12.892577171325684
2006-09-12,12.966489791870115
2006-09-13,13.152233123779297
2006-09-14,13.202167510986328
2006-09-15,13.322004318237305
2006-09-18,13.314022064208984
2006-09-19,13.37592887878418
2006-09-20,13.523733139038086
2006-09-21,13.385920524597168
2006-09-22,13.363950729370115
2006-09-25,13.53371810913086
2006-09-26,13.501766204833984
2006-09-27,13.625632286071776
2006-09-28,13.677576065063477
2006-09-29,13.71953582763672
2006-10-02,13.447824478149414
2006-10-03,13.467792510986328
2006-10-04,13.559700965881348
2006-10-05,13.73951244354248
2006-10-06,13.691560745239258
2006-10-09,13.695558547973633
2006-10-10,13.77148151397705
2006-10-11,13.639618873596191
2006-10-12,13.927313804626465
2006-10-13,13.985252380371094
2006-10-16,14.29293155670166
2006-10-17,14.217011451721191
2006-10-18,14.083145141601562
2006-10-19,14.007235527038574
2006-10-20,14.039196968078612
2006-10-23,14.071160316467283
2006-10-24,14.161069869995115
2006-10-25,14.083145141601562
2006-10-26,14.189035415649414
2006-10-27,14.041190147399902
2006-10-30,14.215014457702637
2006-10-31,14.338878631591797
2006-11-01,14.067168235778809
2006-11-02,13.997237205505373
2006-11-03,14.049189567565918
2006-11-06,14.175053596496582
2006-11-07,14.15707015991211
2006-11-08,14.44077491760254
2006-11-09,14.412802696228027
2006-11-10,14.35286808013916
2006-11-13,14.494714736938477
2006-11-14,14.58262825012207
2006-11-15,14.666533470153809
2006-11-16,14.59261703491211
2006-11-17,14.650551795959473
2006-11-20,14.55465602874756
2006-11-21,14.980205535888672
2006-11-22,14.928253173828123
2006-11-24,14.884303092956545
2006-11-27,14.464746475219728
2006-11-28,14.51668930053711
2006-11-29,14.688516616821287
2006-11-30,14.60859203338623
2006-12-01,14.422789573669434
2006-12-04,14.552655220031738
2006-12-05,14.484726905822754
2006-12-06,14.486723899841309
2006-12-07,14.41479778289795
2006-12-08,14.410802841186523
2006-12-11,14.390824317932127
2006-12-12,14.50071144104004
2006-12-13,14.498711585998535
2006-12-14,14.682518005371094
2006-12-15,14.682518005371094
2006-12-18,14.638559341430664
2006-12-19,14.67652416229248
2006-12-20,14.710490226745604
2006-12-21,14.550655364990234
2006-12-22,14.464746475219728
2006-12-26,14.538670539855955
2006-12-27,14.670564651489258
2006-12-28,14.62459945678711
2006-12-29,14.476716995239258
2007-01-03,14.318840026855469
2007-01-04,14.358810424804688
2007-01-05,14.198935508728027
2007-01-08,14.32683277130127
2007-01-09,14.514681816101074
2007-01-10,14.616605758666992
2007-01-11,14.726526260375977
2007-01-12,14.6905517578125
2007-01-16,14.79647159576416
2007-01-17,14.89439868927002
2007-01-18,14.964335441589355
2007-01-19,15.144200325012209
2007-01-22,14.910377502441406
2007-01-23,15.064260482788086
2007-01-24,14.96833324432373
2007-01-25,14.788476943969728
2007-01-26,14.4967041015625
2007-01-29,14.392778396606444
2007-01-30,14.46072769165039
2007-01-31,14.800463676452637
2007-02-01,14.818449020385742
2007-02-02,14.808452606201172
2007-02-05,14.774484634399414
2007-02-06,14.774484634399414
2007-02-07,14.780481338500977
2007-02-08,14.678555488586426
2007-02-09,14.542667388916016
2007-02-12,14.568644523620604
2007-02-13,14.540668487548828
2007-02-14,14.700541496276855
2007-02-15,14.798471450805664
2007-02-16,14.698541641235352
2007-02-20,14.9703369140625
2007-02-21,14.876405715942385
2007-02-22,14.816452026367188
2007-02-23,14.802464485168455
2007-02-26,14.722522735595703
2007-02-27,14.130990028381348
2007-02-28,14.32683277130127
2007-03-01,14.250892639160156
2007-03-02,13.965116500854492
2007-03-05,14.095013618469238
2007-03-06,14.3648042678833
2007-03-07,14.067036628723145
2007-03-08,14.103008270263672
2007-03-09,14.148974418640137
2007-03-12,14.264880180358888
2007-03-13,13.96911334991455
2007-03-14,14.0850248336792
2007-03-15,14.17294979095459
2007-03-16,14.186939239501951
2007-03-19,14.304850578308104
2007-03-20,14.268879890441896
2007-03-21,14.53067684173584
2007-03-22,14.446741104125977
2007-03-23,14.442741394042969
2007-03-26,14.34481430053711
2007-03-27,14.320839881896973
2007-03-28,14.100950241088867
2007-03-29,14.112942695617676
2007-03-30,14.282856941223145
2007-04-02,14.286852836608888
2007-04-03,14.292854309082031
2007-04-04,14.17491054534912
2007-04-05,14.24687671661377
2007-04-09,14.188904762268066
2007-04-10,14.09895133972168
2007-04-11,14.134930610656738
2007-04-12,14.100950241088867
2007-04-13,14.194900512695312
2007-04-16,14.450775146484377
2007-04-17,14.492745399475098
2007-04-18,14.384807586669922
2007-04-19,14.244874000549316
2007-04-20,14.248879432678224
2007-04-23,14.264863967895508
2007-04-24,14.168911933898926
2007-04-25,14.156922340393066
2007-04-26,14.018993377685549
2007-04-27,14.20090389251709
2007-04-30,14.230880737304688
2007-05-01,14.304844856262209
2007-05-02,14.558720588684082
2007-05-03,14.720637321472168
2007-05-04,14.81459140777588
2007-05-07,14.606694221496582
2007-05-08,14.526734352111816
2007-05-09,14.50274658203125
2007-05-10,14.272865295410156
2007-05-11,14.214890480041504
2007-05-14,14.210890769958496
2007-05-15,14.130935668945312
2007-05-16,14.292854309082031
2007-05-17,14.290853500366213
2007-05-18,14.226885795593262
2007-05-21,14.262871742248535
2007-05-22,14.314841270446776
2007-05-23,14.238882064819336
2007-05-24,14.022989273071287
2007-05-25,14.476759910583496
2007-05-29,14.590700149536133
2007-05-30,14.708640098571776
2007-05-31,14.692660331726074
2007-06-01,14.684654235839844
2007-06-04,14.71664047241211
2007-06-05,14.696651458740234
2007-06-06,14.452768325805664
2007-06-07,14.318840026855469
2007-06-08,14.382802963256836
2007-06-11,14.456774711608888
2007-06-12,14.378807067871094
2007-06-13,14.594700813293455
2007-06-14,14.694646835327148
2007-06-15,14.834582328796388
2007-06-18,14.920537948608398
2007-06-19,15.02249240875244
2007-06-20,14.884554862976074
2007-06-21,15.02249240875244
2007-06-22,14.81459140777588
2007-06-25,14.818589210510254
2007-06-26,14.794596672058104
2007-06-27,14.88659381866455
2007-06-28,14.998581886291504
2007-06-29,15.098572731018066
2007-07-02,15.310552597045898
2007-07-03,15.418539047241213
2007-07-05,15.334548950195312
2007-07-06,15.47854232788086
2007-07-09,15.602526664733888
2007-07-10,15.360544204711914
2007-07-11,15.350549697875977
2007-07-12,15.62252426147461
2007-07-13,15.628520011901855
2007-07-16,15.7365140914917
2007-07-17,16.04648208618164
2007-07-18,15.948491096496582
2007-07-19,15.720511436462402
2007-07-20,15.594527244567873
2007-07-23,15.484535217285156
2007-07-24,15.386542320251465
2007-07-25,15.474539756774902
2007-07-26,15.06657886505127
2007-07-27,14.730609893798828
2007-07-30,15.328550338745115
2007-07-31,14.934588432312012
2007-08-01,15.158565521240234
2007-08-02,15.442541122436523
2007-08-03,15.16057014465332
2007-08-06,15.726513862609863
2007-08-07,15.922500610351562
2007-08-08,16.352460861206055
2007-08-09,16.272462844848633
2007-08-10,15.93848991394043
2007-08-13,15.624526023864746
2007-08-14,15.270557403564451
2007-08-15,14.904596328735352
2007-08-16,14.972582817077637
2007-08-17,15.306553840637209
2007-08-20,15.288555145263672
2007-08-21,15.100570678710938
2007-08-22,15.44654369354248
2007-08-23,15.22655963897705
2007-08-24,15.31255054473877
2007-08-27,15.2345609664917
2007-08-28,14.75460433959961
2007-08-29,15.246557235717772
2007-08-30,15.33255100250244
2007-08-31,15.530534744262695
2007-09-04,15.720511436462402
2007-09-05,15.466543197631836
2007-09-06,15.588523864746094
2007-09-07,15.290553092956545
2007-09-10,15.28256130218506
2007-09-11,15.650517463684082
2007-09-12,15.56652545928955
2007-09-13,15.654521942138672
2007-09-14,15.824502944946287
2007-09-17,15.778509140014648
2007-09-18,16.354455947875977
2007-09-19,16.570430755615234
2007-09-20,16.538442611694336
2007-09-21,16.548439025878906
2007-09-24,16.476444244384766
2007-09-25,16.76241683959961
2007-09-26,16.59437370300293
2007-09-27,16.500347137451172
2007-09-28,16.546358108520508
2007-10-01,16.59437370300293
2007-10-02,16.586366653442383
2007-10-03,16.444334030151367
2007-10-04,16.394317626953125
2007-10-05,16.560359954833984
2007-10-08,16.572362899780273
2007-10-09,16.610374450683594
2007-10-10,16.49634552001953
2007-10-11,16.40631675720215
2007-10-12,16.49834442138672
2007-10-15,16.30830192565918
2007-10-16,16.090242385864258
2007-10-17,16.28429412841797
2007-10-18,16.5163516998291
2007-10-19,16.25227928161621
2007-10-22,16.508350372314453
2007-10-23,16.65438461303711
2007-10-24,16.614377975463867
2007-10-25,16.552358627319336
2007-10-26,16.502349853515625
2007-10-29,16.92245864868164
2007-10-30,17.056489944458008
2007-10-31,17.13850975036621
2007-11-01,16.49834442138672
2007-11-02,16.334300994873047
2007-11-05,16.56636619567871
2007-11-06,16.936458587646484
2007-11-07,16.574373245239258
2007-11-08,16.41232681274414
2007-11-09,16.098241806030273
2007-11-12,16.136249542236328
2007-11-13,16.68239402770996
2007-11-14,16.48834991455078
2007-11-15,16.452335357666016
2007-11-16,16.50434684753418
2007-11-19,16.41632652282715
2007-11-20,16.524356842041016
2007-11-21,16.104236602783203
2007-11-23,16.234277725219727
2007-11-26,16.41632652282715
2007-11-27,16.998483657836914
2007-11-28,17.402584075927734
2007-11-29,17.240541458129883
2007-11-30,17.368568420410156
2007-12-03,17.238544464111328
2007-12-04,17.28655433654785
2007-12-05,17.228538513183594
2007-12-06,17.45461082458496
2007-12-07,17.420591354370117
2007-12-10,17.60663604736328
2007-12-11,17.23053550720215
2007-12-12,17.148521423339844
2007-12-13,17.304550170898438
2007-12-14,17.210535049438477
2007-12-17,17.02248191833496
2007-12-18,17.14651870727539
2007-12-19,17.144512176513672
2007-12-20,17.33656883239746
2007-12-21,17.558629989624023
2007-12-24,17.728666305541992
2007-12-26,17.724668502807617
2007-12-27,17.544565200805664
2007-12-28,17.66063117980957
2007-12-31,17.55856704711914
2008-01-02,17.244380950927734
2008-01-03,17.39246368408203
2008-01-04,16.958209991455078
2008-01-07,16.5279541015625
2008-01-08,16.157730102539062
2008-01-09,16.231773376464844
2008-01-10,16.52594566345215
2008-01-11,15.951603889465332
2008-01-14,15.977612495422363
2008-01-15,15.975621223449709
2008-01-16,15.909588813781738
2008-01-17,15.429285049438477
2008-01-18,15.403275489807127
2008-01-22,15.13110637664795
2008-01-23,15.317220687866213
2008-01-24,15.009035110473633
2008-01-25,15.003026008605955
2008-01-28,14.910978317260742
2008-01-29,14.904973983764648
2008-01-30,14.83092975616455
2008-01-31,15.001025199890137
2008-02-01,15.19314670562744
2008-02-04,15.097082138061523
2008-02-05,14.788902282714844
2008-02-06,14.632806777954102
2008-02-07,14.712857246398926
2008-02-08,14.66282844543457
2008-02-11,14.7088623046875
2008-02-12,14.698848724365234
2008-02-13,15.19714641571045
2008-02-14,14.989021301269531
2008-02-15,15.029048919677734
2008-02-19,14.999029159545898
2008-02-20,15.10909652709961
2008-02-21,14.94099235534668
2008-02-22,14.936993598937988
2008-02-25,15.145116806030272
2008-02-26,15.329227447509766
2008-02-27,15.021042823791504
2008-02-28,14.910978317260742
2008-02-29,14.8389253616333
2008-03-03,14.86093807220459
2008-03-04,14.90096664428711
2008-03-05,14.824922561645508
2008-03-06,14.61479949951172
2008-03-07,14.422677040100098
2008-03-10,14.03445053100586
2008-03-11,14.402673721313477
2008-03-12,14.4426908493042
2008-03-13,14.572773933410645
2008-03-14,14.496723175048828
2008-03-17,14.482721328735352
2008-03-18,15.20915412902832
2008-03-19,14.999029159545898
2008-03-20,15.287202835083008
2008-03-24,15.487324714660645
2008-03-25,15.639412879943848
2008-03-26,15.459237098693848
2008-03-27,15.257037162780762
2008-03-28,15.038822174072266
2008-03-31,15.221002578735352
2008-04-01,15.81558895111084
2008-04-02,15.68345546722412
2008-04-03,15.585365295410156
2008-04-04,15.783557891845703
2008-04-07,15.69546604156494
2008-04-08,15.759535789489746
2008-04-09,15.57534885406494
2008-04-10,15.573348999023438
2008-04-11,15.086868286132812
2008-04-14,14.786576271057127
2008-04-15,14.954739570617676
2008-04-16,15.391170501708984
2008-04-17,14.846632957458496
2008-04-18,15.048833847045898
2008-04-21,15.114896774291992
2008-04-22,15.116899490356444
2008-04-23,15.194981575012209
2008-04-24,15.367144584655762
2008-04-25,15.527310371398926
2008-04-28,15.627402305603027
2008-04-29,15.589369773864746
2008-04-30,15.61939811706543
2008-05-01,15.777547836303713
2008-05-02,15.615396499633787
2008-05-05,15.451231002807615
2008-05-06,15.453239440917969
2008-05-07,15.23501682281494
2008-05-08,15.48126220703125
2008-05-09,15.42920970916748
2008-05-12,15.69747543334961
2008-05-13,15.69546604156494
2008-05-14,15.817587852478027
2008-05-15,16.02980613708496
2008-05-16,16.02980613708496
2008-05-19,15.737512588500977
2008-05-20,15.655427932739258
2008-05-21,15.425203323364258
2008-05-22,15.361141204833984
2008-05-23,15.182968139648438
2008-05-27,15.188970565795898
2008-05-28,15.321105003356934
2008-05-29,15.31108856201172
2008-05-30,15.651432991027832
2008-06-02,15.533309936523438
2008-06-03,15.927696228027344
2008-06-04,15.993769645690918
2008-06-05,16.52629280090332
2008-06-06,15.85362434387207
2008-06-09,15.945714950561523
2008-06-10,15.96574592590332
2008-06-11,15.83961582183838
2008-06-12,16.001771926879883
2008-06-13,16.37413787841797
2008-06-16,16.27404022216797
2008-06-17,16.20997428894043
2008-06-18,16.07984161376953
2008-06-19,16.41618537902832
2008-06-20,16.031808853149414
2008-06-23,16.031808853149414
2008-06-24,15.90968894958496
2008-06-25,15.977775573730469
2008-06-26,15.268807411193848
2008-06-27,15.394980430603027
2008-06-30,15.48110008239746
2008-07-01,15.515144348144531
2008-07-02,15.054519653320312
2008-07-03,15.276820182800291
2008-07-07,15.276820182800291
2008-07-08,15.384968757629396
2008-07-09,15.106590270996094
2008-07-10,15.252788543701172
2008-07-11,15.034490585327148
2008-07-14,15.07655143737793
2008-07-15,14.906317710876465
2008-07-16,15.262798309326172
2008-07-17,16.202083587646484
2008-07-18,16.496482849121094
2008-07-21,16.286191940307617
2008-07-22,16.484464645385742
2008-07-23,16.180049896240234
2008-07-24,15.949740409851074
2008-07-25,16.250144958496094
2008-07-28,16.08792495727539
2008-07-29,16.21409034729004
2008-07-30,16.282188415527344
2008-07-31,15.95173454284668
2008-08-01,16.148012161254883
2008-08-04,16.091936111450195
2008-08-05,16.53052520751953
2008-08-06,16.488466262817383
2008-08-07,16.496482849121094
2008-08-08,16.71477699279785
2008-08-11,16.688745498657227
2008-08-12,16.62066078186035
2008-08-13,16.674726486206055
2008-08-14,16.921056747436523
2008-08-15,16.804906845092773
2008-08-18,16.6927433013916
2008-08-19,16.366304397583008
2008-08-20,16.37831687927246
2008-08-21,16.48647117614746
2008-08-22,16.492475509643555
2008-08-25,16.176048278808594
2008-08-26,16.22010612487793
2008-08-27,16.236127853393555
2008-08-28,16.420379638671875
2008-08-29,16.33626365661621
2008-09-02,16.320240020751953
2008-09-03,16.172040939331055
2008-09-04,15.531167030334473
2008-09-05,15.571222305297852
2008-09-08,15.703399658203123
2008-09-09,15.25479221343994
2008-09-10,15.459071159362791
2008-09-11,15.655335426330566
2008-09-12,15.402993202209473
2008-09-15,14.982420921325684
2008-09-16,15.28683376312256
2008-09-17,14.900311470031738
2008-09-18,15.34090518951416
2008-09-19,15.59324836730957
2008-09-22,14.968401908874512
2008-09-23,14.275455474853516
2008-09-24,14.395671844482422
2008-09-25,14.207331657409668
2008-09-26,14.221360206604004
2008-09-29,13.672378540039062
2008-09-30,13.904793739318848
2008-10-01,13.730485916137695
2008-10-02,13.011201858520508
2008-10-03,12.548372268676758
2008-10-06,12.321969032287598
2008-10-07,11.61070156097412
2008-10-08,11.348236083984377
2008-10-09,10.65900421142578
2008-10-10,11.18995475769043
2008-10-13,12.354023933410645
2008-10-14,12.065516471862791
2008-10-15,10.821295738220217
2008-10-16,11.67481803894043
2008-10-17,11.300143241882324
2008-10-20,11.420370101928713
2008-10-21,11.640756607055664
2008-10-22,11.390310287475586
2008-10-23,11.135857582092283
2008-10-24,10.871384620666504
2008-10-27,10.570846557617188
2008-10-28,11.414356231689451
2008-10-29,11.378291130065918
2008-10-30,11.692849159240724
2008-10-31,11.869168281555176
2008-11-03,11.939286231994627
2008-11-04,12.478252410888672
2008-11-05,11.90122127532959
2008-11-06,11.258078575134276
2008-11-07,11.444405555725098
2008-11-10,11.430380821228027
2008-11-11,11.147879600524902
2008-11-12,10.69908332824707
2008-11-13,11.37027359008789
2008-11-14,10.803264617919922
2008-11-17,10.564839363098145
2008-11-18,10.83131504058838
2008-11-19,10.308378219604492
2008-11-20,9.911676406860352
2008-11-21,10.606911659240724
2008-11-24,11.183944702148438
2008-11-25,11.147879600524902
2008-11-26,10.813277244567873
2008-11-28,11.147879600524902
2008-12-01,10.128057479858398
2008-12-02,9.963768005371094
2008-12-03,10.220223426818848
2008-12-04,9.943729400634766
2008-12-05,10.083979606628418
2008-12-08,10.410560607910156
2008-12-09,9.973785400390623
2008-12-10,10.25828742980957
2008-12-11,9.953752517700195
2008-12-12,10.168128967285156
2008-12-15,10.12204933166504
2008-12-16,10.87539291381836
2008-12-17,10.811275482177734
2008-12-18,11.023653984069824
2008-12-19,11.0316743850708
2008-12-22,10.913458824157717
2008-12-23,10.841291427612305
2008-12-24,10.963576316833496
2008-12-26,10.97560691833496
2008-12-29,10.945534706115724
2008-12-30,11.148009300231934
2008-12-31,11.348477363586426
2009-01-02,11.58703327178955
2009-01-05,11.408614158630373
2009-01-06,11.577004432678224
2009-01-07,11.266281127929688
2009-01-08,11.1339750289917
2009-01-09,10.949544906616213
2009-01-12,10.941522598266602
2009-01-13,10.626791954040527
2009-01-14,10.60674285888672
2009-01-15,10.851316452026367
2009-01-16,10.811223030090332
2009-01-20,10.338116645812988
2009-01-21,10.468423843383787
2009-01-22,10.372198104858398
2009-01-23,10.294012069702148
2009-01-26,11.250242233276367
2009-01-27,11.480783462524414
2009-01-28,11.573003768920898
2009-01-29,11.364507675170898
2009-01-30,11.212153434753418
2009-02-02,11.141992568969728
2009-02-03,11.25826358795166
2009-02-04,11.31840991973877
2009-02-05,11.621111869812012
2009-02-06,11.73537540435791
2009-02-09,11.61108684539795
2009-02-10,11.204137802124023
2009-02-11,11.302367210388184
2009-02-12,11.298357009887695
2009-02-13,11.302367210388184
2009-02-17,10.829267501831056
2009-02-18,10.803204536437988
2009-02-19,10.66487979888916
2009-02-20,10.512527465820312
2009-02-23,10.290005683898926
2009-02-24,10.542594909667969
2009-02-25,10.410282135009766
2009-02-26,10.314061164855955
2009-02-27,10.175739288330078
2009-03-02,9.792842864990234
2009-03-03,9.965248107910156
2009-03-04,10.418306350708008
2009-03-05,9.96324348449707
2009-03-06,9.88506031036377
2009-03-09,9.628464698791504
2009-03-10,10.24590015411377
2009-03-11,10.448373794555664
2009-03-12,10.909451484680176
2009-03-13,10.847302436828612
2009-03-16,10.833273887634276
2009-03-17,11.07784366607666
2009-03-18,11.2241849899292
2009-03-19,10.971596717834473
2009-03-20,10.74506950378418
2009-03-23,11.26227569580078
2009-03-24,11.05578899383545
2009-03-25,11.148058891296388
2009-03-26,11.318553924560549
2009-03-27,11.119976043701172
2009-03-30,10.801063537597656
2009-03-31,10.875274658203123
2009-04-01,10.532289505004885
2009-04-02,10.91538906097412
2009-04-03,10.799054145812988
2009-04-06,10.84117317199707
2009-04-07,10.59045124053955
2009-04-08,10.616527557373049
2009-04-09,11.348634719848633
2009-04-13,11.16811466217041
2009-04-14,10.91538906097412
2009-04-15,10.740886688232422
2009-04-16,11.013675689697266
2009-04-17,11.06381607055664
2009-04-20,10.668681144714355
2009-04-21,10.903353691101074
2009-04-22,11.03974437713623
2009-04-23,11.641474723815918
2009-04-24,12.120858192443848
2009-04-27,11.733741760253906
2009-04-28,11.533157348632812
2009-04-29,11.834025382995604
2009-04-30,11.721705436706545
2009-05-01,11.87214469909668
2009-05-04,12.303386688232422
2009-05-05,12.501951217651367
2009-05-06,12.465847969055176
2009-05-07,12.235182762145996
2009-05-08,12.311399459838867
2009-05-11,12.11884880065918
2009-05-12,12.05466651916504
2009-05-13,11.70566177368164
2009-05-14,11.657525062561035
2009-05-15,11.601363182067873
2009-05-18,11.91225814819336
2009-05-19,12.02657985687256
2009-05-20,12.10881805419922
2009-05-21,11.834025382995604
2009-05-22,11.87815761566162
2009-05-26,12.291349411010742
2009-05-27,12.092780113220217
2009-05-28,12.036613464355469
2009-05-29,12.104804039001465
2009-06-01,12.682473182678224
2009-06-02,12.590204238891602
2009-06-03,12.467854499816896
2009-06-04,12.626309394836426
2009-06-05,12.768716812133787
2009-06-08,12.772729873657228
2009-06-09,12.83491325378418
2009-06-10,12.67043685913086
2009-06-11,12.684473991394045
2009-06-12,12.590204238891602
2009-06-15,12.40567684173584
2009-06-16,12.158966064453123
2009-06-17,12.25323486328125
2009-06-18,12.315417289733888
2009-06-19,12.27529525756836
2009-06-22,11.928298950195312
2009-06-23,11.934322357177734
2009-06-24,12.094858169555664
2009-06-25,12.38584804534912
2009-06-26,12.59455108642578
2009-06-29,12.596556663513184
2009-06-30,12.38985824584961
2009-07-01,12.275471687316896
2009-07-02,11.964422225952148
2009-07-06,11.936322212219238
2009-07-07,11.635310173034668
2009-07-08,11.591156959533691
2009-07-09,11.65738296508789
2009-07-10,11.721598625183104
2009-07-13,11.878131866455078
2009-07-14,11.974451065063477
2009-07-15,12.299551010131836
2009-07-16,12.492206573486328
2009-07-17,12.30356502532959
2009-07-20,12.700909614562988
2009-07-21,12.80325412750244
2009-07-22,12.859445571899414
2009-07-23,12.15707015991211
2009-07-24,12.560431480407717
2009-07-27,12.40992832183838
2009-07-28,12.17312240600586
2009-07-29,12.197209358215332
2009-07-30,12.269454002380373
2009-07-31,12.289521217346191
2009-08-03,12.470129013061523
2009-08-04,12.54237461090088
2009-08-05,12.289521217346191
2009-08-06,12.287511825561523
2009-08-07,12.381834983825684
2009-08-10,12.309589385986328
2009-08-11,12.098876953125
2009-08-12,12.163093566894531
2009-08-13,12.05673599243164
2009-08-14,12.060744285583496
2009-08-17,11.846024513244627
2009-08-18,12.010577201843262
2009-08-19,12.124961853027344
2009-08-20,12.191184043884276
2009-08-21,12.421968460083008
2009-08-24,12.50424098968506
2009-08-25,12.604583740234377
2009-08-26,12.51828670501709
2009-08-27,12.532342910766602
2009-08-28,12.359753608703612
2009-08-31,12.183156967163086
2009-09-01,12.124961853027344
2009-09-02,12.46811866760254
2009-09-03,12.873498916625977
2009-09-04,13.196584701538086
2009-09-08,13.218657493591309
2009-09-09,13.359131813049316
2009-09-10,13.525697708129885
2009-09-11,13.53372287750244
2009-09-14,13.634058952331545
2009-09-15,13.63205623626709
2009-09-16,13.714329719543455
2009-09-17,13.768511772155762
2009-09-18,13.67620086669922
2009-09-21,13.577871322631836
2009-09-22,13.712323188781738
2009-09-23,13.603904724121094
2009-09-24,13.389100074768066
2009-09-25,13.272652626037598
2009-09-28,13.47341537475586
2009-09-29,13.527621269226074
2009-09-30,13.515572547912598
2009-10-01,13.108019828796388
2009-10-02,12.997602462768556
2009-10-05,13.05782985687256
2009-10-06,13.154194831848145
2009-10-07,13.11805820465088
2009-10-08,13.362992286682127
2009-10-09,13.619972229003906
2009-10-12,13.617969512939451
2009-10-13,13.678194999694824
2009-10-14,13.983360290527344
2009-10-15,14.013474464416504
2009-10-16,13.903057098388672
2009-10-19,14.04961395263672
2009-10-20,14.180109024047852
2009-10-21,14.16806411743164
2009-10-22,14.280491828918455
2009-10-23,14.053627967834473
2009-10-26,13.85888671875
2009-10-27,13.81672191619873
2009-10-28,13.611945152282717
2009-10-29,13.886992454528809
2009-10-30,13.698271751403809
2009-11-02,13.762516021728516
2009-11-03,13.848844528198242
2009-11-04,14.053627967834473
2009-11-05,14.35879135131836
2009-11-06,14.447129249572754
2009-11-09,14.565582275390623
2009-11-10,14.5936918258667
2009-11-11,14.54148769378662
2009-11-12,14.511370658874512
2009-11-13,14.573615074157717
2009-11-16,14.67198657989502
2009-11-17,14.72820281982422
2009-11-18,14.513382911682127
2009-11-19,14.388909339904783
2009-11-20,14.390911102294922
2009-11-23,14.561564445495604
2009-11-24,14.421031951904297
2009-11-25,14.451146125793455
2009-11-27,14.288530349731444
2009-11-30,14.238327026367188
2009-12-01,14.43708610534668
2009-12-02,14.427054405212402
2009-12-03,14.35076141357422
2009-12-04,14.54148769378662
2009-12-07,14.5394868850708
2009-12-08,14.324665069580078
2009-12-09,14.511370658874512
2009-12-10,14.483266830444336
2009-12-11,14.471220016479492
2009-12-14,14.633845329284668
2009-12-15,14.60974407196045
2009-12-16,14.627819061279297
2009-12-17,14.947040557861328
2009-12-18,15.089579582214355
2009-12-21,15.272273063659668
2009-12-22,15.185945510864258
2009-12-23,15.220081329345703
2009-12-24,15.278307914733888
2009-12-28,15.218070030212402
2009-12-29,15.22610569000244
2009-12-30,15.222087860107422
2009-12-31,15.105583190917969
2010-01-04,15.095540046691896
2010-01-05,15.07746124267578
2010-01-06,15.105583190917969
2010-01-07,15.230121612548828
2010-01-08,15.443045616149902
2010-01-11,15.617807388305664
2010-01-12,15.400869369506836
2010-01-13,15.439026832580566
2010-01-14,15.503307342529297
2010-01-15,15.308463096618652
2010-01-19,15.428985595703123
2010-01-20,15.264270782470703
2010-01-21,15.007152557373049
2010-01-22,14.754056930541992
2010-01-25,14.968990325927734
2010-01-26,14.87658977508545
2010-01-27,14.902700424194336
2010-01-28,14.63553524017334
2010-01-29,14.332230567932127
2010-02-01,14.432660102844238
2010-02-02,14.677730560302734
2010-02-03,14.639561653137209
2010-02-04,14.215715408325195
2010-02-05,14.263931274414062
2010-02-08,14.091176986694336
2010-02-09,14.239823341369627
2010-02-10,14.257904052734377
2010-02-11,14.442702293395996
2010-02-12,14.448731422424316
2010-02-16,14.764102935791016
2010-02-17,15.11160659790039
2010-02-18,15.163837432861328
2010-02-19,15.256237030029297
2010-02-22,15.216062545776367
2010-02-23,14.993096351623535
2010-02-24,14.968990325927734
2010-02-25,14.975020408630373
2010-02-26,14.858505249023438
2010-03-01,15.135714530944824
2010-03-02,15.169864654541016
2010-03-03,15.123658180236816
2010-03-04,15.244186401367188
2010-03-05,15.45710563659668
2010-03-08,15.386805534362791
2010-03-09,15.577629089355469
2010-03-10,15.651955604553224
2010-03-11,15.724268913269045
2010-03-12,15.692132949829102
2010-03-15,15.672038078308104
2010-03-16,15.664006233215332
2010-03-17,15.54951000213623
2010-03-18,15.666016578674316
2010-03-19,15.463136672973633
2010-03-22,15.55954933166504
2010-03-23,15.577629089355469
2010-03-24,15.346512794494627
2010-03-25,15.36862087249756
2010-03-26,15.398765563964844
2010-03-29,15.549492835998535
2010-03-30,16.254920959472656
2010-03-31,16.059968948364258
2010-04-01,16.204668045043945
2010-04-05,16.25893783569336
2010-04-06,16.192615509033203
2010-04-07,16.158449172973633
2010-04-08,16.04791831970215
2010-04-09,16.142379760742188
2010-04-12,16.150409698486328
2010-04-13,15.923307418823242
2010-04-14,16.25893783569336
2010-04-15,16.29511070251465
2010-04-16,16.043903350830078
2010-04-19,16.061981201171875
2010-04-20,16.24286460876465
2010-04-21,16.373504638671875
2010-04-22,16.96034049987793
2010-04-23,17.16533088684082
2010-04-26,17.08294105529785
2010-04-27,16.733240127563477
2010-04-28,16.783477783203125
2010-04-29,17.08494758605957
2010-04-30,16.93824005126953
2010-05-03,17.177398681640625
2010-05-04,16.707109451293945
2010-05-05,16.570451736450195
2010-05-06,16.132322311401367
2010-05-07,16.039875030517578
2010-05-10,16.91412353515625
2010-05-11,16.926176071166992
2010-05-12,17.569297790527344
2010-05-13,17.31406021118164
2010-05-14,17.088966369628906
2010-05-17,16.962352752685547
2010-05-18,16.66893196105957
2010-05-19,16.22477149963379
2010-05-20,15.784640312194824
2010-05-21,16.057968139648438
2010-05-24,15.822821617126465
2010-05-25,15.850955963134766
2010-05-26,15.81879997253418
2010-05-27,16.178550720214844
2010-05-28,15.95345687866211
2010-06-01,15.83287525177002
2010-06-02,16.321250915527344
2010-06-03,16.377517700195312
2010-06-04,15.631898880004885
2010-06-07,15.298274993896484
2010-06-08,15.408814430236816
2010-06-09,15.312341690063477
2010-06-10,15.802721977233888
2010-06-11,15.81075954437256
2010-06-14,15.941391944885254
2010-06-15,16.35138702392578
2010-06-16,16.367469787597656
2010-06-17,16.30315399169922
2010-06-18,16.363441467285156
2010-06-21,16.287078857421875
2010-06-22,15.937374114990234
2010-06-23,15.913244247436523
2010-06-24,15.59152603149414
2010-06-25,15.72423267364502
2010-06-28,15.61163330078125
2010-06-29,15.11296272277832
2010-06-30,14.927971839904783
2010-07-01,14.742980003356934
2010-07-02,14.57809352874756
2010-07-06,14.437338829040527
2010-07-07,14.96416187286377
2010-07-08,15.100895881652832
2010-07-09,15.173284530639648
2010-07-12,15.088829040527344
2010-07-13,15.31806468963623
2010-07-14,15.31806468963623
2010-07-15,15.42262077331543
2010-07-16,15.044597625732422
2010-07-19,15.157194137573242
2010-07-20,15.330124855041504
2010-07-21,15.201434135437012
2010-07-22,15.064702033996582
2010-07-23,15.30599594116211
2010-07-26,15.52315616607666
2010-07-27,15.406538009643556
2010-07-28,15.289909362792969
2010-07-29,15.394472122192385
2010-07-30,15.446749687194824
2010-08-02,15.688039779663086
2010-08-03,15.543265342712402
2010-08-04,15.840866088867188
2010-08-05,15.96552848815918
2010-08-06,15.692070960998535
2010-08-09,15.7604341506958
2010-08-10,15.651846885681152
2010-08-11,15.100895881652832
2010-08-12,14.96416187286377
2010-08-13,14.887752532958984
2010-08-16,14.960144996643066
2010-08-17,15.121004104614258
2010-08-18,15.020463943481444
2010-08-19,14.62233543395996
2010-08-20,14.61026668548584
2010-08-23,14.61831283569336
2010-08-24,14.372991561889648
2010-08-25,14.48962116241455
2010-08-26,14.429301261901855
2010-08-27,14.77514934539795
2010-08-30,14.614290237426758
2010-08-31,14.61026668548584
2010-09-01,15.281864166259766
2010-09-02,15.46685791015625
2010-09-03,15.776515007019045
2010-09-07,15.74031925201416
2010-09-08,15.852923393249512
2010-09-09,15.881077766418455
2010-09-10,15.921290397644045
2010-09-13,16.166603088378906
2010-09-14,16.16258430480957
2010-09-15,16.10628318786621
2010-09-16,16.154541015625
2010-09-17,16.399856567382812
2010-09-20,16.540607452392578
2010-09-21,16.504411697387695
2010-09-22,16.351524353027344
2010-09-23,16.138275146484375
2010-09-24,16.58890724182129
2010-09-27,16.4158935546875
2010-09-28,16.677425384521484
2010-09-29,16.32335662841797
2010-09-30,16.339454650878906
2010-10-01,16.254959106445312
2010-10-04,15.98136043548584
2010-10-05,16.407848358154297
2010-10-06,16.448083877563477
2010-10-07,16.383712768554688
2010-10-08,16.653284072875977
2010-10-11,16.617076873779297
2010-10-12,16.641212463378906
2010-10-13,16.910785675048828
2010-10-14,16.834341049194336
2010-10-15,16.86652374267578
2010-10-18,16.886646270751953
2010-10-19,16.580867767333984
2010-10-20,16.7337589263916
2010-10-21,17.449935913085938
2010-10-22,17.37349510192871
2010-10-25,17.244735717773438
2010-10-26,17.28899574279785
2010-10-27,17.256807327270508
2010-10-28,17.329240798950195
2010-10-29,17.445913314819336
2010-11-01,17.381540298461914
2010-11-02,17.574661254882812
2010-11-03,17.622953414916992
2010-11-04,17.98505973815918
2010-11-05,18.105770111083984
2010-11-08,17.82010269165039
2010-11-09,17.462011337280273
2010-11-10,17.574661254882812
2010-11-11,17.739627838134766
2010-11-12,17.522367477416992
2010-11-15,17.614906311035156
2010-11-16,17.220600128173828
2010-11-17,17.132080078125
2010-11-18,17.39360809326172
2010-11-19,17.578689575195312
2010-11-22,17.562602996826172
2010-11-23,17.321186065673828
2010-11-24,17.79998207092285
2010-11-26,17.69135093688965
2010-11-29,17.433847427368164
2010-11-30,17.40165901184082
2010-12-01,17.751705169677734
2010-12-02,17.904590606689453
2010-12-03,17.936786651611328
2010-12-06,18.00115394592285
2010-12-07,18.246591567993164
2010-12-08,18.29487419128418
2010-12-09,18.31096649169922
2010-12-10,18.455820083618164
2010-12-13,18.42362594604492
2010-12-14,18.39947891235352
2010-12-15,18.471908569335938
2010-12-16,18.825971603393555
2010-12-17,18.830007553100582
2010-12-20,18.82194900512696
2010-12-21,19.059341430664062
2010-12-22,18.96278381347656
2010-12-23,18.96278381347656
2010-12-27,18.990942001342773
2010-12-28,19.00704002380371
2010-12-29,18.982891082763672
2010-12-30,18.974834442138672
2010-12-31,18.986909866333008
2011-01-03,18.99495887756348
2011-01-04,18.88628196716309
2011-01-05,18.866153717041016
2011-01-06,18.878223419189453
2011-01-07,18.866153717041016
2011-01-10,18.6286678314209
2011-01-11,18.789670944213867
2011-01-12,18.958728790283203
2011-01-13,18.87420463562012
2011-01-14,18.97886085510254
2011-01-18,19.087535858154297
2011-01-19,18.930561065673828
2011-01-20,18.6206169128418
2011-01-21,18.63671493530273
2011-01-24,19.067413330078125
2011-01-25,18.990936279296875
2011-01-26,19.03923988342285
2011-01-27,18.7775993347168
2011-01-28,18.536083221435547
2011-01-31,18.54010963439941
2011-02-01,19.15596580505371
2011-02-02,19.19219970703125
2011-02-03,19.09961128234864
2011-02-04,19.312950134277344
2011-02-07,19.7356014251709
2011-02-08,20.02138328552246
2011-02-09,20.06163787841797
2011-02-10,20.532590866088867
2011-02-11,20.774105072021484
2011-02-14,20.685550689697266
2011-02-15,20.68956756591797
2011-02-16,20.633220672607425
2011-02-17,20.58894157409668
2011-02-18,20.846553802490234
2011-02-22,20.31523323059082
2011-02-23,19.961015701293945
2011-02-24,20.029443740844727
2011-02-25,20.33133125305176
2011-02-28,20.3675537109375
2011-03-01,19.8925895690918
2011-03-02,20.2186222076416
2011-03-03,20.564786911010746
2011-03-04,20.431962966918945
2011-03-07,20.182392120361328
2011-03-08,20.725799560546875
2011-03-09,20.790197372436523
2011-03-10,20.29107666015625
2011-03-11,20.68956756591797
2011-03-14,20.50843620300293
2011-03-15,20.307186126708984
2011-03-16,19.89661026000977
2011-03-17,20.05760765075684
2011-03-18,20.29107666015625
2011-03-21,20.645288467407227
2011-03-22,20.63724899291992
2011-03-23,20.725828170776367
2011-03-24,20.766096115112305
2011-03-25,20.903017044067383
2011-03-28,20.7540225982666
2011-03-29,20.911067962646484
2011-03-30,20.923139572143555
2011-03-31,20.89899253845215
2011-04-01,21.16876983642578
2011-04-04,21.0600528717041
2011-04-05,21.04797744750977
2011-04-06,21.00770568847656
2011-04-07,20.959396362304688
2011-04-08,20.75804328918457
2011-04-11,20.83052635192871
2011-04-12,20.77818489074707
2011-04-13,21.00368309020996
2011-04-14,20.90703392028809
2011-04-15,21.22515869140625
2011-04-18,20.943273544311523
2011-04-19,21.19696998596192
2011-04-20,21.567432403564453
2011-04-21,21.41440773010254
2011-04-25,21.116430282592773
2011-04-26,21.849308013916016
2011-04-27,22.256017684936523
2011-04-28,22.45734977722168
2011-04-29,22.24392890930176
2011-05-02,22.24392890930176
2011-05-03,22.256017684936523
2011-05-04,22.14325714111328
2011-05-05,21.80097198486328
2011-05-06,21.83319854736328
2011-05-09,22.002317428588867
2011-05-10,22.17546272277832
2011-05-11,21.748640060424805
2011-05-12,21.881521224975582
2011-05-13,21.688232421875
2011-05-16,21.74058151245117
2011-05-17,21.563400268554688
2011-05-18,22.10299491882324
2011-05-19,22.235877990722656
2011-05-20,22.010372161865234
2011-05-23,21.631860733032227
2011-05-24,21.44260597229004
2011-05-25,21.708370208740234
2011-05-26,21.599645614624023
2011-05-27,21.92178535461425
2011-05-31,21.958026885986328
2011-06-01,21.116430282592773
2011-06-02,21.29763412475586
2011-06-03,20.89495277404785
2011-06-06,20.786231994628903
2011-06-07,20.915096282958984
2011-06-08,20.83858108520508
2011-06-09,21.07616424560547
2011-06-10,20.725828170776367
2011-06-13,20.66946792602539
2011-06-14,21.084213256835938
2011-06-15,20.826499938964844
2011-06-16,20.782211303710938
2011-06-17,20.87482452392578
2011-06-20,20.93523406982422
2011-06-21,21.37010765075684
2011-06-22,21.2855224609375
2011-06-23,21.019664764404297
2011-06-24,20.669187545776367
2011-06-27,20.600719451904297
2011-06-28,21.0035400390625
2011-06-29,21.0035400390625
2011-06-30,21.345951080322266
2011-07-01,21.9622802734375
2011-07-05,21.9058837890625
2011-07-06,22.0267333984375
2011-07-07,22.17577171325684
2011-07-08,21.97034072875977
2011-07-11,21.5513973236084
2011-07-12,21.46678924560547
2011-07-13,21.511104583740234
2011-07-14,21.140501022338867
2011-07-15,21.19690704345703
2011-07-18,21.140501022338867
2011-07-19,21.3540096282959
2011-07-20,21.394287109375
2011-07-21,21.12035751342773
2011-07-22,20.822265625
2011-07-25,20.757822036743164
2011-07-26,20.3026180267334
2011-07-27,19.831308364868164
2011-07-28,19.67823028564453
2011-07-29,19.78296661376953
2011-08-01,19.509048461914062
2011-08-02,18.759780883789062
2011-08-03,18.852434158325195
2011-08-04,17.78492546081543
2011-08-05,17.925918579101562
2011-08-08,16.592559814453125
2011-08-09,17.313617706298828
2011-08-10,16.69326400756836
2011-08-11,17.462671279907227
2011-08-12,17.788959503173828
2011-08-15,18.01454734802246
2011-08-16,17.788959503173828
2011-08-17,17.57949447631836
2011-08-18,16.564355850219727
2011-08-19,16.403230667114258
2011-08-22,16.330717086791992
2011-08-23,16.81814193725586
2011-08-24,17.410297393798828
2011-08-25,16.906763076782227
2011-08-26,17.27736473083496
2011-08-29,17.83327293395996
2011-08-30,18.14748191833496
2011-08-31,18.4536361694336
2011-09-01,17.97023582458496
2011-09-02,17.341819763183594
2011-09-06,17.29347801208496
2011-09-07,17.821191787719727
2011-09-08,17.51906967163086
2011-09-09,17.156522750854492
2011-09-12,17.551288604736328
2011-09-13,17.792984008789062
2011-09-14,18.232078552246094
2011-09-15,18.667123794555664
2011-09-16,18.50599479675293
2011-09-19,18.534194946289062
2011-09-20,18.62684631347656
2011-09-21,18.03871726989746
2011-09-22,17.208890914916992
2011-09-23,17.204851150512695
2011-09-26,17.515037536621094
2011-09-27,17.825210571289062
2011-09-28,17.2347354888916
2011-09-29,17.54509162902832
2011-09-30,16.90422821044922
2011-10-03,16.291584014892578
2011-10-04,16.614025115966797
2011-10-05,16.81555938720703
2011-10-06,17.194433212280273
2011-10-07,17.041269302368164
2011-10-10,17.811100006103516
2011-10-11,17.79499053955078
2011-10-12,18.189985275268555
2011-10-13,18.077125549316406
2011-10-14,18.290748596191406
2011-10-17,17.72243881225586
2011-10-18,18.17789077758789
2011-10-19,17.766775131225586
2011-10-20,18.254470825195312
2011-10-21,18.907421112060547
2011-10-24,19.459617614746094
2011-10-25,19.11298370361328
2011-10-26,19.270177841186523
2011-10-27,20.0924072265625
2011-10-28,20.49949073791504
2011-10-31,19.48782730102539
2011-11-01,19.08476829528809
2011-11-02,19.544248580932617
2011-11-03,19.765945434570312
2011-11-04,19.64905166625977
2011-11-07,19.75787734985352
2011-11-08,19.99971580505371
2011-11-09,19.36287879943848
2011-11-10,19.584556579589844
2011-11-11,20.03599166870117
2011-11-14,19.85863876342773
2011-11-15,19.947315216064453
2011-11-16,19.439456939697266
2011-11-17,18.95981979370117
2011-11-18,19.07267570495605
2011-11-21,18.629314422607425
2011-11-22,18.55676651000977
2011-11-23,18.00054359436035
2011-11-25,17.960243225097656
2011-11-28,18.649471282958984
2011-11-29,18.762319564819336
2011-11-30,19.499908447265625
2011-12-01,19.51201438903809
2011-12-02,19.14522933959961
2011-12-05,19.197629928588867
2011-12-06,19.35078811645508
2011-12-07,19.080739974975582
2011-12-08,18.504365921020508
2011-12-09,18.911460876464844
2011-12-12,18.41166305541992
2011-12-13,18.282684326171875
2011-12-14,18.52855110168457
2011-12-15,18.61319732666016
2011-12-16,18.68977928161621
2011-12-19,18.625282287597656
2011-12-20,19.338695526123047
2011-12-21,19.00012588500977
2011-12-22,18.935640335083008
2011-12-23,19.25808525085449
2011-12-27,19.20971870422364
2011-12-28,18.893150329589844
2011-12-29,19.14720916748047
2011-12-30,18.969772338867188
2012-01-03,19.53838348388672
2012-01-04,19.5020809173584
2012-01-05,19.59483528137207
2012-01-06,19.48998641967773
2012-01-09,19.590805053710938
2012-01-10,20.05859375
2012-01-11,20.2683048248291
2012-01-12,20.486053466796875
2012-01-13,20.361047744750977
2012-01-17,20.4981632232666
2012-01-18,20.80060386657715
2012-01-19,20.776416778564453
2012-01-20,20.703834533691406
2012-01-23,20.929664611816406
2012-01-24,21.292604446411133
2012-01-25,21.385343551635746
2012-01-26,21.22808265686035
2012-01-27,21.074831008911133
2012-01-30,21.143388748168945
2012-01-31,21.175657272338867
2012-02-01,21.35712432861328
2012-02-02,21.23211669921875
2012-02-03,21.32082939147949
2012-02-06,21.300670623779297
2012-02-07,21.147424697875977
2012-02-08,20.98611259460449
2012-02-09,21.09499740600586
2012-02-10,20.780452728271484
2012-02-13,20.93369483947754
2012-02-14,20.861103057861328
2012-02-15,20.655431747436523
2012-02-16,21.12726402282715
2012-02-17,21.143388748168945
2012-02-21,21.46196556091309
2012-02-22,21.41761589050293
2012-02-23,21.56682205200196
2012-02-24,21.50229263305664
2012-02-27,21.449871063232425
2012-02-28,21.5224552154541
2012-02-29,21.304706573486328
2012-03-01,21.32486343383789
2012-03-02,21.5143985748291
2012-03-05,21.43373680114746
2012-03-06,21.05064010620117
2012-03-07,21.175657272338867
2012-03-08,21.377286911010746
2012-03-09,21.5143985748291
2012-03-12,21.6353816986084
2012-03-13,22.0870361328125
2012-03-14,21.970094680786133
2012-03-15,22.159624099731445
2012-03-16,22.17979621887207
2012-03-19,22.14752769470215
2012-03-20,22.01041030883789
2012-03-21,22.04671287536621
2012-03-22,21.95799827575684
2012-03-23,21.92572975158692
2012-03-26,22.17979621887207
2012-03-27,22.29674530029297
2012-03-28,22.09702682495117
2012-03-29,22.20193290710449
2012-03-30,22.59327888488769
2012-04-02,22.621522903442383
2012-04-03,22.528728485107425
2012-04-04,22.29068946838379
2012-04-05,22.238252639770508
2012-04-09,22.0244083404541
2012-04-10,21.31434631347656
2012-04-11,21.746034622192383
2012-04-12,21.984071731567383
2012-04-13,21.737960815429688
2012-04-16,21.80251121520996
2012-04-17,22.105098724365234
2012-04-18,22.06475257873535
2012-04-19,21.38292694091797
2012-04-20,21.43941116333008
2012-04-23,21.27399444580078
2012-04-24,21.46361923217773
2012-04-25,21.54429817199707
2012-04-26,21.83075523376465
2012-04-27,22.06475257873535
2012-04-30,21.875133514404297
2012-05-01,22.0244083404541
2012-05-02,21.971967697143555
2012-05-03,21.75006675720215
2012-05-04,21.62499046325684
2012-05-07,21.6370906829834
2012-05-08,21.85497283935547
2012-05-09,21.729888916015625
2012-05-10,21.677452087402344
2012-05-11,21.64920425415039
2012-05-14,21.41116142272949
2012-05-15,21.34661102294922
2012-05-16,21.1569938659668
2012-05-17,20.931066513061523
2012-05-18,20.805986404418945
2012-05-21,21.25381660461425
2012-05-22,21.023849487304688
2012-05-23,21.28207015991211
2012-05-24,21.31434631347656
2012-05-25,21.286096572875977
2012-05-29,21.568510055541992
2012-05-30,21.04806137084961
2012-05-31,20.967369079589844
2012-06-01,20.09996223449707
2012-06-04,20.18466567993164
2012-06-05,20.297643661499023
2012-06-06,20.70513153076172
2012-06-07,20.62443351745605
2012-06-08,20.78177070617676
2012-06-11,20.47920036315918
2012-06-12,20.769678115844727
2012-06-13,20.54777717590332
2012-06-14,20.741426467895508
2012-06-15,20.854400634765625
2012-06-18,20.93508720397949
2012-06-19,21.3103084564209
2012-06-20,21.21346473693848
2012-06-21,20.66075325012207
2012-06-22,20.78582000732422
2012-06-25,20.39446830749512
2012-06-26,20.30167007446289
2012-06-27,20.440933227539062
2012-06-28,20.15434455871582
2012-06-29,21.022192001342773
2012-07-02,21.02622985839844
2012-07-03,21.25630569458008
2012-07-05,21.131179809570312
2012-07-06,20.735599517822266
2012-07-09,20.60643196105957
2012-07-10,20.54184532165528
2012-07-11,20.30368995666504
2012-07-12,19.99287986755371
2012-07-13,20.46111869812012
2012-07-16,20.29965782165528
2012-07-17,20.51763153076172
2012-07-18,21.034299850463867
2012-07-19,20.634685516357425
2012-07-20,20.642765045166016
2012-07-23,20.505504608154297
2012-07-24,20.231035232543945
2012-07-25,20.62257957458496
2012-07-26,21.01008415222168
2012-07-27,21.3289737701416
2012-07-30,21.316858291625977
2012-07-31,21.316858291625977
2012-08-01,21.43392562866211
2012-08-02,21.324935913085938
2012-08-03,21.538862228393555
2012-08-06,21.37740898132324
2012-08-07,21.52272605895996
2012-08-08,21.506572723388672
2012-08-09,21.385482788085938
2012-08-10,21.587303161621094
2012-08-13,21.768949508666992
2012-08-14,21.62767791748047
2012-08-15,21.62362670898437
2012-08-16,21.550975799560547
2012-08-17,21.712440490722656
2012-08-20,21.704364776611328
2012-08-21,21.59537506103516
2012-08-22,21.67610549926757
2012-08-23,21.45813751220703
2012-08-24,21.5146427154541
2012-08-27,21.555009841918945
2012-08-28,21.54290199279785
2012-08-29,21.518678665161133
2012-08-30,21.38951873779297
2012-08-31,21.62362670898437
2012-09-04,21.3491439819336
2012-09-05,21.3289737701416
2012-09-06,21.986921310424805
2012-09-07,22.22508430480957
2012-09-10,21.833534240722656
2012-09-11,22.015174865722656
2012-09-12,22.116090774536133
2012-09-13,22.36634826660156
2012-09-14,22.103975296020508
2012-09-17,22.13628196716309
2012-09-18,22.467267990112305
2012-09-19,22.4147891998291
2012-09-20,22.20891761779785
2012-09-21,22.160484313964844
2012-09-24,22.095897674560547
2012-09-25,22.02325439453125
2012-09-26,22.223142623901367
2012-09-27,22.39275932312012
2012-09-28,22.27161026000977
2012-10-01,22.7158260345459
2012-10-02,22.55832290649414
2012-10-03,22.79256248474121
2012-10-04,22.836977005004883
2012-10-05,22.800630569458008
2012-10-08,22.95005989074707
2012-10-09,22.384689331054688
2012-10-10,22.34430503845215
2012-10-11,22.58660316467285
2012-10-12,22.58660316467285
2012-10-15,22.731983184814453
2012-10-16,22.85717010498047
2012-10-17,22.65525245666504
2012-10-18,21.5850830078125
2012-10-19,21.540668487548828
2012-10-22,21.33066940307617
2012-10-23,21.15702247619629
2012-10-24,21.10048484802246
2012-10-25,21.10048484802246
2012-10-26,20.90665054321289
2012-10-31,20.89048194885254
2012-11-01,21.12067604064941
2012-11-02,20.97933006286621
2012-11-05,21.080286026000977
2012-11-06,21.322587966918945
2012-11-07,20.98741340637207
2012-11-08,20.94702339172364
2012-11-09,21.00760841369629
2012-11-12,21.02779197692871
2012-11-13,21.0439510345459
2012-11-14,20.76125907897949
2012-11-15,20.829910278320312
2012-11-16,20.995481491088867
2012-11-19,21.362979888916016
2012-11-20,21.25798416137696
2012-11-21,21.41951942443848
2012-11-23,21.60124588012696
2012-11-26,21.278169631958008
2012-11-27,21.08432960510254
2012-11-28,21.322587966918945
2012-11-29,21.66181755065918
2012-11-30,21.79508399963379
2012-12-03,21.572975158691406
2012-12-04,21.50432205200196
2012-12-05,21.5447006225586
2012-12-06,21.431629180908203
2012-12-07,21.605283737182617
2012-12-10,21.56893920898437
2012-12-11,21.617408752441406
2012-12-12,22.088075637817383
2012-12-13,22.17696952819824
2012-12-14,22.02747344970703
2012-12-17,22.38301658630371
2012-12-18,22.75877571105957
2012-12-19,22.492107391357425
2012-12-20,22.82744789123535
2012-12-21,22.649673461914062
2012-12-24,22.601198196411133
2012-12-26,22.48806571960449
2012-12-27,22.53654670715332
2012-12-28,22.2294921875
2012-12-31,22.585037231445312
2013-01-02,23.2234001159668
2013-01-03,23.44561195373535
2013-01-04,23.4698486328125
2013-01-07,23.4698486328125
2013-01-08,23.3042049407959
2013-01-09,24.16073989868164
2013-01-10,24.23750305175781
2013-01-11,24.15265464782715
2013-01-14,24.075891494750977
2013-01-15,24.23750305175781
2013-01-16,24.26982879638672
2013-01-17,24.528392791748047
2013-01-18,24.44759178161621
2013-01-22,24.403148651123047
2013-01-23,24.42738914489746
2013-01-24,24.44355773925781
2013-01-25,24.45971298217773
2013-01-28,24.528392791748047
2013-01-29,24.64556312561035
2013-01-30,24.24153709411621
2013-01-31,24.2132511138916
2013-02-01,24.43143081665039
2013-02-04,24.225379943847656
2013-02-05,24.516277313232425
2013-02-06,24.41527557373047
2013-02-07,24.31021881103516
2013-02-08,24.56879997253418
2013-02-11,24.516277313232425
2013-02-12,24.633441925048828
2013-02-13,24.65365600585937
2013-02-14,24.7102108001709
2013-02-15,24.920307159423828
2013-02-19,24.96878242492676
2013-02-20,24.633441925048828
2013-02-21,24.64152717590332
2013-02-22,24.83141326904297
2013-02-25,24.197099685668945
2013-02-26,24.362749099731445
2013-02-27,24.74252700805664
2013-02-28,24.887983322143555
2013-03-01,24.8758544921875
2013-03-04,24.912221908569336
2013-03-05,25.138473510742188
2013-03-06,24.956661224365234
2013-03-07,24.815258026123047
2013-03-08,25.02535057067871
2013-03-11,25.154645919799805
2013-03-12,25.114240646362305
2013-03-13,25.09807205200196
2013-03-14,25.292007446289062
2013-03-15,25.312211990356445
2013-03-18,24.972835540771484
2013-03-19,24.758691787719727
2013-03-20,24.770809173583984
2013-03-21,24.72232437133789
2013-03-22,24.9162654876709
2013-03-25,24.66172409057617
2013-03-26,24.99519157409668
2013-03-27,24.99519157409668
2013-03-28,25.1204833984375
2013-04-01,24.974973678588867
2013-04-02,24.95476531982422
2013-04-03,24.692045211791992
2013-04-04,24.554611206054688
2013-04-05,24.47376823425293
2013-04-08,24.56270408630371
2013-04-09,24.46973419189453
2013-04-10,24.970932006835938
2013-04-11,25.03560447692871
2013-04-12,24.882009506225582
2013-04-15,24.2150936126709
2013-04-16,24.639497756958008
2013-04-17,24.146387100219727
2013-04-18,23.463302612304688
2013-04-19,23.887704849243164
2013-04-22,23.843238830566406
2013-04-23,23.883655548095703
2013-04-24,24.23530960083008
2013-04-25,24.429323196411133
2013-04-26,24.227218627929688
2013-04-29,24.344438552856445
2013-04-30,24.631404876708984
2013-05-01,24.308055877685547
2013-05-02,24.437402725219727
2013-05-03,24.574827194213867
2013-05-06,24.780967712402344
2013-05-07,24.869882583618164
2013-05-08,24.914344787597656
2013-05-09,24.95476531982422
2013-05-10,25.019437789916992
2013-05-13,24.898178100585938
2013-05-14,24.99921989440918
2013-05-15,25.084108352661133
2013-05-16,25.168981552124023
2013-05-17,25.56509017944336
2013-05-20,25.896528244018555
2013-05-21,25.803565979003903
2013-05-22,25.36703491210937
2013-05-23,25.21748924255371
2013-05-24,25.10027313232422
2013-05-28,25.29832649230957
2013-05-29,25.14473533630371
2013-05-30,25.261940002441406
2013-05-31,24.987098693847656
2013-06-03,25.20940399169922
2013-06-04,24.974973678588867
2013-06-05,24.429323196411133
2013-06-06,24.425275802612305
2013-06-07,25.10027313232422
2013-06-10,25.177061080932617
2013-06-11,25.14473533630371
2013-06-12,24.81733703613281
2013-06-13,25.25386047363281
2013-06-14,25.270038604736328
2013-06-17,25.61359214782715
2013-06-18,26.013750076293945
2013-06-19,25.7388973236084
2013-06-20,25.16494941711425
2013-06-21,25.10430908203125
2013-06-24,24.92243003845215
2013-06-25,25.18111228942871
2013-06-26,25.61578750610352
2013-06-27,25.733051300048828
2013-06-28,25.59557342529297
2013-07-01,26.161670684814453
2013-07-02,25.74922180175781
2013-07-03,25.729007720947266
2013-07-05,26.12122917175293
2013-07-08,26.056535720825195
2013-07-09,26.938026428222656
2013-07-10,27.415159225463867
2013-07-11,27.63756561279297
2013-07-12,27.572858810424805
2013-07-15,27.657777786254883
2013-07-16,27.524337768554688
2013-07-17,27.66182327270508
2013-07-18,27.394948959350582
2013-07-19,27.775033950805664
2013-07-22,27.56477165222168
2013-07-23,27.455591201782227
2013-07-24,27.346424102783203
2013-07-25,27.20490264892578
2013-07-26,26.978458404541016
2013-07-29,27.168506622314453
2013-07-30,27.16042137145996
2013-07-31,27.229156494140625
2013-08-01,27.350465774536133
2013-08-02,27.184682846069336
2013-08-05,27.14020538330078
2013-08-06,27.111906051635746
2013-08-07,27.28981590270996
2013-08-08,27.22511100769043
2013-08-09,27.087635040283203
2013-08-12,26.89759635925293
2013-08-13,27.346424102783203
2013-08-14,26.958250045776367
2013-08-15,26.89354133605957
2013-08-16,26.982505798339844
2013-08-19,27.035076141357425
2013-08-20,26.81671524047852
2013-08-21,26.76010704040528
2013-08-22,27.20894241333008
2013-08-23,27.229156494140625
2013-08-26,26.94611167907715
2013-08-27,26.44471549987793
2013-08-28,26.400236129760746
2013-08-29,26.52962112426757
2013-08-30,26.49323844909668
2013-09-03,26.63475799560547
2013-09-04,27.09572029113769
2013-09-05,27.180633544921875
2013-09-06,27.0229434967041
2013-09-09,27.35451889038086
2013-09-10,27.68204116821289
2013-09-11,28.025733947753903
2013-09-12,28.08234596252441
2013-09-13,28.20769119262696
2013-09-16,28.349220275878903
2013-09-17,28.316871643066406
2013-09-18,28.50287628173828
2013-09-19,28.41796493530273
2013-09-20,28.130859375
2013-09-23,28.12278175354004
2013-09-24,27.876121520996094
2013-09-25,28.13703155517578
2013-09-26,28.22196388244629
2013-09-27,28.262426376342773
2013-09-30,28.039945602416992
2013-10-01,28.100624084472656
2013-10-02,27.963090896606445
2013-10-03,27.501956939697266
2013-10-04,27.71635055541992
2013-10-07,27.449382781982425
2013-10-08,27.226905822753903
2013-10-09,27.15813636779785
2013-10-10,27.902416229248047
2013-10-11,28.088489532470703
2013-10-14,28.13298225402832
2013-10-15,27.91859245300293
2013-10-16,27.9711856842041
2013-10-17,29.24940490722656
2013-10-18,29.124006271362305
2013-10-21,29.09569358825684
2013-10-22,29.221092224121094
2013-10-23,29.08356094360352
2013-10-24,29.14423561096192
2013-10-25,29.16850852966309
2013-10-28,29.18873405456543
2013-10-29,29.34244155883789
2013-10-30,29.14019203186035
2013-10-31,29.16041755676269
2013-11-01,29.378849029541016
2013-11-04,29.427387237548828
2013-11-05,29.36266326904297
2013-11-06,29.520421981811523
2013-11-07,29.047155380249023
2013-11-08,30.175704956054688
2013-11-11,30.07863044738769
2013-11-12,29.89255714416504
2013-11-13,29.835926055908203
2013-11-14,30.11099433898925
2013-11-15,30.131216049194336
2013-11-18,30.15548515319824
2013-11-19,29.985593795776367
2013-11-20,29.84807014465332
2013-11-21,30.066495895385746
2013-11-22,30.195941925048828
2013-11-25,30.143346786499023
2013-11-26,30.487178802490234
2013-11-27,30.48313331604004
2013-11-29,30.256607055664062
2013-12-02,30.16356468200684
2013-12-03,29.83998107910156
2013-12-04,29.79548454284668
2013-12-05,29.78738784790039
2013-12-06,30.38605308532715
2013-12-09,30.491220474243164
2013-12-10,30.39818382263184
2013-12-11,29.904699325561523
2013-12-12,30.03413391113281
2013-12-13,29.937049865722656
2013-12-16,30.4629020690918
2013-12-17,30.24043273925781
2013-12-18,31.089879989624023
2013-12-19,30.976619720458984
2013-12-20,30.960432052612305
2013-12-23,31.041343688964844
2013-12-24,31.06156349182129
2013-12-26,31.124277114868164
2013-12-27,31.176877975463867
2013-12-30,31.083818435668945
2013-12-31,31.23758125305176
2014-01-02,30.93411064147949
2014-01-03,30.97861671447754
2014-01-06,30.707502365112305
2014-01-07,30.962432861328125
2014-01-08,30.97861671447754
2014-01-09,31.35087013244629
2014-01-10,31.431814193725582
2014-01-13,30.81270980834961
2014-01-14,31.666486740112305
2014-01-15,31.64625358581543
2014-01-16,31.7757511138916
2014-01-17,31.508684158325195
2014-01-21,31.56128120422364
2014-01-22,31.53700065612793
2014-01-23,31.201160430908203
2014-01-24,29.995359420776367
2014-01-27,29.98322486877441
2014-01-28,30.432355880737305
2014-01-29,30.39999961853028
2014-01-30,30.468774795532227
2014-01-31,30.100566864013672
2014-02-03,29.36008644104004
2014-02-04,29.50979995727539
2014-02-05,29.331764221191406
2014-02-06,29.825422286987305
2014-02-07,30.39594841003418
2014-02-10,30.375715255737305
2014-02-11,30.50519752502441
2014-02-12,30.56993293762207
2014-02-13,30.84104347229004
2014-02-14,30.92601776123047
2014-02-18,30.72774314880371
2014-02-19,30.46068572998047
2014-02-20,30.79653549194336
2014-02-21,30.81270980834961
2014-02-24,30.97861671447754
2014-02-25,31.083818435668945
2014-02-26,31.083818435668945
2014-02-27,31.16879272460937
2014-02-28,30.950300216674805
2014-03-03,30.58612823486328
2014-03-04,30.90173721313477
2014-03-05,30.905780792236328
2014-03-06,31.10810089111328
2014-03-07,31.330638885498047
2014-03-10,31.21734046936035
2014-03-11,30.92601776123047
2014-03-12,30.67919158935547
2014-03-13,30.116744995117188
2014-03-14,29.857789993286133
2014-03-17,30.28669548034668
2014-03-18,30.452592849731445
2014-03-19,30.092470169067383
2014-03-20,30.246238708496094
2014-03-21,30.468774795532227
2014-03-24,30.072240829467773
2014-03-25,30.116744995117188
2014-03-26,29.723722457885746
2014-03-27,29.75613594055176
2014-03-28,29.93036651611328
2014-03-31,30.38821029663086
2014-04-01,30.49356269836425
2014-04-02,30.56649208068848
2014-04-03,30.72856903076172
2014-04-04,30.55028915405273
2014-04-07,29.91415786743164
2014-04-08,29.99519157409668
2014-04-09,30.65158462524414
2014-04-10,30.03571510314941
2014-04-11,29.49683952331543
2014-04-14,29.4117431640625
2014-04-15,29.57785987854004
2014-04-16,29.84123039245605
2014-04-17,29.51708602905273
2014-04-21,30.218048095703125
2014-04-22,29.80071449279785
2014-04-23,29.73183250427246
2014-04-24,29.84528923034668
2014-04-25,29.598119735717773
2014-04-28,29.78045463562012
2014-04-29,29.73993682861328
2014-04-30,29.73183250427246
2014-05-01,29.825027465820312
2014-05-02,29.6872615814209
2014-05-05,29.57785987854004
2014-05-06,29.39958572387696
2014-05-07,29.50088691711425
2014-05-08,29.6872615814209
2014-05-09,29.99519157409668
2014-05-12,30.416582107543945
2014-05-13,30.64348602294922
2014-05-14,30.47329902648925
2014-05-15,30.37606430053711
2014-05-16,30.51787376403809
2014-05-19,30.7204647064209
2014-05-20,30.30718231201172
2014-05-21,30.90684127807617
2014-05-22,31.615896224975582
2014-05-23,31.77391624450684
2014-05-27,31.86710548400879
2014-05-28,31.879262924194336
2014-05-29,31.82659339904785
2014-05-30,31.777978897094727
2014-06-02,31.863067626953125
2014-06-03,31.92383003234864
2014-06-04,31.777978897094727
2014-06-05,32.21150207519531
2014-06-06,32.564022064208984
2014-06-09,32.63694763183594
2014-06-10,32.58832550048828
2014-06-11,32.450565338134766
2014-06-12,32.46677017211914
2014-06-13,32.52350234985352
2014-06-16,32.44245910644531
2014-06-17,32.48297500610352
2014-06-18,32.6855583190918
2014-06-19,32.454612731933594
2014-06-20,32.68961334228516
2014-06-23,32.547794342041016
2014-06-24,32.1102180480957
2014-06-25,32.24815368652344
2014-06-26,32.089927673339844
2014-06-27,32.1264533996582
2014-06-30,31.9398250579834
2014-07-01,32.252201080322266
2014-07-02,31.9560546875
2014-07-03,32.2319221496582
2014-07-07,31.85058212280273
2014-07-08,31.72075653076172
2014-07-09,31.761323928833008
2014-07-10,31.643667221069336
2014-07-11,31.797840118408203
2014-07-14,31.972278594970703
2014-07-15,31.74104118347168
2014-07-16,31.846525192260746
2014-07-17,30.0493278503418
2014-07-18,30.471237182617188
2014-07-21,30.48746681213379
2014-07-22,30.75115776062012
2014-07-23,30.67407417297364
2014-07-24,30.820125579833984
2014-07-25,30.706546783447266
2014-07-28,30.511802673339844
2014-07-29,30.053375244140625
2014-07-30,30.089893341064453
2014-07-31,29.972246170043945
2014-08-01,29.753173828125
2014-08-04,30.02092170715332
2014-08-05,29.84242248535156
2014-08-06,30.0493278503418
2014-08-07,30.00469017028809
2014-08-08,30.37387466430664
2014-08-11,30.511802673339844
2014-08-12,30.158864974975582
2014-08-13,30.33735656738281
2014-08-14,30.37793159484864
2014-08-15,30.48746681213379
2014-08-18,30.94994735717773
2014-08-19,31.09193992614746
2014-08-20,31.31506729125977
2014-08-21,31.42054748535156
2014-08-22,31.25421905517578
2014-08-25,31.37998580932617
2014-08-26,31.37186622619629
2014-08-27,31.09599494934082
2014-08-28,30.966175079345703
2014-08-29,31.07976531982422
2014-09-02,31.002689361572266
2014-09-03,31.071653366088867
2014-09-04,30.929662704467773
2014-09-05,31.294797897338867
2014-09-08,31.258270263671875
2014-09-09,31.06354522705078
2014-09-10,31.209592819213867
2014-09-11,31.35158348083496
2014-09-12,31.189308166503903
2014-09-15,31.087879180908203
2014-09-16,31.46922492980957
2014-09-17,31.9398250579834
2014-09-18,32.195411682128906
2014-09-19,32.2319221496582
2014-09-22,31.70858192443848
2014-09-23,31.40837478637696
2014-09-24,31.57492446899414
2014-09-25,30.72593307495117
2014-09-26,30.83561515808105
2014-09-29,30.78687858581543
2014-09-30,30.86404609680176
2014-10-01,30.295352935791016
2014-10-02,30.234418869018555
2014-10-03,30.44158363342285
2014-10-06,30.421274185180664
2014-10-07,29.76321601867676
2014-10-08,30.299415588378903
2014-10-09,29.560102462768555
2014-10-10,29.19045066833496
2014-10-13,29.125459671020508
2014-10-14,29.2473258972168
2014-10-15,29.239198684692383
2014-10-16,30.136940002441406
2014-10-17,30.38065528869629
2014-10-20,30.35628700256348
2014-10-21,30.973722457885746
2014-10-22,30.6975040435791
2014-10-23,31.424617767333984
2014-10-24,31.668346405029297
2014-10-27,31.63178825378418
2014-10-28,32.391414642333984
2014-10-29,32.21267318725586
2014-10-30,32.37921905517578
2014-10-31,32.659515380859375
2014-11-03,32.484840393066406
2014-11-04,32.49296569824219
2014-11-05,32.80980682373047
2014-11-06,33.00885391235352
2014-11-07,32.98041915893555
2014-11-10,33.02104568481445
2014-11-11,33.06978988647461
2014-11-12,33.455684661865234
2014-11-13,33.4719352722168
2014-11-14,33.40287780761719
2014-11-17,33.45975112915039
2014-11-18,33.5450553894043
2014-11-19,33.54098892211914
2014-11-20,33.51662063598633
2014-11-21,33.95532989501953
2014-11-24,33.92282485961914
2014-11-25,33.870025634765625
2014-11-26,33.89846420288086
2014-11-28,33.943145751953125
2014-12-01,33.74409866333008
2014-12-02,33.95127868652344
2014-12-03,34.4671516418457
2014-12-04,34.35748291015625
2014-12-05,34.479347229003906
2014-12-08,34.4224739074707
2014-12-09,34.26811981201172
2014-12-10,33.77252578735352
2014-12-11,34.101566314697266
2014-12-12,34.02437210083008
2014-12-15,33.87409591674805
2014-12-16,33.40287780761719
2014-12-17,34.09749221801758
2014-12-18,34.93430709838867
2014-12-19,35.04399108886719
2014-12-22,35.36489486694336
2014-12-23,35.405555725097656
2014-12-24,35.29576873779297
2014-12-26,35.27134704589844
2014-12-29,35.33234786987305
2014-12-30,35.07208633422852
2014-12-31,34.856529235839844
2015-01-02,34.860599517822266
2015-01-05,34.514930725097656
2015-01-06,34.2790641784668
2015-01-07,34.486446380615234
2015-01-08,35.01921081542969
2015-01-09,34.78334426879883
2015-01-12,34.352256774902344
2015-01-13,34.3034553527832
2015-01-14,33.76258087158203
2015-01-15,33.35995864868164
2015-01-16,33.567359924316406
2015-01-20,33.74224090576172
2015-01-21,33.86017990112305
2015-01-22,34.364463806152344
2015-01-23,34.218048095703125
2015-01-26,34.02285385131836
2015-01-27,34.42140579223633
2015-01-28,33.693443298339844
2015-01-29,34.13264083862305
2015-01-30,33.50230026245117
2015-02-02,34.05538558959961
2015-02-03,34.5759391784668
2015-02-04,34.29939651489258
2015-02-05,34.762996673583984
2015-02-06,34.482391357421875
2015-02-09,34.344120025634766
2015-02-10,34.75486755371094
2015-02-11,34.836204528808594
2015-02-12,35.21849060058594
2015-02-13,35.30388641357422
2015-02-17,35.299827575683594
2015-02-18,35.56415939331055
2015-02-19,35.478763580322266
2015-02-20,35.657684326171875
2015-02-23,35.3242301940918
2015-02-24,35.397430419921875
2015-02-25,35.47061538696289
2015-02-26,35.71056365966797
2015-02-27,35.49502182006836
2015-03-02,35.572303771972656
2015-03-03,35.401493072509766
2015-03-04,35.01921081542969
2015-03-05,35.11274719238281
2015-03-06,34.65726089477539
2015-03-09,35.01108169555664
2015-03-10,34.42546463012695
2015-03-11,34.31159210205078
2015-03-12,34.795536041259766
2015-03-13,34.64914321899414
2015-03-16,35.299827575683594
2015-03-17,35.084285736083984
2015-03-18,35.49502182006836
2015-03-19,35.38521957397461
2015-03-20,35.442161560058594
2015-03-23,35.28761291503906
2015-03-24,34.94601058959961
2015-03-25,34.35742950439453
2015-03-26,34.34521484375
2015-03-27,34.56110000610352
2015-03-30,34.8665885925293
2015-03-31,34.58145523071289
2015-04-01,34.174129486083984
2015-04-02,34.29226303100586
2015-04-06,34.60997009277344
2015-04-07,34.756595611572266
2015-04-08,34.76476287841797
2015-04-09,34.80955123901367
2015-04-10,34.61405563354492
2015-04-13,34.715877532958984
2015-04-14,34.81770324707031
2015-04-15,34.8665885925293
2015-04-16,34.8014030456543
2015-04-17,34.30447769165039
2015-04-20,34.589599609375
2015-04-21,34.70365524291992
2015-04-22,34.72401809692383
2015-04-23,34.49591445922852
2015-04-24,33.92974853515625
2015-04-27,33.84421157836914
2015-04-28,33.9134521484375
2015-04-29,33.72608184814453
2015-04-30,33.351341247558594
2015-05-01,33.6120491027832
2015-05-04,33.68128204345703
2015-05-05,33.563167572021484
2015-05-06,33.538726806640625
2015-05-07,33.88493728637695
2015-05-08,34.227088928222656
2015-05-11,34.035648345947266
2015-05-12,35.029510498046875
2015-05-13,35.57939529418945
2015-05-14,35.77898406982422
2015-05-15,35.212799072265625
2015-05-18,35.542728424072266
2015-05-19,35.229087829589844
2015-05-20,35.44498062133789
2015-05-21,35.39609146118164
2015-05-22,35.27796936035156
2015-05-26,35.10282516479492
2015-05-27,35.607906341552734
2015-05-28,35.56715774536133
2015-05-29,35.15984344482422
2015-06-01,35.39609146118164
2015-06-02,35.351295471191406
2015-06-03,35.53458404541016
2015-06-04,34.948055267333984
2015-06-05,34.98470687866211
2015-06-08,34.58552169799805
2015-06-09,34.70365524291992
2015-06-10,35.037654876708984
2015-06-11,35.00098419189453
2015-06-12,34.642555236816406
2015-06-15,34.4022331237793
2015-06-16,34.47147750854492
2015-06-17,34.51220703125
2015-06-18,35.009151458740234
2015-06-19,34.96433639526367
2015-06-22,35.1313362121582
2015-06-23,34.91545867919922
2015-06-24,34.84814453125
2015-06-25,34.85223388671875
2015-06-26,34.98685836791992
2015-06-29,34.57481002807617
2015-06-30,34.91749572753906
2015-07-01,35.22347640991211
2015-07-02,35.41112518310547
2015-07-06,35.0317268371582
2015-07-07,35.52128601074219
2015-07-08,34.97869873046875
2015-07-09,34.97869873046875
2015-07-10,35.34993362426758
2015-07-13,35.90067672729492
2015-07-14,36.29233932495117
2015-07-15,36.03531646728516
2015-07-16,36.18626403808594
2015-07-17,36.19441604614258
2015-07-20,36.137298583984375
2015-07-21,35.81500625610352
2015-07-22,35.84356689453125
2015-07-23,36.32905960083008
2015-07-24,35.810943603515625
2015-07-27,35.582489013671875
2015-07-28,36.06388473510742
2015-07-29,37.087852478027344
2015-07-30,37.47542190551758
2015-07-31,37.35304260253906
2015-08-03,37.25920104980469
2015-08-04,37.43463516235352
2015-08-05,37.63861083984375
2015-08-06,37.35710525512695
2015-08-07,37.1490592956543
2015-08-10,37.51214218139648
2015-08-11,37.1490592956543
2015-08-12,36.83491516113281
2015-08-13,36.89202499389648
2015-08-14,37.09193420410156
2015-08-17,37.38975524902344
2015-08-18,37.33263397216797
2015-08-19,36.97361755371094
2015-08-20,36.21074295043945
2015-08-21,35.47232437133789
2015-08-24,34.28923034667969
2015-08-25,33.9547004699707
2015-08-26,35.35810852050781
2015-08-27,36.08836364746094
2015-08-28,35.925167083740234
2015-08-31,35.500885009765625
2015-09-01,34.59112930297852
2015-09-02,35.1989860534668
2015-09-03,35.44376754760742
2015-09-04,34.91749572753906
2015-09-08,35.70895004272461
2015-09-09,35.25202560424805
2015-09-10,35.10515594482422
2015-09-11,35.42744827270508
2015-09-14,35.398895263671875
2015-09-15,36.06388473510742
2015-09-16,36.41880035400391
2015-09-17,35.95370864868164
2015-09-18,35.17041778564453
2015-09-21,35.256103515625
2015-09-22,34.90934371948242
2015-09-23,34.95014572143555
2015-09-24,34.684967041015625
2015-09-25,34.79510498046875
2015-09-28,33.61610794067383
2015-09-29,33.9465446472168
2015-09-30,34.81896209716797
2015-10-01,34.86799621582031
2015-10-02,35.41147232055664
2015-10-05,35.971290588378906
2015-10-06,35.644378662109375
2015-10-07,36.13882446289063
2015-10-08,36.32270431518555
2015-10-09,36.16742706298828
2015-10-12,36.56378555297852
2015-10-13,36.44528198242188
2015-10-14,36.05710220336914
2015-10-15,36.39217758178711
2015-10-16,36.343143463134766
2015-10-19,36.4289436340332
2015-10-20,36.54336166381836
2015-10-21,36.416690826416016
2015-10-22,38.402610778808594
2015-10-23,37.92861175537109
2015-10-26,37.748809814453125
2015-10-27,37.454586029052734
2015-10-28,37.83870315551758
2015-10-29,38.01850128173828
2015-10-30,38.12882614135742
2015-11-02,39.03597259521485
2015-11-03,39.105445861816406
2015-11-04,39.150390625
2015-11-05,39.08092498779297
2015-11-06,39.15856170654297
2015-11-09,38.9787712097168
2015-11-10,38.86026763916016
2015-11-11,38.868438720703125
2015-11-12,38.44755172729492
2015-11-13,38.22280883789063
2015-11-16,38.88070297241211
2015-11-17,38.962432861328125
2015-11-18,39.6489143371582
2015-11-19,39.6162338256836
2015-11-20,39.779666900634766
2015-11-23,39.72246551513672
2015-11-24,39.436431884765625
2015-11-25,39.56719207763672
2015-11-27,39.57535934448242
2015-11-30,39.38739776611328
2015-12-01,39.49365234375
2015-12-02,39.2198486328125
2015-12-03,38.63551330566406
2015-12-04,39.44461441040039
2015-12-07,39.35062026977539
2015-12-08,39.13404846191406
2015-12-09,38.60284423828125
2015-12-10,38.6763916015625
2015-12-11,38.01032638549805
2015-12-14,38.1533432006836
2015-12-15,37.82236099243164
2015-12-16,38.4638900756836
2015-12-17,37.60250854492188
2015-12-18,37.33243560791016
2015-12-21,37.84394454956055
2015-12-22,37.950340270996094
2015-12-23,38.35136413574219
2015-12-24,38.22042083740234
2015-12-28,38.224517822265625
2015-12-29,38.5355110168457
2015-12-30,38.199951171875
2015-12-31,38.00763702392578
2016-01-04,37.516578674316406
2016-01-05,37.586158752441406
2016-01-06,37.148284912109375
2016-01-07,36.19482803344727
2016-01-08,36.21528244018555
2016-01-11,36.19482803344727
2016-01-12,36.23574447631836
2016-01-13,35.4050407409668
2016-01-14,35.72831726074219
2016-01-15,34.86078643798828
2016-01-19,35.03266143798828
2016-01-20,34.783042907714844
2016-01-21,34.5497932434082
2016-01-22,34.92626953125
2016-01-25,34.529327392578125
2016-01-26,34.6520881652832
2016-01-27,34.47611999511719
2016-01-28,34.5661506652832
2016-01-29,35.45823287963867
2016-02-01,35.17588806152344
2016-02-02,34.525230407714844
2016-02-03,34.799407958984375
2016-02-04,35.37639617919922
2016-02-05,34.799407958984375
2016-02-08,34.431121826171875
2016-02-09,34.86078643798828
2016-02-10,34.86896514892578
2016-02-11,34.2060546875
2016-02-12,34.75028991699219
2016-02-16,35.39277267456055
2016-02-17,35.630096435546875
2016-02-18,35.4664192199707
2016-02-19,35.45823287963867
2016-02-22,35.90837860107422
2016-02-23,35.73241424560547
2016-02-24,35.68330383300781
2016-02-25,36.11705780029297
2016-02-26,36.44853210449219
2016-02-29,36.530372619628906
2016-03-01,37.07461166381836
2016-03-02,37.02961730957031
2016-03-03,37.16874313354492
2016-03-04,37.11963272094727
2016-03-07,36.92731094360352
2016-03-08,36.39942932128906
2016-03-09,36.20299911499024
2016-03-10,36.50581359863281
2016-03-11,37.078712463378906
2016-03-14,37.43473434448242
2016-03-15,37.52886199951172
2016-03-16,37.35697937011719
2016-03-17,38.28180694580078
2016-03-18,38.993839263916016
2016-03-21,38.81787490844727
2016-03-22,38.912139892578125
2016-03-23,38.87526321411133
2016-03-24,38.85065841674805
2016-03-28,38.932647705078125
2016-03-29,39.04742050170898
2016-03-30,38.95314025878906
2016-03-31,38.88345718383789
2016-04-01,39.19906997680664
2016-04-04,38.4284553527832
2016-04-05,38.231693267822266
2016-04-06,38.46535110473633
2016-04-07,38.23579788208008
2016-04-08,38.19892120361328
2016-04-11,37.9898681640625
2016-04-12,38.31779479980469
2016-04-13,38.63341522216797
2016-04-14,38.55142974853516
2016-04-15,38.58011245727539
2016-04-18,38.678504943847656
2016-04-19,38.87115478515625
2016-04-20,38.90804672241211
2016-04-21,39.34665298461914
2016-04-22,39.52289581298828
2016-04-25,39.53519058227539
2016-04-26,39.498313903808594
2016-04-27,39.83853149414063
2016-04-28,39.49421310424805
2016-04-29,39.65817642211914
2016-05-02,39.920528411865234
2016-05-03,39.71144485473633
2016-05-04,39.3138427734375
2016-05-05,39.39583206176758
2016-05-06,39.80574035644531
2016-05-09,39.785255432128906
2016-05-10,40.301719665527344
2016-05-11,40.13366317749024
2016-05-12,40.21974563598633
2016-05-13,39.91231155395508
2016-05-16,40.43698501586914
2016-05-17,40.35090637207031
2016-05-18,40.30582046508789
2016-05-19,40.15824508666992
2016-05-20,40.47798538208008
2016-05-23,40.51486206054688
2016-05-24,40.97806167602539
2016-05-25,40.850982666015625
2016-05-26,40.66242599487305
2016-05-27,40.54356384277344
2016-05-31,40.3181266784668
2016-06-01,40.498756408691406
2016-06-02,40.498756408691406
2016-06-03,40.355072021484375
2016-06-06,40.65888595581055
2016-06-07,40.831329345703125
2016-06-08,41.122825622558594
2016-06-09,41.21727752685547
2016-06-10,40.77386474609375
2016-06-13,40.2729606628418
2016-06-14,40.50697326660156
2016-06-15,40.32221603393555
2016-06-16,40.67532730102539
2016-06-17,40.137454986572266
2016-06-20,40.539817810058594
2016-06-21,40.65888595581055
2016-06-22,40.66299057006836
2016-06-23,41.23777770996094
2016-06-24,40.32221603393555
2016-06-27,39.956809997558594
2016-06-28,40.28528594970703
2016-06-29,41.102294921875
2016-06-30,41.467716217041016
2016-07-01,42.009674072265625
2016-07-05,67.72733306884766
2016-07-06,67.91263580322266
2016-07-07,67.98005676269531
2016-07-08,68.11482238769531
2016-07-11,67.45774841308594
2016-07-12,67.67676544189453
2016-07-13,68.26644134521484
2016-07-14,68.13164520263672
2016-07-15,68.16534423828125
2016-07-18,68.18221282958984
2016-07-19,68.13164520263672
2016-07-20,68.5612564086914
2016-07-21,68.47703552246094
2016-07-22,68.4349136352539
2016-07-25,68.47703552246094
2016-07-26,68.33385467529297
2016-07-27,68.10639190673828
2016-07-28,68.38436889648438
2016-07-29,68.60338592529297
2016-08-01,68.65392303466797
2016-08-02,68.17377471923828
2016-08-03,68.21591186523438
2016-08-04,68.33385467529297
2016-08-05,68.65392303466797
2016-08-08,68.4686050415039
2016-08-09,68.4012222290039
2016-08-10,68.4180679321289
2016-08-11,68.68762969970703
2016-08-12,68.5612564086914
2016-08-15,68.42649841308594
2016-08-16,67.98005676269531
2016-08-17,68.24958038330078
2016-08-18,67.86211395263672
2016-08-19,68.01374053955078
2016-08-22,68.17377471923828
2016-08-23,68.25801849365234
2016-08-24,67.90422821044922
2016-08-25,67.82839965820312
2016-08-26,68.4012222290039
2016-08-29,68.94036102294922
2016-08-30,68.4012222290039
2016-08-31,68.5781478881836
2016-09-01,68.60338592529297
2016-09-02,68.39276885986328
2016-09-06,66.96917724609375
2016-09-07,66.84282684326172
2016-09-08,66.54798889160156
2016-09-09,64.88008880615234
2016-09-12,65.88251495361328
2016-09-13,64.74527740478516
2016-09-14,64.39993286132812
2016-09-15,64.69476318359375
2016-09-16,64.5009994506836
2016-09-19,64.70318603515625
2016-09-20,64.62738037109375
2016-09-21,65.2422866821289
2016-09-22,65.42765045166016
2016-09-23,65.3602523803711
2016-09-26,64.52625274658203
2016-09-27,65.39390563964844
2016-09-28,65.49093627929688
2016-09-29,65.07752990722656
2016-09-30,66.14064025878906
2016-10-03,65.80314636230469
2016-10-04,65.52469635009766
2016-10-05,65.6259765625
2016-10-06,66.08158874511719
2016-10-07,66.02249145507812
2016-10-10,65.99720764160156
2016-10-11,64.41098022460938
2016-10-12,64.7822265625
2016-10-13,64.30130767822266
2016-10-14,64.25910186767578
2016-10-17,64.00597381591797
2016-10-18,64.4869155883789
2016-10-19,65.10285949707031
2016-10-20,67.65091705322266
2016-10-21,67.64250946044922
2016-10-24,67.74373626708984
2016-10-25,66.46125793457031
2016-10-26,65.59222412109375
2016-10-27,66.09001922607422
2016-10-28,65.97189331054688
2016-10-31,66.27561950683594
2016-11-01,64.99314880371094
2016-11-02,64.74848175048828
2016-11-03,64.5797348022461
2016-11-04,64.91722106933594
2016-11-07,65.98031616210938
2016-11-08,66.59625244140625
2016-11-09,67.69312286376953
2016-11-10,67.70155334472656
2016-11-11,68.29216003417969
2016-11-14,66.73970031738281
2016-11-15,67.1868667602539
2016-11-16,67.67623901367188
2016-11-17,67.47376251220703
2016-11-18,66.64688873291016
2016-11-21,66.84095764160156
2016-11-22,66.16595458984375
2016-11-23,66.79032897949219
2016-11-25,67.1278076171875
2016-11-28,66.68064880371094
2016-11-29,66.7650146484375
2016-11-30,65.95501708984375
2016-12-01,64.98472595214844
2016-12-02,65.23783874511719
2016-12-05,65.06066131591797
2016-12-06,65.28845977783203
2016-12-07,64.94253540039062
2016-12-08,65.59222412109375
2016-12-09,65.89595794677734
2016-12-12,65.66813659667969
2016-12-13,66.85781860351562
2016-12-14,66.41062927246094
2016-12-15,67.271240234375
2016-12-16,66.84095764160156
2016-12-19,66.32622528076172
2016-12-20,66.52877044677734
2016-12-21,66.11531829833984
2016-12-22,66.09001922607422
2016-12-23,66.61312103271484
2016-12-27,66.50345611572266
2016-12-28,66.02599334716797
2016-12-29,66.10203552246094
2016-12-30,65.78089904785156
2017-01-03,66.57527923583984
2017-01-04,66.99781799316406
2017-01-05,67.61473083496094
2017-01-06,67.96966552734375
2017-01-09,68.10486602783203
2017-01-10,68.53584289550781
2017-01-11,68.74712371826172
2017-01-12,68.6964340209961
2017-01-13,68.75558471679688
2017-01-17,68.37529754638672
2017-01-18,68.61189270019531
2017-01-19,68.11331939697266
2017-01-20,68.05416870117188
2017-01-23,67.60629272460938
2017-01-24,67.63162231445312
2017-01-25,68.47669982910156
2017-01-26,68.27388000488281
2017-01-27,68.41752624511719
2017-01-30,67.9104995727539
2017-01-31,70.9189682006836
2017-02-01,70.59785461425781
2017-02-02,70.73306274414062
2017-02-03,70.724609375
2017-02-06,70.13304901123047
2017-02-07,70.20911407470703
2017-02-08,70.12458801269531
2017-02-09,70.7837905883789
2017-02-10,70.96966552734375
2017-02-13,71.14717102050781
2017-02-14,71.07110595703125
2017-02-15,71.5020751953125
2017-02-16,71.19786071777344
2017-02-17,71.02885437011719
2017-02-21,71.62041473388672
2017-02-22,71.66264343261719
2017-02-23,71.94151306152344
2017-02-24,72.7443618774414
2017-02-27,72.7865982055664
2017-02-28,72.29645538330078
2017-03-01,73.74156188964844
2017-03-02,73.2007064819336
2017-03-03,73.378173828125
2017-03-06,72.7528305053711
2017-03-07,72.73590087890625
2017-03-08,73.2007064819336
2017-03-09,73.7837905883789
2017-03-10,74.1640853881836
2017-03-13,73.94438171386719
2017-03-14,73.40352630615234
2017-03-15,73.91902923583984
2017-03-16,73.01478576660156
2017-03-17,73.24295043945312
2017-03-20,73.07392883300781
2017-03-21,72.9133529663086
2017-03-22,72.94718933105469
2017-03-23,72.93025207519531
2017-03-24,72.68518829345703
2017-03-27,72.71054077148438
2017-03-28,72.58380889892578
2017-03-29,72.47374725341797
2017-03-30,72.55838012695312
2017-03-31,72.39757537841797
2017-04-03,72.35523986816406
2017-04-04,72.17749786376953
2017-04-05,72.6007080078125
2017-04-06,72.90543365478516
2017-04-07,72.85464477539062
2017-04-10,72.88850402832031
2017-04-11,72.9731674194336
2017-04-12,72.58379364013672
2017-04-13,72.60917663574219
2017-04-17,73.3879165649414
2017-04-18,73.25247955322266
2017-04-19,73.16787719726562
2017-04-20,70.16291046142578
2017-04-21,69.15563201904297
2017-04-24,69.7989273071289
2017-04-25,70.50996398925781
2017-04-26,70.23909759521484
2017-04-27,70.17984771728516
2017-04-28,70.53536987304688
2017-05-01,70.36605072021484
2017-05-02,70.25604248046875
2017-05-03,70.09520721435547
2017-05-04,71.1701889038086
2017-05-05,70.98397064208984
2017-05-08,70.58614349365234
2017-05-09,70.39994049072266
2017-05-10,70.43379211425781
2017-05-11,70.06979370117188
2017-05-12,70.12059783935547
2017-05-15,70.4930419921875
2017-05-16,70.26449584960938
2017-05-17,69.32491302490234
2017-05-18,69.22335052490234
2017-05-19,69.528076171875
2017-05-22,70.17984771728516
2017-05-23,71.06016540527344
2017-05-24,71.068603515625
2017-05-25,71.53419494628906
2017-05-26,71.44103240966797
2017-05-30,71.78811645507812
2017-05-31,71.8981704711914
2017-06-01,72.8800277709961
2017-06-02,73.50642395019531
2017-06-05,73.24402618408203
2017-06-06,72.56685638427734
2017-06-07,72.31290435791016
2017-06-08,71.5765151977539
2017-06-09,71.51725769042969
2017-06-12,71.1617431640625
2017-06-13,71.24639129638672
2017-06-14,71.49185180664062
2017-06-15,71.42413330078125
2017-06-16,71.50875091552734
2017-06-19,72.17749786376953
2017-06-20,72.52452087402344
2017-06-21,73.20170593261719
2017-06-22,72.76155090332031
2017-06-23,72.50757598876953
2017-06-26,72.3468017578125
2017-06-27,71.62730407714844
2017-06-28,71.83079528808594
2017-06-29,71.24575805664062
2017-06-30,71.55097198486328
2017-07-03,71.44074249267578
2017-07-05,71.296630859375
2017-07-06,70.3131103515625
2017-07-07,70.43180084228516
2017-07-10,69.99937438964844
2017-07-11,70.4572525024414
2017-07-12,70.78790283203125
2017-07-13,71.44074249267578
2017-07-14,72.06816864013672
2017-07-17,72.4666748046875
2017-07-18,72.47514343261719
2017-07-19,72.73799133300781
2017-07-20,70.54204559326172
2017-07-21,70.41484832763672
2017-07-24,70.39788818359375
2017-07-25,69.51612854003906
2017-07-26,69.53305053710938
2017-07-27,68.81237030029297
2017-07-28,69.04131317138672
2017-07-31,69.09217834472656
2017-08-01,68.52411651611328
2017-08-02,68.91411590576172
2017-08-03,68.91411590576172
2017-08-04,68.6852035522461
2017-08-07,69.04131317138672
2017-08-08,68.05779266357422
2017-08-09,68.02387237548828
2017-08-10,67.22689819335938
2017-08-11,67.67626190185547
2017-08-14,68.33758544921875
2017-08-15,68.30365753173828
2017-08-16,69.15152740478516
2017-08-17,68.60041046142578
2017-08-18,68.56652069091797
2017-08-21,68.74456024169922
2017-08-22,69.96546173095703
2017-08-23,69.37197875976562
2017-08-24,69.36348724365234
2017-08-25,69.66026306152344
2017-08-28,69.83830261230469
2017-08-29,69.51612854003906
2017-08-30,69.64329528808594
2017-08-31,70.72856140136719
2017-09-01,70.56745910644531
2017-09-05,70.42332458496094
2017-09-06,71.2372817993164
2017-09-07,72.15296173095703
2017-09-08,73.5604248046875
2017-09-11,73.82323455810547
2017-09-12,73.9928207397461
2017-09-13,73.96737670898438
2017-09-14,74.9932861328125
2017-09-15,74.78978729248047
2017-09-18,74.70502471923828
2017-09-19,73.65367126464844
2017-09-20,73.3060531616211
2017-09-21,73.2721176147461
2017-09-22,73.57738494873047
2017-09-25,72.91605377197266
2017-09-26,72.45816802978516
2017-09-27,72.45816802978516
2017-09-28,72.22039031982422
2017-09-29,72.84886932373047
2017-10-02,73.47727966308594
2017-10-03,73.47727966308594
2017-10-04,73.78304290771484
2017-10-05,73.85944366455078
2017-10-06,74.4199447631836
2017-10-09,73.91043090820312
2017-10-10,74.029296875
2017-10-11,73.85098266601562
2017-10-12,73.91043090820312
2017-10-13,73.74906158447266
2017-10-16,73.14608764648438
2017-10-17,72.40727996826172
2017-10-18,73.07814025878906
2017-10-19,76.5176010131836
2017-10-20,77.10359191894531
2017-10-23,76.83184814453125
2017-10-24,77.2394790649414
2017-10-25,76.98469543457031
2017-10-26,77.6725845336914
2017-10-27,78.34352111816406
2017-10-30,77.96984100341797
2017-10-31,78.3604736328125
2017-11-01,78.90404510498047
2017-11-02,78.73416137695312
2017-11-03,79.09083557128906
2017-11-06,78.65773010253906
2017-11-07,79.15028381347656
2017-11-08,79.18428039550781
2017-11-09,78.96348571777344
2017-11-10,78.33501434326172
2017-11-13,79.26071166992188
2017-11-14,79.14179992675781
2017-11-15,78.48787689208984
2017-11-16,79.47299194335938
2017-11-17,79.23521423339844
2017-11-20,79.55794525146484
2017-11-21,79.98257446289062
2017-11-22,79.62589263916016
2017-11-24,79.84668731689453
2017-11-27,79.87214660644531
2017-11-28,80.1014633178711
2017-11-29,79.77876281738281
2017-11-30,80.13542938232422
2017-12-01,79.67682647705078
2017-12-04,78.82760620117188
2017-12-05,78.75963592529297
2017-12-06,78.58130645751953
2017-12-07,78.70872497558594
2017-12-08,79.13330078125
2017-12-11,79.1587905883789
2017-12-12,79.5919189453125
2017-12-13,79.95707702636719
2017-12-14,78.85305786132812
2017-12-15,79.82969665527344
2017-12-18,80.13542938232422
2017-12-19,80.15241241455078
2017-12-20,80.35624694824219
2017-12-21,79.67682647705078
2017-12-22,79.37108612060547
2017-12-26,79.25221252441406
2017-12-27,79.45601654052734
2017-12-28,79.57508850097656
2017-12-29,78.94573211669922
2018-01-02,78.6225357055664
2018-01-03,79.66865539550781
2018-01-04,80.0513916015625
2018-01-05,80.55322265625
2018-01-08,81.0124740600586
2018-01-09,83.8702621459961
2018-01-10,83.55555725097656
2018-01-11,83.85321044921875
2018-01-12,84.53366088867188
2018-01-16,84.60169982910156
2018-01-17,84.70378112792969
2018-01-18,84.83133697509766
2018-01-19,85.52879333496094
2018-01-22,85.02694702148438
2018-01-23,85.00996398925781
2018-01-24,86.2262191772461
2018-01-25,87.34891510009766
2018-01-26,88.28450012207031
2018-01-29,88.1909408569336
2018-01-30,86.4133071899414
2018-01-31,86.14115905761719
2018-02-01,86.63446807861328
2018-02-02,86.90664672851562
2018-02-05,82.24574279785156
2018-02-06,82.5434341430664
2018-02-07,81.0124740600586
2018-02-08,78.38436126708984
2018-02-09,80.34058380126953
2018-02-12,81.14856719970703
2018-02-13,80.7828369140625
2018-02-14,81.73543548583984
2018-02-15,82.90066528320312
2018-02-16,82.9601821899414
2018-02-20,82.3733139038086
2018-02-21,82.79857635498047
2018-02-22,82.80708312988281
2018-02-23,84.48265075683594
2018-02-26,85.7584228515625
2018-02-27,84.6867446899414
2018-02-28,83.16431427001953
2018-03-01,81.64188385009766
2018-03-02,81.83749389648438
2018-03-05,82.99422454833984
2018-03-06,83.1387939453125
2018-03-07,85.74990844726562
2018-03-08,86.42182922363281
2018-03-09,88.23341369628906
2018-03-12,87.94425964355469
2018-03-13,87.4339599609375
2018-03-14,86.90664672851562
2018-03-15,86.9406509399414
2018-03-16,86.6939926147461
2018-03-19,85.31612396240234
2018-03-20,85.52879333496094
2018-03-21,84.89087677001953
2018-03-22,82.91767120361328
2018-03-23,81.59933471679688
2018-03-26,83.48751068115234
2018-03-27,82.71353912353516
2018-03-28,82.22796630859375
2018-03-29,83.41210174560547
2018-04-02,81.87013244628906
2018-04-03,83.68475341796875
2018-04-04,84.3918228149414
2018-04-05,84.52816009521484
2018-04-06,82.34722900390625
2018-04-09,83.14803314208984
2018-04-10,84.78372192382812
2018-04-11,83.84661865234375
2018-04-12,84.34073638916016
2018-04-13,84.54518127441406
2018-04-16,85.55046844482422
2018-04-17,86.63239288330078
2018-04-18,87.2372817993164
2018-04-19,86.47055053710938
2018-04-20,86.33421325683594
2018-04-23,86.21495056152344
2018-04-24,85.27783203125
2018-04-25,85.61006164550781
2018-04-26,86.70906829833984
2018-04-27,86.58981323242188
2018-04-30,85.46527099609375
2018-05-01,85.95089721679688
2018-05-02,84.81779479980469
2018-05-03,84.34073638916016
2018-05-04,85.36302947998047
2018-05-07,84.8348617553711
2018-05-08,84.49407196044922
2018-05-09,84.80079650878906
2018-05-10,86.18938446044922
2018-05-11,86.73461151123047
2018-05-14,87.46729278564453
2018-05-15,85.3970947265625
2018-05-16,85.78902435302734
2018-05-17,85.85716247558594
2018-05-18,86.25753784179688
2018-05-21,87.10094451904297
2018-05-22,86.39387512207031
2018-05-23,87.16912078857422
2018-05-24,87.14356231689453
2018-05-25,87.00723266601562
2018-05-29,85.66119384765625
2018-05-30,86.25753784179688
2018-05-31,84.5792465209961
2018-06-01,85.69528198242188
2018-06-04,86.78577423095703
2018-06-05,86.97318267822266
2018-06-06,87.57803344726562
2018-06-07,87.32247924804688
2018-06-08,87.7484130859375
2018-06-11,87.952880859375
2018-06-12,87.88472747802734
2018-06-13,87.4246826171875
2018-06-14,87.44171142578125
2018-06-15,87.16059875488281
2018-06-18,86.27458953857422
2018-06-19,85.21820831298828
2018-06-20,84.45997619628906
2018-06-21,83.41210174560547
2018-06-22,84.59630584716797
2018-06-25,84.221435546875
2018-06-26,84.44293975830078
2018-06-27,83.6165771484375
2018-06-28,84.15418243408203
2018-06-29,84.20536804199219
2018-07-02,83.73605346679688
2018-07-03,84.02616882324219
2018-07-05,84.3589859008789
2018-07-06,84.7600326538086
2018-07-09,84.90508270263672
2018-07-10,85.46826934814453
2018-07-11,84.11151885986328
2018-07-12,85.00748443603516
2018-07-13,84.64909362792969
2018-07-16,83.77019500732422
2018-07-17,84.97335815429688
2018-07-18,84.29069519042969
2018-07-19,88.0623779296875
2018-07-20,86.43253326416016
2018-07-23,88.01118469238281
2018-07-24,88.36103057861328
2018-07-25,88.3525161743164
2018-07-26,88.56584167480469
2018-07-27,87.6783676147461
2018-07-30,86.8762435913086
2018-07-31,87.53330993652344
2018-08-01,87.03836059570312
2018-08-02,86.56907653808594
2018-08-03,86.50082397460938
2018-08-06,87.30290222167969
2018-08-07,87.26023864746094
2018-08-08,86.99571990966797
2018-08-09,86.79092407226562
2018-08-10,85.61335754394531
2018-08-13,85.21229553222656
2018-08-14,86.005859375
2018-08-15,85.4085464477539
2018-08-16,85.74134063720703
2018-08-17,85.93762969970703
2018-08-20,85.82666015625
2018-08-21,85.85227966308594
2018-08-22,85.92053985595703
2018-08-23,85.1184310913086
2018-08-24,85.45974731445312
2018-08-27,87.43091583251953
2018-08-28,87.63570404052734
2018-08-29,88.45488739013672
2018-08-30,87.90023803710938
2018-08-31,88.3525161743164
2018-09-04,88.36103057861328
2018-09-05,88.75352478027344
2018-09-06,89.25700378417969
2018-09-07,89.30821990966797
2018-09-10,89.70927429199219
2018-09-11,89.81168365478516
2018-09-12,90.27249145507812
2018-09-13,91.66339111328124
2018-09-14,91.19402313232422
2018-09-17,90.42608642578124
2018-09-18,91.10017395019533
2018-09-19,91.74015808105467
2018-09-20,92.1327133178711
2018-09-21,92.22657012939452
2018-09-24,92.01323699951172
2018-09-25,92.17534637451172
2018-09-26,92.92630004882812
2018-09-27,92.44773864746094
2018-09-28,92.85792541503906
2018-10-01,93.3962860107422
2018-10-02,93.1142807006836
2018-10-03,92.746826171875
2018-10-04,91.43933868408205
2018-10-05,91.42225646972656
2018-10-08,90.25149536132812
2018-10-09,91.20860290527344
2018-10-10,88.7388687133789
2018-10-11,86.54261779785156
2018-10-12,88.34577178955078
2018-10-15,87.15790557861328
2018-10-16,89.77291107177734
2018-10-17,89.6960220336914
2018-10-18,86.51698303222656
2018-10-19,85.79060363769531
2018-10-22,84.22672271728516
2018-10-23,83.25252532958984
2018-10-24,81.87665557861328
2018-10-25,83.9959945678711
2018-10-26,83.01323699951172
2018-10-29,82.7654037475586
2018-10-30,83.50887298583984
2018-10-31,84.94457244873047
2018-11-01,85.90168762207031
2018-11-02,86.52552032470703
2018-11-05,86.96134948730469
2018-11-06,86.49988555908203
2018-11-07,88.93543243408203
2018-11-08,89.51651763916016
2018-11-09,89.20887756347656
2018-11-12,86.7818832397461
2018-11-13,85.87603759765625
2018-11-14,86.08969116210938
2018-11-15,86.86739349365234
2018-11-16,88.19194793701172
2018-11-19,86.5682601928711
2018-11-20,87.14082336425781
2018-11-21,87.9697494506836
2018-11-23,87.51683044433594
2018-11-26,88.26033782958984
2018-11-27,88.8755874633789
2018-11-28,91.41368103027344
2018-11-29,92.24259948730467
2018-11-30,93.60992431640624
2018-12-03,92.84083557128906
2018-12-04,90.84111785888672
2018-12-06,89.61054992675781
2018-12-07,87.05538177490234
2018-12-10,86.92716979980469
2018-12-11,86.58536529541016
2018-12-12,87.19208526611328
2018-12-13,87.59374237060547
2018-12-14,85.79914855957031
2018-12-17,85.77349853515625
2018-12-18,86.07257843017578
2018-12-19,86.01277923583984
2018-12-20,84.05581665039062
2018-12-21,84.15835571289062
2018-12-24,81.05622863769531
2018-12-26,85.42313385009766
2018-12-27,86.87822723388672
2018-12-28,87.16068267822266
2018-12-31,88.26485443115234
2019-01-02,86.02228546142578
2019-01-03,83.55716705322266
2019-01-04,85.97948455810547
2019-01-07,86.33045196533203
2019-01-08,88.53020477294922
2019-01-09,89.32622528076172
2019-01-10,90.18216705322266
2019-01-11,90.09658813476562
2019-01-14,89.09512329101562
2019-01-15,89.90826416015625
2019-01-16,89.43750762939453
2019-01-17,90.36192321777344
2019-01-18,91.9710922241211
2019-01-22,91.0809097290039
2019-01-23,90.84123229980467
2019-01-24,90.77277374267578
2019-01-25,91.01243591308594
2019-01-28,90.75564575195312
2019-01-29,90.1051254272461
2019-01-30,93.30635833740234
2019-01-31,94.94120025634766
2019-02-01,93.55458068847656
2019-02-04,93.80280303955078
2019-02-05,93.73433685302734
2019-02-06,93.86272430419922
2019-02-07,92.9468765258789
2019-02-08,93.51179504394533
2019-02-11,93.87982940673828
2019-02-12,95.3263931274414
2019-02-13,95.19798278808594
2019-02-14,94.46190643310548
2019-02-15,95.21511840820312
2019-02-19,95.28358459472656
2019-02-20,96.03682708740234
2019-02-21,96.23370361328124
2019-02-22,97.13243865966795
2019-02-25,105.4094009399414
2019-02-26,105.46076965332033
2019-02-27,108.18265533447266
2019-02-28,108.7218780517578
2019-03-01,109.36385345458984
2019-03-04,107.7546844482422
2019-03-05,107.29247283935548
2019-03-06,106.68475341796876
2019-03-07,106.53070068359376
2019-03-08,107.0271453857422
2019-03-11,108.13130950927734
2019-03-12,109.08140563964844
2019-03-13,109.67201232910156
2019-03-14,109.6548843383789
2019-03-15,110.15130615234376
2019-03-18,109.62065887451172
2019-03-19,111.15277099609376
2019-03-20,111.050048828125
2019-03-21,113.23271942138672
2019-03-22,111.0072784423828
2019-03-25,110.81039428710938
2019-03-26,112.197021484375
2019-03-27,111.050048828125
2019-03-28,111.28146362304688
2019-03-29,113.14984893798828
2019-04-01,112.97845458984376
2019-04-02,112.80703735351562
2019-04-03,112.24996948242188
2019-04-04,111.82142639160156
2019-04-05,112.78134155273438
2019-04-08,113.08988189697266
2019-04-09,112.98702239990234
2019-04-10,112.7042007446289
2019-04-11,112.64421081542967
2019-04-12,112.81560516357422
2019-04-15,111.84713745117188
2019-04-16,109.85873413085938
2019-04-17,107.03040313720705
2019-04-18,108.6502914428711
2019-04-22,108.7359848022461
2019-04-23,109.51589965820312
2019-04-24,110.81865692138672
2019-04-25,111.75285339355467
2019-04-26,112.2156753540039
2019-04-29,112.54993438720705
2019-04-30,113.50985717773438
2019-05-01,112.75560760498048
2019-05-02,114.42689514160156
2019-05-03,115.3439712524414
2019-05-06,114.6668930053711
2019-05-07,112.04425048828124
2019-05-08,112.89275360107422
2019-05-09,112.56707000732422
2019-05-10,112.85845184326172
2019-05-13,110.95577239990234
2019-05-14,112.06141662597656
2019-05-15,112.31851196289062
2019-05-16,113.36415100097656
2019-05-17,112.36136627197266
2019-05-20,111.69287109375
2019-05-21,111.59857177734376
2019-05-22,112.9098663330078
2019-05-23,112.81560516357422
2019-05-24,113.16699981689452
2019-05-28,111.5300064086914
2019-05-29,111.65857696533205
2019-05-30,113.50985717773438
2019-05-31,113.14129638671876
2019-06-03,113.06415557861328
2019-06-04,113.51841735839844
2019-06-05,115.0182876586914
2019-06-06,115.63536071777344
2019-06-07,117.86373901367188
2019-06-10,118.24942779541016
2019-06-11,118.19799041748048
2019-06-12,118.93507385253906
2019-06-13,119.4921646118164
2019-06-14,119.67214965820312
2019-06-17,119.4321746826172
2019-06-18,120.85491180419922
2019-06-19,122.16620635986328
2019-06-20,123.11754608154295
2019-06-21,123.18612670898438
2019-06-24,121.83195495605467
2019-06-25,121.87480926513672
2019-06-26,120.76919555664062
2019-06-27,121.83325958251952
2019-06-28,122.63983917236328
2019-07-01,123.56661224365234
2019-07-02,123.68675994873048
2019-07-03,124.69070434570312
2019-07-05,123.9527587890625
2019-07-08,123.24053955078124
2019-07-09,122.09923553466795
2019-07-10,122.3652801513672
2019-07-11,122.45965576171876
2019-07-12,120.1599349975586
2019-07-15,121.08668518066406
2019-07-16,119.9883270263672
2019-07-17,119.83385467529295
2019-07-18,122.70848846435548
2019-07-19,121.51573944091795
2019-07-22,121.52434539794922
2019-07-23,122.28802490234376
2019-07-24,122.44252014160156
2019-07-25,122.8886947631836
2019-07-26,122.0906753540039
2019-07-29,122.43389892578124
2019-07-30,122.45109558105467
2019-07-31,120.56327056884766
2019-08-01,120.32298278808594
2019-08-02,119.43914794921876
2019-08-05,116.44434356689452
2019-08-06,118.61538696289062
2019-08-07,118.5896224975586
2019-08-08,120.8979034423828
2019-08-09,120.40020751953124
2019-08-12,118.7698211669922
2019-08-13,120.59757995605467
2019-08-14,117.01073455810548
2019-08-15,117.72293853759766
2019-08-16,120.43455505371094
2019-08-19,121.6015396118164
2019-08-20,120.19426727294922
2019-08-21,120.40878295898438
2019-08-22,119.75662231445312
2019-08-23,116.18693542480467
2019-08-26,117.04505157470705
2019-08-27,118.63253784179688
2019-08-28,119.6965560913086
2019-08-29,121.5758056640625
2019-08-30,121.92765808105467
2019-09-03,120.02264404296876
2019-09-04,120.35733795166016
2019-09-05,122.66560363769533
2019-09-06,123.84978485107422
2019-09-09,119.5850067138672
2019-09-10,117.20807647705078
2019-09-11,119.70515441894533
2019-09-12,121.6272964477539
2019-09-13,121.00945281982422
2019-09-16,120.69197082519533
2019-09-17,122.13357543945312
2019-09-18,123.5237045288086
2019-09-19,125.0683135986328
2019-09-20,125.68612670898438
2019-09-23,124.08145141601562
2019-09-24,124.03855895996094
2019-09-25,123.5237045288086
2019-09-26,122.64739227294922
2019-09-27,121.6164321899414
2019-09-30,124.08212280273438
2019-10-01,121.9257354736328
2019-10-02,117.79339599609376
2019-10-03,119.25390625
2019-10-04,121.69376373291016
2019-10-07,120.00133514404295
2019-10-08,116.51332092285156
2019-10-09,117.87071228027344
2019-10-10,119.21094512939452
2019-10-11,119.17657470703124
2019-10-14,119.24530792236328
2019-10-15,118.20577239990234
2019-10-16,118.03392791748048
2019-10-17,118.36041259765624
2019-10-18,118.56658172607422
2019-10-21,118.75562286376952
2019-10-22,117.7676239013672
2019-10-23,118.9446258544922
2019-10-24,117.2177734375
2019-10-25,116.72810363769533
2019-10-28,117.02018737792967
2019-10-29,117.93085479736328
2019-10-30,118.77279663085938
2019-10-31,118.40337371826172
2019-11-01,117.32947540283205
2019-11-04,116.16964721679688
2019-11-05,114.6662368774414
2019-11-06,115.86035919189452
2019-11-07,115.55110931396484
2019-11-08,116.17823791503906
2019-11-11,115.56829071044922
2019-11-12,116.444580078125
2019-11-13,117.7418441772461
2019-11-14,116.9686508178711
2019-11-15,122.8449935913086
2019-11-18,120.47381591796876
2019-11-19,123.36905670166016
2019-11-20,122.8192367553711
2019-11-21,123.00823974609376
2019-11-22,123.12850189208984
2019-11-25,124.5202865600586
2019-11-26,125.41372680664062
2019-11-27,125.93783569335938
2019-11-29,125.41372680664062
2019-12-02,125.16460418701172
2019-12-03,126.0237274169922
2019-12-04,126.5564193725586
2019-12-05,126.45329284667967
2019-12-06,127.33818817138672
2019-12-09,126.74536895751952
2019-12-10,127.87079620361328
2019-12-11,128.5838623046875
2019-12-12,129.9842529296875
2019-12-13,127.59589385986328
2019-12-16,130.10450744628906
2019-12-17,129.5289306640625
2019-12-18,128.87600708007812
2019-12-19,129.24539184570312
2019-12-20,131.31588745117188
2019-12-23,131.6509246826172
2019-12-24,131.73681640625
2019-12-26,131.4358367919922
2019-12-27,131.48745727539062
2019-12-30,131.4530029296875
2019-12-31,132.0034637451172
2020-01-02,133.40541076660156
2020-01-03,132.57969665527344
2020-01-06,132.975341796875
2020-01-07,134.2826690673828
2020-01-08,134.4202880859375
2020-01-09,135.607177734375
2020-01-10,135.99420166015625
2020-01-13,137.24131774902344
2020-01-14,138.806640625
2020-01-15,138.29916381835938
2020-01-16,138.90980529785156
2020-01-17,140.242919921875
2020-01-21,140.8019561767578
2020-01-22,140.85360717773438
2020-01-23,139.74407958984375
2020-01-24,139.5463104248047
2020-01-27,138.6432342529297
2020-01-28,140.84500122070312
2020-01-29,142.10069274902344
2020-01-30,145.39476013183594
2020-01-31,138.35940551757812
2020-02-03,138.4712371826172
2020-02-04,139.98489379882812
2020-02-05,140.09669494628906
2020-02-06,141.03419494628906
2020-02-07,139.3226776123047
2020-02-10,140.18270874023438
2020-02-11,140.7761993408203
2020-02-12,140.90518188476562
2020-02-13,140.55255126953125
2020-02-14,142.72853088378906
2020-02-18,141.05140686035156
2020-02-19,140.9739990234375
2020-02-20,137.83473205566406
2020-02-21,139.22805786132812
2020-02-24,134.8760986328125
2020-02-25,130.42955017089844
2020-02-26,130.89398193359375
2020-02-27,126.47320556640624
2020-02-28,124.34884643554688
2020-03-02,129.6038360595703
2020-03-03,126.89463806152344
2020-03-04,134.15362548828125
2020-03-05,128.55458068847656
2020-03-06,127.66012573242188
2020-03-09,121.77725219726562
2020-03-10,124.11662292480467
2020-03-11,119.8678741455078
2020-03-12,110.85436248779295
2020-03-13,121.60523223876952
2020-03-16,109.77926635742188
2020-03-17,113.3399658203125
2020-03-18,110.20929718017578
2020-03-19,106.81202697753906
2020-03-20,106.48521423339844
2020-03-23,104.4038314819336
2020-03-24,111.07797241210938
2020-03-25,111.22417449951172
2020-03-26,119.4234619140625
2020-03-27,119.35455322265624
2020-03-30,121.28382110595705
2020-03-31,119.20813751220705
2020-04-01,110.84521484375
2020-04-02,117.50286102294922
2020-04-03,116.40042114257812
2020-04-06,122.24842834472656
2020-04-07,119.1134033203125
2020-04-08,124.9958724975586
2020-04-09,125.51263427734376
2020-04-13,125.85711669921876
2020-04-14,131.03338623046875
2020-04-15,131.56736755371094
2020-04-16,133.38462829589844
2020-04-17,134.81434631347656
2020-04-20,134.21141052246094
2020-04-21,132.42001342773438
2020-04-22,138.01821899414062
2020-04-23,138.36273193359375
2020-04-24,142.16952514648438
2020-04-27,145.9936065673828
2020-04-28,142.3934783935547
2020-04-29,142.0834503173828
2020-04-30,140.78294372558594
2020-05-01,138.46609497070312
2020-05-04,138.76754760742188
2020-05-05,141.63555908203125
2020-05-06,141.23077392578125
2020-05-07,140.80015563964844
2020-05-08,139.03453063964844
2020-05-11,139.27566528320312
2020-05-12,138.0354461669922
2020-05-13,137.7081756591797
2020-05-14,139.23257446289062
2020-05-15,141.11878967285156
2020-05-18,139.73214721679688
2020-05-19,137.0449981689453
2020-05-20,136.9330291748047
2020-05-21,135.78758239746094
2020-05-22,136.30435180664062
2020-05-26,136.5799560546875
2020-05-27,138.47474670410156
2020-05-28,141.22218322753906
2020-05-29,143.49594116210938
2020-06-01,142.43658447265625
2020-06-02,143.79733276367188
2020-06-03,146.1055450439453
2020-06-04,145.37344360351562
2020-06-05,149.19752502441406
2020-06-08,147.71612548828125
2020-06-09,145.94192504882812
2020-06-10,148.73243713378906
2020-06-11,142.0231475830078
2020-06-12,145.02035522460938
2020-06-15,147.7505645751953
2020-06-16,150.6358184814453
2020-06-17,151.86744689941406
2020-06-18,151.58322143554688
2020-06-19,148.9563446044922
2020-06-22,150.5841064453125
2020-06-23,151.23011779785156
2020-06-24,147.6730499267578
2020-06-25,148.42312622070312
2020-06-26,148.0437774658203
2020-06-29,148.62147521972656
2020-06-30,152.4581298828125
2020-07-01,152.74258422851562
2020-07-02,154.91531372070312
2020-07-06,157.7777557373047
2020-07-07,156.95008850097656
2020-07-08,159.0020294189453
2020-07-09,159.90731811523438
2020-07-10,158.3554229736328
2020-07-13,157.26904296875
2020-07-14,159.89002990722656
2020-07-15,162.3817901611328
2020-07-16,162.7869415283203
2020-07-17,164.6320037841797
2020-07-20,166.71849060058594
2020-07-21,168.1238250732422
2020-07-22,168.6497344970703
2020-07-23,171.76222229003906
2020-07-24,168.3566131591797
2020-07-27,171.55526733398438
2020-07-28,171.58114624023438
2020-07-29,174.27113342285156
2020-07-30,174.2797393798828
2020-07-31,175.7109375
2020-08-03,178.32333374023438
2020-08-04,177.66807556152344
2020-08-05,177.2111358642578
2020-08-06,177.34043884277344
2020-08-07,177.0904083251953
2020-08-10,174.20211791992188
2020-08-11,172.44329833984375
2020-08-12,177.53875732421875
2020-08-13,178.63372802734375
2020-08-14,176.6248779296875
2020-08-17,177.2370147705078
2020-08-18,179.05618286132812
2020-08-19,177.54737854003906
2020-08-20,177.3145751953125
2020-08-21,179.15963745117188
2020-08-24,177.22833251953125
2020-08-25,178.9613037109375
2020-08-26,179.4958953857422
2020-08-27,176.2196044921875
2020-08-28,177.2972869873047
2020-08-31,178.012939453125
2020-09-01,179.6597137451172
2020-09-02,181.03054809570312
2020-09-03,173.21926879882812
2020-09-04,169.48605346679688
2020-09-08,169.1153564453125
2020-09-09,174.10731506347656
2020-09-10,175.09881591796875
2020-09-11,176.6334991455078
2020-09-14,179.27171325683594
2020-09-15,179.92698669433594
2020-09-16,178.51303100585938
2020-09-17,178.59921264648438
2020-09-18,177.87503051757812
2020-09-21,177.44393920898438
2020-09-22,178.59921264648438
2020-09-23,176.91795349121094
2020-09-24,175.598876953125
2020-09-25,178.7658233642578
2020-09-28,181.0353240966797
2020-09-29,182.08810424804688
2020-09-30,185.8160095214844
2020-10-01,185.2464904785156
2020-10-02,183.3739013671875
2020-10-05,188.4220733642578
2020-10-06,188.32716369628903
2020-10-07,191.59768676757807
2020-10-08,190.4585876464844
2020-10-09,195.0753326416016
2020-10-12,194.8078155517578
2020-10-13,194.69561767578125
2020-10-14,195.4981689453125
2020-10-15,194.5230255126953
2020-10-16,196.2748107910156
2020-10-19,193.1510009765625
2020-10-20,195.912338256836
2020-10-21,195.4981689453125
2020-10-22,201.9097900390625
2020-10-23,200.77072143554688
2020-10-26,202.7123260498047
2020-10-27,206.91482543945312
2020-10-28,200.2874298095703
2020-10-29,198.53570556640625
2020-10-30,198.0783233642578
2020-11-02,200.58087158203125
2020-11-03,202.5828552246093
2020-11-04,207.55337524414065
2020-11-05,207.3980712890625
2020-11-06,211.81629943847656
2020-11-09,201.7372131347656
2020-11-10,194.92002868652344
2020-11-11,201.1849060058593
2020-11-12,201.0554962158203
2020-11-13,202.5137939453125
2020-11-16,198.1732177734375
2020-11-17,197.9143524169922
2020-11-18,193.9017333984375
2020-11-19,194.87684631347656
2020-11-20,194.81640625
2020-11-23,190.77789306640625
2020-11-24,188.3444061279297
2020-11-25,187.44696044921875
2020-11-27,187.0673065185547
2020-11-30,193.84132385253903
2020-12-01,194.16061401367188
2020-12-02,193.98800659179688
2020-12-03,192.7281646728516
2020-12-04,193.6687469482422
2020-12-07,195.15298461914065
2020-12-08,192.86618041992188
2020-12-09,192.2966766357422
2020-12-10,192.6160125732422
2020-12-11,193.08192443847656
2020-12-14,190.795150756836
2020-12-15,192.58143615722656
2020-12-16,191.4855194091797
2020-12-17,193.72052001953125
2020-12-18,195.11846923828125
2020-12-21,195.16163635253903
2020-12-22,192.3743438720703
2020-12-23,190.3378295898437
2020-12-24,191.28778076171875
2020-12-28,192.3760223388672
2020-12-29,192.4710235595703
2020-12-30,190.58824157714844
2020-12-31,191.84912109375
2021-01-04,192.79054260253903
2021-01-05,197.5751190185547
2021-01-06,204.1215057373047
2021-01-07,207.0233612060547
2021-01-08,210.2879180908203
2021-01-11,210.83200073242188
2021-01-12,207.8697204589844
2021-01-13,207.13563537597656
2021-01-14,204.42379760742188
2021-01-15,204.46697998046875
2021-01-19,203.91421508789065
2021-01-20,204.72607421875
2021-01-21,201.314697265625
2021-01-22,205.58106994628903
2021-01-25,205.676025390625
2021-01-26,202.0746612548828
2021-01-27,191.9009704589844
2021-01-28,197.40237426757807
2021-01-29,205.4083251953125
2021-02-01,208.78518676757807
2021-02-02,211.66973876953125
2021-02-03,205.74513244628903
2021-02-04,203.413330078125
2021-02-05,203.4651031494141
2021-02-08,203.51698303222656
2021-02-09,204.682846069336
2021-02-10,205.1060791015625
2021-02-11,207.8438262939453
2021-02-12,212.3692779541016
2021-02-16,209.2342529296875
2021-02-17,207.19607543945312
2021-02-18,205.0283050537109
2021-02-19,199.7083282470703
2021-02-22,194.7510223388672
2021-02-23,193.3260040283203
2021-02-24,192.5918884277344
2021-02-25,189.3618621826172
2021-02-26,189.71597290039065
2021-03-01,194.8978271484375
2021-03-02,193.53326416015625
2021-03-03,189.72462463378903
2021-03-04,185.1732635498047
2021-03-05,188.5759735107422
2021-03-08,183.42002868652344
2021-03-09,186.8400421142578
2021-03-10,183.89505004882807
2021-03-11,189.327377319336
2021-03-12,185.40646362304688
2021-03-15,187.4100646972656
2021-03-16,186.46006774902344
2021-03-17,184.9400329589844
2021-03-18,186.50323486328125
2021-03-19,190.91639709472656
2021-03-22,193.06689453125
2021-03-23,190.27735900878903
2021-03-24,189.54324340820312
2021-03-25,189.0504913330078
2021-03-26,195.60321044921875
2021-03-29,196.1305389404297
2021-03-30,192.7763519287109
2021-03-31,194.574447631836
2021-04-01,194.574447631836
2021-04-05,195.82791137695312
2021-04-06,196.2774353027344
2021-04-07,195.4302673339844
2021-04-08,198.7757873535156
2021-04-09,200.86782836914065
2021-04-12,203.0116577148437
2021-04-13,209.9273834228516
2021-04-14,205.1382293701172
2021-04-15,209.7113037109375
2021-04-16,210.1176147460937
2021-04-19,209.19259643554688
2021-04-20,209.07156372070312
2021-04-21,211.27598571777344
2021-04-22,218.6412353515625
2021-04-23,224.5714874267578
2021-04-26,223.11915588378903
2021-04-27,223.050048828125
2021-04-28,223.3698883056641
2021-04-29,221.80517578125
2021-04-30,219.5230255126953
2021-05-03,220.154052734375
2021-05-04,221.3297271728516
2021-05-05,220.007064819336
2021-05-06,222.1596221923828
2021-05-07,223.4476776123047
2021-05-10,223.9231414794922
2021-05-11,222.9549255371093
2021-05-12,216.35906982421875
2021-05-13,218.4251403808593
2021-05-14,219.2117614746093
2021-05-17,216.9036407470703
2021-05-18,216.05650329589844
2021-05-19,215.5377960205078
2021-05-20,220.37017822265625
2021-05-21,218.33865356445312
2021-05-24,219.4970550537109
2021-05-25,220.5603790283203
2021-05-26,217.6470947265625
2021-05-27,220.6381378173828
2021-05-28,221.4248504638672
2021-06-01,211.9761962890625
2021-06-02,209.2099456787109
2021-06-03,208.345443725586
2021-06-04,209.4346466064453
2021-06-07,207.6797790527344
2021-06-08,207.6452178955078
2021-06-09,208.0774078369141
2021-06-10,212.8838806152344
2021-06-11,213.5409240722656
2021-06-14,213.8780517578125
2021-06-15,211.881088256836
2021-06-16,211.5698699951172
2021-06-17,222.2374267578125
2021-06-18,222.1423492431641
2021-06-21,227.00064086914065
2021-06-22,230.84751892089844
2021-06-23,232.2393493652344
2021-06-24,231.2962951660156
2021-06-25,230.6128387451172
2021-06-28,235.051025390625
2021-06-29,234.3416442871093
2021-06-30,232.17013549804688
2021-07-01,235.5009307861328
2021-07-02,237.0754547119141
2021-07-06,241.1330108642578
2021-07-07,240.9859161376953
2021-07-08,239.6277008056641
2021-07-09,240.05157470703125
2021-07-12,240.5187530517578
2021-07-13,239.4286956787109
2021-07-14,238.8836364746093
2021-07-15,243.06228637695312
2021-07-16,246.3844451904297
2021-07-19,245.48468017578125
2021-07-20,245.3549346923828
2021-07-21,242.0673675537109
2021-07-22,249.9921112060547
2021-07-23,251.9905700683593
2021-07-26,251.04757690429688
2021-07-27,251.41094970703125
2021-07-28,253.3834991455078
2021-07-29,257.4928894042969
2021-07-30,257.3717041015625
2021-08-02,256.98248291015625
2021-08-03,261.55908203125
2021-08-04,264.4053649902344
2021-08-05,265.72039794921875
2021-08-06,265.8415832519531
2021-08-09,266.4384155273437
2021-08-10,267.2257080078125
2021-08-11,268.6878662109375
2021-08-12,271.4562683105469
2021-08-13,272.7453308105469
2021-08-16,275.8080139160156
2021-08-17,277.6681213378906
2021-08-18,272.4945678710937
2021-08-19,276.6644592285156
2021-08-20,278.1784973144531
2021-08-23,275.6522521972656
2021-08-24,277.4084777832031
2021-08-25,276.3963928222656
2021-08-26,275.4100341796875
2021-08-27,276.0675354003906
2021-08-30,282.91082763671875
2021-08-31,280.4451904296875
2021-09-01,283.4212341308594
2021-09-02,286.7347106933594
2021-09-03,287.5999755859375
2021-09-07,285.4975891113281
2021-09-08,285.9387512207031
2021-09-09,284.0960998535156
2021-09-10,285.4888916015625
2021-09-13,278.10064697265625
2021-09-14,280.3846130371094
2021-09-15,281.3968811035156
2021-09-16,280.3067321777344
2021-09-17,280.7652893066406
2021-09-20,280.40191650390625
2021-09-21,280.9123229980469
2021-09-22,280.4192199707031
2021-09-23,281.1977844238281
2021-09-24,280.7392883300781
2021-09-27,273.3856201171875
2021-09-28,262.9605712890625
2021-09-29,265.4452819824219
2021-09-30,263.56658935546875
2021-10-01,261.7312316894531
2021-10-04,258.4846496582031
2021-10-05,259.30718994140625
2021-10-06,260.2421264648437
2021-10-07,261.9823608398437
2021-10-08,259.52349853515625
2021-10-11,258.6318664550781
2021-10-12,256.9956359863281
2021-10-13,256.1385498046875
2021-10-14,260.09503173828125
2021-10-15,260.9174194335937
2021-10-18,263.3415222167969
2021-10-19,267.0642395019531
2021-10-20,272.55303955078125
2021-10-21,269.0207214355469
2021-10-22,271.30633544921875
2021-10-25,265.0037536621094
2021-10-26,265.72235107421875
2021-10-27,264.2592468261719
2021-10-28,263.6791687011719
2021-10-29,269.9125061035156
2021-11-01,268.1031188964844
2021-11-02,271.1937866210937
2021-11-03,269.1160583496094
2021-11-04,264.9085388183594
2021-11-05,252.86602783203125
2021-11-08,260.8914489746094
2021-11-09,259.0214538574219
2021-11-10,261.4801940917969
2021-11-11,263.6532592773437
2021-11-12,263.5147399902344
2021-11-15,259.4456481933594
2021-11-16,264.5621032714844
2021-11-17,268.0943908691406
2021-11-18,270.6744079589844
2021-11-19,271.9556579589844
2021-11-22,271.6093444824219
2021-11-23,271.4276428222656
2021-11-24,273.1243896484375
2021-11-26,280.4659118652344
2021-11-29,282.6821594238281
2021-11-30,278.4574584960937
2021-12-01,276.79510498046875
2021-12-02,273.62652587890625
2021-12-03,270.9254150390625
2021-12-06,265.69635009765625
2021-12-07,271.28033447265625
2021-12-08,275.5311889648437
2021-12-09,276.4142150878906
2021-12-10,274.8646240234375
2021-12-13,275.7475891113281
2021-12-14,266.38897705078125
2021-12-15,272.69146728515625
2021-12-16,275.7303466796875
2021-12-17,271.3323059082031
2021-12-20,272.0942077636719
2021-12-21,271.7738342285156
2021-12-22,276.76055908203125
2021-12-23,277.72149658203125
2021-12-27,283.4527282714844
2021-12-28,280.0157165527344
2021-12-29,282.9178466796875
2021-12-30,284.55517578125
2021-12-31,285.0229187011719
2022-01-03,273.5444030761719
2022-01-04,266.1808166503906
2022-01-05,264.48291015625
2022-01-06,263.2873840332031
2022-01-07,256.1404113769531
2022-01-10,262.5163879394531
2022-01-11,264.5088195800781
2022-01-12,265.4184265136719
2022-01-13,253.00439453125
2022-01-14,254.0958251953125
2022-01-18,249.8423309326172
2022-01-19,248.65545654296875
2022-01-20,245.1296539306641
2022-01-21,242.9552154541016
2022-01-24,239.84518432617188
2022-01-25,234.94189453125
2022-01-26,231.1041412353516
2022-01-27,233.87632751464844
2022-01-28,243.52696228027344
2022-01-31,247.5812530517578
2022-02-01,248.8807373046875
2022-02-02,255.06607055664065
2022-02-03,251.1504364013672
2022-02-04,249.1752777099609
2022-02-07,247.02682495117188
2022-02-08,247.4340057373047
2022-02-09,252.96961975097656
2022-02-10,244.4712371826172
2022-02-11,236.2067108154297
2022-02-14,235.2017822265625
2022-02-15,233.0966644287109
2022-02-16,231.9011383056641
2022-02-17,233.2699279785156
2022-02-18,231.2427978515625
2022-02-22,230.593017578125
2022-02-23,227.3097381591797
2022-02-24,235.2537384033203
2022-02-25,241.91563415527344
2022-02-28,237.72271728515625
2022-03-01,235.6609039306641
2022-03-02,237.80067443847656
2022-03-03,239.5939178466797
2022-03-04,236.1027374267578
2022-03-07,227.85549926757807
2022-03-08,222.87423706054688
2022-03-09,229.4148712158203
2022-03-10,228.5572052001953
2022-03-11,227.42233276367188
2022-03-14,231.17344665527344
2022-03-15,234.67335510253903
2022-03-16,240.76345825195312
2022-03-17,243.7782287597656
2022-03-18,253.12564086914065
2022-03-21,250.5960235595703
2022-03-22,254.60699462890625
2022-03-23,247.8064880371093
2022-03-24,248.4394378662109
2022-03-25,249.3065490722656
2022-03-28,252.7227325439453
2022-03-29,256.5118408203125
2022-03-30,257.829833984375
2022-03-31,254.33546447753903
2022-04-01,252.9135131835937
2022-04-04,250.79791259765625
2022-04-05,249.16778564453125
2022-04-06,250.86720275878903
2022-04-07,259.8240051269531
2022-04-08,259.503173828125
2022-04-11,252.4193115234375
2022-04-12,243.419189453125
2022-04-13,246.0030212402344
2022-04-14,240.15904235839844
2022-04-18,238.50294494628903
2022-04-19,236.7947998046875
2022-04-20,243.1070251464844
2022-04-21,241.25152587890625
2022-04-22,229.39010620117188
2022-04-25,225.83511352539065
2022-04-26,217.6153564453125
2022-04-27,218.7425842285156
2022-04-28,222.8350982666016
2022-04-29,217.74542236328125
2022-05-02,217.216552734375
2022-05-03,215.4737548828125
2022-05-04,222.5142974853516
2022-05-05,218.4217529296875
2022-05-06,216.10671997070312
2022-05-09,207.5487823486328
2022-05-10,208.48521423339844
2022-05-11,205.58921813964844
2022-05-12,207.7048797607422
2022-05-13,216.0633239746093
2022-05-16,213.61827087402344
2022-05-17,215.8726043701172
2022-05-18,211.2165069580078
2022-05-19,216.1674041748047
2022-05-20,218.32635498046875
2022-05-23,219.47091674804688
2022-05-24,218.49978637695312
2022-05-25,217.04312133789065
2022-05-26,218.24832153320312
2022-05-27,231.0635223388672
2022-05-31,228.7484741210937
2022-06-01,226.30337524414065
2022-06-02,236.9335174560547
2022-06-03,230.6820068359375
2022-06-06,228.67909240722656
2022-06-07,232.6068878173828
2022-06-08,230.2918243408203
2022-06-09,224.36111450195312
2022-06-10,218.04893493652344
2022-06-13,211.4072265625
2022-06-14,210.1932983398437
2022-06-15,212.37831115722656
2022-06-16,208.83203125
2022-06-17,206.88116455078125
2022-06-21,211.4505615234375
2022-06-22,213.21939086914065
2022-06-23,221.48220825195312
2022-06-24,222.9143218994141
2022-06-27,222.5498046875
2022-06-28,218.61798095703125
2022-06-29,219.4685821533203
2022-06-30,220.04139709472656
2022-07-01,223.9731903076172
2022-07-05,221.76861572265625
2022-07-06,225.70040893554688
2022-07-07,228.66012573242188
2022-07-08,228.9291839599609
2022-07-11,230.2658233642578
2022-07-12,219.32969665527344
2022-07-13,217.9323272705078
2022-07-14,215.30245971679688
2022-07-15,222.0029754638672
2022-07-18,214.4345092773437
2022-07-19,221.9769287109375
2022-07-20,222.1939239501953
2022-07-21,242.3562774658203
2022-07-22,237.67803955078125
2022-07-25,237.27877807617188
2022-07-26,239.98683166503903
2022-07-27,243.06802368164065
2022-07-28,250.8448181152344
2022-07-29,252.9799194335937
2022-08-01,249.8813934326172
2022-08-02,247.82437133789065
2022-08-03,250.4281616210937
2022-08-04,250.792724609375
2022-08-05,251.7040863037109
2022-08-08,249.091537475586
2022-08-09,247.57264709472656
2022-08-10,252.6935272216797
2022-08-11,252.72821044921875
2022-08-12,258.4306030273437
2022-08-15,262.4231262207031
2022-08-16,260.8000183105469
2022-08-17,258.0139465332031
2022-08-18,255.41015625
2022-08-19,253.8218688964844
2022-08-22,248.2149200439453
2022-08-23,246.5310821533203
2022-08-24,247.312240600586
2022-08-25,252.54595947265625
2022-08-26,243.3110198974609
2022-08-29,240.1517028808593
2022-08-30,237.27012634277344
2022-08-31,234.2670745849609
2022-09-01,237.6954803466797
2022-09-02,233.8417816162109
2022-09-06,236.4976348876953
2022-09-07,240.82872009277344
2022-09-08,250.0549468994141
2022-09-09,252.068603515625
2022-09-12,254.75048828125
2022-09-13,244.569564819336
2022-09-14,244.5261688232422
2022-09-15,244.6824188232422
2022-09-16,240.47283935546875
2022-09-19,242.1045837402344
2022-09-20,238.1380615234375
2022-09-21,233.02589416503903
2022-09-22,231.24661254882807
2022-09-23,230.23980712890625
2022-09-26,227.9744567871093
2022-09-27,225.75250244140625
2022-09-28,231.08169555664065
2022-09-29,227.74566650390625
2022-09-30,224.3922271728516
2022-10-03,233.5142364501953
2022-10-04,242.4277191162109
2022-10-05,245.24249267578125
2022-10-06,241.55894470214844
2022-10-07,233.24493408203125
2022-10-10,227.10275268554688
2022-10-11,220.786865234375
2022-10-12,218.6497039794922
2022-10-13,223.506103515625
2022-10-14,220.413314819336
2022-10-17,225.81700134277344
2022-10-18,230.71681213378903
2022-10-19,224.04473876953125
2022-10-20,211.1783905029297
2022-10-21,212.4901885986328
2022-10-24,218.6410369873047
2022-10-25,218.8147888183593
2022-10-26,220.47412109375
2022-10-27,215.5395355224609
2022-10-28,218.75396728515625
2022-10-31,218.6410369873047
2022-11-01,222.24639892578125
2022-11-02,210.7092437744141
2022-11-03,209.7362365722656
2022-11-04,214.5578765869141
2022-11-07,216.356201171875
2022-11-08,219.80517578125
2022-11-09,214.5404815673828
2022-11-10,232.71495056152344
2022-11-11,235.43418884277344
2022-11-14,231.7158966064453
2022-11-15,234.85208129882807
2022-11-16,231.2293701171875
2022-11-17,225.5476989746093
2022-11-18,226.4425048828125
2022-11-21,225.929931640625
2022-11-22,227.6500701904297
2022-11-23,228.78814697265625
2022-11-25,231.99386596679688
2022-11-28,226.88555908203125
2022-11-29,225.02639770507807
2022-11-30,237.52789306640625
2022-12-01,238.5096130371093
2022-12-02,238.24026489257807
2022-12-05,232.8018035888672
2022-12-06,230.52569580078125
2022-12-07,233.0364227294922
2022-12-08,236.1465606689453
2022-12-09,233.9920349121093
2022-12-12,237.59738159179688
2022-12-13,240.36875915527344
2022-12-14,238.24026489257807
2022-12-15,234.6349029541016
2022-12-16,227.64138793945312
2022-12-19,224.7657928466797
2022-12-20,222.05523681640625
2022-12-21,226.72915649414065
2022-12-22,224.7223663330078
2022-12-23,225.75616455078125
2022-12-27,226.642333984375
2022-12-28,225.304428100586
2022-12-29,232.0525054931641
2022-12-30,230.8089904785156
2023-01-03,228.0697479248047
2023-01-04,231.63507080078125
2023-01-05,221.94776916503903
2023-01-06,219.5650634765625
2023-01-09,221.79122924804688
2023-01-10,232.0872802734375
2023-01-11,238.10494995117188
2023-01-12,236.80056762695312
2023-01-13,237.939697265625
2023-01-17,239.07017517089844
2023-01-18,235.3309020996093
2023-01-19,235.4700469970703
2023-01-20,238.6179962158203
2023-01-23,240.8789520263672
2023-01-24,236.1657257080078
2023-01-25,228.6611175537109
2023-01-26,231.191635131836
2023-01-27,231.29600524902344
2023-01-30,228.4871520996093
2023-01-31,229.90460205078125
2023-02-01,232.6177673339844
2023-02-02,235.3831024169922
2023-02-03,234.6613311767578
2023-02-06,229.35675048828125
2023-02-07,231.31333923339844
2023-02-08,227.7827911376953
2023-02-09,221.8434295654297
2023-02-10,225.08702087402344
2023-02-13,225.99142456054688
2023-02-14,222.82606506347656
2023-02-15,223.58262634277344
2023-02-16,222.39996337890625
2023-02-17,222.86952209472656
2023-02-21,218.08677673339844
2023-02-22,217.49542236328125
2023-02-23,219.58248901367188
2023-02-24,216.634506225586
2023-02-27,215.6170654296875
2023-02-28,215.25184631347656
2023-03-01,213.3648376464844
2023-03-02,217.1649780273437
2023-03-03,220.1302947998047
2023-03-06,217.26931762695312
2023-03-07,213.2691802978516
2023-03-08,215.45187377929688
2023-03-09,211.8604431152344
2023-03-10,208.48635864257807
2023-03-13,209.04293823242188
2023-03-14,212.9213409423828
2023-03-15,210.5386505126953
2023-03-16,216.8258514404297
2023-03-17,211.27780151367188
2023-03-20,212.8778686523437
2023-03-21,215.9910430908203
2023-03-22,214.19094848632807
2023-03-23,214.73013305664065
2023-03-24,215.8083953857422
2023-03-27,215.6344757080078
2023-03-28,214.66053771972656
2023-03-29,215.2083740234375
2023-03-30,217.463119506836
2023-03-31,219.41314697265625
2023-04-03,217.715560913086
2023-04-04,216.749267578125
2023-04-05,215.63494873046875
2023-04-06,214.9907684326172
2023-04-10,217.2367553710937
2023-04-11,217.53274536132807
2023-04-12,217.611068725586
2023-04-13,221.47634887695312
2023-04-14,219.091064453125
2023-04-17,222.64288330078125
2023-04-18,222.9823608398437
2023-04-19,221.7810211181641
2023-04-20,216.192123413086
2023-04-21,220.0834808349609
2023-04-24,221.4241485595703
2023-04-25,201.9586181640625
2023-04-26,202.37648010253903
2023-04-27,201.46241760253903
2023-04-28,206.2417449951172
2023-05-01,210.43780517578125
2023-05-02,211.36053466796875
2023-05-03,213.7807159423828
2023-05-04,210.9600830078125
2023-05-05,211.05584716796875
2023-05-08,208.27012634277344
2023-05-09,204.7182464599609
2023-05-10,203.21221923828125
2023-05-11,200.931381225586
2023-05-12,197.9105834960937
2023-05-15,197.5623474121093
2023-05-16,195.8647918701172
2023-05-17,196.0911102294922
2023-05-18,197.118392944336
2023-05-19,198.7724151611328
2023-05-22,201.3405303955078
2023-05-23,200.2349548339844
2023-05-24,198.232666015625
2023-05-25,200.6179962158203
2023-05-26,202.1501617431641
2023-05-30,197.7713165283203
2023-05-31,199.89540100097656
2023-06-01,202.56802368164065
2023-06-02,204.2481842041016
2023-06-05,202.94235229492188
2023-06-06,204.2743225097656
2023-06-07,206.7727508544922
2023-06-08,204.9359130859375
2023-06-09,204.901107788086
2023-06-12,207.23416137695312
2023-06-13,210.0373077392578
2023-06-14,207.58238220214844
2023-06-15,211.98736572265625
2023-06-16,210.49871826171875
2023-06-20,205.97183227539065
2023-06-21,206.9381561279297
2023-06-22,205.7803192138672
2023-06-23,207.3473052978516
2023-06-26,207.08615112304688
2023-06-27,203.53433227539065
2023-06-28,204.37876892089844
2023-06-29,207.22872924804688
2023-06-30,209.1723022460937
2023-07-03,206.3920440673828
2023-07-05,206.8888397216797
2023-07-06,204.2916259765625
2023-07-07,203.14117431640625
2023-07-10,204.35260009765625
2023-07-11,207.1415863037109
2023-07-12,207.52505493164065
2023-07-13,208.13514709472656
2023-07-14,209.6342010498047
2023-07-17,207.22003173828125
2023-07-18,209.8607940673828
2023-07-19,212.5539093017578
2023-07-20,212.9897003173828
2023-07-21,223.0125274658203
2023-07-24,224.84280395507807
2023-07-25,222.85565185546875
2023-07-26,230.8477783203125
2023-07-27,222.4808349609375
2023-07-28,226.664291381836
2023-07-31,222.2978515625
2023-08-01,222.2455902099609
2023-08-02,224.7469024658203
2023-08-03,224.3895568847656
2023-08-04,222.0276794433593
2023-08-07,222.78594970703125
2023-08-08,225.7927703857422
2023-08-09,223.1693878173828
2023-08-10,224.31985473632807
2023-08-11,222.6115875244141
2023-08-14,224.1455535888672
2023-08-15,222.44601440429688
2023-08-16,220.31944274902344
2023-08-17,220.34559631347656
2023-08-18,219.1166839599609
2023-08-21,218.03594970703125
2023-08-22,217.6263427734375
2023-08-23,222.12350463867188
2023-08-24,220.9905242919922
2023-08-25,222.70748901367188
2023-08-28,227.91065979003903
2023-08-29,230.0895233154297
2023-08-30,230.2377014160156
2023-08-31,230.9610290527344
2023-09-01,231.4752960205078
2023-09-05,227.3441467285156
2023-09-06,223.97994995117188
2023-09-07,222.1758270263672
2023-09-08,216.45846557617188
2023-09-11,218.03594970703125
2023-09-12,216.4323272705078
2023-09-13,220.02310180664065
2023-09-14,220.9207763671875
2023-09-15,222.4634246826172
2023-09-18,221.17355346679688
2023-09-19,222.44601440429688
2023-09-20,221.77491760253903
2023-09-21,217.5653381347656
2023-09-22,216.46714782714844
2023-09-25,219.665771484375
2023-09-26,215.49102783203125
2023-09-27,215.65663146972656
2023-09-28,215.43875122070312
2023-09-29,216.2318572998047
2023-10-02,210.1298828125
2023-10-03,212.0567779541016
2023-10-04,212.4205322265625
2023-10-05,213.2070159912109
2023-10-06,213.5609436035156
2023-10-09,214.68167114257807
2023-10-10,215.0159454345703
2023-10-11,213.0374298095703
2023-10-12,206.2062530517578
2023-10-13,206.14715576171875
2023-10-16,207.1512145996093
2023-10-17,208.61782836914065
2023-10-18,201.58973693847656
2023-10-19,204.05056762695312
2023-10-20,202.6036071777344
2023-10-23,200.8515167236328
2023-10-24,193.7545318603516
2023-10-25,189.6302185058593
2023-10-26,190.64407348632807
2023-10-27,184.93495178222656
2023-10-30,182.1985626220703
2023-10-31,189.0100860595703
2023-11-01,187.0217437744141
2023-11-02,189.9550323486328
2023-11-03,194.7683868408203
2023-11-06,192.45523071289065
2023-11-07,195.1424255371093
2023-11-08,193.73483276367188
2023-11-09,192.45523071289065
2023-11-10,193.9120330810547
2023-11-13,192.9080047607422
2023-11-14,200.32980346679688
2023-11-15,204.89707946777344
2023-11-16,205.8321685791016
2023-11-17,204.5230255126953
2023-11-20,207.7220764160156
2023-11-21,214.44503784179688
2023-11-22,217.8311462402344
2023-11-24,217.9393920898437
2023-11-27,216.551513671875
2023-11-28,215.33091735839844
2023-11-29,219.031967163086
2023-11-30,219.8095703125
2023-12-01,219.97691345214844
2023-12-04,218.6480865478516
2023-12-05,216.00027465820312
2023-12-06,217.2995758056641
2023-12-07,215.4884185791016
2023-12-08,214.080810546875
2023-12-11,217.8803100585937
2023-12-12,216.30538940429688
2023-12-13,223.303955078125
2023-12-14,225.656478881836
2023-12-15,223.6681671142578
2023-12-18,222.9003753662109
2023-12-19,225.5482177734375
2023-12-20,223.2547607421875
2023-12-21,226.7392578125
2023-12-22,226.74908447265625
2023-12-26,227.7727813720703
2023-12-27,229.2098999023437
2023-12-28,229.71243286132807
2023-12-29,227.9486694335937
2024-01-02,231.3480834960937
2024-01-03,227.4264373779297
2024-01-04,229.2098999023437
2024-01-05,226.9140625
2024-01-08,231.4170684814453
2024-01-09,227.485580444336
2024-01-10,226.2735748291016
2024-01-11,224.61822509765625
2024-01-12,221.9381103515625
2024-01-16,223.42596435546875
2024-01-17,221.2877655029297
2024-01-18,222.99240112304688
2024-01-19,227.6629333496093
2024-01-22,228.5694274902344
2024-01-23,228.69754028320312
2024-01-24,225.2586975097656
2024-01-25,224.0565948486328
2024-01-26,229.58433532714844
2024-01-29,230.50070190429688
2024-01-30,241.35916137695312
2024-01-31,236.3930511474609
2024-02-01,241.53651428222656
2024-02-02,242.71890258789065
2024-02-05,242.2164001464844
2024-02-06,244.5615081787109
2024-02-07,243.0243682861328
2024-02-08,242.26565551757807
2024-02-09,239.3884735107422
2024-02-12,243.2115936279297
2024-02-13,237.98928833007807
2024-02-14,244.35459899902344
2024-02-15,245.31036376953125
2024-02-16,246.33511352539065
2024-02-20,244.13780212402344
2024-02-21,246.97561645507807
2024-02-22,249.02511596679688
2024-02-23,250.1188201904297
2024-02-26,247.96095275878903
2024-02-27,251.12388610839844
2024-02-28,251.96145629882807
2024-02-29,249.42909240722656
2024-03-01,252.1190795898437
2024-03-04,252.4343719482422
2024-03-05,250.6607818603516
2024-03-06,249.192611694336
2024-03-07,250.39474487304688
2024-03-08,249.9710388183593
2024-03-11,249.0940856933593
2024-03-12,249.38970947265625
2024-03-13,251.6067047119141
2024-03-14,249.5079345703125
2024-03-15,245.7439117431641
2024-03-18,247.78358459472656
2024-03-19,250.0203094482422
2024-03-20,247.99050903320312
2024-03-21,250.3848876953125
2024-03-22,251.0647430419922
2024-03-25,244.16737365722656
2024-03-26,244.81773376464844
2024-03-27,245.3898468017578
2024-03-28,246.3269195556641
2024-04-01,244.42312622070312
2024-04-02,242.5982666015625
2024-04-03,241.02001953125
2024-04-04,238.6131591796875
2024-04-05,240.96083068847656
2024-04-08,240.9312438964844
2024-04-09,246.4058380126953
2024-04-10,242.5292053222656
2024-04-11,240.68463134765625
2024-04-12,236.689682006836
2024-04-15,236.40362548828125
2024-04-16,237.0743865966797
2024-04-17,236.1372985839844
2024-04-18,233.1484375
2024-04-19,232.3100128173828
2024-04-22,232.87225341796875
2024-04-23,249.6708526611328
2024-04-24,247.00753784179688
2024-04-25,242.460189819336
2024-04-26,243.2295837402344
2024-04-29,243.46632385253903
2024-04-30,243.26904296875
2024-05-01,243.53536987304688
2024-05-02,243.4860382080078
2024-05-03,245.0051422119141
2024-05-06,244.03843688964844
2024-05-07,245.37994384765625
2024-05-08,246.15924072265625
2024-05-09,248.0136566162109
2024-05-10,249.93719482421875
2024-05-13,248.1912384033203
2024-05-14,255.73736572265625
2024-05-15,259.8802185058594
2024-05-16,261.241455078125
2024-05-17,262.1883850097656
2024-05-20,263.4805908203125
2024-05-21,262.9281921386719
2024-05-22,263.5595703125
2024-05-23,257.84820556640625
2024-05-24,259.2094421386719
2024-05-28,255.1947784423828
2024-05-29,252.4525146484375
2024-05-30,249.305892944336
2024-05-31,253.3107147216797
2024-06-03,257.8284606933594
2024-06-04,259.751953125
2024-06-05,264.2105712890625
2024-06-06,264.3388366699219
2024-06-07,259.5054016113281
2024-06-10,261.0738220214844
2024-06-11,257.70025634765625
2024-06-12,261.0146179199219
2024-06-13,251.54502868652344
2024-06-14,251.38722229003903
2024-06-17,250.676986694336
2024-06-18,254.0111083984375
2024-06-20,245.1826629638672
2024-06-21,251.49571228027344
2024-06-24,253.2712554931641
2024-06-25,250.6868591308593
2024-06-26,250.14434814453125
2024-06-27,248.3391876220703
2024-06-28,246.7197265625
2024-07-01,241.44664001464844
2024-07-02,237.3980255126953
2024-07-03,236.9931488037109
2024-07-05,236.2525634765625
2024-07-08,237.635009765625
2024-07-09,236.7857818603516
2024-07-10,239.16558837890625
2024-07-11,243.18460083007807
2024-07-12,243.60923767089844
2024-07-15,243.1450958251953
2024-07-16,248.9810485839844
2024-07-17,248.1021881103516
2024-07-18,241.7231292724609
2024-07-19,240.48880004882807
2024-07-22,247.7467193603516
2024-07-23,260.87017822265625
2024-07-24,262.430419921875
2024-07-25,266.7061462402344
2024-07-26,270.47833251953125
2024-07-29,268.24664306640625
2024-07-30,271.7423400878906
2024-07-31,273.60858154296875
2024-08-01,277.2425231933594
2024-08-02,273.28271484375
2024-08-05,265.9458312988281
2024-08-06,265.6002197265625
2024-08-07,260.0110778808594
2024-08-08,265.2743835449219
2024-08-09,264.7509460449219
2024-08-12,263.8523864746094
2024-08-13,265.3434143066406
2024-08-14,264.7213439941406
2024-08-15,265.9556884765625
2024-08-16,265.9458312988281
2024-08-19,267.871337890625
2024-08-20,268.2565002441406
2024-08-21,267.7035217285156
2024-08-22,264.4744873046875
2024-08-23,266.1038818359375
2024-08-26,264.7115173339844
2024-08-27,265.4521179199219
2024-08-28,262.7266845703125
2024-08-29,263.67462158203125
2024-08-30,265.9359436035156
2024-09-03,260.91961669921875
2024-09-04,261.1763000488281
2024-09-05,261.3935546875
2024-09-06,262.8648986816406
2024-09-09,269.6686096191406
2024-09-10,271.2781677246094
2024-09-11,268.5725402832031
2024-09-12,269.0761108398437
2024-09-13,270.8140563964844
2024-09-16,272.57177734375
2024-09-17,269.056396484375
2024-09-18,268.4934997558594
2024-09-19,272.9667358398437
2024-09-20,269.21435546875
2024-09-23,269.7278747558594
2024-09-24,270.7646789550781
2024-09-25,264.5238952636719
2024-09-26,273.46044921875
2024-09-27,272.25457763671875
2024-09-30,274.80474853515625
2024-10-01,271.384765625
2024-10-02,270.7423095703125
2024-10-03,267.3914489746094
2024-10-04,266.9071350097656
2024-10-07,265.6814880371094
2024-10-08,265.70123291015625
2024-10-09,266.11639404296875
2024-10-10,263.3685302734375
2024-10-11,267.2036437988281
2024-10-14,268.4194030761719
2024-10-15,269.5264892578125
2024-10-16,264.9302673339844
2024-10-17,268.8345947265625
2024-10-18,271.2068786621094
2024-10-21,268.9432983398437
2024-10-22,258.25836181640625
2024-10-23,253.0393981933593
2024-10-24,245.13189697265625
2024-10-25,242.5521240234375
2024-10-28,241.2967987060547
2024-10-29,239.8833465576172
2024-10-30,239.51760864257807
2024-10-31,242.8189849853516
2024-11-01,244.89468383789065
2024-11-04,244.3214111328125
2024-11-05,247.1779937744141
2024-11-06,244.89468383789065
2024-11-07,243.2538909912109
2024-11-08,242.5521240234375
2024-11-11,240.4368591308593
2024-11-12,236.82907104492188
2024-11-13,238.7367401123047
2024-11-14,236.6116180419922
2024-11-15,227.83428955078125
2024-11-18,227.3994140625
2024-11-19,228.17037963867188
2024-11-20,230.4042358398437
2024-11-21,232.3316650390625
2024-11-22,233.112548828125
2024-11-25,234.93125915527344
2024-11-26,233.843994140625
2024-11-27,236.06797790527344
2024-11-29,236.91802978515625
2024-12-02,238.49952697753903
2024-12-03,238.0843963623047
2024-12-04,233.5276794433593
2024-12-05,225.2347106933593
2024-12-06,227.45867919921875
2024-12-09,233.18174743652344
2024-12-10,231.62989807128903
2024-12-11,232.67762756347656
2024-12-12,231.78805541992188
2024-12-13,232.1735382080078
2024-12-16,231.47174072265625
2024-12-17,230.8292694091797
2024-12-18,225.65972900390625
2024-12-19,223.5445251464844
2024-12-20,225.90684509277344
2024-12-23,226.5098114013672
2024-12-24,228.0814208984375
2024-12-26,228.60528564453125
2024-12-27,228.69435119628903
2024-12-30,227.2594451904297
2024-12-31,227.16050720214844
2025-01-02,227.4177703857422
2025-01-03,232.3954315185547
2025-01-06,235.72042846679688
2025-01-07,236.611083984375
2025-01-08,235.611572265625
2025-01-10,232.623046875
2025-01-13,237.3829498291016
2025-01-14,235.146484375
2025-01-15,235.4928436279297
2025-01-16,239.38189697265625
2025-01-17,235.8787841796875
2025-01-21,241.56890869140625
2025-01-22,241.63818359375
2025-01-23,243.102783203125
2025-01-24,243.2413482666016
2025-01-27,247.98146057128903
2025-01-28,245.2600860595703
2025-01-29,221.4010467529297
2025-01-30,220.75784301757807
2025-01-31,220.42138671875
2025-02-03,212.0296325683593
2025-02-04,212.77183532714844
2025-02-05,209.9218292236328
2025-02-06,207.8238983154297
2025-02-07,204.60772705078125
2025-02-10,201.3816375732422
2025-02-11,199.52120971679688
2025-02-12,200.07537841796875
2025-02-13,201.47071838378903
2025-02-14,204.15249633789065
2025-02-18,202.4009246826172
2025-02-19,202.84622192382807
2025-02-20,205.78530883789065
2025-02-21,208.0415954589844
2025-02-24,208.942138671875
2025-02-25,208.2197113037109
2025-02-26,207.2598114013672
2025-02-27,203.5686492919922
2025-02-28,205.59732055664065
2025-03-03,203.54885864257807
2025-03-04,203.7665557861328
2025-03-05,208.3681488037109
2025-03-06,212.57391357421875
2025-03-07,209.86245727539065
2025-03-10,203.09364318847656
2025-03-11,203.4697113037109
2025-03-12,202.8264617919922
2025-03-13,201.9654998779297
2025-03-14,208.5462951660156
2025-03-17,210.3869171142578
2025-03-18,210.56504821777344
2025-03-19,208.0712890625
2025-03-20,208.06138610839844
2025-03-21,209.1598358154297
2025-03-24,210.58485412597656
2025-03-25,210.1890106201172
2025-03-26,208.2197113037109
2025-03-27,207.9228515625
2025-03-28,204.0178985595703
2025-03-31,203.1754913330078
2025-04-01,198.60650634765625
2025-04-02,203.3340606689453
2025-04-03,196.1386566162109
2025-04-04,180.15223693847656
2025-04-07,179.01246643066406
2025-04-08,173.085693359375
2025-04-09,190.18214416503903
2025-04-10,179.15122985839844
2025-04-11,187.0502777099609
2025-04-14,191.25254821777344
2025-04-15,188.22970581054688
2025-04-16,188.96310424804688
2025-04-17,185.1671905517578
2025-04-21,183.31385803222656
2025-04-22,190.3605499267578
2025-04-23,194.5628356933593
2025-04-24,194.75112915039065
2025-04-25,195.3854217529297
2025-04-28,194.16639709472656
2025-04-29,197.1595001220703
2025-04-30,197.55593872070312
2025-05-01,194.95925903320312
2025-05-02,197.27842712402344
2025-05-05,195.6431121826172
2025-05-06,188.3585205078125
2025-05-07,191.3714904785156
2025-05-08,193.08609008789065
2025-05-09,188.04136657714844
2025-05-12,199.04258728027344
2025-05-13,194.8601531982422
2025-05-14,186.14840698242188
2025-05-15,189.25051879882807
2025-05-16,194.36460876464844
2025-05-19,194.6619415283203
2025-05-20,196.00982666015625
2025-05-21,185.1473846435547
2025-05-22,185.81141662597656
2025-05-23,182.89756774902344
2025-05-27,187.4962615966797
2025-05-28,187.32778930664065
2025-05-29,188.77479553222656
2025-05-30,188.20985412597656
2025-06-02,187.5458221435547
2025-06-03,190.3506317138672
2025-06-04,191.361572265625
2025-06-05,190.43983459472656
2025-06-06,194.27540588378903
2025-06-09,197.4271240234375
2025-06-10,200.8166656494141
2025-06-11,202.89797973632807
2025-06-12,203.2746124267578
2025-06-13,198.884017944336
2025-06-16,199.32009887695312
2025-06-17,194.0077972412109
2025-06-18,192.7094573974609
2025-06-20,194.64210510253903
2025-06-23,194.5925445556641
2025-06-24,195.7124786376953
2025-06-25,199.2110748291016
2025-06-26,199.6669921875
2025-06-27,197.34413146972656
2025-06-30,196.0933380126953
2025-07-01,199.6272735595703
2025-07-02,201.0170135498047
2025-07-03,201.7118988037109
2025-07-07,198.1680450439453
2025-07-08,199.2103576660156
2025-07-09,199.48831176757807
2025-07-10,204.0049743652344
2025-07-11,203.34982299804688
2025-07-14,196.3018035888672
2025-07-15,191.4476318359375
2025-07-16,191.8843994140625
2025-07-17,193.3634796142578
2025-07-18,188.6581878662109
2025-07-21,186.6927185058593
2025-07-22,188.51922607421875
2025-07-23,196.44078063964844
2025-07-24,201.3247528076172
2025-07-25,203.97520446777344
2025-07-28,201.45379638671875
2025-07-29,205.33517456054688
2025-07-30,202.49612426757807
2025-07-31,195.71612548828125
2025-08-01,195.64663696289065
2025-08-04,196.0139617919922
2025-08-05,197.5823516845703
2025-08-06,193.74069213867188
2025-08-07,197.0363922119141
2025-08-08,199.0912170410156
2025-08-11,198.29708862304688
2025-08-12,204.2134552001953
2025-08-13,207.6083984375
2025-08-14,208.6804962158203
2025-08-15,209.3852996826172
2025-08-18,207.47935485839844
2025-08-19,210.64599609375
2025-08-20,209.85183715820312
2025-08-21,202.40676879882807
2025-08-22,210.2489318847656
2025-08-25,206.20870971679688
2025-08-26,204.73956298828125
2025-08-27,203.4987335205078
2025-08-28,203.7865753173828
2025-08-29,204.312728881836
2025-09-02,202.29757690429688
2025-09-03,197.9794311523437
2025-09-04,197.5724334716797
2025-09-05,198.7438201904297
2025-09-08,197.1753692626953
2025-09-09,192.90684509277344
2025-09-10,191.17958068847656
2025-09-11,193.7307891845703
2025-09-12,188.6581878662109
2025-09-15,187.1592559814453
2025-09-16,189.0751190185547
2025-09-17,191.52703857421875
2025-09-18,193.8399658203125
2025-09-19,191.8744659423828
2025-09-22,189.065185546875
2025-09-23,188.3306121826172
2025-09-24,184.54852294921875
2025-09-25,180.131103515625
2025-09-26,183.8104858398437
2025-09-29,185.023681640625
2025-09-30,197.1557464599609
2025-10-01,211.6943359375
2025-10-02,209.1585235595703
2025-10-03,213.7925720214844
2025-10-06,210.5308380126953
2025-10-07,207.60720825195312
2025-10-08,203.8184356689453
2025-10-09,203.34109497070312
2025-10-10,201.3323669433593
2025-10-13,203.9974365234375
2025-10-14,205.00181579589844
2025-10-15,204.9520874023437
2025-10-16,209.74522399902344
2025-10-17,207.8955993652344
2025-10-20,207.2293395996093
2025-10-21,219.54039001464844
2025-10-22,216.88525390625
2025-10-23,221.4894561767578
2025-10-24,221.7678985595703
2025-10-27,219.77902221679688
2025-10-28,215.69192504882807
2025-10-29,212.81802368164065
2025-10-30,213.8522491455078
2025-10-31,214.180404663086
2025-11-03,212.86773681640625
2025-11-04,212.6390380859375
2025-11-05,211.028060913086
2025-11-06,209.4966278076172
2025-11-07,208.77069091796875
2025-11-10,209.9938507080078
2025-11-11,214.588119506836
2025-11-12,218.1779937744141
2025-11-13,219.96798706054688
2025-11-14,219.9779357910156
2025-11-17,219.2122344970703
2025-11-18,224.25396728515625
2025-11-19,221.17124938964844
2025-11-20,220.94253540039065
2025-11-21,226.12350463867188
2025-11-24,225.7157745361328
2025-11-25,229.4846954345703
2025-11-26,227.18756103515625
2025-11-28,225.5169219970703
2025-12-01,222.89161682128903
2025-12-02,225.3279571533203
2025-12-03,227.18756103515625
2025-12-04,225.86495971679688
2025-12-05,224.98985290527344
2025-12-08,223.229721069336
2025-12-09,221.98667907714844
2025-12-10,229.1366271972656
2025-12-11,231.0757598876953
2025-12-12,225.0694122314453
2025-12-15,227.2571563720703
2025-12-16,223.448486328125
2025-12-17,221.39002990722656
2025-12-18,223.10044860839844
2025-12-19,223.5877227783203
2025-12-22,226.7400665283203
2025-12-23,229.5443420410156
2025-12-24,230.18077087402344
2025-12-26,229.3542633056641
2025-12-29,229.6629638671875
2025-12-30,229.7028045654297
2025-12-31,227.9601287841797
2026-01-02,229.4339141845703
2026-01-05,234.3731231689453
2026-01-06,235.5979766845703
2026-01-07,234.582260131836
2026-01-08,234.0146331787109
2026-01-09,237.37049865722656
2026-01-12,237.9978790283203
2026-01-13,234.57228088378903
2026-01-14,236.9522705078125
2026-01-15,238.88414001464844
2026-01-16,235.00050354003903
2026-01-20,233.34744262695312
2026-01-21,241.0350952148437
2026-01-22,239.07334899902344
2026-01-23,234.02459716796875
2026-01-26,235.71746826171875
2026-01-27,234.76150512695312
2026-01-28,223.5984802246093
2026-01-29,218.6991271972656
2026-01-30,217.97218322753903
2026-02-02,222.48318481445312
2026-02-03,215.6918029785156
2026-02-04,218.6094970703125
2026-02-05,214.8453521728516
2026-02-06,215.7017517089844
2026-02-09,215.7515563964844
2026-02-10,218.82858276367188
2026-02-11,219.0576171875
2026-02-12,214.03875732421875
2026-02-13,211.6886444091797
2026-02-17,205.4947204589844
2026-02-18,207.6855010986328
2026-02-19,210.36422729492188
2026-02-20,208.6215667724609
2026-02-23,210.0355987548828
2026-02-24,208.3128662109375
2026-02-25,208.6414794921875
2026-02-26,208.48214721679688
2026-02-27,209.7567749023437
2026-03-02,205.13624572753903
2026-03-03,203.15457153320312
2026-03-04,203.87155151367188
2026-03-05,201.15301513671875
2026-03-06,194.6802673339844
2026-03-09,197.9664306640625
2026-03-10,194.4014434814453
2026-03-11,194.2420959472656
2026-03-12,185.47900390625
2026-03-13,186.53456115722656
2026-03-16,190.5874938964844
2026-03-17,194.39149475097656
2026-03-18,190.6970367431641
2026-03-19,189.3128662109375
2026-03-20,188.5560607910156
2026-03-23,189.2033233642578
2026-03-24,189.3029022216797
2026-03-25,186.3652801513672
2026-03-26,187.26150512695312
2026-03-27,181.14419555664065
2026-03-30,183.50929260253903
2026-03-31,189.2074737548828
2026-04-01,190.3950042724609
2026-04-02,190.7243194580078
2026-04-06,191.7222442626953
2026-04-07,190.6145477294922
2026-04-08,195.7838287353516
2026-04-09,192.5904541015625
2026-04-10,189.2174530029297
2026-04-13,195.4644775390625
2026-04-14,198.1988220214844
2026-04-15,197.7297821044922
2026-04-16,193.3788146972656
2026-04-17,194.3468017578125
2026-04-20,195.0952606201172
2026-04-21,194.13723754882807
2026-04-22,183.6589813232422
2026-04-23,178.2003173828125
2026-04-24,176.88304138183594
2026-04-27,180.24606323242188
2026-04-28,178.6094512939453
2026-04-29,178.42982482910156
2026-04-30,178.5795135498047
2026-05-01,174.78738403320312
2026-05-04,173.67967224121094
2026-05-05,174.26846313476562
2026-05-06,174.557861328125
2026-05-07,175.2963409423828
2026-05-08,170.80564880371094
2026-05-11,166.17526245117188
2026-05-12,165.91578674316406
2026-05-13,165.6463623046875
2026-05-14,164.1993408203125
2026-05-15,161.57479858398438
2026-05-18,163.52076721191406
2026-05-19,166.6941680908203
2026-05-20,170.76571655273438
2026-05-21,172.97116088867188
2026-05-22,171.64390563964844
2026-05-26,172.4522247314453
2026-05-27,172.77157592773438
2026-05-28,180.25604248046875
2026-05-29,182.29180908203125
2026-06-01,179.4976043701172
2026-06-02,175.74539184570312
2026-06-03,177.71131896972656
2026-06-04,186.25360107421875
2026-06-05,183.9184417724609
2026-06-08,183.1500396728516
2026-06-09,188.0199432373047
2026-06-10,183.2498321533203
2026-06-11,180.4156951904297
2026-06-12,179.72714233398438
2026-06-15,180.72506713867188
2026-06-16,180.9745483398437
2026-06-17,177.39198303222656
2026-06-18,176.80320739746094
2026-06-22,177.8210906982422
2026-06-23,178.59947204589844
2026-06-24,188.47897338867188
2026-06-25,192.8099975585937
2026-06-26,196.19000244140625
2026-06-29,192.77999877929688
2026-06-30,190.47999572753903
2026-07-01,193.72000122070312
2026-07-02,197.92999267578125
2026-07-06,193.6199951171875
2026-07-07,194.19000244140625
2026-07-08,190.7700042724609
2026-07-09,195.97999572753903
2026-07-10,199.0500030517578
2026-07-13,200.1600036621093
2026-07-14,199.0500030517578
2026-07-15,200.7899932861328
2026-07-16,205.009994506836
2026-07-17,203.8300018310547
2026-07-20,201.1100006103516
2026-07-21,179.00999450683594
2026-07-22,179.13999938964844
2026-07-23,192.5
2026-07-24,191.5
2026-07-27,196.5
2026-07-28,199.0500030517578
2026-07-29,196.4900054931641
2026-07-30,196.1699981689453
2026-07-31,194.97999572753903
2026-08-03,197.5
2026-08-04,194.77999877929688
2026-08-05,199.6600036621093
2026-08-06,199.97999572753903
2026-08-07,204.759994506836
2026-08-10,209.3699951171875
2026-08-11,207.44000244140625
2026-08-12,205.7899932861328
2026-08-13,203.88999938964844
2026-08-14,202.4499969482422
2026-08-17,202.6300048828125
2026-08-18,199.5800018310547
2026-08-19,211.5
2026-08-20,215.91000366210935
2026-08-21,218.85000610351562
