date,close
1995-05-09,3.0183045864105225
1995-05-10,3.2117841243743896
1995-05-11,3.2891764640808105
1995-05-12,3.250483274459839
1995-05-15,3.250483274459839
1995-05-16,3.250483274459839
1995-05-17,3.1730902194976807
1995-05-18,3.2117841243743896
1995-05-19,3.2117841243743896
1995-05-22,3.443960905075073
1995-05-23,3.4826579093933105
1995-05-24,3.4052655696868896
1995-05-25,3.3278725147247314
1995-05-26,3.3665714263916016
1995-05-30,3.443960905075073
1995-05-31,3.4052655696868896
1995-06-01,3.3665714263916016
1995-06-02,3.3278725147247314
1995-06-05,3.4052655696868896
1995-06-06,3.4052655696868896
1995-06-07,3.4052655696868896
1995-06-08,3.443960905075073
1995-06-09,3.4052655696868896
1995-06-12,3.4052655696868896
1995-06-13,3.443960905075073
1995-06-14,3.443960905075073
1995-06-15,3.4826579093933105
1995-06-16,3.443960905075073
1995-06-19,3.521353006362915
1995-06-20,3.4826579093933105
1995-06-21,3.3665714263916016
1995-06-22,3.3278725147247314
1995-06-23,3.3665714263916016
1995-06-26,3.3278725147247314
1995-06-27,3.443960905075073
1995-06-28,3.4826579093933105
1995-06-29,3.443960905075073
1995-06-30,3.3665714263916016
1995-07-03,3.4052655696868896
1995-07-05,3.443960905075073
1995-07-06,3.3665714263916016
1995-07-07,3.443960905075073
1995-07-10,3.3278725147247314
1995-07-11,3.3278725147247314
1995-07-12,3.250483274459839
1995-07-13,3.250483274459839
1995-07-14,3.250483274459839
1995-07-17,3.2117841243743896
1995-07-18,3.250483274459839
1995-07-19,3.2117841243743896
1995-07-20,3.2117841243743896
1995-07-21,3.2117841243743896
1995-07-24,3.2891764640808105
1995-07-25,3.2891764640808105
1995-07-26,3.3278725147247314
1995-07-27,3.3665714263916016
1995-07-28,3.2891764640808105
1995-07-31,3.3665714263916016
1995-08-01,3.250483274459839
1995-08-02,3.250483274459839
1995-08-03,3.250483274459839
1995-08-04,3.1730902194976807
1995-08-07,3.250483274459839
1995-08-08,3.250483274459839
1995-08-09,3.1730902194976807
1995-08-10,3.0956966876983643
1995-08-11,3.05700159072876
1995-08-14,3.05700159072876
1995-08-15,3.05700159072876
1995-08-16,3.0956966876983643
1995-08-17,3.1730902194976807
1995-08-18,3.2891764640808105
1995-08-21,3.1730902194976807
1995-08-22,3.4052655696868896
1995-08-23,3.2891764640808105
1995-08-24,3.250483274459839
1995-08-25,3.2117841243743896
1995-08-28,3.2117841243743896
1995-08-29,3.1730902194976807
1995-08-30,3.1343929767608643
1995-08-31,3.1730902194976807
1995-09-01,3.0956966876983643
1995-09-05,3.1343929767608643
1995-09-06,3.3665714263916016
1995-09-07,3.3665714263916016
1995-09-08,3.4826579093933105
1995-09-11,3.598745584487915
1995-09-12,3.598745584487915
1995-09-13,3.560051441192627
1995-09-14,3.560051441192627
1995-09-15,3.4052655696868896
1995-09-18,3.443960905075073
1995-09-19,3.521353006362915
1995-09-20,3.4052655696868896
1995-09-21,3.4052655696868896
1995-09-22,3.4052655696868896
1995-09-25,3.521353006362915
1995-09-26,3.560051441192627
1995-09-27,3.560051441192627
1995-09-28,3.598745584487915
1995-09-29,3.560051441192627
1995-10-02,3.560051441192627
1995-10-03,3.560051441192627
1995-10-04,3.443960905075073
1995-10-05,3.53406023979187
1995-10-06,3.53406023979187
1995-10-09,3.572897434234619
1995-10-10,3.611730813980103
1995-10-11,3.611730813980103
1995-10-12,3.6505684852600098
1995-10-13,3.611730813980103
1995-10-16,3.611730813980103
1995-10-17,3.572897434234619
1995-10-18,3.572897434234619
1995-10-19,3.6505684852600098
1995-10-20,3.6505684852600098
1995-10-23,3.689405679702759
1995-10-24,3.6505684852600098
1995-10-25,3.611730813980103
1995-10-26,3.53406023979187
1995-10-27,3.495224475860596
1995-10-30,3.53406023979187
1995-10-31,3.53406023979187
1995-11-01,3.53406023979187
1995-11-02,3.6505684852600098
1995-11-03,3.6505684852600098
1995-11-06,3.6505684852600098
1995-11-07,3.6505684852600098
1995-11-08,3.689405679702759
1995-11-09,3.689405679702759
1995-11-10,3.611730813980103
1995-11-13,3.611730813980103
1995-11-14,3.53406023979187
1995-11-15,3.6505684852600098
1995-11-16,3.572897434234619
1995-11-17,3.572897434234619
1995-11-20,3.611730813980103
1995-11-21,3.572897434234619
1995-11-22,3.495224475860596
1995-11-24,3.495224475860596
1995-11-27,3.572897434234619
1995-11-28,3.6505684852600098
1995-11-29,3.6505684852600098
1995-11-30,3.572897434234619
1995-12-01,3.6505684852600098
1995-12-04,3.6505684852600098
1995-12-05,3.6505684852600098
1995-12-06,3.6505684852600098
1995-12-07,3.611730813980103
1995-12-08,3.572897434234619
1995-12-11,3.611730813980103
1995-12-12,3.611730813980103
1995-12-13,3.611730813980103
1995-12-14,3.767077445983887
1995-12-15,3.6505684852600098
1995-12-18,3.689405679702759
1995-12-19,3.728239297866821
1995-12-20,3.6505684852600098
1995-12-21,3.6505684852600098
1995-12-22,3.572897434234619
1995-12-26,3.611730813980103
1995-12-27,3.611730813980103
1995-12-28,3.611730813980103
1995-12-29,3.689405679702759
1996-01-02,3.6505684852600098
1996-01-03,3.611730813980103
1996-01-04,3.572897434234619
1996-01-05,3.495224475860596
1996-01-08,3.53406023979187
1996-01-09,3.456387758255005
1996-01-10,3.3787178993225098
1996-01-11,3.456387758255005
1996-01-12,3.6505684852600098
1996-01-15,3.611730813980103
1996-01-16,3.6505684852600098
1996-01-17,3.611730813980103
1996-01-18,3.572897434234619
1996-01-19,3.611730813980103
1996-01-22,3.6505684852600098
1996-01-23,3.611730813980103
1996-01-24,3.689405679702759
1996-01-25,3.6505684852600098
1996-01-26,3.611730813980103
1996-01-29,3.572897434234619
1996-01-30,3.572897434234619
1996-01-31,3.572897434234619
1996-02-01,3.572897434234619
1996-02-02,3.6505684852600098
1996-02-05,3.728239297866821
1996-02-06,3.805911302566528
1996-02-07,3.961254835128784
1996-02-08,4.000090599060059
1996-02-09,3.961254835128784
1996-02-12,4.000090599060059
1996-02-13,3.805911302566528
1996-02-14,3.8835837841033936
1996-02-15,3.8835837841033936
1996-02-16,3.8835837841033936
1996-02-20,3.767077445983887
1996-02-21,3.8835837841033936
1996-02-22,3.8835837841033936
1996-02-23,3.8447461128234863
1996-02-26,3.805911302566528
1996-02-27,3.8835837841033936
1996-02-28,3.8835837841033936
1996-02-29,3.8447461128234863
1996-03-01,3.8835837841033936
1996-03-04,3.961254835128784
1996-03-05,3.961254835128784
1996-03-06,3.961254835128784
1996-03-07,3.922419309616089
1996-03-08,3.922419309616089
1996-03-11,4.038928031921387
1996-03-12,4.038928031921387
1996-03-13,4.077762126922607
1996-03-14,4.038928031921387
1996-03-15,4.116597652435303
1996-03-18,4.23310661315918
1996-03-19,4.23310661315918
1996-03-20,4.116597652435303
1996-03-21,4.077762126922607
1996-03-22,4.116597652435303
1996-03-25,4.077762126922607
1996-03-26,4.23310661315918
1996-03-27,4.116597652435303
1996-03-28,4.077762126922607
1996-03-29,4.194270133972168
1996-04-01,4.194270133972168
1996-04-02,4.077762126922607
1996-04-03,4.155433654785156
1996-04-04,4.23310661315918
1996-04-08,4.239330291748047
1996-04-09,4.278223037719727
1996-04-10,4.239330291748047
1996-04-11,4.122650623321533
1996-04-12,4.122650623321533
1996-04-15,4.161544799804688
1996-04-16,4.161544799804688
1996-04-17,4.161544799804688
1996-04-18,4.200437068939209
1996-04-19,4.317113876342773
1996-04-22,4.278223037719727
1996-04-23,4.200437068939209
1996-04-24,4.239330291748047
1996-04-25,4.122650623321533
1996-04-26,4.122650623321533
1996-04-29,4.161544799804688
1996-04-30,4.278223037719727
1996-05-01,4.278223037719727
1996-05-02,4.239330291748047
1996-05-03,4.161544799804688
1996-05-06,4.083758354187012
1996-05-07,4.005972385406494
1996-05-08,3.967078685760498
1996-05-09,3.694828510284424
1996-05-10,3.655935525894165
1996-05-13,3.733721017837525
1996-05-14,3.694828510284424
1996-05-15,3.578150749206543
1996-05-16,3.655935525894165
1996-05-17,3.694828510284424
1996-05-20,3.733721017837525
1996-05-21,3.694828510284424
1996-05-22,3.655935525894165
1996-05-23,3.655935525894165
1996-05-24,3.655935525894165
1996-05-28,3.6170413494110094
1996-05-29,3.655935525894165
1996-05-30,3.694828510284424
1996-05-31,3.694828510284424
1996-06-03,3.733721017837525
1996-06-04,3.733721017837525
1996-06-05,3.694828510284424
1996-06-06,3.694828510284424
1996-06-07,3.694828510284424
1996-06-10,3.655935525894165
1996-06-11,3.6170413494110094
1996-06-12,3.6170413494110094
1996-06-13,3.5392565727233887
1996-06-14,3.5003645420074463
1996-06-17,3.383683204650879
1996-06-18,3.5392565727233887
1996-06-19,3.4225761890411377
1996-06-20,3.4614686965942383
1996-06-21,3.4225761890411377
1996-06-24,3.344792127609253
1996-06-25,3.267005681991577
1996-06-26,3.3058996200561523
1996-06-27,3.344792127609253
1996-06-28,3.344792127609253
1996-07-01,3.267005681991577
1996-07-02,3.3058996200561523
1996-07-03,3.344792127609253
1996-07-05,3.1892199516296387
1996-07-08,3.111433267593384
1996-07-09,3.111433267593384
1996-07-10,3.111433267593384
1996-07-11,3.072540760040283
1996-07-12,2.9169702529907227
1996-07-15,2.9169702529907227
1996-07-16,2.8002912998199463
1996-07-17,2.8002912998199463
1996-07-18,2.8002912998199463
1996-07-19,2.8002912998199463
1996-07-22,2.722505807876587
1996-07-23,2.722505807876587
1996-07-24,2.722505807876587
1996-07-25,2.6447198390960693
1996-07-26,2.6447198390960693
1996-07-29,2.5669333934783936
1996-07-30,2.4891481399536133
1996-07-31,2.4502549171447754
1996-08-01,2.3724684715271
1996-08-02,2.5669333934783936
1996-08-05,2.5669333934783936
1996-08-06,2.605825901031494
1996-08-07,2.5669333934783936
1996-08-08,2.528040885925293
1996-08-09,2.605825901031494
1996-08-12,2.4891481399536133
1996-08-13,2.4891481399536133
1996-08-14,2.5669333934783936
1996-08-15,2.528040885925293
1996-08-16,2.5669333934783936
1996-08-19,2.528040885925293
1996-08-20,2.528040885925293
1996-08-21,2.4502549171447754
1996-08-22,2.4502549171447754
1996-08-23,2.4891481399536133
1996-08-26,2.4502549171447754
1996-08-27,2.528040885925293
1996-08-28,2.4891481399536133
1996-08-29,2.4891481399536133
1996-08-30,2.4891481399536133
1996-09-03,2.4502549171447754
1996-09-04,2.4891481399536133
1996-09-05,2.4502549171447754
1996-09-06,2.41136121749878
1996-09-09,2.4502549171447754
1996-09-10,2.4502549171447754
1996-09-11,2.4891481399536133
1996-09-12,2.605825901031494
1996-09-13,2.605825901031494
1996-09-16,2.605825901031494
1996-09-17,2.683612823486328
1996-09-18,2.6447198390960693
1996-09-19,2.6447198390960693
1996-09-20,2.5669333934783936
1996-09-23,2.683612823486328
1996-09-24,2.761396646499634
1996-09-25,2.722505807876587
1996-09-26,2.683612823486328
1996-09-27,2.722505807876587
1996-09-30,2.683612823486328
1996-10-01,2.683612823486328
1996-10-02,2.683612823486328
1996-10-03,2.6447198390960693
1996-10-04,2.605825901031494
1996-10-07,2.605825901031494
1996-10-08,2.61833119392395
1996-10-09,2.579252243041992
1996-10-10,2.54017186164856
1996-10-11,2.6574127674102783
1996-10-14,2.61833119392395
1996-10-15,2.61833119392395
1996-10-16,2.6574127674102783
1996-10-17,2.6574127674102783
1996-10-18,2.7746481895446777
1996-10-21,2.813729763031006
1996-10-22,2.813729763031006
1996-10-23,2.813729763031006
1996-10-24,2.7746481895446777
1996-10-25,2.7746481895446777
1996-10-28,2.7355706691741943
1996-10-29,2.7355706691741943
1996-10-30,2.7355706691741943
1996-10-31,2.61833119392395
1996-11-01,2.579252243041992
1996-11-04,2.6574127674102783
1996-11-05,2.6574127674102783
1996-11-06,2.6574127674102783
1996-11-07,2.6574127674102783
1996-11-08,2.696491003036499
1996-11-11,2.61833119392395
1996-11-12,2.696491003036499
1996-11-13,2.696491003036499
1996-11-14,2.696491003036499
1996-11-15,2.6574127674102783
1996-11-18,2.6574127674102783
1996-11-19,2.6574127674102783
1996-11-20,2.696491003036499
1996-11-21,2.696491003036499
1996-11-22,2.6574127674102783
1996-11-25,2.696491003036499
1996-11-26,2.7355706691741943
1996-11-27,2.696491003036499
1996-11-29,2.696491003036499
1996-12-02,2.696491003036499
1996-12-03,2.7746481895446777
1996-12-04,2.696491003036499
1996-12-05,2.7355706691741943
1996-12-06,2.7746481895446777
1996-12-09,2.813729763031006
1996-12-10,2.7746481895446777
1996-12-11,2.7746481895446777
1996-12-12,2.696491003036499
1996-12-13,2.7746481895446777
1996-12-16,2.7355706691741943
1996-12-17,2.7746481895446777
1996-12-18,2.891887664794922
1996-12-19,2.8528082370758057
1996-12-20,2.813729763031006
1996-12-23,2.8528082370758057
1996-12-24,2.813729763031006
1996-12-26,2.7746481895446777
1996-12-27,2.813729763031006
1996-12-30,2.7746481895446777
1996-12-31,2.7355706691741943
1997-01-02,2.6574127674102783
1997-01-03,2.6574127674102783
1997-01-06,2.61833119392395
1997-01-07,2.61833119392395
1997-01-08,2.54017186164856
1997-01-09,2.579252243041992
1997-01-10,2.4620132446289062
1997-01-13,2.54017186164856
1997-01-14,2.54017186164856
1997-01-15,2.54017186164856
1997-01-16,2.4620132446289062
1997-01-17,2.422933578491211
1997-01-20,2.4620132446289062
1997-01-21,2.4620132446289062
1997-01-22,2.4620132446289062
1997-01-23,2.4620132446289062
1997-01-24,2.3838541507720947
1997-01-27,2.344774007797241
1997-01-28,2.305695056915283
1997-01-29,2.305695056915283
1997-01-30,2.305695056915283
1997-01-31,2.2666168212890625
1997-02-03,2.305695056915283
1997-02-04,2.305695056915283
1997-02-05,2.305695056915283
1997-02-06,2.2666168212890625
1997-02-07,2.2666168212890625
1997-02-10,2.227536678314209
1997-02-11,2.2666168212890625
1997-02-12,2.2666168212890625
1997-02-13,2.2666168212890625
1997-02-14,2.227536678314209
1997-02-18,2.227536678314209
1997-02-19,2.188455581665039
1997-02-20,2.188455581665039
1997-02-21,2.188455581665039
1997-02-24,2.188455581665039
1997-02-25,2.227536678314209
1997-02-26,2.227536678314209
1997-02-27,2.227536678314209
1997-02-28,2.2666168212890625
1997-03-03,2.227536678314209
1997-03-04,2.14937686920166
1997-03-05,2.188455581665039
1997-03-06,2.14937686920166
1997-03-07,2.227536678314209
1997-03-10,2.305695056915283
1997-03-11,2.2666168212890625
1997-03-12,2.305695056915283
1997-03-13,2.305695056915283
1997-03-14,2.305695056915283
1997-03-17,2.305695056915283
1997-03-18,2.3838541507720947
1997-03-19,2.4620132446289062
1997-03-20,2.5010931491851807
1997-03-21,2.5010931491851807
1997-03-24,2.54017186164856
1997-03-25,2.4620132446289062
1997-03-26,2.5010931491851807
1997-03-27,2.4620132446289062
1997-03-31,2.4620132446289062
1997-04-01,2.5010931491851807
1997-04-02,2.4620132446289062
1997-04-03,2.4620132446289062
1997-04-04,2.3838541507720947
1997-04-07,2.344774007797241
1997-04-08,2.318058013916016
1997-04-09,2.318058013916016
1997-04-10,2.318058013916016
1997-04-11,2.2394790649414062
1997-04-14,2.318058013916016
1997-04-15,2.278769969940185
1997-04-16,2.318058013916016
1997-04-17,2.3573474884033203
1997-04-18,2.396636247634888
1997-04-21,2.3573474884033203
1997-04-22,2.396636247634888
1997-04-23,2.396636247634888
1997-04-24,2.396636247634888
1997-04-25,2.396636247634888
1997-04-28,2.396636247634888
1997-04-29,2.435925245285034
1997-04-30,2.435925245285034
1997-05-01,2.435925245285034
1997-05-02,2.435925245285034
1997-05-05,2.475214719772339
1997-05-06,2.475214719772339
1997-05-07,2.5145037174224854
1997-05-08,2.475214719772339
1997-05-09,2.5145037174224854
1997-05-12,2.475214719772339
1997-05-13,2.475214719772339
1997-05-14,2.475214719772339
1997-05-15,2.475214719772339
1997-05-16,2.5537915229797363
1997-05-19,2.5930821895599365
1997-05-20,2.5537915229797363
1997-05-21,2.6323697566986084
1997-05-22,2.5930821895599365
1997-05-23,2.5930821895599365
1997-05-27,2.6323697566986084
1997-05-28,2.6323697566986084
1997-05-29,2.6716599464416504
1997-05-30,2.6323697566986084
1997-06-02,2.6716599464416504
1997-06-03,2.8288166522979736
1997-06-04,2.868104696273804
1997-06-05,2.8288166522979736
1997-06-06,2.9073946475982666
1997-06-09,2.868104696273804
1997-06-10,2.9073946475982666
1997-06-11,2.9073946475982666
1997-06-12,2.9466822147369385
1997-06-13,2.9466822147369385
1997-06-16,2.868104696273804
1997-06-17,2.8288166522979736
1997-06-18,2.8288166522979736
1997-06-19,2.8288166522979736
1997-06-20,2.8288166522979736
1997-06-23,2.868104696273804
1997-06-24,2.868104696273804
1997-06-25,2.8288166522979736
1997-06-26,2.8877508640289307
1997-06-27,2.868104696273804
1997-06-30,2.8484604358673096
1997-07-01,2.868104696273804
1997-07-02,2.9270389080047607
1997-07-03,2.966329336166382
1997-07-07,2.9270389080047607
1997-07-08,2.9270389080047607
1997-07-09,2.868104696273804
1997-07-10,2.868104696273804
1997-07-11,2.868104696273804
1997-07-14,2.9073946475982666
1997-07-15,2.9073946475982666
1997-07-16,2.9073946475982666
1997-07-17,2.868104696273804
1997-07-18,2.8484604358673096
1997-07-21,2.8288166522979736
1997-07-22,2.769882917404175
1997-07-23,2.8288166522979736
1997-07-24,2.8288166522979736
1997-07-25,2.8484604358673096
1997-07-28,2.8484604358673096
1997-07-29,2.8484604358673096
1997-07-30,2.9466822147369385
1997-07-31,3.005617618560791
1997-08-01,3.005617618560791
1997-08-04,3.1234846115112305
1997-08-05,3.1234846115112305
1997-08-06,3.103839635848999
1997-08-07,3.3199312686920166
1997-08-08,3.221707582473755
1997-08-11,3.241352081298828
1997-08-12,3.241352081298828
1997-08-13,3.202064037322998
1997-08-14,3.221707582473755
1997-08-15,3.103839635848999
1997-08-18,3.084196090698242
1997-08-19,3.1234846115112305
1997-08-20,3.1234846115112305
1997-08-21,3.103839635848999
1997-08-22,3.143129110336304
1997-08-25,3.339573860168457
1997-08-26,3.300285816192627
1997-08-27,3.260994672775269
1997-08-28,3.221707582473755
1997-08-29,3.162774085998535
1997-09-02,3.202064037322998
1997-09-03,3.202064037322998
1997-09-04,3.241352081298828
1997-09-05,3.1824190616607666
1997-09-08,3.241352081298828
1997-09-09,3.260994672775269
1997-09-10,3.300285816192627
1997-09-11,3.516375541687012
1997-09-12,3.4770846366882324
1997-09-15,3.359220504760742
1997-09-16,3.3985090255737305
1997-09-17,3.359220504760742
1997-09-18,3.339573860168457
1997-09-19,3.3199312686920166
1997-09-22,3.260994672775269
1997-09-23,3.300285816192627
1997-09-24,3.300285816192627
1997-09-25,3.241352081298828
1997-09-26,3.339573860168457
1997-09-29,3.496729850769043
1997-09-30,3.634244918823242
1997-10-01,3.634244918823242
1997-10-02,3.634244918823242
1997-10-03,3.673532962799072
1997-10-06,3.752110958099365
1997-10-07,3.752110958099365
1997-10-08,3.7253031730651855
1997-10-09,3.685883045196533
1997-10-10,3.685883045196533
1997-10-13,3.745013475418091
1997-10-14,3.666171550750733
1997-10-15,3.646461725234986
1997-10-16,3.666171550750733
1997-10-17,3.488775968551636
1997-10-20,3.6070396900177
1997-10-21,3.666171550750733
1997-10-22,3.6267497539520255
1997-10-23,3.567619800567627
1997-10-24,3.567619800567627
1997-10-27,3.1536953449249268
1997-10-28,3.508486270904541
1997-10-29,3.6267497539520255
1997-10-30,3.409934759140014
1997-10-31,3.587329149246216
1997-11-03,3.6070396900177
1997-11-04,3.5479071140289307
1997-11-05,3.469064950942993
1997-11-06,3.508486270904541
1997-11-07,3.469064950942993
1997-11-10,3.4296441078186035
1997-11-11,3.469064950942993
1997-11-12,3.488775968551636
1997-11-13,3.469064950942993
1997-11-14,3.4296441078186035
1997-11-17,3.508486270904541
1997-11-18,3.469064950942993
1997-11-19,3.3902230262756348
1997-11-20,3.488775968551636
1997-11-21,3.528198003768921
1997-11-24,3.567619800567627
1997-11-25,3.666171550750733
1997-11-26,3.705591917037964
1997-11-28,3.745013475418091
1997-12-01,3.745013475418091
1997-12-02,3.7253031730651855
1997-12-03,3.705591917037964
1997-12-04,3.7253031730651855
1997-12-05,3.7253031730651855
1997-12-08,3.7253031730651855
1997-12-09,3.745013475418091
1997-12-10,3.666171550750733
1997-12-11,3.823856830596924
1997-12-12,3.705591917037964
1997-12-15,3.685883045196533
1997-12-16,3.685883045196533
1997-12-17,3.587329149246216
1997-12-18,3.508486270904541
1997-12-19,3.469064950942993
1997-12-22,3.528198003768921
1997-12-23,3.469064950942993
1997-12-24,3.449354648590088
1997-12-26,3.469064950942993
1997-12-29,3.508486270904541
1997-12-30,3.7253031730651855
1997-12-31,3.942120313644409
1998-01-02,3.7253031730651855
1998-01-05,3.78443455696106
1998-01-06,3.8041484355926514
1998-01-07,3.843568801879883
1998-01-08,3.843568801879883
1998-01-09,3.823856830596924
1998-01-12,3.823856830596924
1998-01-13,3.942120313644409
1998-01-14,3.981541395187378
1998-01-15,4.0012526512146
1998-01-16,4.060384750366211
1998-01-20,4.0012526512146
1998-01-21,4.0012526512146
1998-01-22,4.0012526512146
1998-01-23,3.981541395187378
1998-01-26,3.9026999473571777
1998-01-27,3.981541395187378
1998-01-28,4.060384750366211
1998-01-29,4.060384750366211
1998-01-30,4.020962715148926
1998-02-02,4.060384750366211
1998-02-03,4.080095291137695
1998-02-04,4.158936977386475
1998-02-05,4.198360443115234
1998-02-06,4.139225959777832
1998-02-09,4.17864990234375
1998-02-10,4.139225959777832
1998-02-11,4.198360443115234
1998-02-12,4.158936977386475
1998-02-13,4.17864990234375
1998-02-17,4.158936977386475
1998-02-18,4.17864990234375
1998-02-19,4.198360443115234
1998-02-20,4.237776756286621
1998-02-23,4.218067646026611
1998-02-24,4.17864990234375
1998-02-25,4.218067646026611
1998-02-26,4.257489204406738
1998-02-27,4.257489204406738
1998-03-02,4.296911239624023
1998-03-03,4.218067646026611
1998-03-04,4.277202129364014
1998-03-05,4.17864990234375
1998-03-06,4.277202129364014
1998-03-09,4.375754833221436
1998-03-10,4.454596519470215
1998-03-11,4.395463943481445
1998-03-12,4.395463943481445
1998-03-13,4.375754833221436
1998-03-16,4.375754833221436
1998-03-17,4.41517448425293
1998-03-18,4.434886932373047
1998-03-19,4.474306106567383
1998-03-20,4.631991386413574
1998-03-23,4.6122822761535645
1998-03-24,4.7502546310424805
1998-03-25,4.572859287261963
1998-03-26,4.769967079162598
1998-03-27,4.888230323791504
1998-03-30,4.907939434051514
1998-03-31,4.907939434051514
1998-04-01,4.888230323791504
1998-04-02,4.8488078117370605
1998-04-03,5.045914649963379
1998-04-06,5.006493091583252
1998-04-07,5.019138336181641
1998-04-08,5.078420639038086
1998-04-09,5.295784950256348
1998-04-13,5.315544128417969
1998-04-14,5.453870296478272
1998-04-15,5.59219217300415
1998-04-16,5.374827861785889
1998-04-17,5.374827861785889
1998-04-20,5.1969828605651855
1998-04-21,5.177224159240723
1998-04-22,5.236505031585693
1998-04-23,5.177224159240723
1998-04-24,4.861057281494141
1998-04-27,4.861057281494141
1998-04-28,4.959855556488037
1998-04-29,4.999378681182861
1998-04-30,5.058661937713623
1998-05-01,5.038900375366211
1998-05-04,5.019138336181641
1998-05-05,5.019138336181641
1998-05-06,5.117942810058594
1998-05-07,5.038900375366211
1998-05-08,4.979619979858398
1998-05-11,4.821536064147949
1998-05-12,4.880817890167236
1998-05-13,4.821536064147949
1998-05-14,4.940096855163574
1998-05-15,4.782015323638916
1998-05-18,4.782015323638916
1998-05-19,4.8412957191467285
1998-05-20,4.8412957191467285
1998-05-21,4.782015323638916
1998-05-22,4.742495059967041
1998-05-26,4.623931884765625
1998-05-27,4.663454532623291
1998-05-28,4.821536064147949
1998-05-29,4.880817890167236
1998-06-01,4.959855556488037
1998-06-02,4.979619979858398
1998-06-03,4.999378681182861
1998-06-04,5.058661937713623
1998-06-05,5.117942810058594
1998-06-08,5.019138336181641
1998-06-09,4.999378681182861
1998-06-10,4.880817890167236
1998-06-11,4.8412957191467285
1998-06-12,4.880817890167236
1998-06-15,4.801777362823486
1998-06-16,4.8412957191467285
1998-06-17,4.880817890167236
1998-06-18,4.940096855163574
1998-06-19,5.157464504241943
1998-06-22,5.078420639038086
1998-06-23,4.959855556488037
1998-06-24,5.098179817199707
1998-06-25,5.038900375366211
1998-06-26,5.038900375366211
1998-06-29,5.078420639038086
1998-06-30,5.019138336181641
1998-07-01,5.236505031585693
1998-07-02,5.256263256072998
1998-07-06,5.374827861785889
1998-07-07,5.315544128417969
1998-07-08,5.394587993621826
1998-07-09,5.434110641479492
1998-07-10,5.671231269836426
1998-07-13,5.611950397491455
1998-07-14,5.651471614837647
1998-07-15,5.513150691986084
1998-07-16,5.532909870147705
1998-07-17,5.493387699127197
1998-07-20,5.47362756729126
1998-07-21,5.414346218109131
1998-07-22,5.434110641479492
1998-07-23,5.434110641479492
1998-07-24,5.434110641479492
1998-07-27,5.355068206787109
1998-07-28,5.335305213928223
1998-07-29,5.177224159240723
1998-07-30,5.414346218109131
1998-07-31,5.47362756729126
1998-08-03,5.532909870147705
1998-08-04,5.315544128417969
1998-08-05,5.394587993621826
1998-08-06,5.414346218109131
1998-08-07,5.493387699127197
1998-08-10,5.453870296478272
1998-08-11,5.058661937713623
1998-08-12,5.256263256072998
1998-08-13,5.137701988220215
1998-08-14,5.1969828605651855
1998-08-17,5.276023864746094
1998-08-18,5.1969828605651855
1998-08-19,5.1969828605651855
1998-08-20,5.295784950256348
1998-08-21,5.1969828605651855
1998-08-24,5.117942810058594
1998-08-25,5.295784950256348
1998-08-26,5.177224159240723
1998-08-27,5.038900375366211
1998-08-28,4.900575637817383
1998-08-31,4.900575637817383
1998-09-01,4.940096855163574
1998-09-02,4.979619979858398
1998-09-03,4.861057281494141
1998-09-04,4.999378681182861
1998-09-08,5.117942810058594
1998-09-09,5.157464504241943
1998-09-10,4.999378681182861
1998-09-11,4.940096855163574
1998-09-14,4.979619979858398
1998-09-15,4.979619979858398
1998-09-16,5.078420639038086
1998-09-17,5.1969828605651855
1998-09-18,5.236505031585693
1998-09-21,5.137701988220215
1998-09-22,5.1969828605651855
1998-09-23,5.493387699127197
1998-09-24,5.552669525146484
1998-09-25,5.276023864746094
1998-09-28,4.959855556488037
1998-09-29,5.058661937713623
1998-09-30,5.058661937713623
1998-10-01,5.058661937713623
1998-10-02,4.999378681182861
1998-10-05,4.959855556488037
1998-10-06,4.959855556488037
1998-10-07,4.853669166564941
1998-10-08,4.714992523193359
1998-10-09,4.536698341369629
1998-10-12,4.615940570831299
1998-10-13,4.655562877655029
1998-10-14,4.675374507904053
1998-10-15,4.833859920501709
1998-10-16,4.833859920501709
1998-10-19,4.932916164398193
1998-10-20,5.091403484344482
1998-10-21,5.111210823059082
1998-10-22,5.091403484344482
1998-10-23,5.071593284606934
1998-10-26,5.111210823059082
1998-10-27,5.150835037231445
1998-10-28,5.24989128112793
1998-10-29,5.329132556915283
1998-10-30,5.230079174041748
1998-11-02,5.388566970825195
1998-11-03,5.467810153961182
1998-11-04,5.269699573516846
1998-11-05,5.309319019317627
1998-11-06,5.348943710327148
1998-11-09,5.329132556915283
1998-11-10,5.329132556915283
1998-11-11,5.24989128112793
1998-11-12,5.24989128112793
1998-11-13,5.210269451141357
1998-11-16,5.230079174041748
1998-11-17,5.269699573516846
1998-11-18,5.190460205078125
1998-11-19,5.1310248374938965
1998-11-20,5.1310248374938965
1998-11-23,5.150835037231445
1998-11-24,5.111210823059082
1998-11-25,5.111210823059082
1998-11-27,5.111210823059082
1998-11-30,5.01215934753418
1998-12-01,5.1310248374938965
1998-12-02,5.368757247924805
1998-12-03,5.24989128112793
1998-12-04,5.388566970825195
1998-12-07,5.527245044708252
1998-12-08,5.547053813934326
1998-12-09,5.705541610717773
1998-12-10,5.8442158699035645
1998-12-11,5.903646945953369
1998-12-14,5.864027500152588
1998-12-15,5.705541610717773
1998-12-16,5.6461052894592285
1998-12-17,5.824409008026123
1998-12-18,5.725351333618164
1998-12-21,5.784783840179443
1998-12-22,5.665918827056885
1998-12-23,5.6262969970703125
1998-12-24,5.6262969970703125
1998-12-28,5.408377647399902
1998-12-29,5.58667516708374
1998-12-30,5.58667516708374
1998-12-31,5.705541610717773
1999-01-04,5.665918827056885
1999-01-05,5.685731410980225
1999-01-06,5.725351333618164
1999-01-07,5.685731410980225
1999-01-08,5.665918827056885
1999-01-11,5.705541610717773
1999-01-12,5.705541610717773
1999-01-13,5.824409008026123
1999-01-14,5.804595947265625
1999-01-15,5.943271636962891
1999-01-19,6.280057907104492
1999-01-20,6.081949710845947
1999-01-21,5.903646945953369
1999-01-22,5.864027500152588
1999-01-25,6.002706527709961
1999-01-26,5.824409008026123
1999-01-27,5.883837699890137
1999-01-28,5.943271636962891
1999-01-29,5.943271636962891
1999-02-01,5.903646945953369
1999-02-02,5.903646945953369
1999-02-03,5.903646945953369
1999-02-04,5.864027500152588
1999-02-05,5.864027500152588
1999-02-08,5.943271636962891
1999-02-09,5.9234619140625
1999-02-10,6.299870491027832
1999-02-11,6.577219486236572
1999-02-12,6.24043607711792
1999-02-16,6.577219486236572
1999-02-17,6.43854284286499
1999-02-18,6.61684513092041
1999-02-19,6.676273822784424
1999-02-22,6.874385833740234
1999-02-23,7.11211633682251
1999-02-24,6.973438739776611
1999-02-25,7.11211633682251
1999-02-26,6.973438739776611
1999-03-01,7.151732921600342
1999-03-02,6.973438739776611
1999-03-03,6.9338154792785645
1999-03-04,6.874385833740234
1999-03-05,6.715898513793945
1999-03-08,6.715898513793945
1999-03-09,6.735707759857178
1999-03-10,6.656466960906982
1999-03-11,6.894191265106201
1999-03-12,6.973438739776611
1999-03-15,6.953629493713379
1999-03-16,6.914007186889648
1999-03-17,6.9338154792785645
1999-03-18,6.854572296142578
1999-03-19,6.834762096405029
1999-03-22,6.656466960906982
1999-03-23,6.359300136566162
1999-03-24,6.43854284286499
1999-03-25,6.61684513092041
1999-03-26,6.517786502838135
1999-03-29,6.914007186889648
1999-03-30,6.418733596801758
1999-03-31,6.53759765625
1999-04-01,6.735707759857178
1999-04-05,6.894191265106201
1999-04-06,6.676273822784424
1999-04-07,6.6033034324646
1999-04-08,6.523983955383301
1999-04-09,6.484323501586914
1999-04-12,6.484323501586914
1999-04-13,6.46449613571167
1999-04-14,6.6033034324646
1999-04-15,6.623129844665527
1999-04-16,6.58347225189209
1999-04-19,6.662792205810547
1999-04-20,6.702453136444092
1999-04-21,6.722280502319336
1999-04-22,6.7619404792785645
1999-04-23,6.980064392089844
1999-04-26,6.999893665313721
1999-04-27,7.198194980621338
1999-04-28,7.158534526824951
1999-04-29,6.801597595214844
1999-04-30,7.079214096069336
1999-05-03,7.376660823822021
1999-05-04,7.297342300415039
1999-05-05,7.158534526824951
1999-05-06,7.237853527069092
1999-05-07,7.118875503540039
1999-05-10,7.118875503540039
1999-05-11,7.237853527069092
1999-05-12,7.218019962310791
1999-05-13,7.118875503540039
1999-05-14,7.178361415863037
1999-05-17,7.059382915496826
1999-05-18,6.980064392089844
1999-05-19,7.099045753479004
1999-05-20,7.079214096069336
1999-05-21,7.059382915496826
1999-05-24,6.7619404792785645
1999-05-25,6.781772136688232
1999-05-26,6.821427822113037
1999-05-27,6.642959117889404
1999-05-28,6.7619404792785645
1999-06-01,6.7421064376831055
1999-06-02,6.662792205810547
1999-06-03,6.841257095336914
1999-06-04,7.059382915496826
1999-06-07,7.138701915740967
1999-06-08,7.079214096069336
1999-06-09,7.019729137420654
1999-06-10,6.980064392089844
1999-06-11,7.237853527069092
1999-06-14,7.118875503540039
1999-06-15,7.059382915496826
1999-06-16,7.099045753479004
1999-06-17,6.861088752746582
1999-06-18,7.059382915496826
1999-06-21,7.099045753479004
1999-06-22,6.999893665313721
1999-06-23,6.781772136688232
1999-06-24,6.722280502319336
1999-06-25,6.821427822113037
1999-06-28,6.980064392089844
1999-06-29,7.079214096069336
1999-06-30,6.920578956604004
1999-07-01,6.980064392089844
1999-07-02,6.940408229827881
1999-07-06,6.880918502807617
1999-07-07,6.920578956604004
1999-07-08,6.900746822357178
1999-07-09,7.039556980133057
1999-07-12,6.821427822113037
1999-07-13,6.781772136688232
1999-07-14,6.940408229827881
1999-07-15,7.019729137420654
1999-07-16,7.138701915740967
1999-07-19,7.039556980133057
1999-07-20,6.9602370262146
1999-07-21,6.900746822357178
1999-07-22,6.662792205810547
1999-07-23,6.702453136444092
1999-07-26,6.702453136444092
1999-07-27,6.861088752746582
1999-07-28,6.861088752746582
1999-07-29,6.841257095336914
1999-07-30,6.920578956604004
1999-08-02,6.504153251647949
1999-08-03,6.365344524383545
1999-08-04,6.484323501586914
1999-08-05,6.4050068855285645
1999-08-06,6.30585527420044
1999-08-09,6.107558250427246
1999-08-10,5.988580226898193
1999-08-11,6.246365547180176
1999-08-12,6.008411407470703
1999-08-13,6.048068046569824
1999-08-16,5.889430046081543
1999-08-17,5.869602680206299
1999-08-18,5.770452976226807
1999-08-19,5.889430046081543
1999-08-20,5.929090023040772
1999-08-23,5.968751430511475
1999-08-24,5.710963726043701
1999-08-25,5.710963726043701
1999-08-26,5.671304225921631
1999-08-27,5.631644248962402
1999-08-30,5.413517951965332
1999-08-31,4.957433700561523
1999-09-01,5.334197998046875
1999-09-02,5.433347225189209
1999-09-03,5.393687725067139
1999-09-07,5.393687725067139
1999-09-08,5.373857975006104
1999-09-09,5.314370155334473
1999-09-10,5.671304225921631
1999-09-13,5.591985702514648
1999-09-14,5.8299407958984375
1999-09-15,6.048068046569824
1999-09-16,5.730792045593262
1999-09-17,5.869602680206299
1999-09-20,5.730792045593262
1999-09-21,5.750622749328613
1999-09-22,5.710963726043701
1999-09-23,5.790282249450684
1999-09-24,5.968751430511475
1999-09-27,5.988580226898193
1999-09-28,5.909258365631104
1999-09-29,5.909258365631104
1999-09-30,6.206706523895264
1999-10-01,6.107558250427246
1999-10-04,6.325684547424316
1999-10-05,6.266195297241211
1999-10-06,6.457741737365723
1999-10-07,6.29878044128418
1999-10-08,6.338523387908936
1999-10-11,6.278913497924805
1999-10-12,6.31865119934082
1999-10-13,6.159695148468018
1999-10-14,6.199432373046875
1999-10-15,6.000731945037842
1999-10-18,6.119953632354736
1999-10-19,6.259041786193848
1999-10-20,6.278913497924805
1999-10-21,6.179564476013184
1999-10-22,6.1000800132751465
1999-10-25,5.821901798248291
1999-10-26,5.762295246124268
1999-10-27,5.841772556304932
1999-10-28,5.941125869750977
1999-10-29,6.060342311859131
1999-11-01,5.980865001678467
1999-11-02,6.080213069915772
1999-11-03,6.1000800132751465
1999-11-04,6.278913497924805
1999-11-05,6.259041786193848
1999-11-08,6.437874794006348
1999-11-09,6.139822959899902
1999-11-10,6.159695148468018
1999-11-11,6.199432373046875
1999-11-12,6.259041786193848
1999-11-15,6.31865119934082
1999-11-16,6.278913497924805
1999-11-17,6.159695148468018
1999-11-18,5.980865001678467
1999-11-19,5.722552299499512
1999-11-22,5.7523603439331055
1999-11-23,5.583463191986084
1999-11-24,5.46424674987793
1999-11-26,5.444373607635498
1999-11-29,5.682816028594971
1999-11-30,5.662944316864014
1999-12-01,5.682816028594971
1999-12-02,5.5039825439453125
1999-12-03,5.70268440246582
1999-12-06,5.603332996368408
1999-12-07,5.543723583221436
1999-12-08,5.48411226272583
1999-12-09,5.265543460845947
1999-12-10,5.245673656463623
1999-12-13,5.186062812805176
1999-12-14,5.245673656463623
1999-12-15,5.205934524536133
1999-12-16,5.066844940185547
1999-12-17,5.444373607635498
1999-12-20,5.722552299499512
1999-12-21,5.46424674987793
1999-12-22,5.5039825439453125
1999-12-23,5.583463191986084
1999-12-27,5.662944316864014
1999-12-28,5.682816028594971
1999-12-29,5.583463191986084
1999-12-30,5.643072605133057
1999-12-31,5.762295246124268
2000-01-03,5.5039825439453125
2000-01-04,5.46424674987793
2000-01-05,5.662944316864014
2000-01-06,5.603332996368408
2000-01-07,5.523852825164795
2000-01-10,5.563593864440918
2000-01-11,5.782163619995117
2000-01-12,5.583463191986084
2000-01-13,5.921252727508545
2000-01-14,6.000731945037842
2000-01-18,5.921252727508545
2000-01-19,5.821901798248291
2000-01-20,5.603332996368408
2000-01-21,5.583463191986084
2000-01-24,5.444373607635498
2000-01-25,5.285412311553955
2000-01-26,5.265543460845947
2000-01-27,5.245673656463623
2000-01-28,5.007232189178467
2000-01-31,5.046972751617432
2000-02-01,4.888011455535889
2000-02-02,5.027103900909424
2000-02-03,5.146324634552002
2000-02-04,5.325155258178711
2000-02-07,5.106583595275879
2000-02-08,5.205934524536133
2000-02-09,5.027103900909424
2000-02-10,5.046972751617432
2000-02-11,4.947625160217285
2000-02-14,4.808535099029541
2000-02-15,4.888011455535889
2000-02-16,4.709184646606445
2000-02-17,4.689316749572754
2000-02-18,4.589964866638184
2000-02-22,4.570094585418701
2000-02-23,4.490612983703613
2000-02-24,4.351524353027344
2000-02-25,4.31178617477417
2000-02-28,4.291915416717529
2000-02-29,4.192564964294434
2000-03-01,4.331654071807861
2000-03-02,4.272045612335205
2000-03-03,4.31178617477417
2000-03-06,4.31178617477417
2000-03-07,4.013735294342041
2000-03-08,3.993866205215454
2000-03-09,4.07334566116333
2000-03-10,4.113085746765137
2000-03-13,4.07334566116333
2000-03-14,4.07334566116333
2000-03-15,4.31178617477417
2000-03-16,4.530353546142578
2000-03-17,4.431005954742432
2000-03-20,4.530353546142578
2000-03-21,4.629702568054199
2000-03-22,4.570094585418701
2000-03-23,4.669445037841797
2000-03-24,4.808535099029541
2000-03-27,4.848273754119873
2000-03-28,5.245673656463623
2000-03-29,5.46424674987793
2000-03-30,5.603332996368408
2000-03-31,5.662944316864014
2000-04-03,5.643072605133057
2000-04-04,5.802033424377441
2000-04-05,5.941125869750977
2000-04-06,5.774655342102051
2000-04-07,5.734826564788818
2000-04-10,5.894132137298584
2000-04-11,5.914041042327881
2000-04-12,5.993695259094238
2000-04-13,5.75474214553833
2000-04-14,5.515788555145264
2000-04-17,5.595442771911621
2000-04-18,5.5556159019470215
2000-04-19,5.695003986358643
2000-04-20,6.053430557250977
2000-04-24,6.013605117797852
2000-04-25,6.133081912994385
2000-04-26,6.133081912994385
2000-04-27,5.933954238891602
2000-04-28,5.894132137298584
2000-05-01,5.814478874206543
2000-05-02,5.734826564788818
2000-05-03,5.475968837738037
2000-05-04,5.495877265930176
2000-05-05,5.774655342102051
2000-05-08,5.635267734527588
2000-05-09,5.734826564788818
2000-05-10,5.75474214553833
2000-05-11,5.933954238891602
2000-05-12,5.914041042327881
2000-05-15,5.8742194175720215
2000-05-16,6.093255043029785
2000-05-17,5.953868865966797
2000-05-18,5.953868865966797
2000-05-19,5.834390163421631
2000-05-22,5.834390163421631
2000-05-23,5.97377872467041
2000-05-24,6.1131672859191895
2000-05-25,5.914041042327881
2000-05-26,6.013605117797852
2000-05-30,5.854302883148193
2000-05-31,5.475968837738037
2000-06-01,5.4162278175354
2000-06-02,5.3963165283203125
2000-06-05,5.33657693862915
2000-06-06,5.33657693862915
2000-06-07,5.356489658355713
2000-06-08,5.356489658355713
2000-06-09,5.276838302612305
2000-06-12,5.276838302612305
2000-06-13,5.276838302612305
2000-06-14,5.237016201019287
2000-06-15,5.356489658355713
2000-06-16,5.3963165283203125
2000-06-19,5.197188377380371
2000-06-20,5.037888050079346
2000-06-21,4.998060703277588
2000-06-22,5.734826564788818
2000-06-23,5.296749591827393
2000-06-26,5.237016201019287
2000-06-27,5.276838302612305
2000-06-28,5.042865753173828
2000-06-29,5.157364368438721
2000-06-30,5.177275657653809
2000-07-03,5.237016201019287
2000-07-05,5.217101573944092
2000-07-06,5.3963165283203125
2000-07-07,5.5556159019470215
2000-07-10,5.456050872802734
2000-07-11,5.635267734527588
2000-07-12,5.615353107452393
2000-07-13,5.515788555145264
2000-07-14,5.495877265930176
2000-07-17,5.535701751708984
2000-07-18,5.4162278175354
2000-07-19,5.4162278175354
2000-07-20,5.456050872802734
2000-07-21,5.436140537261963
2000-07-24,5.4162278175354
2000-07-25,5.3963165283203125
2000-07-26,5.834390163421631
2000-07-27,5.695003986358643
2000-07-28,5.495877265930176
2000-07-31,5.197188377380371
2000-08-01,5.356489658355713
2000-08-02,5.316664695739746
2000-08-03,5.296749591827393
2000-08-04,5.575527191162109
2000-08-07,5.515788555145264
2000-08-08,5.456050872802734
2000-08-09,5.376403331756592
2000-08-10,5.356489658355713
2000-08-11,5.356489658355713
2000-08-14,5.3963165283203125
2000-08-15,5.33657693862915
2000-08-16,5.3963165283203125
2000-08-17,5.436140537261963
2000-08-18,5.436140537261963
2000-08-21,5.5556159019470215
2000-08-22,5.5556159019470215
2000-08-23,5.356489658355713
2000-08-24,5.535701751708984
2000-08-25,5.75474214553833
2000-08-28,5.595442771911621
2000-08-29,5.595442771911621
2000-08-30,5.575527191162109
2000-08-31,5.6402435302734375
2000-09-01,5.714916229248047
2000-09-05,5.635267734527588
2000-09-06,5.695003986358643
2000-09-07,5.535701751708984
2000-09-08,5.515788555145264
2000-09-11,5.515788555145264
2000-09-12,5.495877265930176
2000-09-13,5.575527191162109
2000-09-14,5.456050872802734
2000-09-15,5.695003986358643
2000-09-18,5.495877265930176
2000-09-19,5.515788555145264
2000-09-20,5.914041042327881
2000-09-21,6.411857128143311
2000-09-22,6.471593856811523
2000-09-25,6.4915080070495605
2000-09-26,6.551247596740723
2000-09-27,6.531331539154053
2000-09-28,6.690632343292236
2000-09-29,6.63089656829834
2000-10-02,6.690632343292236
2000-10-03,6.670721054077148
2000-10-04,6.710546016693115
2000-10-05,6.882917881011963
2000-10-06,6.78316593170166
2000-10-09,6.723313331604004
2000-10-10,6.78316593170166
2000-10-11,6.823066711425781
2000-10-12,6.543758392333984
2000-10-13,6.683413505554199
2000-10-16,6.922819137573242
2000-10-17,6.683413505554199
2000-10-18,6.743266105651856
2000-10-19,6.6435136795043945
2000-10-20,6.862966060638428
2000-10-23,7.142271995544434
2000-10-24,7.082422733306885
2000-10-25,6.902865886688232
2000-10-26,6.703363418579102
2000-10-27,7.162228107452393
2000-10-30,7.142271995544434
2000-10-31,7.182173728942871
2000-11-01,7.182173728942871
2000-11-02,7.142271995544434
2000-11-03,7.641035556793213
2000-11-06,7.501382350921631
2000-11-07,7.341782093048096
2000-11-08,7.281928539276123
2000-11-09,7.261977672576904
2000-11-10,7.341782093048096
2000-11-13,7.561234474182129
2000-11-14,7.501382350921631
2000-11-15,7.581186294555664
2000-11-16,7.641035556793213
2000-11-17,7.840542316436768
2000-11-20,8.079944610595703
2000-11-21,8.219598770141602
2000-11-22,8.299405097961426
2000-11-24,8.259506225585938
2000-11-27,8.319355010986328
2000-11-28,8.299405097961426
2000-11-29,8.319355010986328
2000-11-30,8.41910457611084
2000-12-01,8.478959083557129
2000-12-04,8.498906135559082
2000-12-05,8.299405097961426
2000-12-06,8.199650764465332
2000-12-07,8.199650764465332
2000-12-08,8.119847297668457
2000-12-11,7.940294742584228
2000-12-12,7.980197429656982
2000-12-13,8.00014591217041
2000-12-14,7.980197429656982
2000-12-15,7.900391101837158
2000-12-18,8.179701805114746
2000-12-19,7.860489368438721
2000-12-20,7.401630401611328
2000-12-21,7.501382350921631
2000-12-22,7.142271995544434
2000-12-26,6.743266105651856
2000-12-27,7.182173728942871
2000-12-28,7.341782093048096
2000-12-29,7.301881313323975
2001-01-02,7.222074508666992
2001-01-03,7.281928539276123
2001-01-04,7.222074508666992
2001-01-05,7.182173728942871
2001-01-08,7.162228107452393
2001-01-09,7.042523384094238
2001-01-10,6.743266105651856
2001-01-11,6.583660125732422
2001-01-12,6.463958263397217
2001-01-16,6.543758392333984
2001-01-17,6.50385856628418
2001-01-18,6.483907222747803
2001-01-19,6.50385856628418
2001-01-22,6.543758392333984
2001-01-23,6.683413505554199
2001-01-24,6.663464069366455
2001-01-25,6.743266105651856
2001-01-26,6.623562335968018
2001-01-29,6.700172424316406
2001-01-30,6.815088272094727
2001-01-31,6.898082733154297
2001-02-01,6.709747314453125
2001-02-02,6.380964279174805
2001-02-05,6.288394927978516
2001-02-06,6.665060043334961
2001-02-07,7.150256633758545
2001-02-08,6.882122039794922
2001-02-09,7.060876369476318
2001-02-12,7.12152910232544
2001-02-13,6.984265804290772
2001-02-14,6.942772388458252
2001-02-15,7.032148361206055
2001-02-16,7.032148361206055
2001-02-20,6.968305587768555
2001-02-21,6.78316593170166
2001-02-22,6.6459059715271
2001-02-23,6.703363418579102
2001-02-26,6.712940216064453
2001-02-27,6.770400047302246
2001-02-28,6.9363861083984375
2001-03-01,6.933194160461426
2001-03-02,6.952343463897705
2001-03-05,6.773587703704834
2001-03-06,6.776782989501953
2001-03-07,7.341782093048096
2001-03-08,7.469461917877197
2001-03-09,7.440730571746826
2001-03-12,7.498190402984619
2001-03-13,7.383275032043457
2001-03-14,7.306663513183594
2001-03-15,7.389661312103271
2001-03-16,7.4375457763671875
2001-03-19,7.584375858306885
2001-03-20,7.396044731140137
2001-03-21,7.348163604736328
2001-03-22,7.357739448547363
2001-03-23,7.434350490570068
2001-03-26,7.609914779663086
2001-03-27,7.724828243255615
2001-03-28,7.6514129638671875
2001-03-29,7.6514129638671875
2001-03-30,7.581186294555664
2001-04-02,7.660988330841064
2001-04-03,7.479040145874023
2001-04-04,7.565228462219238
2001-04-05,7.6929097175598145
2001-04-06,7.635351181030273
2001-04-09,8.070201873779297
2001-04-10,8.124553680419922
2001-04-11,7.999855518341064
2001-04-12,7.980671405792236
2001-04-16,8.159725189208984
2001-04-17,8.40911865234375
2001-04-18,8.43470287322998
2001-04-19,8.325989723205566
2001-04-20,8.37075424194336
2001-04-23,8.43470287322998
2001-04-24,8.345172882080078
2001-04-25,8.607358932495117
2001-04-26,8.55300521850586
2001-04-27,8.664911270141602
2001-04-30,8.732056617736816
2001-05-01,8.664911270141602
2001-05-02,8.50504207611084
2001-05-03,8.325989723205566
2001-05-04,8.74164867401123
2001-05-07,8.879135131835938
2001-05-08,8.991047859191895
2001-05-09,9.256427764892578
2001-05-10,8.997440338134766
2001-05-11,8.882333755493164
2001-05-14,8.764032363891602
2001-05-15,8.997440338134766
2001-05-16,9.086966514587402
2001-05-17,9.253236770629885
2001-05-18,9.192476272583008
2001-05-21,9.272415161132812
2001-05-22,9.355550765991213
2001-05-23,9.176496505737305
2001-05-24,9.134926795959473
2001-05-25,9.240439414978027
2001-05-29,9.112547874450684
2001-05-30,9.17969036102295
2001-05-31,8.920703887939453
2001-06-01,8.792806625366211
2001-06-04,8.818392753601074
2001-06-05,8.792806625366211
2001-06-06,8.444295883178711
2001-06-07,8.194896697998047
2001-06-08,8.137344360351562
2001-06-11,8.188498497009277
2001-06-12,8.182106018066406
2001-06-13,8.20129108428955
2001-06-14,8.01904010772705
2001-06-15,7.939108371734619
2001-06-18,7.983867645263672
2001-06-19,8.031832695007324
2001-06-20,8.252449989318848
2001-06-21,8.341980934143066
2001-06-22,8.121358871459961
2001-06-25,8.102173805236816
2001-06-26,8.425107955932617
2001-06-27,8.664911270141602
2001-06-28,9.272415161132812
2001-06-29,8.920703887939453
2001-07-02,9.083769798278809
2001-07-03,9.170098304748535
2001-07-05,9.198880195617676
2001-07-06,8.975058555603027
2001-07-09,9.22445297241211
2001-07-10,9.157309532165527
2001-07-11,9.37153434753418
2001-07-12,9.566576957702637
2001-07-13,9.448272705078123
2001-07-16,9.803181648254396
2001-07-17,10.228433609008787
2001-07-18,9.892708778381348
2001-07-19,9.908699035644531
2001-07-20,10.11333179473877
2001-07-23,10.180471420288086
2001-07-24,9.79678726196289
2001-07-25,9.815969467163086
2001-07-26,9.74562931060791
2001-07-27,9.282007217407228
2001-07-30,9.560181617736816
2001-07-31,9.560181617736816
2001-08-01,9.582562446594238
2001-08-02,9.49623203277588
2001-08-03,9.659296035766602
2001-08-06,9.54419231414795
2001-08-07,8.616950035095215
2001-08-08,8.799202919006348
2001-08-09,8.975058555603027
2001-08-10,8.888729095458984
2001-08-13,8.799202919006348
2001-08-14,8.78001594543457
2001-08-15,8.728861808776855
2001-08-16,8.978259086608887
2001-08-17,8.856758117675781
2001-08-20,8.997440338134766
2001-08-21,9.019822120666504
2001-08-22,8.923901557922363
2001-08-23,9.032611846923828
2001-08-24,9.13173007965088
2001-08-27,9.019822120666504
2001-08-28,8.920703887939453
2001-08-29,9.039007186889648
2001-08-30,9.189286231994627
2001-08-31,9.150915145874023
2001-09-04,9.22125244140625
2001-09-05,9.218062400817873
2001-09-06,8.859951972961426
2001-09-07,8.597766876220703
2001-09-10,8.584979057312012
2001-09-17,7.951896667480469
2001-09-18,8.01904010772705
2001-09-19,7.676921844482422
2001-09-20,7.926315784454346
2001-09-21,8.092580795288086
2001-09-24,8.40911865234375
2001-09-25,8.319594383239746
2001-09-26,8.338777542114258
2001-09-27,8.297213554382324
2001-09-28,8.393132209777832
2001-10-01,8.156529426574707
2001-10-02,8.242860794067383
2001-10-03,9.051797866821287
2001-10-04,9.374733924865724
2001-10-05,9.554028511047363
2001-10-08,9.38113784790039
2001-10-09,9.182626724243164
2001-10-10,9.46117877960205
2001-10-11,9.605257987976074
2001-10-12,9.637274742126465
2001-10-15,9.637274742126465
2001-10-16,9.710917472839355
2001-10-17,9.46758270263672
2001-10-18,9.57324504852295
2001-10-19,9.666091918945312
2001-10-22,9.653287887573242
2001-10-23,9.74293327331543
2001-10-24,9.6500825881958
2001-10-25,9.758939743041992
2001-10-26,9.983064651489258
2001-10-29,9.915828704833984
2001-10-30,9.66929531097412
2001-10-31,10.252012252807615
2001-11-01,10.063108444213867
2001-11-02,10.133543968200684
2001-11-05,10.13034725189209
2001-11-06,10.268021583557127
2001-11-07,10.24560832977295
2001-11-08,10.181572914123535
2001-11-09,10.021486282348633
2001-11-12,10.050300598144531
2001-11-13,10.05350399017334
2001-11-14,10.133543968200684
2001-11-15,10.181572914123535
2001-11-16,9.845386505126951
2001-11-19,9.94143772125244
2001-11-20,9.928634643554688
2001-11-21,9.877408027648926
2001-11-23,9.848589897155762
2001-11-26,9.845386505126951
2001-11-27,9.73012638092041
2001-11-28,9.752537727355955
2001-11-29,9.771751403808594
2001-11-30,9.84218692779541
2001-12-03,9.938238143920898
2001-12-04,10.312844276428224
2001-12-05,10.86034870147705
2001-12-06,10.693857192993164
2001-12-07,10.770694732666016
2001-12-10,10.911569595336914
2001-12-11,11.071659088134766
2001-12-12,10.754690170288086
2001-12-13,10.962800979614258
2001-12-14,11.641576766967772
2001-12-17,11.542317390441896
2001-12-18,11.558324813842772
2001-12-19,11.439863204956056
2001-12-20,11.247756004333496
2001-12-21,11.414247512817385
2001-12-24,11.439863204956056
2001-12-26,11.51670742034912
2001-12-27,11.526307106018066
2001-12-28,11.571136474609377
2001-12-31,11.334205627441406
2002-01-02,11.196529388427734
2002-01-03,11.535914421081545
2002-01-04,12.214688301086426
2002-01-07,11.910521507263184
2002-01-08,11.907316207885742
2002-01-09,11.942541122436523
2002-01-10,11.974555015563965
2002-01-11,12.009772300720217
2002-01-14,11.897706031799316
2002-01-15,11.984160423278809
2002-01-16,11.891310691833496
2002-01-17,12.2114839553833
2002-01-18,12.17626667022705
2002-01-22,12.413193702697754
2002-01-23,12.483631134033203
2002-01-24,12.365167617797852
2002-01-25,12.022582054138184
2002-01-28,12.006568908691406
2002-01-29,11.90412139892578
2002-01-30,12.630914688110352
2002-01-31,13.191217422485352
2002-02-01,12.794204711914062
2002-02-04,12.807014465332031
2002-02-05,12.947890281677246
2002-02-06,12.678939819335938
2002-02-07,12.800602912902832
2002-02-08,12.86144733428955
2002-02-11,13.216838836669922
2002-02-12,13.005523681640623
2002-02-13,12.995912551879885
2002-02-14,13.271267890930176
2002-02-15,13.13359260559082
2002-02-19,13.175213813781738
2002-02-20,13.383329391479492
2002-02-21,13.485782623291016
2002-02-22,13.620256423950195
2002-02-25,13.799553871154783
2002-02-26,13.623456001281738
2002-02-27,13.620256423950195
2002-02-28,13.537005424499512
2002-03-01,13.684284210205078
2002-03-04,13.94363498687744
2002-03-05,13.764338493347168
2002-03-06,14.087711334228516
2002-03-07,13.559420585632324
2002-03-08,13.063155174255373
2002-03-11,12.42280101776123
2002-03-12,11.97775173187256
2002-03-13,12.038588523864746
2002-03-14,12.310736656188965
2002-03-15,12.483631134033203
2002-03-18,12.630914688110352
2002-03-19,12.573281288146973
2002-03-20,12.598895072937012
2002-03-21,12.217888832092283
2002-03-22,12.109023094177246
2002-03-25,11.859292030334473
2002-03-26,12.32034397125244
2002-03-27,12.710960388183594
2002-03-28,12.995912551879885
2002-04-01,12.470826148986816
2002-04-02,12.240297317504885
2002-04-03,11.952147483825684
2002-04-04,12.253106117248535
2002-04-05,12.563677787780762
2002-04-08,12.656621932983398
2002-04-09,12.810463905334473
2002-04-10,12.880973815917969
2002-04-11,12.755975723266602
2002-04-12,12.820083618164062
2002-04-15,12.791232109069824
2002-04-16,12.62778091430664
2002-04-17,12.4739408493042
2002-04-18,12.445097923278809
2002-04-19,12.435477256774902
2002-04-22,12.634188652038574
2002-04-23,12.90981674194336
2002-04-24,12.906614303588867
2002-04-25,13.063660621643066
2002-04-26,12.733543395996094
2002-04-29,12.637391090393066
2002-04-30,12.788028717041016
2002-05-01,12.409842491149902
2002-05-02,12.634188652038574
2002-05-03,12.244775772094728
2002-05-06,12.18227767944336
2002-05-07,12.4611177444458
2002-05-08,12.172667503356934
2002-05-09,12.018818855285645
2002-05-10,11.86017894744873
2002-05-13,11.951520919799805
2002-05-14,11.970746994018556
2002-05-15,11.994787216186523
2002-05-16,11.821715354919434
2002-05-17,12.11978244781494
2002-05-20,12.042860984802246
2002-05-21,12.191898345947266
2002-05-22,12.095743179321287
2002-05-23,12.105358123779297
2002-05-24,12.033246040344238
2002-05-28,11.79768180847168
2002-05-29,11.999591827392578
2002-05-30,12.004401206970217
2002-05-31,12.081321716308594
2002-06-03,11.764023780822754
2002-06-04,11.711138725280762
2002-06-05,12.052474975585938
2002-06-06,12.114971160888672
2002-06-07,12.273624420166016
2002-06-10,12.321697235107422
2002-06-11,12.4611177444458
2002-06-12,12.42265796661377
2002-06-13,12.403427124023438
2002-06-14,12.312089920043944
2002-06-17,12.619768142700195
2002-06-18,12.917827606201172
2002-06-19,13.17263126373291
2002-06-20,12.951483726501465
2002-06-21,12.081321716308594
2002-06-24,11.557300567626951
2002-06-25,11.26404094696045
2002-06-26,11.090971946716309
2002-06-27,11.903441429138184
2002-06-28,11.874601364135742
2002-07-01,11.302501678466797
2002-07-02,11.033282279968262
2002-07-03,10.44195556640625
2002-07-05,11.139042854309082
2002-07-08,10.850594520568848
2002-07-09,10.41791534423828
2002-07-10,10.639062881469728
2002-07-11,10.470799446105955
2002-07-12,10.095809936523438
2002-07-15,9.951582908630373
2002-07-16,10.177542686462402
2002-07-17,10.129467010498049
2002-07-18,10.216004371643066
2002-07-19,9.975624084472656
2002-07-22,9.523715019226074
2002-07-23,9.855433464050291
2002-07-24,10.600603103637695
2002-07-25,11.00924587249756
2002-07-26,10.64386749267578
2002-07-29,11.095778465270996
2002-07-30,11.105396270751951
2002-07-31,11.163084983825684
2002-08-01,10.83135986328125
2002-08-02,10.33619213104248
2002-08-05,10.331381797790527
2002-08-06,10.37465000152588
2002-08-07,10.37465000152588
2002-08-08,10.639062881469728
2002-08-09,10.78809642791748
2002-08-12,10.879444122314451
2002-08-13,10.528483390808104
2002-08-14,10.70636749267578
2002-08-15,11.31211280822754
2002-08-16,11.211163520812988
2002-08-19,11.711138725280762
2002-08-20,11.235196113586426
2002-08-21,11.408270835876465
2002-08-22,11.586146354675291
2002-08-23,11.922675132751465
2002-08-26,12.023632049560549
2002-08-27,12.211126327514648
2002-08-28,12.369770050048828
2002-08-29,12.610147476196287
2002-08-30,12.321697235107422
2002-09-03,11.696717262268066
2002-09-04,12.01402187347412
2002-09-05,11.773640632629396
2002-09-06,11.9659423828125
2002-09-09,12.042860984802246
2002-09-10,11.634225845336914
2002-09-11,11.56210994720459
2002-09-12,11.17270278930664
2002-09-13,11.278465270996094
2002-09-16,11.297697067260742
2002-09-17,10.889055252075195
2002-09-18,11.321731567382812
2002-09-19,11.586146354675291
2002-09-20,11.244810104370115
2002-09-23,11.04770565032959
2002-09-24,11.081356048583984
2002-09-25,11.90825653076172
2002-09-26,12.239973068237305
2002-09-27,11.826526641845703
2002-09-30,11.653454780578612
2002-10-01,11.60056972503662
2002-10-02,11.1198148727417
2002-10-03,11.04770565032959
2002-10-04,10.80251693725586
2002-10-07,10.61502170562744
2002-10-08,11.13517951965332
2002-10-09,10.759511947631836
2002-10-10,10.566861152648926
2002-10-11,11.236322402954102
2002-10-14,11.486767768859863
2002-10-15,11.583094596862791
2002-10-16,11.308565139770508
2002-10-17,11.08220672607422
2002-10-18,11.043673515319824
2002-10-21,11.337467193603516
2002-10-22,11.197794914245604
2002-10-23,11.332643508911133
2002-10-24,11.19297981262207
2002-10-25,11.390440940856934
2002-10-28,11.087016105651855
2002-10-29,11.038853645324709
2002-10-30,9.637325286865234
2002-10-31,9.141255378723145
2002-11-01,8.958231925964355
2002-11-04,8.910072326660156
2002-11-05,9.016035079956056
2002-11-06,9.43022632598877
2002-11-07,9.362798690795898
2002-11-08,9.17496395111084
2002-11-11,9.232763290405272
2002-11-12,9.237576484680176
2002-11-13,9.208675384521484
2002-11-14,9.536187171936035
2002-11-15,9.6325101852417
2002-11-18,9.6325101852417
2002-11-19,9.752912521362305
2002-11-20,9.92148208618164
2002-11-21,10.258624076843262
2002-11-22,10.273075103759766
2002-11-25,10.42237663269043
2002-11-26,10.277894020080566
2002-11-27,10.460904121398926
2002-11-29,10.417556762695312
2002-12-02,10.48017406463623
2002-12-03,9.92148208618164
2002-12-04,9.940747261047363
2002-12-05,9.960013389587402
2002-12-06,10.008177757263184
2002-12-09,9.974464416503906
2002-12-10,9.945571899414062
2002-12-11,9.825156211853027
2002-12-12,9.878141403198242
2002-12-13,9.820343017578123
2002-12-16,9.728835105895996
2002-12-17,9.444677352905272
2002-12-18,9.85887336730957
2002-12-19,9.76736545562744
2002-12-20,10.022626876831056
2002-12-23,10.037074089050291
2002-12-24,10.04189395904541
2002-12-26,10.056341171264648
2002-12-27,9.854060173034668
2002-12-30,9.791447639465332
2002-12-31,9.849239349365234
2003-01-02,10.301974296569824
2003-01-03,10.566861152648926
2003-01-06,10.725793838500977
2003-01-07,10.80767822265625
2003-01-08,10.884737014770508
2003-01-09,11.019598007202148
2003-01-10,11.029224395751951
2003-01-13,10.783596992492676
2003-01-14,10.870287895202637
2003-01-15,10.995509147644045
2003-01-16,10.788412094116213
2003-01-17,10.66318130493164
2003-01-21,10.533150672912598
2003-01-22,10.624656677246094
2003-01-23,10.427191734313965
2003-01-24,10.3838472366333
2003-01-27,10.35494899749756
2003-01-28,10.20082664489746
2003-01-29,10.894371032714844
2003-01-30,10.547595024108888
2003-01-31,10.451275825500488
2003-02-03,10.759511947631836
2003-02-04,10.537962913513184
2003-02-05,10.32123565673828
2003-02-06,10.13339900970459
2003-02-07,10.03225803375244
2003-02-10,10.152664184570312
2003-02-11,10.20082664489746
2003-02-12,10.04189395904541
2003-02-13,9.704753875732422
2003-02-14,9.931113243103027
2003-02-18,8.264693260192871
2003-02-19,8.283954620361328
2003-02-20,8.173184394836426
2003-02-21,8.211713790893555
2003-02-24,8.283954620361328
2003-02-25,8.2454252243042
2003-02-26,8.09130859375
2003-02-27,8.597012519836426
2003-02-28,8.57774543762207
2003-03-03,8.457344055175781
2003-03-04,8.288775444030762
2003-03-05,8.312859535217285
2003-03-06,8.38028335571289
2003-03-07,8.57774543762207
2003-03-10,8.510322570800781
2003-03-11,8.563302040100098
2003-03-12,8.587381362915039
2003-03-13,9.2616605758667
2003-03-14,9.32908821105957
2003-03-17,9.574711799621582
2003-03-18,9.656588554382324
2003-03-19,9.6325101852417
2003-03-20,9.516921043395996
2003-03-21,9.271289825439451
2003-03-24,8.789664268493652
2003-03-25,9.030477523803713
2003-03-26,8.963050842285156
2003-03-27,8.885991096496582
2003-03-28,8.81374454498291
2003-03-31,8.597012519836426
2003-04-01,8.495875358581543
2003-04-02,8.746318817138672
2003-04-03,8.669258117675781
2003-04-04,8.649993896484375
2003-04-07,8.842644691467285
2003-04-08,8.94400691986084
2003-04-09,8.750932693481445
2003-04-10,8.842645645141602
2003-04-11,8.905393600463867
2003-04-14,9.185343742370604
2003-04-15,9.223959922790527
2003-04-16,9.161213874816896
2003-04-17,9.35428524017334
2003-04-21,9.359107971191406
2003-04-22,9.629409790039062
2003-04-23,9.219130516052246
2003-04-24,9.330143928527832
2003-04-25,9.296364784240724
2003-04-28,9.557005882263184
2003-04-29,9.542527198791504
2003-04-30,8.451674461364746
2003-05-01,8.437192916870117
2003-05-02,8.553037643432617
2003-05-05,8.828160285949707
2003-05-06,8.881257057189941
2003-05-07,8.808857917785645
2003-05-08,8.760587692260742
2003-05-09,9.021235466003418
2003-05-12,9.122596740722656
2003-05-13,9.09846305847168
2003-05-14,8.992273330688477
2003-05-15,9.074329376220703
2003-05-16,9.146729469299316
2003-05-19,8.842645645141602
2003-05-20,8.775070190429688
2003-05-21,8.760587692260742
2003-05-22,8.871603965759277
2003-05-23,8.857126235961914
2003-05-27,9.026062965393066
2003-05-28,9.19499683380127
2003-05-29,9.28188133239746
2003-05-30,9.56183624267578
2003-06-02,9.605277061462402
2003-06-03,9.339802742004396
2003-06-04,9.378417015075684
2003-06-05,9.363937377929688
2003-06-06,9.344630241394045
2003-06-09,9.344630241394045
2003-06-10,9.523219108581545
2003-06-11,9.64388942718506
2003-06-12,9.629409790039062
2003-06-13,9.122596740722656
2003-06-16,9.233613014221191
2003-06-17,9.31567096710205
2003-06-18,9.24326515197754
2003-06-19,9.412202835083008
2003-06-20,9.223959922790527
2003-06-23,9.219130516052246
2003-06-24,9.204652786254885
2003-06-25,9.122596740722656
2003-06-26,9.272226333618164
2003-06-27,9.151559829711914
2003-06-30,9.161213874816896
2003-07-01,9.050193786621094
2003-07-02,9.29153537750244
2003-07-03,9.161213874816896
2003-07-07,9.122596740722656
2003-07-08,9.325322151184082
2003-07-09,9.320491790771484
2003-07-10,9.19499683380127
2003-07-11,9.581138610839844
2003-07-14,9.518391609191896
2003-07-15,9.156386375427246
2003-07-16,9.161213874816896
2003-07-17,9.074329376220703
2003-07-18,9.204652786254885
2003-07-21,9.050193786621094
2003-07-22,9.185343742370604
2003-07-23,9.22878360748291
2003-07-24,9.180521965026855
2003-07-25,9.219130516052246
2003-07-28,9.209480285644531
2003-07-29,9.146729469299316
2003-07-30,9.122596740722656
2003-07-31,9.030884742736816
2003-08-01,9.093636512756348
2003-08-04,9.103290557861328
2003-08-05,9.503910064697266
2003-08-06,9.267400741577148
2003-08-07,9.48460292816162
2003-08-08,9.5521821975708
2003-08-11,9.474952697753906
2003-08-12,9.759732246398926
2003-08-13,10.116909980773926
2003-08-14,10.329293251037598
2003-08-15,10.31480884552002
2003-08-18,10.31480884552002
2003-08-19,10.131391525268556
2003-08-20,10.145870208740234
2003-08-21,10.145870208740234
2003-08-22,10.015549659729004
2003-08-25,10.116909980773926
2003-08-26,10.141046524047852
2003-08-27,10.276195526123049
2003-08-28,10.406518936157228
2003-08-29,10.522361755371094
2003-09-02,10.84575366973877
2003-09-03,10.836101531982422
2003-09-04,10.696124076843262
2003-09-05,10.734737396240234
2003-09-08,10.609243392944336
2003-09-09,10.657508850097656
2003-09-10,10.585107803344728
2003-09-11,10.517535209655762
2003-09-12,10.46444034576416
2003-09-15,10.763697624206545
2003-09-16,10.763697624206545
2003-09-17,10.705778121948242
2003-09-18,10.855406761169434
2003-09-19,10.811968803405762
2003-09-22,10.633378982543944
2003-09-23,10.546496391296388
2003-09-24,10.31480884552002
2003-09-25,9.050193786621094
2003-09-26,8.876434326171875
2003-09-29,9.040541648864746
2003-09-30,9.17086696624756
2003-10-01,9.267400741577148
2003-10-02,9.103290557861328
2003-10-03,9.248091697692873
2003-10-06,9.262571334838867
2003-10-07,9.17086696624756
2003-10-08,9.272439002990724
2003-10-09,9.480429649353027
2003-10-10,9.349830627441406
2003-10-13,9.552986145019531
2003-10-14,9.67874813079834
2003-10-15,9.68357753753662
2003-10-16,9.973796844482422
2003-10-17,10.02216625213623
2003-10-20,10.051186561584473
2003-10-21,9.794832229614258
2003-10-22,9.577168464660645
2003-10-23,9.504615783691406
2003-10-24,9.67874813079834
2003-10-27,9.698095321655272
2003-10-28,9.886733055114746
2003-10-29,10.02700901031494
2003-10-30,10.147927284240724
2003-10-31,10.133418083190918
2003-11-03,10.278529167175291
2003-11-04,9.8818998336792
2003-11-05,9.814181327819824
2003-11-06,9.87221908569336
2003-11-07,9.84320068359375
2003-11-10,9.722280502319336
2003-11-11,9.72711181640625
2003-11-12,9.906081199645996
2003-11-13,9.973796844482422
2003-11-14,9.915756225585938
2003-11-17,9.794832229614258
2003-11-18,9.63037395477295
2003-11-19,9.509453773498535
2003-11-20,9.383691787719728
2003-11-21,9.596515655517578
2003-11-24,9.852877616882324
2003-11-25,9.964122772216797
2003-11-26,9.983471870422363
2003-11-28,10.017328262329102
2003-12-01,10.133418083190918
2003-12-02,9.901243209838867
2003-12-03,9.84320068359375
2003-12-04,9.736790657043455
2003-12-05,9.698095321655272
2003-12-08,9.712601661682127
2003-12-09,9.69325351715088
2003-12-10,9.877057075500488
2003-12-11,9.649724006652832
2003-12-12,9.47075366973877
2003-12-15,9.58200740814209
2003-12-16,9.436894416809082
2003-12-17,9.37885284423828
2003-12-18,9.673907279968262
2003-12-19,9.794832229614258
2003-12-22,9.862548828125
2003-12-23,10.114069938659668
2003-12-24,9.944780349731444
2003-12-26,9.915756225585938
2003-12-29,10.04151725769043
2003-12-30,10.191461563110352
2003-12-31,10.176952362060549
2004-01-02,10.109234809875488
2004-01-05,10.128584861755373
2004-01-06,10.09955883026123
2004-01-07,9.19021224975586
2004-01-08,9.320810317993164
2004-01-09,9.29662799835205
2004-01-12,9.548145294189451
2004-01-13,9.519123077392578
2004-01-14,9.82868766784668
2004-01-15,9.794832229614258
2004-01-16,9.89156723022461
2004-01-20,9.765813827514648
2004-01-21,9.877057075500488
2004-01-22,9.848039627075195
2004-01-23,9.906081199645996
2004-01-26,9.722280502319336
2004-01-27,9.669073104858398
2004-01-28,9.62553882598877
2004-01-29,9.765813827514648
2004-01-30,9.673907279968262
2004-02-02,10.04151725769043
2004-02-03,10.525212287902832
2004-02-04,10.59292984008789
2004-02-05,10.617115020751951
2004-02-06,10.617115020751951
2004-02-09,10.641294479370115
2004-02-10,10.718688011169434
2004-02-11,10.665481567382812
2004-02-12,10.738038063049316
2004-02-13,10.733201026916504
2004-02-17,10.815427780151367
2004-02-18,10.85895824432373
2004-02-19,10.665481567382812
2004-02-20,10.650970458984377
2004-02-23,10.69450569152832
2004-02-24,10.53972339630127
2004-02-25,10.709012985229492
2004-02-26,11.31846523284912
2004-02-27,11.802167892456056
2004-03-01,11.903742790222168
2004-03-02,12.000481605529783
2004-03-03,11.89890480041504
2004-03-04,12.058521270751951
2004-03-05,12.271352767944336
2004-03-08,12.17461109161377
2004-03-09,12.097220420837402
2004-03-10,11.787656784057615
2004-03-11,11.753795623779297
2004-03-12,11.87472438812256
2004-03-15,11.739288330078123
2004-03-16,11.768310546875
2004-03-17,12.087546348571776
2004-03-18,11.7296142578125
2004-03-19,11.753795623779297
2004-03-22,11.816676139831545
2004-03-23,12.073039054870604
2004-03-24,11.869885444641112
2004-03-25,12.04401397705078
2004-03-26,11.8650484085083
2004-03-29,11.976300239562988
2004-03-30,12.000481605529783
2004-03-31,11.990806579589844
2004-04-01,11.6522216796875
2004-04-02,11.58450412750244
2004-04-05,11.608685493469238
2004-04-06,11.589306831359863
2004-04-07,11.671674728393556
2004-04-08,11.589306831359863
2004-04-12,11.66199016571045
2004-04-13,11.361591339111328
2004-04-14,11.269537925720217
2004-04-15,11.216240882873535
2004-04-16,11.565082550048828
2004-04-19,11.526323318481444
2004-04-20,11.395503997802734
2004-04-21,11.284071922302246
2004-04-22,11.555395126342772
2004-04-23,11.584463119506836
2004-04-26,11.230777740478516
2004-04-27,11.18716812133789
2004-04-28,11.167791366577148
2004-04-29,11.041820526123049
2004-04-30,10.978837013244627
2004-05-03,10.925541877746582
2004-05-04,10.89646053314209
2004-05-05,10.978837013244627
2004-05-06,10.722051620483398
2004-05-07,10.639684677124023
2004-05-10,10.63484001159668
2004-05-11,10.794726371765137
2004-05-12,10.586389541625977
2004-05-13,10.499177932739258
2004-05-14,10.65906047821045
2004-05-17,10.484641075134276
2004-05-18,10.504024505615234
2004-05-19,10.48948574066162
2004-05-20,10.60092067718506
2004-05-21,10.55246925354004
2004-05-24,10.48948574066162
2004-05-25,10.58154582977295
2004-05-26,10.683287620544434
2004-05-27,10.63484001159668
2004-05-28,10.90131664276123
2004-06-01,10.83833122253418
2004-06-02,10.66875171661377
2004-06-03,10.571852684020996
2004-06-04,10.470107078552246
2004-06-07,10.56216049194336
2004-06-08,10.48948574066162
2004-06-09,10.368363380432127
2004-06-10,10.29568862915039
2004-06-14,10.198784828186035
2004-06-15,10.29568862915039
2004-06-16,10.334447860717772
2004-06-17,10.25692653656006
2004-06-18,10.348980903625488
2004-06-21,10.48948574066162
2004-06-22,10.48948574066162
2004-06-23,10.271454811096191
2004-06-24,10.087349891662598
2004-06-25,9.985607147216797
2004-06-28,9.893546104431152
2004-06-29,9.85963249206543
2004-06-30,9.95652961730957
2004-07-01,9.912930488586426
2004-07-02,9.849946022033691
2004-07-06,9.816027641296388
2004-07-07,9.791807174682615
2004-07-08,9.811184883117676
2004-07-09,9.95652961730957
2004-07-12,10.150336265563965
2004-07-13,10.174558639526367
2004-07-14,10.179405212402344
2004-07-15,10.34413719177246
2004-07-16,10.348980903625488
2004-07-19,10.402273178100586
2004-07-20,10.479796409606934
2004-07-21,10.392587661743164
2004-07-22,10.426502227783203
2004-07-23,10.42165756225586
2004-07-26,10.455571174621582
2004-07-27,10.387739181518556
2004-07-28,10.353829383850098
2004-07-29,10.402273178100586
2004-07-30,10.334447860717772
2004-08-02,10.363517761230469
2004-08-03,10.271454811096191
2004-08-04,10.252079963684082
2004-08-05,9.85963249206543
2004-08-06,9.7433500289917
2004-08-09,9.753045082092283
2004-08-10,9.767579078674316
2004-08-11,9.641608238220217
2004-08-12,9.399357795715332
2004-08-13,9.409046173095703
2004-08-16,9.544708251953123
2004-08-17,9.525328636169434
2004-08-18,9.704593658447266
2004-08-19,9.578624725341797
2004-08-20,9.801496505737305
2004-08-23,9.874170303344728
2004-08-24,10.097042083740234
2004-08-25,10.28115177154541
2004-08-26,10.208476066589355
2004-08-27,10.310227394104004
2004-08-30,10.189098358154297
2004-08-31,10.179405212402344
2004-09-01,10.271454811096191
2004-09-02,10.135798454284668
2004-09-03,10.276312828063965
2004-09-07,10.319912910461426
2004-09-08,10.310227394104004
2004-09-09,10.315067291259766
2004-09-10,10.174558639526367
2004-09-13,10.208476066589355
2004-09-14,10.193942070007324
2004-09-15,10.135798454284668
2004-09-16,10.26176929473877
2004-09-17,10.193942070007324
2004-09-20,10.169715881347656
2004-09-21,10.41680908203125
2004-09-22,10.26176929473877
2004-09-23,10.906160354614258
2004-09-24,11.206547737121582
2004-09-27,11.15809726715088
2004-09-28,11.138718605041504
2004-09-29,11.332524299621582
2004-09-30,11.29860496520996
2004-10-01,11.38581657409668
2004-10-04,11.482721328735352
2004-10-05,11.865474700927734
2004-10-06,12.02077579498291
2004-10-07,11.899447441101074
2004-10-08,11.865476608276367
2004-10-11,11.67136287689209
2004-10-12,11.778124809265137
2004-10-13,11.865476608276367
2004-10-14,11.797531127929688
2004-10-15,11.909151077270508
2004-10-18,11.860624313354492
2004-10-19,11.768421173095703
2004-10-20,11.797531127929688
2004-10-21,11.51606273651123
2004-10-22,11.39958953857422
2004-10-25,11.297675132751465
2004-10-26,11.584007263183594
2004-10-27,11.520913124084473
2004-10-28,11.656803131103516
2004-10-29,11.88974380493164
2004-11-01,12.127534866333008
2004-11-02,11.94797706604004
2004-11-03,12.083857536315918
2004-11-04,12.884596824645996
2004-11-05,13.064152717590332
2004-11-08,12.860332489013672
2004-11-09,12.986507415771484
2004-11-10,13.06900691986084
2004-11-11,13.093276977539062
2004-11-12,13.141798973083496
2004-11-15,13.088422775268556
2004-11-16,12.899152755737305
2004-11-17,12.981653213500977
2004-11-18,12.94768524169922
2004-11-19,12.607977867126465
2004-11-22,13.001069068908691
2004-11-23,13.248571395874023
2004-11-24,13.345630645751951
2004-11-26,13.301944732666016
2004-11-29,13.238866806030272
2004-11-30,13.229154586791992
2004-12-01,13.26312255859375
2004-12-02,13.224297523498535
2004-12-03,13.301944732666016
2004-12-06,13.335917472839355
2004-12-07,13.282540321350098
2004-12-08,13.442687034606934
2004-12-09,13.447537422180176
2004-12-10,13.641660690307615
2004-12-13,13.612537384033203
2004-12-14,13.597975730895996
2004-12-15,13.612537384033203
2004-12-16,13.539746284484863
2004-12-17,12.91856861114502
2004-12-20,13.214593887329102
2004-12-21,13.234010696411133
2004-12-22,13.40871524810791
2004-12-23,13.33106517791748
2004-12-27,13.039891242980955
2004-12-28,13.418426513671877
2004-12-29,13.394158363342283
2004-12-30,13.510625839233398
2004-12-31,13.462098121643066
2005-01-03,13.20975112915039
2005-01-04,13.175769805908203
2005-01-05,12.79724407196045
2005-01-06,13.282540321350098
2005-01-07,13.76783275604248
2005-01-10,13.704744338989258
2005-01-11,13.690184593200684
2005-01-12,14.02504062652588
2005-01-13,14.049299240112305
2005-01-14,13.947392463684082
2005-01-18,14.277393341064451
2005-01-19,14.073565483093262
2005-01-20,13.636807441711426
2005-01-21,13.452392578125
2005-01-24,13.46695327758789
2005-01-25,13.699888229370115
2005-01-26,13.903715133666992
2005-01-27,14.102680206298828
2005-01-28,14.112393379211426
2005-01-31,14.34533405303955
2005-02-01,14.24342441558838
2005-02-02,14.19004249572754
2005-02-03,14.19004249572754
2005-02-04,13.680482864379885
2005-02-07,13.743569374084473
2005-02-08,13.81151008605957
2005-02-09,13.651361465454102
2005-02-10,13.835777282714844
2005-02-11,13.961947441101074
2005-02-14,13.89400863647461
2005-02-15,13.927983283996582
2005-02-16,13.534889221191406
2005-02-17,13.457246780395508
2005-02-18,13.170921325683594
2005-02-22,13.098130226135254
2005-02-23,13.12724494934082
2005-02-24,13.21945095062256
2005-02-25,13.340774536132812
2005-02-28,13.0059232711792
2005-03-01,13.360189437866213
2005-03-02,13.549445152282717
2005-03-03,13.641660690307615
2005-03-04,13.898871421813965
2005-03-07,14.034750938415527
2005-03-08,13.879451751708984
2005-03-09,13.457246780395508
2005-03-10,13.340774536132812
2005-03-11,13.369891166687012
2005-03-14,13.301944732666016
2005-03-15,13.161216735839844
2005-03-16,12.739007949829102
2005-03-17,12.94768524169922
2005-03-18,13.122391700744627
2005-03-21,13.350481033325195
2005-03-22,13.369891166687012
2005-03-23,13.282540321350098
2005-03-24,14.558863639831545
2005-03-28,14.558863639831545
2005-03-29,14.757835388183594
2005-03-30,14.927690505981444
2005-03-31,14.888871192932127
2005-04-01,15.068426132202148
2005-04-04,15.039310455322266
2005-04-05,15.053868293762209
2005-04-06,15.068449020385742
2005-04-07,15.063586235046388
2005-04-08,14.97126007080078
2005-04-11,15.262809753417969
2005-04-12,15.189929962158203
2005-04-13,15.194783210754396
2005-04-14,14.985835075378418
2005-04-15,14.830342292785645
2005-04-18,14.898371696472168
2005-04-19,14.97126007080078
2005-04-20,14.68942165374756
2005-04-21,14.844916343688965
2005-04-22,14.79146671295166
2005-04-25,14.912951469421388
2005-04-26,14.6942777633667
2005-04-27,14.6942777633667
2005-04-28,14.485343933105469
2005-04-29,14.577666282653809
2005-05-02,14.616535186767578
2005-05-03,14.66026496887207
2005-05-04,14.883795738220217
2005-05-05,15.204504013061523
2005-05-06,14.966401100158691
2005-05-09,14.80604648590088
2005-05-10,15.13647747039795
2005-05-11,15.214221954345703
2005-05-12,14.937248229980469
2005-05-13,14.59223747253418
2005-05-16,14.713730812072754
2005-05-17,14.738018989562988
2005-05-18,15.243371963500977
2005-05-19,15.340561866760254
2005-05-20,15.530073165893556
2005-05-23,15.811904907226562
2005-05-24,15.821627616882324
2005-05-25,15.748730659484863
2005-05-26,15.913945198059082
2005-05-27,15.938238143920898
2005-05-31,15.782748222351074
2005-06-01,15.981979370117188
2005-06-02,16.011133193969727
2005-06-03,15.991697311401367
2005-06-06,15.938238143920898
2005-06-07,15.90423583984375
2005-06-08,15.943107604980469
2005-06-09,16.08888053894043
2005-06-10,16.249235153198242
2005-06-13,16.108318328857422
2005-06-14,16.08888053894043
2005-06-15,16.05487060546875
2005-06-16,16.108318328857422
2005-06-17,16.035425186157227
2005-06-20,16.21036148071289
2005-06-21,16.011133193969727
2005-06-22,16.108318328857422
2005-06-23,16.001405715942383
2005-06-24,15.889653205871582
2005-06-27,15.943107604980469
2005-06-28,15.870219230651855
2005-06-29,16.02570915222168
2005-06-30,16.02570915222168
2005-07-01,16.050006866455078
2005-07-05,15.947959899902344
2005-07-06,15.43288803100586
2005-07-07,15.447466850280762
2005-07-08,15.588380813598633
2005-07-11,15.787605285644531
2005-07-12,16.3950138092041
2005-07-13,16.390153884887695
2005-07-14,16.370718002319336
2005-07-15,16.569950103759766
2005-07-18,16.458179473876953
2005-07-19,16.516496658325195
2005-07-20,16.608821868896484
2005-07-21,16.550504684448242
2005-07-22,16.749732971191406
2005-07-25,16.681705474853516
2005-07-26,16.861501693725586
2005-07-27,16.603961944580078
2005-07-28,16.769174575805664
2005-07-29,16.861501693725586
2005-08-01,16.914949417114258
2005-08-02,16.85177230834961
2005-08-03,16.691425323486328
2005-08-04,16.744876861572266
2005-08-05,16.07916259765625
2005-08-08,15.913945198059082
2005-08-09,16.040285110473633
2005-08-10,16.147193908691406
2005-08-11,16.414445877075195
2005-08-12,16.28325080871582
2005-08-15,16.356142044067383
2005-08-16,15.666128158569336
2005-08-17,15.69528865814209
2005-08-18,15.753596305847168
2005-08-19,15.753596305847168
2005-08-22,15.675854682922363
2005-08-23,15.753596305847168
2005-08-24,15.02470588684082
2005-08-25,15.306551933288574
2005-08-26,15.3502779006958
2005-08-29,15.306551933288574
2005-08-30,14.874078750610352
2005-08-31,15.262809753417969
2005-09-01,14.616535186767578
2005-09-02,14.519357681274414
2005-09-06,14.893507957458496
2005-09-07,15.262809753417969
2005-09-08,15.1996431350708
2005-09-09,15.364863395690918
2005-09-12,15.248242378234863
2005-09-13,14.942103385925291
2005-09-14,14.587384223937988
2005-09-15,14.645691871643066
2005-09-16,14.893507957458496
2005-09-19,14.738018989562988
2005-09-20,14.242379188537598
2005-09-21,13.994556427001951
2005-09-22,14.125750541687012
2005-09-23,14.441604614257812
2005-09-26,14.85463523864746
2005-09-27,14.74773120880127
2005-09-28,14.358999252319336
2005-09-29,14.349279403686523
2005-09-30,14.757452011108398
2005-10-03,14.718573570251465
2005-10-04,14.543646812438965
2005-10-05,14.626811981201172
2005-10-06,14.524083137512209
2005-10-07,14.597461700439451
2005-10-10,14.798028945922852
2005-10-11,14.793137550354004
2005-10-12,14.65127182006836
2005-10-13,14.85672664642334
2005-10-14,15.169811248779297
2005-10-17,14.89586353302002
2005-10-18,14.778459548950195
2005-10-19,15.150246620178224
2005-10-20,15.14535140991211
2005-10-21,15.257869720458984
2005-10-24,15.678568840026855
2005-10-25,15.585626602172852
2005-10-26,15.33124542236328
2005-10-27,14.92522144317627
2005-10-28,15.595409393310549
2005-10-31,15.859566688537598
2005-11-01,15.66389274597168
2005-11-02,15.923165321350098
2005-11-03,16.02589225769043
2005-11-04,16.862417221069336
2005-11-07,16.90155029296875
2005-11-08,16.588470458984375
2005-11-09,16.720548629760742
2005-11-10,16.789031982421875
2005-11-11,16.671634674072266
2005-11-14,16.808605194091797
2005-11-15,16.75967788696289
2005-11-16,16.652069091796875
2005-11-17,16.891767501831055
2005-11-18,17.29290771484375
2005-11-21,17.25377082824707
2005-11-22,17.605985641479492
2005-11-23,17.65000343322754
2005-11-25,17.654905319213867
2005-11-28,17.469011306762695
2005-11-29,17.615764617919922
2005-11-30,17.503253936767578
2005-12-01,17.74295997619629
2005-12-02,17.88482093811035
2005-12-05,17.747852325439453
2005-12-06,17.75763511657715
2005-12-07,17.591310501098633
2005-12-08,17.082550048828125
2005-12-09,17.111906051635742
2005-12-12,17.1314697265625
2005-12-13,16.593360900878906
2005-12-14,16.935791015625
2005-12-15,17.023849487304688
2005-12-16,18.98550033569336
2005-12-19,18.691987991333008
2005-12-20,18.74580383300781
2005-12-21,18.682205200195312
2005-12-22,18.789833068847656
2005-12-23,18.85831642150879
2005-12-27,18.711559295654297
2005-12-28,18.995285034179688
2005-12-29,19.14693069458008
2005-12-30,19.019750595092773
2006-01-03,18.828968048095703
2006-01-04,19.14693069458008
2006-01-05,18.68709373474121
2006-01-06,19.76331329345703
2006-01-09,20.022584915161133
2006-01-10,19.5578670501709
2006-01-11,19.582319259643555
2006-01-12,19.6899356842041
2006-01-13,19.792659759521484
2006-01-17,19.28390312194824
2006-01-18,19.357295989990234
2006-01-19,19.371971130371094
2006-01-20,19.01485824584961
2006-01-23,19.07355117797852
2006-01-24,19.4355583190918
2006-01-25,19.866043090820312
2006-01-26,19.82201766967773
2006-01-27,20.07151222229004
2006-01-30,19.90518569946289
2006-01-31,19.89050674438477
2006-02-01,19.85626602172852
2006-02-02,20.11064720153809
2006-02-03,20.2231559753418
2006-02-06,20.12531852722168
2006-02-07,20.15956115722656
2006-02-08,20.51667022705078
2006-02-09,20.48242950439453
2006-02-10,20.53623580932617
2006-02-13,20.286752700805664
2006-02-14,20.203590393066406
2006-02-15,20.25250816345215
2006-02-16,20.546030044555664
2006-02-17,20.272071838378903
2006-02-21,20.4139404296875
2006-02-22,20.648759841918945
2006-02-23,20.780839920043945
2006-02-24,20.912918090820312
2006-02-27,20.85910415649414
2006-02-28,20.51667022705078
2006-03-01,20.45796585083008
2006-03-02,20.247621536254883
2006-03-03,20.369918823242188
2006-03-06,20.18891143798828
2006-03-07,19.63612365722656
2006-03-08,19.77799415588379
2006-03-09,20.051937103271484
2006-03-10,19.97367286682129
2006-03-13,19.963882446289062
2006-03-14,20.00791931152344
2006-03-15,20.09107780456543
2006-03-16,20.15956115722656
2006-03-17,20.15956115722656
2006-03-20,20.10575294494629
2006-03-21,20.198701858520508
2006-03-22,20.115528106689453
2006-03-23,20.272071838378903
2006-03-24,20.340557098388672
2006-03-27,20.10575294494629
2006-03-28,19.9687728881836
2006-03-29,20.22804832458496
2006-03-30,20.06172561645508
2006-03-31,20.07151222229004
2006-04-03,19.93453788757324
2006-04-04,19.900299072265625
2006-04-05,19.82201766967773
2006-04-06,19.881006240844727
2006-04-07,19.817100524902344
2006-04-10,19.522130966186523
2006-04-11,19.295991897583008
2006-04-12,19.25666618347168
2006-04-13,19.47297477722168
2006-04-17,19.25174903869629
2006-04-18,19.522130966186523
2006-04-19,19.22224235534668
2006-04-20,20.023584365844727
2006-04-21,19.999004364013672
2006-04-24,19.964597702026367
2006-04-25,19.767946243286133
2006-04-26,19.33039665222168
2006-04-27,19.62537002563477
2006-04-28,19.468055725097656
2006-05-01,19.15342330932617
2006-05-02,19.00592613220215
2006-05-03,19.25666618347168
2006-05-04,19.32548713684082
2006-05-05,19.21732711791992
2006-05-08,19.28124046325684
2006-05-09,18.937105178833008
2006-05-10,18.981359481811523
2006-05-11,18.529071807861328
2006-05-12,18.0964469909668
2006-05-15,18.3815860748291
2006-05-16,18.35700416564941
2006-05-17,17.885046005249023
2006-05-18,17.998109817504883
2006-05-19,17.821136474609375
2006-05-22,18.071861267089844
2006-05-23,17.550748825073242
2006-05-24,17.46717643737793
2006-05-25,17.865385055541992
2006-05-26,17.948963165283203
2006-05-30,17.76214599609375
2006-05-31,17.40817642211914
2006-06-01,17.40817642211914
2006-06-02,17.457338333129883
2006-06-05,17.309858322143555
2006-06-06,17.33935546875
2006-06-07,17.3049373626709
2006-06-08,17.46717643737793
2006-06-09,17.51634407043457
2006-06-12,17.157453536987305
2006-06-13,16.749408721923828
2006-06-14,17.265607833862305
2006-06-15,17.850637435913086
2006-06-16,17.722814559936523
2006-06-19,17.531082153320312
2006-06-20,17.481918334960938
2006-06-21,18.337337493896484
2006-06-22,18.44549560546875
2006-06-23,18.263595581054688
2006-06-26,18.2586669921875
2006-06-27,18.28817367553711
2006-06-28,18.140682220458984
2006-06-29,19.02068328857422
2006-06-30,19.369739532470703
2006-07-03,19.305822372436523
2006-07-05,19.19767189025879
2006-07-06,19.26648712158203
2006-07-07,18.65196990966797
2006-07-10,18.883031845092773
2006-07-11,18.283262252807617
2006-07-12,17.693315505981445
2006-07-13,17.319684982299805
2006-07-14,17.049297332763672
2006-07-17,17.019804000854492
2006-07-18,16.906726837158203
2006-07-19,17.32460594177246
2006-07-20,16.754323959350586
2006-07-21,16.365949630737305
2006-07-24,16.8182373046875
2006-07-25,16.97555923461914
2006-07-26,16.980480194091797
2006-07-27,16.395444869995117
2006-07-28,16.641258239746094
2006-07-31,16.616676330566406
2006-08-01,16.449522018432617
2006-08-02,16.960805892944336
2006-08-03,17.157453536987305
2006-08-04,17.309858322143555
2006-08-07,17.201704025268555
2006-08-08,16.91656494140625
2006-08-09,16.646175384521484
2006-08-10,16.749408721923828
2006-08-11,16.90182113647461
2006-08-14,16.8723201751709
2006-08-15,17.32460594177246
2006-08-16,17.889968872070312
2006-08-17,18.003034591674805
2006-08-18,18.189847946166992
2006-08-21,17.80638885498047
2006-08-22,17.649076461791992
2006-08-23,17.182039260864258
2006-08-24,17.31477165222168
2006-08-25,17.034549713134766
2006-08-28,17.32460594177246
2006-08-29,17.663816452026367
2006-08-30,17.472091674804688
2006-08-31,17.403263092041016
2006-09-01,17.67856788635254
2006-09-05,17.73264503479004
2006-09-06,17.688398361206055
2006-09-07,17.403263092041016
2006-09-08,17.929290771484375
2006-09-11,18.588054656982425
2006-09-12,19.25666618347168
2006-09-13,19.241912841796875
2006-09-14,19.15342330932617
2006-09-15,19.0649356842041
2006-09-18,18.715883255004883
2006-09-19,19.1042594909668
2006-09-20,20.402130126953125
2006-09-21,21.016658782958984
2006-09-22,20.83475685119629
2006-09-25,21.188718795776367
2006-09-26,21.19363594055176
2006-09-27,21.026477813720703
2006-09-28,21.188718795776367
2006-09-29,20.878999710083008
2006-10-02,20.918323516845703
2006-10-03,21.29687690734864
2006-10-04,21.724578857421875
2006-10-05,21.6754207611084
2006-10-06,21.53776741027832
2006-10-09,21.63609313964844
2006-10-10,21.41487503051757
2006-10-11,21.08547592163086
2006-10-12,21.54268455505371
2006-10-13,21.4050350189209
2006-10-16,21.2624568939209
2006-10-17,20.883920669555664
2006-10-18,20.70201301574707
2006-10-19,20.397216796875
2006-10-20,20.4365348815918
2006-10-23,20.431621551513672
2006-10-24,20.56928062438965
2006-10-25,20.66269493103028
2006-10-26,20.623353958129883
2006-10-27,20.15632057189941
2006-10-30,20.667604446411133
2006-10-31,20.59878158569336
2006-11-01,20.41196632385254
2006-11-02,20.44637489318848
2006-11-03,19.620454788208008
2006-11-06,20.12190055847168
2006-11-07,20.06782531738281
2006-11-08,20.397216796875
2006-11-09,19.915428161621094
2006-11-10,20.116987228393555
2006-11-13,20.12190055847168
2006-11-14,20.048173904418945
2006-11-15,20.053083419799805
2006-11-16,20.18089866638184
2006-11-17,20.048173904418945
2006-11-20,20.274301528930664
2006-11-21,20.28906440734864
2006-11-22,20.38245964050293
2006-11-24,19.78761100769043
2006-11-27,19.763029098510746
2006-11-28,19.75810432434082
2006-11-29,19.74336051940918
2006-11-30,19.738439559936523
2006-12-01,19.694204330444336
2006-12-04,20.18581771850586
2006-12-05,19.915428161621094
2006-12-06,19.881006240844727
2006-12-07,19.63029861450196
2006-12-08,19.763029098510746
2006-12-11,20.082576751708984
2006-12-12,19.620454788208008
2006-12-13,20.244815826416016
2006-12-14,20.284143447875977
2006-12-15,19.881006240844727
2006-12-18,19.812191009521484
2006-12-19,19.954757690429688
2006-12-20,19.669620513916016
2006-12-21,19.64995384216309
2006-12-22,19.87118911743164
2006-12-26,19.964597702026367
2006-12-27,19.910518646240234
2006-12-28,19.98917388916016
2006-12-29,19.7482852935791
2007-01-03,19.822021484375
2007-01-04,19.640119552612305
2007-01-05,19.23699760437012
2007-01-08,19.03543281555176
2007-01-09,19.09934425354004
2007-01-10,19.05017471313477
2007-01-11,19.45331573486328
2007-01-12,19.38448143005371
2007-01-16,19.694204330444336
2007-01-17,19.753198623657227
2007-01-18,19.708948135375977
2007-01-19,19.620454788208008
2007-01-22,19.340240478515625
2007-01-23,19.28614616394043
2007-01-24,19.340240478515625
2007-01-25,19.06984519958496
2007-01-26,18.838787078857425
2007-01-29,18.981359481811523
2007-01-30,19.01576805114746
2007-01-31,19.241912841796875
2007-02-01,19.443470001220703
2007-02-02,19.80235481262207
2007-02-05,19.71386337280273
2007-02-06,19.86626625061035
2007-02-07,20.397216796875
2007-02-08,20.52995491027832
2007-02-09,20.343128204345703
2007-02-12,20.279220581054688
2007-02-13,20.96257400512696
2007-02-14,20.918323516845703
2007-02-15,20.957658767700195
2007-02-16,20.99698829650879
2007-02-20,20.9920711517334
2007-02-21,20.97240447998047
2007-02-22,20.952735900878903
2007-02-23,20.97240447998047
2007-02-26,20.65776824951172
2007-02-27,20.033418655395508
2007-02-28,20.151403427124023
2007-03-01,19.910518646240234
2007-03-02,19.56146049499512
2007-03-05,19.212421417236328
2007-03-06,19.438566207885746
2007-03-07,19.31073951721192
2007-03-08,19.600791931152344
2007-03-09,19.566375732421875
2007-03-12,19.669620513916016
2007-03-13,19.28614616394043
2007-03-14,19.47297477722168
2007-03-15,19.47297477722168
2007-03-16,19.38448143005371
2007-03-19,19.994083404541016
2007-03-20,20.318546295166016
2007-03-21,19.94492530822754
2007-03-22,20.03833770751953
2007-03-23,20.31364631652832
2007-03-26,20.264488220214844
2007-03-27,20.33822059631348
2007-03-28,20.279220581054688
2007-03-29,20.47586250305176
2007-03-30,20.249725341796875
2007-04-02,20.15632057189941
2007-04-03,20.451292037963867
2007-04-04,20.574190139770508
2007-04-05,20.80653381347656
2007-04-09,20.68294906616211
2007-04-10,20.41106414794922
2007-04-11,20.22816276550293
2007-04-12,20.139190673828125
2007-04-13,20.16390419006348
2007-04-16,20.336917877197266
2007-04-17,20.485212326049805
2007-04-18,20.50005340576172
2007-04-19,20.203447341918945
2007-04-20,20.39129638671875
2007-04-23,20.144119262695312
2007-04-24,20.14907455444336
2007-04-25,20.53959083557129
2007-04-26,20.762041091918945
2007-04-27,20.920228958129883
2007-04-30,20.504987716674805
2007-05-01,20.79170608520508
2007-05-02,20.92518424987793
2007-05-03,21.08830070495605
2007-05-04,21.365129470825195
2007-05-07,22.49715805053711
2007-05-08,22.556480407714844
2007-05-09,22.680055618286133
2007-05-10,22.432886123657227
2007-05-11,22.64052391052246
2007-05-14,22.418067932128903
2007-05-15,22.07697296142578
2007-05-16,22.35874557495117
2007-05-17,22.29448509216309
2007-05-18,22.413116455078125
2007-05-21,22.576261520385746
2007-05-22,22.462553024291992
2007-05-23,22.2104434967041
2007-05-24,22.195613861083984
2007-05-25,22.40323066711425
2007-05-29,22.33897018432617
2007-05-30,22.368633270263672
2007-05-31,22.526805877685547
2007-06-01,22.64052391052246
2007-06-04,23.090351104736328
2007-06-05,23.139795303344727
2007-06-06,22.635576248168945
2007-06-07,22.05720329284668
2007-06-08,22.35379981994629
2007-06-11,22.418067932128903
2007-06-12,22.437843322753903
2007-06-13,23.05576133728028
2007-06-14,23.115066528320312
2007-06-15,23.16450309753418
2007-06-18,23.27326011657715
2007-06-19,23.159568786621094
2007-06-20,21.4738883972168
2007-06-21,21.454116821289062
2007-06-22,21.22177505493164
2007-06-25,21.330522537231445
2007-06-26,21.434335708618164
2007-06-27,21.59746551513672
2007-06-28,21.50355529785156
2007-06-29,21.74576759338379
2007-07-02,21.81992149353028
2007-07-03,22.17090034484864
2007-07-05,22.03248405456543
2007-07-06,22.04240798950196
2007-07-09,21.987812042236328
2007-07-10,22.285627365112305
2007-07-11,22.508974075317383
2007-07-12,22.285627365112305
2007-07-13,22.25583839416504
2007-07-16,22.09700584411621
2007-07-17,22.087081909179688
2007-07-18,21.83394432067871
2007-07-19,21.9034366607666
2007-07-20,21.60563468933105
2007-07-23,21.83394432067871
2007-07-24,21.412059783935547
2007-07-25,21.18373680114746
2007-07-26,20.87104034423828
2007-07-27,20.851194381713867
2007-07-30,21.13411521911621
2007-07-31,21.1291446685791
2007-08-01,21.029884338378903
2007-08-02,20.87104034423828
2007-08-03,22.116857528686523
2007-08-06,22.191314697265625
2007-08-07,22.00269889831543
2007-08-08,21.43687629699707
2007-08-09,20.24566078186035
2007-08-10,21.31278610229492
2007-08-13,20.80652618408203
2007-08-14,19.98757553100586
2007-08-15,19.75428771972656
2007-08-16,19.833703994750977
2007-08-17,19.32246780395508
2007-08-20,20.0024528503418
2007-08-21,20.543466567993164
2007-08-22,20.563322067260746
2007-08-23,20.533536911010746
2007-08-24,21.010028839111328
2007-08-27,20.69733047485352
2007-08-28,19.9280014038086
2007-08-29,20.3250789642334
2007-08-30,20.12653541564941
2007-08-31,20.6476993560791
2007-09-04,21.04476547241211
2007-09-05,20.702299118041992
2007-09-06,20.6476993560791
2007-09-07,20.28536033630371
2007-09-10,20.1066837310791
2007-09-11,20.4690170288086
2007-09-12,20.300262451171875
2007-09-13,20.46405792236328
2007-09-14,21.064611434936523
2007-09-17,21.01995277404785
2007-09-18,21.75949478149414
2007-09-19,22.16153144836425
2007-09-20,21.541109085083008
2007-09-21,21.74956703186035
2007-09-24,21.382274627685547
2007-09-25,20.965351104736328
2007-09-26,21.32767677307129
2007-09-27,21.34256935119629
2007-09-28,20.776742935180664
2007-10-01,21.34256935119629
2007-10-02,21.65030670166016
2007-10-03,21.61060333251953
2007-10-04,21.56593513488769
2007-10-05,21.95966529846192
2007-10-08,22.198888778686523
2007-10-09,22.31850814819336
2007-10-10,22.1789608001709
2007-10-11,21.69052505493164
2007-10-12,21.56593513488769
2007-10-15,21.231992721557617
2007-10-16,21.341636657714844
2007-10-17,21.700496673583984
2007-10-18,21.665603637695312
2007-10-19,21.4811954498291
2007-10-22,21.90483283996582
2007-10-23,22.05436134338379
2007-10-24,21.57090950012207
2007-10-25,21.3914852142334
2007-10-26,21.38650131225586
2007-10-29,21.14228248596192
2007-10-30,21.331684112548828
2007-10-31,21.431358337402344
2007-11-01,20.569110870361328
2007-11-02,20.43953895568848
2007-11-05,20.46444702148437
2007-11-06,20.21524810791016
2007-11-07,20.24016761779785
2007-11-08,20.68872833251953
2007-11-09,20.00093460083008
2007-11-12,19.62215232849121
2007-11-13,20.419591903686523
2007-11-14,19.990976333618164
2007-11-15,19.91122055053711
2007-11-16,19.831478118896484
2007-11-19,19.66202545166016
2007-11-20,19.45269203186035
2007-11-21,19.40285301208496
2007-11-23,19.637107849121094
2007-11-26,19.577289581298828
2007-11-27,19.671993255615234
2007-11-28,20.160430908203125
2007-11-29,20.085670471191406
2007-11-30,19.831478118896484
2007-12-03,19.711864471435547
2007-12-04,19.62713432312012
2007-12-05,19.353015899658203
2007-12-06,19.123748779296875
2007-12-07,19.56732940673828
2007-12-10,19.681961059570312
2007-12-11,19.16860580444336
2007-12-12,18.7947998046875
2007-12-13,18.49077606201172
2007-12-14,17.83786392211914
2007-12-17,17.887704849243164
2007-12-18,18.111989974975582
2007-12-19,14.254343032836914
2007-12-20,13.701116561889648
2007-12-21,13.711085319519045
2007-12-24,13.760923385620115
2007-12-26,13.611405372619627
2007-12-27,13.69613265991211
2007-12-28,13.765910148620604
2007-12-31,13.810766220092772
2008-01-02,13.282465934753418
2008-01-03,13.01331901550293
2008-01-04,12.754152297973633
2008-01-07,12.185968399047852
2008-01-08,11.869646072387695
2008-01-09,11.488049507141112
2008-01-10,11.774242401123049
2008-01-11,11.14159870147705
2008-01-14,10.94577980041504
2008-01-15,10.749958992004396
2008-01-16,10.539073944091797
2008-01-17,10.56920337677002
2008-01-18,11.14159870147705
2008-01-22,11.483031272888184
2008-01-23,13.054601669311523
2008-01-24,13.78767204284668
2008-01-25,13.160046577453612
2008-01-28,13.79268741607666
2008-01-29,13.632015228271484
2008-01-30,13.436198234558104
2008-01-31,14.224493980407717
2008-02-01,14.48056697845459
2008-02-04,13.873027801513672
2008-02-05,13.486411094665527
2008-02-06,13.26046085357666
2008-02-07,13.501471519470217
2008-02-08,13.486411094665527
2008-02-11,14.565922737121582
2008-02-12,15.238737106323242
2008-02-13,15.7257719039917
2008-02-14,15.238737106323242
2008-02-15,15.33413314819336
2008-02-19,15.319076538085938
2008-02-20,15.871384620666504
2008-02-21,15.605269432067873
2008-02-22,15.755895614624023
2008-02-25,16.167621612548828
2008-02-26,16.679765701293945
2008-02-27,16.142515182495117
2008-02-28,15.635396003723145
2008-02-29,15.479748725891112
2008-03-03,15.645437240600586
2008-03-04,15.635396003723145
2008-03-05,15.379323959350586
2008-03-06,14.560897827148438
2008-03-07,14.184331893920898
2008-03-10,14.159220695495604
2008-03-11,14.651277542114258
2008-03-12,14.89730739593506
2008-03-13,14.776805877685549
2008-03-14,14.701489448547363
2008-03-17,14.79186725616455
2008-03-18,14.992709159851074
2008-03-19,15.981839179992676
2008-03-20,17.247140884399414
2008-03-24,17.11659049987793
2008-03-25,17.17684555053711
2008-03-26,16.70988655090332
2008-03-27,16.167621612548828
2008-03-28,15.911548614501951
2008-03-31,16.343358993530273
2008-04-01,17.242116928100586
2008-04-02,17.508230209350586
2008-04-03,17.548398971557617
2008-04-04,17.277263641357422
2008-04-07,17.523298263549805
2008-04-08,17.15990447998047
2008-04-09,16.81670379638672
2008-04-10,17.35169792175293
2008-04-11,17.134662628173828
2008-04-14,16.796520233154297
2008-04-15,17.381975173950195
2008-04-16,17.614139556884766
2008-04-17,17.84125328063965
2008-04-18,18.02799415588379
2008-04-21,17.927051544189453
2008-04-22,17.45262908935547
2008-04-23,17.37693214416504
2008-04-24,17.412261962890625
2008-04-25,18.03808784484864
2008-04-28,17.704978942871094
2008-04-29,17.836210250854492
2008-04-30,17.95733642578125
2008-05-01,18.65887451171875
2008-05-02,18.436805725097656
2008-05-05,18.67905616760254
2008-05-06,18.62859344482422
2008-05-07,18.421669006347656
2008-05-08,18.547840118408203
2008-05-09,18.0532283782959
2008-05-12,18.62859344482422
2008-05-13,18.68410873413086
2008-05-14,18.764863967895508
2008-05-15,18.9011344909668
2008-05-16,18.17940139770508
2008-05-19,18.26015281677246
2008-05-20,17.397113800048828
2008-05-21,16.635009765625
2008-05-22,16.761188507080078
2008-05-23,16.019275665283203
2008-05-27,16.746051788330078
2008-05-28,17.16495132446289
2008-05-29,17.437498092651367
2008-05-30,17.286081314086914
2008-06-02,17.0589656829834
2008-06-03,16.937835693359375
2008-06-04,17.129619598388672
2008-06-05,17.079147338867188
2008-06-06,16.231246948242188
2008-06-09,16.15554428100586
2008-06-10,16.195920944213867
2008-06-11,15.514566421508787
2008-06-12,15.893099784851074
2008-06-13,16.387712478637695
2008-06-16,16.720809936523438
2008-06-17,16.15554428100586
2008-06-18,15.847681999206545
2008-06-19,16.22115707397461
2008-06-20,15.968814849853516
2008-06-23,15.469151496887209
2008-06-24,15.94861888885498
2008-06-25,17.038772583007812
2008-06-26,16.468461990356445
2008-06-27,16.281728744506836
2008-06-30,16.120214462280273
2008-07-01,16.170690536499023
2008-07-02,15.504484176635742
2008-07-03,15.872912406921388
2008-07-07,15.822443008422852
2008-07-08,16.7418155670166
2008-07-09,15.949432373046877
2008-07-10,15.339898109436035
2008-07-11,14.837032318115234
2008-07-14,14.923382759094238
2008-07-15,14.75068187713623
2008-07-16,15.446560859680176
2008-07-17,16.10689353942871
2008-07-18,16.010379791259766
2008-07-21,15.502439498901367
2008-07-22,16.183082580566406
2008-07-23,16.985626220703125
2008-07-24,16.157682418823242
2008-07-25,15.79704475402832
2008-07-28,15.79704475402832
2008-07-29,16.508159637451172
2008-07-30,16.960237503051758
2008-07-31,16.543720245361328
2008-08-01,16.289756774902344
2008-08-04,16.345623016357422
2008-08-05,17.676437377929688
2008-08-06,17.610401153564453
2008-08-07,17.0161075592041
2008-08-08,18.108184814453125
2008-08-11,18.79898834228516
2008-08-12,18.12850952148437
2008-08-13,17.625642776489258
2008-08-14,18.148826599121094
2008-08-15,18.30628204345703
2008-08-18,17.762786865234375
2008-08-19,16.767215728759766
2008-08-20,16.51325035095215
2008-08-21,16.41165542602539
2008-08-22,17.051666259765625
2008-08-25,16.386266708374023
2008-08-26,14.349411964416504
2008-08-27,14.28337287902832
2008-08-28,14.608453750610352
2008-08-29,14.87767219543457
2008-09-02,15.12656307220459
2008-09-03,14.89798641204834
2008-09-04,14.87767219543457
2008-09-05,15.111315727233888
2008-09-08,15.60910701751709
2008-09-09,14.994495391845703
2008-09-10,15.502439498901367
2008-09-11,15.771644592285156
2008-09-12,15.456721305847168
2008-09-15,14.994495391845703
2008-09-16,15.1824369430542
2008-09-17,14.638933181762695
2008-09-18,14.953861236572266
2008-09-19,16.111967086791992
2008-09-22,15.162117004394531
2008-09-23,14.501789093017578
2008-09-24,14.237652778625488
2008-09-25,14.278290748596191
2008-09-26,14.506871223449709
2008-09-29,13.8516206741333
2008-09-30,14.54242992401123
2008-10-01,14.659245491027832
2008-10-02,14.511943817138672
2008-10-03,13.943053245544434
2008-10-06,13.140499114990234
2008-10-07,12.886531829833984
2008-10-08,12.32335090637207
2008-10-09,10.874449729919434
2008-10-10,10.971726417541504
2008-10-13,11.918882369995115
2008-10-14,11.401789665222168
2008-10-15,10.469982147216797
2008-10-16,10.75157642364502
2008-10-17,10.859092712402344
2008-10-20,11.08948040008545
2008-10-21,10.75157642364502
2008-10-22,10.050163269042969
2008-10-23,9.840249061584473
2008-10-24,9.57913875579834
2008-10-27,9.256595611572266
2008-10-28,10.086000442504885
2008-10-29,10.219115257263184
2008-10-30,10.597978591918944
2008-10-31,11.350591659545898
2008-11-03,11.14579963684082
2008-11-04,11.71921157836914
2008-11-05,10.73109245300293
2008-11-06,10.41878604888916
2008-11-07,10.029681205749512
2008-11-10,9.533059120178224
2008-11-11,9.36410903930664
2008-11-12,8.959646224975586
2008-11-13,9.41018772125244
2008-11-14,8.88796615600586
2008-11-17,8.57565689086914
2008-11-18,8.46302318572998
2008-11-19,7.64897871017456
2008-11-20,6.932204723358154
2008-11-21,7.321310997009277
2008-11-24,8.017603874206543
2008-11-25,8.488622665405273
2008-11-26,9.282193183898926
2008-11-28,9.36410903930664
2008-12-01,8.335027694702148
2008-12-02,8.72413444519043
2008-12-03,9.287311553955078
2008-12-04,9.65593433380127
2008-12-05,10.495580673217772
2008-12-08,11.278911590576172
2008-12-09,10.741333961486816
2008-12-10,11.14579963684082
2008-12-11,10.244714736938477
2008-12-12,11.26355266571045
2008-12-15,10.992207527160645
2008-12-16,11.749935150146484
2008-12-17,12.354071617126465
2008-12-18,12.277276039123535
2008-12-19,14.617018699645996
2008-12-22,14.53510284423828
2008-12-23,14.207438468933104
2008-12-24,14.514625549316406
2008-12-26,14.591422080993652
2008-12-29,14.089686393737791
2008-12-30,14.345672607421877
2008-12-31,14.427589416503906
2009-01-02,15.123882293701172
2009-01-05,14.7142972946167
2009-01-06,14.816689491271973
2009-01-07,14.1568021774292
2009-01-08,14.24443531036377
2009-01-09,13.754674911499023
2009-01-12,13.254605293273926
2009-01-13,13.228821754455566
2009-01-14,12.579235076904297
2009-01-15,12.960738182067873
2009-01-16,13.38863754272461
2009-01-20,12.141030311584473
2009-01-21,12.837008476257324
2009-01-22,13.919651985168455
2009-01-23,13.728899002075195
2009-01-26,13.996976852416992
2009-01-27,14.28053092956543
2009-01-28,14.497055053710938
2009-01-29,14.11039924621582
2009-01-30,13.517532348632812
2009-02-02,13.49689769744873
2009-02-03,13.93511199951172
2009-02-04,14.378480911254885
2009-02-05,14.667181015014648
2009-02-06,14.790923118591309
2009-02-09,14.744516372680664
2009-02-10,14.043375968933104
2009-02-11,14.527987480163574
2009-02-12,15.089922904968262
2009-02-13,15.115711212158203
2009-02-17,14.424875259399414
2009-02-18,14.228976249694824
2009-02-19,14.043375968933104
2009-02-20,14.553763389587402
2009-02-23,14.120709419250488
2009-02-24,14.625943183898926
2009-02-25,14.491903305053713
2009-02-26,13.57938289642334
2009-02-27,13.991823196411133
2009-03-02,13.25974941253662
2009-03-03,13.012293815612791
2009-03-04,13.14117431640625
2009-03-05,12.749369621276855
2009-03-06,12.816393852233888
2009-03-09,12.537992477416992
2009-03-10,13.904183387756348
2009-03-11,13.811384201049805
2009-03-12,14.497055053710938
2009-03-13,14.744516372680664
2009-03-16,14.837313652038574
2009-03-17,15.414718627929688
2009-03-18,18.492507934570312
2009-03-19,18.013059616088867
2009-03-20,17.466585159301758
2009-03-23,18.64202117919922
2009-03-24,17.73465919494629
2009-03-25,18.13163185119629
2009-03-26,19.080230712890625
2009-03-27,18.25536346435547
2009-03-30,18.018213272094727
2009-03-31,17.66248321533203
2009-04-01,17.992431640625
2009-04-02,18.7038803100586
2009-04-03,18.81214714050293
2009-04-06,18.471885681152344
2009-04-07,17.76681137084961
2009-04-08,18.57557678222656
2009-04-09,19.20288848876953
2009-04-13,19.685028076171875
2009-04-14,19.07328224182129
2009-04-15,19.005874633789062
2009-04-16,19.980531692504883
2009-04-17,20.493793487548828
2009-04-20,20.208646774291992
2009-04-21,20.28122901916504
2009-04-22,20.87224578857422
2009-04-23,20.835956573486328
2009-04-24,20.5922966003418
2009-04-27,19.975345611572266
2009-04-28,19.757614135742188
2009-04-29,19.04735374450684
2009-04-30,19.16660118103028
2009-05-01,18.72591781616211
2009-05-04,19.949424743652344
2009-05-05,20.187911987304688
2009-05-06,19.60726547241211
2009-05-07,19.213247299194336
2009-05-08,18.674072265625
2009-05-11,18.632604598999023
2009-05-12,18.088245391845703
2009-05-13,17.305404663085938
2009-05-14,17.782365798950195
2009-05-15,17.678682327270508
2009-05-18,18.502992630004883
2009-05-19,18.32154083251953
2009-05-20,18.03640365600586
2009-05-21,17.331327438354492
2009-05-22,17.12912940979004
2009-05-26,18.47707176208496
2009-05-27,18.38893699645996
2009-05-28,18.34745979309082
2009-05-29,18.751840591430664
2009-06-01,19.48802757263184
2009-06-02,19.145856857299805
2009-06-03,18.808868408203125
2009-06-04,18.166013717651367
2009-06-05,18.10897827148437
2009-06-08,17.70978355407715
2009-06-09,17.932716369628906
2009-06-10,17.549072265625
2009-06-11,17.092845916748047
2009-06-12,17.523151397705078
2009-06-15,17.559444427490234
2009-06-16,17.14469337463379
2009-06-17,17.160240173339844
2009-06-18,17.388357162475586
2009-06-19,17.989742279052734
2009-06-22,17.751256942749023
2009-06-23,17.10840606689453
2009-06-24,16.558853149414062
2009-06-25,16.99434471130371
2009-06-26,16.698829650878906
2009-06-29,17.512781143188477
2009-06-30,17.0980224609375
2009-07-01,17.663131713867188
2009-07-02,17.139503479003906
2009-07-06,17.222461700439453
2009-07-07,16.667728424072266
2009-07-08,16.908079147338867
2009-07-09,16.960325241088867
2009-07-10,16.908079147338867
2009-07-13,17.080509185791016
2009-07-14,17.60300636291504
2009-07-15,17.409677505493164
2009-07-16,17.691829681396484
2009-07-17,17.613454818725586
2009-07-20,17.754526138305664
2009-07-21,17.566431045532227
2009-07-22,17.822450637817383
2009-07-23,17.8642520904541
2009-07-24,17.514177322387695
2009-07-27,17.582101821899414
2009-07-28,17.508953094482422
2009-07-29,17.007356643676758
2009-07-30,17.169322967529297
2009-07-31,16.923751831054688
2009-08-03,17.394006729125977
2009-08-04,17.639575958251953
2009-08-05,17.780649185180664
2009-08-06,16.77223014831543
2009-08-07,16.67818260192871
2009-08-10,17.0387020111084
2009-08-11,16.58935546875
2009-08-12,16.30720329284668
2009-08-13,16.296751022338867
2009-08-14,16.56845474243164
2009-08-17,16.30720329284668
2009-08-18,16.51097869873047
2009-08-19,16.688623428344727
2009-08-20,17.033479690551758
2009-08-21,17.38355255126953
2009-08-24,17.373104095458984
2009-08-25,17.555971145629883
2009-08-26,17.65524673461914
2009-08-27,17.623903274536133
2009-08-28,17.514177322387695
2009-08-31,17.205907821655273
2009-09-01,17.221580505371094
2009-09-02,17.247705459594727
2009-09-03,17.592554092407227
2009-09-04,17.979206085205078
2009-09-08,17.843351364135742
2009-09-09,18.130727767944336
2009-09-10,18.130727767944336
2009-09-11,18.05235290527344
2009-09-14,18.2352294921875
2009-09-15,18.2613582611084
2009-09-16,18.998083114624023
2009-09-17,19.14436721801757
2009-09-18,19.39517402648925
2009-09-21,19.186176300048828
2009-09-22,19.21753120422364
2009-09-23,18.329280853271484
2009-09-24,18.517370223999023
2009-09-25,18.600975036621094
2009-09-28,18.88312339782715
2009-09-29,18.88835525512696
2009-09-30,17.832895278930664
2009-10-01,17.320850372314453
2009-10-02,17.346975326538086
2009-10-05,17.608226776123047
2009-10-06,17.477603912353516
2009-10-07,17.314407348632812
2009-10-08,17.33547019958496
2009-10-09,17.367046356201172
2009-10-12,17.53024673461914
2009-10-13,17.361783981323242
2009-10-14,17.240713119506836
2009-10-15,17.567092895507812
2009-10-16,17.482864379882812
2009-10-19,17.661849975585938
2009-10-20,17.161745071411133
2009-10-21,16.4089412689209
2009-10-22,16.78797149658203
2009-10-23,16.47211456298828
2009-10-26,16.524755477905273
2009-10-27,16.377355575561523
2009-10-28,16.25101089477539
2009-10-29,16.477380752563477
2009-10-30,15.95620822906494
2009-11-02,16.00885009765625
2009-11-03,16.314180374145508
2009-11-04,16.782718658447266
2009-11-05,17.25650405883789
2009-11-06,17.18806266784668
2009-11-09,17.193328857421875
2009-11-10,17.14068603515625
2009-11-11,17.17226791381836
2009-11-12,16.782718658447266
2009-11-13,16.89852523803711
2009-11-16,17.25650405883789
2009-11-17,17.098567962646484
2009-11-18,17.119630813598633
2009-11-19,16.687957763671875
2009-11-20,16.55108070373535
2009-11-23,16.7405948638916
2009-11-24,16.514230728149414
2009-11-25,16.377355575561523
2009-11-27,16.398418426513672
2009-11-30,16.545812606811523
2009-12-01,16.756380081176758
2009-12-02,17.009077072143555
2009-12-03,16.65636444091797
2009-12-04,16.95643424987793
2009-12-07,16.924850463867188
2009-12-08,16.798507690429688
2009-12-09,16.81429100036621
2009-12-10,16.914318084716797
2009-12-11,17.082775115966797
2009-12-14,17.014345169067383
2009-12-15,17.14068603515625
2009-12-16,17.56183433532715
2009-12-17,17.240713119506836
2009-12-18,18.49361991882324
2009-12-21,18.76736831665039
2009-12-22,18.90949821472168
2009-12-23,18.920034408569336
2009-12-24,18.914770126342773
2009-12-28,18.65680885314941
2009-12-29,18.698936462402344
2009-12-30,18.546262741088867
2009-12-31,18.4620361328125
2010-01-04,18.425180435180664
2010-01-05,18.34621238708496
2010-01-06,18.2348690032959
2010-01-07,18.4045467376709
2010-01-08,18.09700393676757
2010-01-11,18.04928970336914
2010-01-12,17.96445083618164
2010-01-13,18.08640480041504
2010-01-14,18.966598510742188
2010-01-15,18.717390060424805
2010-01-19,19.00371360778809
2010-01-20,19.36958122253418
2010-01-21,19.38018226623535
2010-01-22,19.17338752746582
2010-01-25,19.09385299682617
2010-01-26,19.34305953979492
2010-01-27,19.41730117797852
2010-01-28,19.857397079467773
2010-01-29,19.59757423400879
2010-02-01,20.06949615478516
2010-02-02,20.302793502807617
2010-02-03,20.159639358520508
2010-02-04,19.83088493347168
2010-02-05,19.931625366210938
2010-02-08,19.89982032775879
2010-02-09,20.36642265319824
2010-02-10,20.175535202026367
2010-02-11,20.5520076751709
2010-02-12,20.67395401000977
2010-02-16,21.426897048950195
2010-02-17,21.522340774536133
2010-02-18,21.48522186279297
2010-02-19,21.76625633239746
2010-02-22,21.76625633239746
2010-02-23,21.53824615478516
2010-02-24,21.73443603515625
2010-02-25,21.38448143005371
2010-02-26,21.50113677978516
2010-03-01,21.81926727294922
2010-03-02,21.47991943359375
2010-03-03,21.522340774536133
2010-03-04,21.448110580444336
2010-03-05,21.729135513305664
2010-03-08,22.2646713256836
2010-03-09,22.285886764526367
2010-03-10,22.40253639221192
2010-03-11,22.418437957763672
2010-03-12,22.280580520629883
2010-03-15,22.503278732299805
2010-03-16,22.58812141418457
2010-03-17,23.06003189086914
2010-03-18,23.06003189086914
2010-03-19,23.14486694335937
2010-03-22,23.39938163757324
2010-03-23,23.282718658447266
2010-03-24,23.812973022460938
2010-03-25,23.69632148742676
2010-03-26,23.484224319458008
2010-03-29,23.84479141235352
2010-03-30,23.75462913513184
2010-03-31,23.61678123474121
2010-04-01,23.595571517944336
2010-04-05,24.1311092376709
2010-04-06,23.998550415039062
2010-04-07,24.73435401916504
2010-04-08,24.7290153503418
2010-04-09,24.952943801879883
2010-04-12,25.000940322875977
2010-04-13,25.05958747863769
2010-04-14,25.25686836242676
2010-04-15,25.01694297790528
2010-04-16,24.984941482543945
2010-04-19,25.17155647277832
2010-04-20,25.12356376647949
2010-04-21,25.27285385131836
2010-04-22,25.944669723510746
2010-04-23,25.95532989501953
2010-04-26,25.598100662231445
2010-04-27,25.064922332763672
2010-04-28,24.40909767150879
2010-04-29,24.579713821411133
2010-04-30,23.859920501708984
2010-05-03,24.238489151000977
2010-05-04,23.37472152709961
2010-05-05,23.284086227416992
2010-05-06,22.868207931518555
2010-05-07,22.718917846679688
2010-05-10,23.662647247314453
2010-05-11,23.849260330200195
2010-05-12,24.05719566345215
2010-05-13,23.566669464111328
2010-05-14,23.177452087402344
2010-05-17,23.44403839111328
2010-05-18,23.316076278686523
2010-05-19,23.24143409729004
2010-05-20,22.35634422302246
2010-05-21,22.180400848388672
2010-05-24,22.03643226623535
2010-05-25,22.20172691345215
2010-05-26,22.425661087036133
2010-05-27,23.321413040161133
2010-05-28,22.87353706359864
2010-06-01,22.98550605773925
2010-06-02,23.518686294555664
2010-06-03,23.35874366760254
2010-06-04,22.53763008117676
2010-06-07,21.94046211242676
2010-06-08,22.0950870513916
2010-06-09,22.31902313232422
2010-06-10,22.82022476196289
2010-06-11,23.08148002624512
2010-06-14,23.3533992767334
2010-06-15,23.60399627685547
2010-06-16,23.811931610107425
2010-06-17,23.747955322265625
2010-06-18,23.715961456298828
2010-06-21,22.88419914245605
2010-06-22,22.60161018371582
2010-06-23,22.340356826782227
2010-06-24,21.039384841918945
2010-06-25,20.79412269592285
2010-06-28,21.15135383605957
2010-06-29,20.783456802368164
2010-06-30,20.71415328979492
2010-07-01,20.90609741210937
2010-07-02,20.5168571472168
2010-07-06,20.052997589111328
2010-07-07,20.59075736999512
2010-07-08,20.69831275939941
2010-07-09,21.20380401611328
2010-07-12,21.338233947753903
2010-07-13,22.15562438964844
2010-07-14,21.97279357910156
2010-07-15,22.107236862182617
2010-07-16,21.38125801086425
2010-07-19,21.3543701171875
2010-07-20,21.95128631591797
2010-07-21,21.875991821289062
2010-07-22,22.892364501953125
2010-07-23,22.892364501953125
2010-07-26,23.3763484954834
2010-07-27,23.22039794921875
2010-07-28,22.89773941040039
2010-07-29,22.569713592529297
2010-07-30,22.526689529418945
2010-08-02,22.74716758728028
2010-08-03,22.682632446289062
2010-08-04,22.752540588378903
2010-08-05,22.65575218200684
2010-08-06,22.48904037475586
2010-08-09,22.92462158203125
2010-08-10,22.71490859985352
2010-08-11,21.68778419494629
2010-08-12,21.757692337036133
2010-08-13,21.32210922241211
2010-08-16,21.623252868652344
2010-08-17,22.031946182250977
2010-08-18,22.34922790527344
2010-08-19,22.080347061157227
2010-08-20,22.19327735900879
2010-08-23,22.166393280029297
2010-08-24,21.73079872131348
2010-08-25,21.96203994750977
2010-08-26,22.316953659057617
2010-08-27,22.84934425354004
2010-08-30,22.2524356842041
2010-08-31,22.187908172607425
2010-09-01,22.973024368286133
2010-09-02,23.779659271240234
2010-09-03,23.96249389648437
2010-09-07,23.865705490112305
2010-09-08,23.860328674316406
2010-09-09,23.60220527648925
2010-09-10,24.06467056274414
2010-09-13,24.47875022888184
2010-09-14,24.532527923583984
2010-09-15,24.55940628051757
2010-09-16,24.199113845825195
2010-09-17,24.05392074584961
2010-09-20,24.215246200561523
2010-09-21,23.67210960388184
2010-09-22,23.35483360290528
2010-09-23,23.171998977661133
2010-09-24,23.45163345336914
2010-09-27,23.32256126403809
2010-09-28,23.457006454467773
2010-09-29,23.155855178833008
2010-09-30,23.00528717041016
2010-10-01,23.11823081970215
2010-10-04,23.12360000610352
2010-10-05,23.66672706604004
2010-10-06,23.628820419311523
2010-10-07,24.00257873535156
2010-10-08,23.89966583251953
2010-10-11,23.926746368408203
2010-10-12,23.840070724487305
2010-10-13,23.905088424682617
2010-10-14,24.28426551818848
2010-10-15,24.235509872436523
2010-10-18,24.08383560180664
2010-10-19,23.747989654541016
2010-10-20,24.23009490966797
2010-10-21,24.13259506225586
2010-10-22,25.38932228088379
2010-10-25,25.27015686035156
2010-10-26,25.140155792236328
2010-10-27,24.44677734375
2010-10-28,24.614709854125977
2010-10-29,24.760969161987305
2010-11-01,24.934301376342773
2010-11-02,25.010149002075195
2010-11-03,25.34057807922364
2010-11-04,25.931028366088867
2010-11-05,26.1043701171875
2010-11-08,26.017696380615234
2010-11-09,25.66018486022949
2010-11-10,26.12062644958496
2010-11-11,26.7110652923584
2010-11-12,26.35354995727539
2010-11-15,26.564807891845703
2010-11-16,25.76852035522461
2010-11-17,26.55397224426269
2010-11-18,26.46730613708496
2010-11-19,26.564807891845703
2010-11-22,26.65149307250977
2010-11-23,26.6243953704834
2010-11-24,26.9115047454834
2010-11-26,26.808576583862305
2010-11-29,26.683979034423828
2010-11-30,26.51605987548828
2010-12-01,26.71648597717285
2010-12-02,27.095684051513672
2010-12-03,27.2581787109375
2010-12-06,27.144428253173828
2010-12-07,27.24734878540039
2010-12-08,26.86816596984864
2010-12-09,26.88441467285156
2010-12-10,26.80315971374512
2010-12-13,26.293970108032227
2010-12-14,26.19104766845703
2010-12-15,26.5377254486084
2010-12-16,26.927753448486328
2010-12-17,27.02524185180664
2010-12-20,27.317766189575195
2010-12-21,25.75226593017578
2010-12-22,25.56809425354004
2010-12-23,25.324323654174805
2010-12-27,25.394750595092773
2010-12-28,25.23222923278809
2010-12-29,25.438077926635746
2010-12-30,25.37848472595215
2010-12-31,25.15639877319336
2011-01-03,25.29182815551757
2011-01-04,25.297243118286133
2011-01-05,25.004714965820312
2011-01-06,25.326560974121094
2011-01-07,25.370189666748047
2011-01-10,25.233827590942383
2011-01-11,24.857452392578125
2011-01-12,25.09199333190918
2011-01-13,25.14654922485352
2011-01-14,25.17381477355957
2011-01-18,24.928354263305664
2011-01-19,25.05381774902344
2011-01-20,25.332008361816406
2011-01-21,25.31019592285156
2011-01-24,25.277462005615234
2011-01-25,25.817487716674805
2011-01-26,24.955629348754883
2011-01-27,25.05926322937012
2011-01-28,24.644710540771484
2011-01-31,25.697479248046875
2011-02-01,26.3684139251709
2011-02-02,26.510234832763672
2011-02-03,26.89208030700684
2011-02-04,26.722984313964844
2011-02-07,26.30841636657715
2011-02-08,26.570247650146484
2011-02-09,26.70660781860352
2011-02-10,26.668432235717773
2011-02-11,26.995729446411133
2011-02-14,26.96299362182617
2011-02-15,26.902990341186523
2011-02-16,27.082977294921875
2011-02-17,27.241186141967773
2011-02-18,27.32846641540528
2011-02-22,26.461156845092773
2011-02-23,25.75749015808105
2011-02-24,25.53929901123047
2011-02-25,25.79021072387696
2011-02-28,25.70838928222656
2011-03-01,25.55565071105957
2011-03-02,25.332008361816406
2011-03-03,25.681114196777344
2011-03-04,25.26655006408692
2011-03-07,25.28837203979492
2011-03-08,25.277462005615234
2011-03-09,25.741111755371094
2011-03-10,25.61020278930664
2011-03-11,25.63202667236328
2011-03-14,25.528396606445312
2011-03-15,25.332008361816406
2011-03-16,25.048355102539062
2011-03-17,25.124731063842773
2011-03-18,25.19564247131348
2011-03-21,25.38655662536621
2011-03-22,25.49565315246582
2011-03-23,25.78475570678711
2011-03-24,26.18840980529785
2011-03-25,24.89017868041992
2011-03-28,25.17381477355957
2011-03-29,25.84476089477539
2011-03-30,26.466615676879883
2011-03-31,26.799354553222656
2011-04-01,26.537521362304688
2011-04-04,26.510234832763672
2011-04-05,26.41750717163086
2011-04-06,26.395553588867188
2011-04-07,26.060592651367188
2011-04-08,25.747608184814453
2011-04-11,25.63778114318848
2011-04-12,25.73112678527832
2011-04-13,25.55541229248047
2011-04-14,26.016664505004883
2011-04-15,26.1868953704834
2011-04-18,25.934295654296875
2011-04-19,26.1704216003418
2011-04-20,26.609703063964844
2011-04-21,26.36809158325196
2011-04-25,26.373579025268555
2011-04-26,26.30220031738281
2011-04-27,26.02214241027832
2011-04-28,26.03313636779785
2011-04-29,25.79153823852539
2011-05-02,25.884885787963867
2011-05-03,25.747608184814453
2011-05-04,26.466936111450195
2011-05-05,26.86777687072754
2011-05-06,26.593223571777344
2011-05-09,26.4888916015625
2011-05-10,26.68108558654785
2011-05-11,26.8403263092041
2011-05-12,27.416887283325195
2011-05-13,27.62554931640625
2011-05-16,27.554155349731445
2011-05-17,27.50475311279297
2011-05-18,27.911075592041016
2011-05-19,28.570009231567383
2011-05-20,28.289958953857425
2011-05-23,28.262508392333984
2011-05-24,28.21857452392578
2011-05-25,27.99345016479492
2011-05-26,28.05934715270996
2011-05-27,27.96049118041992
2011-05-31,27.812240600585938
2011-06-01,27.455326080322266
2011-06-02,26.900728225708008
2011-06-03,26.40104103088379
2011-06-06,26.14845085144043
2011-06-07,26.285734176635746
2011-06-08,25.972732543945312
2011-06-09,26.126483917236328
2011-06-10,25.78603744506836
2011-06-13,25.75309944152832
2011-06-14,26.11001205444336
2011-06-15,25.81349754333496
2011-06-16,25.73112678527832
2011-06-17,25.873891830444336
2011-06-20,25.89585876464844
2011-06-21,26.62617492675781
2011-06-22,26.4998779296875
2011-06-23,26.73050308227539
2011-06-24,26.63716125488281
2011-06-27,26.47792053222656
2011-06-28,27.04349136352539
2011-06-29,27.070947647094727
2011-06-30,27.323543548583984
2011-07-01,28.987335205078125
2011-07-05,29.366214752197266
2011-07-06,29.239913940429688
2011-07-07,29.68832015991211
2011-07-08,29.46134757995605
2011-07-11,28.885637283325195
2011-07-12,29.079376220703125
2011-07-13,29.20669937133789
2011-07-14,29.035091400146484
2011-07-15,29.11813735961914
2011-07-18,29.07384490966797
2011-07-19,29.67724800109864
2011-07-20,29.37831687927246
2011-07-21,29.64402961730957
2011-07-22,29.49457550048828
2011-07-25,29.40045738220215
2011-07-26,29.334041595458984
2011-07-27,28.37634658813477
2011-07-28,28.038658142089844
2011-07-29,28.121692657470703
2011-08-01,27.75079917907715
2011-08-02,26.726694107055664
2011-08-03,27.280258178710938
2011-08-04,26.26168632507324
2011-08-05,26.54953956604004
2011-08-08,24.944168090820312
2011-08-09,25.53095817565918
2011-08-10,24.93863868713379
2011-08-11,26.81525421142578
2011-08-12,26.95919418334961
2011-08-15,27.10311317443848
2011-08-16,26.865074157714844
2011-08-17,26.82632827758789
2011-08-18,25.1102352142334
2011-08-19,24.883275985717773
2011-08-22,25.27630424499512
2011-08-23,26.22846221923828
2011-08-24,26.272743225097656
2011-08-25,25.05488586425781
2011-08-26,25.375959396362305
2011-08-29,26.38899803161621
2011-08-30,26.77649688720703
2011-08-31,26.62704086303711
2011-09-01,26.294902801513672
2011-09-02,25.70256233215332
2011-09-06,25.564178466796875
2011-09-07,24.656307220458984
2011-09-08,24.55112266540528
2011-09-09,24.00861930847168
2011-09-12,24.030765533447266
2011-09-13,24.202367782592773
2011-09-14,24.877742767333984
2011-09-15,25.021669387817383
2011-09-16,25.24863052368164
2011-09-19,25.58077049255371
2011-09-20,24.816844940185547
2011-09-21,24.29094314575196
2011-09-22,24.66737937927246
2011-09-23,25.497743606567383
2011-09-26,26.48310279846192
2011-09-27,26.00703430175781
2011-09-28,24.52345848083496
2011-09-29,24.075050354003903
2011-09-30,23.66539764404297
2011-10-03,22.990036010742188
2011-10-04,23.261289596557617
2011-10-05,23.95326042175293
2011-10-06,24.21606063842773
2011-10-07,24.6689510345459
2011-10-10,25.36227798461914
2011-10-11,25.6698055267334
2011-10-12,25.904645919799805
2011-10-13,26.10033798217773
2011-10-14,26.089160919189453
2011-10-17,25.457332611083984
2011-10-18,26.14505386352539
2011-10-19,25.77603530883789
2011-10-20,25.74807357788086
2011-10-21,26.374311447143555
2011-10-24,26.67065620422364
2011-10-25,26.32957649230957
2011-10-26,26.150653839111328
2011-10-27,27.363977432250977
2011-10-28,27.117956161499023
2011-10-31,26.771299362182617
2011-11-01,26.44699478149414
2011-11-02,26.35753059387207
2011-11-03,26.575597763061523
2011-11-04,26.480545043945312
2011-11-07,26.458181381225582
2011-11-08,26.60915184020996
2011-11-09,25.977331161499023
2011-11-10,26.01645469665528
2011-11-11,26.50850296020508
2011-11-14,26.41903686523437
2011-11-15,26.888710021972656
2011-11-16,26.32398223876953
2011-11-17,26.217761993408203
2011-11-18,25.98291015625
2011-11-21,25.323137283325195
2011-11-22,25.188953399658203
2011-11-23,24.97647285461425
2011-11-25,24.93734169006348
2011-11-28,25.74250030517578
2011-11-29,25.943777084350582
2011-11-30,26.67624282836914
2011-12-01,26.53086853027344
2011-12-02,26.575597763061523
2011-12-05,26.68742561340332
2011-12-06,23.382946014404297
2011-12-07,24.28316116333008
2011-12-08,24.087451934814453
2011-12-09,24.16013526916504
2011-12-12,24.462078094482425
2011-12-13,24.28316116333008
2011-12-14,24.11540985107422
2011-12-15,24.45648765563965
2011-12-16,24.422941207885746
2011-12-19,24.11540985107422
2011-12-20,24.56271171569824
2011-12-21,24.99324607849121
2011-12-22,25.14422035217285
2011-12-23,25.552385330200195
2011-12-27,25.887863159179688
2011-12-28,25.278404235839844
2011-12-29,25.569150924682617
2011-12-30,25.485286712646484
2012-01-03,24.965301513671875
2012-01-04,25.138628005981445
2012-01-05,25.40701484680176
2012-01-06,25.028812408447266
2012-01-09,24.848182678222656
2012-01-10,25.051382064819336
2012-01-11,25.14170265197754
2012-01-12,25.203807830810547
2012-01-13,25.15299224853516
2012-01-17,25.344921112060547
2012-01-18,25.8698787689209
2012-01-19,26.02793312072754
2012-01-20,26.38919448852539
2012-01-23,26.242435455322266
2012-01-24,26.011005401611328
2012-01-25,26.383554458618164
2012-01-26,26.338397979736328
2012-01-27,26.039215087890625
2012-01-30,26.10696029663086
2012-01-31,25.89245986938477
2012-02-01,26.47951316833496
2012-02-02,26.49643898010254
2012-02-03,27.38831901550293
2012-02-06,27.28670692443848
2012-02-07,27.743932723999023
2012-02-08,27.73264503479004
2012-02-09,27.89634895324707
2012-02-10,27.91327857971192
2012-02-13,27.822961807250977
2012-02-14,27.619752883911133
2012-02-15,27.7834587097168
2012-02-16,28.52855491638184
2012-02-17,28.73177528381348
2012-02-21,28.74870109558105
2012-02-22,28.291467666625977
2012-02-23,28.110843658447266
2012-02-24,27.766515731811523
2012-02-27,27.72699546813965
2012-02-28,28.81644630432129
2012-02-29,28.78256225585937
2012-03-01,28.302764892578125
2012-03-02,28.0882568359375
2012-03-05,28.67531394958496
2012-03-06,27.958438873291016
2012-03-07,28.551136016845703
2012-03-08,29.008359909057617
2012-03-09,29.04787826538086
2012-03-12,29.0930290222168
2012-03-13,29.71958541870117
2012-03-14,29.640575408935547
2012-03-15,29.934085845947266
2012-03-16,29.640575408935547
2012-03-19,29.657508850097656
2012-03-20,29.708314895629883
2012-03-21,29.538969039916992
2012-03-22,29.256711959838867
2012-03-23,28.74304962158203
2012-03-26,29.318824768066406
2012-03-27,28.686601638793945
2012-03-28,28.342273712158203
2012-03-29,28.618860244750977
2012-03-30,28.878530502319336
2012-04-02,28.93497467041016
2012-04-03,28.70918655395508
2012-04-04,28.285829544067383
2012-04-05,28.4680233001709
2012-04-09,28.058094024658203
2012-04-10,27.762012481689453
2012-04-11,28.382625579833984
2012-04-12,28.34845733642578
2012-04-13,28.627439498901367
2012-04-16,28.58758354187012
2012-04-17,28.359840393066406
2012-04-18,28.59897422790528
2012-04-19,28.30290603637696
2012-04-20,28.428173065185547
2012-04-23,28.4395694732666
2012-04-24,28.69007110595703
2012-04-25,28.92350578308105
2012-04-26,28.95767593383789
2012-04-27,28.71854782104492
2012-04-30,28.51358222961425
2012-05-01,29.253746032714844
2012-05-02,29.02599334716797
2012-05-03,28.752704620361328
2012-05-04,28.821025848388672
2012-05-07,28.71854782104492
2012-05-08,28.553422927856445
2012-05-09,28.57050323486328
2012-05-10,28.974754333496094
2012-05-11,28.82671165466309
2012-05-14,28.71284484863281
2012-05-15,29.327749252319336
2012-05-16,30.38677024841309
2012-05-17,29.453020095825195
2012-05-18,29.111406326293945
2012-05-21,29.6921501159668
2012-05-22,29.823097229003903
2012-05-23,30.36398696899414
2012-05-24,30.312747955322266
2012-05-25,30.21027183532715
2012-05-29,30.60313034057617
2012-05-30,29.413158416748047
2012-05-31,29.453020095825195
2012-06-01,28.39401054382324
2012-06-04,27.99545860290528
2012-06-05,28.035308837890625
2012-06-06,28.359840393066406
2012-06-07,28.01822280883789
2012-06-08,28.47941398620605
2012-06-11,28.17764472961425
2012-06-12,28.234588623046875
2012-06-13,28.058094024658203
2012-06-14,28.542037963867188
2012-06-15,29.29929542541504
2012-06-18,29.38469123840332
2012-06-19,29.31637382507324
2012-06-20,29.293607711791992
2012-06-21,28.69007110595703
2012-06-22,28.490800857543945
2012-06-25,28.20612525939941
2012-06-26,28.48510360717773
2012-06-27,28.17764472961425
2012-06-28,28.01253890991211
2012-06-29,28.82671165466309
2012-07-02,28.87227249145508
2012-07-03,29.1854190826416
2012-07-05,29.53841590881348
2012-07-06,29.199228286743164
2012-07-09,29.279720306396484
2012-07-10,29.124494552612305
2012-07-11,28.963525772094727
2012-07-12,28.86003494262696
2012-07-13,28.87154006958008
2012-07-16,28.92902183532715
2012-07-17,29.486682891845703
2012-07-18,29.59591293334961
2012-07-19,29.94659805297852
2012-07-20,29.37746238708496
2012-07-23,28.687572479248047
2012-07-24,28.285140991210938
2012-07-25,28.19890594482422
2012-07-26,29.314208984375
2012-07-27,29.88910484313965
2012-07-30,29.808624267578125
2012-07-31,29.42344093322754
2012-08-01,29.486682891845703
2012-08-02,29.434946060180664
2012-08-03,30.15357780456543
2012-08-06,30.37201881408692
2012-08-07,30.532995223999023
2012-08-08,30.73997688293457
2012-08-09,30.532995223999023
2012-08-10,30.383522033691406
2012-08-13,30.39503288269043
2012-08-14,30.699726104736328
2012-08-15,30.676721572875977
2012-08-16,30.952686309814453
2012-08-17,30.969940185546875
2012-08-20,30.73422622680664
2012-08-21,30.55599021911621
2012-08-22,30.383522033691406
2012-08-23,29.578672409057617
2012-08-24,30.0960750579834
2012-08-27,29.992595672607425
2012-08-28,29.94659805297852
2012-08-29,30.170812606811523
2012-08-30,30.00983428955078
2012-08-31,29.86612129211425
2012-09-04,29.75689125061035
2012-09-05,29.93510627746582
2012-09-06,30.76871490478516
2012-09-07,30.7514762878418
2012-09-10,31.010168075561523
2012-09-11,30.975675582885746
2012-09-12,31.37811851501465
2012-09-13,31.521846771240234
2012-09-14,31.06766128540039
2012-09-17,31.320619583129883
2012-09-18,31.53330993652344
2012-09-19,31.79203224182129
2012-09-20,31.458600997924805
2012-09-21,32.89010238647461
2012-09-24,32.55665588378906
2012-09-25,32.108245849609375
2012-09-26,32.06223678588867
2012-09-27,32.131221771240234
2012-09-28,32.05073928833008
2012-10-01,31.970245361328125
2012-10-02,31.889768600463867
2012-10-03,32.010498046875
2012-10-04,32.21745300292969
2012-10-05,31.956438064575195
2012-10-08,31.962236404418945
2012-10-09,31.753393173217773
2012-10-10,31.718595504760746
2012-10-11,31.57937240600586
2012-10-12,31.52717018127441
2012-10-15,31.42856407165528
2012-10-16,32.04924392700195
2012-10-17,31.962236404418945
2012-10-18,32.0260124206543
2012-10-19,31.225526809692383
2012-10-22,31.12690734863281
2012-10-23,31.00510025024414
2012-10-24,30.26839637756348
2012-10-25,30.54684829711914
2012-10-26,30.47723960876465
2012-10-31,30.52364730834961
2012-11-01,30.860088348388672
2012-11-02,30.529443740844727
2012-11-05,30.749868392944336
2012-11-06,31.3647518157959
2012-11-07,30.59324836730957
2012-11-08,29.786928176879883
2012-11-09,29.9377555847168
2012-11-12,29.798547744750977
2012-11-13,29.72893142700196
2012-11-14,29.201061248779297
2012-11-15,29.282276153564453
2012-11-16,29.53750991821289
2012-11-19,30.105981826782227
2012-11-20,30.448223114013672
2012-11-21,30.49464225769043
2012-11-23,31.05150985717773
2012-11-26,30.883289337158203
2012-11-27,30.715059280395508
2012-11-28,31.237123489379883
2012-11-29,31.12111091613769
2012-11-30,30.67445945739746
2012-12-03,30.40763092041016
2012-12-04,27.495641708374023
2012-12-05,27.379610061645508
2012-12-06,27.286815643310547
2012-12-07,27.066381454467773
2012-12-10,27.15339469909668
2012-12-11,26.863359451293945
2012-12-12,26.567514419555664
2012-12-13,26.63712310791016
2012-12-14,26.950368881225582
2012-12-17,27.19400978088379
2012-12-18,27.397016525268555
2012-12-19,27.15339469909668
2012-12-20,26.3760986328125
2012-12-21,26.178861618041992
2012-12-24,26.022247314453125
2012-12-26,25.82501220703125
2012-12-27,25.90042495727539
2012-12-28,25.77860641479492
2012-12-31,26.144058227539062
2013-01-02,26.335479736328125
2013-01-03,26.01064109802246
2013-01-04,26.950368881225582
2013-01-07,26.70673942565918
2013-01-08,26.571849822998047
2013-01-09,26.859214782714844
2013-01-10,26.530805587768555
2013-01-11,26.3431396484375
2013-01-14,26.178924560546875
2013-01-15,26.58357810974121
2013-01-16,26.60117149353028
2013-01-17,26.618764877319336
2013-01-18,26.61290740966797
2013-01-22,26.900266647338867
2013-01-23,26.68328094482422
2013-01-24,26.86508178710937
2013-01-25,26.900266647338867
2013-01-28,26.917856216430664
2013-01-29,26.97063636779785
2013-01-30,27.32250022888184
2013-01-31,27.26972770690918
2013-02-01,27.469118118286133
2013-02-04,27.521892547607425
2013-02-05,27.469118118286133
2013-02-06,27.7506160736084
2013-02-07,27.744747161865234
2013-02-08,27.774078369140625
2013-02-11,27.6098690032959
2013-02-12,27.45151329040528
2013-02-13,26.894397735595703
2013-02-14,26.69500541687012
2013-02-15,26.47801971435547
2013-02-19,26.53666877746582
2013-02-20,26.30208778381348
2013-02-21,26.23758316040039
2013-02-22,27.11138343811035
2013-02-25,26.53666877746582
2013-02-26,26.853347778320312
2013-02-27,27.463253021240234
2013-02-28,27.134841918945312
2013-03-01,27.082067489624023
2013-03-04,27.134841918945312
2013-03-05,27.34009552001953
2013-03-06,27.71541786193848
2013-03-07,27.84444236755371
2013-03-08,27.7564754486084
2013-03-11,27.90893745422364
2013-03-12,28.10833740234375
2013-03-13,28.74170684814453
2013-03-14,28.66547203063965
2013-03-15,28.95282554626465
2013-03-18,28.66547203063965
2013-03-19,28.53644561767578
2013-03-20,28.583364486694336
2013-03-21,28.712373733520508
2013-03-22,29.099441528320312
2013-03-25,29.54512596130371
2013-03-26,29.726926803588867
2013-03-27,29.70933532714844
2013-03-28,30.307504653930664
2013-04-01,29.85008430480957
2013-04-02,30.102256774902344
2013-04-03,29.68001937866211
2013-04-04,29.95563507080078
2013-04-05,29.638961791992188
2013-04-08,29.5560359954834
2013-04-09,29.08220291137696
2013-04-10,29.715959548950195
2013-04-11,29.514589309692383
2013-04-12,29.769264221191406
2013-04-15,28.9104232788086
2013-04-16,29.283586502075195
2013-04-17,28.886737823486328
2013-04-18,28.922269821166992
2013-04-19,28.957809448242188
2013-04-22,29.05849838256836
2013-04-23,29.544193267822266
2013-04-24,29.82257843017578
2013-04-25,30.189815521240234
2013-04-26,30.20165061950684
2013-04-29,30.13649177551269
2013-04-30,30.58072853088379
2013-05-01,30.616268157958984
2013-05-02,30.995338439941406
2013-05-03,31.285568237304688
2013-05-06,31.33887481689453
2013-05-07,31.48695182800293
2013-05-08,31.575794219970703
2013-05-09,31.38626480102539
2013-05-10,31.72387313842773
2013-05-13,31.48695182800293
2013-05-14,31.84233283996582
2013-05-15,31.93118667602539
2013-05-16,31.26189041137696
2013-05-17,31.64687156677246
2013-05-20,31.658735275268555
2013-05-21,31.77718734741211
2013-05-22,31.1671085357666
2013-05-23,31.522485733032227
2013-05-24,31.2915096282959
2013-05-28,31.587650299072266
2013-05-29,31.33887481689453
2013-05-30,31.084199905395508
2013-05-31,30.681427001953125
2013-06-03,31.131574630737305
2013-06-04,31.558040618896484
2013-06-05,31.23818588256836
2013-06-06,31.575794219970703
2013-06-07,32.12071990966797
2013-06-10,32.37540817260742
2013-06-11,32.12071990966797
2013-06-12,31.19672203063965
2013-06-13,31.558040618896484
2013-06-14,31.119728088378903
2013-06-17,31.255952835083008
2013-06-18,31.46918296813965
2013-06-19,31.1671085357666
2013-06-20,30.34380531311035
2013-06-21,29.686351776123047
2013-06-24,29.040733337402344
2013-06-25,29.06442642211914
2013-06-26,29.348737716674805
2013-06-27,29.26581382751465
2013-06-28,29.89956855773925
2013-07-01,29.99435043334961
2013-07-02,30.154266357421875
2013-07-03,30.18388557434082
2013-07-05,30.403038024902344
2013-07-08,30.96584701538086
2013-07-09,31.067630767822266
2013-07-10,30.50481986999512
2013-07-11,30.26533317565918
2013-07-12,30.1934871673584
2013-07-15,30.624561309814453
2013-07-16,30.139598846435547
2013-07-17,29.67259979248047
2013-07-18,29.97793769836425
2013-07-19,29.630687713623047
2013-07-22,29.46903419494629
2013-07-23,29.463048934936523
2013-07-24,28.966108322143555
2013-07-25,28.97210121154785
2013-07-26,29.2954044342041
2013-07-29,29.34928703308105
2013-07-30,29.34928703308105
2013-07-31,29.36725425720215
2013-08-01,29.67259979248047
2013-08-02,29.86419486999512
2013-08-05,29.708534240722656
2013-08-06,29.48700523376465
2013-08-07,29.74445533752441
2013-08-08,29.660629272460938
2013-08-09,29.67259979248047
2013-08-12,29.49298858642578
2013-08-13,29.42113304138184
2013-08-14,29.19361114501953
2013-08-15,28.642803192138672
2013-08-16,28.684703826904297
2013-08-19,28.529050827026367
2013-08-20,28.642803192138672
2013-08-21,28.097963333129883
2013-08-22,28.301532745361328
2013-08-23,28.14585876464844
2013-08-26,28.097963333129883
2013-08-27,27.81656646728516
2013-08-28,27.75668907165528
2013-08-29,27.87045288085937
2013-08-30,27.666887283325195
2013-09-03,27.666887283325195
2013-09-04,28.002161026000977
2013-09-05,28.056060791015625
2013-09-06,28.4093074798584
2013-09-09,28.529050827026367
2013-09-10,28.65477180480957
2013-09-11,28.99604797363281
2013-09-12,28.86433219909668
2013-09-13,28.96012306213379
2013-09-16,29.247509002685547
2013-09-17,29.684574127197266
2013-09-18,29.822280883789062
2013-09-19,29.516939163208008
2013-09-20,27.4094352722168
2013-09-23,27.69681930541992
2013-09-24,27.792613983154297
2013-09-25,27.541149139404297
2013-09-26,27.80459213256836
2013-09-27,27.960262298583984
2013-09-30,27.714784622192383
2013-10-01,28.056060791015625
2013-10-02,27.88242721557617
2013-10-03,27.511219024658203
2013-10-04,27.972227096557617
2013-10-07,27.47529983520508
2013-10-08,28.0449161529541
2013-10-09,30.03859519958496
2013-10-10,30.16585731506348
2013-10-11,30.6021728515625
2013-10-14,30.88092041015625
2013-10-15,30.91121864318848
2013-10-16,30.69912910461425
2013-10-17,31.38996315002441
2013-10-18,31.55355262756348
2013-10-21,31.55355262756348
2013-10-22,31.480844497680664
2013-10-23,30.92939186096192
2013-10-24,31.202098846435547
2013-10-25,31.32935905456543
2013-10-28,31.22633171081543
2013-10-29,31.87473487854004
2013-10-30,31.65052604675293
2013-10-31,31.22633171081543
2013-11-01,31.196027755737305
2013-11-04,31.505083084106445
2013-11-05,32.0928840637207
2013-11-06,32.15349197387695
2013-11-07,31.595993041992188
2013-11-08,31.60810089111328
2013-11-11,31.60203742980957
2013-11-12,31.462656021118164
2013-11-13,31.638399124145508
2013-11-14,31.91108703613281
2013-11-15,32.420127868652344
2013-11-18,32.208030700683594
2013-11-19,31.97168731689453
2013-11-20,32.0928840637207
2013-11-21,32.4625358581543
2013-11-22,32.64433670043945
2013-11-25,32.43224334716797
2013-11-26,32.25650405883789
2013-11-27,32.41405487060547
2013-11-29,32.31709671020508
2013-12-02,32.062591552734375
2013-12-03,31.632343292236328
2013-12-04,31.64445877075196
2013-12-05,31.547513961791992
2013-12-06,31.802021026611328
2013-12-09,31.680822372436523
2013-12-10,31.40812110900879
2013-12-11,31.18996810913086
2013-12-12,31.13542556762696
2013-12-13,31.28693199157715
2013-12-16,31.68688201904297
2013-12-17,31.71112060546875
2013-12-18,32.06864929199219
2013-12-19,30.91728401184082
2013-12-20,30.95969581604004
2013-12-23,32.93519592285156
2013-12-24,32.72917175292969
2013-12-26,32.91703796386719
2013-12-27,32.92308044433594
2013-12-30,33.00792694091797
2013-12-31,32.94733047485352
2014-01-02,32.31103515625
2014-01-03,32.12317657470703
2014-01-06,31.51719665527344
2014-01-07,31.862607955932617
2014-01-08,31.60540771484375
2014-01-09,31.440061569213867
2014-01-10,31.91774177551269
2014-01-13,31.127748489379883
2014-01-14,31.329832077026367
2014-01-15,31.76463508605957
2014-01-16,31.99121856689453
2014-01-17,31.20735549926757
2014-01-21,31.09100341796875
2014-01-22,31.158361434936523
2014-01-23,31.286964416503903
2014-01-24,30.68069648742676
2014-01-27,30.760316848754883
2014-01-28,30.717443466186523
2014-01-29,30.111188888549805
2014-01-30,30.313268661499023
2014-01-31,30.27652740478516
2014-02-03,28.97826194763184
2014-02-04,29.21709632873535
2014-02-05,28.97826194763184
2014-02-06,29.284467697143555
2014-02-07,29.55390739440918
2014-02-10,29.6457633972168
2014-02-11,29.90296745300293
2014-02-12,29.694753646850582
2014-02-13,29.498788833618164
2014-02-14,29.62738800048828
2014-02-18,30.0131950378418
2014-02-19,29.982574462890625
2014-02-20,30.9256591796875
2014-02-21,31.23797607421875
2014-02-24,31.23797607421875
2014-02-25,30.980775833129883
2014-02-26,30.61947631835937
2014-02-27,30.49699592590332
2014-02-28,31.26859474182129
2014-03-03,29.59677505493164
2014-03-04,29.774377822875977
2014-03-05,29.35793876647949
2014-03-06,29.95195579528809
2014-03-07,30.588851928710938
2014-03-10,30.66846466064453
2014-03-11,30.711315155029297
2014-03-12,30.821563720703125
2014-03-13,30.0131950378418
2014-03-14,30.141801834106445
2014-03-17,30.43574905395508
2014-03-18,30.294893264770508
2014-03-19,30.05607032775879
2014-03-20,30.19080352783203
2014-03-21,31.023645401000977
2014-03-24,31.0358943939209
2014-03-25,31.05426597595215
2014-03-26,31.11549949645996
2014-03-27,30.735820770263672
2014-03-28,30.999155044555664
2014-03-31,31.08488655090332
2014-04-01,31.52579689025879
2014-04-02,31.89936828613281
2014-04-03,31.82587242126465
2014-04-04,31.37882232666016
2014-04-07,30.907285690307617
2014-04-08,30.75250244140625
2014-04-09,31.13637351989746
2014-04-10,30.60391426086425
2014-04-11,30.003341674804688
2014-04-14,30.535802841186523
2014-04-15,29.96619987487793
2014-04-16,30.424365997314453
2014-04-17,30.009540557861328
2014-04-21,29.836181640625
2014-04-22,30.8763484954834
2014-04-23,31.14255714416504
2014-04-24,31.024921417236328
2014-04-25,30.907289505004883
2014-04-28,30.870136260986328
2014-04-29,31.086843490600582
2014-04-30,30.77726936340332
2014-05-01,30.727746963500977
2014-05-02,30.75250244140625
2014-05-05,30.405786514282227
2014-05-06,30.48008728027344
2014-05-07,30.461502075195312
2014-05-08,30.57294273376465
2014-05-09,30.78965377807617
2014-05-12,31.32829666137696
2014-05-13,31.489276885986328
2014-05-14,31.24781990051269
2014-05-15,31.38402938842773
2014-05-16,30.02192687988281
2014-05-19,30.32530212402344
2014-05-20,29.706165313720703
2014-05-21,30.14575386047364
2014-05-22,30.65345001220703
2014-05-23,30.67821311950684
2014-05-27,30.80204963684082
2014-05-28,31.06827163696289
2014-05-29,30.88252067565918
2014-05-30,31.031116485595703
2014-06-02,31.353071212768555
2014-06-03,31.10540771484375
2014-06-04,31.012523651123047
2014-06-05,31.396408081054688
2014-06-06,31.63167190551757
2014-06-09,31.520240783691406
2014-06-10,31.1796989440918
2014-06-11,31.198287963867188
2014-06-12,30.54199981689453
2014-06-13,30.75870132446289
2014-06-16,30.93205642700196
2014-06-17,30.702980041503903
2014-06-18,30.78346443176269
2014-06-19,30.65962219238281
2014-06-20,29.4585075378418
2014-06-23,29.569955825805664
2014-06-24,28.957008361816406
2014-06-25,28.83318328857422
2014-06-26,29.03130531311035
2014-06-27,28.88890266418457
2014-06-30,28.647436141967773
2014-07-01,28.616491317749023
2014-07-02,28.641254425048828
2014-07-03,28.67840003967285
2014-07-07,28.54839324951172
2014-07-08,28.416786193847656
2014-07-09,28.592235565185547
2014-07-10,28.04709243774414
2014-07-11,27.846588134765625
2014-07-14,27.802711486816406
2014-07-15,27.62099266052246
2014-07-16,27.501951217651367
2014-07-17,27.42047882080078
2014-07-18,27.80897521972656
2014-07-21,27.583398818969727
2014-07-22,27.708728790283203
2014-07-23,27.877904891967773
2014-07-24,28.37919807434082
2014-07-25,27.98442649841309
2014-07-28,28.147350311279297
2014-07-29,29.375507354736328
2014-07-30,29.01833724975586
2014-07-31,29.29404830932617
2014-08-01,29.23764991760254
2014-08-04,29.98958969116211
2014-08-05,29.632408142089844
2014-08-06,29.400575637817383
2014-08-07,29.31911277770996
2014-08-08,29.58228302001953
2014-08-11,29.35670280456543
2014-08-12,29.049678802490234
2014-08-13,29.31911277770996
2014-08-14,29.5070915222168
2014-08-15,29.055923461914062
2014-08-18,29.58228302001953
2014-08-19,29.78279685974121
2014-08-20,29.720149993896484
2014-08-21,29.73268699645996
2014-08-22,29.807870864868164
2014-08-25,29.795339584350582
2014-08-26,29.83291816711425
2014-08-27,29.73268699645996
2014-08-28,29.54469108581543
2014-08-29,29.651212692260746
2014-09-02,29.920663833618164
2014-09-03,29.82665634155273
2014-09-04,29.970781326293945
2014-09-05,30.121183395385746
2014-09-08,30.096105575561523
2014-09-09,29.93946075439453
2014-09-10,29.933195114135746
2014-09-11,30.25903511047364
2014-09-12,29.81413459777832
2014-09-15,31.29293441772461
2014-09-16,31.04228401184082
2014-09-17,31.19894218444824
2014-09-18,31.54984474182129
2014-09-19,32.07619094848633
2014-09-22,31.625043869018555
2014-09-23,31.54984474182129
2014-09-24,32.414573669433594
2014-09-25,32.13258743286133
2014-09-26,32.52109146118164
2014-09-29,32.58375549316406
2014-09-30,32.245384216308594
2014-10-01,31.925800323486328
2014-10-02,32.257904052734375
2014-10-03,32.326847076416016
2014-10-06,31.988460540771484
2014-10-07,31.374387741088867
2014-10-08,31.67216110229492
2014-10-09,31.215999603271484
2014-10-10,30.645788192749023
2014-10-13,29.828487396240234
2014-10-14,30.49371719360352
2014-10-15,30.563417434692383
2014-10-16,30.639453887939453
2014-10-17,30.84219741821289
2014-10-20,31.11463165283203
2014-10-21,31.311038970947266
2014-10-22,31.374387741088867
2014-10-23,31.86858367919922
2014-10-24,32.343746185302734
2014-10-27,32.57817459106445
2014-10-28,32.96464920043945
2014-10-29,32.27406311035156
2014-10-30,32.42611312866211
2014-10-31,32.80626678466797
2014-11-03,32.932979583740234
2014-11-04,33.40814971923828
2014-11-05,33.38280487060547
2014-11-06,33.642578125
2014-11-07,33.89599609375
2014-11-10,34.40919494628906
2014-11-11,35.30252456665039
2014-11-12,35.7080078125
2014-11-13,35.66999816894531
2014-11-14,35.41656875610352
2014-11-17,35.118797302246094
2014-11-18,35.207496643066406
2014-11-19,35.23283004760742
2014-11-20,35.346866607666016
2014-11-21,35.384910583496094
2014-11-24,35.7080078125
2014-11-25,34.84002685546875
2014-11-26,35.3912239074707
2014-11-28,36.10715103149414
2014-12-01,36.442962646484375
2014-12-02,36.44929504394531
2014-12-03,36.81675338745117
2014-12-04,36.652042388916016
2014-12-05,37.0765266418457
2014-12-08,37.10820770263672
2014-12-09,36.6837158203125
2014-12-10,36.43029022216797
2014-12-11,36.639347076416016
2014-12-12,36.3542594909668
2014-12-15,36.24021530151367
2014-12-16,35.42289733886719
2014-12-17,36.164180755615234
2014-12-18,36.56966018676758
2014-12-19,36.34791564941406
2014-12-22,37.14620590209961
2014-12-23,37.070194244384766
2014-12-24,37.01316833496094
2014-12-26,37.00048828125
2014-12-29,37.28559494018555
2014-12-30,37.247596740722656
2014-12-31,37.14620590209961
2015-01-02,37.01316833496094
2015-01-05,36.74073028564453
2015-01-06,36.86744689941406
2015-01-07,38.49845886230469
2015-01-08,39.106101989746094
2015-01-09,38.30656814575195
2015-01-12,38.27459716796875
2015-01-13,37.89722442626953
2015-01-14,37.91641998291016
2015-01-15,37.59661865234375
2015-01-16,37.80128479003906
2015-01-20,37.89722442626953
2015-01-21,38.146671295166016
2015-01-22,38.97817993164063
2015-01-23,39.15727996826172
2015-01-26,39.76491928100586
2015-01-27,39.278785705566406
2015-01-28,38.83746719360352
2015-01-29,39.7968978881836
2015-01-30,39.259613037109375
2015-02-02,38.38972854614258
2015-02-03,38.86305236816406
2015-02-04,38.79907989501953
2015-02-05,39.00376510620117
2015-02-06,38.79269790649414
2015-02-09,38.48566818237305
2015-02-10,39.04853820800781
2015-02-11,38.89502716064453
2015-02-12,39.278785705566406
2015-02-13,39.47707748413086
2015-02-17,39.30437850952149
2015-02-18,39.76491928100586
2015-02-19,39.8608512878418
2015-02-20,39.790504455566406
2015-02-23,40.033538818359375
2015-02-24,40.63478469848633
2015-02-25,41.140079498291016
2015-02-26,41.1784553527832
2015-02-27,40.935394287109375
2015-03-02,41.1784553527832
2015-03-03,40.86504364013672
2015-03-04,40.22542953491211
2015-03-05,41.06972503662109
2015-03-06,40.11029815673828
2015-03-09,40.52604675292969
2015-03-10,39.95677947998047
2015-03-11,39.47707748413086
2015-03-12,40.63478469848633
2015-03-13,40.359745025634766
2015-03-16,41.51745223999024
2015-03-17,41.907623291015625
2015-03-18,41.69654083251953
2015-03-19,41.49186325073242
2015-03-20,42.69434356689453
2015-03-23,44.274200439453125
2015-03-24,44.60040664672852
2015-03-25,43.9479866027832
2015-03-26,43.66016006469727
2015-03-27,44.16546249389648
2015-03-30,44.40211486816406
2015-03-31,44.35095977783203
2015-04-01,43.154876708984375
2015-04-02,43.14208221435547
2015-04-06,42.56642532348633
2015-04-07,42.38093566894531
2015-04-08,43.52897262573242
2015-04-09,43.329044342041016
2015-04-10,44.36099243164063
2015-04-13,44.24489212036133
2015-04-14,43.79343032836914
2015-04-15,43.24519729614258
2015-04-16,42.84531784057617
2015-04-17,41.88430404663086
2015-04-20,42.06489944458008
2015-04-21,42.110050201416016
2015-04-22,42.052001953125
2015-04-23,42.445438385009766
2015-04-24,43.21939849853516
2015-04-27,42.52926635742188
2015-04-28,42.80661392211914
2015-04-29,41.55537796020508
2015-04-30,41.12969970703125
2015-05-01,41.271575927734375
2015-05-04,40.74916076660156
2015-05-05,39.82685852050781
2015-05-06,39.75590133666992
2015-05-07,40.67822265625
2015-05-08,41.25223922729492
2015-05-11,41.38124084472656
2015-05-12,41.0716552734375
2015-05-13,40.47828674316406
2015-05-14,40.88460922241211
2015-05-15,41.23287963867188
2015-05-18,41.32318878173828
2015-05-19,42.00685501098633
2015-05-20,41.52312469482422
2015-05-21,41.64567184448242
2015-05-22,41.76176452636719
2015-05-26,41.39413070678711
2015-05-27,41.87139892578125
2015-05-28,41.88430404663086
2015-05-29,42.27128982543945
2015-06-01,42.4389877319336
2015-06-02,41.961700439453125
2015-06-03,42.12938690185547
2015-06-04,41.529579162597656
2015-06-05,41.819820404052734
2015-06-08,42.18743896484375
2015-06-09,41.92945098876953
2015-06-10,43.1806869506836
2015-06-11,43.24519729614258
2015-06-12,43.92884826660156
2015-06-15,43.9417610168457
2015-06-16,43.81921005249024
2015-06-17,44.02560424804688
2015-06-18,44.60607147216797
2015-06-19,44.41904067993164
2015-06-22,44.747989654541016
2015-06-23,44.75442123413086
2015-06-24,45.68963241577149
2015-06-25,45.941162109375
2015-06-26,47.056941986083984
2015-06-29,45.921817779541016
2015-06-30,45.84441757202149
2015-07-01,45.28974533081055
2015-07-02,45.3477897644043
2015-07-06,45.59288787841797
2015-07-07,46.50228118896485
2015-07-08,46.04084014892578
2015-07-09,46.5087890625
2015-07-10,46.898738861083984
2015-07-13,47.03523635864258
2015-07-14,47.01573944091797
2015-07-15,46.39831161499024
2015-07-16,47.41218566894531
2015-07-17,47.17821502685547
2015-07-20,47.41218566894531
2015-07-21,47.4511833190918
2015-07-22,48.47808837890625
2015-07-23,48.660037994384766
2015-07-24,47.490177154541016
2015-07-27,46.99623107910156
2015-07-28,47.0742301940918
2015-07-29,47.56167221069336
2015-07-30,47.96461868286133
2015-07-31,47.93863677978516
2015-08-03,48.03611755371094
2015-08-04,48.0881233215332
2015-08-05,48.6860466003418
2015-08-06,46.01485061645508
2015-08-07,46.64527893066406
2015-08-10,46.21631622314453
2015-08-11,46.125335693359375
2015-08-12,45.96284103393555
2015-08-13,46.76227188110352
2015-08-14,47.03523635864258
2015-08-17,47.16521453857422
2015-08-18,46.54128646850586
2015-08-19,46.97023391723633
2015-08-20,46.54128646850586
2015-08-21,45.61189270019531
2015-08-24,43.395633697509766
2015-08-25,43.42812347412109
2015-08-26,44.29902648925781
2015-08-27,44.74748992919922
2015-08-28,44.87746810913086
2015-08-31,44.20154571533203
2015-09-01,43.59061813354492
2015-09-02,44.81897735595703
2015-09-03,44.98146057128906
2015-09-04,44.70198440551758
2015-09-08,45.76786804199219
2015-09-09,44.81897735595703
2015-09-10,45.28042602539063
2015-09-11,45.65087127685547
2015-09-14,45.62489700317383
2015-09-15,45.52089691162109
2015-09-16,45.05945587158203
2015-09-17,45.676883697509766
2015-09-18,45.14394760131836
2015-09-21,45.67036819458008
2015-09-22,45.29342269897461
2015-09-23,46.21631622314453
2015-09-24,46.44379806518555
2015-09-25,45.98885345458984
2015-09-28,44.26653289794922
2015-09-29,44.1235466003418
2015-09-30,44.546016693115234
2015-10-01,44.46801376342773
2015-10-02,44.53300094604492
2015-10-05,44.50051498413086
2015-10-06,44.15605545043945
2015-10-07,43.52703094482422
2015-10-08,43.743255615234375
2015-10-09,43.69083404541016
2015-10-12,43.409088134765625
2015-10-13,43.52046585083008
2015-10-14,41.777565002441406
2015-10-15,41.80377960205078
2015-10-16,42.68178939819336
2015-10-19,43.04871368408203
2015-10-20,41.75790023803711
2015-10-21,41.14854049682617
2015-10-22,41.993797302246094
2015-10-23,41.87585067749024
2015-10-26,42.400028228759766
2015-10-27,41.42375183105469
2015-10-28,42.49177169799805
2015-10-29,40.90610122680664
2015-10-30,40.552284240722656
2015-11-02,41.05680847167969
2015-11-03,40.984745025634766
2015-11-04,40.24433135986328
2015-11-05,40.48019790649414
2015-11-06,40.434329986572266
2015-11-09,40.20499801635742
2015-11-10,40.08061218261719
2015-11-11,40.68899917602539
2015-11-12,40.410457611083984
2015-11-13,39.83140182495117
2015-11-16,39.560176849365234
2015-11-17,39.530853271484375
2015-11-18,39.5748405456543
2015-11-19,39.8900260925293
2015-11-20,40.410457611083984
2015-11-23,41.30473327636719
2015-11-24,41.290077209472656
2015-11-25,41.67122650146485
2015-11-27,41.817832946777344
2015-11-30,41.172794342041016
2015-12-01,41.575931549072266
2015-12-02,41.26807403564453
2015-12-03,40.46176910400391
2015-12-04,42.09637069702149
2015-12-07,43.18854904174805
2015-12-08,43.37913513183594
2015-12-09,42.58016586303711
2015-12-10,42.3309440612793
2015-12-11,42.3455924987793
2015-12-14,42.9466552734375
2015-12-15,43.2471809387207
2015-12-16,43.45975112915039
2015-12-17,42.800048828125
2015-12-18,45.81269836425781
2015-12-21,46.69229888916016
2015-12-22,46.9708366394043
2015-12-23,47.27870178222656
2015-12-24,47.32268524169922
2015-12-28,47.13209533691406
2015-12-29,47.24205017089844
2015-12-30,47.12477111816406
2015-12-31,46.6483268737793
2016-01-04,45.99595260620117
2016-01-05,46.831573486328125
2016-01-06,46.484352111816406
2016-01-07,46.159278869628906
2016-01-08,45.81204605102539
2016-01-11,45.77511215209961
2016-01-12,46.18143844604492
2016-01-13,45.70122909545898
2016-01-14,45.56086349487305
2016-01-15,44.49700164794922
2016-01-19,44.94028091430664
2016-01-20,44.08329391479492
2016-01-21,44.56349182128906
2016-01-22,45.75295639038086
2016-01-25,45.41311264038086
2016-01-26,46.29225158691406
2016-01-27,46.24055099487305
2016-01-28,46.73553085327149
2016-01-29,46.587772369384766
2016-02-01,46.787254333496094
2016-02-02,45.91548538208008
2016-02-03,45.75295639038086
2016-02-04,45.450042724609375
2016-02-05,43.58091735839844
2016-02-08,43.98725891113281
2016-02-09,43.2041244506836
2016-02-10,42.54661560058594
2016-02-11,42.214168548583984
2016-02-12,43.34451675415039
2016-02-16,43.98725891113281
2016-02-17,45.46482467651367
2016-02-18,45.450042724609375
2016-02-19,45.20624542236328
2016-02-22,45.9080924987793
2016-02-23,46.44002151489258
2016-02-24,46.77985763549805
2016-02-25,47.09014129638672
2016-02-26,47.09014129638672
2016-02-29,47.193580627441406
2016-03-01,47.46693420410156
2016-03-02,47.78460693359375
2016-03-03,47.888031005859375
2016-03-04,47.96931076049805
2016-03-07,48.1318359375
2016-03-08,47.71072769165039
2016-03-09,49.446868896484375
2016-03-10,49.587249755859375
2016-03-11,49.9196891784668
2016-03-14,50.0748291015625
2016-03-15,49.38039016723633
2016-03-16,49.91230773925781
2016-03-17,49.92707824707031
2016-03-18,49.71282958984375
2016-03-21,49.66110610961914
2016-03-22,49.24001693725586
2016-03-23,49.14397430419922
2016-03-24,48.58987808227539
2016-03-28,49.10701751708984
2016-03-29,49.2252197265625
2016-03-30,49.18830108642578
2016-03-31,48.98143768310547
2016-04-01,49.52814102172852
2016-04-04,49.74977493286133
2016-04-05,47.87326431274414
2016-04-06,48.01362609863281
2016-04-07,48.15507888793945
2016-04-08,48.23698043823242
2016-04-11,48.19974899291992
2016-04-12,49.04850006103516
2016-04-13,48.82514953613281
2016-04-14,48.281646728515625
2016-04-15,47.79771423339844
2016-04-18,48.23698043823242
2016-04-19,47.04576110839844
2016-04-20,47.00853729248047
2016-04-21,46.74795913696289
2016-04-22,47.127662658691406
2016-04-25,47.24677658081055
2016-04-26,47.544578552246094
2016-04-27,47.38079452514648
2016-04-28,47.01598358154297
2016-04-29,46.34592819213867
2016-05-02,47.35845184326172
2016-05-03,47.26166915893555
2016-05-04,47.59669876098633
2016-05-05,46.8819580078125
2016-05-06,46.52458572387695
2016-05-09,47.98384475708008
2016-05-10,48.14019393920898
2016-05-11,46.9936408996582
2016-05-12,47.50736618041992
2016-05-13,47.135101318359375
2016-05-16,47.11276245117188
2016-05-17,47.574363708496094
2016-05-18,46.93408584594727
2016-05-19,49.06339263916016
2016-05-20,49.24952697753906
2016-05-23,48.39332580566406
2016-05-24,48.98894500732422
2016-05-25,49.32395935058594
2016-05-26,50.090816497802734
2016-05-27,50.23973083496094
2016-05-31,50.50029754638672
2016-06-01,50.202484130859375
2016-06-02,50.477970123291016
2016-06-03,50.44074630737305
2016-06-06,50.14292526245117
2016-06-07,50.21736907958984
2016-06-08,50.17272186279297
2016-06-09,50.872554779052734
2016-06-10,50.48540878295898
2016-06-13,50.42586135864258
2016-06-14,50.68642807006836
2016-06-15,50.24715805053711
2016-06-16,50.276947021484375
2016-06-17,50.23227310180664
2016-06-20,50.41096115112305
2016-06-21,50.03126525878906
2016-06-22,50.016361236572266
2016-06-23,50.61198806762695
2016-06-24,49.76324462890625
2016-06-27,48.34865188598633
2016-06-28,48.5720100402832
2016-06-29,49.10807418823242
2016-06-30,47.157447814941406
2016-07-01,46.90430450439453
2016-07-05,45.780086517333984
2016-07-06,46.32358551025391
2016-07-07,46.63161087036133
2016-07-08,46.60155487060547
2016-07-11,47.04479598999024
2016-07-12,47.18003082275391
2016-07-13,47.08987808227539
2016-07-14,47.442989349365234
2016-07-15,46.93961715698242
2016-07-18,46.81190872192383
2016-07-19,46.864501953125
2016-07-20,47.08987808227539
2016-07-21,46.57150268554688
2016-07-22,46.99971771240234
2016-07-25,47.43547439575195
2016-07-26,45.61738967895508
2016-07-27,44.8360595703125
2016-07-28,45.92540740966797
2016-07-29,46.24845123291016
2016-08-01,46.353633880615234
2016-08-02,45.27180480957031
2016-08-03,45.61738967895508
2016-08-04,45.86530685424805
2016-08-05,46.8945541381836
2016-08-08,46.70672607421875
2016-08-09,46.81190872192383
2016-08-10,46.233436584472656
2016-08-11,47.08235931396485
2016-08-12,47.142459869384766
2016-08-15,46.85698318481445
2016-08-16,46.781864166259766
2016-08-17,46.8945541381836
2016-08-18,47.04479598999024
2016-08-19,46.30104446411133
2016-08-22,46.18836212158203
2016-08-23,46.92460250854492
2016-08-24,47.300235748291016
2016-08-25,47.33028793334961
2016-08-26,45.97047805786133
2016-08-29,46.00804901123047
2016-08-30,45.73759460449219
2016-08-31,46.30854797363281
2016-09-01,46.49638366699219
2016-09-02,46.82691955566406
2016-09-06,47.00723648071289
2016-09-07,47.27770614624024
2016-09-08,46.8945541381836
2016-09-09,46.16582489013672
2016-09-12,47.37536239624024
2016-09-13,47.0297737121582
2016-09-14,46.33109664916992
2016-09-15,46.66915893554688
2016-09-16,46.54145812988281
2016-09-19,46.12073516845703
2016-09-20,46.18836212158203
2016-09-21,46.8494758605957
2016-09-22,46.57150268554688
2016-09-23,47.36785888671875
2016-09-26,46.93211364746094
2016-09-27,46.21839904785156
2016-09-28,45.93291473388672
2016-09-29,45.54977416992188
2016-09-30,46.06814956665039
2016-10-03,46.09820556640625
2016-10-04,46.36865615844727
2016-10-05,46.67191696166992
2016-10-06,46.209449768066406
2016-10-07,46.72499084472656
2016-10-10,47.278438568115234
2016-10-11,47.30877685546875
2016-10-12,47.61202239990234
2016-10-13,47.1419677734375
2016-10-14,47.17988967895508
2016-10-17,47.43765258789063
2016-10-18,47.786399841308594
2016-10-19,48.04417419433594
2016-10-20,47.67267990112305
2016-10-21,47.81672668457031
2016-10-24,47.99869155883789
2016-10-25,46.7932243347168
2016-10-26,46.36865615844727
2016-10-27,46.64159393310547
2016-10-28,47.46798324584961
2016-10-31,49.12075805664063
2016-11-01,48.77958297729492
2016-11-02,48.99187469482422
2016-11-03,48.37018585205078
2016-11-04,48.415672302246094
2016-11-07,49.65904998779297
2016-11-08,49.74244689941406
2016-11-09,51.9941635131836
2016-11-10,52.54759979248047
2016-11-11,53.161720275878906
2016-11-14,54.97371292114258
2016-11-15,55.39824295043945
2016-11-16,54.28377151489258
2016-11-17,54.9433708190918
2016-11-18,55.2238883972168
2016-11-21,55.45134735107422
2016-11-22,56.10334777832031
2016-11-23,56.47483825683594
2016-11-25,56.8235969543457
2016-11-28,56.0502815246582
2016-11-29,55.25422286987305
2016-11-30,55.572635650634766
2016-12-01,57.460445404052734
2016-12-02,56.89184188842773
2016-12-05,58.15793991088867
2016-12-06,58.56735229492188
2016-12-07,59.58328628540039
2016-12-08,59.8486442565918
2016-12-09,59.590858459472656
2016-12-12,59.20417785644531
2016-12-13,58.27168655395508
2016-12-14,57.92292785644531
2016-12-15,57.43769073486328
2016-12-16,57.26332092285156
2016-12-19,57.37704086303711
2016-12-20,57.42254257202149
2016-12-21,57.42254257202149
2016-12-22,56.53550720214844
2016-12-23,56.46725463867188
2016-12-27,56.38386154174805
2016-12-28,55.8607292175293
2016-12-29,55.936561584472656
2016-12-30,55.13290786743164
2017-01-03,54.632545471191406
2017-01-04,54.655269622802734
2017-01-05,54.83723449707031
2017-01-06,54.66915130615234
2017-01-09,54.67678451538086
2017-01-10,55.203983306884766
2017-01-11,55.69298553466797
2017-01-12,56.395938873291016
2017-01-13,56.05974578857422
2017-01-17,55.68535614013672
2017-01-18,55.89929962158203
2017-01-19,55.46379470825195
2017-01-20,56.113224029541016
2017-01-23,55.777042388916016
2017-01-24,56.28895950317383
2017-01-25,56.21255874633789
2017-01-26,56.19728469848633
2017-01-27,56.20488357543945
2017-01-30,56.403564453125
2017-01-31,55.99098587036133
2017-02-01,55.1505126953125
2017-02-02,54.73025894165039
2017-02-03,54.87544631958008
2017-02-06,55.265113830566406
2017-02-07,54.89835739135742
2017-02-08,56.113224029541016
2017-02-09,57.358673095703125
2017-02-10,58.283180236816406
2017-02-13,58.13037109375
2017-02-14,58.25262069702149
2017-02-15,57.8705940246582
2017-02-16,57.91643905639648
2017-02-17,58.62701034545898
2017-02-21,58.60408020019531
2017-02-22,57.62609100341797
2017-02-23,57.65663909912109
2017-02-24,57.65663909912109
2017-02-27,56.94607162475586
2017-02-28,57.0606575012207
2017-03-01,57.221134185791016
2017-03-02,57.66429138183594
2017-03-03,57.38921737670898
2017-03-06,57.0606575012207
2017-03-07,56.93077850341797
2017-03-08,57.44271087646485
2017-03-09,57.4732780456543
2017-03-10,56.66337585449219
2017-03-13,56.88494110107422
2017-03-14,57.00718688964844
2017-03-15,57.93934631347656
2017-03-16,57.61078643798828
2017-03-17,58.57351303100586
2017-03-20,58.72636413574219
2017-03-21,58.527679443359375
2017-03-22,58.833309173583984
2017-03-23,58.55824279785156
2017-03-24,58.61172866821289
2017-03-27,57.74833297729492
2017-03-28,63.12738800048828
2017-03-29,63.08916473388672
2017-03-30,63.2878303527832
2017-03-31,63.92966079711914
2017-04-03,63.57818603515625
2017-04-04,64.1665267944336
2017-04-05,63.32603454589844
2017-04-06,64.14146423339844
2017-04-07,63.726051330566406
2017-04-10,63.61836242675781
2017-04-11,63.8029899597168
2017-04-12,63.456817626953125
2017-04-13,63.05680465698242
2017-04-17,63.57223510742188
2017-04-18,63.63373947143555
2017-04-19,63.87989807128906
2017-04-20,64.65687561035156
2017-04-21,64.74150848388672
2017-04-24,65.526123046875
2017-04-25,65.81077575683594
2017-04-26,66.1954116821289
2017-04-27,66.12616729736328
2017-04-28,65.5338363647461
2017-05-01,65.872314453125
2017-05-02,66.7877426147461
2017-05-03,67.2492904663086
2017-05-04,67.18006134033203
2017-05-05,67.18006134033203
2017-05-08,66.98775482177734
2017-05-09,67.13392639160156
2017-05-10,67.41085815429688
2017-05-11,67.86473083496094
2017-05-12,67.93395233154297
2017-05-15,68.00318908691406
2017-05-16,66.12616729736328
2017-05-17,65.79536437988281
2017-05-18,66.50310516357422
2017-05-19,66.89544677734375
2017-05-22,67.23392486572266
2017-05-23,66.6492691040039
2017-05-24,67.08775329589844
2017-05-25,67.77239227294922
2017-05-26,67.65701293945312
2017-05-30,67.30313873291016
2017-05-31,68.4109115600586
2017-06-01,69.30326080322266
2017-06-02,70.23405456542969
2017-06-05,70.63408660888672
2017-06-06,70.75715637207031
2017-06-07,70.8110122680664
2017-06-08,70.65715789794922
2017-06-09,70.86485290527344
2017-06-12,70.72640228271484
2017-06-13,69.2493896484375
2017-06-14,69.5955581665039
2017-06-15,69.0801773071289
2017-06-16,68.69550323486328
2017-06-19,69.67247772216797
2017-06-20,68.21858215332031
2017-06-21,67.9108657836914
2017-06-22,68.58784484863281
2017-06-23,68.25702667236328
2017-06-26,69.29557037353516
2017-06-27,71.3033447265625
2017-06-28,70.43405151367188
2017-06-29,70.58792877197266
2017-06-30,69.57247161865234
2017-07-03,70.26483917236328
2017-07-05,69.33403015136719
2017-07-06,69.47347259521484
2017-07-07,69.85305786132812
2017-07-10,69.14034271240234
2017-07-11,69.1790771484375
2017-07-12,69.41922760009766
2017-07-13,68.61356353759766
2017-07-14,68.90795135498047
2017-07-17,69.45795440673828
2017-07-18,68.97764587402344
2017-07-19,69.6129150390625
2017-07-20,69.38824462890625
2017-07-21,68.69878387451172
2017-07-24,67.1106948852539
2017-07-25,67.28112030029297
2017-07-26,66.4909439086914
2017-07-27,65.45285034179688
2017-07-28,64.95706176757812
2017-07-31,64.98028564453125
2017-08-01,65.6930160522461
2017-08-02,65.507080078125
2017-08-03,63.58589172363281
2017-08-04,64.41478729248047
2017-08-07,64.89509582519531
2017-08-08,63.3922233581543
2017-08-09,62.96611785888672
2017-08-10,63.93448257446289
2017-08-11,64.56196594238281
2017-08-14,64.10491943359375
2017-08-15,64.67041015625
2017-08-16,65.37539672851562
2017-08-17,65.1739730834961
2017-08-18,65.06550598144531
2017-08-21,65.46835327148438
2017-08-22,66.08036041259766
2017-08-23,64.63945770263672
2017-08-24,63.81828308105469
2017-08-25,64.82536315917969
2017-08-28,65.72398376464844
2017-08-29,64.01969146728516
2017-08-30,64.20560455322266
2017-08-31,63.5936279296875
2017-09-01,63.4619255065918
2017-09-05,62.89643096923828
2017-09-06,60.70405578613281
2017-09-07,59.6892204284668
2017-09-08,60.85125732421875
2017-09-11,61.77311706542969
2017-09-12,62.91963958740234
2017-09-13,64.77886962890625
2017-09-14,64.45349884033203
2017-09-15,64.96480560302734
2017-09-18,65.35990142822266
2017-09-19,64.53874969482422
2017-09-20,64.9183349609375
2017-09-21,64.34505462646484
2017-09-22,64.20560455322266
2017-09-25,64.40703582763672
2017-09-26,60.20050811767578
2017-09-27,61.316062927246094
2017-09-28,61.16886138916016
2017-09-29,61.029396057128906
2017-10-02,61.33156204223633
2017-10-03,62.05974578857422
2017-10-04,61.6646728515625
2017-10-05,61.75762939453125
2017-10-06,63.11631774902344
2017-10-09,62.26517868041992
2017-10-10,61.90599822998047
2017-10-11,61.95285415649414
2017-10-12,61.85133743286133
2017-10-13,62.01530456542969
2017-10-16,62.6244010925293
2017-10-17,63.68635177612305
2017-10-18,63.99866485595703
2017-10-19,64.00648498535156
2017-10-20,64.63114166259766
2017-10-23,64.30320739746094
2017-10-24,64.52964782714844
2017-10-25,63.88154220581055
2017-10-26,64.64679718017578
2017-10-27,65.06843566894531
2017-10-30,64.63114166259766
2017-10-31,64.2407455444336
2017-11-01,64.09239196777344
2017-11-02,63.88154220581055
2017-11-03,64.2485580444336
2017-11-06,64.34225463867188
2017-11-07,63.756614685058594
2017-11-08,64.12361145019531
2017-11-09,64.13924407958984
2017-11-10,64.52964782714844
2017-11-13,64.68583679199219
2017-11-14,64.69363403320312
2017-11-15,63.99085998535156
2017-11-16,64.28758239746094
2017-11-17,64.66240692138672
2017-11-20,64.25634765625
2017-11-21,62.72587585449219
2017-11-22,62.28078842163086
2017-11-24,62.65561676025391
2017-11-27,62.68685150146485
2017-11-28,64.85759735107422
2017-11-29,66.22410583496094
2017-11-30,65.84148406982422
2017-12-01,66.4037094116211
2017-12-04,67.20018005371094
2017-12-05,67.26264190673828
2017-12-06,66.78632354736328
2017-12-07,66.59110260009766
2017-12-08,67.47347259521484
2017-12-11,67.58279418945312
2017-12-12,68.04348754882812
2017-12-13,68.40266418457031
2017-12-14,67.90292358398438
2017-12-15,69.03516387939453
2017-12-18,70.69840240478516
2017-12-19,75.50064849853516
2017-12-20,74.70417022705078
2017-12-21,74.22783660888672
2017-12-22,75.2741928100586
2017-12-26,75.85982513427734
2017-12-27,76.06285095214844
2017-12-28,76.13313293457031
2017-12-29,74.97745513916016
2018-01-02,75.21172332763672
2018-01-03,76.94522094726562
2018-01-04,76.92960357666016
2018-01-05,77.54647827148438
2018-01-08,77.13260650634766
2018-01-09,76.61394500732422
2018-01-10,76.06382751464844
2018-01-11,76.70037078857422
2018-01-12,77.03044891357422
2018-01-16,76.02455139160156
2018-01-17,76.5903549194336
2018-01-18,76.51179504394531
2018-01-19,77.83204650878906
2018-01-22,77.06189727783203
2018-01-23,76.61394500732422
2018-01-24,76.66109466552734
2018-01-25,76.90471649169922
2018-01-26,77.39983367919922
2018-01-29,77.19549560546875
2018-01-30,75.86737823486328
2018-01-31,75.32512664794922
2018-02-01,76.62967681884766
2018-02-02,75.47443389892578
2018-02-05,74.04415893554688
2018-02-06,74.16990661621094
2018-02-07,74.7199935913086
2018-02-08,71.77302551269531
2018-02-09,72.84178924560547
2018-02-12,74.04415893554688
2018-02-13,74.4371109008789
2018-02-14,75.13652038574219
2018-02-15,76.77110290527344
2018-02-16,75.85161590576172
2018-02-20,74.57855224609375
2018-02-21,74.89289093017578
2018-02-22,74.80645751953125
2018-02-23,74.93218231201172
2018-02-26,75.69446563720703
2018-02-27,72.99111938476562
2018-02-28,72.44886779785156
2018-03-01,72.69247436523438
2018-03-02,75.02649688720703
2018-03-05,74.22492218017578
2018-03-06,73.9655990600586
2018-03-07,73.39190673828125
2018-03-08,73.57266235351562
2018-03-09,74.5078353881836
2018-03-12,74.46068572998047
2018-03-13,74.24850463867188
2018-03-14,74.03630828857422
2018-03-15,73.57266235351562
2018-03-16,74.30350494384766
2018-03-19,74.16204833984375
2018-03-20,74.74357604980469
2018-03-21,73.32902526855469
2018-03-22,67.5372085571289
2018-03-23,66.20911407470703
2018-03-26,66.65705108642578
2018-03-27,66.18553161621094
2018-03-28,66.3112564086914
2018-03-29,66.99495697021484
2018-04-02,66.0676498413086
2018-04-03,66.45272827148438
2018-04-04,68.24451446533203
2018-04-05,68.11090087890625
2018-04-06,68.26020050048828
2018-04-09,68.5135269165039
2018-04-10,68.54518127441406
2018-04-11,68.47394561767578
2018-04-12,68.7509994506836
2018-04-13,69.43968963623047
2018-04-16,70.41338348388672
2018-04-17,70.7854232788086
2018-04-18,71.05457305908203
2018-04-19,71.05457305908203
2018-04-20,72.07573699951172
2018-04-23,72.07573699951172
2018-04-24,71.56121063232422
2018-04-25,72.13115692138672
2018-04-26,73.5006103515625
2018-04-27,74.75927734375
2018-04-30,73.50856018066406
2018-05-01,73.85687255859375
2018-05-02,72.81985473632812
2018-05-03,72.69319915771484
2018-05-04,73.48480987548828
2018-05-07,72.75653076171875
2018-05-08,73.04151153564453
2018-05-09,72.7010726928711
2018-05-10,72.30531311035156
2018-05-11,71.50577545166016
2018-05-14,68.84598541259766
2018-05-15,69.10722351074219
2018-05-16,69.04389190673828
2018-05-17,68.0306396484375
2018-05-18,67.33404541015625
2018-05-21,68.2522964477539
2018-05-22,68.0306396484375
2018-05-23,67.84856414794922
2018-05-24,68.83014678955078
2018-05-25,69.56633758544922
2018-05-29,69.72468566894531
2018-05-30,70.42920684814453
2018-05-31,69.19432067871094
2018-06-01,70.0571517944336
2018-06-04,70.19173431396484
2018-06-05,70.65877532958984
2018-06-06,71.96492004394531
2018-06-07,72.3528060913086
2018-06-08,72.39241027832031
2018-06-11,73.07315826416016
2018-06-12,73.48480987548828
2018-06-13,73.12858581542969
2018-06-14,72.97817993164062
2018-06-15,74.49012756347656
2018-06-18,74.66431427001953
2018-06-19,74.89385986328125
2018-06-20,73.8331069946289
2018-06-21,84.74937438964844
2018-06-22,86.18217468261719
2018-06-25,84.93936920166016
2018-06-26,85.36681365966797
2018-06-27,83.80735778808594
2018-06-28,85.49346160888672
2018-06-29,84.74937438964844
2018-07-02,86.68879699707031
2018-07-03,86.02385711669922
2018-07-05,87.22708129882812
2018-07-06,87.9316177368164
2018-07-09,88.01132202148438
2018-07-10,87.50920104980469
2018-07-11,88.03523254394531
2018-07-12,88.77642822265625
2018-07-13,89.33433532714844
2018-07-16,88.68876647949219
2018-07-17,87.971435546875
2018-07-18,89.38212585449219
2018-07-19,89.11114501953125
2018-07-20,88.03523254394531
2018-07-23,88.43372344970703
2018-07-24,86.31373596191406
2018-07-25,85.31751251220703
2018-07-26,85.28560638427734
2018-07-27,85.10231018066406
2018-07-30,84.81539154052734
2018-07-31,85.22982025146484
2018-08-01,84.903076171875
2018-08-02,86.68830871582031
2018-08-03,86.77597045898438
2018-08-06,88.37793731689453
2018-08-07,87.65269470214844
2018-08-08,87.5729751586914
2018-08-09,87.20635986328125
2018-08-10,87.2462158203125
2018-08-13,87.1346206665039
2018-08-14,88.59310150146484
2018-08-15,89.53356170654297
2018-08-16,89.96395111083984
2018-08-17,90.7370376586914
2018-08-20,91.14347839355467
2018-08-21,90.8565673828125
2018-08-22,90.66529083251952
2018-08-23,91.1036148071289
2018-08-24,91.11956024169922
2018-08-27,90.76093292236328
2018-08-28,91.63760375976562
2018-08-29,91.55791473388672
2018-08-30,92.1476821899414
2018-08-31,92.482421875
2018-09-04,93.46271514892578
2018-09-05,94.73789978027344
2018-09-06,94.69007110595705
2018-09-07,94.96900939941406
2018-09-10,94.58646392822266
2018-09-11,95.14434051513672
2018-09-12,94.63428497314452
2018-09-13,94.72196197509766
2018-09-14,94.88136291503906
2018-09-17,94.0285873413086
2018-09-18,94.76180267333984
2018-09-19,93.95684814453124
2018-09-20,92.80919647216795
2018-09-21,89.9719009399414
2018-09-24,90.28274536132812
2018-09-25,90.12335205078124
2018-09-26,89.69296264648438
2018-09-27,88.68876647949219
2018-09-28,88.6170654296875
2018-10-01,87.04695129394531
2018-10-02,85.31751251220703
2018-10-03,85.99493408203125
2018-10-04,86.18621063232422
2018-10-05,86.38546752929688
2018-10-08,86.34561920166016
2018-10-09,87.18829345703125
2018-10-10,85.84001159667969
2018-10-11,83.50460052490234
2018-10-12,85.67950439453125
2018-10-15,85.6634521484375
2018-10-16,88.3519515991211
2018-10-17,88.2315902709961
2018-10-18,88.00686645507812
2018-10-19,85.33441162109375
2018-10-22,85.97644805908203
2018-10-23,86.03263092041016
2018-10-24,83.39227294921875
2018-10-25,85.41465759277344
2018-10-26,83.39227294921875
2018-10-29,84.39543914794922
2018-10-30,86.7308349609375
2018-10-31,85.5109634399414
2018-11-01,84.15467834472656
2018-11-02,84.50779724121094
2018-11-05,85.3424301147461
2018-11-06,88.80139923095703
2018-11-07,89.25884246826172
2018-11-08,90.07743072509766
2018-11-09,90.23796081542967
2018-11-12,90.19783782958984
2018-11-13,89.92495727539062
2018-11-14,89.82064056396484
2018-11-15,89.74036407470703
2018-11-16,89.77247619628906
2018-11-19,91.05655670166016
2018-11-20,89.35515594482422
2018-11-21,89.25082397460938
2018-11-23,89.53974914550781
2018-11-26,88.50447082519531
2018-11-27,88.22354888916016
2018-11-28,90.96824645996094
2018-11-29,89.29093170166016
2018-11-30,88.713134765625
2018-12-03,88.31985473632812
2018-12-04,86.47402954101562
2018-12-06,87.78218078613281
2018-12-07,84.13058471679688
2018-12-10,84.55594635009766
2018-12-11,81.65876007080078
2018-12-12,84.51580810546875
2018-12-13,83.64104461669922
2018-12-14,82.82246398925781
2018-12-17,79.36349487304688
2018-12-18,83.3441162109375
2018-12-19,80.75989532470703
2018-12-20,79.51599884033203
2018-12-21,79.59623718261719
2018-12-24,77.61394500732422
2018-12-26,79.10668182373047
2018-12-27,79.09061431884766
2018-12-28,78.9220962524414
2018-12-31,80.14195251464844
2019-01-02,80.19815826416016
2019-01-03,78.90604400634766
2019-01-04,81.37786102294922
2019-01-07,83.41632080078125
2019-01-08,84.7646255493164
2019-01-09,84.7646255493164
2019-01-10,85.5001449584961
2019-01-11,87.28645324707031
2019-01-14,85.61329650878906
2019-01-15,86.6963882446289
2019-01-16,86.31649017333984
2019-01-17,87.30260467529297
2019-01-18,88.1189956665039
2019-01-22,87.80375671386719
2019-01-23,87.36726379394531
2019-01-24,86.82572937011719
2019-01-25,86.02552795410156
2019-01-28,86.78530883789062
2019-01-29,85.85578918457031
2019-01-30,85.78304290771484
2019-01-31,84.8131103515625
2019-02-01,84.8535385131836
2019-02-04,86.62367248535156
2019-02-05,87.36726379394531
2019-02-06,88.29679870605469
2019-02-07,88.5796890258789
2019-02-08,88.43421173095703
2019-02-11,89.14551544189453
2019-02-12,90.13160705566406
2019-02-13,90.2366943359375
2019-02-14,90.44683837890624
2019-02-15,90.6246566772461
2019-02-19,89.99420166015625
2019-02-20,89.34757232666016
2019-02-21,89.80020141601562
2019-02-22,90.3336944580078
2019-02-25,89.79212188720703
2019-02-26,89.77597045898438
2019-02-27,90.0103759765625
2019-02-28,90.61658477783205
2019-03-01,90.24475860595705
2019-03-04,89.88101959228516
2019-03-05,89.46073150634766
2019-03-06,88.5392837524414
2019-03-07,87.64209747314453
2019-03-08,87.00357055664062
2019-03-11,87.92499542236328
2019-03-12,88.45844268798828
2019-03-13,88.94343566894531
2019-03-14,88.94343566894531
2019-03-15,89.44454956054688
2019-03-18,89.79212188720703
2019-03-19,89.21015930175781
2019-03-20,87.8199234008789
2019-03-21,93.84970092773438
2019-03-22,94.92472076416016
2019-03-25,95.95124053955078
2019-03-26,96.2664794921875
2019-03-27,96.20178985595705
2019-03-28,97.90728759765624
2019-03-29,98.18209838867188
2019-04-01,97.38191223144533
2019-04-02,96.33112335205078
2019-04-03,95.7410888671875
2019-04-04,95.7895965576172
2019-04-05,96.16949462890624
2019-04-08,96.45237731933594
2019-04-09,95.1916275024414
2019-04-10,95.17533111572266
2019-04-11,94.63851928710938
2019-04-12,94.76052856445312
2019-04-15,94.2318115234375
2019-04-16,94.14232635498048
2019-04-17,93.0686492919922
2019-04-18,95.06147003173828
2019-04-22,95.0207977294922
2019-04-23,95.16722869873048
2019-04-24,95.92366027832033
2019-04-25,96.91600036621094
2019-04-26,98.9250946044922
2019-04-29,97.87580108642578
2019-04-30,95.65523529052734
2019-05-01,93.97152709960938
2019-05-02,95.82605743408205
2019-05-03,95.72032165527344
2019-05-06,96.53369140625
2019-05-07,97.16815948486328
2019-05-08,96.6882553100586
2019-05-09,97.89208984375
2019-05-10,99.03082275390624
2019-05-13,97.7537841796875
2019-05-14,98.4451904296875
2019-05-15,98.38825225830078
2019-05-16,96.75332641601562
2019-05-17,97.49352264404295
2019-05-20,99.97437286376952
2019-05-21,101.49541473388672
2019-05-22,100.0719757080078
2019-05-23,98.22557067871094
2019-05-24,97.71312713623048
2019-05-28,96.0863265991211
2019-05-29,94.29688262939452
2019-05-30,95.69590759277344
2019-05-31,94.61408996582033
2019-06-03,94.7198257446289
2019-06-04,95.99686431884766
2019-06-05,95.98873138427734
2019-06-06,98.16050720214844
2019-06-07,98.68106842041016
2019-06-10,96.77774810791016
2019-06-11,96.81838989257812
2019-06-12,95.82605743408205
2019-06-13,96.71265411376952
2019-06-14,97.34709930419922
2019-06-17,96.2327651977539
2019-06-18,95.92366027832033
2019-06-19,95.5007095336914
2019-06-20,96.5255889892578
2019-06-21,98.6078872680664
2019-06-24,99.22602081298828
2019-06-25,100.16146850585938
2019-06-26,97.6155242919922
2019-06-27,98.86003875732422
2019-06-28,99.01458740234376
2019-07-01,98.9006805419922
2019-07-02,98.2825164794922
2019-07-03,98.998291015625
2019-07-05,100.56815338134766
2019-07-08,101.6581039428711
2019-07-09,100.41297149658205
2019-07-10,99.5282745361328
2019-07-11,100.20819091796876
2019-07-12,102.19876098632812
2019-07-15,102.73939514160156
2019-07-16,100.92902374267578
2019-07-17,100.10987854003906
2019-07-18,101.63352966308594
2019-07-19,101.91204833984376
2019-07-22,102.77216339111328
2019-07-23,102.5264129638672
2019-07-24,101.77278137207033
2019-07-25,101.24031829833984
2019-07-26,103.18174743652344
2019-07-29,103.7223892211914
2019-07-30,102.13321685791016
2019-07-31,99.57743072509766
2019-08-01,99.02040100097656
2019-08-02,98.3732681274414
2019-08-05,96.67756652832033
2019-08-06,96.57109832763672
2019-08-07,97.42304229736328
2019-08-08,99.9788055419922
2019-08-09,100.2900848388672
2019-08-12,98.84019470214844
2019-08-13,99.24976348876952
2019-08-14,95.67822265625
2019-08-15,94.12999725341795
2019-08-16,95.92394256591795
2019-08-19,97.94730377197266
2019-08-20,97.37387084960938
2019-08-21,97.91451263427734
2019-08-22,99.03677368164062
2019-08-23,98.73368072509766
2019-08-26,99.2825164794922
2019-08-27,97.90633392333984
2019-08-28,98.46334838867188
2019-08-29,99.80679321289062
2019-08-30,99.1023178100586
2019-09-03,97.90633392333984
2019-09-04,100.03616333007812
2019-09-05,101.62532806396484
2019-09-06,102.78855895996094
2019-09-09,104.50060272216795
2019-09-10,103.99271392822266
2019-09-11,104.1974868774414
2019-09-12,103.26365661621094
2019-09-13,104.31217193603516
2019-09-16,103.9599380493164
2019-09-17,103.21449279785156
2019-09-18,104.14016723632812
2019-09-19,98.85657501220705
2019-09-20,98.13571166992188
2019-09-23,97.63601684570312
2019-09-24,96.51375579833984
2019-09-25,97.07080078125
2019-09-26,95.38333129882812
2019-09-27,95.3177719116211
2019-09-30,96.84141540527344
2019-10-01,95.8502426147461
2019-10-02,94.90821075439452
2019-10-03,94.57232666015624
2019-10-04,95.36693572998048
2019-10-07,94.85086822509766
2019-10-08,93.3354034423828
2019-10-09,92.84832763671876
2019-10-10,92.48509216308594
2019-10-11,93.31890869140624
2019-10-14,91.18074798583984
2019-10-15,91.04867553710938
2019-10-16,90.80925750732422
2019-10-17,90.09929656982422
2019-10-18,91.18074798583984
2019-10-21,90.94132995605467
2019-10-22,89.83511352539062
2019-10-23,91.13948059082033
2019-10-24,91.14774322509766
2019-10-25,92.76579284667967
2019-10-28,91.9237289428711
2019-10-29,93.90503692626952
2019-10-30,93.2776107788086
2019-10-31,92.6832275390625
2019-11-01,92.60066986083984
2019-11-04,91.59351348876952
2019-11-05,93.0959930419922
2019-11-06,93.11248779296876
2019-11-07,93.68214416503906
2019-11-08,94.86265563964844
2019-11-11,94.40860748291016
2019-11-12,92.82357788085938
2019-11-13,92.93914794921876
2019-11-14,92.84832763671876
2019-11-15,92.95564270019533
2019-11-18,93.51702117919922
2019-11-19,93.69039154052734
2019-11-20,94.73055267333984
2019-11-21,93.69039154052734
2019-11-22,94.66452026367188
2019-11-25,95.48178100585938
2019-11-26,96.74488067626952
2019-11-27,96.96776580810548
2019-11-29,97.7768096923828
2019-12-02,98.50328826904295
2019-12-03,97.80157470703124
2019-12-04,97.37228393554688
2019-12-05,97.8180694580078
2019-12-06,98.92432403564452
2019-12-09,97.49610900878906
2019-12-10,97.8923797607422
2019-12-11,96.95125579833984
2019-12-12,95.98538970947266
2019-12-13,95.41576385498048
2019-12-16,95.77899932861328
2019-12-17,95.77075958251952
2019-12-18,96.01841735839844
2019-12-19,90.00846862792969
2019-12-20,91.00739288330078
2019-12-23,89.7360610961914
2019-12-24,89.57097625732422
2019-12-26,89.90941619873047
2019-12-27,89.16643524169922
2019-12-30,89.95071411132812
2019-12-31,89.9919662475586
2020-01-02,92.67498016357422
2020-01-03,92.77404022216795
2020-01-06,93.38494110107422
2020-01-07,92.58417510986328
2020-01-08,93.9875717163086
2020-01-09,95.16897583007812
2020-01-10,95.30210876464844
2020-01-13,94.22054290771484
2020-01-14,93.35529327392578
2020-01-15,92.5898895263672
2020-01-16,94.0208511352539
2020-01-17,94.44517517089844
2020-01-21,95.30210876464844
2020-01-22,95.65982055664062
2020-01-23,97.85625457763672
2020-01-24,97.41529846191406
2020-01-27,96.8245849609375
2020-01-28,97.71480560302734
2020-01-29,99.17906951904295
2020-01-30,98.34709930419922
2020-01-31,96.86619567871094
2020-02-03,95.60992431640624
2020-02-04,96.14238739013672
2020-02-05,97.7397689819336
2020-02-06,101.08428192138672
2020-02-07,100.42703247070312
2020-02-10,101.32556915283205
2020-02-11,101.69161987304688
2020-02-12,101.87464904785156
2020-02-13,101.7248992919922
2020-02-14,101.25900268554688
2020-02-18,100.24398040771484
2020-02-19,100.40206909179688
2020-02-20,100.40206909179688
2020-02-21,100.75150299072266
2020-02-24,98.08087158203124
2020-02-25,92.97257232666016
2020-02-26,89.0789566040039
2020-02-27,82.66448211669922
2020-02-28,81.11700439453125
2020-03-02,82.1985855102539
2020-03-03,79.29500579833984
2020-03-04,79.08702087402344
2020-03-05,73.17170715332031
2020-03-06,73.33809661865234
2020-03-09,64.41939544677734
2020-03-10,68.72064971923828
2020-03-11,58.412574768066406
2020-03-12,49.22762298583984
2020-03-13,54.34424209594727
2020-03-16,40.94121170043945
2020-03-17,34.884490966796875
2020-03-18,28.42007637023925
2020-03-19,35.29214096069336
2020-03-20,32.446807861328125
2020-03-23,34.135704040527344
2020-03-24,44.834842681884766
2020-03-25,48.62861251831055
2020-03-26,50.38407516479492
2020-03-27,45.47544479370117
2020-03-30,47.29745864868164
2020-03-31,45.30905151367188
2020-04-01,38.287227630615234
2020-04-02,36.86457061767578
2020-04-03,37.83796691894531
2020-04-06,43.595191955566406
2020-04-07,49.052921295166016
2020-04-08,52.88829040527344
2020-04-09,53.528907775878906
2020-04-13,50.65862274169922
2020-04-14,50.87493896484375
2020-04-15,48.91147994995117
2020-04-16,48.23758316040039
2020-04-17,52.70524597167969
2020-04-20,51.40738296508789
2020-04-21,52.6802978515625
2020-04-22,56.82350158691406
2020-04-23,55.63379669189453
2020-04-24,57.256134033203125
2020-04-27,60.23459243774414
2020-04-28,62.2313232421875
2020-04-29,65.06832122802734
2020-04-30,61.39102554321289
2020-05-01,58.11305236816406
2020-05-04,58.7536735534668
2020-05-05,57.3975715637207
2020-05-06,56.74863052368164
2020-05-07,58.67879104614258
2020-05-08,62.16474151611328
2020-05-11,61.50750732421875
2020-05-12,58.504093170166016
2020-05-13,54.81013870239258
2020-05-14,55.45908737182617
2020-05-15,57.91338348388672
2020-05-18,62.77208709716797
2020-05-19,63.07991409301758
2020-05-20,65.15983581542969
2020-05-21,64.24466705322266
2020-05-22,62.921852111816406
2020-05-26,65.28463745117188
2020-05-27,67.85541534423828
2020-05-28,66.14156341552734
2020-05-29,63.94517517089844
2020-06-01,65.1515121459961
2020-06-02,64.99345397949219
2020-06-03,71.4911117553711
2020-06-04,71.58262634277344
2020-06-05,71.20825958251953
2020-06-08,70.50109100341797
2020-06-09,67.2979965209961
2020-06-10,64.70226287841797
2020-06-11,60.67551803588867
2020-06-12,63.17975997924805
2020-06-15,63.64566040039063
2020-06-16,63.82038116455078
2020-06-17,61.72381591796875
2020-06-18,61.67388153076172
2020-06-19,58.46249771118164
2020-06-22,59.36101913452149
2020-06-23,62.68889999389648
2020-06-24,58.911746978759766
2020-06-25,62.05658721923828
2020-06-26,60.69216537475586
2020-06-29,63.75382232666016
2020-06-30,63.03831481933594
2020-07-01,63.32120132446289
2020-07-02,62.21467208862305
2020-07-06,62.38938903808594
2020-07-07,60.05987548828125
2020-07-08,60.8336181640625
2020-07-09,59.35269165039063
2020-07-10,59.97666549682617
2020-07-13,60.65056991577149
2020-07-14,60.67551803588867
2020-07-15,65.82542419433594
2020-07-16,63.80372619628906
2020-07-17,64.4859390258789
2020-07-20,61.80702590942383
2020-07-21,62.81368637084961
2020-07-22,64.38612365722656
2020-07-23,63.3711051940918
2020-07-24,65.42608642578125
2020-07-27,63.53750228881836
2020-07-28,63.09654235839844
2020-07-29,65.59246063232422
2020-07-30,65.35120391845703
2020-07-31,63.1464958190918
2020-08-03,61.97340393066406
2020-08-04,63.6290283203125
2020-08-05,63.02166748046875
2020-08-06,63.63734436035156
2020-08-07,65.77550506591797
2020-08-10,67.8304672241211
2020-08-11,70.00191497802734
2020-08-12,70.38461303710938
2020-08-13,70.34300231933594
2020-08-14,69.94365692138672
2020-08-17,69.80223083496094
2020-08-18,68.91202545166016
2020-08-19,66.44938659667969
2020-08-20,67.31464385986328
2020-08-21,68.81219482421875
2020-08-24,68.95362854003906
2020-08-25,68.72899627685547
2020-08-26,68.82881927490234
2020-08-27,71.34969329833984
2020-08-28,74.76077270507812
2020-08-31,72.10677337646484
2020-09-01,72.4977798461914
2020-09-02,75.1351547241211
2020-09-03,74.12847137451172
2020-09-04,74.27823638916016
2020-09-08,74.14511108398438
2020-09-09,73.69584655761719
2020-09-10,74.83564758300781
2020-09-11,72.21495056152344
2020-09-14,76.21672821044922
2020-09-15,77.68930053710938
2020-09-16,77.34817504882812
2020-09-17,76.22503662109375
2020-09-18,74.85230255126953
2020-09-21,73.03026580810547
2020-09-22,74.8606185913086
2020-09-23,74.87726593017578
2020-09-24,80.95895385742188
2020-09-25,80.84245300292969
2020-09-28,83.67948150634766
2020-09-29,83.86251068115234
2020-09-30,83.81257629394531
2020-10-01,87.25692749023438
2020-10-02,86.69953918457031
2020-10-05,86.2835464477539
2020-10-06,84.23690795898438
2020-10-07,84.41161346435547
2020-10-08,86.26407623291016
2020-10-09,85.10418701171875
2020-10-12,83.58553314208984
2020-10-13,82.4089584350586
2020-10-14,82.8011703491211
2020-10-15,83.5521469116211
2020-10-16,82.55915069580078
2020-10-19,80.61491394042969
2020-10-20,82.0584716796875
2020-10-21,81.51611328125
2020-10-22,83.2934799194336
2020-10-23,83.05147552490234
2020-10-26,79.60526275634766
2020-10-27,79.972412109375
2020-10-28,75.25784301757812
2020-10-29,77.19373321533203
2020-10-30,76.7013931274414
2020-11-02,76.63465118408203
2020-11-03,77.6860580444336
2020-11-04,80.59822082519531
2020-11-05,84.71202087402344
2020-11-06,85.21268463134766
2020-11-09,100.5913543701172
2020-11-10,94.58338928222656
2020-11-11,89.35147094726562
2020-11-12,88.70894622802734
2020-11-13,89.77702331542969
2020-11-16,91.85478973388672
2020-11-17,90.5614013671875
2020-11-18,91.92152404785156
2020-11-19,91.62113189697266
2020-11-20,90.49464416503906
2020-11-23,91.43756103515624
2020-11-24,94.67518615722656
2020-11-25,92.27203369140624
2020-11-27,91.74629974365234
2020-11-30,90.10246276855467
2020-12-01,92.2136001586914
2020-12-02,91.47928619384766
2020-12-03,94.11610412597656
2020-12-04,95.81002807617188
2020-12-07,93.55704498291016
2020-12-08,93.16487121582033
2020-12-09,95.45121002197266
2020-12-10,96.3273696899414
2020-12-11,94.05769348144533
2020-12-14,93.88246154785156
2020-12-15,95.48456573486328
2020-12-16,97.20350646972656
2020-12-17,98.98086547851562
2020-12-18,96.92816162109376
2020-12-21,97.56233215332033
2020-12-22,99.83199310302734
2020-12-23,99.7819366455078
2020-12-24,98.37173461914062
2020-12-28,98.24656677246094
2020-12-29,98.9308090209961
2020-12-30,98.08802795410156
2020-12-31,99.39812469482422
2021-01-04,96.9949188232422
2021-01-05,98.54695892333984
2021-01-06,100.88340759277344
2021-01-07,103.74593353271484
2021-01-08,104.0807113647461
2021-01-11,104.84239196777344
2021-01-12,106.57496643066406
2021-01-13,104.5075912475586
2021-01-14,103.0344696044922
2021-01-15,101.34373474121094
2021-01-19,103.88821411132812
2021-01-20,104.2564926147461
2021-01-21,104.59130096435548
2021-01-22,102.0970458984375
2021-01-25,100.43978118896484
2021-01-26,99.25123596191406
2021-01-27,93.82749938964844
2021-01-28,99.41864776611328
2021-01-29,97.83672332763672
2021-02-01,99.9040985107422
2021-02-02,102.80010986328124
2021-02-03,105.07674407958984
2021-02-04,107.71330261230467
2021-02-05,110.46703338623048
2021-02-08,109.03575134277344
2021-02-09,108.27408599853516
2021-02-10,107.95602416992188
2021-02-11,107.90581512451172
2021-02-12,107.51242065429688
2021-02-16,107.91417694091795
2021-02-17,107.3617706298828
2021-02-18,108.79302215576172
2021-02-19,112.16610717773438
2021-02-22,112.99474334716795
2021-02-23,112.41719818115234
2021-02-24,116.15861511230467
2021-02-25,113.83174896240234
2021-02-26,114.94496154785156
2021-03-01,116.35948181152344
2021-03-02,116.30927276611328
2021-03-03,115.5308609008789
2021-03-04,114.3674545288086
2021-03-05,117.73217010498048
2021-03-08,119.71583557128906
2021-03-09,116.61058807373048
2021-03-10,118.92910766601562
2021-03-11,118.05023956298828
2021-03-12,121.70792388916016
2021-03-15,122.40267181396484
2021-03-16,117.63172912597656
2021-03-17,118.22600555419922
2021-03-18,117.15467071533205
2021-03-19,117.00398254394533
2021-03-22,114.45114135742188
2021-03-23,114.45950317382812
2021-03-24,112.09915924072266
2021-03-25,121.28102111816406
2021-03-26,124.69598388671876
2021-03-29,120.29337310791016
2021-03-30,121.42333221435548
2021-03-31,118.8537368774414
2021-04-01,120.7621078491211
2021-04-05,120.61980438232422
2021-04-06,120.91277313232422
2021-04-07,121.9924774169922
2021-04-08,122.7251205444336
2021-04-09,120.50201416015624
2021-04-12,120.99884033203124
2021-04-13,120.45989227294922
2021-04-14,121.3861846923828
2021-04-15,120.56094360351562
2021-04-16,123.22193908691406
2021-04-19,122.9103546142578
2021-04-20,120.36727905273438
2021-04-21,120.33354949951172
2021-04-22,122.17771911621094
2021-04-23,121.234619140625
2021-04-26,119.693603515625
2021-04-27,120.13147735595705
2021-04-28,121.15040588378906
2021-04-29,123.12931823730467
2021-04-30,123.55034637451172
2021-05-03,121.77354431152344
2021-05-04,121.04935455322266
2021-05-05,119.76939392089844
2021-05-06,119.36518096923828
2021-05-07,119.8957061767578
2021-05-10,118.47258758544922
2021-05-11,115.71897888183594
2021-05-12,111.05384063720705
2021-05-13,112.8222198486328
2021-05-14,117.48733520507812
2021-05-17,117.06629180908205
2021-05-18,117.5883560180664
2021-05-19,117.8578643798828
2021-05-20,118.8346710205078
2021-05-21,118.53153228759766
2021-05-24,119.03675842285156
2021-05-25,118.2536163330078
2021-05-26,119.23885345458984
2021-05-27,119.45782470703124
2021-05-28,120.61145782470705
2021-06-01,115.64318084716795
2021-06-02,115.00320434570312
2021-06-03,113.21797943115234
2021-06-04,112.96534729003906
2021-06-07,115.60948944091795
2021-06-08,118.53153228759766
2021-06-09,116.77156829833984
2021-06-10,115.28107452392578
2021-06-11,117.14209747314452
2021-06-14,115.78634643554688
2021-06-15,115.12110137939452
2021-06-16,114.91055297851562
2021-06-17,111.0791244506836
2021-06-18,109.554931640625
2021-06-21,112.35902404785156
2021-06-22,114.1864013671875
2021-06-23,114.06005859375
2021-06-24,117.7652359008789
2021-06-25,121.35253143310548
2021-06-28,119.4241180419922
2021-06-29,121.08304595947266
2021-06-30,122.93560791015624
2021-07-01,124.77136993408205
2021-07-02,124.7376708984375
2021-07-06,125.3692398071289
2021-07-07,125.2934341430664
2021-07-08,122.12061309814452
2021-07-09,126.04849243164062
2021-07-12,127.21070861816406
2021-07-13,125.04741668701172
2021-07-14,125.01348876953124
2021-07-15,122.85016632080078
2021-07-16,120.2457504272461
2021-07-19,114.3751449584961
2021-07-20,120.35601806640624
2021-07-21,123.01136779785156
2021-07-22,122.3326644897461
2021-07-23,122.60416412353516
2021-07-26,125.0050048828125
2021-07-27,126.83744049072266
2021-07-28,125.72613525390624
2021-07-29,127.4482421875
2021-07-30,123.7579574584961
2021-08-02,125.31044006347656
2021-08-03,124.56389617919922
2021-08-04,124.19905090332033
2021-08-05,122.56175231933594
2021-08-06,122.75687408447266
2021-08-09,117.26798248291016
2021-08-10,118.95623016357422
2021-08-11,119.69429779052734
2021-08-12,120.4323959350586
2021-08-13,120.45783996582033
2021-08-16,118.95623016357422
2021-08-17,116.3687515258789
2021-08-18,116.23301696777344
2021-08-19,116.02093505859376
2021-08-20,118.18423461914062
2021-08-23,120.69537353515624
2021-08-24,123.74942779541016
2021-08-25,127.38887786865234
2021-08-26,125.95518493652344
2021-08-27,129.8660888671875
2021-08-30,127.12588500976562
2021-08-31,127.80453491210938
2021-09-01,128.24571228027344
2021-09-02,127.72821044921876
2021-09-03,125.59888458251952
2021-09-07,125.1746826171875
2021-09-08,124.93716430664062
2021-09-09,125.70911407470705
2021-09-10,126.11634826660156
2021-09-13,126.92229461669922
2021-09-14,126.0823745727539
2021-09-15,126.41326904296876
2021-09-16,127.5076904296875
2021-09-17,126.76956939697266
2021-09-20,126.14179229736328
2021-09-21,124.2923812866211
2021-09-22,127.52462005615234
2021-09-23,135.31251525878906
2021-09-24,134.63385009765625
2021-09-27,135.5755157470703
2021-09-28,132.23297119140625
2021-09-29,130.37509155273438
2021-09-30,128.50022888183594
2021-10-01,132.30935668945312
2021-10-04,131.9360809326172
2021-10-05,132.99647521972656
2021-10-06,133.48008728027344
2021-10-07,133.1041717529297
2021-10-08,132.06185913085938
2021-10-11,130.7120361328125
2021-10-12,130.02003479003906
2021-10-13,127.78170776367188
2021-10-14,128.64456176757812
2021-10-15,127.42286682128906
2021-10-18,127.12386322021484
2021-10-19,125.15892028808594
2021-10-20,122.3311004638672
2021-10-21,124.40709686279295
2021-10-22,124.2191390991211
2021-10-25,122.57884216308594
2021-10-26,124.50962829589844
2021-10-27,122.62156677246094
2021-10-28,123.83467864990234
2021-10-29,123.1427230834961
2021-11-01,126.45751190185548
2021-11-02,122.7240982055664
2021-11-03,124.0226821899414
2021-11-04,124.80005645751952
2021-11-05,131.97645568847656
2021-11-08,131.0366668701172
2021-11-09,132.94183349609375
2021-11-10,129.59288024902344
2021-11-11,129.08883666992188
2021-11-12,128.36268615722656
2021-11-15,126.1670379638672
2021-11-16,125.26143646240234
2021-11-17,125.58606719970705
2021-11-18,124.66339111328124
2021-11-19,122.30548095703124
2021-11-22,125.49210357666016
2021-11-23,126.78211975097656
2021-11-24,126.76508331298828
2021-11-26,120.07566833496094
2021-11-29,121.10084533691406
2021-11-30,117.85440826416016
2021-12-01,116.7523422241211
2021-12-02,122.21146392822266
2021-12-03,121.6134796142578
2021-12-06,125.27849578857422
2021-12-07,126.54291534423828
2021-12-08,128.69581604003906
2021-12-09,127.72187042236328
2021-12-10,129.69541931152344
2021-12-13,126.26099395751952
2021-12-14,127.4058074951172
2021-12-15,127.32035064697266
2021-12-16,125.69711303710938
2021-12-17,119.4605484008789
2021-12-20,117.94839477539062
2021-12-21,122.09191131591795
2021-12-22,123.98851776123048
2021-12-23,127.15803527832033
2021-12-27,128.3455352783203
2021-12-28,127.61085510253906
2021-12-29,127.31185150146484
2021-12-30,127.57665252685548
2021-12-31,128.69581604003906
2022-01-03,127.10677337646484
2022-01-04,129.5159912109375
2022-01-05,128.08929443359375
2022-01-06,125.94490051269533
2022-01-07,125.37679290771484
2022-01-10,126.5129852294922
2022-01-11,124.89479064941406
2022-01-12,123.56063079833984
2022-01-13,124.53326416015624
2022-01-14,123.0872039794922
2022-01-18,119.96266174316406
2022-01-19,119.26545715332033
2022-01-20,117.0877914428711
2022-01-21,116.01183319091795
2022-01-24,117.5698013305664
2022-01-25,118.35308074951172
2022-01-26,117.87966918945312
2022-01-27,116.51107788085938
2022-01-28,119.2310562133789
2022-01-31,120.39305114746094
2022-02-01,120.40167999267578
2022-02-02,121.23661041259766
2022-02-03,119.29129028320312
2022-02-04,118.66294860839844
2022-02-07,120.58241271972656
2022-02-08,121.36573028564452
2022-02-09,126.26337432861328
2022-02-10,126.40108489990234
2022-02-11,124.29226684570312
2022-02-14,123.44873809814452
2022-02-15,127.12410736083984
2022-02-16,128.13121032714844
2022-02-17,122.95809173583984
2022-02-18,124.5849380493164
2022-02-22,123.86189270019533
2022-02-23,119.68727111816406
2022-02-24,121.85633850097656
2022-02-25,124.87759399414062
2022-02-28,124.998046875
2022-03-01,120.4102554321289
2022-03-02,120.90950012207033
2022-03-03,114.60021209716795
2022-03-04,113.65337371826172
2022-03-07,101.38770294189452
2022-03-08,105.62259674072266
2022-03-09,110.65798950195312
2022-03-10,112.21593475341795
2022-03-11,111.03671264648438
2022-03-14,106.8965072631836
2022-03-15,107.06004333496094
2022-03-16,111.62200927734376
2022-03-17,112.27618408203124
2022-03-18,115.02198791503906
2022-03-21,112.91315460205078
2022-03-22,113.61896514892578
2022-03-23,112.70657348632812
2022-03-24,113.9632568359375
2022-03-25,111.7253189086914
2022-03-28,112.17292785644533
2022-03-29,115.65033721923828
2022-03-30,113.32630920410156
2022-03-31,114.43667602539062
2022-04-01,111.9577178955078
2022-04-04,113.0078353881836
2022-04-05,111.48429870605467
2022-04-06,110.59773254394533
2022-04-07,109.39095306396484
2022-04-08,109.76426696777344
2022-04-11,109.85977935791016
2022-04-12,113.3324966430664
2022-04-13,114.23541259765624
2022-04-14,114.12252807617188
2022-04-18,115.15568542480467
2022-04-19,117.55187225341795
2022-04-20,118.57630920410156
2022-04-21,119.8351821899414
2022-04-22,116.3798370361328
2022-04-25,119.92200469970705
2022-04-26,114.16594696044922
2022-04-27,113.48009490966795
2022-04-28,116.24960327148438
2022-04-29,114.36563110351562
2022-05-02,115.29460906982422
2022-05-03,113.42800903320312
2022-05-04,114.14859008789062
2022-05-05,110.701904296875
2022-05-06,112.95052337646484
2022-05-09,108.61827850341795
2022-05-10,110.17232513427734
2022-05-11,105.49281311035156
2022-05-12,107.81085968017578
2022-05-13,111.18807983398438
2022-05-16,109.72087097167967
2022-05-17,112.00418853759766
2022-05-18,103.73041534423828
2022-05-19,101.29080200195312
2022-05-20,100.92618560791016
2022-05-23,101.06509399414062
2022-05-24,99.64126586914062
2022-05-25,104.28604888916016
2022-05-26,108.60090637207033
2022-05-27,109.42569732666016
2022-05-31,108.52278137207033
2022-06-01,107.59381103515624
2022-06-02,110.15496063232422
2022-06-03,109.199951171875
2022-06-06,109.32149505615234
2022-06-07,108.44464111328124
2022-06-08,107.98448944091795
2022-06-09,107.18576049804688
2022-06-10,104.1297836303711
2022-06-13,99.21585083007812
2022-06-14,98.9988021850586
2022-06-15,101.1866226196289
2022-06-16,97.09749603271484
2022-06-17,99.14640045166016
2022-06-21,98.7123031616211
2022-06-22,99.94513702392578
2022-06-23,100.36185455322266
2022-06-24,104.01689910888672
2022-06-27,105.85746002197266
2022-06-28,99.92776489257812
2022-06-29,98.8599090576172
2022-06-30,98.20877075195312
2022-07-01,99.2766342163086
2022-07-05,102.88829040527344
2022-07-06,101.32553100585938
2022-07-07,102.8870849609375
2022-07-08,102.44845581054688
2022-07-11,101.27291870117188
2022-07-12,101.61504364013672
2022-07-13,102.02735137939452
2022-07-14,101.90454864501952
2022-07-15,102.72042083740234
2022-07-18,102.14142608642578
2022-07-19,105.43997955322266
2022-07-20,106.9313507080078
2022-07-21,106.75589752197266
2022-07-22,106.4576187133789
2022-07-25,104.2030029296875
2022-07-26,100.9833984375
2022-07-27,106.56291198730467
2022-07-28,111.04578399658205
2022-07-29,109.21227264404295
2022-08-01,109.44037628173828
2022-08-02,108.90522003173828
2022-08-03,111.3001937866211
2022-08-04,110.34394073486328
2022-08-05,108.41393280029295
2022-08-08,109.95793914794922
2022-08-09,110.35272216796876
2022-08-10,113.9407958984375
2022-08-11,114.2478485107422
2022-08-12,115.7216796875
2022-08-15,115.98483276367188
2022-08-16,117.8622589111328
2022-08-17,116.41471862792967
2022-08-18,116.12519073486328
2022-08-19,113.23018646240234
2022-08-22,111.53704071044922
2022-08-23,111.38790893554688
2022-08-24,112.01078033447266
2022-08-25,114.6163101196289
2022-08-26,109.63336181640624
2022-08-29,109.39649200439452
2022-08-30,108.23847198486328
2022-08-31,108.52798461914062
2022-09-01,110.4755401611328
2022-09-02,109.80880737304688
2022-09-06,108.0893325805664
2022-09-07,112.33537292480467
2022-09-08,114.44961547851562
2022-09-09,114.95843505859376
2022-09-12,117.3183135986328
2022-09-13,112.91436004638672
2022-09-14,114.30924224853516
2022-09-15,114.4232940673828
2022-09-16,113.76531982421876
2022-09-19,116.2655792236328
2022-09-20,116.45857238769533
2022-09-21,115.16897583007812
2022-09-22,110.05443572998048
2022-09-23,107.36998748779295
2022-09-26,106.29093933105467
2022-09-27,108.41393280029295
2022-09-28,112.04586791992188
2022-09-29,113.44951629638672
2022-09-30,110.81769561767578
2022-10-03,110.01935577392578
2022-10-04,115.99362182617188
2022-10-05,116.76561737060548
2022-10-06,114.65853881835938
2022-10-07,111.276611328125
2022-10-10,112.14422607421876
2022-10-11,113.7909164428711
2022-10-12,115.3225555419922
2022-10-13,117.72176361083984
2022-10-14,115.11006927490234
2022-10-17,116.80989074707033
2022-10-18,118.13788604736328
2022-10-19,117.74832916259766
2022-10-20,117.06661987304688
2022-10-21,118.0316390991211
2022-10-24,118.63365936279295
2022-10-25,120.37776184082033
2022-10-26,122.63534545898438
2022-10-27,124.5918960571289
2022-10-28,126.15007781982422
2022-10-31,126.72554779052734
2022-11-01,126.6369857788086
2022-11-02,123.6889190673828
2022-11-03,123.47637176513672
2022-11-04,125.13192749023438
2022-11-07,123.8039779663086
2022-11-08,124.06956481933594
2022-11-09,123.63574981689452
2022-11-10,128.66441345214844
2022-11-11,124.97260284423828
2022-11-14,126.18549346923828
2022-11-15,126.69011688232422
2022-11-16,128.75291442871094
2022-11-17,129.30184936523438
2022-11-18,130.26683044433594
2022-11-21,129.87728881835938
2022-11-22,131.01937866210938
2022-11-23,131.32037353515625
2022-11-25,131.37350463867188
2022-11-28,129.98355102539062
2022-11-29,128.33682250976562
2022-11-30,130.134033203125
2022-12-01,128.94769287109375
2022-12-02,128.7971954345703
2022-12-05,127.07965850830078
2022-12-06,126.47764587402344
2022-12-07,125.90216827392578
2022-12-08,127.28327941894533
2022-12-09,126.22091674804688
2022-12-12,127.92074584960938
2022-12-13,128.3988037109375
2022-12-14,127.44264221191406
2022-12-15,126.47764587402344
2022-12-16,123.85708618164062
2022-12-19,122.57333374023438
2022-12-20,123.69772338867188
2022-12-21,122.66190338134766
2022-12-22,121.56410217285156
2022-12-23,122.91863250732422
2022-12-27,121.94477081298828
2022-12-28,122.90096282958984
2022-12-29,124.01642608642578
2022-12-30,122.46713256835938
2023-01-03,123.91019439697266
2023-01-04,126.62815856933594
2023-01-05,127.7524871826172
2023-01-06,130.12518310546875
2023-01-09,132.20513916015625
2023-01-10,134.17791748046875
2023-01-11,133.58876037597656
2023-01-12,132.74072265625
2023-01-13,133.72264099121094
2023-01-17,133.01744079589844
2023-01-18,130.7589874267578
2023-01-19,129.7859649658203
2023-01-20,131.5623779296875
2023-01-23,132.20513916015625
2023-01-24,130.31265258789062
2023-01-25,131.91946411132812
2023-01-26,133.27633666992188
2023-01-27,132.4461212158203
2023-01-30,131.1517791748047
2023-01-31,132.0890655517578
2023-02-01,131.27671813964844
2023-02-02,132.04443359375
2023-02-03,131.5980987548828
2023-02-06,133.71372985839844
2023-02-07,133.53521728515625
2023-02-08,132.5175323486328
2023-02-09,131.901611328125
2023-02-10,131.2410430908203
2023-02-13,131.9730224609375
2023-02-14,130.60720825195312
2023-02-15,130.91966247558594
2023-02-16,130.11624145507812
2023-02-17,130.41085815429688
2023-02-21,131.9730224609375
2023-02-22,132.9281768798828
2023-02-23,132.36581420898438
2023-02-24,129.01824951171875
2023-02-27,127.35791015625
2023-02-28,127.64353942871094
2023-03-01,128.2327117919922
2023-03-02,131.34814453125
2023-03-03,131.5266876220703
2023-03-06,132.35687255859375
2023-03-07,130.8036346435547
2023-03-08,130.0894775390625
2023-03-09,129.1343231201172
2023-03-10,128.51837158203125
2023-03-13,130.3483428955078
2023-03-14,131.7409210205078
2023-03-15,131.901611328125
2023-03-16,134.22254943847656
2023-03-17,132.56219482421875
2023-03-20,134.4635772705078
2023-03-21,136.07040405273438
2023-03-22,134.83853149414062
2023-03-23,134.3654022216797
2023-03-24,136.20431518554688
2023-03-27,137.2933807373047
2023-03-28,137.89144897460938
2023-03-29,138.0699920654297
2023-03-30,137.3647918701172
2023-03-31,138.50738525390625
2023-04-03,137.37368774414062
2023-04-04,136.6595458984375
2023-04-05,136.63278198242188
2023-04-06,134.6982421875
2023-04-10,136.31787109375
2023-04-11,138.0994415283203
2023-04-12,136.5338134765625
2023-04-13,138.09043884277344
2023-04-14,137.14564514160156
2023-04-17,136.54281616210938
2023-04-18,136.59678649902344
2023-04-19,136.3628387451172
2023-04-20,134.9051971435547
2023-04-21,136.63279724121094
2023-04-24,134.31134033203125
2023-04-25,131.782958984375
2023-04-26,133.63650512695312
2023-04-27,136.04791259765625
2023-04-28,136.7047576904297
2023-05-01,136.10194396972656
2023-05-02,136.6147918701172
2023-05-03,136.29086303710938
2023-05-04,137.5955810546875
2023-05-05,137.74851989746094
2023-05-08,135.18411254882812
2023-05-09,135.2650909423828
2023-05-10,134.1223907470703
2023-05-11,132.27783203125
2023-05-12,133.6634979248047
2023-05-15,136.66876220703125
2023-05-16,137.81149291992188
2023-05-17,142.78732299804688
2023-05-18,145.89161682128906
2023-05-19,145.2347869873047
2023-05-22,145.07278442382812
2023-05-23,144.47894287109375
2023-05-24,144.37997436523438
2023-05-25,144.89285278320312
2023-05-26,145.11776733398438
2023-05-30,144.3079833984375
2023-05-31,142.63438415527344
2023-06-01,145.5226593017578
2023-06-02,147.60118103027344
2023-06-05,144.9018096923828
2023-06-06,146.7284393310547
2023-06-07,147.92510986328125
2023-06-08,146.98934936523438
2023-06-09,145.6846466064453
2023-06-12,148.44699096679688
2023-06-13,149.40074157714844
2023-06-14,150.84043884277344
2023-06-15,150.13858032226562
2023-06-16,149.37376403808594
2023-06-20,149.2028350830078
2023-06-21,149.7336883544922
2023-06-22,145.8826141357422
2023-06-23,145.1357879638672
2023-06-26,145.396728515625
2023-06-27,147.01634216308594
2023-06-28,145.8106231689453
2023-06-29,148.73495483398438
2023-06-30,150.3365478515625
2023-07-03,150.66946411132812
2023-07-05,148.4199981689453
2023-07-06,147.6642303466797
2023-07-07,148.25375366210938
2023-07-10,150.52134704589844
2023-07-11,151.07461547851562
2023-07-12,151.34669494628906
2023-07-13,152.79800415039062
2023-07-14,151.872802734375
2023-07-17,153.5145263671875
2023-07-18,154.2764129638672
2023-07-19,155.50997924804688
2023-07-20,156.17210388183594
2023-07-21,154.5303955078125
2023-07-24,154.26736450195312
2023-07-25,152.21746826171875
2023-07-26,153.30592346191406
2023-07-27,154.43063354492188
2023-07-28,151.9453582763672
2023-07-31,153.21519470214844
2023-08-01,150.911376953125
2023-08-02,148.8705596923828
2023-08-03,147.78208923339844
2023-08-04,147.34669494628906
2023-08-07,149.4691619873047
2023-08-08,149.4691619873047
2023-08-09,148.6891326904297
2023-08-10,148.3626251220703
2023-08-11,145.5689697265625
2023-08-14,146.26736450195312
2023-08-15,146.69366455078125
2023-08-16,145.41476440429688
2023-08-17,144.11770629882812
2023-08-18,143.73675537109375
2023-08-21,140.85238647460938
2023-08-22,141.50546264648438
2023-08-23,141.7685089111328
2023-08-24,141.1154327392578
2023-08-25,141.48733520507812
2023-08-28,140.73446655273438
2023-08-29,141.3331298828125
2023-08-30,142.5303955078125
2023-08-31,141.0519561767578
2023-09-01,141.09732055664062
2023-09-05,136.6891632080078
2023-09-06,135.10183715820312
2023-09-07,135.92724609375
2023-09-08,135.5463104248047
2023-09-11,134.32179260253906
2023-09-12,135.8184051513672
2023-09-13,134.97488403320312
2023-09-14,137.70504760742188
2023-09-15,136.10862731933594
2023-09-18,135.23789978027344
2023-09-19,135.7912139892578
2023-09-20,135.56443786621094
2023-09-21,131.96351623535156
2023-09-22,130.15855407714844
2023-09-25,128.13587951660156
2023-09-26,128.2174835205078
2023-09-27,128.28099060058594
2023-09-28,129.7957305908203
2023-09-29,129.9045867919922
2023-10-02,129.1698760986328
2023-10-03,126.82975006103516
2023-10-04,128.0723876953125
2023-10-05,127.99075317382812
2023-10-06,125.37232971191406
2023-10-09,125.5005111694336
2023-10-10,126.53509521484376
2023-10-11,125.90335083007812
2023-10-12,122.90958404541016
2023-10-13,122.68070220947266
2023-10-16,127.08438873291016
2023-10-17,128.91543579101562
2023-10-18,128.83303833007812
2023-10-19,130.24295043945312
2023-10-20,128.78726196289062
2023-10-23,129.803466796875
2023-10-24,130.0873260498047
2023-10-25,130.1880340576172
2023-10-26,130.1788330078125
2023-10-27,130.45352172851562
2023-10-30,131.24090576171875
2023-10-31,133.23670959472656
2023-11-01,133.35574340820312
2023-11-02,134.4727020263672
2023-11-03,137.97915649414062
2023-11-06,136.67910766601562
2023-11-07,135.99244689941406
2023-11-08,135.1959228515625
2023-11-09,135.64456176757812
2023-11-10,137.4207000732422
2023-11-13,138.47354125976562
2023-11-14,141.71446228027344
2023-11-15,142.65750122070312
2023-11-16,142.52932739257812
2023-11-17,142.69412231445312
2023-11-20,141.01870727539062
2023-11-21,141.76028442382812
2023-11-22,143.2526092529297
2023-11-24,142.8314208984375
2023-11-27,143.4998016357422
2023-11-28,142.30044555664062
2023-11-29,142.57508850097656
2023-11-30,143.2526092529297
2023-12-01,146.40200805664062
2023-12-04,147.3999481201172
2023-12-05,146.52101135253906
2023-12-06,147.63795471191406
2023-12-07,147.4823455810547
2023-12-08,145.52308654785156
2023-12-11,147.5830078125
2023-12-12,147.47317504882812
2023-12-13,148.73663330078125
2023-12-14,149.31336975097656
2023-12-15,148.7640838623047
2023-12-18,153.0487518310547
2023-12-19,151.4832000732422
2023-12-20,148.4436492919922
2023-12-21,148.5077362060547
2023-12-22,148.16896057128906
2023-12-26,150.1373748779297
2023-12-27,149.7345428466797
2023-12-28,150.39369201660156
2023-12-29,150.42115783691406
2024-01-02,148.57179260253906
2024-01-03,146.85061645507812
2024-01-04,147.3999481201172
2024-01-05,148.3887176513672
2024-01-08,150.1007537841797
2024-01-09,149.1409149169922
2024-01-10,148.62408447265625
2024-01-11,147.65505981445312
2024-01-12,145.01553344726562
2024-01-16,145.05245971679688
2024-01-17,145.5508270263672
2024-01-18,147.5904541015625
2024-01-19,146.96286010742188
2024-01-22,149.13169860839844
2024-01-23,149.1962890625
2024-01-24,149.1962890625
2024-01-25,149.62083435058594
2024-01-26,148.5779571533203
2024-01-29,151.00518798828125
2024-01-30,151.1620635986328
2024-01-31,150.04541015625
2024-02-01,154.3368377685547
2024-02-02,153.68161010742188
2024-02-05,151.82655334472656
2024-02-06,153.12786865234375
2024-02-07,153.23858642578125
2024-02-08,155.21360778808594
2024-02-09,154.7336883544922
2024-02-12,152.60179138183594
2024-02-13,149.7777099609375
2024-02-14,148.72560119628906
2024-02-15,149.86077880859375
2024-02-16,149.9346466064453
2024-02-20,152.5648651123047
2024-02-21,153.6077880859375
2024-02-22,155.48126220703125
2024-02-23,156.4410858154297
2024-02-26,156.46875
2024-02-27,156.45950317382812
2024-02-28,157.30862426757812
2024-02-29,157.54856872558594
2024-03-01,158.08383178710938
2024-03-04,160.6310577392578
2024-03-05,160.9632568359375
2024-03-06,162.32920837402344
2024-03-07,159.8373565673828
2024-03-08,158.34228515625
2024-03-11,158.56373596191406
2024-03-12,159.03443908691406
2024-03-13,161.1109619140625
2024-03-14,158.52682495117188
2024-03-15,158.70217895507812
2024-03-18,159.54202270507812
2024-03-19,160.66795349121094
2024-03-20,161.1201934814453
2024-03-21,150.6544952392578
2024-03-22,152.3802947998047
2024-03-25,150.15609741210938
2024-03-26,150.89443969726562
2024-03-27,154.09689331054688
2024-03-28,154.2630157470703
2024-04-01,154.34609985351562
2024-04-02,151.3374481201172
2024-04-03,150.41448974609375
2024-04-04,146.2891387939453
2024-04-05,144.2957000732422
2024-04-08,145.7631072998047
2024-04-09,147.3265380859375
2024-04-10,145.083740234375
2024-04-11,144.25547790527344
2024-04-12,142.43148803710938
2024-04-15,143.37139892578125
2024-04-16,143.44586181640625
2024-04-17,142.35702514648438
2024-04-18,141.7241973876953
2024-04-19,141.91961669921875
2024-04-22,143.82740783691406
2024-04-23,145.083740234375
2024-04-24,145.74449157714844
2024-04-25,145.67933654785156
2024-04-26,145.26986694335938
2024-04-29,144.70217895507812
2024-04-30,142.76651000976562
2024-05-01,140.66326904296875
2024-05-02,137.6015625
2024-05-03,138.8950958251953
2024-05-06,137.24790954589844
2024-05-07,136.8291473388672
2024-05-08,137.71322631835938
2024-05-09,136.72679138183594
2024-05-10,137.96450805664062
2024-05-13,138.7183074951172
2024-05-14,138.60662841796875
2024-05-15,141.24957275390625
2024-05-16,140.91456604003906
2024-05-17,143.3155517578125
2024-05-20,141.4357147216797
2024-05-21,139.30459594726562
2024-05-22,138.39259338378906
2024-05-23,137.41543579101562
2024-05-24,137.35960388183594
2024-05-28,138.0296630859375
2024-05-29,135.85198974609375
2024-05-30,137.7783966064453
2024-05-31,139.95603942871094
2024-06-03,140.65399169921875
2024-06-04,139.41627502441406
2024-06-05,140.16075134277344
2024-06-06,139.6954345703125
2024-06-07,138.23439025878906
2024-06-10,137.43402099609375
2024-06-11,136.43829345703125
2024-06-12,136.97805786132812
2024-06-13,137.24790954589844
2024-06-14,138.4577178955078
2024-06-17,142.92469787597656
2024-06-18,141.41709899902344
2024-06-20,143.58543395996094
2024-06-21,142.64553833007812
2024-06-24,143.43653869628906
2024-06-25,142.4687042236328
2024-06-26,141.5753173828125
2024-06-27,141.5659942626953
2024-06-28,140.82150268554688
2024-07-01,138.0389404296875
2024-07-02,136.587158203125
2024-07-03,135.33084106445312
2024-07-05,135.1446990966797
2024-07-08,134.74452209472656
2024-07-09,130.55674743652344
2024-07-10,129.77655029296875
2024-07-11,131.56256103515625
2024-07-12,133.73397827148438
2024-07-15,134.67396545410156
2024-07-16,136.60098266601562
2024-07-17,138.50917053222656
2024-07-18,134.29795837402344
2024-07-19,134.28855895996094
2024-07-22,134.9841766357422
2024-07-23,131.7881622314453
2024-07-24,131.06434631347656
2024-07-25,133.3861541748047
2024-07-26,133.73397827148438
2024-07-29,137.94515991210938
2024-07-30,139.2517547607422
2024-07-31,137.51275634765625
2024-08-01,136.62916564941406
2024-08-02,135.38836669921875
2024-08-05,132.74696350097656
2024-08-06,134.86195373535156
2024-08-07,133.3485565185547
2024-08-08,135.82078552246094
2024-08-09,134.51416015625
2024-08-12,133.55535888671875
2024-08-13,135.5481719970703
2024-08-14,132.3709716796875
2024-08-15,135.5951690673828
2024-08-16,134.75857543945312
2024-08-19,140.69935607910156
2024-08-20,145.8411407470703
2024-08-21,146.29237365722656
2024-08-22,144.66616821289062
2024-08-23,144.8259735107422
2024-08-26,146.8281707763672
2024-08-27,147.3357696533203
2024-08-28,147.54258728027344
2024-08-29,147.3451690673828
2024-08-30,148.66114807128906
2024-09-03,148.7552032470703
2024-09-04,149.78919982910156
2024-09-05,148.4637908935547
2024-09-06,147.984375
2024-09-09,147.30755615234375
2024-09-10,146.27357482910156
2024-09-11,147.99375915527344
2024-09-12,148.9995574951172
2024-09-13,150.6351776123047
2024-09-16,150.5317840576172
2024-09-17,151.83837890625
2024-09-18,149.591796875
2024-09-19,161.93399047851562
2024-09-20,159.96002197265625
2024-09-23,162.37579345703125
2024-09-24,160.84359741210938
2024-09-25,158.02357482910156
2024-09-26,157.87319946289062
2024-09-27,156.7075958251953
2024-09-30,154.28237915039062
2024-10-01,154.27296447753906
2024-10-02,152.9381866455078
2024-10-03,152.12977600097656
2024-10-04,154.94976806640625
2024-10-07,149.9771728515625
2024-10-08,149.5823974609375
2024-10-09,149.0465850830078
2024-10-10,147.88006591796875
2024-10-11,148.62930297851562
2024-10-14,148.83792114257812
2024-10-15,151.8727264404297
2024-10-16,154.51870727539062
2024-10-17,155.78952026367188
2024-10-18,156.09300231933594
2024-10-21,155.57139587402344
2024-10-22,152.80215454101562
2024-10-23,153.97811889648438
2024-10-24,154.1772918701172
2024-10-25,151.66409301757812
2024-10-28,153.82638549804688
2024-10-29,153.57980346679688
2024-10-30,151.93914794921875
2024-10-31,151.75894165039062
2024-11-01,151.4080352783203
2024-11-04,150.57345581054688
2024-11-05,153.04872131347656
2024-11-06,162.12466430664062
2024-11-07,159.78216552734375
2024-11-08,159.74424743652344
2024-11-11,160.512451171875
2024-11-12,158.45445251464844
2024-11-13,160.9202117919922
2024-11-14,159.98135375976562
2024-11-15,158.16993713378906
2024-11-18,155.96022033691406
2024-11-19,152.54608154296875
2024-11-20,154.19625854492188
2024-11-21,156.06454467773438
2024-11-22,159.03298950195312
2024-11-25,166.1742401123047
2024-11-26,164.8749542236328
2024-11-27,165.94659423828125
2024-11-29,167.17001342773438
2024-12-02,163.1204833984375
2024-12-03,161.95394897460938
2024-12-04,162.38072204589844
2024-12-05,162.33328247070312
2024-12-06,160.9866180419922
2024-12-09,159.93392944335938
2024-12-10,159.6209716796875
2024-12-11,159.16574096679688
2024-12-12,156.4723663330078
2024-12-13,158.0845947265625
2024-12-16,158.91915893554688
2024-12-17,156.9180908203125
2024-12-18,151.61666870117188
2024-12-19,173.96987915039062
2024-12-20,177.9056396484375
2024-12-23,175.2501678466797
2024-12-24,177.01414489746094
2024-12-26,178.92039489746094
2024-12-27,177.8961181640625
2024-12-30,177.12796020507812
2024-12-31,177.05209350585938
2025-01-02,176.88136291503906
2025-01-03,178.02891540527344
2025-01-06,174.46302795410156
2025-01-07,174.82339477539062
2025-01-08,174.244873046875
2025-01-10,172.03732299804688
2025-01-13,174.66539001464844
2025-01-14,173.96774291992188
2025-01-15,172.81141662597656
2025-01-16,173.0312042236328
2025-01-17,173.6906280517578
2025-01-21,178.22044372558594
2025-01-22,177.41766357421875
2025-01-23,177.9145965576172
2025-01-24,179.290771484375
2025-01-27,184.0785980224609
2025-01-28,183.86834716796875
2025-01-29,185.206283569336
2025-01-30,187.4903106689453
2025-01-31,186.5824279785156
2025-02-03,189.8603057861328
2025-02-04,190.7108612060547
2025-02-05,191.53273010253903
2025-02-06,191.5422821044922
2025-02-07,188.47462463378903
2025-02-10,186.64930725097656
2025-02-11,185.5598602294922
2025-02-12,186.1715087890625
2025-02-13,184.88134765625
2025-02-14,182.7120056152344
2025-02-18,191.5136108398437
2025-02-19,188.1210327148437
2025-02-20,186.4486389160156
2025-02-21,182.73114013671875
2025-02-24,186.2957305908203
2025-02-25,188.9237823486328
2025-02-26,185.4356384277344
2025-02-27,186.2766265869141
2025-02-28,191.57095336914065
2025-03-03,187.2227020263672
2025-03-04,184.17417907714844
2025-03-05,186.0376892089844
2025-03-06,183.78233337402344
2025-03-07,186.0376892089844
2025-03-10,186.8500213623047
2025-03-11,180.9918365478516
2025-03-12,181.4027709960937
2025-03-13,173.09811401367188
2025-03-14,177.74258422851562
2025-03-17,179.28121948242188
2025-03-18,179.73037719726562
2025-03-19,179.80682373046875
2025-03-20,190.1852264404297
2025-03-21,191.06442260742188
2025-03-24,199.311767578125
2025-03-25,197.9833984375
2025-03-26,198.25100708007807
2025-03-27,198.7670440673828
2025-03-28,196.03387451171875
2025-03-31,198.5472412109375
2025-04-01,200.2483062744141
2025-04-02,200.2769927978516
2025-04-03,191.7811737060547
2025-04-04,183.8492431640625
2025-04-07,180.59999084472656
2025-04-08,178.3064422607422
2025-04-09,187.6432037353516
2025-04-10,184.83262634277344
2025-04-11,187.18118286132807
2025-04-14,191.80130004882807
2025-04-15,192.08042907714844
2025-04-16,190.4537506103516
2025-04-17,192.71568298339844
2025-04-21,189.6837615966797
2025-04-22,195.0545959472656
2025-04-23,194.20758056640625
2025-04-24,192.92745971679688
2025-04-25,191.63766479492188
2025-04-28,192.8600616455078
2025-04-29,191.3681640625
2025-04-30,193.1199493408203
2025-05-01,192.3691864013672
2025-05-02,196.2481384277344
2025-05-05,195.0834808349609
2025-05-06,191.0601348876953
2025-05-07,190.57888793945312
2025-05-08,191.54139709472656
2025-05-09,190.97352600097656
2025-05-12,196.2096405029297
2025-05-13,197.3165283203125
2025-05-14,199.6458282470703
2025-05-15,201.16661071777344
2025-05-16,203.71728515625
2025-05-19,200.9067230224609
2025-05-20,199.28005981445312
2025-05-21,195.52622985839844
2025-05-22,196.238525390625
2025-05-23,196.37326049804688
2025-05-27,206.0273284912109
2025-05-28,205.74819946289065
2025-05-29,205.7001037597656
2025-05-30,206.1813507080078
2025-06-02,208.722396850586
2025-06-03,209.06890869140625
2025-06-04,208.14486694335932
2025-06-05,206.9994659423828
2025-06-06,209.3768920898437
2025-06-09,211.465560913086
2025-06-10,208.09674072265625
2025-06-11,209.5116424560547
2025-06-12,209.6463928222656
2025-06-13,209.34803771972656
2025-06-16,216.33590698242188
2025-06-17,216.35516357421875
2025-06-18,214.4012451171875
2025-06-20,217.31768798828125
2025-06-23,213.0441131591797
2025-06-24,212.5532073974609
2025-06-25,209.3095245361328
2025-06-26,207.8753662109375
2025-06-27,208.0293731689453
2025-06-30,209.8003845214844
2025-07-01,211.36932373046875
2025-07-02,211.10943603515625
2025-07-03,212.0142059326172
2025-07-07,207.9235076904297
2025-07-08,209.47315979003903
2025-07-09,207.74061584472656
2025-07-10,206.335205078125
2025-07-11,202.90402221679688
2025-07-14,203.0397186279297
2025-07-15,200.3548889160156
2025-07-16,201.8475341796875
2025-07-17,200.7619781494141
2025-07-18,203.09786987304688
2025-07-21,200.4517974853516
2025-07-22,202.82647705078125
2025-07-23,202.0995330810547
2025-07-24,196.5651092529297
2025-07-25,198.1934509277344
2025-07-28,196.8655548095703
2025-07-29,196.4972381591797
2025-07-30,196.95278930664065
2025-07-31,195.46983337402344
2025-08-01,197.23388671875
2025-08-04,198.51329040527344
2025-08-05,197.96083068847656
2025-08-06,198.84283447265625
2025-08-07,200.3064117431641
2025-08-08,195.7896881103516
2025-08-11,195.35353088378903
2025-08-12,198.823471069336
2025-08-13,200.5584259033203
2025-08-14,199.7248687744141
2025-08-15,200.97520446777344
2025-08-18,199.0948486328125
2025-08-19,201.4501342773437
2025-08-20,201.11090087890625
2025-08-21,200.1901092529297
2025-08-22,202.1673889160156
2025-08-25,198.9300842285156
2025-08-26,199.64732360839844
2025-08-27,199.918701171875
2025-08-28,200.3548889160156
2025-08-29,200.57781982421875
2025-09-02,201.6633758544922
2025-09-03,201.866928100586
2025-09-04,203.7279052734375
2025-09-05,203.679443359375
2025-09-08,204.3094482421875
2025-09-09,205.3368682861328
2025-09-10,204.95884704589844
2025-09-11,206.83920288085932
2025-09-12,206.0735015869141
2025-09-15,205.6373291015625
2025-09-16,203.58248901367188
2025-09-17,202.3709259033203
2025-09-18,186.8143920898437
2025-09-19,179.05062866210938
2025-09-22,179.515869140625
2025-09-23,180.7855987548828
2025-09-24,180.8728485107422
2025-09-25,181.270263671875
2025-09-26,182.3364105224609
2025-09-29,187.0469970703125
2025-09-30,184.507553100586
2025-10-01,186.48483276367188
2025-10-02,187.5413360595703
2025-10-03,187.2408447265625
2025-10-06,187.32809448242188
2025-10-07,185.6512451171875
2025-10-08,182.1425628662109
2025-10-09,180.9503936767578
2025-10-10,177.02239990234375
2025-10-13,180.7744903564453
2025-10-14,182.7189483642578
2025-10-15,184.0478057861328
2025-10-16,183.1586456298828
2025-10-17,183.88169860839844
2025-10-20,183.6178741455078
2025-10-21,183.19772338867188
2025-10-22,183.1195526123047
2025-10-23,182.19129943847656
2025-10-24,180.5888671875
2025-10-27,179.4261016845703
2025-10-28,177.1787567138672
2025-10-29,178.23402404785156
2025-10-30,174.12039184570312
2025-10-31,176.0257568359375
2025-11-03,173.5048370361328
2025-11-04,176.0941619873047
2025-11-05,175.97691345214844
2025-11-06,173.44619750976562
2025-11-07,173.98361206054688
2025-11-10,169.61593627929688
2025-11-11,167.66172790527344
2025-11-12,171.6483154296875
2025-11-13,171.404052734375
2025-11-14,169.8504638671875
2025-11-17,167.85714721679688
2025-11-18,167.1243133544922
2025-11-19,166.10812377929688
2025-11-20,165.33621215820312
2025-11-21,170.7200927734375
2025-11-24,169.3521270751953
2025-11-25,175.17567443847656
2025-11-26,175.8791961669922
2025-11-28,175.46881103515625
2025-12-01,169.9579315185547
2025-12-02,170.6418914794922
2025-12-03,173.2605438232422
2025-12-04,172.2248077392578
2025-12-05,173.65139770507812
2025-12-08,175.77171325683594
2025-12-09,173.0944366455078
2025-12-10,175.01934814453125
2025-12-11,179.10365295410156
2025-12-12,178.10699462890625
2025-12-15,182.1619873046875
2025-12-16,181.2825927734375
2025-12-17,185.1910095214844
2025-12-18,188.46432495117188
2025-12-19,185.52322387695312
2025-12-22,184.9272003173828
2025-12-23,182.7189483642578
2025-12-24,185.56234741210932
2025-12-26,184.0575714111328
2025-12-29,182.6309967041016
2025-12-30,180.7158660888672
2025-12-31,179.8071746826172
2026-01-02,182.92413330078125
2026-01-05,188.24937438964844
2026-01-06,195.6656036376953
2026-01-07,195.19659423828125
2026-01-08,197.86410522460932
2026-01-09,199.202880859375
2026-01-12,206.1527404785156
2026-01-13,203.3275146484375
2026-01-14,204.6269073486328
2026-01-15,210.9861297607422
2026-01-16,211.27159118652344
2026-01-20,205.62115478515625
2026-01-21,204.1051788330078
2026-01-22,201.95919799804688
2026-01-23,202.95343017578125
2026-01-26,193.3654022216797
2026-01-27,193.8280487060547
2026-01-28,193.434310913086
2026-01-29,196.2201538085937
2026-01-30,196.23985290527344
2026-02-02,197.76565551757807
2026-02-03,202.2840576171875
2026-02-04,208.9090576171875
2026-02-05,210.2281494140625
2026-02-06,212.8958740234375
2026-02-09,214.6087188720703
2026-02-10,206.9599456787109
2026-02-11,209.4701538085937
2026-02-12,209.5390625
2026-02-13,208.2002716064453
2026-02-17,215.2485809326172
2026-02-18,213.0336761474609
2026-02-19,209.6571807861328
2026-02-20,213.88026428222656
2026-02-23,210.917221069336
2026-02-24,210.58253479003903
2026-02-25,208.7515411376953
2026-02-26,211.47833251953125
2026-02-27,210.5136260986328
2026-03-02,206.59571838378903
2026-03-03,207.3143310546875
2026-03-04,200.23651123046875
2026-03-05,202.99282836914065
2026-03-06,200.0100860595703
2026-03-09,198.49411010742188
2026-03-10,200.29556274414065
2026-03-11,200.2660369873047
2026-03-12,195.3341827392578
2026-03-13,199.2127227783203
2026-03-16,203.46533203125
2026-03-17,200.6794891357422
2026-03-18,197.57862854003903
2026-03-19,201.23074340820312
2026-03-20,199.88211059570312
2026-03-23,192.9125823974609
2026-03-24,197.3915863037109
2026-03-25,198.5138092041016
2026-03-26,195.767318725586
2026-03-27,189.4868621826172
2026-03-30,192.00694274902344
2026-03-31,192.98147583007807
2026-04-01,190.0479736328125
2026-04-02,193.2669677734375
2026-04-06,193.5032196044922
2026-04-07,187.6558990478516
2026-04-08,192.5975646972656
2026-04-09,193.2767944335937
2026-04-10,190.84646606445312
2026-04-13,190.35047912597656
2026-04-14,196.39161682128903
2026-04-15,198.07797241210932
2026-04-16,195.08221435546875
2026-04-17,199.4568328857422
2026-04-20,200.23057556152344
2026-04-21,195.369873046875
2026-04-22,198.1275634765625
2026-04-23,200.7166290283203
2026-04-24,199.4468994140625
2026-04-27,197.1058349609375
2026-04-28,194.9333953857422
2026-04-29,194.7151641845703
2026-04-30,198.950912475586
2026-05-01,193.19744873046875
2026-05-04,190.54885864257807
2026-05-05,192.9395294189453
2026-05-06,194.12989807128903
2026-05-07,193.60415649414065
2026-05-08,194.65565490722656
2026-05-11,194.22911071777344
2026-05-12,197.5224609375
2026-05-13,191.2630920410156
2026-05-14,193.04864501953125
2026-05-15,194.31837463378903
2026-05-18,192.195556640625
2026-05-19,192.1757049560547
2026-05-20,195.68731689453125
2026-05-21,195.48892211914065
2026-05-22,201.8772430419922
2026-05-26,202.19468688964844
2026-05-27,204.2778167724609
2026-05-28,202.8295440673828
2026-05-29,202.2740478515625
2026-06-01,200.2900848388672
2026-06-02,196.6792907714844
2026-06-03,196.6792907714844
2026-06-04,191.9078826904297
2026-06-05,196.53048706054688
2026-06-08,194.4275054931641
2026-06-09,199.2981109619141
2026-06-10,202.00621032714844
2026-06-11,209.1484375
2026-06-12,209.7733917236328
2026-06-15,207.08511352539065
2026-06-16,207.372802734375
2026-06-17,209.634506225586
2026-06-18,211.73748779296875
2026-06-22,210.29913330078125
2026-06-23,208.9004364013672
2026-06-24,211.73748779296875
2026-06-25,211.0530242919922
2026-06-26,212.00534057617188
2026-06-29,204.04966735839844
2026-06-30,204.357177734375
2026-07-01,200.3297576904297
2026-07-02,202.6807556152344
2026-07-06,201.58956909179688
2026-07-07,202.8592987060547
2026-07-08,199.4865875244141
2026-07-09,200.3000030517578
2026-07-10,204.25
2026-07-13,196.69000244140625
2026-07-14,195.7400054931641
2026-07-15,196.0599975585937
2026-07-16,201.2100067138672
2026-07-17,198.52999877929688
2026-07-20,194.82000732421875
2026-07-21,193.38999938964844
2026-07-22,193.94000244140625
2026-07-23,194.1199951171875
2026-07-24,196.3099975585937
2026-07-27,204.1000061035156
2026-07-28,206.97999572753903
2026-07-29,212.22999572753903
2026-07-30,206.97000122070312
2026-07-31,203.5800018310547
2026-08-03,206.2400054931641
2026-08-04,204.57000732421875
2026-08-05,208.8500061035156
2026-08-06,210.94000244140625
2026-08-07,213.759994506836
2026-08-10,217.97000122070312
2026-08-11,218.8999938964844
2026-08-12,227.67999267578125
2026-08-13,223.5
2026-08-14,225.25999450683594
