date,close
1998-03-23,12.974255561828612
1998-03-24,13.469794273376465
1998-03-25,13.67251682281494
1998-03-26,13.604955673217772
1998-03-27,13.289600372314451
1998-03-30,12.951726913452148
1998-03-31,12.9066801071167
1998-04-01,12.568807601928713
1998-04-02,13.154454231262209
1998-04-03,13.357177734375
1998-04-06,12.974255561828612
1998-04-07,12.726480484008787
1998-04-08,12.681427001953123
1998-04-09,12.433659553527832
1998-04-13,12.478705406188965
1998-04-14,13.04183292388916
1998-04-15,13.402223587036133
1998-04-16,12.696794509887695
1998-04-17,12.40361499786377
1998-04-20,12.065338134765623
1998-04-21,11.456438064575195
1998-04-22,11.659400939941406
1998-04-23,11.591747283935549
1998-04-24,11.727060317993164
1998-04-27,11.727060317993164
1998-04-28,12.020237922668455
1998-04-29,11.952584266662598
1998-04-30,11.546645164489746
1998-05-01,12.042789459228516
1998-05-04,12.358515739440918
1998-05-05,12.358515739440918
1998-05-06,11.907476425170898
1998-05-07,11.546645164489746
1998-05-08,11.636853218078612
1998-05-11,11.411327362060549
1998-05-12,11.005393981933594
1998-05-13,11.88492202758789
1998-05-14,11.817266464233398
1998-05-15,11.975128173828123
1998-05-18,12.08788776397705
1998-05-19,12.065338134765623
1998-05-20,12.764447212219238
1998-05-21,12.40361499786377
1998-05-22,12.245757102966309
1998-05-26,12.15554428100586
1998-05-27,12.42617416381836
1998-05-28,12.42617416381836
1998-05-29,12.538932800292969
1998-06-01,12.561482429504396
1998-06-02,12.335963249206545
1998-06-03,12.335963249206545
1998-06-04,12.606587409973145
1998-06-05,12.629141807556152
1998-06-08,12.110444068908691
1998-06-09,11.704505920410156
1998-06-10,11.569199562072754
1998-06-11,11.456438064575195
1998-06-12,11.546645164489746
1998-06-15,11.230912208557127
1998-06-16,11.591747283935549
1998-06-17,11.569199562072754
1998-06-18,11.36622428894043
1998-06-19,11.230912208557127
1998-06-22,10.870077133178713
1998-06-23,11.343672752380373
1998-06-24,11.474686622619627
1998-06-25,11.271390914916992
1998-06-26,11.316568374633787
1998-06-29,11.474686622619627
1998-06-30,11.7005615234375
1998-07-01,11.63279914855957
1998-07-02,11.429509162902832
1998-07-06,11.565041542053224
1998-07-07,11.497269630432127
1998-07-08,11.903853416442873
1998-07-09,11.836095809936523
1998-07-10,11.836095809936523
1998-07-13,11.768324851989746
1998-07-14,11.723145484924316
1998-07-15,11.429509162902832
1998-07-16,11.542449951171877
1998-07-17,11.519858360290527
1998-07-20,11.677978515625
1998-07-21,11.474686622619627
1998-07-22,12.174914360046388
1998-07-23,11.74573802947998
1998-07-24,11.610211372375488
1998-07-27,12.287848472595217
1998-07-28,12.333022117614746
1998-07-29,12.01679515838623
1998-07-30,11.881263732910156
1998-07-31,11.74573802947998
1998-08-03,11.74573802947998
1998-08-04,11.79091739654541
1998-08-05,11.79091739654541
1998-08-06,11.519858360290527
1998-08-07,11.565041542053224
1998-08-10,11.926446914672852
1998-08-11,11.677978515625
1998-08-12,11.881263732910156
1998-08-13,11.768324851989746
1998-08-14,12.061972618103027
1998-08-17,11.723145484924316
1998-08-18,12.129735946655272
1998-08-19,11.768324851989746
1998-08-20,12.039380073547363
1998-08-21,11.926446914672852
1998-08-24,12.152323722839355
1998-08-25,11.74573802947998
1998-08-26,11.497269630432127
1998-08-27,11.293981552124023
1998-08-28,11.316568374633787
1998-08-31,10.141992568969728
1998-09-01,9.758001327514648
1998-09-02,9.712821006774902
1998-09-03,9.396592140197754
1998-09-04,9.59988021850586
1998-09-08,9.893526077270508
1998-09-09,9.825759887695312
1998-09-10,9.735407829284668
1998-09-11,9.803173065185549
1998-09-14,9.803173065185549
1998-09-15,9.712821006774902
1998-09-16,9.306241989135742
1998-09-17,9.26106071472168
1998-09-18,9.396592140197754
1998-09-21,9.351415634155272
1998-09-22,9.351415634155272
1998-09-23,9.731627464294434
1998-09-24,9.437414169311523
1998-09-25,9.233729362487791
1998-09-28,9.301626205444336
1998-09-29,8.848992347717285
1998-09-30,8.645304679870605
1998-10-01,7.921088218688965
1998-10-02,8.079516410827637
1998-10-05,8.05688190460205
1998-10-06,7.19688081741333
1998-10-07,7.558983325958252
1998-10-08,7.445829391479492
1998-10-09,7.310038089752197
1998-10-12,7.853196144104004
1998-10-13,8.283201217651367
1998-10-14,8.690571784973145
1998-10-15,8.758465766906738
1998-10-16,9.278998374938965
1998-10-19,9.505308151245115
1998-10-20,9.48268222808838
1998-10-21,9.211098670959473
1998-10-22,9.211098670959473
1998-10-23,8.984781265258789
1998-10-26,8.96214771270752
1998-10-27,9.278998374938965
1998-10-28,9.301626205444336
1998-10-29,9.437414169311523
1998-10-30,9.731627464294434
1998-11-02,10.16163444519043
1998-11-03,10.410577774047852
1998-11-04,10.16163444519043
1998-11-05,10.478474617004396
1998-11-06,10.591632843017578
1998-11-09,10.365318298339844
1998-11-10,10.32005500793457
1998-11-11,10.16163444519043
1998-11-12,9.890052795410156
1998-11-13,10.09373378753662
1998-11-16,10.410577774047852
1998-11-17,10.387948036193848
1998-11-18,10.365318298339844
1998-11-19,10.342681884765623
1998-11-20,10.65952491760254
1998-11-23,10.931108474731444
1998-11-24,10.546364784240724
1998-11-25,10.65952491760254
1998-11-27,10.72741985321045
1998-11-30,10.636897087097168
1998-12-01,10.478474617004396
1998-12-02,10.523740768432615
1998-12-03,10.455842971801758
1998-12-04,10.65952491760254
1998-12-07,10.614259719848633
1998-12-08,10.65952491760254
1998-12-09,10.65952491760254
1998-12-10,10.433209419250488
1998-12-11,10.568998336791992
1998-12-14,10.32005500793457
1998-12-15,10.138995170593262
1998-12-16,10.16163444519043
1998-12-17,10.184263229370115
1998-12-18,10.071101188659668
1998-12-21,9.776888847351074
1998-12-22,10.365318298339844
1998-12-23,10.614259719848633
1998-12-24,10.519047737121582
1998-12-28,10.473711013793944
1998-12-29,10.791093826293944
1998-12-30,10.881772994995115
1998-12-31,10.519047737121582
1999-01-04,10.70041275024414
1999-01-05,11.221829414367676
1999-01-06,11.62989616394043
1999-01-07,11.811262130737305
1999-01-08,12.332674026489258
1999-01-11,12.332674026489258
1999-01-12,12.128642082214355
1999-01-13,12.015295028686523
1999-01-14,11.448530197143556
1999-01-15,11.87926959991455
1999-01-19,11.584554672241213
1999-01-20,11.743246078491213
1999-01-21,11.584554672241213
1999-01-22,11.607226371765137
1999-01-25,11.697909355163574
1999-01-26,11.76591682434082
1999-01-27,11.856597900390623
1999-01-28,12.015295028686523
1999-01-29,12.74074649810791
1999-02-01,12.46869945526123
1999-02-02,12.241995811462402
1999-02-03,12.944777488708496
1999-02-04,13.194148063659668
1999-02-05,13.262162208557127
1999-02-08,13.420848846435549
1999-02-09,13.239493370056152
1999-02-10,13.239493370056152
1999-02-11,13.443525314331056
1999-02-12,12.990117073059082
1999-02-16,13.3528470993042
1999-02-17,13.3528470993042
1999-02-18,14.191645622253418
1999-02-19,14.395679473876951
1999-02-22,14.327666282653809
1999-02-23,13.87425422668457
1999-02-24,13.420848846435549
1999-02-25,13.171480178833008
1999-02-26,13.058127403259276
1999-03-01,12.899435997009276
1999-03-02,12.786080360412598
1999-03-03,12.876763343811035
1999-03-04,12.831427574157717
1999-03-05,13.262162208557127
1999-03-08,13.171480178833008
1999-03-09,13.080798149108888
1999-03-10,13.194148063659668
1999-03-11,13.783575057983398
1999-03-12,13.98762035369873
1999-03-15,13.87425422668457
1999-03-16,14.032951354980469
1999-03-17,14.078291893005373
1999-03-18,13.398189544677734
1999-03-19,13.556873321533203
1999-03-22,13.556873321533203
1999-03-23,12.808753967285156
1999-03-24,12.92210578918457
1999-03-25,12.763412475585938
1999-03-26,12.695402145385742
1999-03-29,12.650062561035156
1999-03-30,12.46869945526123
1999-03-31,12.196654319763184
1999-04-01,12.532672882080078
1999-04-05,12.44185733795166
1999-04-06,12.260226249694824
1999-04-07,12.532672882080078
1999-04-08,12.782418251037598
1999-04-09,13.122982025146484
1999-04-12,12.8959379196167
1999-04-13,12.646193504333496
1999-04-14,12.714308738708496
1999-04-15,13.486245155334473
1999-04-16,14.349002838134766
1999-04-19,14.916606903076172
1999-04-20,14.167373657226562
1999-04-21,13.804100036621094
1999-04-22,14.21277904510498
1999-04-23,14.87119483947754
1999-04-26,15.438801765441896
1999-04-27,15.960992813110352
1999-04-28,15.37067985534668
1999-04-29,15.302578926086426
1999-04-30,15.21176052093506
1999-05-03,15.938291549682615
1999-05-04,15.37067985534668
1999-05-05,15.37067985534668
1999-05-06,15.529616355895996
1999-05-07,15.393390655517578
1999-05-10,15.325282096862791
1999-05-11,15.234460830688477
1999-05-12,15.66584014892578
1999-05-13,15.62043571472168
1999-05-14,15.075536727905272
1999-05-17,15.052825927734377
1999-05-18,14.734973907470703
1999-05-19,15.007421493530272
1999-05-20,15.506916999816896
1999-05-21,14.712276458740234
1999-05-24,14.349002838134766
1999-05-25,13.758710861206056
1999-05-26,13.281912803649902
1999-05-27,13.463545799255373
1999-05-28,13.826812744140623
1999-06-01,13.304609298706056
1999-06-02,13.508952140808104
1999-06-03,13.463545799255373
1999-06-04,13.872217178344728
1999-06-07,13.577061653137209
1999-06-08,13.440834045410156
1999-06-09,13.304609298706056
1999-06-10,13.1456880569458
1999-06-11,13.667884826660156
1999-06-14,14.008451461791992
1999-06-15,14.076550483703612
1999-06-16,14.303595542907717
1999-06-17,14.076550483703612
1999-06-18,13.963035583496094
1999-06-21,13.622474670410156
1999-06-22,13.622474670410156
1999-06-23,13.55189323425293
1999-06-24,13.097137451171877
1999-06-25,12.847016334533691
1999-06-28,12.937966346740724
1999-06-29,13.256301879882812
1999-06-30,13.597368240356444
1999-07-01,13.188084602355955
1999-07-02,13.097137451171877
1999-07-06,13.369994163513184
1999-07-07,12.847016334533691
1999-07-08,12.551420211791992
1999-07-09,13.711052894592283
1999-07-12,13.52916145324707
1999-07-13,13.415468215942385
1999-07-14,13.483677864074709
1999-07-15,13.52916145324707
1999-07-16,13.733799934387209
1999-07-19,13.802013397216797
1999-07-20,13.756535530090332
1999-07-21,13.847489356994627
1999-07-22,13.733799934387209
1999-07-23,13.483677864074709
1999-07-26,13.756535530090332
1999-07-27,13.642845153808594
1999-07-28,13.55189323425293
1999-07-29,13.256301879882812
1999-07-30,12.756059646606444
1999-08-02,12.687844276428224
1999-08-03,12.89249038696289
1999-08-04,12.869752883911133
1999-08-05,12.937966346740724
1999-08-06,12.801535606384276
1999-08-09,12.983448028564451
1999-08-10,12.778800010681152
1999-08-11,12.64237117767334
1999-08-12,12.52868366241455
1999-08-13,12.915226936340332
1999-08-16,12.824274063110352
1999-08-17,12.869752883911133
1999-08-18,12.687844276428224
1999-08-19,12.915226936340332
1999-08-20,12.847016334533691
1999-08-23,13.460936546325684
1999-08-24,13.119871139526367
1999-08-25,13.256301879882812
1999-08-26,13.006178855895996
1999-08-27,12.73332405090332
1999-08-30,12.23308563232422
1999-08-31,12.460468292236328
1999-09-01,12.324041366577148
1999-09-02,12.18760871887207
1999-09-03,12.392253875732422
1999-09-07,12.43772792816162
1999-09-08,12.34677505493164
1999-09-09,12.21034812927246
1999-09-10,12.301299095153809
1999-09-13,12.164875030517578
1999-09-14,11.778324127197266
1999-09-15,11.664634704589844
1999-09-16,11.869277000427246
1999-09-17,12.028440475463867
1999-09-20,11.778324127197266
1999-09-21,11.573681831359863
1999-09-22,11.411507606506348
1999-09-23,11.297622680664062
1999-09-24,11.229287147521973
1999-09-27,11.548169136047363
1999-09-28,11.662056922912598
1999-09-29,11.86705493927002
1999-09-30,11.912612915039062
1999-10-01,11.639281272888184
1999-10-04,12.049271583557127
1999-10-05,11.935388565063477
1999-10-06,12.072053909301758
1999-10-07,11.662056922912598
1999-10-08,11.548169136047363
1999-10-11,11.86705493927002
1999-10-12,11.639281272888184
1999-10-13,11.958163261413574
1999-10-14,12.094830513000488
1999-10-15,11.844280242919922
1999-10-18,11.86705493927002
1999-10-19,11.707613945007324
1999-10-20,12.117605209350586
1999-10-21,12.00371551513672
1999-10-22,12.094830513000488
1999-10-25,12.117605209350586
1999-10-26,12.072053909301758
1999-10-27,12.00371551513672
1999-10-28,12.185942649841309
1999-10-29,12.27704906463623
1999-11-01,12.208717346191406
1999-11-02,12.02649974822998
1999-11-03,12.117605209350586
1999-11-04,12.072053909301758
1999-11-05,12.072053909301758
1999-11-08,11.821497917175291
1999-11-09,11.775943756103516
1999-11-10,11.570944786071776
1999-11-11,12.094830513000488
1999-11-12,12.595930099487305
1999-11-15,13.028704643249512
1999-11-16,12.960373878479004
1999-11-17,12.208717346191406
1999-11-18,11.935388565063477
1999-11-19,11.75317096710205
1999-11-22,11.45706558227539
1999-11-23,11.570944786071776
1999-11-24,11.730398178100586
1999-11-26,11.548169136047363
1999-11-29,11.616501808166504
1999-11-30,11.86705493927002
1999-12-01,12.072053909301758
1999-12-02,11.713298797607422
1999-12-03,12.208717346191406
1999-12-06,12.02649974822998
1999-12-07,12.049271583557127
1999-12-08,11.958163261413574
1999-12-09,11.86705493927002
1999-12-10,11.798723220825195
1999-12-13,11.764556884765623
1999-12-14,11.844280242919922
1999-12-15,11.730398178100586
1999-12-16,11.525391578674316
1999-12-17,10.933175086975098
1999-12-20,11.16095733642578
1999-12-21,11.047066688537598
1999-12-22,10.91039752960205
1999-12-23,11.138176918029783
1999-12-27,11.411507606506348
1999-12-28,11.502615928649902
1999-12-29,11.089168548583984
1999-12-30,11.271708488464355
1999-12-31,11.522700309753418
2000-01-03,11.134800910949709
2000-01-04,11.066351890563965
2000-01-05,11.248888969421388
2000-01-06,11.408610343933104
2000-01-07,11.728050231933594
2000-01-10,12.3441162109375
2000-01-11,11.910588264465332
2000-01-12,12.02467155456543
2000-01-13,12.047491073608398
2000-01-14,11.956225395202637
2000-01-18,11.796499252319336
2000-01-19,11.864954948425291
2000-01-20,11.75086784362793
2000-01-21,11.705239295959473
2000-01-24,11.020716667175291
2000-01-25,11.294522285461426
2000-01-26,11.3629732131958
2000-01-27,11.408610343933104
2000-01-28,11.248888969421388
2000-01-31,11.34015941619873
2000-02-01,11.659598350524902
2000-02-02,11.477059364318848
2000-02-03,11.77368450164795
2000-02-04,12.36693000793457
2000-02-07,12.138761520385742
2000-02-08,12.230026245117188
2000-02-09,11.933405876159668
2000-02-10,11.705239295959473
2000-02-11,11.933405876159668
2000-02-14,11.77368450164795
2000-02-15,11.979039192199709
2000-02-16,11.933405876159668
2000-02-17,11.545510292053224
2000-02-18,11.226069450378418
2000-02-22,11.066351890563965
2000-02-23,10.838177680969238
2000-02-24,9.993940353393556
2000-02-25,10.17647647857666
2000-02-28,10.222115516662598
2000-02-29,10.062393188476562
2000-03-01,10.039567947387695
2000-03-02,9.993940353393556
2000-03-03,9.92548656463623
2000-03-06,9.742952346801758
2000-03-07,9.720138549804688
2000-03-08,9.811406135559082
2000-03-09,9.857036590576172
2000-03-10,9.834218978881836
2000-03-13,9.92548656463623
2000-03-14,10.016754150390623
2000-03-15,10.199296951293944
2000-03-16,11.545510292053224
2000-03-17,11.56832790374756
2000-03-20,11.18043327331543
2000-03-21,11.3629732131958
2000-03-22,11.203255653381348
2000-03-23,11.3629732131958
2000-03-24,10.952262878417969
2000-03-27,11.066351890563965
2000-03-28,11.111988067626951
2000-03-29,11.429262161254885
2000-03-30,11.360688209533691
2000-03-31,11.520695686340332
2000-04-03,11.79499626159668
2000-04-04,12.04643726348877
2000-04-05,11.886434555053713
2000-04-06,12.20645236968994
2000-04-07,11.749281883239746
2000-04-10,11.817855834960938
2000-04-11,12.000720024108888
2000-04-12,12.13787841796875
2000-04-13,11.589274406433104
2000-04-14,11.200678825378418
2000-04-17,10.903512001037598
2000-04-18,11.086381912231444
2000-04-19,11.154959678649902
2000-04-20,11.246394157409668
2000-04-24,11.360688209533691
2000-04-25,11.269251823425291
2000-04-26,11.566411972045898
2000-04-27,11.634987831115724
2000-04-28,11.703557014465332
2000-05-01,12.069300651550291
2000-05-02,12.11501693725586
2000-05-03,11.703557014465332
2000-05-04,11.817855834960938
2000-05-05,11.726417541503906
2000-05-08,11.863574028015137
2000-05-09,12.04643726348877
2000-05-10,12.34360122680664
2000-05-11,12.11501693725586
2000-05-12,12.709342002868652
2000-05-15,13.189372062683104
2000-05-16,13.372236251831056
2000-05-17,13.09793186187744
2000-05-18,13.09793186187744
2000-05-19,13.532245635986328
2000-05-22,13.23508644104004
2000-05-23,13.029359817504885
2000-05-24,13.486530303955078
2000-05-25,13.052218437194824
2000-05-26,13.00650405883789
2000-05-30,13.440815925598145
2000-05-31,13.257944107055664
2000-06-01,13.09793186187744
2000-06-02,13.189372062683104
2000-06-05,13.257944107055664
2000-06-06,13.303658485412598
2000-06-07,13.440815925598145
2000-06-08,13.486530303955078
2000-06-09,13.737971305847168
2000-06-12,13.355090141296388
2000-06-13,13.052218437194824
2000-06-14,13.212227821350098
2000-06-15,13.052218437194824
2000-06-16,12.75505542755127
2000-06-19,13.166509628295898
2000-06-20,12.823628425598145
2000-06-21,12.800774574279783
2000-06-22,12.73116397857666
2000-06-23,12.914346694946287
2000-06-26,12.914346694946287
2000-06-27,13.349403381347656
2000-06-28,13.200570106506348
2000-06-29,12.960137367248535
2000-06-30,13.212018013000488
2000-07-03,13.280705451965332
2000-07-05,13.46389389038086
2000-07-06,13.83026123046875
2000-07-07,14.26530647277832
2000-07-10,14.242431640625
2000-07-11,14.677482604980469
2000-07-12,14.608782768249512
2000-07-13,14.471386909484863
2000-07-14,14.72326946258545
2000-07-17,14.883552551269531
2000-07-18,15.135438919067385
2000-07-19,14.883552551269531
2000-07-20,14.998052597045898
2000-07-21,15.158327102661133
2000-07-24,15.0209379196167
2000-07-25,15.11253261566162
2000-07-26,15.318605422973633
2000-07-27,15.387309074401855
2000-07-28,14.196616172790527
2000-07-31,14.562980651855469
2000-08-01,15.11253261566162
2000-08-02,14.90645980834961
2000-08-03,14.860655784606934
2000-08-04,15.089632034301758
2000-08-07,14.998052597045898
2000-08-08,14.608782768249512
2000-08-09,15.204123497009276
2000-08-10,14.92934799194336
2000-08-11,15.158327102661133
2000-08-14,14.585883140563965
2000-08-15,14.631680488586426
2000-08-16,14.105023384094238
2000-08-17,14.471386909484863
2000-08-18,14.196616172790527
2000-08-21,14.791956901550291
2000-08-22,14.471386909484863
2000-08-23,14.72326946258545
2000-08-24,14.35690212249756
2000-08-25,14.44849681854248
2000-08-28,14.082134246826172
2000-08-29,14.517181396484377
2000-08-30,14.242431640625
2000-08-31,14.477118492126465
2000-09-01,14.311112403869627
2000-09-05,15.295717239379885
2000-09-06,14.746170997619627
2000-09-07,14.402706146240234
2000-09-08,14.1508207321167
2000-09-11,13.83026123046875
2000-09-12,13.761563301086426
2000-09-13,13.761563301086426
2000-09-14,13.50969123840332
2000-09-15,13.761563301086426
2000-09-18,13.578384399414062
2000-09-19,13.83026123046875
2000-09-20,13.78446102142334
2000-09-21,13.967016220092772
2000-09-22,14.24222469329834
2000-09-25,14.563308715820312
2000-09-26,13.60007381439209
2000-09-27,13.554201126098633
2000-09-28,13.64593505859375
2000-09-29,13.3707275390625
2000-10-02,13.049642562866213
2000-10-03,13.095514297485352
2000-10-04,13.095514297485352
2000-10-05,13.64593505859375
2000-10-06,13.164314270019531
2000-10-09,13.21018409729004
2000-10-10,13.668872833251951
2000-10-11,13.439523696899414
2000-10-12,13.164314270019531
2000-10-13,13.783547401428224
2000-10-16,13.46246337890625
2000-10-17,12.751498222351074
2000-10-18,13.049642562866213
2000-10-19,12.91203498840332
2000-10-20,12.797364234924316
2000-10-23,13.393659591674805
2000-10-24,13.691808700561523
2000-10-25,13.622997283935549
2000-10-26,13.164314270019531
2000-10-27,14.081689834594728
2000-10-30,13.989953994750977
2000-10-31,14.861455917358398
2000-11-01,14.517446517944336
2000-11-02,14.42570686340332
2000-11-03,14.563308715820312
2000-11-06,14.517446517944336
2000-11-07,14.448637962341309
2000-11-08,14.471567153930664
2000-11-09,14.63211154937744
2000-11-10,14.288090705871582
2000-11-13,14.72384262084961
2000-11-14,15.38894271850586
2000-11-15,14.953201293945312
2000-11-16,15.022001266479492
2000-11-17,15.38894271850586
2000-11-20,14.953201293945312
2000-11-21,15.320135116577148
2000-11-22,14.609175682067873
2000-11-24,14.93026065826416
2000-11-27,14.792648315429688
2000-11-28,15.044928550720217
2000-11-29,15.136669158935549
2000-11-30,15.205469131469728
2000-12-01,15.36601448059082
2000-12-04,15.182538032531738
2000-12-05,15.664161682128906
2000-12-06,15.595355033874512
2000-12-07,15.320135116577148
2000-12-08,15.503619194030762
2000-12-11,15.22840976715088
2000-12-12,15.526556015014648
2000-12-13,14.861455917358398
2000-12-14,15.159605979919434
2000-12-15,14.58624267578125
2000-12-18,15.06786060333252
2000-12-19,14.63211154937744
2000-12-20,14.976125717163086
2000-12-21,14.24222469329834
2000-12-22,14.563308715820312
2000-12-26,14.81558895111084
2000-12-27,14.9984130859375
2000-12-28,15.342947959899902
2000-12-29,15.526695251464844
2001-01-02,15.113261222839355
2001-01-03,16.422466278076172
2001-01-04,16.812925338745117
2001-01-05,16.491369247436523
2001-01-08,17.157451629638672
2001-01-09,17.11151695251465
2001-01-10,16.468393325805664
2001-01-11,16.376527786254883
2001-01-12,16.5832462310791
2001-01-16,16.78995704650879
2001-01-17,16.62918472290039
2001-01-18,16.675127029418945
2001-01-19,16.51433563232422
2001-01-22,16.652143478393555
2001-01-23,17.524948120117188
2001-01-24,17.134489059448242
2001-01-25,17.203392028808594
2001-01-26,16.996673583984375
2001-01-29,16.981971740722656
2001-01-30,16.974628448486328
2001-01-31,16.963598251342773
2001-02-01,16.901126861572266
2001-02-02,16.687976837158203
2001-02-05,16.533632278442383
2001-02-06,15.864786148071287
2001-02-07,16.23228645324707
2001-02-08,16.62918472290039
2001-02-09,16.283737182617188
2001-02-12,16.360912322998047
2001-02-13,16.44542694091797
2001-02-14,16.33885955810547
2001-02-15,16.302099227905273
2001-02-16,16.0264892578125
2001-02-20,15.71043872833252
2001-02-21,15.298848152160645
2001-02-22,15.037924766540527
2001-02-23,14.817434310913086
2001-02-26,15.25473976135254
2001-02-27,15.772912979125977
2001-02-28,15.684710502624512
2001-03-01,15.273122787475586
2001-03-02,15.078350067138672
2001-03-05,15.13347053527832
2001-03-06,15.067313194274902
2001-03-07,15.02689266204834
2001-03-08,15.184921264648438
2001-03-09,15.08936882019043
2001-03-12,14.336007118225098
2001-03-13,14.24412727355957
2001-03-14,14.258832931518556
2001-03-15,14.901954650878906
2001-03-16,15.059976577758787
2001-03-19,15.15919017791748
2001-03-20,15.618568420410156
2001-03-21,14.971773147583008
2001-03-22,14.69247817993164
2001-03-23,14.663081169128418
2001-03-26,14.780678749084473
2001-03-27,15.30252456665039
2001-03-28,15.09274959564209
2001-03-29,14.93082046508789
2001-03-30,15.155305862426758
2001-04-02,15.170028686523438
2001-04-03,14.544390678405762
2001-04-04,14.492870330810549
2001-04-05,14.647433280944824
2001-04-06,14.437652587890623
2001-04-09,14.389822959899902
2001-04-10,14.79464626312256
2001-04-11,14.82408332824707
2001-04-12,14.746803283691406
2001-04-16,14.169000625610352
2001-04-17,15.181072235107422
2001-04-18,16.42500114440918
2001-04-19,16.546445846557617
2001-04-20,16.413959503173828
2001-04-23,16.653175354003906
2001-04-24,16.325626373291016
2001-04-25,16.193140029907227
2001-04-26,15.928166389465332
2001-04-27,16.20050048828125
2001-04-30,16.88503646850586
2001-05-01,17.403949737548828
2001-05-02,17.676286697387695
2001-05-03,16.93288803100586
2001-05-04,16.89238739013672
2001-05-07,16.76357650756836
2001-05-08,16.355064392089844
2001-05-09,16.535409927368164
2001-05-10,16.61636734008789
2001-05-11,16.542770385742188
2001-05-14,16.664220809936523
2001-05-15,16.634780883789062
2001-05-16,17.319297790527344
2001-05-17,17.665246963500977
2001-05-18,17.624773025512695
2001-05-21,18.01119613647461
2001-05-22,18.28352928161621
2001-05-23,17.978076934814453
2001-05-24,17.959665298461914
2001-05-25,17.91917610168457
2001-05-29,18.16207695007324
2001-05-30,17.499631881713867
2001-05-31,17.42971420288086
2001-06-01,17.164731979370117
2001-06-04,17.10953140258789
2001-06-05,17.363462448120117
2001-06-06,17.164731979370117
2001-06-07,16.907121658325195
2001-06-08,16.715730667114258
2001-06-11,16.741504669189453
2001-06-12,16.539087295532227
2001-06-13,16.579572677612305
2001-06-14,16.50228500366211
2001-06-15,16.833499908447266
2001-06-18,16.796703338623047
2001-06-19,17.300899505615234
2001-06-20,17.275142669677734
2001-06-21,17.60636329650879
2001-06-22,17.359786987304688
2001-06-25,17.282495498657227
2001-06-26,16.973352432250977
2001-06-27,17.14104461669922
2001-06-28,17.233184814453125
2001-06-29,17.446935653686523
2001-07-02,17.918668746948242
2001-07-03,17.91497802734375
2001-07-05,17.690185546875
2001-07-06,17.251598358154297
2001-07-09,17.32162857055664
2001-07-10,17.3658504486084
2001-07-11,16.864633560180664
2001-07-12,17.605405807495117
2001-07-13,17.966581344604492
2001-07-16,18.06610107421875
2001-07-17,18.2319393157959
2001-07-18,18.12137985229492
2001-07-19,18.04766273498535
2001-07-20,17.679115295410156
2001-07-23,17.483793258666992
2001-07-24,17.270034790039062
2001-07-25,17.856021881103516
2001-07-26,17.959213256835938
2001-07-27,17.693862915039062
2001-07-30,17.66069221496582
2001-07-31,17.598047256469727
2001-08-01,17.874439239501953
2001-08-02,18.036605834960938
2001-08-03,17.977642059326172
2001-08-06,17.782316207885742
2001-08-07,17.70492172241211
2001-08-08,17.605405807495117
2001-08-09,17.564876556396484
2001-08-10,17.605405807495117
2001-08-13,17.50590705871582
2001-08-14,17.53538703918457
2001-08-15,17.23686981201172
2001-08-16,17.19633674621582
2001-08-17,17.015735626220703
2001-08-20,17.085763931274414
2001-08-21,16.953081130981445
2001-08-22,16.9788875579834
2001-08-23,17.111568450927734
2001-08-24,17.45430564880371
2001-08-27,17.292150497436523
2001-08-28,16.945722579956055
2001-08-29,16.709856033325195
2001-08-30,15.987493515014648
2001-08-31,16.16071319580078
2001-09-04,16.193889617919922
2001-09-05,16.105436325073242
2001-09-06,15.23566436767578
2001-09-07,15.114044189453123
2001-09-10,15.055075645446776
2001-09-17,11.885589599609377
2001-09-18,11.351200103759766
2001-09-19,11.240629196166992
2001-09-20,10.669387817382812
2001-09-21,11.056358337402344
2001-09-24,11.295913696289062
2001-09-25,11.46176528930664
2001-09-26,11.78121852874756
2001-09-27,12.021279335021973
2001-09-28,12.335199356079102
2001-10-01,11.910482406616213
2001-10-02,11.76275634765625
2001-10-03,12.372125625610352
2001-10-04,11.855083465576172
2001-10-05,12.228092193603516
2001-10-08,11.81814956665039
2001-10-09,11.40451431274414
2001-10-10,11.773834228515623
2001-10-11,12.464459419250488
2001-10-12,12.372125625610352
2001-10-15,12.320425033569336
2001-10-16,12.597412109375
2001-10-17,12.301960945129396
2001-10-18,11.81814956665039
2001-10-19,11.87355136871338
2001-10-22,12.05451774597168
2001-10-23,12.098833084106444
2001-10-24,11.740595817565918
2001-10-25,12.25763702392578
2001-10-26,12.25763702392578
2001-10-29,11.895710945129396
2001-10-30,11.338038444519045
2001-10-31,11.57071018218994
2001-11-01,11.803378105163574
2001-11-02,11.87355136871338
2001-11-05,12.0028076171875
2001-11-06,12.0028076171875
2001-11-07,12.46076202392578
2001-11-08,12.741442680358888
2001-11-09,12.55678653717041
2001-11-12,12.0028076171875
2001-11-13,12.741442680358888
2001-11-14,13.29542064666748
2001-11-15,13.557637214660645
2001-11-16,13.664738655090332
2001-11-19,13.572415351867676
2001-11-20,13.406214714050291
2001-11-21,13.081222534179688
2001-11-23,13.358208656311035
2001-11-26,13.557637214660645
2001-11-27,13.697972297668455
2001-11-28,13.539172172546388
2001-11-29,13.557637214660645
2001-11-30,13.893717765808104
2001-12-03,14.00082015991211
2001-12-04,14.20394802093506
2001-12-05,14.997970581054688
2001-12-06,15.060757637023926
2001-12-07,14.846559524536133
2001-12-10,14.636043548583984
2001-12-11,14.698827743530272
2001-12-12,14.28149700164795
2001-12-13,14.240875244140623
2001-12-14,14.296272277832031
2001-12-17,14.0709867477417
2001-12-18,14.355365753173828
2001-12-19,14.355365753173828
2001-12-20,14.647125244140623
2001-12-21,14.735755920410156
2001-12-24,14.62496566772461
2001-12-26,14.981948852539062
2001-12-27,15.166897773742676
2001-12-28,15.222392082214355
2001-12-31,15.03742504119873
2002-01-02,14.796981811523438
2002-01-03,14.911654472351074
2002-01-04,15.277887344360352
2002-01-07,15.385161399841309
2002-01-08,15.163200378417969
2002-01-09,15.052230834960938
2002-01-10,15.048535346984863
2002-01-11,14.819170951843262
2002-01-14,14.578721046447754
2002-01-15,14.482542991638184
2002-01-16,14.364166259765623
2002-01-17,14.608317375183104
2002-01-18,14.652705192565918
2002-01-22,14.341974258422852
2002-01-23,14.145906448364258
2002-01-24,14.367868423461914
2002-01-25,14.471442222595217
2002-01-28,14.563929557800291
2002-01-29,14.785883903503418
2002-01-30,14.61570930480957
2002-01-31,15.085525512695312
2002-02-01,14.981948852539062
2002-02-04,14.61570930480957
2002-02-05,14.878358840942385
2002-02-06,14.4640474319458
2002-02-07,14.375261306762695
2002-02-08,14.253192901611328
2002-02-11,13.868470191955566
2002-02-12,13.6502103805542
2002-02-13,14.560229301452637
2002-02-14,14.29758071899414
2002-02-15,14.060829162597656
2002-02-19,13.901762008666992
2002-02-20,14.460342407226562
2002-02-21,14.108916282653809
2002-02-22,14.0941162109375
2002-02-25,14.145906448364258
2002-02-26,14.29758071899414
2002-02-27,14.14960479736328
2002-02-28,14.60091495513916
2002-03-01,15.30747127532959
2002-03-04,15.729195594787598
2002-03-05,15.936344146728516
2002-03-06,16.07322120666504
2002-03-07,16.09171485900879
2002-03-08,16.195295333862305
2002-03-11,16.051008224487305
2002-03-12,16.272974014282227
2002-03-13,16.125009536743164
2002-03-14,16.08431625366211
2002-03-15,16.09171485900879
2002-03-18,16.424646377563477
2002-03-19,16.78717041015625
2002-03-20,16.705795288085938
2002-03-21,16.48012924194336
2002-03-22,16.461641311645508
2002-03-25,16.221187591552734
2002-03-26,16.154592514038086
2002-03-27,16.317363739013672
2002-03-28,16.62810707092285
2002-04-01,16.498628616333008
2002-04-02,16.352293014526367
2002-04-03,16.107791900634766
2002-04-04,16.181886672973633
2002-04-05,16.348590850830078
2002-04-08,16.32636260986328
2002-04-09,16.626447677612305
2002-04-10,16.78203773498535
2002-04-11,16.55975914001465
2002-04-12,16.68941879272461
2002-04-15,16.674606323242188
2002-04-16,16.515295028686523
2002-04-17,16.615324020385742
2002-04-18,16.707937240600586
2002-04-19,16.804258346557617
2002-04-22,16.74498748779297
2002-04-23,16.852432250976562
2002-04-24,17.167314529418945
2002-04-25,16.99690055847168
2002-04-26,16.889463424682617
2002-04-29,16.44120979309082
2002-04-30,16.278207778930664
2002-05-01,16.311548233032227
2002-05-02,16.293020248413086
2002-05-03,15.911439895629885
2002-05-06,15.32610321044922
2002-05-07,15.322407722473145
2002-05-08,15.281651496887209
2002-05-09,15.059371948242188
2002-05-10,14.670392990112305
2002-05-13,14.940826416015623
2002-05-14,15.340925216674805
2002-05-15,15.822532653808594
2002-05-16,15.829949378967283
2002-05-17,15.648407936096191
2002-05-20,15.374273300170898
2002-05-21,14.88525676727295
2002-05-22,14.614824295043944
2002-05-23,14.707432746887209
2002-05-24,14.851910591125488
2002-05-28,14.429591178894045
2002-05-29,14.640752792358398
2002-05-30,14.622225761413574
2002-05-31,14.981581687927246
2002-06-03,14.622225761413574
2002-06-04,14.41476345062256
2002-06-05,14.637042045593262
2002-06-06,14.377729415893556
2002-06-07,14.522208213806152
2002-06-10,14.803754806518556
2002-06-11,14.72225570678711
2002-06-12,14.362905502319336
2002-06-13,14.233248710632324
2002-06-14,14.11838722229004
2002-06-17,14.759302139282228
2002-06-18,14.574064254760742
2002-06-19,14.53702163696289
2002-06-20,14.559242248535156
2002-06-21,14.725956916809082
2002-06-24,14.555545806884766
2002-06-25,14.399673461914062
2002-06-26,14.306889533996582
2002-06-27,14.366272926330566
2002-06-28,14.12132740020752
2002-07-01,13.65742015838623
2002-07-02,13.28629207611084
2002-07-03,13.319693565368652
2002-07-05,14.058241844177246
2002-07-08,13.791028022766112
2002-07-09,13.360522270202637
2002-07-10,12.904035568237305
2002-07-11,13.475573539733888
2002-07-12,13.620309829711914
2002-07-15,13.65742015838623
2002-07-16,13.308565139770508
2002-07-17,13.25660228729248
2002-07-18,12.989395141601562
2002-07-19,12.570021629333496
2002-07-22,12.432705879211426
2002-07-23,11.994776725769045
2002-07-24,12.748163223266602
2002-07-25,11.979940414428713
2002-07-26,12.1172513961792
2002-07-29,13.07475471496582
2002-07-30,12.859500885009766
2002-07-31,12.432705879211426
2002-08-01,12.284258842468262
2002-08-02,11.671897888183594
2002-08-05,11.36386489868164
2002-08-06,11.74612522125244
2002-08-07,11.764683723449709
2002-08-08,12.22487735748291
2002-08-09,12.094985008239746
2002-08-12,12.21374225616455
2002-08-13,11.946531295776367
2002-08-14,11.749833106994627
2002-08-15,12.247142791748049
2002-08-16,11.97250747680664
2002-08-19,12.38075065612793
2002-08-20,12.339924812316896
2002-08-21,12.061580657958984
2002-08-22,12.636823654174805
2002-08-23,12.681363105773926
2002-08-26,12.725895881652832
2002-08-27,12.573735237121582
2002-08-28,12.39930820465088
2002-08-29,12.302812576293944
2002-08-30,12.146940231323242
2002-09-03,11.775812149047852
2002-09-04,11.968796730041504
2002-09-05,11.961379051208496
2002-09-06,12.25457000732422
2002-09-09,12.247142791748049
2002-09-10,12.328791618347168
2002-09-11,12.031893730163574
2002-09-12,11.597673416137695
2002-09-13,11.57911491394043
2002-09-16,11.731277465820312
2002-09-17,11.60138702392578
2002-09-18,11.319331169128418
2002-09-19,10.580787658691406
2002-09-20,10.614190101623535
2002-09-23,10.510024070739746
2002-09-24,10.249594688415527
2002-09-25,10.491419792175291
2002-09-26,11.570329666137695
2002-09-27,11.339659690856934
2002-09-30,10.785330772399902
2002-10-01,11.168523788452148
2002-10-02,10.565824508666992
2002-10-03,10.532343864440918
2002-10-04,10.47653865814209
2002-10-07,9.84035587310791
2002-10-08,10.21611213684082
2002-10-09,10.082178115844728
2002-10-10,10.65511703491211
2002-10-11,10.744403839111328
2002-10-14,10.796489715576172
2002-10-15,11.436393737792969
2002-10-16,11.04202938079834
2002-10-17,11.309901237487791
2002-10-18,11.198287010192873
2002-10-21,11.968401908874512
2002-10-22,11.897719383239746
2002-10-23,11.979568481445312
2002-10-24,11.5108003616333
2002-10-25,12.027926445007324
2002-10-28,11.64844799041748
2002-10-29,11.678214073181152
2002-10-30,11.62985134124756
2002-10-31,11.507081031799316
2002-11-01,11.849349975585938
2002-11-04,12.094894409179688
2002-11-05,12.13209629058838
2002-11-06,12.154420852661133
2002-11-07,12.18790340423584
2002-11-08,12.146980285644531
2002-11-11,11.767502784729004
2002-11-12,12.013049125671388
2002-11-13,11.830748558044434
2002-11-14,11.99072265625
2002-11-15,12.247426986694336
2002-11-18,12.154420852661133
2002-11-19,12.258590698242188
2002-11-20,12.191627502441406
2002-11-21,12.701315879821776
2002-11-22,12.861291885375977
2002-11-25,13.475144386291504
2002-11-26,13.456551551818848
2002-11-27,13.467711448669434
2002-11-29,13.300294876098633
2002-12-02,13.277971267700195
2002-12-03,12.824092864990234
2002-12-04,12.824092864990234
2002-12-05,12.597145080566406
2002-12-06,12.745960235595703
2002-12-09,12.44461154937744
2002-12-10,12.373927116394045
2002-12-11,12.27719020843506
2002-12-12,12.44461154937744
2002-12-13,12.169303894042969
2002-12-16,12.359042167663574
2002-12-17,12.19906520843506
2002-12-18,12.10977840423584
2002-12-19,12.161860466003418
2002-12-20,12.418566703796388
2002-12-23,12.217245101928713
2002-12-24,12.220974922180176
2002-12-26,12.273167610168455
2002-12-27,11.989822387695312
2002-12-30,12.142684936523438
2002-12-31,12.254528999328612
2003-01-02,12.686993598937988
2003-01-03,12.780200004577637
2003-01-06,12.653440475463867
2003-01-07,12.649710655212402
2003-01-08,12.508045196533203
2003-01-09,12.67208194732666
2003-01-10,12.645989418029783
2003-01-13,12.56396770477295
2003-01-14,12.761564254760742
2003-01-15,12.336548805236816
2003-01-16,12.414838790893556
2003-01-17,12.235881805419922
2003-01-21,11.781048774719238
2003-01-22,11.937631607055664
2003-01-23,12.09421730041504
2003-01-24,11.892895698547363
2003-01-27,11.60582447052002
2003-01-28,11.564811706542969
2003-01-29,11.762404441833496
2003-01-30,11.460427284240724
2003-01-31,11.63192081451416
2003-02-03,11.67292308807373
2003-02-04,11.415688514709473
2003-02-05,11.344849586486816
2003-02-06,11.180814743041992
2003-02-07,10.942204475402832
2003-02-10,11.389588356018066
2003-02-11,11.333669662475586
2003-02-12,11.203181266784668
2003-02-13,10.986943244934082
2003-02-14,11.259103775024414
2003-02-18,11.445512771606444
2003-02-19,11.344849586486816
2003-02-20,11.266560554504396
2003-02-21,11.471607208251951
2003-02-24,11.147258758544922
2003-02-25,11.251642227172852
2003-02-26,11.020498275756836
2003-02-27,11.0726957321167
2003-02-28,11.266560554504396
2003-03-03,11.18453598022461
2003-03-04,10.945935249328612
2003-03-05,11.18453598022461
2003-03-06,11.035408973693848
2003-03-07,11.285202026367188
2003-03-10,11.039141654968262
2003-03-11,10.785619735717772
2003-03-12,10.755803108215332
2003-03-13,11.348576545715332
2003-03-14,11.34112548828125
2003-03-17,11.956274032592772
2003-03-18,11.8369722366333
2003-03-19,11.971185684204102
2003-03-20,12.206059455871582
2003-03-21,13.003891944885254
2003-03-24,11.877984046936035
2003-03-25,12.228426933288574
2003-03-26,12.228426933288574
2003-03-27,12.17623805999756
2003-03-28,12.153862953186035
2003-03-31,11.884864807128906
2003-04-01,11.69057846069336
2003-04-02,12.221117973327637
2003-04-03,12.217378616333008
2003-04-04,12.23232650756836
2003-04-07,12.47518253326416
2003-04-08,12.490126609802246
2003-04-09,12.265955924987791
2003-04-10,12.333203315734863
2003-04-11,12.422876358032228
2003-04-14,12.811437606811523
2003-04-15,12.916055679321287
2003-04-16,12.73671531677246
2003-04-17,13.043083190917969
2003-04-21,13.237360954284668
2003-04-22,13.450328826904297
2003-04-23,13.427911758422852
2003-04-24,13.30088233947754
2003-04-25,13.043083190917969
2003-04-28,13.263513565063477
2003-04-29,13.40922737121582
2003-04-30,13.416703224182127
2003-05-01,13.312090873718262
2003-05-02,13.57362461090088
2003-05-05,13.820213317871094
2003-05-06,14.16767692565918
2003-05-07,14.0929536819458
2003-05-08,13.823946952819824
2003-05-09,13.962188720703123
2003-05-12,14.25734806060791
2003-05-13,14.163942337036133
2003-05-14,13.92109203338623
2003-05-15,14.010764122009276
2003-05-16,13.947243690490724
2003-05-19,13.696916580200195
2003-05-20,13.67076587677002
2003-05-21,13.599776268005373
2003-05-22,13.655820846557615
2003-05-23,13.659555435180664
2003-05-27,14.096692085266112
2003-05-28,14.373172760009766
2003-05-29,14.287236213684082
2003-05-30,14.608552932739258
2003-06-02,14.58987522125244
2003-06-03,14.459104537963867
2003-06-04,14.616024017333984
2003-06-05,14.72811508178711
2003-06-06,14.870084762573242
2003-06-09,14.559982299804688
2003-06-10,14.67954444885254
2003-06-11,14.720633506774902
2003-06-12,14.687015533447266
2003-06-13,14.492721557617188
2003-06-16,14.814043045043944
2003-06-17,14.653382301330566
2003-06-18,14.559982299804688
2003-06-19,14.201308250427246
2003-06-20,14.335807800292969
2003-06-23,14.20665454864502
2003-06-24,14.318960189819336
2003-06-25,14.232864379882812
2003-06-26,14.442512512207031
2003-06-27,14.360140800476074
2003-06-30,14.382612228393556
2003-07-01,14.39758014678955
2003-07-02,14.457473754882812
2003-07-03,14.449990272521973
2003-07-07,14.693313598632812
2003-07-08,14.861774444580078
2003-07-09,14.936650276184082
2003-07-10,14.689566612243652
2003-07-11,14.846799850463867
2003-07-14,14.775670051574709
2003-07-15,14.869263648986816
2003-07-16,14.764443397521973
2003-07-17,14.311473846435549
2003-07-18,14.536089897155762
2003-07-21,14.30773639678955
2003-07-22,14.622194290161133
2003-07-23,14.618449211120604
2003-07-24,14.786900520324709
2003-07-25,15.269815444946287
2003-07-28,15.337203025817873
2003-07-29,15.172489166259766
2003-07-30,15.0601806640625
2003-07-31,15.385868072509766
2003-08-01,15.4083251953125
2003-08-04,15.28104019165039
2003-08-05,14.98904800415039
2003-08-06,14.970332145690918
2003-08-07,15.404579162597656
2003-08-08,15.370889663696287
2003-08-11,15.075153350830078
2003-08-12,15.135055541992188
2003-08-13,15.04895305633545
2003-08-14,15.12382984161377
2003-08-15,15.067669868469238
2003-08-18,15.19869327545166
2003-08-19,15.221156120300291
2003-08-20,15.348429679870604
2003-08-21,15.460734367370604
2003-08-22,15.404579162597656
2003-08-25,15.348429679870604
2003-08-26,15.239872932434082
2003-08-27,15.21740436553955
2003-08-28,15.236130714416504
2003-08-29,15.28479290008545
2003-09-02,15.438274383544922
2003-09-03,15.36715030670166
2003-09-04,15.254844665527344
2003-09-05,15.191205978393556
2003-09-08,15.21740436553955
2003-09-09,15.078899383544922
2003-09-10,14.876750946044922
2003-09-11,15.0377197265625
2003-09-12,15.063919067382812
2003-09-15,15.015262603759766
2003-09-16,15.251099586486816
2003-09-17,15.236130714416504
2003-09-18,15.82385540008545
2003-09-19,16.052207946777344
2003-09-22,15.90995979309082
2003-09-23,16.890758514404297
2003-09-24,16.546348571777344
2003-09-25,16.303030014038086
2003-09-26,16.31800651550293
2003-09-29,16.4061222076416
2003-09-30,16.136131286621094
2003-10-01,16.60112762451172
2003-10-02,16.47738265991211
2003-10-03,16.739877700805664
2003-10-06,16.6873722076416
2003-10-07,16.856128692626953
2003-10-08,16.777374267578125
2003-10-09,16.162382125854492
2003-10-10,15.94862174987793
2003-10-13,16.567378997802734
2003-10-14,16.49612808227539
2003-10-15,16.3123779296875
2003-10-16,16.349876403808594
2003-10-17,16.24112892150879
2003-10-20,16.37987518310547
2003-10-21,16.349876403808594
2003-10-22,16.147369384765625
2003-10-23,16.334871292114258
2003-10-24,16.26738166809082
2003-10-27,16.274869918823242
2003-10-28,16.451122283935547
2003-10-29,16.514869689941406
2003-10-30,16.421133041381836
2003-10-31,16.19988250732422
2003-11-03,16.274869918823242
2003-11-04,16.106124877929688
2003-11-05,16.151126861572266
2003-11-06,16.93111801147461
2003-11-07,17.036117553710938
2003-11-10,16.991125106811523
2003-11-11,17.43737030029297
2003-11-12,17.53862190246582
2003-11-13,17.456111907958984
2003-11-14,17.29861831665039
2003-11-17,17.294862747192383
2003-11-18,16.844867706298828
2003-11-19,16.878620147705078
2003-11-20,16.6873722076416
2003-11-21,16.837366104125977
2003-11-24,17.0211181640625
2003-11-25,17.15612030029297
2003-11-26,17.10736846923828
2003-11-28,17.186124801635742
2003-12-01,17.22736930847168
2003-12-02,16.987377166748047
2003-12-03,17.26862335205078
2003-12-04,17.381118774414062
2003-12-05,17.13361930847168
2003-12-08,17.208621978759766
2003-12-09,17.103622436523438
2003-12-10,17.092370986938477
2003-12-11,17.122371673583984
2003-12-12,17.13736915588379
2003-12-15,17.193622589111328
2003-12-16,17.15612030029297
2003-12-17,17.06237030029297
2003-12-18,17.29861831665039
2003-12-19,17.13736915588379
2003-12-22,17.349597930908203
2003-12-23,17.30827522277832
2003-12-24,17.259443283081055
2003-12-26,17.28199005126953
2003-12-29,17.338321685791016
2003-12-30,17.353347778320312
2003-12-31,17.353347778320312
2004-01-02,17.334569931030273
2004-01-05,17.4284725189209
2004-01-06,17.34583854675293
2004-01-07,17.33081817626953
2004-01-08,17.511110305786133
2004-01-09,17.334569931030273
2004-01-12,17.424711227416992
2004-01-13,17.353347778320312
2004-01-14,17.48105812072754
2004-01-15,17.541166305541992
2004-01-16,17.466035842895508
2004-01-20,17.43597984313965
2004-01-21,17.43597984313965
2004-01-22,17.31202507019043
2004-01-23,17.1993465423584
2004-01-26,17.116714477539062
2004-01-27,17.007781982421875
2004-01-28,16.632171630859375
2004-01-29,17.026567459106445
2004-01-30,16.673484802246094
2004-02-02,16.703542709350586
2004-02-03,16.737337112426758
2004-02-04,16.73358726501465
2004-02-05,17.000267028808594
2004-02-06,17.176820755004883
2004-02-09,17.112957000732422
2004-02-10,16.77865982055664
2004-02-11,16.752363204956055
2004-02-12,16.7748966217041
2004-02-13,16.7260799407959
2004-02-17,16.669734954833984
2004-02-18,16.519487380981445
2004-02-19,16.752363204956055
2004-02-20,16.69603729248047
2004-02-23,16.78993034362793
2004-02-24,16.970224380493164
2004-02-25,16.90261459350586
2004-02-26,16.80495262145996
2004-02-27,16.763639450073242
2004-03-01,16.82373046875
2004-03-02,16.71105194091797
2004-03-03,16.75613021850586
2004-03-04,16.90261459350586
2004-03-05,17.060367584228516
2004-03-08,17.22563934326172
2004-03-09,16.93266487121582
2004-03-10,16.688514709472656
2004-03-11,16.2678279876709
2004-03-12,16.380510330200195
2004-03-15,15.757000923156738
2004-03-16,15.775774955749512
2004-03-17,16.001142501831055
2004-03-18,15.813331604003906
2004-03-19,15.557915687561035
2004-03-22,15.321277618408203
2004-03-23,15.37010669708252
2004-03-24,15.422693252563477
2004-03-25,15.554162979125977
2004-03-26,15.67435073852539
2004-03-29,15.813331604003906
2004-03-30,15.8302640914917
2004-03-31,16.010881423950195
2004-04-01,16.436080932617188
2004-04-02,16.74839973449707
2004-04-05,16.857526779174805
2004-04-06,16.797317504882812
2004-04-07,16.707012176513672
2004-04-08,16.804834365844727
2004-04-12,16.846227645874023
2004-04-13,16.66562271118164
2004-04-14,16.74463653564453
2004-04-15,16.75592803955078
2004-04-16,16.8537540435791
2004-04-19,16.917736053466797
2004-04-20,16.605403900146484
2004-04-21,16.695716857910156
2004-04-22,18.012710571289062
2004-04-23,17.813291549682617
2004-04-26,17.87348747253418
2004-04-27,18.06163024902344
2004-04-28,17.960031509399414
2004-04-29,17.832090377807617
2004-04-30,17.745555877685547
2004-05-03,18.008953094482422
2004-05-04,18.04281234741211
2004-05-05,18.155696868896484
2004-05-06,17.986371994018555
2004-05-07,17.568702697753906
2004-05-10,17.316585540771484
2004-05-11,17.591283798217773
2004-05-12,17.700393676757812
2004-05-13,17.677827835083008
2004-05-14,17.809518814086914
2004-05-17,17.369266510009766
2004-05-18,17.877246856689453
2004-05-19,17.926156997680664
2004-05-20,18.020244598388672
2004-05-21,18.272348403930664
2004-05-24,18.37018203735352
2004-05-25,18.663692474365234
2004-05-26,18.550800323486328
2004-05-27,18.569610595703125
2004-05-28,18.56209373474121
2004-06-01,18.53951072692871
2004-06-02,18.85935401916504
2004-06-03,18.78410530090332
2004-06-04,19.002336502075195
2004-06-07,19.2431697845459
2004-06-08,19.2657413482666
2004-06-09,19.107696533203125
2004-06-10,18.84430694580078
2004-06-14,18.904504776000977
2004-06-15,18.98352432250977
2004-06-16,18.89322090148925
2004-06-17,18.80667495727539
2004-06-18,18.7878532409668
2004-06-21,18.72388458251953
2004-06-22,18.79362297058105
2004-06-23,18.84262084960937
2004-06-24,18.835081100463867
2004-06-25,18.748395919799805
2004-06-28,18.85016822814941
2004-06-29,18.82000541687012
2004-06-30,18.80116844177246
2004-07-01,18.88031578063965
2004-07-02,18.763471603393555
2004-07-06,18.782310485839844
2004-07-07,18.81624412536621
2004-07-08,18.34884452819824
2004-07-09,18.44684600830078
2004-07-12,18.56746864318848
2004-07-13,18.789852142333984
2004-07-14,18.69939613342285
2004-07-15,18.56746864318848
2004-07-16,18.590087890625
2004-07-19,18.624004364013672
2004-07-20,18.669227600097656
2004-07-21,18.72200584411621
2004-07-22,18.2131462097168
2004-07-23,18.216920852661133
2004-07-26,18.254613876342773
2004-07-27,18.280994415283203
2004-07-28,18.39785385131836
2004-07-29,18.35638427734375
2004-07-30,18.394081115722656
2004-08-02,18.352611541748047
2004-08-03,18.160385131835938
2004-08-04,17.674142837524414
2004-08-05,17.606292724609375
2004-08-06,17.255760192871094
2004-08-09,17.142677307128906
2004-08-10,17.236921310424805
2004-08-11,17.161523818969727
2004-08-12,17.00321388244629
2004-08-13,16.991907119750977
2004-08-16,17.282146453857422
2004-08-17,17.583675384521484
2004-08-18,17.651533126831055
2004-08-19,17.534687042236328
2004-08-20,17.617597579956055
2004-08-23,17.545982360839844
2004-08-24,17.677919387817383
2004-08-25,17.88900375366211
2004-08-26,17.870145797729492
2004-08-27,17.824913024902344
2004-08-30,17.768375396728516
2004-08-31,17.885225296020508
2004-09-01,17.89653205871582
2004-09-02,18.054845809936523
2004-09-03,18.092533111572266
2004-09-07,18.26434326171875
2004-09-08,18.21525382995605
2004-09-09,18.185039520263672
2004-09-10,18.23790740966797
2004-09-13,18.366300582885746
2004-09-14,18.566410064697266
2004-09-15,18.490901947021484
2004-09-16,18.581520080566406
2004-09-17,18.78165054321289
2004-09-20,18.679702758789062
2004-09-21,18.876052856445312
2004-09-22,18.85716819763184
2004-09-23,18.849624633789062
2004-09-24,18.86849403381348
2004-09-27,18.770320892333984
2004-09-28,18.887380599975582
2004-09-29,19.049747467041016
2004-09-30,19.619918823242188
2004-10-01,19.91443634033203
2004-10-04,20.17121124267578
2004-10-05,20.14477729797364
2004-10-06,20.32223892211914
2004-10-07,20.020166397094727
2004-10-08,20.06925773620605
2004-10-11,20.227846145629883
2004-10-12,20.0919132232666
2004-10-13,19.88801002502441
2004-10-14,19.820043563842773
2004-10-15,20.06170654296875
2004-10-18,20.276945114135746
2004-10-19,20.29582023620605
2004-10-20,20.2580509185791
2004-10-21,20.28070831298828
2004-10-22,20.35244941711425
2004-10-25,20.235395431518555
2004-10-26,20.367555618286133
2004-10-27,20.45818901062012
2004-10-28,20.677181243896484
2004-10-29,20.57523727416992
2004-11-01,20.59033393859864
2004-11-02,20.552574157714844
2004-11-03,20.88486289978028
2004-11-04,21.519227981567383
2004-11-05,21.92702865600586
2004-11-08,21.87793731689453
2004-11-09,21.73445510864257
2004-11-10,21.54943084716797
2004-11-11,21.617406845092773
2004-11-12,21.753337860107425
2004-11-15,21.70424461364746
2004-11-16,21.39084243774414
2004-11-17,21.311548233032227
2004-11-18,21.39084243774414
2004-11-19,21.0925407409668
2004-11-22,21.42859649658203
2004-11-23,21.50034523010254
2004-11-24,21.50411605834961
2004-11-26,21.52300262451172
2004-11-29,21.50411605834961
2004-11-30,21.46636009216309
2004-12-01,21.85527801513672
2004-12-02,21.8288516998291
2004-12-03,22.01010513305664
2004-12-06,21.86661148071289
2004-12-07,21.889265060424805
2004-12-08,22.27442169189453
2004-12-09,22.757736206054688
2004-12-10,22.75018882751465
2004-12-13,23.31658935546875
2004-12-14,23.443254470825195
2004-12-15,23.454593658447266
2004-12-16,23.65499496459961
2004-12-17,23.96505546569824
2004-12-20,23.84026908874512
2004-12-21,23.85539436340332
2004-12-22,23.89699363708496
2004-12-23,23.91211700439453
2004-12-27,23.745746612548828
2004-12-28,24.029335021972656
2004-12-29,23.84405517578125
2004-12-30,23.88942527770996
2004-12-31,23.813798904418945
2005-01-03,23.64742851257324
2005-01-04,23.28445053100586
2005-01-05,23.299575805664062
2005-01-06,23.51887893676757
2005-01-07,23.484844207763672
2005-01-10,23.38275146484375
2005-01-11,23.06514358520508
2005-01-12,23.11429023742676
2005-01-13,23.488624572753903
2005-01-14,23.94614028930664
2005-01-18,24.22974967956543
2005-01-19,24.146547317504883
2005-01-20,23.908342361450195
2005-01-21,23.632308959960938
2005-01-24,23.41300773620605
2005-01-25,23.4508113861084
2005-01-26,23.64742851257324
2005-01-27,24.08983993530273
2005-01-28,24.07848358154297
2005-01-31,23.88942527770996
2005-02-01,23.908342361450195
2005-02-02,24.01421356201172
2005-02-03,24.24864387512207
2005-02-04,24.785568237304688
2005-02-07,25.14478302001953
2005-02-08,24.857410430908203
2005-02-09,24.40744972229004
2005-02-10,24.22974967956543
2005-02-11,24.619197845458984
2005-02-14,24.577598571777344
2005-02-15,24.566255569458008
2005-02-16,24.501977920532227
2005-02-17,24.17301750183105
2005-02-18,24.112518310546875
2005-02-22,23.696592330932617
2005-02-23,23.632308959960938
2005-02-24,23.662559509277344
2005-02-25,24.24864387512207
2005-02-28,24.237302780151367
2005-03-01,24.441490173339844
2005-03-02,24.751537322998047
2005-03-03,24.88010025024414
2005-03-04,25.29224395751953
2005-03-07,25.624988555908203
2005-03-08,25.31871795654297
2005-03-09,25.012434005737305
2005-03-10,24.9746208190918
2005-03-11,24.982192993164062
2005-03-14,25.2998046875
2005-03-15,25.46239280700684
2005-03-16,25.20150184631348
2005-03-17,24.906557083129883
2005-03-18,24.668352127075195
2005-03-21,24.562477111816406
2005-03-22,24.42257308959961
2005-03-23,24.619197845458984
2005-03-24,24.6494369506836
2005-03-28,24.562477111816406
2005-03-29,24.42049789428711
2005-03-30,25.223159790039062
2005-03-31,25.314027786254883
2005-04-01,24.97706413269043
2005-04-04,24.9694938659668
2005-04-05,25.385961532592773
2005-04-06,25.27237892150879
2005-04-07,25.567699432373047
2005-04-08,25.541183471679688
2005-04-11,25.68127822875977
2005-04-12,25.87436866760254
2005-04-13,25.548768997192383
2005-04-14,25.151222229003903
2005-04-15,24.26905632019043
2005-04-18,23.79578399658203
2005-04-19,23.72006797790528
2005-04-20,23.549692153930664
2005-04-21,23.99267578125
2005-04-22,24.178184509277344
2005-04-25,24.58709144592285
2005-04-26,24.927839279174805
2005-04-27,24.94677352905273
2005-04-28,23.99267578125
2005-04-29,23.757930755615234
2005-05-02,23.20894241333008
2005-05-03,23.04613494873047
2005-05-04,23.51183319091797
2005-05-05,23.515613555908203
2005-05-06,23.447465896606445
2005-05-09,23.72006797790528
2005-05-10,23.341449737548828
2005-05-11,23.45882225036621
2005-05-12,23.21651268005371
2005-05-13,23.019636154174805
2005-05-16,23.42853355407715
2005-05-17,23.67085647583008
2005-05-18,24.40156936645508
2005-05-19,24.685529708862305
2005-05-20,24.60980987548828
2005-05-23,24.920270919799805
2005-05-24,25.367027282714844
2005-05-25,25.208017349243164
2005-05-26,25.469257354736328
2005-05-27,25.533615112304688
2005-05-31,25.571489334106445
2005-06-01,25.669921875
2005-06-02,26.430927276611328
2005-06-03,26.324920654296875
2005-06-06,26.24162673950196
2005-06-07,26.20376205444336
2005-06-08,26.052322387695312
2005-06-09,26.366573333740234
2005-06-10,25.976600646972656
2005-06-13,25.821365356445312
2005-06-14,26.10533332824707
2005-06-15,26.02202606201172
2005-06-16,26.120466232299805
2005-06-17,26.22647857666016
2005-06-20,26.25298309326172
2005-06-21,26.088043212890625
2005-06-22,26.17525100708008
2005-06-23,25.864316940307617
2005-06-24,25.739187240600582
2005-06-27,25.68230056762696
2005-06-28,25.955322265625
2005-06-29,25.913610458374023
2005-06-30,25.868106842041016
2005-07-01,26.04633331298828
2005-07-05,26.201793670654297
2005-07-06,26.099411010742188
2005-07-07,26.00840950012207
2005-07-08,26.349685668945312
2005-07-11,26.74023628234864
2005-07-12,26.64923858642578
2005-07-13,26.69474029541016
2005-07-14,25.746761322021484
2005-07-15,25.731595993041992
2005-07-18,25.46236991882324
2005-07-19,25.63301658630371
2005-07-20,25.95152473449707
2005-07-21,25.818809509277344
2005-07-22,26.004615783691406
2005-07-25,25.89844512939453
2005-07-26,26.21316146850586
2005-07-27,25.93256950378418
2005-07-28,26.38759994506836
2005-07-29,25.96290779113769
2005-08-01,25.98944664001465
2005-08-02,26.16766166687012
2005-08-03,26.23212432861328
2005-08-04,26.09183120727539
2005-08-05,25.93636131286621
2005-08-08,25.864316940307617
2005-08-09,25.93636131286621
2005-08-10,26.1411247253418
2005-08-11,26.01599502563477
2005-08-12,25.705059051513672
2005-08-15,25.708852767944336
2005-08-16,25.663349151611328
2005-08-17,25.651975631713867
2005-08-18,25.5950984954834
2005-08-19,25.61026954650879
2005-08-22,25.32588577270508
2005-08-23,25.39033317565918
2005-08-24,25.28795051574707
2005-08-25,25.24244499206543
2005-08-26,24.94289970397949
2005-08-29,24.685047149658203
2005-08-30,23.737079620361328
2005-08-31,23.96839141845703
2005-09-01,23.274471282958984
2005-09-02,23.2517204284668
2005-09-06,23.75880241394043
2005-09-07,24.298168182373047
2005-09-08,23.709428787231445
2005-09-09,23.92212677001953
2005-09-12,23.644853591918945
2005-09-13,23.92592430114746
2005-09-14,23.789182662963867
2005-09-15,23.561294555664062
2005-09-16,23.35997009277344
2005-09-19,23.13207626342773
2005-09-20,22.923168182373047
2005-09-21,22.78641891479492
2005-09-22,23.192842483520508
2005-09-23,23.492918014526367
2005-09-26,23.38656044006348
2005-09-27,23.318187713623047
2005-09-28,23.101686477661133
2005-09-29,22.995330810546875
2005-09-30,23.929733276367188
2005-10-03,23.94872093200684
2005-10-04,24.1120548248291
2005-10-05,23.994298934936523
2005-10-06,24.19942092895508
2005-10-07,24.1158504486084
2005-10-10,23.52330207824707
2005-10-11,23.35238075256348
2005-10-12,22.95734977722168
2005-10-13,23.0371036529541
2005-10-14,23.30300521850586
2005-10-17,22.96114158630371
2005-10-18,22.448366165161133
2005-10-19,23.4625244140625
2005-10-20,23.170061111450195
2005-10-21,23.287805557250977
2005-10-24,23.53470039367676
2005-10-25,23.17384910583496
2005-10-26,22.72186279296875
2005-10-27,22.068527221679688
2005-10-28,22.562314987182617
2005-10-31,22.6458740234375
2005-11-01,22.398988723754883
2005-11-02,22.95734977722168
2005-11-03,23.34857749938965
2005-11-04,23.56888008117676
2005-11-07,23.3941593170166
2005-11-08,23.219425201416016
2005-11-09,23.25742530822754
2005-11-10,24.150043487548828
2005-11-11,23.998092651367188
2005-11-14,24.21460723876953
2005-11-15,23.96012306213379
2005-11-16,23.83477020263672
2005-11-17,23.97151565551757
2005-11-18,24.172826766967773
2005-11-21,24.48808860778809
2005-11-22,24.52228546142578
2005-11-23,24.602039337158203
2005-11-25,24.56785774230957
2005-11-28,24.21080017089844
2005-11-29,24.624828338623047
2005-11-30,24.541263580322266
2005-12-01,25.555429458618164
2005-12-02,25.57061767578125
2005-12-05,25.513643264770508
2005-12-06,25.46806526184082
2005-12-07,25.47566032409668
2005-12-08,25.69597053527832
2005-12-09,25.711166381835938
2005-12-12,25.806133270263672
2005-12-13,25.754758834838867
2005-12-14,25.743358612060547
2005-12-15,25.773786544799805
2005-12-16,25.762380599975582
2005-12-19,25.47324562072754
2005-12-20,25.47324562072754
2005-12-21,25.564552307128903
2005-12-22,25.887920379638672
2005-12-23,25.663454055786133
2005-12-27,25.5455322265625
2005-12-28,25.49608039855957
2005-12-29,25.77758979797364
2005-12-30,25.4770622253418
2006-01-03,25.682485580444336
2006-01-04,25.96399307250977
2006-01-05,25.89933013916016
2006-01-06,26.07052421569824
2006-01-09,26.359643936157227
2006-01-10,26.279754638671875
2006-01-11,26.62214088439941
2006-01-12,26.371057510375977
2006-01-13,26.45855712890625
2006-01-17,26.25312614440918
2006-01-18,25.929763793945312
2006-01-19,26.09714698791504
2006-01-20,25.32869529724121
2006-01-23,25.33249855041504
2006-01-24,25.4770622253418
2006-01-25,25.55694580078125
2006-01-26,25.91835021972656
2006-01-27,26.268335342407227
2006-01-30,25.57978057861328
2006-01-31,25.35151481628418
2006-02-01,25.857481002807617
2006-02-02,25.35532569885254
2006-02-03,25.12706756591797
2006-02-06,25.412391662597656
2006-02-07,25.32869529724121
2006-02-08,25.14989852905273
2006-02-09,25.731948852539062
2006-02-10,26.41670036315918
2006-02-13,26.211280822753903
2006-02-14,26.146595001220703
2006-02-15,26.52703666687012
2006-02-16,26.43953895568848
2006-02-17,26.355833053588867
2006-02-21,25.80422782897949
2006-02-22,25.99063301086425
2006-02-23,26.15421295166016
2006-02-24,26.07432556152344
2006-02-27,26.344423294067383
2006-02-28,26.021068572998047
2006-03-01,26.177038192749023
2006-03-02,26.013458251953125
2006-03-03,25.887920379638672
2006-03-06,26.02486801147461
2006-03-07,25.8232421875
2006-03-08,26.0553035736084
2006-03-09,26.002046585083008
2006-03-10,25.842262268066406
2006-03-13,25.747159957885746
2006-03-14,25.7129135131836
2006-03-15,25.709117889404297
2006-03-16,25.8917236328125
2006-03-17,26.344423294067383
2006-03-20,26.268335342407227
2006-03-21,26.428125381469727
2006-03-22,26.45475006103516
2006-03-23,26.36345100402832
2006-03-24,26.173236846923828
2006-03-27,26.196063995361328
2006-03-28,26.09334945678711
2006-03-29,26.37338829040528
2006-03-30,26.41148567199707
2006-03-31,26.13716125488281
2006-04-03,26.670568466186523
2006-04-04,26.937280654907227
2006-04-05,27.375438690185547
2006-04-06,27.55070686340332
2006-04-07,27.58118438720703
2006-04-10,27.226842880249023
2006-04-11,26.758203506469727
2006-04-12,26.739154815673828
2006-04-13,26.701059341430664
2006-04-17,27.280181884765625
2006-04-18,27.714540481567383
2006-04-19,27.84026336669922
2006-04-20,27.91265869140625
2006-04-21,27.954566955566406
2006-04-24,27.78693580627441
2006-04-25,27.562143325805664
2006-04-26,27.68024253845215
2006-04-27,28.08030128479004
2006-04-28,27.84026336669922
2006-05-01,27.96218681335449
2006-05-02,27.82884407043457
2006-05-03,28.137454986572266
2006-05-04,28.499420166015625
2006-05-05,28.69371795654297
2006-05-08,29.101402282714844
2006-05-09,29.20808219909668
2006-05-10,29.089977264404297
2006-05-11,28.788982391357425
2006-05-12,28.54134178161621
2006-05-15,28.609907150268555
2006-05-16,28.579423904418945
2006-05-17,27.76405906677246
2006-05-18,27.53546524047852
2006-05-19,27.977439880371094
2006-05-22,27.600229263305664
2006-05-23,27.310665130615234
2006-05-24,27.436399459838867
2006-05-25,27.68024253845215
2006-05-26,27.86693572998047
2006-05-30,27.31447982788086
2006-05-31,27.55834007263184
2006-06-01,28.43082427978516
2006-06-02,28.22509765625
2006-06-05,27.85169792175293
2006-06-06,27.50878524780273
2006-06-07,27.81740379333496
2006-06-08,27.4554500579834
2006-06-09,27.75644302368164
2006-06-12,27.485923767089844
2006-06-13,27.05157470703125
2006-06-14,26.73153114318848
2006-06-15,27.447830200195312
2006-06-16,27.409730911254883
2006-06-19,27.432588577270508
2006-06-20,27.62572479248047
2006-06-21,27.88525390625
2006-06-22,27.48068046569824
2006-06-23,27.69441604614257
2006-06-26,27.709678649902344
2006-06-27,27.595184326171875
2006-06-28,27.91579818725586
2006-06-29,28.79365348815918
2006-06-30,29.09898567199707
2006-07-03,29.06081962585449
2006-07-05,28.66387939453125
2006-07-06,28.70968437194824
2006-07-07,28.52647590637207
2006-07-10,28.64097785949707
2006-07-11,28.625713348388672
2006-07-12,28.52647590637207
2006-07-13,27.595184326171875
2006-07-14,26.908172607421875
2006-07-17,27.96159744262696
2006-07-18,27.66388893127441
2006-07-19,28.182960510253903
2006-07-20,27.83181953430176
2006-07-21,27.09136962890625
2006-07-24,28.07609748840332
2006-07-25,28.66387939453125
2006-07-26,27.86235618591309
2006-07-27,26.579923629760746
2006-07-28,26.9692325592041
2006-07-31,26.8547306060791
2006-08-01,26.839466094970703
2006-08-02,27.419612884521484
2006-08-03,27.7860164642334
2006-08-04,27.48068046569824
2006-08-07,27.473047256469727
2006-08-08,26.83183479309082
2006-08-09,26.686786651611328
2006-08-10,26.99213218688965
2006-08-11,27.083740234375
2006-08-14,27.488319396972656
2006-08-15,27.68678092956543
2006-08-16,28.2287712097168
2006-08-17,28.41960906982422
2006-08-18,28.396699905395508
2006-08-21,28.015026092529297
2006-08-22,28.06846046447754
2006-08-23,27.7860164642334
2006-08-24,27.77837371826172
2006-08-25,27.48068046569824
2006-08-28,27.900522232055664
2006-08-29,28.289833068847656
2006-08-30,28.36095428466797
2006-08-31,28.79679298400879
2006-09-01,28.5903377532959
2006-09-05,28.75090980529785
2006-09-06,28.3991756439209
2006-09-07,28.38389205932617
2006-09-08,28.689746856689453
2006-09-11,28.9497299194336
2006-09-12,29.829078674316406
2006-09-13,29.85201835632324
2006-09-14,29.54615020751953
2006-09-15,29.56908226013184
2006-09-18,29.576744079589844
2006-09-19,29.6761531829834
2006-09-20,29.97435188293457
2006-09-21,29.93614196777344
2006-09-22,29.43146133422852
2006-09-25,29.722034454345703
2006-09-26,29.576744079589844
2006-09-27,29.553815841674805
2006-09-28,29.42381858825684
2006-09-29,29.54615020751953
2006-10-02,29.89789581298828
2006-10-03,29.026185989379883
2006-10-04,29.30912971496582
2006-10-05,31.23603630065918
2006-10-06,30.85371971130371
2006-10-09,30.72372436523437
2006-10-10,31.00664710998535
2006-10-11,30.35669136047364
2006-10-12,30.662548065185547
2006-10-13,31.23603630065918
2006-10-16,31.381324768066406
2006-10-17,31.541912078857425
2006-10-18,31.40425491333008
2006-10-19,31.427207946777344
2006-10-20,31.809532165527344
2006-10-23,32.02363586425781
2006-10-24,32.05421829223633
2006-10-25,31.97774887084961
2006-10-26,31.83248519897461
2006-10-27,31.73305320739746
2006-10-30,32.1001091003418
2006-10-31,31.939525604248047
2006-11-01,32.1230354309082
2006-11-02,32.27595901489258
2006-11-03,32.077152252197266
2006-11-06,32.650657653808594
2006-11-07,32.826515197753906
2006-11-08,33.08649444580078
2006-11-09,33.17825698852539
2006-11-10,33.44588851928711
2006-11-13,34.06525039672852
2006-11-14,34.22581481933594
2006-11-15,34.3099365234375
2006-11-16,34.478179931640625
2006-11-17,34.608154296875
2006-11-20,34.92931365966797
2006-11-21,34.61580276489258
2006-11-22,35.74748229980469
2006-11-24,35.51809310913086
2006-11-27,34.34052658081055
2006-11-28,34.28700256347656
2006-11-29,34.562294006347656
2006-11-30,34.52402877807617
2006-12-01,34.56993103027344
2006-12-04,35.54102325439453
2006-12-05,35.61988830566406
2006-12-06,35.52802276611328
2006-12-07,35.44377136230469
2006-12-08,35.52035903930664
2006-12-11,35.160491943359375
2006-12-12,35.22175216674805
2006-12-13,35.420806884765625
2006-12-14,35.73474884033203
2006-12-15,35.16813659667969
2006-12-18,35.12220001220703
2006-12-19,35.489723205566406
2006-12-20,35.83430099487305
2006-12-21,35.68881607055664
2006-12-22,35.72709655761719
2006-12-26,36.22478866577149
2006-12-27,36.56167602539063
2006-12-28,36.829689025878906
2006-12-29,36.538719177246094
2007-01-03,36.24775695800781
2007-01-04,35.351898193359375
2007-01-05,34.53261947631836
2007-01-08,34.93842697143555
2007-01-09,35.3978385925293
2007-01-10,35.56629943847656
2007-01-11,35.8802375793457
2007-01-12,36.12525177001953
2007-01-16,36.29369735717773
2007-01-17,36.178836822509766
2007-01-18,35.9338264465332
2007-01-19,36.048675537109375
2007-01-22,35.86492156982422
2007-01-23,36.14056015014648
2007-01-24,36.500450134277344
2007-01-25,35.94913864135742
2007-01-26,36.03337860107422
2007-01-29,35.84195327758789
2007-01-30,35.78069305419922
2007-01-31,36.86032104492188
2007-02-01,37.53413391113281
2007-02-02,37.358009338378906
2007-02-05,37.79443740844727
2007-02-06,37.9705696105957
2007-02-07,38.3840446472168
2007-02-08,39.21097946166992
2007-02-09,37.58772277832031
2007-02-12,37.44224166870117
2007-02-13,37.54942321777344
2007-02-14,37.58772277832031
2007-02-15,37.80977630615234
2007-02-16,37.77915191650391
2007-02-20,38.016510009765625
2007-02-21,38.07777404785156
2007-02-22,37.87102890014648
2007-02-23,37.894004821777344
2007-02-26,37.572383880615234
2007-02-27,36.37027740478516
2007-02-28,36.68421936035156
2007-03-01,36.50809097290039
2007-03-02,36.40855026245117
2007-03-05,35.57395553588867
2007-03-06,36.21714401245117
2007-03-07,36.40855026245117
2007-03-08,37.0976791381836
2007-03-09,37.166603088378906
2007-03-12,37.08236312866211
2007-03-13,36.64593505859375
2007-03-14,36.55403518676758
2007-03-15,36.61530303955078
2007-03-16,36.31667709350586
2007-03-19,36.97517013549805
2007-03-20,37.67960357666016
2007-03-21,38.20793151855469
2007-03-22,38.192626953125
2007-03-23,37.985877990722656
2007-03-26,38.1083984375
2007-03-27,37.80977630615234
2007-03-28,37.39040756225586
2007-03-29,37.35973358154297
2007-03-30,37.53607177734375
2007-04-02,38.057403564453125
2007-04-03,38.29506301879883
2007-04-04,38.62473678588867
2007-04-05,38.34873580932617
2007-04-09,38.21840286254883
2007-04-10,38.21840286254883
2007-04-11,37.927059173583984
2007-04-12,38.21840286254883
2007-04-13,38.44073486328125
2007-04-16,39.17673873901367
2007-04-17,39.606075286865234
2007-04-18,39.76706314086914
2007-04-19,36.79241180419922
2007-04-20,36.90740966796875
2007-04-23,36.8000602722168
2007-04-24,36.39372253417969
2007-04-25,35.9413948059082
2007-04-26,35.412391662597656
2007-04-27,35.58872604370117
2007-04-30,34.66106033325195
2007-05-01,34.76072692871094
2007-05-02,34.91407012939453
2007-05-03,34.89106369018555
2007-05-04,34.929386138916016
2007-05-07,35.02140808105469
2007-05-08,34.82973861694336
2007-05-09,34.46938705444336
2007-05-10,33.77938461303711
2007-05-11,33.77173614501953
2007-05-14,34.81441116333008
2007-05-15,34.65340042114258
2007-05-16,34.799068450927734
2007-05-17,34.5153923034668
2007-05-18,34.70708465576172
2007-05-21,34.30072784423828
2007-05-22,34.64573287963867
2007-05-23,34.576717376708984
2007-05-24,33.90974044799805
2007-05-25,33.802398681640625
2007-05-29,34.308406829833984
2007-05-30,34.737728118896484
2007-05-31,35.30506134033203
2007-06-01,35.734413146972656
2007-06-04,36.70806884765625
2007-06-05,36.209739685058594
2007-06-06,35.30506134033203
2007-06-07,34.61505508422852
2007-06-08,34.944732666015625
2007-06-11,34.81441116333008
2007-06-12,34.5997200012207
2007-06-13,35.35105895996094
2007-06-14,35.098079681396484
2007-06-15,35.72672271728516
2007-06-18,35.45838928222656
2007-06-19,35.50830078125
2007-06-20,35.032196044921875
2007-06-21,34.88630294799805
2007-06-22,34.47163772583008
2007-06-25,34.31804656982422
2007-06-26,33.72673797607422
2007-06-27,33.56549835205078
2007-06-28,33.6038818359375
2007-06-29,33.20457458496094
2007-07-02,33.61156463623047
2007-07-03,34.14142990112305
2007-07-05,36.52963638305664
2007-07-06,36.176387786865234
2007-07-09,36.0919303894043
2007-07-10,35.101322174072266
2007-07-11,35.5927848815918
2007-07-12,34.5868034362793
2007-07-13,33.849613189697266
2007-07-16,34.10303497314453
2007-07-17,34.67127227783203
2007-07-18,34.64824676513672
2007-07-19,34.640567779541016
2007-07-20,33.99553298950195
2007-07-23,34.45627975463867
2007-07-24,33.74210739135742
2007-07-25,33.14313125610352
2007-07-26,31.638038635253903
2007-07-27,30.63973999023437
2007-07-30,31.6073055267334
2007-07-31,31.90679359436035
2007-08-01,32.32914733886719
2007-08-02,33.258331298828125
2007-08-03,31.90679359436035
2007-08-06,32.51344299316406
2007-08-07,32.6977424621582
2007-08-08,33.74210739135742
2007-08-09,33.41959762573242
2007-08-10,32.63633346557617
2007-08-13,32.65166473388672
2007-08-14,32.0219841003418
2007-08-15,31.691783905029297
2007-08-16,31.722501754760746
2007-08-17,32.50576400756836
2007-08-20,32.720787048339844
2007-08-21,32.874351501464844
2007-08-22,33.2660026550293
2007-08-23,33.58853912353516
2007-08-24,33.86496353149414
2007-08-27,33.51941680908203
2007-08-28,32.60559844970703
2007-08-29,32.98956680297852
2007-08-30,33.6038818359375
2007-08-31,34.11071014404297
2007-09-04,34.11456298828125
2007-09-05,33.568416595458984
2007-09-06,33.55302429199219
2007-09-07,32.622291564941406
2007-09-10,32.26844024658203
2007-09-11,32.883811950683594
2007-09-12,32.468441009521484
2007-09-13,32.91457748413086
2007-09-14,33.09918594360352
2007-09-17,32.98380661010742
2007-09-18,33.98379135131836
2007-09-19,34.34532165527344
2007-09-20,33.89917755126953
2007-09-21,34.34532165527344
2007-09-24,34.39146041870117
2007-09-25,33.2684211730957
2007-09-26,33.05305099487305
2007-09-27,33.329959869384766
2007-09-28,33.43764877319336
2007-10-01,33.876102447509766
2007-10-02,34.56840896606445
2007-10-03,34.091487884521484
2007-10-04,32.52228927612305
2007-10-05,33.07611083984375
2007-10-08,32.768428802490234
2007-10-09,32.28383255004883
2007-10-10,31.88385772705078
2007-10-11,31.806930541992188
2007-10-12,32.19922637939453
2007-10-15,31.291540145874023
2007-10-16,32.414608001708984
2007-10-17,31.999223709106445
2007-10-18,31.806930541992188
2007-10-19,30.706939697265625
2007-10-22,31.222326278686523
2007-10-23,31.27617454528809
2007-10-24,30.806962966918945
2007-10-25,30.422338485717773
2007-10-26,30.53773307800293
2007-10-29,30.430030822753903
2007-10-30,30.5223445892334
2007-10-31,31.62230491638184
2007-11-01,30.61464500427246
2007-11-02,30.57619285583496
2007-11-05,29.845436096191406
2007-11-06,29.53774642944336
2007-11-07,28.4069938659668
2007-11-08,28.13777542114257
2007-11-09,27.72240257263184
2007-11-12,27.822406768798828
2007-11-13,28.483917236328125
2007-11-14,27.89163589477539
2007-11-15,27.2993278503418
2007-11-16,27.414714813232425
2007-11-19,26.39167213439941
2007-11-20,25.930147171020508
2007-11-21,26.576282501220703
2007-11-23,27.007041931152344
2007-11-26,26.67628288269043
2007-11-27,27.137805938720703
2007-11-28,28.222394943237305
2007-11-29,28.44546890258789
2007-11-30,28.845457077026367
2007-12-03,28.483917236328125
2007-12-04,28.179473876953125
2007-12-05,28.171764373779297
2007-12-06,28.63422393798828
2007-12-07,28.526317596435547
2007-12-10,28.873157501220703
2007-12-11,27.90199279785156
2007-12-12,27.508901596069336
2007-12-13,26.067546844482425
2007-12-14,24.27164649963379
2007-12-17,25.08866500854492
2007-12-18,25.05782890319824
2007-12-19,25.712989807128903
2007-12-20,25.52801513671875
2007-12-21,26.113800048828125
2007-12-24,26.506893157958984
2007-12-26,26.25253295898437
2007-12-27,25.998180389404297
2007-12-28,26.29878234863281
2007-12-31,26.345027923583984
2008-01-02,25.458637237548828
2008-01-03,25.466352462768555
2008-01-04,24.40267944335937
2008-01-07,24.76494026184082
2008-01-08,24.51058959960937
2008-01-09,25.75153160095215
2008-01-10,26.352733612060547
2008-01-11,25.327606201171875
2008-01-14,25.635915756225582
2008-01-15,24.564542770385746
2008-01-16,25.327606201171875
2008-01-17,24.934511184692383
2008-01-18,25.188865661621094
2008-01-22,25.435522079467773
2008-01-23,27.023313522338867
2008-01-24,27.246826171875
2008-01-25,26.167749404907227
2008-01-28,26.83832740783692
2008-01-29,26.846036911010746
2008-01-30,26.614795684814453
2008-01-31,27.71699523925781
2008-02-01,28.765256881713867
2008-02-04,27.424118041992188
2008-02-05,27.59368705749512
2008-02-06,26.89228248596192
2008-02-07,27.046430587768555
2008-02-08,26.68417358398437
2008-02-11,27.185171127319336
2008-02-12,27.53201484680176
2008-02-13,26.899978637695312
2008-02-14,27.069557189941406
2008-02-15,27.38557243347168
2008-02-19,27.200578689575195
2008-02-20,27.53201484680176
2008-02-21,27.36245346069336
2008-02-22,27.15433692932129
2008-02-25,27.38557243347168
2008-02-26,28.102405548095703
2008-02-27,27.986778259277344
2008-02-28,26.93852996826172
2008-02-29,26.283361434936523
2008-03-03,26.36815071105957
2008-03-04,27.316198348999023
2008-03-05,26.907690048217773
2008-03-06,25.844032287597656
2008-03-07,25.79007148742676
2008-03-10,25.134912490844727
2008-03-11,26.33732986450196
2008-03-12,25.68986892700196
2008-03-13,25.581966400146484
2008-03-14,25.358444213867188
2008-03-17,24.495174407958984
2008-03-18,25.36615562438965
2008-03-19,25.612802505493164
2008-03-20,26.452938079833984
2008-03-24,27.81720924377441
2008-03-25,27.67846298217773
2008-03-26,27.60138702392578
2008-03-27,27.00018882751465
2008-03-28,26.56084442138672
2008-03-31,26.483766555786133
2008-04-01,28.248836517333984
2008-04-02,28.30290603637696
2008-04-03,27.80081367492676
2008-04-04,27.83943557739257
2008-04-07,27.4068546295166
2008-04-08,27.16739273071289
2008-04-09,26.333139419555664
2008-04-10,26.379487991333008
2008-04-11,25.78468894958496
2008-04-14,25.43708610534668
2008-04-15,24.587383270263672
2008-04-16,25.097206115722656
2008-04-17,25.84648704528809
2008-04-18,25.84648704528809
2008-04-21,25.15127182006836
2008-04-22,25.004512786865234
2008-04-23,25.383012771606445
2008-04-24,26.40265655517578
2008-04-25,26.974273681640625
2008-04-28,26.91247940063477
2008-04-29,26.93565559387207
2008-04-30,26.495359420776367
2008-05-01,27.731290817260746
2008-05-02,28.411056518554688
2008-05-05,27.94757461547852
2008-05-06,28.17157936096192
2008-05-07,27.28325843811035
2008-05-08,27.46864318847656
2008-05-09,27.70810317993164
2008-05-12,28.42650032043457
2008-05-13,27.970752716064453
2008-05-14,27.80854606628418
2008-05-15,27.73900985717773
2008-05-16,27.66948127746582
2008-05-19,27.63859367370605
2008-05-20,27.244638442993164
2008-05-21,26.35630989074707
2008-05-22,26.10912704467773
2008-05-23,25.954633712768555
2008-05-27,25.99326705932617
2008-05-28,26.37176322937012
2008-05-29,25.831037521362305
2008-05-30,25.4216423034668
2008-06-02,24.865455627441406
2008-06-03,24.83457374572754
2008-06-04,24.04664802551269
2008-06-05,24.09300804138184
2008-06-06,23.119707107543945
2008-06-09,22.8261661529541
2008-06-10,22.98838806152344
2008-06-11,21.906953811645508
2008-06-12,22.54035758972168
2008-06-13,22.895692825317383
2008-06-16,23.01928329467773
2008-06-17,22.51718711853028
2008-06-18,21.953298568725582
2008-06-19,22.33952140808105
2008-06-20,21.204010009765625
2008-06-23,20.98771476745605
2008-06-24,21.04042053222656
2008-06-25,21.830883026123047
2008-06-26,20.707178115844727
2008-06-27,20.683931350708008
2008-06-30,20.33519172668457
2008-07-01,20.048450469970703
2008-07-02,19.591222763061523
2008-07-03,19.80046844482422
2008-07-07,20.094951629638672
2008-07-08,20.86992835998535
2008-07-09,20.10270500183105
2008-07-10,18.65351676940918
2008-07-11,18.390026092529297
2008-07-14,17.39805793762207
2008-07-15,17.85529899597168
2008-07-16,19.071990966796875
2008-07-17,20.40493965148925
2008-07-18,20.40493965148925
2008-07-21,20.583194732666016
2008-07-22,21.55189514160156
2008-07-23,22.1253719329834
2008-07-24,20.195695877075195
2008-07-25,20.242197036743164
2008-07-28,19.75397109985352
2008-07-29,20.5134391784668
2008-07-30,20.62968063354492
2008-07-31,20.07945442199707
2008-08-01,20.73043441772461
2008-08-04,20.55218315124512
2008-08-05,21.09467124938965
2008-08-06,21.613889694213867
2008-08-07,21.133419036865234
2008-08-08,21.908382415771484
2008-08-11,22.31912422180176
2008-08-12,22.00913047790528
2008-08-13,21.784393310546875
2008-08-14,22.51285743713379
2008-08-15,22.56710624694824
2008-08-18,21.908382415771484
2008-08-19,21.24966049194336
2008-08-20,20.92418098449707
2008-08-21,20.89317512512207
2008-08-22,21.49765396118164
2008-08-25,20.97842788696289
2008-08-26,21.04042053222656
2008-08-27,21.334901809692383
2008-08-28,21.885133743286133
2008-08-29,21.86188697814941
2008-09-02,22.54386329650879
2008-09-03,22.48960494995117
2008-09-04,22.00913047790528
2008-09-05,22.31912422180176
2008-09-08,23.00884246826172
2008-09-09,22.23778533935547
2008-09-10,22.393239974975582
2008-09-11,22.68082427978516
2008-09-12,22.401010513305664
2008-09-15,21.22732925415039
2008-09-16,21.6859188079834
2008-09-17,20.551101684570312
2008-09-18,21.312828063964844
2008-09-19,21.89578056335449
2008-09-22,20.65215492248535
2008-09-23,20.19355583190918
2008-09-24,19.8981990814209
2008-09-25,19.773826599121094
2008-09-26,20.108049392700195
2008-09-29,18.981006622314453
2008-09-30,20.279056549072266
2008-10-01,19.49400520324707
2008-10-02,18.45246315002441
2008-10-03,17.993871688842773
2008-10-06,16.820188522338867
2008-10-07,15.040236473083496
2008-10-08,14.706006050109863
2008-10-09,13.749961853027344
2008-10-10,14.581643104553224
2008-10-13,16.112878799438477
2008-10-14,14.698232650756836
2008-10-15,13.835461616516112
2008-10-16,14.154144287109377
2008-10-17,14.845914840698242
2008-10-20,14.95473575592041
2008-10-21,14.231868743896484
2008-10-22,13.990918159484863
2008-10-23,14.138599395751951
2008-10-24,14.317370414733888
2008-10-27,13.11259937286377
2008-10-28,14.224098205566406
2008-10-29,15.343371391296388
2008-10-30,15.770872116088867
2008-10-31,16.22169303894043
2008-11-03,15.794188499450684
2008-11-04,16.50150489807129
2008-11-05,15.374464988708496
2008-11-06,14.41064167022705
2008-11-07,14.659371376037598
2008-11-10,13.65668773651123
2008-11-11,13.897644996643066
2008-11-12,12.654004096984863
2008-11-13,13.5867338180542
2008-11-14,12.17209815979004
2008-11-17,11.954459190368652
2008-11-18,11.64355182647705
2008-11-19,10.205596923828123
2008-11-20,9.70814323425293
2008-11-21,10.04236888885498
2008-11-24,11.565823554992676
2008-11-25,11.573598861694336
2008-11-26,12.971625328063965
2008-11-28,13.128005027770996
2008-12-01,11.72840976715088
2008-12-02,12.502488136291504
2008-12-03,12.823065757751465
2008-12-04,12.533764839172363
2008-12-05,12.40084171295166
2008-12-08,13.589320182800291
2008-12-09,13.182735443115234
2008-12-10,13.753520011901855
2008-12-11,12.971625328063965
2008-12-12,12.987261772155762
2008-12-15,12.619770050048828
2008-12-16,14.465039253234863
2008-12-17,14.238295555114746
2008-12-18,13.870804786682127
2008-12-19,14.042816162109377
2008-12-22,13.8551664352417
2008-12-23,14.246109008789062
2008-12-24,14.316484451293944
2008-12-26,14.339941024780272
2008-12-29,14.17574405670166
2008-12-30,14.386853218078612
2008-12-31,15.207837104797363
2009-01-02,15.68479824066162
2009-01-05,16.271211624145508
2009-01-06,16.912370681762695
2009-01-07,15.58315372467041
2009-01-08,15.989731788635254
2009-01-09,15.34858512878418
2009-01-12,14.707427978515623
2009-01-13,14.339941024780272
2009-01-14,13.448578834533691
2009-01-15,13.5580472946167
2009-01-16,13.948997497558594
2009-01-20,13.104543685913086
2009-01-21,13.667512893676758
2009-01-22,13.440759658813477
2009-01-23,13.440759658813477
2009-01-26,13.48767375946045
2009-01-27,13.589320182800291
2009-01-28,14.214835166931152
2009-01-29,13.198373794555664
2009-01-30,12.752695083618164
2009-02-02,12.181910514831545
2009-02-03,12.690140724182127
2009-02-04,12.181910514831545
2009-02-05,12.455574035644531
2009-02-06,12.823065757751465
2009-02-09,12.674503326416016
2009-02-10,11.76750946044922
2009-02-11,11.845698356628418
2009-02-12,12.299192428588867
2009-02-13,11.681499481201172
2009-02-17,11.611125946044922
2009-02-18,11.423476219177246
2009-02-19,11.34528350830078
2009-02-20,11.196722030639648
2009-02-23,10.766683578491213
2009-02-24,11.400017738342283
2009-02-25,11.063803672790527
2009-02-26,10.969975471496582
2009-02-27,11.071622848510742
2009-03-02,10.367919921875
2009-03-03,10.610302925109863
2009-03-04,10.78232192993164
2009-03-05,10.18026065826416
2009-03-06,9.875320434570312
2009-03-09,10.13334846496582
2009-03-10,11.267098426818848
2009-03-11,11.48602294921875
2009-03-12,12.244465827941896
2009-03-13,12.103719711303713
2009-03-16,11.603306770324709
2009-03-17,11.876973152160645
2009-03-18,12.330472946166992
2009-03-19,12.424297332763672
2009-03-20,12.25228214263916
2009-03-23,13.37820816040039
2009-03-24,13.526773452758787
2009-03-25,13.284383773803713
2009-03-26,13.980271339416504
2009-03-27,13.331296920776367
2009-03-30,12.75597858428955
2009-03-31,12.858152389526367
2009-04-01,13.306145668029783
2009-04-02,14.485072135925291
2009-04-03,15.223867416381836
2009-04-06,15.003799438476562
2009-04-07,14.288583755493164
2009-04-08,14.485072135925291
2009-04-09,15.082395553588867
2009-04-13,15.216004371643066
2009-04-14,14.948779106140137
2009-04-15,14.70513916015625
2009-04-16,15.223867416381836
2009-04-17,15.48322296142578
2009-04-20,14.516511917114258
2009-04-21,14.838747024536133
2009-04-22,15.396770477294922
2009-04-23,17.290910720825195
2009-04-24,17.526695251464844
2009-04-27,16.638578414916992
2009-04-28,16.31633949279785
2009-04-29,17.951107025146484
2009-04-30,18.516998291015625
2009-05-01,17.793922424316406
2009-05-04,18.847097396850582
2009-05-05,19.1064567565918
2009-05-06,19.05144500732422
2009-05-07,18.02970314025879
2009-05-08,18.79994010925293
2009-05-11,18.375524520874023
2009-05-12,17.833221435546875
2009-05-13,16.717164993286133
2009-05-14,16.984394073486328
2009-05-15,16.95295524597168
2009-05-18,17.660314559936523
2009-05-19,17.668167114257812
2009-05-20,17.47953987121582
2009-05-21,17.243755340576172
2009-05-22,17.243755340576172
2009-05-26,18.35980796813965
2009-05-27,17.628873825073242
2009-05-28,18.013992309570312
2009-05-29,18.35980796813965
2009-06-01,19.39725875854492
2009-06-02,19.3108024597168
2009-06-03,18.964988708496094
2009-06-04,19.004291534423828
2009-06-05,19.27151298522949
2009-06-08,19.29509162902832
2009-06-09,19.554452896118164
2009-06-10,19.1064567565918
2009-06-11,18.941415786743164
2009-06-12,18.870668411254883
2009-06-15,18.05328941345215
2009-06-16,17.510982513427734
2009-06-17,17.573850631713867
2009-06-18,17.290910720825195
2009-06-19,17.4088134765625
2009-06-22,16.567840576171875
2009-06-23,16.452608108520508
2009-06-24,16.784048080444336
2009-06-25,17.36797332763672
2009-06-26,17.21013832092285
2009-06-29,17.494220733642578
2009-06-30,17.41530990600586
2009-07-01,16.713022232055664
2009-07-02,16.089637756347656
2009-07-06,15.679302215576172
2009-07-07,15.505709648132324
2009-07-08,15.221632957458496
2009-07-09,15.56093692779541
2009-07-10,15.442578315734863
2009-07-13,16.286907196044922
2009-07-14,16.634103775024414
2009-07-15,17.20225715637207
2009-07-16,16.12908935546875
2009-07-17,15.766108512878418
2009-07-20,16.136987686157227
2009-07-21,15.70297908782959
2009-07-22,15.868685722351074
2009-07-23,16.807706832885742
2009-07-24,16.76036834716797
2009-07-27,16.67356300354004
2009-07-28,16.618335723876953
2009-07-29,16.14487075805664
2009-07-30,16.918188095092773
2009-07-31,16.997093200683594
2009-08-03,17.40742301940918
2009-08-04,18.30699157714844
2009-08-05,18.188627243041992
2009-08-06,17.723064422607422
2009-08-07,19.948314666748047
2009-08-10,18.638412475585938
2009-08-11,18.946157455444336
2009-08-12,19.21445274353028
2009-08-13,19.301244735717773
2009-08-14,18.84357643127441
2009-08-17,18.235979080200195
2009-08-18,18.6733512878418
2009-08-19,18.776350021362305
2009-08-20,19.354692459106445
2009-08-21,19.56067657470703
2009-08-24,19.354692459106445
2009-08-25,19.81419944763184
2009-08-26,19.45768165588379
2009-08-27,19.315074920654297
2009-08-28,19.42599296569824
2009-08-31,18.934797286987305
2009-09-01,17.920705795288086
2009-09-02,17.706804275512695
2009-09-03,17.8810977935791
2009-09-04,18.26138687133789
2009-09-08,18.348529815673828
2009-09-09,18.68128204345703
2009-09-10,19.4101505279541
2009-09-11,19.48937225341797
2009-09-14,19.592361450195312
2009-09-15,20.2816104888916
2009-09-16,21.002561569213867
2009-09-17,21.390764236450195
2009-09-18,21.51753807067871
2009-09-21,21.2481632232666
2009-09-22,21.580921173095703
2009-09-23,21.081787109375
2009-09-24,20.95503044128418
2009-09-25,20.677749633789062
2009-09-28,21.1689395904541
2009-09-29,21.60468292236328
2009-09-30,21.858200073242188
2009-10-01,20.88372230529785
2009-10-02,20.28954696655273
2009-10-05,21.002561569213867
2009-10-06,21.390764236450195
2009-10-07,21.351163864135746
2009-10-08,21.232324600219727
2009-10-09,21.232324600219727
2009-10-12,21.60468292236328
2009-10-13,21.549222946166992
2009-10-14,22.135486602783203
2009-10-15,22.15133285522461
2009-10-16,22.135486602783203
2009-10-19,22.214712142944336
2009-10-20,22.000808715820312
2009-10-21,21.422462463378903
2009-10-22,21.76313591003418
2009-10-23,21.549222946166992
2009-10-26,21.53337860107422
2009-10-27,20.519290924072266
2009-10-28,19.63197135925293
2009-10-29,20.60644721984864
2009-10-30,19.85380172729492
2009-11-02,19.822120666503903
2009-11-03,20.09148025512696
2009-11-04,20.07563591003418
2009-11-05,20.669824600219727
2009-11-06,20.70151329040528
2009-11-09,21.29570579528809
2009-11-10,21.31154441833496
2009-11-11,21.541303634643555
2009-11-12,21.18478012084961
2009-11-13,21.35908889770508
2009-11-16,21.96119880676269
2009-11-17,21.74896049499512
2009-11-18,21.44700050354004
2009-11-19,20.97816276550293
2009-11-20,20.76362037658692
2009-11-23,20.85897445678711
2009-11-24,20.30273628234864
2009-11-25,20.60469055175781
2009-11-27,20.07229423522949
2009-11-30,20.437820434570312
2009-12-01,20.469606399536133
2009-12-02,20.39013862609864
2009-12-03,20.51728630065918
2009-12-04,21.59003448486328
2009-12-07,21.280128479003903
2009-12-08,21.367542266845703
2009-12-09,21.27218246459961
2009-12-10,21.47083282470703
2009-12-11,21.51851463317871
2009-12-14,22.027076721191406
2009-12-15,22.098594665527344
2009-12-16,22.170106887817383
2009-12-17,22.10654258728028
2009-12-18,22.24957275390625
2009-12-21,22.297252655029297
2009-12-22,22.20984649658203
2009-12-23,22.22572898864746
2009-12-24,22.193952560424805
2009-12-28,22.1303768157959
2009-12-29,22.25752067565918
2009-12-30,21.963512420654297
2009-12-31,21.65360450744629
2010-01-04,21.9555606842041
2010-01-05,22.08269691467285
2010-01-06,22.146276473999023
2010-01-07,22.233678817749023
2010-01-08,22.28135681152344
2010-01-11,22.233678817749023
2010-01-12,22.04297065734864
2010-01-13,22.352872848510746
2010-01-14,23.59249496459961
2010-01-15,23.282590866088867
2010-01-19,23.44151496887207
2010-01-20,22.87732696533203
2010-01-21,22.352872848510746
2010-01-22,21.812524795532227
2010-01-25,21.86020469665528
2010-01-26,21.56619453430176
2010-01-27,21.359596252441406
2010-01-28,21.19272994995117
2010-01-29,20.843074798583984
2010-02-01,21.10531616210937
2010-02-02,21.296016693115234
2010-02-03,21.06557846069336
2010-02-04,20.45371627807617
2010-02-05,20.81924629211425
2010-02-08,20.62058448791504
2010-02-09,20.755674362182617
2010-02-10,20.97816276550293
2010-02-11,21.184764862060547
2010-02-12,21.32780647277832
2010-02-16,21.550308227539062
2010-02-17,21.55826187133789
2010-02-18,21.52642822265625
2010-02-19,21.69354820251465
2010-02-22,21.77311897277832
2010-02-23,21.54233932495117
2010-02-24,21.69354820251465
2010-02-25,21.486635208129883
2010-02-26,21.57417678833008
2010-03-01,21.66170692443848
2010-03-02,21.38318252563477
2010-03-03,21.26380729675293
2010-03-04,21.47867774963379
2010-03-05,22.17898941040039
2010-03-08,22.202857971191406
2010-03-09,22.36201477050781
2010-03-10,22.36201477050781
2010-03-11,22.54505729675293
2010-03-12,22.839502334594727
2010-03-15,22.77583312988281
2010-03-16,22.919078826904297
2010-03-17,22.855419158935547
2010-03-18,22.87133407592773
2010-03-19,23.12598419189453
2010-03-22,23.51593017578125
2010-03-23,23.67509078979492
2010-03-24,23.611421585083008
2010-03-25,23.99341583251953
2010-03-26,24.7414665222168
2010-03-29,24.892667770385746
2010-03-30,25.290571212768555
2010-03-31,25.08365058898925
2010-04-01,25.40993309020996
2010-04-05,25.8157958984375
2010-04-06,26.022703170776367
2010-04-07,25.744176864624023
2010-04-08,26.15002822875977
2010-04-09,26.341026306152344
2010-04-12,26.24552345275879
2010-04-13,26.54793167114257
2010-04-14,26.98562240600586
2010-04-15,27.081127166748047
2010-04-16,26.961753845214844
2010-04-19,26.961753845214844
2010-04-20,27.20049476623535
2010-04-21,27.59043502807617
2010-04-22,29.301414489746094
2010-04-23,29.89825439453125
2010-04-26,29.74706649780273
2010-04-27,28.68864631652832
2010-04-28,28.56131172180176
2010-04-29,29.97784805297852
2010-04-30,29.25365829467773
2010-05-03,29.98577308654785
2010-05-04,28.77617835998535
2010-05-05,28.059959411621094
2010-05-06,27.29598999023437
2010-05-07,26.53201484680176
2010-05-10,28.489675521850582
2010-05-11,28.330528259277344
2010-05-12,29.213871002197266
2010-05-13,28.672727584838867
2010-05-14,27.54267692565918
2010-05-17,27.79734230041504
2010-05-18,27.29598999023437
2010-05-19,26.841846466064453
2010-05-20,25.68659019470215
2010-05-21,26.24430084228516
2010-05-24,25.710493087768555
2010-05-25,25.694561004638672
2010-05-26,25.71846008300781
2010-05-27,27.10477066040039
2010-05-28,26.65063667297364
2010-06-01,26.19649124145508
2010-06-02,26.69046974182129
2010-06-03,27.38361930847168
2010-06-04,25.6387882232666
2010-06-07,24.77035140991211
2010-06-08,25.606918334960938
2010-06-09,25.901716232299805
2010-06-10,26.61876678466797
2010-06-11,26.54706382751465
2010-06-14,27.064939498901367
2010-06-15,28.00507926940918
2010-06-16,28.14050674438477
2010-06-17,28.0767822265625
2010-06-18,28.124589920043945
2010-06-21,28.08474349975586
2010-06-22,27.144615173339844
2010-06-23,26.865758895874023
2010-06-24,26.02121925354004
2010-06-25,26.0610580444336
2010-06-28,25.670652389526367
2010-06-29,24.411821365356445
2010-06-30,23.85411071777344
2010-07-01,23.99751853942871
2010-07-02,23.54338455200196
2010-07-06,23.30436897277832
2010-07-07,24.499454498291016
2010-07-08,24.443696975708008
2010-07-09,24.81019401550293
2010-07-12,24.67474174499512
2010-07-13,25.39179420471192
2010-07-14,25.62285423278809
2010-07-15,25.224483489990234
2010-07-16,24.148895263671875
2010-07-19,24.650842666625977
2010-07-20,25.13684463500977
2010-07-21,24.50742530822754
2010-07-22,25.527244567871094
2010-07-23,26.40365028381348
2010-07-26,26.985258102416992
2010-07-27,26.754213333129883
2010-07-28,26.82591438293457
2010-07-29,26.89761734008789
2010-07-30,27.01712417602539
2010-08-02,28.14050674438477
2010-08-03,27.8457260131836
2010-08-04,28.39547538757324
2010-08-05,28.16442108154297
2010-08-06,28.028972625732425
2010-08-09,28.39547538757324
2010-08-10,27.7501220703125
2010-08-11,26.73827362060547
2010-08-12,26.77811050415039
2010-08-13,26.67453384399414
2010-08-16,26.92152214050293
2010-08-17,27.66336250305176
2010-08-18,27.67931365966797
2010-08-19,26.77794075012207
2010-08-20,26.77794075012207
2010-08-23,26.43494033813477
2010-08-24,25.533567428588867
2010-08-25,25.65321922302246
2010-08-26,25.46177101135254
2010-08-27,26.08396339416504
2010-08-30,25.254383087158203
2010-08-31,25.509639739990234
2010-09-01,26.801862716674805
2010-09-02,27.687294006347656
2010-09-03,28.19780158996582
2010-09-07,27.74312973022461
2010-09-08,28.13399314880371
2010-09-09,28.32542610168457
2010-09-10,28.32542610168457
2010-09-13,28.859867095947266
2010-09-14,28.87582397460937
2010-09-15,28.668439865112305
2010-09-16,28.157915115356445
2010-09-17,28.413175582885746
2010-09-20,29.03534889221192
2010-09-21,28.7641544342041
2010-09-22,28.118030548095703
2010-09-23,27.583589553833008
2010-09-24,28.89178276062012
2010-09-27,28.6524715423584
2010-09-28,28.96356010437012
2010-09-29,28.612579345703125
2010-09-30,28.58068084716797
2010-10-01,28.939632415771484
2010-10-04,29.27466583251953
2010-10-05,30.16008758544922
2010-10-06,30.199960708618164
2010-10-07,28.45305252075196
2010-10-08,28.851900100708008
2010-10-11,28.45305252075196
2010-10-12,28.524837493896484
2010-10-13,28.716291427612305
2010-10-14,28.660457611083984
2010-10-15,28.3972225189209
2010-10-18,28.30948066711425
2010-10-19,27.94254302978516
2010-10-20,28.740219116210938
2010-10-21,28.899747848510746
2010-10-22,29.74528884887696
2010-10-25,29.96864318847656
2010-10-26,30.128171920776367
2010-10-27,30.08031463623047
2010-10-28,29.92875099182129
2010-10-29,29.553852081298828
2010-11-01,29.85696220397949
2010-11-02,30.26378059387207
2010-11-03,30.32759475708008
2010-11-04,31.228946685791016
2010-11-05,31.548030853271484
2010-11-08,31.484220504760746
2010-11-09,30.75035858154297
2010-11-10,31.260866165161133
2010-11-11,31.2130184173584
2010-11-12,30.74239158630371
2010-11-15,30.55093765258789
2010-11-16,30.053646087646484
2010-11-17,30.21354103088379
2010-11-18,30.957080841064453
2010-11-19,31.188947677612305
2010-11-22,31.30088233947754
2010-11-23,30.86115264892578
2010-11-24,31.73262405395508
2010-11-26,31.49277114868164
2010-11-29,31.292888641357425
2010-11-30,31.34885597229004
2010-12-01,32.1563720703125
2010-12-02,32.39620590209961
2010-12-03,32.77198791503906
2010-12-06,32.77998352050781
2010-12-07,32.69203567504883
2010-12-08,33.03581619262695
2010-12-09,33.34763717651367
2010-12-10,33.547515869140625
2010-12-13,33.39559555053711
2010-12-14,33.24370574951172
2010-12-15,32.70803451538086
2010-12-16,32.98786163330078
2010-12-17,33.29966354370117
2010-12-20,34.011234283447266
2010-12-21,33.883304595947266
2010-12-22,33.73938751220703
2010-12-23,33.65142822265625
2010-12-27,33.40359878540039
2010-12-28,33.44357681274414
2010-12-29,33.37961196899414
2010-12-30,33.14774703979492
2010-12-31,33.21172332763672
2011-01-03,33.57149124145508
2011-01-04,32.90790557861328
2011-01-05,33.23570251464844
2011-01-06,32.6760368347168
2011-01-07,32.628074645996094
2011-01-10,32.40420913696289
2011-01-11,32.572105407714844
2011-01-12,32.636077880859375
2011-01-13,32.88391876220703
2011-01-14,33.49154281616211
2011-01-18,33.10776901245117
2011-01-19,32.66005325317383
2011-01-20,32.0924072265625
2011-01-21,31.828556060791016
2011-01-24,32.188350677490234
2011-01-25,31.87653160095215
2011-01-26,31.700645446777344
2011-01-27,32.14037322998047
2011-01-28,30.86115264892578
2011-01-31,31.57271194458008
2011-02-01,32.27627944946289
2011-02-02,32.132381439208984
2011-02-03,32.00445556640625
2011-02-04,31.9804630279541
2011-02-07,31.9484920501709
2011-02-08,31.780595779418945
2011-02-09,31.74061584472656
2011-02-10,31.9804630279541
2011-02-11,32.955867767333984
2011-02-14,32.77998352050781
2011-02-15,33.14774703979492
2011-02-16,33.09979248046875
2011-02-17,32.748008728027344
2011-02-18,32.71604537963867
2011-02-22,31.204946517944336
2011-02-23,30.69049453735352
2011-02-24,30.826732635498047
2011-02-25,31.49982452392578
2011-02-28,31.41969490051269
2011-03-01,30.402023315429688
2011-03-02,30.474136352539062
2011-03-03,31.035051345825195
2011-03-04,30.450103759765625
2011-03-07,30.410036087036133
2011-03-08,31.219371795654297
2011-03-09,31.41969490051269
2011-03-10,30.842744827270508
2011-03-11,30.570293426513672
2011-03-14,30.39400291442871
2011-03-15,30.00135612487793
2011-03-16,29.632747650146484
2011-03-17,29.7529525756836
2011-03-18,30.426050186157227
2011-03-21,30.94692611694336
2011-03-22,29.632747650146484
2011-03-23,29.78500747680664
2011-03-24,29.809053421020508
2011-03-25,30.177663803100582
2011-03-28,28.286544799804688
2011-03-29,28.647140502929688
2011-03-30,28.71123313903809
2011-03-31,28.51091194152832
2011-04-01,28.37468338012696
2011-04-04,28.238460540771484
2011-04-05,28.150314331054688
2011-04-06,28.454814910888672
2011-04-07,28.07819175720215
2011-04-08,27.70157623291016
2011-04-11,27.389068603515625
2011-04-12,27.50926399230957
2011-04-13,27.39707565307617
2011-04-14,27.29290199279785
2011-04-15,27.324960708618164
2011-04-18,27.94998550415039
2011-04-19,27.98204231262207
2011-04-20,28.2705078125
2011-04-21,28.743282318115234
2011-04-25,28.414756774902344
2011-04-26,28.2705078125
2011-04-27,28.19839859008789
2011-04-28,28.42276954650879
2011-04-29,28.286544799804688
2011-05-02,28.446792602539062
2011-05-03,28.30256462097168
2011-05-04,28.102237701416016
2011-05-05,28.454814910888672
2011-05-06,29.07984733581543
2011-05-09,29.12792205810547
2011-05-10,29.776987075805664
2011-05-11,29.11188697814941
2011-05-12,29.3042221069336
2011-05-13,29.24811744689941
2011-05-16,28.70321655273437
2011-05-17,28.743282318115234
2011-05-18,29.386138916015625
2011-05-19,29.85219955444336
2011-05-20,29.86023712158203
2011-05-23,29.1691837310791
2011-05-24,29.34596061706543
2011-05-25,29.498624801635746
2011-05-26,30.382539749145508
2011-05-27,30.42272186279297
2011-05-31,30.382539749145508
2011-06-01,29.61112594604492
2011-06-02,29.77988624572754
2011-06-03,29.12899780273437
2011-06-06,29.07275009155273
2011-06-07,28.558473587036133
2011-06-08,27.9477596282959
2011-06-09,27.80312156677246
2011-06-10,27.192419052124023
2011-06-13,27.136173248291016
2011-06-14,27.81920623779297
2011-06-15,26.903139114379883
2011-06-16,26.79867935180664
2011-06-17,26.6379623413086
2011-06-20,26.61386108398437
2011-06-21,27.570093154907227
2011-06-22,27.618322372436523
2011-06-23,27.51384353637696
2011-06-24,27.28884506225586
2011-06-27,27.385278701782227
2011-06-28,28.58258628845215
2011-06-29,28.29329872131348
2011-06-30,28.518295288085938
2011-07-01,29.587032318115234
2011-07-05,29.44237518310547
2011-07-06,29.42632293701172
2011-07-07,30.17361640930176
2011-07-08,29.86827278137207
2011-07-11,29.305782318115234
2011-07-12,29.587032318115234
2011-07-13,29.84416961669922
2011-07-14,27.87544822692871
2011-07-15,28.07633781433105
2011-07-18,27.51384353637696
2011-07-19,27.60223388671875
2011-07-20,27.52188301086425
2011-07-21,28.00402069091797
2011-07-22,28.212936401367188
2011-07-25,27.9477596282959
2011-07-26,27.52991485595703
2011-07-27,26.822784423828125
2011-07-28,26.29243278503418
2011-07-29,26.11565589904785
2011-08-01,25.729951858520508
2011-08-02,24.476390838623047
2011-08-03,25.0147762298584
2011-08-04,23.5683708190918
2011-08-05,23.70498275756836
2011-08-08,22.10590171813965
2011-08-09,22.732669830322266
2011-08-10,21.55144691467285
2011-08-11,22.60410118103028
2011-08-12,22.676420211791992
2011-08-15,23.158559799194336
2011-08-16,23.029541015625
2011-08-17,23.3359603881836
2011-08-18,21.60228538513184
2011-08-19,21.15879821777344
2011-08-22,21.05396842956543
2011-08-23,21.94902992248535
2011-08-24,22.93277740478516
2011-08-25,21.99740982055664
2011-08-26,22.1909294128418
2011-08-29,23.448848724365234
2011-08-30,23.440784454345703
2011-08-31,23.6101131439209
2011-09-01,23.182750701904297
2011-09-02,21.99740982055664
2011-09-06,21.41682815551757
2011-09-07,22.29576110839844
2011-09-08,21.618417739868164
2011-09-09,21.0297794342041
2011-09-12,20.99751663208008
2011-09-13,21.97321319580078
2011-09-14,22.81182289123535
2011-09-15,23.23919486999512
2011-09-16,23.545610427856445
2011-09-19,23.1746883392334
2011-09-20,23.069860458374023
2011-09-21,22.392518997192383
2011-09-22,21.6103458404541
2011-09-23,21.908706665039062
2011-09-26,22.32801628112793
2011-09-27,22.93277740478516
2011-09-28,22.41670799255371
2011-09-29,23.14243698120117
2011-09-30,21.965150833129883
2011-10-03,21.11041641235352
2011-10-04,21.85226058959961
2011-10-05,22.72312355041504
2011-10-06,23.206937789916992
2011-10-07,22.715059280395508
2011-10-10,23.88427925109864
2011-10-11,23.602060317993164
2011-10-12,24.37615203857422
2011-10-13,24.3116512298584
2011-10-14,24.71482276916504
2011-10-17,23.666563034057617
2011-10-18,24.593868255615234
2011-10-19,24.03749084472656
2011-10-20,24.303586959838867
2011-10-21,24.96479606628418
2011-10-24,25.68245887756348
2011-10-25,25.08574485778809
2011-10-26,25.58568382263184
2011-10-27,26.85166931152344
2011-10-28,26.4323673248291
2011-10-31,25.400230407714844
2011-11-01,24.698701858520508
2011-11-02,25.38409996032715
2011-11-03,25.964675903320312
2011-11-04,25.48892593383789
2011-11-07,25.666332244873047
2011-11-08,25.52924346923828
2011-11-09,24.37615203857422
2011-11-10,24.40841293334961
2011-11-11,25.49699211120605
2011-11-14,25.13413429260254
2011-11-15,25.17445182800293
2011-11-16,24.67450714111328
2011-11-17,24.593868255615234
2011-11-18,24.932540893554688
2011-11-21,24.368093490600582
2011-11-22,24.699562072753903
2011-11-23,23.938127517700195
2011-11-25,23.972475051879883
2011-11-28,25.140186309814453
2011-11-29,25.14876937866211
2011-11-30,26.290727615356445
2011-12-01,26.256378173828125
2011-12-02,26.54831314086914
2011-12-05,26.891752243041992
2011-12-06,26.599824905395508
2011-12-07,26.18769836425781
2011-12-08,25.268978118896484
2011-12-09,25.68969917297364
2011-12-12,25.466461181640625
2011-12-13,24.76239585876465
2011-12-14,24.290157318115234
2011-12-15,24.29874610900879
2011-12-16,24.52198600769043
2011-12-19,24.03257751464844
2011-12-20,24.582088470458984
2011-12-21,24.89118003845215
2011-12-22,25.277565002441406
2011-12-23,25.509389877319336
2011-12-27,25.766977310180664
2011-12-28,25.02856636047364
2011-12-29,25.131601333618164
2011-12-30,25.04574012756348
2012-01-03,25.75839233398437
2012-01-04,26.16193199157715
2012-01-05,27.020545959472656
2012-01-06,27.252376556396484
2012-01-09,27.62157249450684
2012-01-10,28.076637268066406
2012-01-11,28.351396560668945
2012-01-12,29.06405067443848
2012-01-13,28.78927993774414
2012-01-17,28.875152587890625
2012-01-18,29.141307830810547
2012-01-19,29.75953483581543
2012-01-20,29.914072036743164
2012-01-23,29.914072036743164
2012-01-24,29.99993705749512
2012-01-25,30.188833236694336
2012-01-26,29.733776092529297
2012-01-27,29.682247161865234
2012-01-30,29.750938415527344
2012-01-31,29.5792179107666
2012-02-01,30.16307640075684
2012-02-02,30.197412490844727
2012-02-03,31.02169418334961
2012-02-06,31.03885841369629
2012-02-07,31.056018829345703
2012-02-08,31.098955154418945
2012-02-09,30.952985763549805
2012-02-10,30.66964340209961
2012-02-13,30.858543395996094
2012-02-14,30.16307640075684
2012-02-15,29.81962203979492
2012-02-16,29.89689445495605
2012-02-17,29.99134826660156
2012-02-21,29.467592239379883
2012-02-22,29.657039642333984
2012-02-23,29.536487579345703
2012-02-24,29.90675926208496
2012-02-27,30.05315399169922
2012-02-28,30.492334365844727
2012-02-29,30.3803939819336
2012-03-01,30.78510475158692
2012-03-02,30.78510475158692
2012-03-05,31.06067657470703
2012-03-06,30.81094741821289
2012-03-07,30.914276123046875
2012-03-08,31.63762283325196
2012-03-09,32.32653045654297
2012-03-12,32.27485656738281
2012-03-13,33.03264236450195
2012-03-14,33.058475494384766
2012-03-15,33.04987335205078
2012-03-16,32.84319305419922
2012-03-19,32.79153060913086
2012-03-20,32.412628173828125
2012-03-21,32.61930465698242
2012-03-22,32.47291564941406
2012-03-23,32.481529235839844
2012-03-26,33.25651931762695
2012-03-27,33.196258544921875
2012-03-28,32.76568603515625
2012-03-29,32.412628173828125
2012-03-30,32.59346008300781
2012-04-02,32.757076263427734
2012-04-03,32.99820327758789
2012-04-04,32.429866790771484
2012-04-05,32.533180236816406
2012-04-09,32.28346633911133
2012-04-10,31.405122756958008
2012-04-11,32.154296875
2012-04-12,32.35235977172852
2012-04-13,32.12847137451172
2012-04-16,32.12847137451172
2012-04-17,32.645137786865234
2012-04-18,32.57624816894531
2012-04-19,33.97126388549805
2012-04-20,33.49763870239258
2012-04-23,33.16180419921875
2012-04-24,33.06708526611328
2012-04-25,33.60097885131836
2012-04-26,34.246829986572266
2012-04-27,34.0401496887207
2012-04-30,33.6612434387207
2012-05-01,34.143497467041016
2012-05-02,34.43626403808594
2012-05-03,34.52238464355469
2012-05-04,33.82487106323242
2012-05-07,33.833473205566406
2012-05-08,33.42876052856445
2012-05-09,33.738765716552734
2012-05-10,33.79043197631836
2012-05-11,33.87652969360352
2012-05-14,33.31680679321289
2012-05-15,33.61820602416992
2012-05-16,33.32444381713867
2012-05-17,31.985260009765625
2012-05-18,31.82108497619629
2012-05-21,32.84060287475586
2012-05-22,32.72829055786133
2012-05-23,32.927005767822266
2012-05-24,33.168922424316406
2012-05-25,33.38493728637695
2012-05-29,33.81692886352539
2012-05-30,33.08251190185547
2012-05-31,33.445404052734375
2012-06-01,31.527332305908203
2012-06-04,31.38908767700196
2012-06-05,31.717405319213867
2012-06-06,32.44316101074219
2012-06-07,32.43453598022461
2012-06-08,32.65916061401367
2012-06-11,31.84700965881348
2012-06-12,32.399959564208984
2012-06-13,31.94202995300293
2012-06-14,32.529563903808594
2012-06-15,32.81467819213867
2012-06-18,33.160282135009766
2012-06-19,34.23164367675781
2012-06-20,34.39580154418945
2012-06-21,33.38493728637695
2012-06-22,33.523170471191406
2012-06-25,32.64188003540039
2012-06-26,32.71965026855469
2012-06-27,32.970211029052734
2012-06-28,32.43453598022461
2012-06-29,33.868751525878906
2012-07-02,33.91196823120117
2012-07-03,33.91196823120117
2012-07-05,34.19709014892578
2012-07-06,34.04157257080078
2012-07-09,33.661399841308594
2012-07-10,32.97883987426758
2012-07-11,32.857872009277344
2012-07-12,30.74109268188477
2012-07-13,31.34589195251465
2012-07-16,31.2076358795166
2012-07-17,31.70877456665039
2012-07-18,31.70877456665039
2012-07-19,32.21853256225586
2012-07-20,31.838363647460938
2012-07-23,30.93116569519043
2012-07-24,30.265878677368164
2012-07-25,30.53372573852539
2012-07-26,31.15580368041992
2012-07-27,31.872926712036133
2012-07-30,31.535966873168945
2012-07-31,31.46683883666992
2012-08-01,31.406360626220703
2012-08-02,31.38043975830078
2012-08-03,32.44316101074219
2012-08-06,32.27036666870117
2012-08-07,32.93564224243164
2012-08-08,32.175323486328125
2012-08-09,32.21853256225586
2012-08-10,31.916128158569336
2012-08-13,31.907485961914062
2012-08-14,31.67420959472656
2012-08-15,31.78652572631836
2012-08-16,32.66780090332031
2012-08-17,32.87517166137695
2012-08-20,32.44316101074219
2012-08-21,32.25243377685547
2012-08-22,32.287105560302734
2012-08-23,32.18305969238281
2012-08-24,32.053009033203125
2012-08-27,32.39115524291992
2012-08-28,32.30443572998047
2012-08-29,32.599220275878906
2012-08-30,32.547218322753906
2012-08-31,32.66858673095703
2012-09-04,32.6252326965332
2012-09-05,32.42583084106445
2012-09-06,33.59627914428711
2012-09-07,34.12514877319336
2012-09-10,33.78702545166016
2012-09-11,34.10780715942383
2012-09-12,34.26387023925781
2012-09-13,35.529685974121094
2012-09-14,36.06723785400391
2012-09-17,35.68574142456055
2012-09-18,35.607723236083984
2012-09-19,35.4603271484375
2012-09-20,35.33028030395508
2012-09-21,35.05282974243164
2012-09-24,34.87077331542969
2012-09-25,33.934410095214844
2012-09-26,33.82170486450195
2012-09-27,34.31589126586914
2012-09-28,33.899742126464844
2012-10-01,33.78702545166016
2012-10-02,33.49223709106445
2012-10-03,33.813026428222656
2012-10-04,33.76100158691406
2012-10-05,33.19744873046875
2012-10-08,33.57892990112305
2012-10-09,33.336181640625
2012-10-10,33.27548599243164
2012-10-11,33.09341812133789
2012-10-12,33.084747314453125
2012-10-15,33.405540466308594
2012-10-16,33.717655181884766
2012-10-17,33.630950927734375
2012-10-18,33.717655181884766
2012-10-19,32.53853225708008
2012-10-22,32.89400100708008
2012-10-23,31.9836483001709
2012-10-24,31.5935001373291
2012-10-25,31.61951065063477
2012-10-26,31.92295837402344
2012-10-31,31.6281967163086
2012-11-01,32.04434585571289
2012-11-02,31.810258865356445
2012-11-05,31.76691055297852
2012-11-06,31.879613876342773
2012-11-07,31.22069931030273
2012-11-08,30.587787628173828
2012-11-09,30.813203811645508
2012-11-12,30.61380386352539
2012-11-13,30.45774269104004
2012-11-14,29.8074893951416
2012-11-15,29.57339859008789
2012-11-16,29.85084342956543
2012-11-19,30.73517417907715
2012-11-20,30.352279663085938
2012-11-21,30.30007743835449
2012-11-23,30.66556167602539
2012-11-26,30.204349517822266
2012-11-27,30.143444061279297
2012-11-28,30.639450073242188
2012-11-29,31.87512588500977
2012-11-30,31.579248428344727
2012-12-03,31.231185913085938
2012-12-04,30.917932510375977
2012-12-05,30.69166374206543
2012-12-06,30.85700035095215
2012-12-07,30.83089065551757
2012-12-10,30.97012519836425
2012-12-11,31.144161224365234
2012-12-12,31.257286071777344
2012-12-13,30.996227264404297
2012-12-14,31.422622680664062
2012-12-17,32.0578727722168
2012-12-18,32.562583923339844
2012-12-19,32.3885383605957
2012-12-20,32.78882598876953
2012-12-21,32.5451774597168
2012-12-24,32.301513671875
2012-12-26,31.94473648071289
2012-12-27,32.092674255371094
2012-12-28,31.74460792541504
2012-12-31,32.43205642700195
2013-01-02,33.75473403930664
2013-01-03,34.024513244628906
2013-01-04,34.13761901855469
2013-01-07,33.946189880371094
2013-01-08,33.85045623779297
2013-01-09,33.85045623779297
2013-01-10,33.95487976074219
2013-01-11,33.83305740356445
2013-01-14,33.70252227783203
2013-01-15,34.07670593261719
2013-01-16,33.78954315185547
2013-01-17,34.1811408996582
2013-01-18,34.17242813110352
2013-01-22,34.14632797241211
2013-01-23,34.06801986694336
2013-01-24,33.911380767822266
2013-01-25,34.424781799316406
2013-01-28,34.89469528198242
2013-01-29,34.99041748046875
2013-01-30,34.92950439453125
2013-01-31,34.79027557373047
2013-02-01,35.06003189086914
2013-02-04,34.60753631591797
2013-02-05,34.7641716003418
2013-02-06,35.38200759887695
2013-02-07,35.21665954589844
2013-02-08,35.651756286621094
2013-02-11,35.86930847167969
2013-02-12,36.01722717285156
2013-02-13,35.83449935913086
2013-02-14,35.81708526611328
2013-02-15,35.87800598144531
2013-02-19,35.52992248535156
2013-02-20,34.564002990722656
2013-02-21,34.07670593261719
2013-02-22,34.36387634277344
2013-02-25,33.58939743041992
2013-02-26,33.52849197387695
2013-02-27,34.31431579589844
2013-02-28,34.445281982421875
2013-03-01,34.5500602722168
2013-03-04,34.22700119018555
2013-03-05,34.45402145385742
2013-03-06,34.3841552734375
2013-03-07,34.36669921875
2013-03-08,35.1787109375
2013-03-11,35.13506317138672
2013-03-12,34.90803909301758
2013-03-13,35.082672119140625
2013-03-14,35.292232513427734
2013-03-15,35.231109619140625
2013-03-18,34.83819961547852
2013-03-19,34.53260040283203
2013-03-20,34.942970275878906
2013-03-21,34.59372329711914
2013-03-22,34.79453659057617
2013-03-25,34.715965270996094
2013-03-26,36.05185317993164
2013-03-27,36.33998489379883
2013-03-28,36.87260437011719
2013-04-01,36.34873962402344
2013-04-02,36.200286865234375
2013-04-03,35.798641204833984
2013-04-04,36.06059265136719
2013-04-05,35.50178909301758
2013-04-08,36.06059265136719
2013-04-09,36.322540283203125
2013-04-10,36.663047790527344
2013-04-11,36.85514450073242
2013-04-12,37.18694305419922
2013-04-15,35.54542541503906
2013-04-16,36.45351409912109
2013-04-17,35.91217803955078
2013-04-18,35.63274383544922
2013-04-19,36.09552001953125
2013-04-22,36.08678436279297
2013-04-23,36.55828094482422
2013-04-24,36.174095153808594
2013-04-25,36.35744857788086
2013-04-26,36.29634094238281
2013-04-29,36.33998489379883
2013-04-30,37.59732055664063
2013-05-01,37.09088516235352
2013-05-02,37.40522766113281
2013-05-03,37.553653717041016
2013-05-06,37.64097213745117
2013-05-07,38.01642608642578
2013-05-08,37.97275924682617
2013-05-09,37.74574661254883
2013-05-10,38.39185333251953
2013-05-13,38.09500503540039
2013-05-14,38.38313674926758
2013-05-15,38.39185333251953
2013-05-16,37.710819244384766
2013-05-17,38.18231964111328
2013-05-20,37.8592643737793
2013-05-21,37.96404266357422
2013-05-22,37.49067687988281
2013-05-23,37.32413101196289
2013-05-24,37.49067687988281
2013-05-28,37.89390182495117
2013-05-29,37.10499572753906
2013-05-30,37.27153396606445
2013-05-31,36.82450485229492
2013-06-03,36.99105072021485
2013-06-04,35.421993255615234
2013-06-05,35.40445327758789
2013-06-06,35.94792556762695
2013-06-07,36.5176887512207
2013-06-10,36.35992813110352
2013-06-11,35.79890823364258
2013-06-12,35.579776763916016
2013-06-13,36.01804733276367
2013-06-14,35.737552642822266
2013-06-17,35.64113235473633
2013-06-18,35.78137969970703
2013-06-19,35.430763244628906
2013-06-20,34.2298469543457
2013-06-21,34.12467956542969
2013-06-24,33.931827545166016
2013-06-25,34.492828369140625
2013-06-26,34.58049011230469
2013-06-27,35.281734466552734
2013-06-28,35.386932373046875
2013-07-01,35.34310531616211
2013-07-02,35.26421356201172
2013-07-03,35.325565338134766
2013-07-05,36.28980255126953
2013-07-08,36.57029342651367
2013-07-09,36.58782196044922
2013-07-10,36.75437545776367
2013-07-11,36.97350311279297
2013-07-12,36.57905197143555
2013-07-15,36.447566986083984
2013-07-16,36.36867904663086
2013-07-17,36.23719787597656
2013-07-18,36.82450485229492
2013-07-19,36.48263549804688
2013-07-22,36.35115814208984
2013-07-23,35.89533996582031
2013-07-24,35.386932373046875
2013-07-25,35.816463470458984
2013-07-26,36.16706848144531
2013-07-29,35.90410232543945
2013-07-30,36.28102493286133
2013-07-31,36.43880844116211
2013-08-01,36.447566986083984
2013-08-02,37.18388748168945
2013-08-05,36.96472930908203
2013-08-06,36.53522109985352
2013-08-07,35.912864685058594
2013-08-08,36.36867904663086
2013-08-09,35.886566162109375
2013-08-12,35.7025032043457
2013-08-13,35.562232971191406
2013-08-14,36.00929641723633
2013-08-15,35.84273147583008
2013-08-16,35.41322326660156
2013-08-19,35.281734466552734
2013-08-20,35.25532150268555
2013-08-21,35.1144905090332
2013-08-22,36.373291015625
2013-08-23,36.23243713378906
2013-08-26,36.29405212402344
2013-08-27,35.58103942871094
2013-08-28,35.343360900878906
2013-08-29,35.43137741088867
2013-08-30,35.20252227783203
2013-09-03,35.47540283203125
2013-09-04,36.02997970581055
2013-09-05,35.889129638671875
2013-09-06,35.757083892822266
2013-09-09,36.14440536499024
2013-09-10,36.62857055664063
2013-09-11,37.81695175170898
2013-09-12,37.49125289916992
2013-09-13,37.72891998291016
2013-09-16,37.95780563354492
2013-09-17,38.16025924682617
2013-09-18,38.574005126953125
2013-09-19,38.36272811889648
2013-09-20,38.00180816650391
2013-09-23,37.85216522216797
2013-09-24,37.90497970581055
2013-09-25,37.68490982055664
2013-09-26,37.7729377746582
2013-09-27,37.27997970581055
2013-09-30,37.024688720703125
2013-10-01,37.44723892211914
2013-10-02,37.38561248779297
2013-10-03,37.218360900878906
2013-10-04,37.50004959106445
2013-10-07,36.93666076660156
2013-10-08,36.55814743041992
2013-10-09,36.33806991577149
2013-10-10,36.95427322387695
2013-10-11,37.2359733581543
2013-10-14,37.00708770751953
2013-10-15,37.22715377807617
2013-10-16,37.82575225830078
2013-10-17,38.12505722045898
2013-10-18,38.29230117797852
2013-10-21,38.71484756469727
2013-10-22,38.63562774658203
2013-10-23,38.371524810791016
2013-10-24,39.26942443847656
2013-10-25,39.16378784179688
2013-10-28,38.82048416137695
2013-10-29,39.26942443847656
2013-10-30,38.90850067138672
2013-10-31,39.68316268920898
2013-11-01,40.23773193359375
2013-11-04,40.48421859741211
2013-11-05,40.36096954345703
2013-11-06,40.79231643676758
2013-11-07,39.991249084472656
2013-11-08,40.59864044189453
2013-11-11,40.58103942871094
2013-11-12,40.871524810791016
2013-11-13,41.091590881347656
2013-11-14,41.32048034667969
2013-11-15,41.390899658203125
2013-11-18,41.3557014465332
2013-11-19,40.9316291809082
2013-11-20,40.86977767944336
2013-11-21,41.44403839111328
2013-11-22,41.4528694152832
2013-11-25,41.19666290283203
2013-11-26,41.68258285522461
2013-11-27,41.461708068847656
2013-11-29,41.54121780395508
2013-12-02,41.08181381225586
2013-12-03,40.6577377319336
2013-12-04,40.56055450439453
2013-12-05,40.30435180664063
2013-12-06,40.8432731628418
2013-12-09,41.13481140136719
2013-12-10,41.14366149902344
2013-12-11,40.6489143371582
2013-12-12,40.6577377319336
2013-12-13,41.14366149902344
2013-12-16,41.60306167602539
2013-12-17,41.3822021484375
2013-12-18,42.29217529296875
2013-12-19,42.15966033935547
2013-12-20,42.539546966552734
2013-12-23,42.6544075012207
2013-12-24,42.99895477294922
2013-12-26,43.21099853515625
2013-12-27,43.09614562988281
2013-12-30,43.299346923828125
2013-12-31,43.59971237182617
2014-01-02,43.25517654418945
2014-01-03,42.98129653930664
2014-01-06,42.80460357666016
2014-01-07,42.9901237487793
2014-01-08,43.40536117553711
2014-01-09,43.28167724609375
2014-01-10,43.53789520263672
2014-01-13,43.06964111328125
2014-01-14,43.59088897705078
2014-01-15,44.01496505737305
2014-01-16,44.677581787109375
2014-01-17,44.72175598144531
2014-01-21,44.87194061279297
2014-01-22,45.20765686035156
2014-01-23,44.68641662597656
2014-01-24,43.96195983886719
2014-01-27,43.33467864990234
2014-01-28,43.9089469909668
2014-01-29,43.16683578491211
2014-01-30,43.56439208984375
2014-01-31,43.55555725097656
2014-02-03,41.93878555297852
2014-02-04,42.38936233520508
2014-02-05,42.30984878540039
2014-02-06,43.07847595214844
2014-02-07,43.50254440307617
2014-02-10,43.60857391357422
2014-02-11,43.90010833740234
2014-02-12,43.8647689819336
2014-02-13,44.27117538452149
2014-02-14,45.516883850097656
2014-02-18,45.3931884765625
2014-02-19,45.53456497192383
2014-02-20,45.75543212890625
2014-02-21,46.39153289794922
2014-02-24,47.23965835571289
2014-02-25,47.58422470092773
2014-02-26,47.36265182495117
2014-02-27,47.73489761352539
2014-02-28,48.06281661987305
2014-03-03,47.22970199584961
2014-03-04,47.70829772949219
2014-03-05,47.76147079467773
2014-03-06,48.39073181152344
2014-03-07,48.55912780761719
2014-03-10,48.02735900878906
2014-03-11,47.89442443847656
2014-03-12,47.88554382324219
2014-03-13,47.60195159912109
2014-03-14,47.75260925292969
2014-03-17,47.929874420166016
2014-03-18,48.23119354248047
2014-03-19,48.06281661987305
2014-03-20,47.85896682739258
2014-03-21,48.96681213378906
2014-03-24,48.878196716308594
2014-03-25,49.17066192626953
2014-03-26,49.25929260253906
2014-03-27,48.53255081176758
2014-03-28,49.135196685791016
2014-03-31,49.64925384521485
2014-04-01,50.45576858520508
2014-04-02,50.44690704345703
2014-04-03,50.1544303894043
2014-04-04,49.45426177978516
2014-04-07,49.45426177978516
2014-04-08,49.56949234008789
2014-04-09,50.2253303527832
2014-04-10,49.028846740722656
2014-04-11,49.011138916015625
2014-04-14,49.11747360229492
2014-04-15,49.72014999389648
2014-04-16,49.80878829956055
2014-04-17,49.85308837890625
2014-04-21,49.84423065185547
2014-04-22,50.56211471557617
2014-04-23,50.70391845703125
2014-04-24,51.07615661621094
2014-04-25,50.72164535522461
2014-04-28,49.604923248291016
2014-04-29,50.18101501464844
2014-04-30,51.34203720092773
2014-05-01,51.89153289794922
2014-05-02,52.37012100219727
2014-05-05,52.18398284912109
2014-05-06,51.40408706665039
2014-05-07,51.50157165527344
2014-05-08,51.30659484863281
2014-05-09,51.55473709106445
2014-05-12,52.4853401184082
2014-05-13,52.17513656616211
2014-05-14,51.91810989379883
2014-05-15,51.34203720092773
2014-05-16,51.71427536010742
2014-05-19,51.9447021484375
2014-05-20,52.1928596496582
2014-05-21,52.255104064941406
2014-05-22,52.255104064941406
2014-05-23,52.69974899291992
2014-05-27,52.86872863769531
2014-05-28,52.859840393066406
2014-05-29,53.96256637573242
2014-05-30,54.79850387573242
2014-06-02,54.72737121582031
2014-06-03,54.682899475097656
2014-06-04,54.88743209838867
2014-06-05,55.41212463378906
2014-06-06,55.892333984375
2014-06-09,55.86566925048828
2014-06-10,55.75894546508789
2014-06-11,54.93191146850586
2014-06-12,54.64732360839844
2014-06-13,54.5850715637207
2014-06-16,54.79850387573242
2014-06-17,55.536617279052734
2014-06-18,56.132450103759766
2014-06-19,56.354793548583984
2014-06-20,56.523738861083984
2014-06-23,56.728275299072266
2014-06-24,56.54152297973633
2014-06-25,56.40812683105469
2014-06-26,56.90613555908203
2014-06-27,56.89723205566406
2014-06-30,57.00395584106445
2014-07-01,57.5108642578125
2014-07-02,58.12448120117188
2014-07-03,58.30232238769531
2014-07-07,58.57804107666016
2014-07-08,57.73318862915039
2014-07-09,58.17782211303711
2014-07-10,58.31122589111328
2014-07-11,57.82209396362305
2014-07-14,58.08891296386719
2014-07-15,57.78654098510742
2014-07-16,57.55533218383789
2014-07-17,56.36366653442383
2014-07-18,57.71538925170898
2014-07-21,57.77764892578125
2014-07-22,58.79145050048828
2014-07-23,59.11160659790039
2014-07-24,59.43174743652344
2014-07-25,59.02265548706055
2014-07-28,58.84480667114258
2014-07-29,58.41793823242188
2014-07-30,58.16894912719727
2014-07-31,57.54643630981445
2014-08-01,57.69761276245117
2014-08-04,58.68474578857422
2014-08-05,57.72429656982422
2014-08-06,57.36856460571289
2014-08-07,57.12846755981445
2014-08-08,57.750972747802734
2014-08-11,58.44463348388672
2014-08-12,58.31122589111328
2014-08-13,59.182735443115234
2014-08-14,59.81414413452149
2014-08-15,59.91196823120117
2014-08-18,60.16984939575195
2014-08-19,60.76744842529297
2014-08-20,61.13315582275391
2014-08-21,61.04395294189453
2014-08-22,61.0528678894043
2014-08-25,61.32938003540039
2014-08-26,61.534515380859375
2014-08-27,61.43641662597656
2014-08-28,61.534515380859375
2014-08-29,61.90021896362305
2014-09-02,61.9269905090332
2014-09-03,62.435359954833984
2014-09-04,62.89918518066406
2014-09-05,63.17566680908203
2014-09-08,63.38973236083984
2014-09-09,63.13108444213867
2014-09-10,63.14001083374024
2014-09-11,63.68408203125
2014-09-12,62.98837661743164
2014-09-15,63.06864547729492
2014-09-16,63.45216369628906
2014-09-17,63.97843933105469
2014-09-18,64.6206283569336
2014-09-19,64.38871002197266
2014-09-22,63.87137222290039
2014-09-23,63.25594329833984
2014-09-24,63.6751594543457
2014-09-25,62.89918518066406
2014-09-26,63.077579498291016
2014-09-29,62.82782745361328
2014-09-30,62.34619140625
2014-10-01,60.597991943359375
2014-10-02,59.58119583129883
2014-10-03,60.74068832397461
2014-10-06,60.05392074584961
2014-10-07,58.86762237548828
2014-10-08,59.019264221191406
2014-10-09,57.6010856628418
2014-10-10,56.682403564453125
2014-10-13,55.041236877441406
2014-10-14,55.790470123291016
2014-10-15,55.4782829284668
2014-10-16,56.00454330444336
2014-10-17,57.98461532592773
2014-10-20,59.77742767333984
2014-10-21,61.026123046875
2014-10-22,61.026123046875
2014-10-23,61.035037994384766
2014-10-24,61.8021125793457
2014-10-27,62.66730117797852
2014-10-28,64.17464447021484
2014-10-29,66.0298843383789
2014-10-30,67.7869644165039
2014-10-31,67.56398010253906
2014-11-03,67.60858154296875
2014-11-04,66.51152038574219
2014-11-05,66.80584716796875
2014-11-06,67.11800384521484
2014-11-07,67.34102630615234
2014-11-10,68.28645324707031
2014-11-11,68.80377197265625
2014-11-12,68.94648742675781
2014-11-13,69.6511001586914
2014-11-14,69.5351791381836
2014-11-17,68.83053588867188
2014-11-18,68.8036880493164
2014-11-19,68.30291748046875
2014-11-20,67.86473083496094
2014-11-21,67.94522857666016
2014-11-24,68.8305435180664
2014-11-25,68.89314270019531
2014-11-26,69.28660583496094
2014-11-28,70.45808410644531
2014-12-01,69.25978088378906
2014-12-02,69.25978088378906
2014-12-03,69.87680053710938
2014-12-04,69.6979751586914
2014-12-05,70.63692474365234
2014-12-08,70.63692474365234
2014-12-09,70.08247375488281
2014-12-10,69.28660583496094
2014-12-11,69.41179656982422
2014-12-12,68.64273834228516
2014-12-15,69.3670883178711
2014-12-16,68.21350860595703
2014-12-17,68.62487030029297
2014-12-18,69.17035675048828
2014-12-19,69.24187469482422
2014-12-22,70.16295623779297
2014-12-23,70.2344970703125
2014-12-24,70.06460571289062
2014-12-26,70.36865234375
2014-12-29,70.71739959716797
2014-12-30,70.01990509033203
2014-12-31,69.77845764160156
2015-01-02,69.5280532836914
2015-01-05,67.62332153320312
2015-01-06,66.77376556396484
2015-01-07,68.30291748046875
2015-01-08,70.56536865234375
2015-01-09,70.40441131591797
2015-01-12,69.6711196899414
2015-01-13,69.23296356201172
2015-01-14,68.47283935546875
2015-01-15,68.05252075195312
2015-01-16,67.86473083496094
2015-01-20,68.2492904663086
2015-01-21,68.19561004638672
2015-01-22,70.18086242675781
2015-01-23,70.20768737792969
2015-01-26,71.0214614868164
2015-01-27,70.29711151123047
2015-01-28,68.7679214477539
2015-01-29,68.95572662353516
2015-01-30,66.62173461914062
2015-02-02,66.8899917602539
2015-02-03,68.52647399902344
2015-02-04,67.9094467163086
2015-02-05,67.69483947753906
2015-02-06,66.371337890625
2015-02-09,65.62911224365234
2015-02-10,69.06303405761719
2015-02-11,68.87525177001953
2015-02-12,70.66377258300781
2015-02-13,71.00357055664062
2015-02-17,72.69369506835938
2015-02-18,72.83677673339844
2015-02-19,74.31230163574219
2015-02-20,74.2228775024414
2015-02-23,74.17815399169922
2015-02-24,73.55218505859375
2015-02-25,73.83007049560547
2015-02-26,74.60099029541016
2015-02-27,74.49344635009766
2015-03-02,76.04426574707031
2015-03-03,75.21953582763672
2015-03-04,74.53827667236328
2015-03-05,74.31414031982422
2015-03-06,73.07707214355469
2015-03-09,73.9376449584961
2015-03-10,72.84400939941406
2015-03-11,72.67369079589844
2015-03-12,74.2245101928711
2015-03-13,73.57908630371094
2015-03-16,74.84305572509766
2015-03-17,73.90178680419922
2015-03-18,74.60999298095703
2015-03-19,75.57810974121094
2015-03-20,75.33609008789062
2015-03-23,75.5422592163086
2015-03-24,73.7314682006836
2015-03-25,71.52625274658203
2015-03-26,72.23442840576172
2015-03-27,72.4495849609375
2015-03-30,73.05913543701172
2015-03-31,72.00137329101562
2015-04-01,72.01033020019531
2015-04-02,71.84896087646484
2015-04-06,71.96548461914062
2015-04-07,70.95254516601562
2015-04-08,71.88482666015625
2015-04-09,71.9117202758789
2015-04-10,72.00137329101562
2015-04-13,71.90275573730469
2015-04-14,71.05116271972656
2015-04-15,70.78221893310547
2015-04-16,70.37882232666016
2015-04-17,69.59893035888672
2015-04-20,71.50833129882812
2015-04-21,72.13581848144531
2015-04-22,72.42266845703125
2015-04-23,72.92467498779297
2015-04-24,73.36392974853516
2015-04-27,72.94261932373047
2015-04-28,72.8978042602539
2015-04-29,75.1836929321289
2015-04-30,71.75935363769531
2015-05-01,72.58403778076172
2015-05-04,72.17168426513672
2015-05-05,70.10989379882812
2015-05-06,70.65673828125
2015-05-07,70.3519287109375
2015-05-08,71.98345947265625
2015-05-11,71.46349334716797
2015-05-12,70.9615249633789
2015-05-13,70.53121948242188
2015-05-14,72.23442840576172
2015-05-15,72.52128601074219
2015-05-18,72.817138671875
2015-05-19,72.52128601074219
2015-05-20,72.53028106689453
2015-05-21,72.35942840576172
2015-05-22,72.07166290283203
2015-05-26,70.7768325805664
2015-05-27,71.2174301147461
2015-05-28,71.0645751953125
2015-05-29,70.12940216064453
2015-06-01,70.11141204833984
2015-06-02,70.52503967285156
2015-06-03,71.37928771972656
2015-06-04,70.57001495361328
2015-06-05,70.48006439208984
2015-06-08,69.2032241821289
2015-06-09,69.52692413330078
2015-06-10,69.44598388671875
2015-06-11,69.4819564819336
2015-06-12,68.90648651123047
2015-06-15,69.25713348388672
2015-06-16,68.99639892578125
2015-06-17,69.25713348388672
2015-06-18,70.27327728271484
2015-06-19,69.814697265625
2015-06-22,70.05744934082031
2015-06-23,69.76970672607422
2015-06-24,68.67267608642578
2015-06-25,68.49279022216797
2015-06-26,68.35791778564453
2015-06-29,66.3886947631836
2015-06-30,66.8922348022461
2015-07-01,67.43174743652344
2015-07-02,67.26092529296875
2015-07-06,66.82030487060547
2015-07-07,67.83639526367188
2015-07-08,66.5055923461914
2015-07-09,66.70340728759766
2015-07-10,68.31298065185547
2015-07-13,69.22119903564453
2015-07-14,69.47298431396484
2015-07-15,69.56289672851562
2015-07-16,70.36317443847656
2015-07-17,69.86861419677734
2015-07-20,69.98550415039062
2015-07-21,68.8794937133789
2015-07-22,69.1762466430664
2015-07-23,67.09905242919922
2015-07-24,66.55951690673828
2015-07-27,66.45164489746094
2015-07-28,67.07206726074219
2015-07-29,69.23921203613281
2015-07-30,65.31861877441406
2015-07-31,65.29164123535156
2015-08-03,65.25568389892578
2015-08-04,64.94094848632812
2015-08-05,63.57413864135742
2015-08-06,63.78096008300781
2015-08-07,64.17660522460938
2015-08-10,65.23768615722656
2015-08-11,64.86903381347656
2015-08-12,64.98590087890625
2015-08-13,65.01290130615234
2015-08-14,64.6082534790039
2015-08-17,65.58838653564453
2015-08-18,65.30865478515625
2015-08-19,64.88459777832031
2015-08-20,63.16119766235352
2015-08-21,62.55665588378906
2015-08-24,60.1745719909668
2015-08-25,60.05727005004883
2015-08-26,63.0890007019043
2015-08-27,64.16275787353516
2015-08-28,64.58684539794922
2015-08-31,63.75671005249024
2015-09-01,62.34006881713867
2015-09-02,63.99130630493164
2015-09-03,64.12664031982422
2015-09-04,63.17923355102539
2015-09-08,65.34477233886719
2015-09-09,64.23490905761719
2015-09-10,65.20941162109375
2015-09-11,65.87709045410156
2015-09-14,65.85907745361328
2015-09-15,65.18235778808594
2015-09-16,65.67860412597656
2015-09-17,65.11016082763672
2015-09-18,62.87245559692383
2015-09-21,63.35968399047852
2015-09-22,61.40169525146485
2015-09-23,61.10394287109375
2015-09-24,61.53705596923828
2015-09-25,61.807735443115234
2015-09-28,59.70536804199219
2015-09-29,59.04669952392578
2015-09-30,61.53705596923828
2015-10-01,63.26045227050781
2015-10-02,64.47855377197266
2015-10-05,65.65153503417969
2015-10-06,64.88459777832031
2015-10-07,66.92381286621094
2015-10-08,69.0802993774414
2015-10-09,68.99907684326172
2015-10-12,68.94495391845703
2015-10-13,67.92533111572266
2015-10-14,66.92381286621094
2015-10-15,67.52831268310547
2015-10-16,66.61702728271484
2015-10-19,66.2109603881836
2015-10-20,67.57343292236328
2015-10-21,66.63502502441406
2015-10-22,69.3600082397461
2015-10-23,67.94339752197266
2015-10-26,69.12540435791016
2015-10-27,70.37059020996094
2015-10-28,69.37805938720703
2015-10-29,69.45926666259766
2015-10-30,69.27880859375
2015-11-02,69.89234161376953
2015-11-03,69.21561431884766
2015-11-04,69.4953384399414
2015-11-05,69.22466278076172
2015-11-06,69.18856811523438
2015-11-09,68.35845184326172
2015-11-10,69.044189453125
2015-11-11,68.08776092529297
2015-11-12,67.23959350585938
2015-11-13,65.63349914550781
2015-11-16,66.51776123046875
2015-11-17,65.88398742675781
2015-11-18,65.39508056640625
2015-11-19,65.70292663574219
2015-11-20,65.46751403808594
2015-11-23,65.54899597167969
2015-11-24,64.26338958740234
2015-11-25,65.04200744628906
2015-11-27,64.71604919433594
2015-11-30,64.20000457763672
2015-12-01,65.42227935791016
2015-12-02,64.90620422363281
2015-12-03,62.27154159545898
2015-12-04,64.31769561767578
2015-12-07,62.92341232299805
2015-12-08,62.995853424072266
2015-12-09,61.58345413208008
2015-12-10,61.773624420166016
2015-12-11,60.5241813659668
2015-12-14,60.14392852783203
2015-12-15,60.315948486328125
2015-12-16,60.80484390258789
2015-12-17,59.78179168701172
2015-12-18,58.94884490966797
2015-12-21,59.00315475463867
2015-12-22,62.00899124145508
2015-12-23,62.33493423461914
2015-12-24,62.26250076293945
2015-12-28,62.33493423461914
2015-12-29,62.24439239501953
2015-12-30,61.58345413208008
2015-12-31,60.69620895385742
2016-01-04,59.19328308105469
2016-01-05,59.38340377807617
2016-01-06,57.59982681274414
2016-01-07,55.970157623291016
2016-01-08,56.72161865234375
2016-01-11,57.18335723876953
2016-01-12,58.23358154296875
2016-01-13,54.56682205200195
2016-01-14,54.99235153198242
2016-01-15,53.91497802734375
2016-01-19,52.85566711425781
2016-01-20,54.15036392211914
2016-01-21,55.81625747680664
2016-01-22,56.549598693847656
2016-01-25,54.43102264404297
2016-01-26,56.07880401611328
2016-01-27,54.90180587768555
2016-01-28,53.60713577270508
2016-01-29,55.481258392333984
2016-02-01,55.608001708984375
2016-02-02,53.48038482666016
2016-02-03,53.77008819580078
2016-02-04,54.96520233154297
2016-02-05,54.33143997192383
2016-02-08,53.81536483764648
2016-02-09,55.01951599121094
2016-02-10,55.57178497314453
2016-02-11,55.76193237304688
2016-02-12,57.76279830932617
2016-02-16,58.90356063842773
2016-02-17,60.37026596069336
2016-02-18,58.794918060302734
2016-02-19,59.49206161499024
2016-02-22,60.4698600769043
2016-02-23,60.22449493408203
2016-02-24,60.91515350341797
2016-02-25,62.069313049316406
2016-02-26,61.93297958374024
2016-02-29,61.93297958374024
2016-03-01,62.64182662963867
2016-03-02,62.55094528198242
2016-03-03,62.414642333984375
2016-03-04,62.68727493286133
2016-03-07,63.19618606567383
2016-03-08,62.16926956176758
2016-03-09,62.33284759521485
2016-03-10,61.76033401489258
2016-03-11,62.60548400878906
2016-03-14,64.45936584472656
2016-03-15,63.98681640625
2016-03-16,64.74109649658203
2016-03-17,65.24999237060547
2016-03-18,66.48595428466797
2016-03-21,65.70442199707031
2016-03-22,64.4502944946289
2016-03-23,63.250732421875
2016-03-24,62.37829208374024
2016-03-28,64.83197784423828
2016-03-29,64.25035095214844
2016-03-30,65.0228271484375
2016-03-31,64.68658447265625
2016-04-01,61.00602722167969
2016-04-04,60.30629348754883
2016-04-05,59.83370971679688
2016-04-06,60.10636138916016
2016-04-07,59.55199432373047
2016-04-08,60.49711608886719
2016-04-11,60.9969596862793
2016-04-12,61.19688034057617
2016-04-13,61.46041870117188
2016-04-14,61.65125274658203
2016-04-15,61.72397232055664
2016-04-18,61.37862014770508
2016-04-19,61.6240119934082
2016-04-20,61.6694221496582
2016-04-21,62.005706787109375
2016-04-22,60.46986770629883
2016-04-25,60.86972427368164
2016-04-26,60.88790130615234
2016-04-27,62.414642333984375
2016-04-28,62.92353820800781
2016-04-29,63.69601058959961
2016-05-02,63.650577545166016
2016-05-03,63.70507049560547
2016-05-04,62.914459228515625
2016-05-05,62.9508171081543
2016-05-06,62.90536117553711
2016-05-09,62.82357025146485
2016-05-10,64.03227996826172
2016-05-11,62.63275146484375
2016-05-12,61.76940536499024
2016-05-13,60.77885055541992
2016-05-16,61.53311920166016
2016-05-17,61.12417221069336
2016-05-18,59.98311614990234
2016-05-19,59.30762100219727
2016-05-20,59.31675338745117
2016-05-23,59.20721435546875
2016-05-24,59.67275238037109
2016-05-25,60.430423736572266
2016-05-26,59.84619140625
2016-05-27,60.53083801269531
2016-05-31,60.28434371948242
2016-06-01,61.297611236572266
2016-06-02,62.54821395874024
2016-06-03,62.10091400146485
2016-06-06,61.93660736083984
2016-06-07,61.44366455078125
2016-06-08,61.6718864440918
2016-06-09,61.36152267456055
2016-06-10,60.695125579833984
2016-06-13,60.21133041381836
2016-06-14,59.68186950683594
2016-06-15,59.99224090576172
2016-06-16,59.87357711791992
2016-06-17,60.67688751220703
2016-06-20,61.92746353149414
2016-06-21,61.80880355834961
2016-06-22,61.84531021118164
2016-06-23,62.940731048583984
2016-06-24,58.34000015258789
2016-06-27,55.87531280517578
2016-06-28,57.135040283203125
2016-06-29,59.24370956420898
2016-06-30,60.667762756347656
2016-07-01,61.8818473815918
2016-07-05,61.24283599853516
2016-07-06,61.93660736083984
2016-07-07,62.40218734741211
2016-07-08,63.762298583984375
2016-07-11,64.00879669189453
2016-07-12,65.04940795898438
2016-07-13,64.00879669189453
2016-07-14,64.31000518798828
2016-07-15,64.08179473876953
2016-07-18,64.25526428222656
2016-07-19,64.03614807128906
2016-07-20,63.78056716918945
2016-07-21,64.2461166381836
2016-07-22,64.8029556274414
2016-07-25,65.00376892089844
2016-07-26,65.42367553710938
2016-07-27,64.39217376708984
2016-07-28,65.29588317871094
2016-07-29,65.4510498046875
2016-08-01,64.98548889160156
2016-08-02,64.43779754638672
2016-08-03,65.09503936767578
2016-08-04,65.91661071777344
2016-08-05,66.37303924560547
2016-08-08,66.2178726196289
2016-08-09,65.58799743652344
2016-08-10,65.59712219238281
2016-08-11,65.81621551513672
2016-08-12,65.67013549804688
2016-08-15,66.52824401855469
2016-08-16,66.43695068359375
2016-08-17,66.64688110351562
2016-08-18,66.60124969482422
2016-08-19,67.52323150634766
2016-08-22,66.64688110351562
2016-08-23,66.75640869140625
2016-08-24,66.1630859375
2016-08-25,66.66516876220703
2016-08-26,66.45519256591797
2016-08-29,66.71080780029297
2016-08-30,66.02617645263672
2016-08-31,65.11331939697266
2016-09-01,64.93074798583984
2016-09-02,64.77555847167969
2016-09-06,63.98138046264648
2016-09-07,64.26437377929688
2016-09-08,63.92662048339844
2016-09-09,61.30674362182617
2016-09-12,62.822078704833984
2016-09-13,62.44780731201172
2016-09-14,62.52082443237305
2016-09-15,63.25111770629883
2016-09-16,62.70341110229492
2016-09-19,62.3839111328125
2016-09-20,63.84445571899414
2016-09-21,64.3028564453125
2016-09-22,63.94530487060547
2016-09-23,62.744327545166016
2016-09-26,61.56167984008789
2016-09-27,61.470008850097656
2016-09-28,61.77253723144531
2016-09-29,61.51583099365234
2016-09-30,61.72669219970703
2016-10-03,61.836708068847656
2016-10-04,61.5250244140625
2016-10-05,61.85505294799805
2016-10-06,61.89171600341797
2016-10-07,61.55251693725586
2016-10-10,61.78171157836914
2016-10-11,61.06663131713867
2016-10-12,61.34166717529297
2016-10-13,61.67168045043945
2016-10-14,61.836708068847656
2016-10-17,61.350807189941406
2016-10-18,62.18510055541992
2016-10-19,62.30429458618164
2016-10-20,61.7908935546875
2016-10-21,61.55251693725586
2016-10-24,61.77253723144531
2016-10-25,61.61669158935547
2016-10-26,61.13997650146485
2016-10-27,61.350807189941406
2016-10-28,61.82756423950195
2016-10-31,62.982666015625
2016-11-01,62.63431930541992
2016-11-02,62.7076530456543
2016-11-03,63.47774124145508
2016-11-04,63.81694793701172
2016-11-07,65.1829605102539
2016-11-08,66.94316101074219
2016-11-09,67.91494750976562
2016-11-10,67.30989074707031
2016-11-11,67.28239440917969
2016-11-14,70.8119888305664
2016-11-15,71.24285125732422
2016-11-16,71.1145248413086
2016-11-17,71.02283477783203
2016-11-18,70.72029113769531
2016-11-21,71.13445281982422
2016-11-22,71.64985656738281
2016-11-23,71.86154174804688
2016-11-25,72.26648712158203
2016-11-28,71.85234069824219
2016-11-29,72.80953216552734
2016-11-30,72.50579071044922
2016-12-01,73.46297454833984
2016-12-02,72.89234924316406
2016-12-05,74.54896545410156
2016-12-06,75.54297637939453
2016-12-07,77.23641967773438
2016-12-08,76.84068298339844
2016-12-09,76.8958740234375
2016-12-12,77.22723388671875
2016-12-13,77.6781997680664
2016-12-14,77.25485229492188
2016-12-15,77.61376190185547
2016-12-16,79.19679260253906
2016-12-19,78.10155487060547
2016-12-20,78.32244873046875
2016-12-21,78.09234619140625
2016-12-22,77.06156921386719
2016-12-23,77.39289093017578
2016-12-27,77.43893432617188
2016-12-28,76.72100830078125
2016-12-29,76.68421173095703
2016-12-30,76.09518432617188
2017-01-03,75.92951202392578
2017-01-04,75.78225708007812
2017-01-05,75.26685333251953
2017-01-06,75.74544525146484
2017-01-09,75.69940948486328
2017-01-10,75.40491485595703
2017-01-11,76.24243927001953
2017-01-12,75.36810302734375
2017-01-13,76.05838012695312
2017-01-17,75.81907653808594
2017-01-18,76.38970947265625
2017-01-19,77.7978515625
2017-01-20,77.65977478027344
2017-01-23,77.65059661865234
2017-01-24,77.77943420410156
2017-01-25,78.79186248779297
2017-01-26,79.00350952148438
2017-01-27,79.22441864013672
2017-01-30,78.46971893310547
2017-01-31,77.86226654052734
2017-02-01,77.89909362792969
2017-02-02,77.77024841308594
2017-02-03,78.64457702636719
2017-02-06,78.82867431640625
2017-02-07,78.97591400146484
2017-02-08,79.48210144042969
2017-02-09,79.87786102294922
2017-02-10,79.56493377685547
2017-02-13,80.42088317871094
2017-02-14,80.89024353027344
2017-02-15,82.335205078125
2017-02-16,82.3167953491211
2017-02-17,82.2431640625
2017-02-21,80.98226928710938
2017-02-22,80.9730453491211
2017-02-23,80.34507751464844
2017-02-24,80.4189682006836
2017-02-27,80.76063537597656
2017-02-28,80.33584594726562
2017-03-01,81.72107696533203
2017-03-02,80.82528686523438
2017-03-03,80.151123046875
2017-03-06,80.08647918701172
2017-03-07,79.56008911132812
2017-03-08,79.78172302246094
2017-03-09,79.70783996582031
2017-03-10,79.99413299560547
2017-03-13,80.3727798461914
2017-03-14,79.67091369628906
2017-03-15,81.1023178100586
2017-03-16,81.323974609375
2017-03-17,81.57331848144531
2017-03-20,81.8965835571289
2017-03-21,82.284423828125
2017-03-22,85.09188079833984
2017-03-23,86.01539611816406
2017-03-24,86.34788513183594
2017-03-27,86.04312896728516
2017-03-28,87.2621078491211
2017-03-29,87.35448455810547
2017-03-30,87.40066528320312
2017-03-31,86.97584533691406
2017-04-03,85.65522003173828
2017-04-04,85.39665222167969
2017-04-05,84.9256591796875
2017-04-06,84.75021362304688
2017-04-07,84.23303985595703
2017-04-10,84.09451293945312
2017-04-11,84.40850830078125
2017-04-12,84.73172760009766
2017-04-13,84.54705810546875
2017-04-17,84.91641998291016
2017-04-18,84.98107147216797
2017-04-19,84.49162292480469
2017-04-20,85.6737060546875
2017-04-21,85.39665222167969
2017-04-24,86.36631774902344
2017-04-25,87.33599853515625
2017-04-26,88.93368530273438
2017-04-27,88.41651916503906
2017-04-28,87.19749450683594
2017-05-01,88.26873779296875
2017-05-02,89.67249298095703
2017-05-03,89.57089233398438
2017-05-04,89.46929931640625
2017-05-05,89.62630462646484
2017-05-08,88.99834442138672
2017-05-09,94.65941619873048
2017-05-10,95.34280395507812
2017-05-11,94.95494079589844
2017-05-12,94.61325073242188
2017-05-15,96.10008239746094
2017-05-16,96.03545379638672
2017-05-17,94.59947967529295
2017-05-18,94.98855590820312
2017-05-19,95.25723266601562
2017-05-22,96.55427551269533
2017-05-23,97.7308349609375
2017-05-24,98.09214782714844
2017-05-25,98.6943588256836
2017-05-26,99.03711700439452
2017-05-30,98.88890075683594
2017-05-31,99.7319793701172
2017-06-01,100.68621826171876
2017-06-02,101.96470642089844
2017-06-05,100.23225402832033
2017-06-06,97.26761627197266
2017-06-07,97.38806915283205
2017-06-08,97.35102081298828
2017-06-09,94.88665008544922
2017-06-12,94.56240844726562
2017-06-13,96.2392578125
2017-06-14,96.26707458496094
2017-06-15,97.03600311279295
2017-06-16,96.81365966796876
2017-06-19,98.1384735107422
2017-06-20,96.5264663696289
2017-06-21,96.47086334228516
2017-06-22,96.24852752685548
2017-06-23,96.4060287475586
2017-06-26,96.28557586669922
2017-06-27,93.5988998413086
2017-06-28,94.47901153564452
2017-06-29,92.83920288085938
2017-06-30,92.93185424804688
2017-07-03,92.74656677246094
2017-07-05,93.72860717773438
2017-07-06,92.3204116821289
2017-07-07,92.96891021728516
2017-07-10,93.30242156982422
2017-07-11,93.32095336914062
2017-07-12,93.38581085205078
2017-07-13,93.29318237304688
2017-07-14,93.56184387207033
2017-07-17,93.8953628540039
2017-07-18,94.49755096435548
2017-07-19,94.7198715209961
2017-07-20,94.86811065673828
2017-07-21,95.2850112915039
2017-07-24,95.15532684326172
2017-07-25,95.47958374023438
2017-07-26,95.46104431152344
2017-07-27,96.4060287475586
2017-07-28,95.7389678955078
2017-07-31,96.5264663696289
2017-08-01,97.39729309082033
2017-08-02,95.87796020507812
2017-08-03,96.0354461669922
2017-08-04,97.29540252685548
2017-08-07,98.36083221435548
2017-08-08,96.30411529541016
2017-08-09,93.8953628540039
2017-08-10,92.19998168945312
2017-08-11,92.08879089355467
2017-08-14,92.7095184326172
2017-08-15,93.0152359008789
2017-08-16,92.92259216308594
2017-08-17,90.6435317993164
2017-08-18,90.81956481933594
2017-08-21,91.79231262207033
2017-08-22,94.81333923339844
2017-08-23,93.35395050048828
2017-08-24,92.90777587890624
2017-08-25,93.56775665283205
2017-08-28,93.61421966552734
2017-08-29,93.16806030273438
2017-08-30,96.33777618408205
2017-08-31,96.28201293945312
2017-09-01,96.4865264892578
2017-09-05,95.07360076904295
2017-09-06,94.62743377685548
2017-09-07,94.59024047851562
2017-09-08,96.1426010131836
2017-09-11,97.25804901123048
2017-09-12,97.67633819580078
2017-09-13,99.24723815917967
2017-09-14,98.89402770996094
2017-09-15,97.96448516845705
2017-09-18,98.10389709472656
2017-09-19,99.78638458251952
2017-09-20,100.1024169921875
2017-09-21,99.9908676147461
2017-09-22,100.27906036376952
2017-09-25,101.19930267333984
2017-09-26,100.45565032958984
2017-09-27,100.72521209716795
2017-09-28,102.24967956542967
2017-09-29,102.49136352539062
2017-10-02,102.7423324584961
2017-10-03,101.69195556640624
2017-10-04,101.1528091430664
2017-10-05,103.4301986694336
2017-10-06,103.88566589355467
2017-10-09,104.8152313232422
2017-10-10,106.0422134399414
2017-10-11,106.08869934082033
2017-10-12,106.39541625976562
2017-10-13,106.99962615966795
2017-10-16,106.66497802734376
2017-10-17,106.9345703125
2017-10-18,107.6131362915039
2017-10-19,107.0832977294922
2017-10-20,106.91596221923828
2017-10-23,107.18555450439452
2017-10-24,108.57986450195312
2017-10-25,108.13368225097656
2017-10-26,110.43894958496094
2017-10-27,110.49472045898438
2017-10-30,110.1693878173828
2017-10-31,111.06175994873048
2017-11-01,111.69385528564452
2017-11-02,111.21046447753906
2017-11-03,112.98587799072266
2017-11-06,113.38558197021484
2017-11-07,112.37239074707033
2017-11-08,111.52650451660156
2017-11-09,110.43894958496094
2017-11-10,111.64735412597656
2017-11-13,111.90763854980467
2017-11-14,114.38949584960938
2017-11-15,113.6458740234375
2017-11-16,115.6165008544922
2017-11-17,116.63899993896484
2017-11-20,117.03868865966795
2017-11-21,118.93994140625
2017-11-22,117.79361724853516
2017-11-24,117.8961181640625
2017-11-27,118.29688262939452
2017-11-28,118.26891326904295
2017-11-29,117.88680267333984
2017-11-30,118.36212158203124
2017-12-01,118.23165130615234
2017-12-04,119.04246520996094
2017-12-05,118.85607147216795
2017-12-06,118.64173126220705
2017-12-07,119.154296875
2017-12-08,120.5243148803711
2017-12-11,119.82534790039062
2017-12-12,120.00238037109376
2017-12-13,119.73214721679688
2017-12-14,119.03314971923828
2017-12-15,120.99031066894533
2017-12-18,124.27092742919922
2017-12-19,124.08451080322266
2017-12-20,124.73690032958984
2017-12-21,124.83944702148438
2017-12-22,124.85807800292967
2017-12-26,124.23362731933594
2017-12-27,126.9829559326172
2017-12-28,127.2812271118164
2017-12-29,126.4983901977539
2018-01-02,124.65304565429688
2018-01-03,127.16939544677734
2018-01-04,126.47039031982422
2018-01-05,125.25877380371094
2018-01-08,127.06685638427734
2018-01-09,128.34365844726562
2018-01-10,128.33433532714844
2018-01-11,129.94668579101562
2018-01-12,130.27288818359375
2018-01-16,129.6577911376953
2018-01-17,132.3418731689453
2018-01-18,131.53106689453125
2018-01-19,134.27113342285156
2018-01-22,134.02883911132812
2018-01-23,135.88343811035156
2018-01-24,134.5693359375
2018-01-25,135.60386657714844
2018-01-26,137.1322784423828
2018-01-29,137.92449951171875
2018-01-30,137.25347900390625
2018-01-31,137.3186798095703
2018-02-01,137.48646545410156
2018-02-02,131.568359375
2018-02-05,127.06685638427734
2018-02-06,130.50588989257812
2018-02-07,130.14244079589844
2018-02-08,124.77416229248048
2018-02-09,127.0202865600586
2018-02-12,129.63916015625
2018-02-13,131.04644775390625
2018-02-14,135.3615264892578
2018-02-15,131.68014526367188
2018-02-16,129.07994079589844
2018-02-20,130.8879852294922
2018-02-21,132.3046112060547
2018-02-22,131.34243774414062
2018-02-23,132.80906677246094
2018-02-26,132.0430450439453
2018-02-27,129.0257110595703
2018-02-28,131.91224670410156
2018-03-01,128.48388671875
2018-03-02,130.3896026611328
2018-03-05,126.7931137084961
2018-03-06,128.54930114746094
2018-03-07,129.82907104492188
2018-03-08,130.1747589111328
2018-03-09,133.85531616210938
2018-03-12,132.47276306152344
2018-03-13,132.41668701171875
2018-03-14,132.11776733398438
2018-03-15,132.39805603027344
2018-03-16,131.77215576171875
2018-03-19,130.61376953125
2018-03-20,131.2957305908203
2018-03-21,131.17428588867188
2018-03-22,128.21299743652344
2018-03-23,124.95277404785156
2018-03-26,129.7730255126953
2018-03-27,126.66228485107422
2018-03-28,125.08354949951172
2018-03-29,127.02660369873048
2018-04-02,123.37407684326172
2018-04-03,123.77577209472656
2018-04-04,126.86783599853516
2018-04-05,125.5880355834961
2018-04-06,122.30913543701172
2018-04-09,122.11297607421876
2018-04-10,121.2908935546875
2018-04-11,123.33670043945312
2018-04-12,124.25216674804688
2018-04-13,122.43058776855467
2018-04-16,124.68189239501952
2018-04-17,127.8019790649414
2018-04-18,129.20321655273438
2018-04-19,128.55862426757812
2018-04-20,128.4278564453125
2018-04-23,128.56796264648438
2018-04-24,127.88604736328124
2018-04-25,128.2036895751953
2018-04-26,128.68946838378906
2018-04-27,128.37181091308594
2018-04-30,127.68054962158205
2018-05-01,128.5399932861328
2018-05-02,125.32645416259766
2018-05-03,125.77486419677734
2018-05-04,126.9051742553711
2018-05-07,127.64318084716795
2018-05-08,130.1374053955078
2018-05-09,128.82015991210938
2018-05-10,129.44606018066406
2018-05-11,130.61376953125
2018-05-14,130.1747589111328
2018-05-15,129.71702575683594
2018-05-16,131.19296264648438
2018-05-17,129.56277465820312
2018-05-18,129.77822875976562
2018-05-21,130.0405731201172
2018-05-22,129.08497619628906
2018-05-23,128.90696716308594
2018-05-24,129.1693115234375
2018-05-25,129.26295471191406
2018-05-29,126.05878448486328
2018-05-30,127.67027282714844
2018-05-31,126.8176498413086
2018-06-01,129.60958862304688
2018-06-04,129.93753051757812
2018-06-05,129.49722290039062
2018-06-06,132.63577270507812
2018-06-07,130.6402130126953
2018-06-08,129.64707946777344
2018-06-11,130.35914611816406
2018-06-12,131.03366088867188
2018-06-13,129.6189727783203
2018-06-14,129.99375915527344
2018-06-15,130.06871032714844
2018-06-18,129.9188232421875
2018-06-19,127.96066284179688
2018-06-20,127.40792083740234
2018-06-21,125.29049682617188
2018-06-22,124.24124908447266
2018-06-25,120.9527587890625
2018-06-26,121.26189422607422
2018-06-27,118.92904663085938
2018-06-28,117.35508728027344
2018-06-29,118.6104965209961
2018-07-02,118.50743865966795
2018-07-03,116.66178131103516
2018-07-05,118.50743865966795
2018-07-06,119.6036148071289
2018-07-09,121.94583129882812
2018-07-10,122.47987365722656
2018-07-11,121.65541076660156
2018-07-12,122.51734161376952
2018-07-13,122.74219512939452
2018-07-16,122.53607940673828
2018-07-17,122.21754455566406
2018-07-18,124.72840881347656
2018-07-19,124.79401397705078
2018-07-20,124.65347290039062
2018-07-23,123.69782257080078
2018-07-24,121.8146743774414
2018-07-25,123.20127868652344
2018-07-26,122.7047119140625
2018-07-27,120.43744659423828
2018-07-30,117.96405792236328
2018-07-31,119.77224731445312
2018-08-01,119.80036926269533
2018-08-02,120.98087310791016
2018-08-03,120.10016632080078
2018-08-06,121.1213607788086
2018-08-07,116.57745361328124
2018-08-08,113.95417785644533
2018-08-09,113.16715240478516
2018-08-10,112.57693481445312
2018-08-13,112.8580093383789
2018-08-14,113.93538665771484
2018-08-15,112.82987213134766
2018-08-16,114.44135284423828
2018-08-17,116.03404998779295
2018-08-20,116.54934692382812
2018-08-21,117.26139068603516
2018-08-22,116.28380584716795
2018-08-23,114.8456573486328
2018-08-24,115.71984100341795
2018-08-27,116.82899475097656
2018-08-28,117.19558715820312
2018-08-29,119.32933807373048
2018-08-30,118.6337432861328
2018-08-31,118.87814331054688
2018-09-04,118.95333862304688
2018-09-05,117.50578308105467
2018-09-06,117.4775619506836
2018-09-07,119.00970458984376
2018-09-10,120.01549530029295
2018-09-11,119.70531463623048
2018-09-12,119.91210174560548
2018-09-13,121.76383972167967
2018-09-14,122.60041046142578
2018-09-17,121.98004150390624
2018-09-18,122.01763153076172
2018-09-19,123.35240173339844
2018-09-20,124.24532318115234
2018-09-21,123.04219818115234
2018-09-24,122.42183685302734
2018-09-25,121.51006317138672
2018-09-26,123.11741638183594
2018-09-27,125.41094207763672
2018-09-28,124.10435485839844
2018-10-01,120.64527893066406
2018-10-02,118.40816497802734
2018-10-03,117.11099243164062
2018-10-04,114.8644561767578
2018-10-05,114.1594696044922
2018-10-08,113.33230590820312
2018-10-09,112.5803451538086
2018-10-10,109.48780822753906
2018-10-11,107.7489013671875
2018-10-12,110.43717956542967
2018-10-15,108.57606506347656
2018-10-16,110.86957550048828
2018-10-17,110.87896728515624
2018-10-18,108.36924743652344
2018-10-19,105.31436157226562
2018-10-22,104.79737091064452
2018-10-23,105.6057586669922
2018-10-24,100.69908905029295
2018-10-25,104.8443832397461
2018-10-26,105.96292877197266
2018-10-29,106.00991821289062
2018-10-30,108.35047149658205
2018-10-31,109.87322998046876
2018-11-01,113.82109832763672
2018-11-02,113.67066955566406
2018-11-05,113.43567657470705
2018-11-06,107.67367553710938
2018-11-07,109.16822052001952
2018-11-08,109.89201354980467
2018-11-09,110.01421356201172
2018-11-12,108.16248321533205
2018-11-13,109.55363464355467
2018-11-14,109.31861114501952
2018-11-15,111.2079849243164
2018-11-16,111.52755737304688
2018-11-19,109.50662994384766
2018-11-20,109.0066909790039
2018-11-21,110.52537536621094
2018-11-23,110.61026763916016
2018-11-26,113.1005630493164
2018-11-27,113.16658782958984
2018-11-28,115.26070404052734
2018-11-29,114.93054962158205
2018-11-30,108.50674438476562
2018-12-03,112.75154876708984
2018-12-04,107.06350708007812
2018-12-06,108.78028106689452
2018-12-07,104.94110870361328
2018-12-10,104.52603912353516
2018-12-11,103.79026794433594
2018-12-12,103.8280258178711
2018-12-13,102.6772003173828
2018-12-14,101.5546646118164
2018-12-17,101.5546646118164
2018-12-18,102.101806640625
2018-12-19,100.3567123413086
2018-12-20,98.28147888183594
2018-12-21,97.04573822021484
2018-12-24,95.26293182373048
2018-12-26,99.59264373779295
2018-12-27,100.58308410644533
2018-12-28,101.1584930419922
2018-12-31,102.40363311767578
2019-01-02,101.36600494384766
2019-01-03,95.97039794921876
2019-01-04,101.69615173339844
2019-01-07,101.88484191894533
2019-01-08,103.53559112548828
2019-01-09,103.0073471069336
2019-01-10,103.8091278076172
2019-01-11,103.2148666381836
2019-01-14,101.99803924560548
2019-01-15,103.93179321289062
2019-01-16,103.0828094482422
2019-01-17,102.31873321533205
2019-01-18,102.8658447265625
2019-01-22,101.17735290527344
2019-01-23,101.96031951904295
2019-01-24,102.101806640625
2019-01-25,103.62047576904295
2019-01-28,104.26190948486328
2019-01-29,104.8184585571289
2019-01-30,107.19557189941406
2019-01-31,108.03507995605467
2019-02-01,108.07281494140624
2019-02-04,109.09158325195312
2019-02-05,110.28012084960938
2019-02-06,110.61968231201172
2019-02-07,108.96894073486328
2019-02-08,108.93123626708984
2019-02-11,109.09158325195312
2019-02-12,108.23318481445312
2019-02-13,112.1195297241211
2019-02-14,111.89315032958984
2019-02-15,114.1853485107422
2019-02-19,115.10977172851562
2019-02-20,119.76961517333984
2019-02-21,120.14694213867188
2019-02-22,121.53355407714844
2019-02-25,121.19398498535156
2019-02-26,121.27890014648438
2019-02-27,119.73189544677734
2019-02-28,118.54895782470705
2019-03-01,117.77294921875
2019-03-04,117.2903289794922
2019-03-05,118.50164794921876
2019-03-06,118.40699768066406
2019-03-07,115.66260528564452
2019-03-08,114.22415924072266
2019-03-11,113.79827880859376
2019-03-12,114.2146987915039
2019-03-13,113.74153137207033
2019-03-14,113.20209503173828
2019-03-15,115.75724029541016
2019-03-18,118.2555923461914
2019-03-19,119.0031967163086
2019-03-20,117.03479766845705
2019-03-21,118.35023498535156
2019-03-22,117.8202896118164
2019-03-25,117.02535247802734
2019-03-26,116.93070220947266
2019-03-27,115.61527252197266
2019-03-28,117.42281341552734
2019-03-29,118.37862396240234
2019-04-01,120.61199951171876
2019-04-02,121.6056671142578
2019-04-03,124.52991485595705
2019-04-04,125.1071319580078
2019-04-05,126.8673324584961
2019-04-08,127.6717758178711
2019-04-09,125.5330047607422
2019-04-10,125.6276397705078
2019-04-11,126.1007843017578
2019-04-12,127.42572021484376
2019-04-15,127.1607437133789
2019-04-16,128.51402282714844
2019-04-17,128.6370391845703
2019-04-18,127.19859313964844
2019-04-22,128.57081604003906
2019-04-23,128.96824645996094
2019-04-24,128.21115112304688
2019-04-25,128.400390625
2019-04-26,129.12913513183594
2019-04-29,128.6748809814453
2019-04-30,129.1007537841797
2019-05-01,131.4098358154297
2019-05-02,129.54550170898438
2019-05-03,132.62115478515625
2019-05-06,130.3593292236328
2019-05-07,127.89889526367188
2019-05-08,127.53926849365234
2019-05-09,128.2017364501953
2019-05-10,124.64347839355467
2019-05-13,119.24925231933594
2019-05-14,122.90213775634766
2019-05-15,124.75701141357422
2019-05-16,125.40049743652344
2019-05-17,123.88636779785156
2019-05-20,121.0
2019-05-21,122.48577117919922
2019-05-22,120.91483306884766
2019-05-23,117.70410919189452
2019-05-24,118.73953247070312
2019-05-28,117.50462341308594
2019-05-29,118.1885757446289
2019-05-30,118.40705108642578
2019-05-31,118.5875473022461
2019-06-03,118.13158416748048
2019-06-04,121.76024627685548
2019-06-05,121.16180419921876
2019-06-06,122.15923309326172
2019-06-07,125.88290405273438
2019-06-10,126.10137176513672
2019-06-11,127.7827606201172
2019-06-12,126.0538330078125
2019-06-13,126.92782592773438
2019-06-14,126.98478698730467
2019-06-17,126.19636535644533
2019-06-18,128.2007293701172
2019-06-19,128.88458251953125
2019-06-20,130.3190155029297
2019-06-21,130.20504760742188
2019-06-24,129.91050720214844
2019-06-25,126.60482788085938
2019-06-26,128.85614013671875
2019-06-27,131.3638916015625
2019-06-28,133.26373291015625
2019-07-01,134.15663146972656
2019-07-02,134.1851348876953
2019-07-03,134.65060424804688
2019-07-05,134.89761352539062
2019-07-08,134.22317504882812
2019-07-09,132.5322723388672
2019-07-10,134.47962951660156
2019-07-11,134.7930908203125
2019-07-12,135.41055297851562
2019-07-15,135.6290283203125
2019-07-16,136.7499542236328
2019-07-17,134.16616821289062
2019-07-18,132.7982940673828
2019-07-19,130.83197021484375
2019-07-22,129.24560546875
2019-07-23,133.6437225341797
2019-07-24,132.78880310058594
2019-07-25,133.67222595214844
2019-07-26,133.24476623535156
2019-07-29,134.15663146972656
2019-07-30,133.7576904296875
2019-07-31,132.09535217285156
2019-08-01,130.01504516601562
2019-08-02,129.16961669921875
2019-08-05,123.81204986572266
2019-08-06,122.05472564697266
2019-08-07,121.41830444335938
2019-08-08,123.81204986572266
2019-08-09,125.82587432861328
2019-08-12,123.49859619140624
2019-08-13,125.77839660644533
2019-08-14,120.49687957763672
2019-08-15,120.35438537597656
2019-08-16,122.36822509765624
2019-08-19,124.03058624267578
2019-08-20,124.1350326538086
2019-08-21,122.3712158203125
2019-08-22,122.15193176269533
2019-08-23,119.27259826660156
2019-08-26,120.34999084472656
2019-08-27,119.5109634399414
2019-08-28,119.50144958496094
2019-08-29,119.8732681274414
2019-08-30,120.1878890991211
2019-09-03,118.48126220703124
2019-09-04,119.83512878417967
2019-09-05,122.4760971069336
2019-09-06,123.4009246826172
2019-09-09,123.85855102539062
2019-09-10,125.55562591552734
2019-09-11,126.89041137695312
2019-09-12,126.33741760253906
2019-09-13,127.74850463867188
2019-09-16,124.40199279785156
2019-09-17,124.47823333740234
2019-09-18,124.1255111694336
2019-09-19,123.51531219482422
2019-09-20,121.05550384521484
2019-09-23,119.98767852783205
2019-09-24,116.57443237304688
2019-09-25,117.2990264892578
2019-09-26,116.00237274169922
2019-09-27,115.1443099975586
2019-09-30,118.57662963867188
2019-10-01,117.65180206298828
2019-10-02,114.7248077392578
2019-10-03,113.47581481933594
2019-10-04,115.2301254272461
2019-10-07,113.6474380493164
2019-10-08,112.188720703125
2019-10-09,112.9705047607422
2019-10-10,112.68446350097656
2019-10-11,115.53520965576172
2019-10-14,114.50552368164062
2019-10-15,115.46849060058594
2019-10-16,115.4494171142578
2019-10-17,114.95362091064452
2019-10-18,115.4112777709961
2019-10-21,117.27043151855467
2019-10-22,116.36469268798828
2019-10-23,117.73760986328124
2019-10-24,118.50987243652344
2019-10-25,120.30228424072266
2019-10-28,120.70272827148438
2019-10-29,120.63600158691406
2019-10-30,120.5501937866211
2019-10-31,120.65509033203124
2019-11-01,122.11380004882812
2019-11-04,124.096923828125
2019-11-05,127.46244049072266
2019-11-06,126.40418243408205
2019-11-07,126.86180114746094
2019-11-08,126.99528503417967
2019-11-11,125.61285400390624
2019-11-12,126.35650634765624
2019-11-13,127.42431640625
2019-11-14,128.2823944091797
2019-11-15,129.20721435546875
2019-11-18,129.35972595214844
2019-11-19,129.15957641601562
2019-11-20,126.97801208496094
2019-11-21,127.2363510131836
2019-11-22,130.3651123046875
2019-11-25,132.02040100097656
2019-11-26,134.02972412109375
2019-11-27,135.23524475097656
2019-11-29,134.29759216308594
2019-12-02,134.36459350585938
2019-12-03,132.5753631591797
2019-12-04,133.24514770507812
2019-12-05,134.24020385742188
2019-12-06,136.1442413330078
2019-12-09,135.24488830566406
2019-12-10,134.4985809326172
2019-12-11,136.5843963623047
2019-12-12,138.83290100097656
2019-12-13,139.84710693359375
2019-12-16,141.51194763183594
2019-12-17,142.4783477783203
2019-12-18,143.0906982421875
2019-12-19,143.5595245361328
2019-12-20,144.28668212890625
2019-12-23,144.70770263671875
2019-12-24,144.9564666748047
2019-12-26,146.51605224609375
2019-12-27,146.13333129882812
2019-12-30,145.31048583984375
2019-12-31,144.88949584960938
2020-01-02,144.94691467285156
2020-01-03,142.82275390625
2020-01-06,140.97608947753906
2020-01-07,138.6798095703125
2020-01-08,140.3924560546875
2020-01-09,140.12457275390625
2020-01-10,139.1103515625
2020-01-13,140.45944213867188
2020-01-14,140.79432678222656
2020-01-15,140.93785095214844
2020-01-16,142.58358764648438
2020-01-17,143.77000427246094
2020-01-21,138.1344451904297
2020-01-22,137.89523315429688
2020-01-23,138.69894409179688
2020-01-24,134.92910766601562
2020-01-27,132.03953552246094
2020-01-28,135.149169921875
2020-01-29,136.450439453125
2020-01-30,137.12020874023438
2020-01-31,134.01058959960938
2020-02-03,135.36924743652344
2020-02-04,141.03353881835938
2020-02-05,141.3301544189453
2020-02-06,139.90447998046875
2020-02-07,137.84738159179688
2020-02-10,139.4356689453125
2020-02-11,140.83262634277344
2020-02-12,144.26756286621094
2020-02-13,140.3829345703125
2020-02-14,138.6415557861328
2020-02-18,138.6798095703125
2020-02-19,141.25360107421875
2020-02-20,140.49774169921875
2020-02-21,137.05323791503906
2020-02-24,129.00645446777344
2020-02-25,118.72077178955078
2020-02-26,114.99879455566406
2020-02-27,114.93153381347656
2020-02-28,119.11996459960938
2020-03-02,118.12085723876952
2020-03-03,109.78250122070312
2020-03-04,113.67308807373048
2020-03-05,105.88228607177734
2020-03-06,106.30496215820312
2020-03-09,100.08958435058594
2020-03-10,105.65171813964844
2020-03-11,96.17017364501952
2020-03-12,90.02201843261719
2020-03-13,91.84724426269533
2020-03-16,83.01892852783203
2020-03-17,72.27891540527344
2020-03-18,61.29874801635742
2020-03-19,64.17108154296875
2020-03-20,71.64488983154297
2020-03-23,67.37000274658203
2020-03-24,76.02543640136719
2020-03-25,81.89497375488281
2020-03-26,79.55098724365234
2020-03-27,75.74685668945312
2020-03-30,73.16271209716797
2020-03-31,71.86583709716797
2020-04-01,66.4285888671875
2020-04-02,60.5206298828125
2020-04-03,56.7549057006836
2020-04-06,67.81192016601562
2020-04-07,70.914794921875
2020-04-08,79.28202056884766
2020-04-09,78.11001586914062
2020-04-13,75.01676177978516
2020-04-14,79.42613220214844
2020-04-15,77.5528564453125
2020-04-16,77.22624206542969
2020-04-17,80.9439468383789
2020-04-20,76.63062286376953
2020-04-21,76.7555160522461
2020-04-22,76.87079620361328
2020-04-23,77.9083023071289
2020-04-24,77.53365325927734
2020-04-27,81.9141845703125
2020-04-28,83.97955322265625
2020-04-29,92.2123031616211
2020-04-30,87.36104583740234
2020-05-01,81.41464233398438
2020-05-04,79.33004760742188
2020-05-05,80.36754608154297
2020-05-06,77.91789245605469
2020-05-07,82.59623718261719
2020-05-08,83.73941040039062
2020-05-11,79.07066345214844
2020-05-12,76.20796203613281
2020-05-13,72.29811096191406
2020-05-14,76.131103515625
2020-05-15,76.62103271484375
2020-05-18,89.9355697631836
2020-05-19,87.10165405273438
2020-05-20,89.0325698852539
2020-05-21,87.75489044189453
2020-05-22,87.46672821044922
2020-05-26,91.18441009521484
2020-05-27,94.10477447509766
2020-05-28,88.03350067138672
2020-05-29,85.01705169677734
2020-06-01,91.29007720947266
2020-06-02,91.84724426269533
2020-06-03,95.96843719482422
2020-06-04,100.6948013305664
2020-06-05,103.71121215820312
2020-06-08,108.68736267089844
2020-06-09,103.09640502929688
2020-06-10,98.58137512207033
2020-06-11,87.84137725830078
2020-06-12,88.62909698486328
2020-06-15,87.21693420410156
2020-06-16,90.29102325439452
2020-06-17,87.54357147216797
2020-06-18,89.09980773925781
2020-06-19,86.15064239501953
2020-06-22,86.6309585571289
2020-06-23,87.05362701416016
2020-06-24,81.6548080444336
2020-06-25,80.73258972167969
2020-06-26,77.75460052490234
2020-06-29,83.19184875488281
2020-06-30,82.35608673095703
2020-07-01,83.21105194091797
2020-07-02,84.34461975097656
2020-07-06,86.29472351074219
2020-07-07,83.98916625976562
2020-07-08,86.44843292236328
2020-07-09,82.85562133789062
2020-07-10,85.02666473388672
2020-07-13,84.0564193725586
2020-07-14,83.69137573242188
2020-07-15,90.32942962646484
2020-07-16,89.4456558227539
2020-07-17,87.87979125976562
2020-07-20,84.99787139892578
2020-07-21,86.41960144042969
2020-07-22,87.23616790771484
2020-07-23,85.46856689453125
2020-07-24,84.0564193725586
2020-07-27,82.87483978271484
2020-07-28,83.14382934570312
2020-07-29,83.7105941772461
2020-07-30,82.14472961425781
2020-07-31,80.53085327148438
2020-08-03,80.2330551147461
2020-08-04,82.71150970458984
2020-08-05,83.8354721069336
2020-08-06,86.83268737792969
2020-08-07,90.08927154541016
2020-08-10,93.30743408203124
2020-08-11,93.19214630126952
2020-08-12,92.25072479248048
2020-08-13,92.70223999023438
2020-08-14,92.23150634765624
2020-08-17,91.95293426513672
2020-08-18,90.7232894897461
2020-08-19,90.30059814453124
2020-08-20,90.31983184814452
2020-08-21,91.52062225341795
2020-08-24,94.03753662109376
2020-08-25,94.88289642333984
2020-08-26,93.54759979248048
2020-08-27,97.78404235839844
2020-08-28,102.078125
2020-08-31,98.8599624633789
2020-09-01,99.03287506103516
2020-09-02,100.28170776367188
2020-09-03,99.03287506103516
2020-09-04,100.6948013305664
2020-09-08,99.88786315917967
2020-09-09,97.995361328125
2020-09-10,96.42953491210938
2020-09-11,95.35362243652344
2020-09-14,100.560302734375
2020-09-15,101.24234771728516
2020-09-16,103.51908111572266
2020-09-17,100.30094909667967
2020-09-18,95.9491958618164
2020-09-21,89.35919189453125
2020-09-22,91.74159240722656
2020-09-23,89.28234100341797
2020-09-24,87.75489044189453
2020-09-25,89.33035278320312
2020-09-28,92.22191619873048
2020-09-29,89.55130767822266
2020-09-30,88.93649291992188
2020-10-01,90.63683319091795
2020-10-02,91.50141143798828
2020-10-05,92.97122192382812
2020-10-06,93.1056900024414
2020-10-07,95.11344909667967
2020-10-08,96.36228942871094
2020-10-09,95.4304656982422
2020-10-12,96.74652862548828
2020-10-13,94.37372589111328
2020-10-14,93.24979400634766
2020-10-15,93.24979400634766
2020-10-16,93.91265106201172
2020-10-19,90.24297332763672
2020-10-20,92.308349609375
2020-10-21,91.40535736083984
2020-10-22,96.85221099853516
2020-10-23,97.75523376464844
2020-10-26,92.2411117553711
2020-10-27,89.78189086914062
2020-10-28,86.42922973632812
2020-10-29,89.65699768066406
2020-10-30,89.22467803955078
2020-11-02,89.2439193725586
2020-11-03,92.308349609375
2020-11-04,94.18163299560548
2020-11-05,96.9386749267578
2020-11-06,99.80139923095705
2020-11-09,113.64429473876952
2020-11-10,113.81720733642578
2020-11-11,111.80946350097656
2020-11-12,110.80077362060548
2020-11-13,115.27737426757812
2020-11-16,118.889404296875
2020-11-17,117.94795989990234
2020-11-18,115.60399627685548
2020-11-19,116.3437042236328
2020-11-20,114.58570861816406
2020-11-23,118.24578094482422
2020-11-24,125.75801849365234
2020-11-25,124.13451385498048
2020-11-27,123.29875946044922
2020-11-30,121.87702178955078
2020-12-01,123.46208190917967
2020-12-02,123.6541976928711
2020-12-03,127.112548828125
2020-12-04,130.27304077148438
2020-12-07,127.72734832763672
2020-12-08,127.3334503173828
2020-12-09,125.33533477783205
2020-12-10,126.58415985107422
2020-12-11,123.45247650146484
2020-12-14,121.6368637084961
2020-12-15,125.22966766357422
2020-12-16,125.30652618408205
2020-12-17,125.16242218017578
2020-12-18,123.75027465820312
2020-12-21,122.30931091308594
2020-12-22,121.2910385131836
2020-12-23,123.54852294921876
2020-12-24,123.6830062866211
2020-12-28,123.26995086669922
2020-12-29,123.92315673828124
2020-12-30,125.33533477783205
2020-12-31,126.72827911376952
2021-01-04,119.85964965820312
2021-01-05,121.12770080566406
2021-01-06,124.29783630371094
2021-01-07,125.22007751464844
2021-01-08,124.58604431152344
2021-01-11,123.59656524658205
2021-01-12,122.37652587890624
2021-01-13,121.53119659423828
2021-01-14,123.85594940185548
2021-01-15,121.8097686767578
2021-01-19,121.8674087524414
2021-01-20,121.7425308227539
2021-01-21,121.6368637084961
2021-01-22,118.06326293945312
2021-01-25,114.91233825683594
2021-01-26,115.7000732421875
2021-01-27,112.8469467163086
2021-01-28,115.9594497680664
2021-01-29,111.73259735107422
2021-02-01,113.11593627929688
2021-02-02,117.29473114013672
2021-02-03,118.49552917480467
2021-02-04,120.51290130615234
2021-02-05,124.38427734375
2021-02-08,124.00965118408205
2021-02-09,122.04994201660156
2021-02-10,121.76173400878906
2021-02-11,121.6656723022461
2021-02-12,124.38427734375
2021-02-16,125.2680892944336
2021-02-17,126.17108917236328
2021-02-18,126.7859344482422
2021-02-19,130.9166717529297
2021-02-22,136.9495391845703
2021-02-23,143.66445922851562
2021-02-24,151.3015899658203
2021-02-25,144.1831817626953
2021-02-26,142.24267578125
2021-03-01,142.626953125
2021-03-02,143.08802795410156
2021-03-03,140.5519256591797
2021-03-04,139.0725860595703
2021-03-05,141.13792419433594
2021-03-08,144.51939392089844
2021-03-09,141.2147979736328
2021-03-10,141.3492889404297
2021-03-11,142.97276306152344
2021-03-12,144.2888641357422
2021-03-15,147.51661682128906
2021-03-16,144.70196533203125
2021-03-17,149.81253051757812
2021-03-18,148.2178497314453
2021-03-19,146.28700256347656
2021-03-22,145.53770446777344
2021-03-23,136.81503295898438
2021-03-24,137.6411895751953
2021-03-25,140.8016815185547
2021-03-26,141.0418701171875
2021-03-29,138.9092559814453
2021-03-30,142.3963623046875
2021-03-31,142.2811279296875
2021-04-01,142.43478393554688
2021-04-05,144.99012756347656
2021-04-06,145.65296936035156
2021-04-07,142.95355224609375
2021-04-08,143.5587615966797
2021-04-09,142.63653564453125
2021-04-12,143.47232055664062
2021-04-13,142.95355224609375
2021-04-14,143.70286560058594
2021-04-15,143.30899047851562
2021-04-16,142.7806396484375
2021-04-19,142.07936096191406
2021-04-20,136.3827362060547
2021-04-21,139.0629425048828
2021-04-22,140.86898803710938
2021-04-23,142.52125549316406
2021-04-26,142.63653564453125
2021-04-27,143.846923828125
2021-04-28,143.568359375
2021-04-29,145.0862274169922
2021-04-30,142.6749725341797
2021-05-03,143.03042602539062
2021-05-04,141.80081176757812
2021-05-05,138.82276916503906
2021-05-06,136.9783172607422
2021-05-07,140.91697692871094
2021-05-10,135.12432861328125
2021-05-11,136.13299560546875
2021-05-12,130.5900421142578
2021-05-13,133.7889862060547
2021-05-14,137.65078735351562
2021-05-17,134.3557891845703
2021-05-18,134.26930236816406
2021-05-19,133.94268798828125
2021-05-20,133.51043701171875
2021-05-21,133.53924560546875
2021-05-24,136.30589294433594
2021-05-25,137.1704864501953
2021-05-26,138.78436279296875
2021-05-27,140.10044860839844
2021-05-28,137.9293975830078
2021-06-01,139.46640014648438
2021-06-02,137.01675415039062
2021-06-03,134.87452697753906
2021-06-04,136.4691925048828
2021-06-07,136.8726806640625
2021-06-08,139.98516845703125
2021-06-09,138.1599578857422
2021-06-10,138.3040771484375
2021-06-11,137.83334350585938
2021-06-14,138.23680114746094
2021-06-15,138.43853759765625
2021-06-16,137.57394409179688
2021-06-17,136.2098388671875
2021-06-18,133.3663330078125
2021-06-21,137.2569580078125
2021-06-22,135.83517456054688
2021-06-23,135.54701232910156
2021-06-24,135.24917602539062
2021-06-25,134.624755859375
2021-06-28,130.5227813720703
2021-06-29,129.6870574951172
2021-06-30,131.14724731445312
2021-07-01,133.76019287109375
2021-07-02,135.70068359375
2021-07-06,134.6151885986328
2021-07-07,134.1156463623047
2021-07-08,132.22315979003906
2021-07-09,136.8726806640625
2021-07-12,136.19064331054688
2021-07-13,132.89564514160156
2021-07-14,134.1348419189453
2021-07-15,134.03878784179688
2021-07-16,129.73507690429688
2021-07-19,125.70040130615234
2021-07-20,129.71585083007812
2021-07-21,134.83609008789062
2021-07-22,133.04931640625
2021-07-23,133.70254516601562
2021-07-26,136.88229370117188
2021-07-27,137.8045196533203
2021-07-28,138.8804473876953
2021-07-29,142.06015014648438
2021-07-30,140.23489379882812
2021-08-02,139.16864013671875
2021-08-03,137.01675415039062
2021-08-04,132.54017639160156
2021-08-05,136.14259338378906
2021-08-06,136.01771545410156
2021-08-09,131.71405029296875
2021-08-10,132.5593719482422
2021-08-11,132.68426513671875
2021-08-12,129.4661102294922
2021-08-13,129.09144592285156
2021-08-16,127.89063262939452
2021-08-17,125.22966766357422
2021-08-18,124.88382720947266
2021-08-19,125.13360595703124
2021-08-20,125.9885711669922
2021-08-23,128.87049865722656
2021-08-24,131.50267028808594
2021-08-25,131.5122833251953
2021-08-26,128.4093780517578
2021-08-27,130.66688537597656
2021-08-30,129.7831268310547
2021-08-31,129.82154846191406
2021-09-01,129.5237274169922
2021-09-02,130.07130432128906
2021-09-03,127.76577758789062
2021-09-07,128.7744598388672
2021-09-08,128.51504516601562
2021-09-09,130.73414611816406
2021-09-10,130.3018798828125
2021-09-13,134.4710693359375
2021-09-14,136.73818969726562
2021-09-15,138.98606872558594
2021-09-16,139.10137939453125
2021-09-17,138.23680114746094
2021-09-20,137.19931030273438
2021-09-21,136.42120361328125
2021-09-22,138.7171173095703
2021-09-23,144.01026916503906
2021-09-24,146.50794982910156
2021-09-27,148.2467041015625
2021-09-28,147.5454559326172
2021-09-29,145.93153381347656
2021-09-30,142.26190185546875
2021-10-01,149.831787109375
2021-10-04,149.034423828125
2021-10-05,149.3226318359375
2021-10-06,149.19773864746094
2021-10-07,151.5417022705078
2021-10-08,150.90773010253906
2021-10-11,150.6483154296875
2021-10-12,151.2535400390625
2021-10-13,148.53489685058594
2021-10-14,149.1112823486328
2021-10-15,153.74159240722656
2021-10-18,152.9442596435547
2021-10-19,148.91917419433594
2021-10-20,147.238037109375
2021-10-21,149.5243682861328
2021-10-22,148.65980529785156
2021-10-25,148.69821166992188
2021-10-26,149.8990478515625
2021-10-27,153.5110321044922
2021-10-28,153.67434692382812
2021-10-29,153.72238159179688
2021-11-01,155.4611358642578
2021-11-02,153.7607879638672
2021-11-03,158.05490112304688
2021-11-04,157.63223266601562
2021-11-05,161.01370239257812
2021-11-08,161.76296997070312
2021-11-09,158.2854461669922
2021-11-10,154.65423583984375
2021-11-11,150.69638061523438
2021-11-12,150.32171630859375
2021-11-15,149.55316162109375
2021-11-16,147.92970275878906
2021-11-17,150.55227661132812
2021-11-18,149.60121154785156
2021-11-19,148.8230743408203
2021-11-22,150.2544403076172
2021-11-23,151.2439727783203
2021-11-24,151.40725708007812
2021-11-26,141.63746643066406
2021-11-29,144.83644104003906
2021-11-30,141.75274658203125
2021-12-01,136.8918914794922
2021-12-02,145.1726531982422
2021-12-03,144.0775146484375
2021-12-06,150.53306579589844
2021-12-07,150.36973571777344
2021-12-08,151.43606567382812
2021-12-09,150.96536254882812
2021-12-10,154.48130798339844
2021-12-13,147.6318817138672
2021-12-14,147.94891357421875
2021-12-15,145.23028564453125
2021-12-16,144.82681274414062
2021-12-17,144.27923583984375
2021-12-20,143.78933715820312
2021-12-21,152.0893096923828
2021-12-22,156.181640625
2021-12-23,158.68893432617188
2021-12-27,160.1491241455078
2021-12-28,160.18753051757812
2021-12-29,159.99542236328125
2021-12-30,158.3719024658203
2021-12-31,158.73696899414062
2022-01-03,157.4592742919922
2022-01-04,161.39793395996094
2022-01-05,157.90118408203125
2022-01-06,158.71774291992188
2022-01-07,160.10105895996094
2022-01-10,155.67250061035156
2022-01-11,158.69851684570312
2022-01-12,158.3719024658203
2022-01-13,158.03565979003906
2022-01-14,156.39297485351562
2022-01-18,153.23243713378906
2022-01-19,148.13143920898438
2022-01-20,150.53306579589844
2022-01-21,150.81161499023438
2022-01-24,149.61083984375
2022-01-25,150.85006713867188
2022-01-26,152.483154296875
2022-01-27,147.6607208251953
2022-01-28,153.10760498046875
2022-01-31,154.77908325195312
2022-02-01,156.60433959960938
2022-02-02,154.5389404296875
2022-02-03,155.6340789794922
2022-02-04,156.33534240722656
2022-02-07,159.50546264648438
2022-02-08,164.79864501953125
2022-02-09,166.70069885253906
2022-02-10,167.80543518066406
2022-02-11,163.19436645507812
2022-02-14,164.5872802734375
2022-02-15,174.06886291503906
2022-02-16,176.04774475097656
2022-02-17,171.15809631347656
2022-02-18,168.03598022460938
2022-02-22,166.3068389892578
2022-02-23,161.35948181152344
2022-02-24,162.1088104248047
2022-02-25,167.5076446533203
2022-02-28,163.44412231445312
2022-03-01,158.41993713378906
2022-03-02,161.6092529296875
2022-03-03,158.95790100097656
2022-03-04,153.0115203857422
2022-03-07,142.23309326171875
2022-03-08,146.77694702148438
2022-03-09,153.19403076171875
2022-03-10,156.1624298095703
2022-03-11,155.2786407470703
2022-03-14,155.39390563964844
2022-03-15,159.85128784179688
2022-03-16,165.50950622558594
2022-03-17,164.50082397460938
2022-03-18,164.4528045654297
2022-03-21,163.2615966796875
2022-03-22,163.8572235107422
2022-03-23,161.05213928222656
2022-03-24,165.21170043945312
2022-03-25,164.76983642578125
2022-03-28,164.80824279785156
2022-03-29,171.3021697998047
2022-03-30,169.50576782226562
2022-03-31,168.8333282470703
2022-04-01,166.8447723388672
2022-04-04,167.77659606933594
2022-04-05,167.15220642089844
2022-04-06,159.63034057617188
2022-04-07,158.17979431152344
2022-04-08,157.41127014160156
2022-04-11,156.05674743652344
2022-04-12,156.815673828125
2022-04-13,168.63157653808594
2022-04-14,173.40597534179688
2022-04-18,175.94207763671875
2022-04-19,181.3505096435547
2022-04-20,182.8107147216797
2022-04-21,176.9219512939453
2022-04-22,172.4261474609375
2022-04-25,175.29847717285156
2022-04-26,170.2742919921875
2022-04-27,173.10818481445312
2022-04-28,177.2965850830078
2022-04-29,170.53366088867188
2022-05-02,171.12930297851562
2022-05-03,166.22999572753906
2022-05-04,174.1072540283203
2022-05-05,170.6681365966797
2022-05-06,165.73045349121094
2022-05-09,157.40164184570312
2022-05-10,161.47479248046875
2022-05-11,160.38926696777344
2022-05-12,156.9116973876953
2022-05-13,160.1454315185547
2022-05-16,156.22842407226562
2022-05-17,158.66329956054688
2022-05-18,148.23074340820312
2022-05-19,151.04103088378906
2022-05-20,149.3953094482422
2022-05-23,152.022705078125
2022-05-24,146.90264892578125
2022-05-25,153.55291748046875
2022-05-26,163.77371215820312
2022-05-27,166.0739288330078
2022-05-31,165.13075256347656
2022-06-01,164.1779327392578
2022-06-02,167.8639678955078
2022-06-03,168.0853271484375
2022-06-06,170.93408203125
2022-06-07,170.52023315429688
2022-06-08,166.68020629882812
2022-06-09,161.34844970703125
2022-06-10,153.8608856201172
2022-06-13,146.38294982910156
2022-06-14,146.49842834472656
2022-06-15,148.98147583007812
2022-06-16,139.7038116455078
2022-06-17,139.7711639404297
2022-06-21,136.25836181640625
2022-06-22,131.330810546875
2022-06-23,128.05856323242188
2022-06-24,134.15069580078125
2022-06-27,134.92062377929688
2022-06-28,133.47702026367188
2022-06-29,132.55308532714844
2022-06-30,130.89772033691406
2022-07-01,133.94854736328125
2022-07-05,133.47702026367188
2022-07-06,130.5512237548828
2022-07-07,133.4673309326172
2022-07-08,132.62045288085938
2022-07-11,132.58197021484375
2022-07-12,133.89083862304688
2022-07-13,135.50765991210938
2022-07-14,135.48841857910156
2022-07-15,137.96185302734375
2022-07-18,139.15521240234375
2022-07-19,145.24729919433594
2022-07-20,146.86416625976562
2022-07-21,145.32427978515625
2022-07-22,145.23765563964844
2022-07-25,147.239501953125
2022-07-26,145.36277770996094
2022-07-27,151.6762237548828
2022-07-28,152.14779663085938
2022-07-29,152.85035705566406
2022-08-01,153.57215881347656
2022-08-02,152.2921600341797
2022-08-03,153.35081481933594
2022-08-04,153.0139617919922
2022-08-05,151.10836791992188
2022-08-08,152.3209991455078
2022-08-09,152.8214569091797
2022-08-10,155.1793975830078
2022-08-11,155.07350158691406
2022-08-12,157.90301513671875
2022-08-15,157.04649353027344
2022-08-16,159.99143981933594
2022-08-17,157.70643615722656
2022-08-18,159.13336181640625
2022-08-19,155.59494018554688
2022-08-22,152.25897216796875
2022-08-23,152.953125
2022-08-24,154.19686889648438
2022-08-25,156.8386688232422
2022-08-26,151.07301330566406
2022-08-29,150.1378173828125
2022-08-30,147.84312438964844
2022-08-31,148.22879028320312
2022-09-01,148.43124389648438
2022-09-02,148.70118713378906
2022-09-06,146.90789794921875
2022-09-07,151.950439453125
2022-09-08,153.6858673095703
2022-09-09,156.53981018066406
2022-09-12,157.9088897705078
2022-09-13,152.2203826904297
2022-09-14,156.71331787109375
2022-09-15,156.68438720703125
2022-09-16,149.3665008544922
2022-09-19,151.7190399169922
2022-09-20,151.3815460205078
2022-09-21,142.8584442138672
2022-09-22,135.08741760253906
2022-09-23,132.55165100097656
2022-09-26,131.33682250976562
2022-09-27,133.7086181640625
2022-09-28,138.66441345214844
2022-09-29,135.4730682373047
2022-09-30,135.11631774902344
2022-10-03,135.7526397705078
2022-10-04,142.27029418945312
2022-10-05,141.9039306640625
2022-10-06,138.90542602539062
2022-10-07,136.4275665283203
2022-10-10,135.46339416503906
2022-10-11,133.814697265625
2022-10-12,136.7843017578125
2022-10-13,138.08590698242188
2022-10-14,138.38479614257812
2022-10-17,142.54994201660156
2022-10-18,144.61325073242188
2022-10-19,144.61325073242188
2022-10-20,142.2317657470703
2022-10-21,147.98773193359375
2022-10-24,149.42433166503906
2022-10-25,149.8582000732422
2022-10-26,149.48219299316406
2022-10-27,150.6488037109375
2022-10-28,153.92691040039062
2022-10-31,154.37042236328125
2022-11-01,154.33187866210938
2022-11-02,147.5056915283203
2022-11-03,141.22903442382812
2022-11-04,143.62014770507812
2022-11-07,143.03201293945312
2022-11-08,145.1049346923828
2022-11-09,144.20828247070312
2022-11-10,152.31680297851562
2022-11-11,157.9088897705078
2022-11-14,153.8112335205078
2022-11-15,155.970947265625
2022-11-16,155.8070526123047
2022-11-17,154.2354278564453
2022-11-18,155.91311645507812
2022-11-21,154.77537536621094
2022-11-22,157.49143981933594
2022-11-23,156.0802459716797
2022-11-25,157.09512329101562
2022-11-28,153.5768280029297
2022-11-29,155.8675994873047
2022-11-30,159.82081604003906
2022-12-01,159.66619873046875
2022-12-02,160.0914764404297
2022-12-05,156.6215057373047
2022-12-06,155.10400390625
2022-12-07,152.0207061767578
2022-12-08,155.28765869140625
2022-12-09,155.7709503173828
2022-12-12,157.71372985839844
2022-12-13,157.66537475585938
2022-12-14,154.0021514892578
2022-12-15,150.21319580078125
2022-12-16,148.6473388671875
2022-12-19,146.30831909179688
2022-12-20,145.3804168701172
2022-12-21,143.77590942382812
2022-12-22,142.29708862304688
2022-12-23,143.61160278320312
2022-12-27,143.38931274414062
2022-12-28,140.7312469482422
2022-12-29,143.0220184326172
2022-12-30,143.91123962402344
2023-01-03,142.8093719482422
2023-01-04,144.84878540039062
2023-01-05,143.90158081054688
2023-01-06,148.25111389160156
2023-01-09,147.42953491210938
2023-01-10,148.03846740722656
2023-01-11,153.17091369628906
2023-01-12,154.64007568359375
2023-01-13,156.3701934814453
2023-01-17,155.6066436767578
2023-01-18,154.4467315673828
2023-01-19,155.64529418945312
2023-01-20,161.3286895751953
2023-01-23,163.36813354492188
2023-01-24,163.95770263671875
2023-01-25,166.56744384765625
2023-01-26,168.74217224121094
2023-01-27,168.5005340576172
2023-01-30,165.47520446777344
2023-01-31,168.35552978515625
2023-02-01,169.49610900878906
2023-02-02,170.27903747558594
2023-02-03,168.59718322753906
2023-02-06,166.55775451660156
2023-02-07,169.55410766601562
2023-02-08,168.19125366210938
2023-02-09,169.05148315429688
2023-02-10,165.63954162597656
2023-02-13,168.5391845703125
2023-02-14,175.20848083496094
2023-02-15,174.55120849609375
2023-02-16,169.9116973876953
2023-02-17,166.75108337402344
2023-02-21,164.9726104736328
2023-02-22,164.88558959960938
2023-02-23,166.58108520507812
2023-02-24,165.02125549316406
2023-02-27,164.32363891601562
2023-02-28,163.96517944335938
2023-03-01,164.15896606445312
2023-03-02,165.5734405517578
2023-03-03,167.67584228515625
2023-03-06,169.66192626953125
2023-03-07,168.1602783203125
2023-03-08,168.03431701660156
2023-03-09,162.50228881835938
2023-03-10,159.4020233154297
2023-03-13,155.5557403564453
2023-03-14,157.61935424804688
2023-03-15,153.39524841308594
2023-03-16,156.10801696777344
2023-03-17,153.82154846191406
2023-03-20,157.95843505859375
2023-03-21,162.53134155273438
2023-03-22,158.12313842773438
2023-03-23,154.9938201904297
2023-03-24,151.680419921875
2023-03-27,151.69976806640625
2023-03-28,154.02499389648438
2023-03-29,157.0768280029297
2023-03-30,157.60000610351562
2023-03-31,160.8649139404297
2023-04-03,159.33419799804688
2023-04-04,159.2567138671875
2023-04-05,157.493408203125
2023-04-06,157.9681396484375
2023-04-10,157.7162628173828
2023-04-11,158.77227783203125
2023-04-12,156.4373779296875
2023-04-13,160.3417510986328
2023-04-14,162.86074829101562
2023-04-17,164.45933532714844
2023-04-18,168.24745178222656
2023-04-19,168.29591369628906
2023-04-20,168.34434509277344
2023-04-21,168.97409057617188
2023-04-24,168.8965606689453
2023-04-25,167.47238159179688
2023-04-26,159.9736328125
2023-04-27,160.23519897460938
2023-04-28,164.06210327148438
2023-05-01,164.83718872070312
2023-05-02,173.0431671142578
2023-05-03,172.88815307617188
2023-05-04,170.97958374023438
2023-05-05,171.06678771972656
2023-05-08,172.40374755859375
2023-05-09,173.41134643554688
2023-05-10,170.1560821533203
2023-05-11,169.0515899658203
2023-05-12,168.67372131347656
2023-05-15,170.03012084960938
2023-05-16,169.1291046142578
2023-05-17,171.58993530273438
2023-05-18,175.39744567871094
2023-05-19,172.86874389648438
2023-05-22,169.2356719970703
2023-05-23,164.25588989257812
2023-05-24,163.00604248046875
2023-05-25,166.8253936767578
2023-05-26,166.92257690429688
2023-05-30,164.3277587890625
2023-05-31,163.06439208984375
2023-06-01,166.32003784179688
2023-06-02,172.2288055419922
2023-06-05,172.2288055419922
2023-06-06,175.8051300048828
2023-06-07,172.25796508789062
2023-06-08,173.4532928466797
2023-06-09,173.96836853027344
2023-06-12,175.84402465820312
2023-06-13,176.30076599121094
2023-06-14,176.349365234375
2023-06-15,171.7039794921875
2023-06-16,171.39303588867188
2023-06-20,168.89540100097656
2023-06-21,171.15975952148438
2023-06-22,170.7418670654297
2023-06-23,166.62132263183594
2023-06-26,166.67959594726562
2023-06-27,172.31625366210938
2023-06-28,172.6564178466797
2023-06-29,176.16473388671875
2023-06-30,178.5166015625
2023-07-03,179.0413360595703
2023-07-05,176.9907989501953
2023-07-06,176.91302490234375
2023-07-07,180.4310913085937
2023-07-10,185.56239318847656
2023-07-11,185.87335205078125
2023-07-12,184.6585998535156
2023-07-13,186.0871734619141
2023-07-14,184.0559997558593
2023-07-17,185.9025421142578
2023-07-18,188.20578002929688
2023-07-19,184.8529510498047
2023-07-20,186.0871734619141
2023-07-21,189.41085815429688
2023-07-24,188.798583984375
2023-07-25,189.34283447265625
2023-07-26,188.2738342285156
2023-07-27,190.23692321777344
2023-07-28,193.9882354736328
2023-07-31,196.12625122070312
2023-08-01,198.9737091064453
2023-08-02,197.77835083007807
2023-08-03,195.1932830810547
2023-08-04,197.26329040527344
2023-08-07,198.93484497070312
2023-08-08,200.64529418945312
2023-08-09,200.3148651123047
2023-08-10,202.5209503173828
2023-08-11,202.63755798339844
2023-08-14,201.0145568847656
2023-08-15,200.19821166992188
2023-08-16,201.17251586914065
2023-08-17,197.1291961669922
2023-08-18,196.8953552246093
2023-08-21,194.67401123046875
2023-08-22,198.7075653076172
2023-08-23,198.0255584716797
2023-08-24,193.68019104003903
2023-08-25,194.65447998046875
2023-08-28,197.3240661621093
2023-08-29,200.8509979248047
2023-08-30,200.07159423828125
2023-08-31,198.27886962890625
2023-09-01,200.529525756836
2023-09-05,195.86260986328125
2023-09-06,197.2168884277344
2023-09-07,194.732421875
2023-09-08,200.1690368652344
2023-09-11,198.9121551513672
2023-09-12,198.5614471435547
2023-09-13,195.08316040039065
2023-09-14,198.9608764648437
2023-09-15,197.9379119873047
2023-09-18,195.5215759277344
2023-09-19,193.4366149902344
2023-09-20,194.72268676757807
2023-09-21,190.1532592773437
2023-09-22,189.3640594482422
2023-09-25,187.9708404541016
2023-09-26,186.8308868408203
2023-09-27,188.8964080810547
2023-09-28,194.42068481445312
2023-09-29,191.5075225830078
2023-10-02,188.76974487304688
2023-10-03,185.49610900878903
2023-10-04,189.81228637695312
2023-10-05,189.7635498046875
2023-10-06,190.9424285888672
2023-10-09,189.4322662353516
2023-10-10,193.3587188720703
2023-10-11,193.173568725586
2023-10-12,192.7156524658203
2023-10-13,187.9708404541016
2023-10-16,191.97515869140625
2023-10-17,192.43312072753903
2023-10-18,189.40304565429688
2023-10-19,187.3667449951172
2023-10-20,183.1383056640625
2023-10-23,183.7910919189453
2023-10-24,185.25254821777344
2023-10-25,183.58648681640625
2023-10-26,181.6573638916016
2023-10-27,180.5077362060547
2023-10-30,183.2552490234375
2023-10-31,183.7131500244141
2023-11-01,183.9469757080078
2023-11-02,180.9266662597656
2023-11-03,186.3827209472656
2023-11-06,186.246322631836
2023-11-07,189.50048828125
2023-11-08,187.6298370361328
2023-11-09,189.39328002929688
2023-11-10,192.5207977294922
2023-11-13,192.62799072265625
2023-11-14,197.158447265625
2023-11-15,195.99905395507807
2023-11-16,198.4445037841797
2023-11-17,200.4807891845703
2023-11-20,201.6402130126953
2023-11-21,202.37274169921875
2023-11-22,205.068588256836
2023-11-24,204.0723114013672
2023-11-27,202.685302734375
2023-11-28,199.901611328125
2023-11-29,197.77224731445312
2023-11-30,197.9871063232422
2023-12-01,204.4141540527344
2023-12-04,204.73651123046875
2023-12-05,197.9969482421875
2023-12-06,200.018783569336
2023-12-07,203.19325256347656
2023-12-08,204.5313873291016
2023-12-11,211.4467620849609
2023-12-12,211.82769775390625
2023-12-13,212.99978637695312
2023-12-14,214.9728240966797
2023-12-15,215.9984130859375
2023-12-18,216.9556427001953
2023-12-19,216.2425842285156
2023-12-20,211.6811981201172
2023-12-21,216.68212890625
2023-12-22,217.44400024414065
2023-12-26,218.2547302246093
2023-12-27,219.22169494628903
2023-12-28,218.8700561523437
2023-12-29,220.26681518554688
2024-01-02,216.68212890625
2024-01-03,213.94723510742188
2024-01-04,214.90444946289065
2024-01-05,217.2486572265625
2024-01-08,222.923583984375
2024-01-09,221.2142639160156
2024-01-10,221.4974975585937
2024-01-11,221.70260620117188
2024-01-12,220.2570343017578
2024-01-16,221.0774841308593
2024-01-17,222.40591430664065
2024-01-18,227.2701110839844
2024-01-19,228.23709106445312
2024-01-22,231.86080932617188
2024-01-23,231.5873260498047
2024-01-24,232.3394317626953
2024-01-25,236.8813323974609
2024-01-26,235.98272705078125
2024-01-29,236.5004119873047
2024-01-30,237.5357360839844
2024-01-31,234.1561737060547
2024-02-01,238.0045928955078
2024-02-02,239.4208526611328
2024-02-05,238.5515594482422
2024-02-06,239.0692138671875
2024-02-07,242.17530822753903
2024-02-08,243.7771759033203
2024-02-09,241.27667236328125
2024-02-12,243.0543670654297
2024-02-13,229.4775848388672
2024-02-14,229.91709899902344
2024-02-15,234.89849853515625
2024-02-16,236.01202392578125
2024-02-20,237.29156494140625
2024-02-21,238.201904296875
2024-02-22,244.0357818603516
2024-02-23,246.159896850586
2024-02-26,243.9476928710937
2024-02-27,243.76171875
2024-02-28,243.7225799560547
2024-02-29,244.5839385986328
2024-03-01,244.71121215820312
2024-03-04,242.1858062744141
2024-03-05,242.6360778808593
2024-03-06,241.8725433349609
2024-03-07,241.6865692138672
2024-03-08,244.9852752685547
2024-03-11,243.2135772705078
2024-03-12,245.38661193847656
2024-03-13,246.0913848876953
2024-03-14,242.7535095214844
2024-03-15,238.9066772460937
2024-03-18,243.26251220703125
2024-03-19,244.5350036621093
2024-03-20,248.67550659179688
2024-03-21,249.8697204589844
2024-03-22,249.76202392578125
2024-03-25,246.7765655517578
2024-03-26,246.84507751464844
2024-03-27,248.1958923339844
2024-03-28,246.97232055664065
2024-04-01,246.01307678222656
2024-04-02,242.4990081787109
2024-04-03,245.2887115478516
2024-04-04,243.6247100830078
2024-04-05,248.5580444335937
2024-04-08,249.29217529296875
2024-04-09,249.5467071533203
2024-04-10,248.9691772460937
2024-04-11,253.080307006836
2024-04-12,245.7487945556641
2024-04-15,243.15484619140625
2024-04-16,240.42385864257807
2024-04-17,233.4153289794922
2024-04-18,231.30105590820312
2024-04-19,231.00738525390625
2024-04-22,232.38755798339844
2024-04-23,234.6193084716797
2024-04-24,238.89683532714844
2024-04-25,236.8217315673828
2024-04-26,235.7449645996093
2024-04-29,235.40237426757807
2024-04-30,231.13462829589844
2024-05-01,228.9126434326172
2024-05-02,230.57667541503903
2024-05-03,229.627197265625
2024-05-06,231.81002807617188
2024-05-07,230.99758911132807
2024-05-08,230.37112426757807
2024-05-09,232.5147857666016
2024-05-10,235.373046875
2024-05-13,232.4756317138672
2024-05-14,230.880111694336
2024-05-15,231.00738525390625
2024-05-16,233.9047698974609
2024-05-17,232.7007751464844
2024-05-20,235.2457733154297
2024-05-21,233.2391357421875
2024-05-22,231.1640014648437
2024-05-23,227.75830078125
2024-05-24,232.204345703125
2024-05-28,229.7997436523437
2024-05-29,224.2250518798828
2024-05-30,224.7157745361328
2024-05-31,226.88478088378903
2024-06-03,224.14649963378903
2024-06-04,226.237045288086
2024-06-05,228.45513916015625
2024-06-06,227.72886657714844
2024-06-07,226.8161163330078
2024-06-10,228.44534301757807
2024-06-11,228.3275604248047
2024-06-12,232.1748962402344
2024-06-13,236.01239013671875
2024-06-14,235.0113220214844
2024-06-17,240.1640014648437
2024-06-18,238.54461669921875
2024-06-20,239.4573669433593
2024-06-21,239.01568603515625
2024-06-24,241.1062164306641
2024-06-25,240.2915954589844
2024-06-26,237.0331268310547
2024-06-27,237.7593994140625
2024-06-28,237.28829956054688
2024-07-01,235.07020568847656
2024-07-02,235.531494140625
2024-07-03,235.7179718017578
2024-07-05,236.51296997070312
2024-07-08,235.4137420654297
2024-07-09,233.1170959472656
2024-07-10,238.02442932128903
2024-07-11,235.335205078125
2024-07-12,238.2893981933593
2024-07-15,242.09747314453125
2024-07-16,250.3810577392578
2024-07-17,242.961166381836
2024-07-18,239.5653076171875
2024-07-19,239.3886566162109
2024-07-22,238.43663024902344
2024-07-23,237.8182983398437
2024-07-24,230.68307495117188
2024-07-25,229.4169921875
2024-07-26,232.2141571044922
2024-07-29,234.0298767089844
2024-07-30,234.34393310546875
2024-07-31,223.0865478515625
2024-08-01,214.72447204589844
2024-08-02,209.709213256836
2024-08-05,207.4322052001953
2024-08-06,211.25991821289065
2024-08-07,210.788803100586
2024-08-08,211.7997283935547
2024-08-09,213.92950439453125
2024-08-12,210.7004547119141
2024-08-13,212.4180450439453
2024-08-14,213.0756225585937
2024-08-15,217.78662109375
2024-08-16,217.08778381347656
2024-08-19,221.6055450439453
2024-08-20,219.61734008789065
2024-08-21,220.9756317138672
2024-08-22,220.59176635742188
2024-08-23,221.7138061523437
2024-08-26,221.13311767578125
2024-08-27,224.0366973876953
2024-08-28,223.74139404296875
2024-08-29,227.72764587402344
2024-08-30,230.995346069336
2024-09-03,227.087890625
2024-09-04,225.84771728515625
2024-09-05,225.45399475097656
2024-09-06,224.0169982910156
2024-09-09,224.99142456054688
2024-09-10,222.11737060546875
2024-09-11,223.75125122070312
2024-09-12,227.0681610107422
2024-09-13,228.09181213378903
2024-09-16,228.8004913330078
2024-09-17,231.90089416503903
2024-09-18,234.98162841796875
2024-09-19,240.611557006836
2024-09-20,240.54266357421875
2024-09-23,237.86550903320312
2024-09-24,243.4856109619141
2024-09-25,241.6352081298828
2024-09-26,246.7631683349609
2024-09-27,249.0564880371093
2024-09-30,244.6864013671875
2024-10-01,242.20606994628903
2024-10-02,244.9029235839844
2024-10-03,245.5525360107422
2024-10-04,250.60177612304688
2024-10-07,251.14312744140625
2024-10-08,252.54074096679688
2024-10-09,257.75732421875
2024-10-10,256.4384460449219
2024-10-11,258.4955139160156
2024-10-14,257.4423828125
2024-10-15,256.477783203125
2024-10-16,258.4364624023437
2024-10-17,260.4049987792969
2024-10-18,261.41876220703125
2024-10-21,260.7987060546875
2024-10-22,261.3203125
2024-10-23,253.76124572753903
2024-10-24,256.5270080566406
2024-10-25,257.9935607910156
2024-10-28,258.4167785644531
2024-10-29,259.7356872558594
2024-10-30,260.0998840332031
2024-10-31,255.9265899658203
2024-11-01,256.468017578125
2024-11-04,252.39312744140625
2024-11-05,255.5722503662109
2024-11-06,271.91094970703125
2024-11-07,273.3085632324219
2024-11-08,276.3794860839844
2024-11-11,281.40899658203125
2024-11-12,281.51727294921875
2024-11-13,281.9602355957031
2024-11-14,277.5802307128906
2024-11-15,274.3912658691406
2024-11-18,277.019287109375
2024-11-19,274.87353515625
2024-11-20,275.76922607421875
2024-11-21,279.6066589355469
2024-11-22,280.44512939453125
2024-11-25,284.1049499511719
2024-11-26,284.28253173828125
2024-11-27,281.7373962402344
2024-11-29,285.1802062988281
2024-12-02,282.3687744140625
2024-12-03,281.07647705078125
2024-12-04,285.7129211425781
2024-12-05,288.5243530273437
2024-12-06,288.6328125
2024-12-09,283.0888977050781
2024-12-10,283.7794189453125
2024-12-11,287.7845153808594
2024-12-12,286.06805419921875
2024-12-13,283.1973876953125
2024-12-16,286.4725036621094
2024-12-17,285.5254821777344
2024-12-18,273.8949279785156
2024-12-19,275.24639892578125
2024-12-20,280.1195983886719
2024-12-23,279.7940979003906
2024-12-24,282.5167236328125
2024-12-26,282.6844177246094
2024-12-27,279.8236389160156
2024-12-30,276.5189819335937
2024-12-31,275.1675109863281
2025-01-02,270.7382202148437
2025-01-03,271.5570068359375
2025-01-06,268.9329528808594
2025-01-07,266.13140869140625
2025-01-08,269.83062744140625
2025-01-10,267.09814453125
2025-01-13,268.6074523925781
2025-01-14,272.69146728515625
2025-01-15,272.3165588378906
2025-01-16,272.26727294921875
2025-01-17,273.4312438964844
2025-01-21,273.9639587402344
2025-01-22,276.6175537109375
2025-01-23,281.2145690917969
2025-01-24,280.267578125
2025-01-27,284.1542663574219
2025-01-28,284.736328125
2025-01-29,285.7425231933594
2025-01-30,288.58355712890625
2025-01-31,286.659912109375
2025-02-03,286.5316772460937
2025-02-04,286.8178100585937
2025-02-05,288.43560791015625
2025-02-06,298.852783203125
2025-02-07,299.8589782714844
2025-02-10,300.3324890136719
2025-02-11,284.1049499511719
2025-02-12,286.5218811035156
2025-02-13,284.3417053222656
2025-02-14,279.685546875
2025-02-18,284.519287109375
2025-02-19,283.6709289550781
2025-02-20,283.3157653808594
2025-02-21,273.7173156738281
2025-02-24,273.0169677734375
2025-02-25,273.7074890136719
2025-02-26,278.3439025878906
2025-02-27,274.07281494140625
2025-02-28,277.27618408203125
2025-03-03,274.5770263671875
2025-03-04,267.7353820800781
2025-03-05,268.03204345703125
2025-03-06,259.6578063964844
2025-03-07,259.7764892578125
2025-03-10,254.3090667724609
2025-03-11,243.52252197265625
2025-03-12,241.05081176757807
2025-03-13,234.60459899902344
2025-03-14,240.35874938964844
2025-03-17,245.30213928222656
2025-03-18,237.6695251464844
2025-03-19,244.81768798828125
2025-03-20,242.06915283203125
2025-03-21,234.80235290527344
2025-03-24,240.1708831787109
2025-03-25,243.69058227539065
2025-03-26,243.9278717041016
2025-03-27,241.68356323242188
2025-03-28,234.3277587890625
2025-03-31,235.5043029785156
2025-04-01,235.5438690185547
2025-04-02,239.81494140625
2025-04-03,222.0779724121093
2025-04-04,212.151611328125
2025-04-07,210.9454345703125
2025-04-08,208.7307586669922
2025-04-09,230.7487335205078
2025-04-10,220.397216796875
2025-04-11,222.67120361328125
2025-04-14,220.9607849121093
2025-04-15,220.06106567382807
2025-04-16,216.31396484375
2025-04-17,217.91563415527344
2025-04-21,213.24903869628903
2025-04-22,218.0935821533203
2025-04-23,227.18946838378903
2025-04-24,233.5862579345703
2025-04-25,233.5269317626953
2025-04-28,234.2486572265625
2025-04-29,236.95767211914065
2025-04-30,235.87998962402344
2025-05-01,241.18923950195312
2025-05-02,246.64675903320312
2025-05-05,244.4716644287109
2025-05-06,249.10858154296875
2025-05-07,253.0929718017578
2025-05-08,256.3655090332031
2025-05-09,255.0505828857422
2025-05-12,268.8822326660156
2025-05-13,271.0375671386719
2025-05-14,269.50506591796875
2025-05-15,268.3977966308594
2025-05-16,270.13787841796875
2025-05-19,270.09832763671875
2025-05-20,264.3145446777344
2025-05-21,257.7397766113281
2025-05-22,257.7397766113281
2025-05-23,255.4401397705078
2025-05-27,263.7664794921875
2025-05-28,262.2102355957031
2025-05-29,261.2982788085937
2025-05-30,261.516357421875
2025-06-02,258.9193420410156
2025-06-03,262.0813903808594
2025-06-04,259.6330261230469
2025-06-05,257.5316162109375
2025-06-06,263.30059814453125
2025-06-09,263.59796142578125
2025-06-10,265.6894836425781
2025-06-11,263.726806640625
2025-06-12,260.9216613769531
2025-06-13,252.75390625
2025-06-16,255.6482696533203
2025-06-17,253.9532928466797
2025-06-18,255.2716217041016
2025-06-20,257.90826416015625
2025-06-23,261.7939147949219
2025-06-24,266.3734130859375
2025-06-25,263.6574401855469
2025-06-26,267.255615234375
2025-06-27,271.0718078613281
2025-06-30,270.81414794921875
2025-07-01,275.6315002441406
2025-07-02,275.0863037109375
2025-07-03,277.5743103027344
2025-07-07,275.9586181640625
2025-07-08,277.5049133300781
2025-07-09,276.74169921875
2025-07-10,279.82440185546875
2025-07-11,279.1801452636719
2025-07-14,280.3893737792969
2025-07-15,272.4892883300781
2025-07-16,271.20068359375
2025-07-17,269.2182312011719
2025-07-18,270.1896057128906
2025-07-21,269.1785888671875
2025-07-22,270.58612060546875
2025-07-23,271.1114807128906
2025-07-24,270.4870300292969
2025-07-25,276.662353515625
2025-07-28,273.3714904785156
2025-07-29,271.0718078613281
2025-07-30,267.67193603515625
2025-07-31,261.516357421875
2025-08-01,253.11073303222656
2025-08-04,256.8575744628906
2025-08-05,257.44244384765625
2025-08-06,260.4062194824219
2025-08-07,258.3047790527344
2025-08-08,257.64068603515625
2025-08-11,255.707763671875
2025-08-12,262.68603515625
2025-08-13,267.3349304199219
2025-08-14,264.2125244140625
2025-08-15,262.8743591308594
2025-08-18,263.925048828125
2025-08-19,264.44049072265625
2025-08-20,261.218994140625
2025-08-21,260.6326599121094
2025-08-22,272.1105651855469
2025-08-25,266.92315673828125
2025-08-26,266.1778869628906
2025-08-27,267.98651123046875
2025-08-28,268.5628356933594
2025-08-29,266.1877746582031
2025-09-02,262.8288879394531
2025-09-03,263.4151916503906
2025-09-04,267.1716003417969
2025-09-05,263.0475158691406
2025-09-08,266.396484375
2025-09-09,262.35186767578125
2025-09-10,260.7817687988281
2025-09-11,266.2673034667969
2025-09-12,264.8362731933594
2025-09-15,263.4847717285156
2025-09-16,266.21759033203125
2025-09-17,260.4140319824219
2025-09-18,262.3021850585937
2025-09-19,266.8436584472656
2025-09-22,262.4512634277344
2025-09-23,260.2053527832031
2025-09-24,260.5035400390625
2025-09-25,259.2712097167969
2025-09-26,262.5605773925781
2025-09-29,265.154296875
2025-09-30,258.8141174316406
2025-10-01,260.0264892578125
2025-10-02,264.7369079589844
2025-10-03,265.89959716796875
2025-10-06,270.2423400878906
2025-10-07,265.78033447265625
2025-10-08,266.3070373535156
2025-10-09,264.478515625
2025-10-10,258.5756225585937
2025-10-13,261.61651611328125
2025-10-14,266.2970886230469
2025-10-15,264.5281982421875
2025-10-16,257.4228515625
2025-10-17,259.2215576171875
2025-10-20,258.3768310546875
2025-10-21,266.75421142578125
2025-10-22,270.3715209960937
2025-10-23,268.0163269042969
2025-10-24,269.626220703125
2025-10-27,269.5168762207031
2025-10-28,263.802734375
2025-10-29,261.4773864746094
2025-10-30,260.6326599121094
2025-10-31,258.9532165527344
2025-11-03,262.2425537109375
2025-11-04,270.5404052734375
2025-11-05,281.3028259277344
2025-11-06,279.3848876953125
2025-11-07,289.3423156738281
2025-11-10,288.6566467285156
2025-11-11,290.07769775390625
2025-11-12,289.8491516113281
2025-11-13,285.6355895996094
2025-11-14,283.936279296875
2025-11-17,281.1239624023437
2025-11-18,281.1338806152344
2025-11-19,282.4258117675781
2025-11-20,281.2802734375
2025-11-21,294.6878356933594
2025-11-24,295.0762939453125
2025-11-25,302.9355773925781
2025-11-26,303.4635009765625
2025-11-28,303.6029663085937
2025-12-01,302.2582397460937
2025-12-02,303.4635009765625
2025-12-03,305.4557189941406
2025-12-04,294.8471984863281
2025-12-05,291.4504699707031
2025-12-08,286.6990661621094
2025-12-09,282.73455810546875
2025-12-10,285.8424072265625
2025-12-11,295.305419921875
2025-12-12,297.5566101074219
2025-12-15,307.28857421875
2025-12-16,304.77838134765625
2025-12-17,308.8624267578125
2025-12-18,305.62506103515625
2025-12-19,308.9520568847656
2025-12-22,312.528076171875
2025-12-23,312.8468322753906
2025-12-24,313.9325866699219
2025-12-26,314.3509521484375
2025-12-29,313.1855163574219
2025-12-30,312.7173156738281
2025-12-31,309.03173828125
2026-01-02,312.1894226074219
2026-01-05,309.81866455078125
2026-01-06,320.6064758300781
2026-01-07,318.0166320800781
2026-01-08,323.6446228027344
2026-01-09,326.90185546875
2026-01-12,322.0906982421875
2026-01-13,321.7021789550781
2026-01-14,318.4349975585937
2026-01-15,324.5212097167969
2026-01-16,324.61083984375
2026-01-20,312.61773681640625
2026-01-21,319.3115539550781
2026-01-22,320.417236328125
2026-01-23,318.45489501953125
2026-01-26,315.46661376953125
2026-01-27,312.7273254394531
2026-01-28,310.8546142578125
2026-01-29,318.5246276855469
2026-01-30,314.072021484375
2026-02-02,318.0465087890625
2026-02-03,317.1799011230469
2026-02-04,323.29595947265625
2026-02-05,325.1786193847656
2026-02-06,331.9421691894531
2026-02-09,329.9200744628906
2026-02-10,357.95050048828125
2026-02-11,357.3528137207031
2026-02-12,353.6971130371094
2026-02-13,352.5117492675781
2026-02-17,358.5382080078125
2026-02-18,354.6135559082031
2026-02-19,348.52734375
2026-02-20,346.5749206542969
2026-02-23,341.28564453125
2026-02-24,341.8135681152344
2026-02-25,346.0868530273437
2026-02-26,349.87939453125
2026-02-27,341.0567932128906
2026-03-02,329.8189697265625
2026-03-03,335.2482604980469
2026-03-04,335.2781982421875
2026-03-05,332.3839111328125
2026-03-06,323.162109375
2026-03-09,328.2121276855469
2026-03-10,325.3577880859375
2026-03-11,325.7370300292969
2026-03-12,315.6868591308594
2026-03-13,313.1918029785156
2026-03-16,321.2059631347656
2026-03-17,326.63525390625
2026-03-18,321.8846130371094
2026-03-19,324.2499694824219
2026-03-20,319.1300964355469
2026-03-23,325.8767395019531
2026-03-24,323.6511535644531
2026-03-25,326.146240234375
2026-03-26,325.0982971191406
2026-03-27,316.9144592285156
2026-03-30,318.68096923828125
2026-03-31,326.4256896972656
2026-04-01,332.8030700683594
2026-04-02,331.2760925292969
2026-04-06,337.3341369628906
2026-04-07,330.278076171875
2026-04-08,347.8932800292969
2026-04-09,352.2347106933594
2026-04-10,353.4024353027344
2026-04-13,358.8516540527344
2026-04-14,365.9776306152344
2026-04-15,363.0234375
2026-04-16,361.7060546875
2026-04-17,377.18548583984375
2026-04-20,377.9739379882813
2026-04-21,374.71038818359375
2026-04-22,366.4067687988281
2026-04-23,367.5145568847656
2026-04-24,366.42669677734375
2026-04-27,359.9595031738281
2026-04-28,357.62408447265625
2026-04-29,353.25274658203125
2026-04-30,360.97747802734375
2026-05-01,354.2707214355469
2026-05-04,346.5559387207031
2026-05-05,353.82159423828125
2026-05-06,358.3526611328125
2026-05-07,351.3564453125
2026-05-08,352.4842224121094
2026-05-11,352.6239624023437
2026-05-12,349.5400695800781
2026-05-13,349.5001220703125
2026-05-14,352.773681640625
2026-05-15,352.4742736816406
2026-05-18,358.472412109375
2026-05-19,357.9833984375
2026-05-20,369.0216064453125
2026-05-21,369.8299865722656
2026-05-22,369.1499938964844
2026-05-26,373.80999755859375
2026-05-27,385.8599853515625
2026-05-28,385.760009765625
2026-05-29,375.6000061035156
2026-06-01,376.9599914550781
2026-06-02,373.760009765625
2026-06-03,376.75
2026-06-04,385.2999877929688
2026-06-05,392.510009765625
2026-06-08,391.4200134277344
2026-06-09,393.6099853515625
2026-06-10,386.2300109863281
2026-06-11,396.8900146484375
2026-06-12,402.5400085449219
2026-06-15,400.6300048828125
2026-06-16,399.1000061035156
2026-06-17,394.6099853515625
2026-06-18,396.2000122070313
2026-06-22,384.1900024414063
2026-06-23,386.8299865722656
2026-06-24,383.55999755859375
2026-06-25,378.9100036621094
2026-06-26,377.30999755859375
2026-06-29,374.8800048828125
2026-06-30,370.5899963378906
2026-07-01,368.3200073242188
2026-07-02,372.9500122070313
2026-07-06,379.75
2026-07-07,380.75
2026-07-08,371.1600036621094
2026-07-09,372.4700012207031
2026-07-10,376.1099853515625
2026-07-13,362.8699951171875
2026-07-14,363.1900024414063
2026-07-15,369.0499877929688
2026-07-16,371.1400146484375
2026-07-17,366.239990234375
2026-07-20,366.9299926757813
2026-07-21,367.80999755859375
2026-07-22,369.7999877929688
2026-07-23,364.4700012207031
2026-07-24,374.4299926757813
2026-07-27,383.05999755859375
2026-07-28,383.5199890136719
2026-07-29,381.1199951171875
2026-07-30,375.4800109863281
2026-07-31,372.8299865722656
2026-08-03,346.8299865722656
2026-08-04,345.20001220703125
2026-08-05,361.30999755859375
2026-08-06,359.6700134277344
2026-08-07,353.9100036621094
2026-08-10,348.44000244140625
2026-08-11,349.489990234375
2026-08-12,354.5799865722656
2026-08-13,352.5299987792969
2026-08-14,356.7200012207031
2026-08-17,356.57000732421875
2026-08-18,357.3299865722656
