date,close
1995-11-21,0.937714159488678
1995-11-22,1.1435537338256836
1995-11-24,1.2350382804870603
1995-11-27,1.154989242553711
1995-11-28,1.1664247512817385
1995-11-29,1.3150864839553833
1995-11-30,1.383699893951416
1995-12-01,1.372264742851257
1995-12-04,1.7153301239013672
1995-12-05,1.6181286573410034
1995-12-06,1.5323623418807983
1995-12-07,1.4523131847381592
1995-12-08,1.6124112606048584
1995-12-11,1.6352825164794922
1995-12-12,1.681023359298706
1995-12-13,1.6924598217010498
1995-12-14,1.681023359298706
1995-12-15,1.6352825164794922
1995-12-18,1.4751843214035034
1995-12-19,1.48662006855011
1995-12-20,1.5552332401275637
1995-12-21,1.543797731399536
1995-12-22,1.5552332401275637
1995-12-26,1.658152461051941
1995-12-27,1.703895092010498
1995-12-28,1.7953791618347168
1995-12-29,1.8354038000106807
1996-01-02,1.73820161819458
1996-01-03,1.5552332401275637
1996-01-04,1.372264742851257
1996-01-05,1.4180065393447876
1996-01-08,1.4294426441192627
1996-01-09,1.2350382804870603
1996-01-10,1.189295768737793
1996-01-11,1.3150864839553833
1996-01-12,1.2807804346084597
1996-01-15,1.2464735507965088
1996-01-16,1.2350382804870603
1996-01-17,1.2236027717590332
1996-01-18,1.2350382804870603
1996-01-19,1.3393871784210205
1996-01-22,1.372264742851257
1996-01-23,1.389418363571167
1996-01-24,1.4637489318847656
1996-01-25,1.543797731399536
1996-01-26,1.5723867416381836
1996-01-29,1.5552332401275637
1996-01-30,1.4637489318847656
1996-01-31,1.4065711498260498
1996-02-01,1.4408776760101318
1996-02-02,1.42372465133667
1996-02-05,1.4751843214035034
1996-02-06,1.5209264755249023
1996-02-07,1.5552332401275637
1996-02-08,1.658152461051941
1996-02-09,1.6352825164794922
1996-02-12,1.6124112606048584
1996-02-13,1.6467176675796509
1996-02-14,1.732484221458435
1996-02-15,1.7725088596343994
1996-02-16,1.6352825164794922
1996-02-20,1.589539647102356
1996-02-21,1.6467176675796509
1996-02-22,1.7153301239013672
1996-02-23,1.6238460540771484
1996-02-26,1.5552332401275637
1996-02-27,1.5209264755249023
1996-02-28,1.5209264755249023
1996-02-29,1.4523131847381592
1996-03-01,1.4180065393447876
1996-03-04,1.4523131847381592
1996-03-05,1.4180065393447876
1996-03-06,1.4408776760101318
1996-03-07,1.4523131847381592
1996-03-08,1.4294426441192627
1996-03-11,1.4751843214035034
1996-03-12,1.4180065393447876
1996-03-13,1.4180065393447876
1996-03-14,1.4294426441192627
1996-03-15,1.4751843214035034
1996-03-18,1.4294426441192627
1996-03-19,1.4408776760101318
1996-03-20,1.4065711498260498
1996-03-21,1.4065711498260498
1996-03-22,1.4065711498260498
1996-03-25,1.4751843214035034
1996-03-26,1.4065711498260498
1996-03-27,1.4523131847381592
1996-03-28,1.4065711498260498
1996-03-29,1.4523131847381592
1996-04-01,1.3608287572860718
1996-04-02,1.3150864839553833
1996-04-03,1.3150864839553833
1996-04-04,1.2579089403152466
1996-04-08,1.2350382804870603
1996-04-09,1.240756273269653
1996-04-10,1.2350382804870603
1996-04-11,1.2464735507965088
1996-04-12,1.2350382804870603
1996-04-15,1.2350382804870603
1996-04-16,1.2350382804870603
1996-04-17,1.2350382804870603
1996-04-18,1.2807804346084597
1996-04-19,1.2864983081817627
1996-04-22,1.2922158241271973
1996-04-23,1.3265222311019895
1996-04-24,1.3665469884872437
1996-04-25,1.4523131847381592
1996-04-26,1.5666686296463013
1996-04-29,1.543797731399536
1996-04-30,1.4637489318847656
1996-05-01,1.4408776760101318
1996-05-02,1.4408776760101318
1996-05-03,1.4637489318847656
1996-05-06,1.4637489318847656
1996-05-07,1.509491205215454
1996-05-08,1.509491205215454
1996-05-09,1.6467176675796509
1996-05-10,1.6981769800186155
1996-05-13,1.7610726356506348
1996-05-14,1.7267663478851318
1996-05-15,1.7725088596343994
1996-05-16,1.669588923454285
1996-05-17,1.6238460540771484
1996-05-20,1.589539647102356
1996-05-21,1.589539647102356
1996-05-22,1.589539647102356
1996-05-23,1.589539647102356
1996-05-24,1.5666686296463013
1996-05-28,1.543797731399536
1996-05-29,1.5209264755249023
1996-05-30,1.5209264755249023
1996-05-31,1.5666686296463013
1996-06-03,1.543797731399536
1996-06-04,1.5323623418807983
1996-06-05,1.5209264755249023
1996-06-06,1.509491205215454
1996-06-07,1.5209264755249023
1996-06-10,1.4751843214035034
1996-06-11,1.4751843214035034
1996-06-12,1.5209264755249023
1996-06-13,1.5666686296463013
1996-06-14,1.589539647102356
1996-06-17,1.4980555772781372
1996-06-18,1.3265222311019895
1996-06-19,1.343675971031189
1996-06-20,1.343675971031189
1996-06-21,1.372264742851257
1996-06-24,1.372264742851257
1996-06-25,1.3265222311019895
1996-06-26,1.3265222311019895
1996-06-27,1.3036510944366455
1996-06-28,1.3608287572860718
1996-07-01,1.3379578590393066
1996-07-02,1.3265222311019895
1996-07-03,1.3265222311019895
1996-07-05,1.3265222311019895
1996-07-08,1.3265222311019895
1996-07-09,1.2693445682525637
1996-07-10,1.2350382804870603
1996-07-11,1.1664247512817385
1996-07-12,1.2121667861938477
1996-07-15,1.1435537338256836
1996-07-16,1.1435537338256836
1996-07-17,1.1435537338256836
1996-07-18,1.189295768737793
1996-07-19,1.189295768737793
1996-07-22,1.189295768737793
1996-07-23,1.1092473268508911
1996-07-24,1.1092473268508911
1996-07-25,1.1092473268508911
1996-07-26,1.1092473268508911
1996-07-29,1.1321178674697876
1996-07-30,1.1321178674697876
1996-07-31,1.097811937332153
1996-08-01,0.9948921799659728
1996-08-02,1.200731873512268
1996-08-05,1.2350382804870603
1996-08-06,1.154989242553711
1996-08-07,1.2350382804870603
1996-08-08,1.3150864839553833
1996-08-09,1.3551117181777954
1996-08-12,1.372264742851257
1996-08-13,1.3036510944366455
1996-08-14,1.2693445682525637
1996-08-15,1.2922158241271973
1996-08-16,1.2350382804870603
1996-08-19,1.2121667861938477
1996-08-20,1.200731873512268
1996-08-21,1.2064495086669922
1996-08-22,1.2579089403152466
1996-08-23,1.2464735507965088
1996-08-26,1.2579089403152466
1996-08-27,1.2464735507965088
1996-08-28,1.275062918663025
1996-08-29,1.2350382804870603
1996-08-30,1.2807804346084597
1996-09-03,1.3036510944366455
1996-09-04,1.3150864839553833
1996-09-05,1.2693445682525637
1996-09-06,1.3150864839553833
1996-09-09,1.2807804346084597
1996-09-10,1.2807804346084597
1996-09-11,1.189295768737793
1996-09-12,1.2350382804870603
1996-09-13,1.2236027717590332
1996-09-16,1.2236027717590332
1996-09-17,1.189295768737793
1996-09-18,1.1206828355789185
1996-09-19,1.1664247512817385
1996-09-20,1.2350382804870603
1996-09-23,1.2922158241271973
1996-09-24,1.3036510944366455
1996-09-25,1.4294426441192627
1996-09-26,1.4323008060455322
1996-09-27,1.4008537530899048
1996-09-30,1.372264742851257
1996-10-01,1.2807804346084597
1996-10-02,1.3150864839553833
1996-10-03,1.3779828548431396
1996-10-04,1.383699893951416
1996-10-07,1.372264742851257
1996-10-08,1.383699893951416
1996-10-09,1.3493932485580444
1996-10-10,1.3150864839553833
1996-10-11,1.4294426441192627
1996-10-14,1.4523131847381592
1996-10-15,1.5952576398849487
1996-10-16,1.6095519065856934
1996-10-17,1.6066935062408447
1996-10-18,1.5209264755249023
1996-10-21,1.5323623418807983
1996-10-22,1.4523131847381592
1996-10-23,1.4408776760101318
1996-10-24,1.509491205215454
1996-10-25,1.4637489318847656
1996-10-28,1.4408776760101318
1996-10-29,1.4637489318847656
1996-10-30,1.509491205215454
1996-10-31,1.600975513458252
1996-11-01,1.5552332401275637
1996-11-04,1.5552332401275637
1996-11-05,1.5552332401275637
1996-11-06,1.6238460540771484
1996-11-07,1.7267663478851318
1996-11-08,1.7667912244796753
1996-11-11,1.783943772315979
1996-11-12,1.6924598217010498
1996-11-13,1.7496371269226074
1996-11-14,1.755355715751648
1996-11-15,1.6924598217010498
1996-11-18,1.589539647102356
1996-11-19,1.57810378074646
1996-11-20,1.6238460540771484
1996-11-21,1.600975513458252
1996-11-22,1.6295641660690308
1996-11-25,1.658152461051941
1996-11-26,1.6467176675796509
1996-11-27,1.6467176675796509
1996-11-29,1.6467176675796509
1996-12-02,1.6981769800186155
1996-12-03,1.7725088596343994
1996-12-04,1.709613561630249
1996-12-05,1.7210489511489868
1996-12-06,1.6867421865463257
1996-12-09,1.7267663478851318
1996-12-10,1.6981769800186155
1996-12-11,1.6638710498809814
1996-12-12,1.709613561630249
1996-12-13,1.7496371269226074
1996-12-16,1.783943772315979
1996-12-17,1.8296862840652464
1996-12-18,2.02409029006958
1996-12-19,2.0355257987976074
1996-12-20,2.1441636085510254
1996-12-23,2.132728338241577
1996-12-24,2.149881362915039
1996-12-26,2.258518695831299
1996-12-27,2.309978485107422
1996-12-30,2.2528016567230225
1996-12-31,2.3271329402923584
1997-01-02,2.207059144973755
1997-01-03,2.184187173843384
1997-01-06,2.167034387588501
1997-01-07,2.1270101070404053
1997-01-08,2.184187173843384
1997-01-09,2.207059144973755
1997-01-10,2.207059144973755
1997-01-13,2.1727535724639893
1997-01-14,2.1727535724639893
1997-01-15,2.195623874664306
1997-01-16,2.207059144973755
1997-01-17,2.2985427379608154
1997-01-20,2.332849502563477
1997-01-21,2.470076560974121
1997-01-22,2.555842876434326
1997-01-23,2.561560869216919
1997-01-24,2.475794076919556
1997-01-27,2.3900272846221924
1997-01-28,2.4472055435180664
1997-01-29,2.355721235275269
1997-01-30,2.332849502563477
1997-01-31,2.344285726547241
1997-02-03,2.4472055435180664
1997-02-04,2.435770273208618
1997-02-05,2.332849502563477
1997-02-06,2.385740041732788
1997-02-07,2.515817880630493
1997-02-10,2.1727535724639893
1997-02-11,2.0583975315093994
1997-02-12,2.195623874664306
1997-02-13,2.0126547813415527
1997-02-14,2.0583975315093994
1997-02-18,2.0583975315093994
1997-02-19,2.02409029006958
1997-02-20,1.9554764032363887
1997-02-21,1.938323736190796
1997-02-24,1.96691370010376
1997-02-25,1.9097349643707275
1997-02-26,1.8068153858184808
1997-02-27,1.7725088596343994
1997-02-28,1.8296862840652464
1997-03-03,1.7953791618347168
1997-03-04,1.703895092010498
1997-03-05,1.7610726356506348
1997-03-06,1.8068153858184808
1997-03-07,1.852556824684143
1997-03-10,1.886864185333252
1997-03-11,1.852556824684143
1997-03-12,1.7610726356506348
1997-03-13,1.7153301239013672
1997-03-14,1.7153301239013672
1997-03-17,1.703895092010498
1997-03-18,1.5466564893722534
1997-03-19,1.4065711498260498
1997-03-20,1.4637489318847656
1997-03-21,1.543797731399536
1997-03-24,1.5323623418807983
1997-03-25,1.5409386157989502
1997-03-26,1.600975513458252
1997-03-27,1.6124112606048584
1997-03-31,1.48662006855011
1997-04-01,1.42372465133667
1997-04-02,1.4351602792739868
1997-04-03,1.4751843214035034
1997-04-04,1.589539647102356
1997-04-07,1.6467176675796509
1997-04-08,1.7610726356506348
1997-04-09,1.783943772315979
1997-04-10,1.7610726356506348
1997-04-11,1.658152461051941
1997-04-14,1.669588923454285
1997-04-15,1.6467176675796509
1997-04-16,1.589539647102356
1997-04-17,1.5523744821548462
1997-04-18,1.4637489318847656
1997-04-21,1.3036510944366455
1997-04-22,1.200731873512268
1997-04-23,1.2236027717590332
1997-04-24,1.2979340553283691
1997-04-25,1.3036510944366455
1997-04-28,1.2807804346084597
1997-04-29,1.3150864839553833
1997-04-30,1.3322404623031616
1997-05-01,1.3379578590393066
1997-05-02,1.389418363571167
1997-05-05,1.600975513458252
1997-05-06,1.7496371269226074
1997-05-07,1.8068153858184808
1997-05-08,1.7496371269226074
1997-05-09,1.7267663478851318
1997-05-12,1.841121792793274
1997-05-13,1.7725088596343994
1997-05-14,1.8182508945465088
1997-05-15,1.7953791618347168
1997-05-16,1.8068153858184808
1997-05-19,1.8125330209732056
1997-05-20,1.7725088596343994
1997-05-21,1.8182508945465088
1997-05-22,1.8296862840652464
1997-05-23,1.875428318977356
1997-05-27,1.863992691040039
1997-05-28,1.875428318977356
1997-05-29,1.852556824684143
1997-05-30,1.855415940284729
1997-06-02,1.783943772315979
1997-06-03,1.7610726356506348
1997-06-04,1.600975513458252
1997-06-05,1.6924598217010498
1997-06-06,1.743920087814331
1997-06-09,1.7267663478851318
1997-06-10,1.6981769800186155
1997-06-11,1.681023359298706
1997-06-12,1.6981769800186155
1997-06-13,1.6295641660690308
1997-06-16,1.6352825164794922
1997-06-17,1.6410000324249268
1997-06-18,1.6124112606048584
1997-06-19,1.6638710498809814
1997-06-20,1.7267663478851318
1997-06-23,1.6924598217010498
1997-06-24,1.669588923454285
1997-06-25,1.6295641660690308
1997-06-26,1.5666686296463013
1997-06-27,1.5723867416381836
1997-06-30,1.73820161819458
1997-07-01,1.73820161819458
1997-07-02,1.8239691257476809
1997-07-03,1.7267663478851318
1997-07-07,1.6924598217010498
1997-07-08,1.7896625995635986
1997-07-09,1.7667912244796753
1997-07-10,1.73820161819458
1997-07-11,1.7610726356506348
1997-07-14,1.73820161819458
1997-07-15,1.7153301239013672
1997-07-16,1.7267663478851318
1997-07-17,1.732484221458435
1997-07-18,1.7153301239013672
1997-07-21,1.7610726356506348
1997-07-22,1.8239691257476809
1997-07-23,1.8182508945465088
1997-07-24,1.8125330209732056
1997-07-25,1.8296862840652464
1997-07-28,1.8296862840652464
1997-07-29,1.8182508945465088
1997-07-30,1.9611952304840088
1997-07-31,1.995502471923828
1997-08-01,2.0012190341949463
1997-08-04,2.069832563400269
1997-08-05,2.0583975315093994
1997-08-06,2.1069977283477783
1997-08-07,2.0583975315093994
1997-08-08,2.02409029006958
1997-08-11,1.9897843599319456
1997-08-12,1.9211701154708865
1997-08-13,1.992641925811768
1997-08-14,1.9611952304840088
1997-08-15,1.978348731994629
1997-08-18,2.081268072128296
1997-08-19,2.02409029006958
1997-08-20,2.0298080444335938
1997-08-21,2.0298080444335938
1997-08-22,2.02409029006958
1997-08-25,2.092703104019165
1997-08-26,2.138445377349853
1997-08-27,2.149881362915039
1997-08-28,2.138445377349853
1997-08-29,2.161317110061645
1997-09-02,2.149881362915039
1997-09-03,2.0298080444335938
1997-09-04,2.0126547813415527
1997-09-05,2.046961545944214
1997-09-08,2.02409029006958
1997-09-09,2.018373727798462
1997-09-10,2.212776660919189
1997-09-11,2.184187173843384
1997-09-12,2.309978485107422
1997-09-15,2.332849502563477
1997-09-16,2.344285726547241
1997-09-17,2.295684576034546
1997-09-18,2.264235734939575
1997-09-19,2.344285726547241
1997-09-22,2.5301125049591064
1997-09-23,2.4929471015930176
1997-09-24,2.424333572387696
1997-09-25,2.3900272846221924
1997-09-26,2.418616533279419
1997-09-29,2.372874975204468
1997-09-30,2.4815118312835693
1997-10-01,2.424333572387696
1997-10-02,2.3671562671661377
1997-10-03,2.3957459926605225
1997-10-06,2.401463747024536
1997-10-07,2.470076560974121
1997-10-08,2.412898302078247
1997-10-09,2.4586405754089355
1997-10-10,2.538689136505127
1997-10-13,2.567278385162353
1997-10-14,2.5901503562927246
1997-10-15,2.538689136505127
1997-10-16,2.544407606124878
1997-10-17,2.498665571212769
1997-10-20,2.470076560974121
1997-10-21,2.515817880630493
1997-10-22,2.567278385162353
1997-10-23,2.504382848739624
1997-10-24,2.4815118312835693
1997-10-27,2.2528016567230225
1997-10-28,2.3156967163085938
1997-10-29,2.304260492324829
1997-10-30,2.269953966140747
1997-10-31,2.2985427379608154
1997-11-03,2.321413516998291
1997-11-04,2.378591537475586
1997-11-05,2.4815118312835693
1997-11-06,2.475794076919556
1997-11-07,2.4643590450286865
1997-11-10,2.452923059463501
1997-11-11,2.3671562671661377
1997-11-12,2.275672435760498
1997-11-13,2.275672435760498
1997-11-14,2.3156967163085938
1997-11-17,2.344285726547241
1997-11-18,2.3271329402923584
1997-11-19,2.355721235275269
1997-11-20,2.3671562671661377
1997-11-21,2.332849502563477
1997-11-24,2.321413516998291
1997-11-25,2.3156967163085938
1997-11-26,2.311407804489136
1997-11-28,2.304260492324829
1997-12-01,2.344285726547241
1997-12-02,2.292825937271118
1997-12-03,2.207059144973755
1997-12-04,2.241365671157837
1997-12-05,2.44148850440979
1997-12-08,2.544407606124878
1997-12-09,2.504382848739624
1997-12-10,2.4929471015930176
1997-12-11,2.424333572387696
1997-12-12,2.435770273208618
1997-12-15,2.401463747024536
1997-12-16,2.515817880630493
1997-12-17,2.6358916759490967
1997-12-18,2.687351703643799
1997-12-19,2.607302188873291
1997-12-22,2.710222721099853
1997-12-23,2.7788360118865967
1997-12-24,2.7902708053588867
1997-12-26,2.7902708053588867
1997-12-29,2.97324013710022
1997-12-30,3.0647246837615967
1997-12-31,3.247692108154297
1998-01-02,2.9274978637695312
1998-01-05,3.0875954627990723
1998-01-06,3.0761594772338867
1998-01-07,2.7902708053588867
1998-01-08,2.8131422996521
1998-01-09,2.561560869216919
1998-01-12,2.538689136505127
1998-01-13,2.664480447769165
1998-01-14,2.572995901107788
1998-01-15,2.527254819869995
1998-01-16,2.561560869216919
1998-01-20,2.6416094303131104
1998-01-21,2.687351703643799
1998-01-22,2.6759157180786133
1998-01-23,2.664480447769165
1998-01-26,2.6416094303131104
1998-01-27,2.6244564056396484
1998-01-28,2.6559033393859863
1998-01-29,2.824577808380127
1998-01-30,2.755964994430542
1998-02-02,2.893190860748291
1998-02-03,2.9274978637695312
1998-02-04,2.9961111545562744
1998-02-05,2.950368642807007
1998-02-06,3.0304179191589355
1998-02-09,3.0304179191589355
1998-02-10,3.1333372592926025
1998-02-11,2.8131422996521
1998-02-12,2.698786497116089
1998-02-13,2.710222721099853
1998-02-17,2.613020420074463
1998-02-18,2.670198678970337
1998-02-19,2.538689136505127
1998-02-20,2.5501251220703125
1998-02-23,2.575855255126953
1998-02-24,2.504382848739624
1998-02-25,2.498665571212769
1998-02-26,2.504382848739624
1998-02-27,2.698786497116089
1998-03-02,2.9103453159332275
1998-03-03,2.8474485874176025
1998-03-04,2.9103453159332275
1998-03-05,2.618738412857056
1998-03-06,2.721657514572144
1998-03-09,2.572995901107788
1998-03-10,2.738810777664185
1998-03-11,2.784554004669189
1998-03-12,2.824577808380127
1998-03-13,2.9389333724975586
1998-03-16,2.9961111545562744
1998-03-17,2.950368642807007
1998-03-18,2.9074857234954834
1998-03-19,2.893190860748291
1998-03-20,2.8188605308532715
1998-03-23,2.993252277374268
1998-03-24,3.121901512145996
1998-03-25,3.110466480255127
1998-03-26,3.110466480255127
1998-03-27,3.224822521209717
1998-03-30,3.316304922103882
1998-03-31,3.247692108154297
1998-04-01,3.236256599426269
1998-04-02,3.213386297225952
1998-04-03,3.144772529602051
1998-04-06,3.021841287612915
1998-04-07,2.881755352020264
1998-04-08,3.0304179191589355
1998-04-09,2.9961111545562744
1998-04-13,3.0647246837615967
1998-04-14,3.139055252075196
1998-04-15,3.15620756149292
1998-04-16,3.1161842346191406
1998-04-17,3.15620756149292
1998-04-20,3.144772529602051
1998-04-21,3.2705650329589844
1998-04-22,3.236256599426269
1998-04-23,3.236256599426269
1998-04-24,3.224822521209717
1998-04-27,3.0304179191589355
1998-04-28,3.221963167190552
1998-04-29,3.3506124019622803
1998-04-30,3.2991535663604736
1998-05-01,3.373483657836914
1998-05-04,3.5107107162475586
1998-05-05,3.4420971870422363
1998-05-06,3.407790184020996
1998-05-07,3.396353483200073
1998-05-08,3.464967727661133
1998-05-11,3.3448948860168457
1998-05-12,3.322023868560791
1998-05-13,3.304870128631592
1998-05-14,3.259127616882324
1998-05-15,3.2705650329589844
1998-05-18,3.407790184020996
1998-05-19,3.487839698791504
1998-05-20,3.416368246078491
1998-05-21,3.4420971870422363
1998-05-22,3.3849196434021
1998-05-26,3.2934353351593018
1998-05-27,3.1076080799102783
1998-05-28,3.15620756149292
1998-05-29,3.181938886642456
1998-06-01,3.1333372592926025
1998-06-02,3.27628231048584
1998-06-03,3.201951026916504
1998-06-04,3.1333372592926025
1998-06-05,3.15620756149292
1998-06-08,3.3391778469085693
1998-06-09,3.3849196434021
1998-06-10,3.396353483200073
1998-06-11,3.224822521209717
1998-06-12,3.15620756149292
1998-06-15,3.0647246837615967
1998-06-16,3.1905150413513184
1998-06-17,3.179079294204712
1998-06-18,3.053287506103516
1998-06-19,3.179079294204712
1998-06-22,3.2705650329589844
1998-06-23,3.356329917907715
1998-06-24,3.416368246078491
1998-06-25,3.316304922103882
1998-06-26,3.362046718597412
1998-06-29,3.47640323638916
1998-06-30,3.562171936035156
1998-07-01,3.5107107162475586
1998-07-02,3.522145271301269
1998-07-06,3.876646757125856
1998-07-07,4.093923091888428
1998-07-08,4.151101112365723
1998-07-09,4.299762725830078
1998-07-10,4.265456199645996
1998-07-13,4.231149196624756
1998-07-14,4.196842670440674
1998-07-15,4.4369893074035645
1998-07-16,4.52847146987915
1998-07-17,4.597085475921631
1998-07-20,4.482731342315674
1998-07-21,4.265456199645996
1998-07-22,4.208277702331543
1998-07-23,4.082488059997559
1998-07-24,3.9452621936798096
1998-07-27,3.93382740020752
1998-07-28,3.996721029281616
1998-07-29,3.9223904609680176
1998-07-30,3.99100399017334
1998-07-31,3.819469928741455
1998-08-03,3.739421844482422
1998-08-04,3.6021933555603027
1998-08-05,3.8451988697052
1998-08-06,4.1053571701049805
1998-08-07,4.2197136878967285
1998-08-10,4.139665126800537
1998-08-11,4.002438068389893
1998-08-12,4.116795063018799
1998-08-13,4.2540202140808105
1998-08-14,4.139665126800537
1998-08-17,4.259737491607666
1998-08-18,4.425552368164063
1998-08-19,4.379811763763428
1998-08-20,4.368374347686768
1998-08-21,4.2197136878967285
1998-08-24,4.459860801696777
1998-08-25,4.322634220123291
1998-08-26,4.334068298339844
1998-08-27,4.234007835388184
1998-08-28,4.208277702331543
1998-08-31,3.8137526512146
1998-09-01,4.139665126800537
1998-09-02,4.265456199645996
1998-09-03,4.276890754699707
1998-09-04,4.368374347686768
1998-09-08,4.511319637298584
1998-09-09,4.551344871520996
1998-09-10,4.465579032897949
1998-09-11,4.665699005126953
1998-09-14,4.940153121948242
1998-09-15,4.940153121948242
1998-09-16,4.711442470550537
1998-09-17,4.597085475921631
1998-09-18,4.825796604156494
1998-09-21,4.882976531982422
1998-09-22,5.203169345855713
1998-09-23,5.351831436157227
1998-09-24,5.157426834106445
1998-09-25,5.351831436157227
1998-09-28,5.529084205627441
1998-09-29,5.134555816650391
1998-09-30,4.631392478942871
1998-10-01,3.8537774085998535
1998-10-02,4.139665126800537
1998-10-05,3.8995203971862793
1998-10-06,3.825188875198364
1998-10-07,3.3849196434021
1998-10-08,3.179079294204712
1998-10-09,3.93382740020752
1998-10-12,4.116795063018799
1998-10-13,3.659372568130493
1998-10-14,3.979568719863892
1998-10-15,4.111075401306152
1998-10-16,4.2197136878967285
1998-10-19,4.619956970214844
1998-10-20,4.625675201416016
1998-10-21,4.574214935302734
1998-10-22,4.591369152069092
1998-10-23,4.619956970214844
1998-10-26,4.940153121948242
1998-10-27,4.665699005126953
1998-10-28,4.688571453094482
1998-10-29,4.8372321128845215
1998-10-30,5.008765697479248
1998-11-02,5.203169345855713
1998-11-03,5.008765697479248
1998-11-04,5.166004180908203
1998-11-05,5.75779390335083
1998-11-06,5.929327487945557
1998-11-09,5.900737285614014
1998-11-10,6.1694746017456055
1998-11-11,6.163753509521484
1998-11-12,5.97506856918335
1998-11-13,5.809252738952637
1998-11-16,6.07227087020874
1998-11-17,6.426772594451904
1998-11-18,6.735533237457275
1998-11-19,6.769839286804199
1998-11-20,6.655482292175293
1998-11-23,6.74124813079834
1998-11-24,6.644047260284424
1998-11-25,6.604023456573486
1998-11-27,6.769839286804199
1998-11-30,6.872757434844971
1998-12-01,6.735533237457275
1998-12-02,6.598306179046631
1998-12-03,6.581153392791748
1998-12-04,6.861320495605469
1998-12-07,6.964241981506348
1998-12-08,6.872757434844971
1998-12-09,6.861320495605469
1998-12-10,6.7927069664001465
1998-12-11,6.563998699188232
1998-12-14,6.163753509521484
1998-12-15,6.609740257263184
1998-12-16,6.781272411346436
1998-12-17,7.455970764160156
1998-12-18,7.741863250732422
1998-12-21,8.130664825439453
1998-12-22,7.867654800415039
1998-12-23,8.119231224060059
1998-12-24,8.210714340209961
1998-12-28,7.959137439727783
1998-12-29,7.799040794372559
1998-12-30,8.073493957519531
1998-12-31,8.204997062683105
1999-01-04,8.233590126037598
1999-01-05,8.210714340209961
1999-01-06,8.393685340881348
1999-01-07,8.462298393249512
1999-01-08,8.736748695373535
1999-01-11,9.331398010253906
1999-01-12,9.217041015625
1999-01-13,9.582982063293455
1999-01-14,9.125557899475098
1999-01-15,9.651593208312988
1999-01-19,10.154756546020508
1999-01-20,9.788822174072266
1999-01-21,9.331398010253906
1999-01-22,8.782495498657227
1999-01-25,8.965462684631348
1999-01-26,9.148429870605469
1999-01-27,9.217041015625
1999-01-28,9.537238121032717
1999-01-29,9.69733428955078
1999-02-01,9.651593208312988
1999-02-02,9.651593208312988
1999-02-03,9.628725051879885
1999-02-04,8.988334655761719
1999-02-05,8.462298393249512
1999-02-08,8.736748695373535
1999-02-09,8.027746200561523
1999-02-10,8.084925651550293
1999-02-11,9.491498947143556
1999-02-12,8.736748695373535
1999-02-16,8.405118942260742
1999-02-17,7.661811351776123
1999-02-18,7.250131130218506
1999-02-19,7.867654800415039
1999-02-22,8.187846183776855
1999-02-23,8.405118942260742
1999-02-24,7.776164054870605
1999-02-25,7.867654800415039
1999-02-26,7.684680461883545
1999-03-01,7.684680461883545
1999-03-02,7.799040794372559
1999-03-03,7.776164054870605
1999-03-04,8.016310691833496
1999-03-05,8.37081241607666
1999-03-08,8.325072288513184
1999-03-09,8.187846183776855
1999-03-10,8.119231224060059
1999-03-11,8.004876136779785
1999-03-12,7.60463285446167
1999-03-15,7.87908935546875
1999-03-16,8.302202224731445
1999-03-17,8.599525451660156
1999-03-18,9.857436180114746
1999-03-19,9.903175354003906
1999-03-22,9.857436180114746
1999-03-23,8.942591667175293
1999-03-24,9.40001392364502
1999-03-25,9.46862506866455
1999-03-26,9.354269981384276
1999-03-29,9.674464225769045
1999-03-30,9.605854988098145
1999-03-31,9.262784957885742
1999-04-01,10.337726593017578
1999-04-05,10.749406814575195
1999-04-06,10.612177848815918
1999-04-07,10.10901927947998
1999-04-08,10.406338691711426
1999-04-09,10.726532936096191
1999-04-12,10.783713340759276
1999-04-13,11.618505477905272
1999-04-14,11.572763442993164
1999-04-15,10.726532936096191
1999-04-16,10.246243476867676
1999-04-19,8.965462684631348
1999-04-20,9.102689743041992
1999-04-21,10.154756546020508
1999-04-22,10.040401458740234
1999-04-23,10.154756546020508
1999-04-26,10.56643772125244
1999-04-27,10.20050048828125
1999-04-28,9.605854988098145
1999-04-29,9.434318542480469
1999-04-30,9.205608367919922
1999-05-03,8.83967113494873
1999-05-04,8.553781509399414
1999-05-05,8.256458282470703
1999-05-06,8.347943305969238
1999-05-07,8.599525451660156
1999-05-10,9.079813957214355
1999-05-11,9.491498947143556
1999-05-12,9.834562301635742
1999-05-13,9.514366149902344
1999-05-14,8.645268440246582
1999-05-17,8.942591667175293
1999-05-18,9.857436180114746
1999-05-19,9.239913940429688
1999-05-20,8.782495498657227
1999-05-21,8.508040428161621
1999-05-24,8.233590126037598
1999-05-25,8.267892837524414
1999-05-26,8.233590126037598
1999-05-27,8.553781509399414
1999-05-28,8.628114700317383
1999-06-01,8.450862884521484
1999-06-02,9.01120662689209
1999-06-03,9.022639274597168
1999-06-04,9.068382263183594
1999-06-07,9.354269981384276
1999-06-08,8.965462684631348
1999-06-09,8.98261547088623
1999-06-10,8.782495498657227
1999-06-11,8.222149848937988
1999-06-14,7.776164054870605
1999-06-15,7.250131130218506
1999-06-16,8.050619125366211
1999-06-17,8.233590126037598
1999-06-18,8.416555404663086
1999-06-21,8.530912399291992
1999-06-22,8.199280738830566
1999-06-23,8.83967113494873
1999-06-24,9.159867286682127
1999-06-25,9.5029296875
1999-06-28,9.525802612304688
1999-06-29,11.023859977722168
1999-06-30,10.223369598388672
1999-07-01,10.543564796447754
1999-07-02,10.617897033691406
1999-07-06,10.955241203308104
1999-07-07,10.915221214294434
1999-07-08,10.955241203308104
1999-07-09,11.595637321472168
1999-07-12,11.264005661010742
1999-07-13,11.206828117370604
1999-07-14,11.13249683380127
1999-07-15,11.3440523147583
1999-07-16,11.46984577178955
1999-07-19,11.14393424987793
1999-07-20,10.26911163330078
1999-07-21,10.623614311218262
1999-07-22,10.263395309448242
1999-07-23,10.257678031921388
1999-07-26,9.582982063293455
1999-07-27,9.903175354003906
1999-07-28,9.845995903015137
1999-07-29,10.189064025878906
1999-07-30,9.97178840637207
1999-08-02,10.577874183654783
1999-08-03,10.303421020507812
1999-08-04,9.685901641845703
1999-08-05,9.948920249938965
1999-08-06,9.354269981384276
1999-08-09,9.863149642944336
1999-08-10,9.46862506866455
1999-08-11,9.651593208312988
1999-08-12,9.86886978149414
1999-08-13,10.234806060791016
1999-08-16,10.360599517822266
1999-08-17,10.303421020507812
1999-08-18,10.086146354675291
1999-08-19,10.56643772125244
1999-08-20,10.680793762207031
1999-08-23,11.023859977722168
1999-08-24,11.481280326843262
1999-08-25,11.778605461120604
1999-08-26,11.755733489990234
1999-08-27,11.790040969848633
1999-08-30,12.064493179321287
1999-08-31,12.018749237060549
1999-09-01,11.812911033630373
1999-09-02,11.835777282714844
1999-09-03,12.53334903717041
1999-09-07,12.601962089538574
1999-09-08,12.36181640625
1999-09-09,12.007315635681152
1999-09-10,12.396124839782717
1999-09-13,12.270329475402832
1999-09-14,12.773494720458984
1999-09-15,13.230916976928713
1999-09-16,13.173741340637209
1999-09-17,13.71120834350586
1999-09-20,14.1114501953125
1999-09-21,13.74551486968994
1999-09-22,13.848437309265137
1999-09-23,13.219480514526367
1999-09-24,13.265219688415527
1999-09-27,12.967900276184082
1999-09-28,13.310964584350586
1999-09-29,13.219480514526367
1999-09-30,13.105127334594728
1999-10-01,12.893569946289062
1999-10-04,13.917051315307615
1999-10-05,14.328725814819336
1999-10-06,14.191509246826172
1999-10-07,14.008532524108888
1999-10-08,13.928483963012695
1999-10-11,13.722640991210938
1999-10-12,13.276662826538086
1999-10-13,13.265219688415527
1999-10-14,12.950746536254885
1999-10-15,12.739190101623535
1999-10-18,12.659139633178713
1999-10-19,11.984444618225098
1999-10-20,12.567655563354492
1999-10-21,11.755733489990234
1999-10-22,12.899290084838867
1999-10-25,12.17884922027588
1999-10-26,12.190284729003906
1999-10-27,11.709991455078123
1999-10-28,12.40755844116211
1999-10-29,13.539678573608398
1999-11-01,13.539678573608398
1999-11-02,14.59174919128418
1999-11-03,15.781048774719238
1999-11-04,15.735309600830078
1999-11-05,16.547229766845703
1999-11-08,17.46206283569336
1999-11-09,18.205379486083984
1999-11-10,17.770824432373047
1999-11-11,17.382028579711914
1999-11-12,16.810237884521484
1999-11-15,16.444299697875977
1999-11-16,18.925819396972656
1999-11-17,22.6881046295166
1999-11-18,21.72751808166504
1999-11-19,21.19005584716797
1999-11-22,21.59029197692871
1999-11-23,21.69321250915528
1999-11-24,22.5051383972168
1999-11-26,23.88883399963379
1999-11-29,24.36913299560547
1999-11-30,21.533117294311523
1999-12-01,22.871082305908203
1999-12-02,24.79224967956543
1999-12-03,25.020959854125977
1999-12-06,27.719741821289062
1999-12-07,26.873517990112305
1999-12-08,27.582517623901367
1999-12-09,27.53677749633789
1999-12-10,28.15429306030273
1999-12-13,29.38933563232422
1999-12-14,30.00685310363769
1999-12-15,27.982765197753903
1999-12-16,27.982765197753903
1999-12-17,26.4732608795166
1999-12-20,26.80489921569824
1999-12-21,28.588838577270508
1999-12-22,31.24189186096192
1999-12-23,30.92170143127441
1999-12-27,30.05259895324707
1999-12-28,30.80734062194824
1999-12-29,30.029727935791016
1999-12-30,31.058921813964844
1999-12-31,30.395648956298828
2000-01-03,31.104656219482425
2000-01-04,27.170827865600582
2000-01-05,28.68033027648925
2000-01-06,25.63846778869629
2000-01-07,31.104656219482425
2000-01-10,32.43118667602539
2000-01-11,30.18982696533203
2000-01-12,31.88227081298828
2000-01-13,31.367679595947266
2000-01-14,34.28374099731445
2000-01-18,43.22633743286133
2000-01-19,39.70418930053711
2000-01-20,42.082767486572266
2000-01-21,42.86039352416992
2000-01-24,37.325592041015625
2000-01-25,39.223899841308594
2000-01-26,39.658451080322266
2000-01-27,37.64580154418945
2000-01-28,36.29640579223633
2000-01-31,36.730953216552734
2000-02-01,39.452598571777344
2000-02-02,41.39664077758789
2000-02-03,41.94555282592773
2000-02-04,46.81710052490234
2000-02-07,45.8793830871582
2000-02-08,48.30371856689453
2000-02-09,47.09153747558594
2000-02-10,50.95676040649414
2000-02-11,56.697391510009766
2000-02-14,54.27305221557617
2000-02-15,55.46234893798828
2000-02-16,64.19911193847656
2000-02-17,63.810302734375
2000-02-18,61.2030143737793
2000-02-22,61.70615768432617
2000-02-23,65.43414306640625
2000-02-24,73.18743896484375
2000-02-25,70.60301971435547
2000-02-28,67.33244323730469
2000-02-29,69.07066345214844
2000-03-01,69.55093383789062
2000-03-02,69.25360107421875
2000-03-03,73.16458892822266
2000-03-06,77.60157775878906
2000-03-07,77.80741119384766
2000-03-08,79.88867950439453
2000-03-09,87.96216583251953
2000-03-10,86.68140411376953
2000-03-13,83.47944641113281
2000-03-14,72.11249542236328
2000-03-15,63.33001327514648
2000-03-16,66.80645751953125
2000-03-17,73.46190643310547
2000-03-20,66.9893798828125
2000-03-21,67.6583480834961
2000-03-22,75.42878723144531
2000-03-23,77.12126922607422
2000-03-24,73.18743896484375
2000-03-27,71.17475891113281
2000-03-28,69.93974304199219
2000-03-29,67.19523620605469
2000-03-30,57.909576416015625
2000-03-31,60.5626220703125
2000-04-03,49.67597579956055
2000-04-04,49.03559494018555
2000-04-05,50.91102600097656
2000-04-06,53.42684555053711
2000-04-07,58.50419235229492
2000-04-10,49.493011474609375
2000-04-11,46.565521240234375
2000-04-12,41.48813629150391
2000-04-13,41.67110443115234
2000-04-14,36.8681640625
2000-04-17,38.01171875
2000-04-18,44.09543991088867
2000-04-19,44.32413482666016
2000-04-20,41.6253547668457
2000-04-24,37.05113983154297
2000-04-25,50.31636047363281
2000-04-26,44.735816955566406
2000-04-27,49.447265625
2000-04-28,54.11296081542969
2000-05-01,51.96307373046875
2000-05-02,47.75481414794922
2000-05-03,48.85260009765625
2000-05-04,49.67597579956055
2000-05-05,51.13971328735352
2000-05-08,46.24530792236328
2000-05-09,46.42828369140625
2000-05-10,42.44871139526367
2000-05-11,42.402976989746094
2000-05-12,42.58594512939453
2000-05-15,48.39521408081055
2000-05-16,53.24385833740234
2000-05-17,50.31636047363281
2000-05-18,50.49932098388672
2000-05-19,47.66331100463867
2000-05-22,47.61758041381836
2000-05-23,42.44871139526367
2000-05-24,47.61758041381836
2000-05-25,44.91879653930664
2000-05-26,42.67744064331055
2000-05-30,48.89834976196289
2000-05-31,47.25164413452149
2000-06-01,51.00249862670898
2000-06-02,54.47890853881836
2000-06-05,56.06843948364258
2000-06-06,54.06725692749024
2000-06-07,57.177677154541016
2000-06-08,62.43804550170898
2000-06-09,62.30083465576172
2000-06-12,57.22343826293945
2000-06-13,62.9869499206543
2000-06-14,55.348026275634766
2000-06-15,57.95529174804688
2000-06-16,58.50419235229492
2000-06-19,62.895469665527344
2000-06-20,63.44434356689453
2000-06-21,64.08473205566406
2000-06-22,61.47744369506836
2000-06-23,56.30858612060547
2000-06-26,60.05945587158203
2000-06-27,60.60836410522461
2000-06-28,60.42538070678711
2000-06-29,56.9489860534668
2000-06-30,58.915897369384766
2000-07-03,60.60836410522461
2000-07-05,57.131954193115234
2000-07-06,57.131954193115234
2000-07-07,59.69351959228516
2000-07-10,59.46481323242188
2000-07-11,61.11151885986328
2000-07-12,65.86872100830078
2000-07-13,69.20787811279297
2000-07-14,70.3514404296875
2000-07-17,74.65118408203125
2000-07-18,73.14173126220703
2000-07-19,73.50765228271484
2000-07-20,82.38162231445312
2000-07-21,80.04878234863281
2000-07-24,75.245849609375
2000-07-25,77.71590423583984
2000-07-26,74.60547637939453
2000-07-27,69.71102905273438
2000-07-28,62.20931243896485
2000-07-31,63.07845306396485
2000-08-01,60.47112274169922
2000-08-02,56.30858612060547
2000-08-03,57.40638732910156
2000-08-04,61.889137268066406
2000-08-07,65.68571472167969
2000-08-08,67.1037368774414
2000-08-09,66.2803955078125
2000-08-10,62.71247863769531
2000-08-11,64.90808868408203
2000-08-14,66.41761779785156
2000-08-15,62.16358184814453
2000-08-16,64.6336669921875
2000-08-17,69.16214752197266
2000-08-18,68.75044250488281
2000-08-21,69.80252075195312
2000-08-22,69.07066345214844
2000-08-23,73.18743896484375
2000-08-24,74.42250061035156
2000-08-25,73.7820816040039
2000-08-28,76.0234375
2000-08-29,79.95729064941406
2000-08-30,81.5582504272461
2000-08-31,85.62930297851562
2000-09-01,84.53150177001953
2000-09-05,82.65605926513672
2000-09-06,74.3767318725586
2000-09-07,84.71446990966797
2000-09-08,83.11351776123047
2000-09-11,80.91788482666016
2000-09-12,79.91153717041016
2000-09-13,81.9699478149414
2000-09-14,84.66873931884766
2000-09-15,86.40693664550781
2000-09-18,91.7587661743164
2000-09-19,95.05220794677734
2000-09-20,103.28578186035156
2000-09-21,99.90084838867188
2000-09-22,107.8599624633789
2000-09-25,95.4638671875
2000-09-26,93.63420104980467
2000-09-27,93.77140808105467
2000-09-28,99.43197631835938
2000-09-29,93.2225112915039
2000-10-02,89.42589569091797
2000-10-03,88.05364990234375
2000-10-04,86.94440460205078
2000-10-05,87.04733276367188
2000-10-06,86.40693664550781
2000-10-09,87.82494354248047
2000-10-10,84.9889144897461
2000-10-11,89.05996704101562
2000-10-12,83.29644775390625
2000-10-13,88.87699127197266
2000-10-16,97.75093841552734
2000-10-17,99.53492736816406
2000-10-18,97.7052001953125
2000-10-19,106.39627075195312
2000-10-20,108.77481079101562
2000-10-23,102.73685455322266
2000-10-24,97.84245300292967
2000-10-25,89.47163391113281
2000-10-26,85.4920883178711
2000-10-27,90.02055358886719
2000-10-30,77.71590423583984
2000-10-31,87.0930404663086
2000-11-01,80.36894989013672
2000-11-02,77.48721313476562
2000-11-03,79.31690216064453
2000-11-06,80.96360778808594
2000-11-07,88.55679321289062
2000-11-08,78.3563232421875
2000-11-09,71.12903594970703
2000-11-10,66.05166625976562
2000-11-13,61.84340286254883
2000-11-14,70.44292449951172
2000-11-15,55.71393585205078
2000-11-16,53.28962707519531
2000-11-17,47.25164413452149
2000-11-20,49.21855163574219
2000-11-21,44.64433288574219
2000-11-22,42.81465148925781
2000-11-24,46.016597747802734
2000-11-27,39.84141159057617
2000-11-28,38.21757888793945
2000-11-29,36.59371948242188
2000-11-30,36.13629150390625
2000-12-01,39.47547912597656
2000-12-04,42.357234954833984
2000-12-05,59.69351959228516
2000-12-06,55.89690017700195
2000-12-07,55.165035247802734
2000-12-08,63.810302734375
2000-12-11,61.75191879272461
2000-12-12,60.51687240600586
2000-12-13,53.24385833740234
2000-12-14,50.59081268310547
2000-12-15,47.70905685424805
2000-12-18,48.07499694824219
2000-12-19,44.003944396972656
2000-12-20,39.33824920654297
2000-12-21,39.97864532470703
2000-12-22,50.4078483581543
2000-12-26,49.76746368408203
2000-12-27,51.78010559082031
2000-12-28,53.06087875366211
2000-12-29,46.977195739746094
2001-01-02,37.64580154418945
2001-01-03,46.8399658203125
2001-01-04,48.57816696166992
2001-01-05,39.97864532470703
2001-01-08,40.93922424316406
2001-01-09,37.50857162475586
2001-01-10,41.30516052246094
2001-01-11,44.232669830322266
2001-01-12,42.54019927978516
2001-01-16,42.54019927978516
2001-01-17,46.1995735168457
2001-01-18,49.26430892944336
2001-01-19,49.26430892944336
2001-01-22,48.9441032409668
2001-01-23,53.83852767944336
2001-01-24,44.91879653930664
2001-01-25,41.35090637207031
2001-01-26,41.35090637207031
2001-01-29,43.86671829223633
2001-01-30,42.54019927978516
2001-01-31,39.24676132202149
2001-02-01,34.07789611816406
2001-02-02,34.215126037597656
2001-02-05,31.699312210083008
2001-02-06,32.842857360839844
2001-02-07,28.268653869628903
2001-02-08,25.752826690673828
2001-02-09,27.81122589111328
2001-02-12,28.63459587097168
2001-02-13,29.046262741088867
2001-02-14,30.830219268798828
2001-02-15,32.93436050415039
2001-02-16,29.549427032470703
2001-02-20,24.609275817871094
2001-02-21,25.112438201904297
2001-02-22,24.746505737304688
2001-02-23,24.83798789978028
2001-02-26,24.151859283447266
2001-02-27,23.41998291015625
2001-02-28,21.77326011657715
2001-03-01,22.596622467041016
2001-03-02,19.94357681274414
2001-03-05,20.858417510986328
2001-03-06,21.453065872192383
2001-03-07,20.583967208862305
2001-03-08,18.296859741210938
2001-03-09,15.460850715637209
2001-03-12,14.774713516235352
2001-03-13,16.695886611938477
2001-03-14,15.506587028503418
2001-03-15,13.722640991210938
2001-03-16,13.859870910644531
2001-03-19,14.957687377929688
2001-03-20,13.631160736083984
2001-03-21,14.088581085205078
2001-03-22,16.45573616027832
2001-03-23,15.460850715637209
2001-03-26,14.54600715637207
2001-03-27,15.232137680053713
2001-03-28,13.585413932800291
2001-03-29,11.938703536987305
2001-03-30,12.304637908935549
2001-04-02,11.161083221435549
2001-04-03,9.194170951843262
2001-04-04,8.645268440246582
2001-04-05,9.880306243896484
2001-04-06,9.834562301635742
2001-04-09,9.77052402496338
2001-04-10,11.475794792175291
2001-04-11,12.119843482971191
2001-04-12,12.207667350769045
2001-04-16,11.183042526245115
2001-04-17,11.61484718322754
2001-04-18,14.227635383605955
2001-04-19,16.320802688598633
2001-04-20,17.235641479492188
2001-04-23,16.064647674560547
2001-04-24,14.586265563964844
2001-04-25,15.735309600830078
2001-04-26,14.754590034484863
2001-04-27,15.99877643585205
2001-04-30,16.650144577026367
2001-05-01,17.967514038085938
2001-05-02,20.646183013916016
2001-05-03,18.92627143859864
2001-05-04,18.421276092529297
2001-05-07,19.233657836914062
2001-05-08,19.687423706054688
2001-05-09,18.65547752380371
2001-05-10,17.572307586669922
2001-05-11,17.747957229614258
2001-05-14,16.342758178710938
2001-05-15,16.4891357421875
2001-05-16,18.062667846679688
2001-05-17,16.906293869018555
2001-05-18,16.78919792175293
2001-05-21,19.504453659057617
2001-05-22,20.62421989440918
2001-05-23,18.97750663757324
2001-05-24,19.826473236083984
2001-05-25,18.82381248474121
2001-05-29,16.49644660949707
2001-05-30,13.912935256958008
2001-05-31,13.612862586975098
2001-06-01,13.781194686889648
2001-06-04,13.05664348602295
2001-06-05,13.773873329162598
2001-06-06,13.847065925598145
2001-06-07,14.805815696716309
2001-06-08,13.693370819091797
2001-06-11,13.05664348602295
2001-06-12,12.990768432617188
2001-06-13,12.244258880615234
2001-06-14,11.029346466064451
2001-06-15,10.78783130645752
2001-06-18,9.902263641357422
2001-06-19,9.726611137390137
2001-06-20,8.782495498657227
2001-06-21,8.109170913696289
2001-06-22,8.292133331298828
2001-06-25,8.548295021057129
2001-06-26,9.06060791015625
2001-06-27,9.250894546508787
2001-06-28,9.624147415161133
2001-06-29,10.026681900024414
2001-07-02,9.763206481933594
2001-07-03,9.631467819213867
2001-07-05,9.272850036621094
2001-07-06,8.62148380279541
2001-07-09,8.511699676513672
2001-07-10,7.582218647003174
2001-07-11,8.00670337677002
2001-07-12,8.416555404663086
2001-07-13,8.540973663330078
2001-07-16,8.109170913696289
2001-07-17,8.343369483947754
2001-07-18,7.509032726287842
2001-07-19,7.772505760192871
2001-07-20,7.670041561126709
2001-07-23,7.23091983795166
2001-07-24,7.355338096618652
2001-07-25,7.340699672698975
2001-07-26,7.882286548614502
2001-07-27,8.248223304748535
2001-07-30,8.401921272277832
2001-07-31,9.13379192352295
2001-08-01,11.13180923461914
2001-08-02,11.1757230758667
2001-08-03,10.612177848815918
2001-08-06,10.641456604003906
2001-08-07,10.356024742126465
2001-08-08,10.15841579437256
2001-08-09,10.33406925201416
2001-08-10,10.180373191833496
2001-08-13,10.238921165466309
2001-08-14,9.33871841430664
2001-08-15,9.602191925048828
2001-08-16,9.206984519958496
2001-08-17,8.819084167480469
2001-08-20,9.002054214477539
2001-08-21,9.06060791015625
2001-08-22,8.855682373046875
2001-08-23,8.943507194519043
2001-08-24,10.231603622436523
2001-08-27,10.063271522521973
2001-08-28,9.69733428955078
2001-08-29,10.07791233062744
2001-08-30,9.56559944152832
2001-08-31,9.48509407043457
2001-09-04,8.943507194519043
2001-09-05,8.577568054199219
2001-09-06,8.153081893920898
2001-09-07,8.057937622070312
2001-09-10,7.772505760192871
2001-09-17,7.296790599822998
2001-09-18,6.989400863647461
2001-09-19,6.799116134643555
2001-09-20,6.682016372680664
2001-09-21,5.869633197784424
2001-09-24,6.0818772315979
2001-09-25,6.645419120788574
2001-09-26,5.789126396179199
2001-09-27,4.88892126083374
2001-09-28,4.976745128631592
2001-10-01,4.786458492279053
2001-10-02,5.013340950012207
2001-10-03,6.074558258056641
2001-10-04,6.228250026702881
2001-10-05,7.135775089263916
2001-10-08,6.894256114959717
2001-10-09,6.886936664581299
2001-10-10,6.762517929077148
2001-10-11,7.9774298667907715
2001-10-12,8.533653259277344
2001-10-15,8.497062683105469
2001-10-16,8.5629301071167
2001-10-17,7.355338096618652
2001-10-18,7.692001342773437
2001-10-19,7.501713275909424
2001-10-22,8.240907669067383
2001-10-23,8.409236907958984
2001-10-24,9.353352546691896
2001-10-25,10.092548370361328
2001-10-26,9.631467819213867
2001-10-29,8.62148380279541
2001-10-30,8.91423225402832
2001-10-31,9.733929634094238
2001-11-01,11.505066871643066
2001-11-02,10.970795631408691
2001-11-05,12.441865921020508
2001-11-06,12.39795207977295
2001-11-07,12.127159118652344
2001-11-08,11.651442527770996
2001-11-09,12.083248138427734
2001-11-12,12.793167114257812
2001-11-13,13.31279468536377
2001-11-14,11.190361976623535
2001-11-15,11.651442527770996
2001-11-16,11.673396110534668
2001-11-19,11.871006965637209
2001-11-20,11.190361976623535
2001-11-21,11.212315559387209
2001-11-23,11.739266395568848
2001-11-26,11.827091217041016
2001-11-27,11.717310905456545
2001-11-28,10.736599922180176
2001-11-29,11.3440523147583
2001-11-30,11.292821884155272
2001-12-03,11.651442527770996
2001-12-04,12.32476806640625
2001-12-05,14.088581085205078
2001-12-06,14.33741283416748
2001-12-07,13.927569389343262
2001-12-10,14.600893020629885
2001-12-11,15.64015769958496
2001-12-12,17.26491928100586
2001-12-13,15.801169395446776
2001-12-14,15.398642539978027
2001-12-17,15.918274879455566
2001-12-18,17.60890007019043
2001-12-19,17.257604598999023
2001-12-20,15.662117958068848
2001-12-21,16.540359497070312
2001-12-24,16.364715576171875
2001-12-26,16.211021423339844
2001-12-27,16.445215225219727
2001-12-28,16.79652214050293
2001-12-31,16.006093978881836
2002-01-02,17.40397071838379
2002-01-03,19.68010139465332
2002-01-04,19.563007354736328
2002-01-07,17.155136108398438
2002-01-08,18.09925651550293
2002-01-09,16.423261642456055
2002-01-10,16.833110809326172
2002-01-11,16.503765106201172
2002-01-14,14.73263168334961
2002-01-15,14.996111869812012
2002-01-16,13.31279468536377
2002-01-17,14.417930603027344
2002-01-18,13.42258071899414
2002-01-22,12.42722511291504
2002-01-23,13.34938621520996
2002-01-24,14.154455184936523
2002-01-25,14.051987648010254
2002-01-28,14.183725357055664
2002-01-29,13.803154945373535
2002-01-30,13.9568452835083
2002-01-31,13.137144088745115
2002-02-01,13.100553512573242
2002-02-04,11.761223793029783
2002-02-05,11.688037872314451
2002-02-06,12.156435012817385
2002-02-07,11.212315559387209
2002-02-08,11.56361484527588
2002-02-11,12.668745994567873
2002-02-12,12.039336204528809
2002-02-13,14.154455184936523
2002-02-14,13.737278938293455
2002-02-15,13.788512229919434
2002-02-19,12.6541109085083
2002-02-20,13.210334777832031
2002-02-21,11.89296054840088
2002-02-22,12.222302436828612
2002-02-25,12.998091697692873
2002-02-26,13.16641616821289
2002-02-27,12.346724510192873
2002-02-28,11.702672958374023
2002-03-01,13.63481903076172
2002-03-04,15.018065452575684
2002-03-05,15.910945892333984
2002-03-06,14.630173683166504
2002-03-07,14.73263168334961
2002-03-08,15.566967964172363
2002-03-11,15.910945892333984
2002-03-12,15.479144096374512
2002-03-13,15.662117958068848
2002-03-14,15.706029891967772
2002-03-15,14.769224166870115
2002-03-18,14.498435020446776
2002-03-19,14.476476669311523
2002-03-20,14.593581199645996
2002-03-21,15.193716049194336
2002-03-22,14.915603637695312
2002-03-25,14.227635383605955
2002-03-26,13.964159965515137
2002-03-27,14.747270584106444
2002-03-28,14.915603637695312
2002-04-01,15.376680374145508
2002-04-02,14.747270584106444
2002-04-03,14.176410675048828
2002-04-04,14.410606384277344
2002-04-05,13.42989730834961
2002-04-08,13.28351879119873
2002-04-09,12.280856132507324
2002-04-10,12.01006031036377
2002-04-11,11.775860786437988
2002-04-12,12.42722511291504
2002-04-15,12.756569862365724
2002-04-16,13.503080368041992
2002-04-17,13.005409240722656
2002-04-18,13.28351879119873
2002-04-19,12.866354942321776
2002-04-22,12.529691696166992
2002-04-23,12.449186325073242
2002-04-24,11.885637283325195
2002-04-25,12.434545516967772
2002-04-26,11.89296054840088
2002-04-29,11.878321647644045
2002-04-30,12.771209716796877
2002-05-01,12.222302436828612
2002-05-02,11.431879997253418
2002-05-03,10.70732593536377
2002-05-06,10.451167106628418
2002-05-07,9.902263641357422
2002-05-08,12.375998497009276
2002-05-09,11.98078727722168
2002-05-10,11.292821884155272
2002-05-13,12.683388710021973
2002-05-14,13.20301342010498
2002-05-15,11.014710426330566
2002-05-16,11.058621406555176
2002-05-17,11.102534294128418
2002-05-20,10.751235961914062
2002-05-21,10.238921165466309
2002-05-22,10.29015827178955
2002-05-23,10.319429397583008
2002-05-24,9.96081256866455
2002-05-28,9.916900634765623
2002-05-29,9.39726448059082
2002-05-30,9.814438819885254
2002-05-31,9.521685600280762
2002-06-03,8.965462684631348
2002-06-04,9.59487247467041
2002-06-05,9.741247177124023
2002-06-06,9.572916984558104
2002-06-07,9.58023738861084
2002-06-10,9.77784252166748
2002-06-11,9.609511375427246
2002-06-12,9.7046537399292
2002-06-13,9.470458030700684
2002-06-14,9.653425216674805
2002-06-17,10.15841579437256
2002-06-18,10.173053741455078
2002-06-19,9.558279037475586
2002-06-20,9.199663162231444
2002-06-21,8.921549797058105
2002-06-24,9.221616744995115
2002-06-25,8.409236907958984
2002-06-26,8.55561351776123
2002-06-27,8.782495498657227
2002-06-28,9.10451889038086
2002-07-01,8.511699676513672
2002-07-02,7.860330104827881
2002-07-03,8.460471153259277
2002-07-05,9.206984519958496
2002-07-08,8.401921272277832
2002-07-09,7.823738098144531
2002-07-10,7.267512321472168
2002-07-11,7.318745136260986
2002-07-12,7.757870674133301
2002-07-15,8.394598960876465
2002-07-16,8.350688934326172
2002-07-17,8.145764350891113
2002-07-18,7.699321269989014
2002-07-19,7.560263156890869
2002-07-22,7.413889408111572
2002-07-23,6.850344657897949
2002-07-24,7.501713275909424
2002-07-25,6.769839286804199
2002-07-26,6.8723015785217285
2002-07-29,6.689332485198975
2002-07-30,6.433177471160889
2002-07-31,6.1916584968566895
2002-08-01,5.8476762771606445
2002-08-02,5.9281816482543945
2002-08-05,5.276815891265869
2002-08-06,5.833039283752441
2002-08-07,5.737897396087647
2002-08-08,5.898909568786621
2002-08-09,5.423191070556641
2002-08-12,5.4524641036987305
2002-08-13,5.159714698791504
2002-08-14,6.586870670318604
2002-08-15,6.930850028991699
2002-08-16,6.71129035949707
2002-08-19,7.011356830596924
2002-08-20,7.084546089172363
2002-08-21,7.655410289764404
2002-08-22,7.552942752838135
2002-08-23,7.3992509841918945
2002-08-26,7.787144660949707
2002-08-27,7.333380222320557
2002-08-28,6.769839286804199
2002-08-29,7.172372817993164
2002-08-30,6.982079982757568
2002-09-03,6.725927352905273
2002-09-04,6.791794776916504
2002-09-05,6.520999908447266
2002-09-06,6.718607425689697
2002-09-09,6.66005802154541
2002-09-10,6.806431293487549
2002-09-11,6.77715539932251
2002-09-12,6.652738571166992
2002-09-13,6.762517929077148
2002-09-16,6.69665002822876
2002-09-17,6.367307662963867
2002-09-18,6.220932960510254
2002-09-19,6.0818772315979
2002-09-20,6.067238807678223
2002-09-23,5.730576515197754
2002-09-24,5.686664581298828
2002-09-25,6.0818772315979
2002-09-26,5.825721263885498
2002-09-27,5.752533435821533
2002-09-30,5.364637851715088
2002-10-01,5.891589164733887
2002-10-02,5.145079135894775
2002-10-03,4.866964817047119
2002-10-04,4.58885383605957
2002-10-07,4.340014457702637
2002-10-08,4.120453834533691
2002-10-09,4.354653835296631
2002-10-10,4.98406457901001
2002-10-11,5.02797794342041
2002-10-14,5.101163387298584
2002-10-15,5.525651454925537
2002-10-16,4.976745128631592
2002-10-17,5.730576515197754
2002-10-18,5.913545608520508
2002-10-21,6.69665002822876
2002-10-22,6.469771862030029
2002-10-23,6.703969478607178
2002-10-24,6.755201816558838
2002-10-25,7.121139526367188
2002-10-28,7.355338096618652
2002-10-29,6.528321743011475
2002-10-30,6.71129035949707
2002-10-31,6.564916133880615
2002-11-01,7.311426162719727
2002-11-04,7.692001342773437
2002-11-05,7.823738098144531
2002-11-06,8.592205047607422
2002-11-07,7.662725925445557
2002-11-08,7.1138176918029785
2002-11-11,6.755201816558838
2002-11-12,7.150413513183594
2002-11-13,7.765188694000244
2002-11-14,8.04330062866211
2002-11-15,8.101851463317871
2002-11-18,8.109170913696289
2002-11-19,8.00670337677002
2002-11-20,8.73126220703125
2002-11-21,10.180373191833496
2002-11-22,10.502397537231444
2002-11-25,10.268198013305664
2002-11-26,9.49972915649414
2002-11-27,10.019362449645996
2002-11-29,10.15109920501709
2002-12-02,10.399935722351074
2002-12-03,9.741247177124023
2002-12-04,9.346033096313477
2002-12-05,9.038649559020996
2002-12-06,8.738577842712402
2002-12-09,8.416555404663086
2002-12-10,8.745901107788086
2002-12-11,8.862997055053711
2002-12-12,8.570247650146484
2002-12-13,8.467785835266113
2002-12-16,8.965462684631348
2002-12-17,8.97278118133545
2002-12-18,8.123804092407227
2002-12-19,7.9774298667907715
2002-12-20,7.867654800415039
2002-12-23,8.072576522827148
2002-12-24,7.984752655029297
2002-12-26,8.204313278198242
2002-12-27,7.918881893157959
2002-12-30,7.135775089263916
2002-12-31,7.318745136260986
2003-01-02,7.831058979034424
2003-01-03,7.838372707366943
2003-01-06,8.511699676513672
2003-01-07,8.819084167480469
2003-01-08,8.58488941192627
2003-01-09,9.536327362060549
2003-01-10,9.58755588531494
2003-01-13,9.192343711853027
2003-01-14,9.507050514221191
2003-01-15,9.287485122680664
2003-01-16,8.767852783203125
2003-01-17,8.255542755126953
2003-01-21,8.284820556640625
2003-01-22,8.33604907989502
2003-01-23,8.91423225402832
2003-01-24,8.182357788085938
2003-01-27,8.196993827819824
2003-01-28,8.687349319458008
2003-01-29,8.753219604492188
2003-01-30,8.196993827819824
2003-01-31,7.911561012268066
2003-02-03,7.970114231109619
2003-02-04,7.918881893157959
2003-02-05,7.801784038543701
2003-02-06,7.721275329589844
2003-02-07,7.516350746154785
2003-02-10,7.70663595199585
2003-02-11,7.882286548614502
2003-02-12,7.728592395782471
2003-02-13,7.618813514709473
2003-02-14,7.853014945983887
2003-02-18,8.22627067565918
2003-02-19,8.131128311157227
2003-02-20,8.153081893920898
2003-02-21,8.270179748535156
2003-02-24,8.00670337677002
2003-02-25,7.794464111328125
2003-02-26,7.501713275909424
2003-02-27,7.721275329589844
2003-02-28,7.772505760192871
2003-03-03,7.494395732879639
2003-03-04,7.340699672698975
2003-03-05,7.208965301513672
2003-03-06,7.208965301513672
2003-03-07,7.216283798217773
2003-03-10,7.011356830596924
2003-03-11,6.894256114959717
2003-03-12,6.879619121551514
2003-03-13,7.472435474395752
2003-03-14,7.369976043701172
2003-03-17,8.379962921142578
2003-03-18,8.753219604492188
2003-03-19,8.416555404663086
2003-03-20,8.92887020111084
2003-03-21,9.075243949890137
2003-03-24,8.658077239990234
2003-03-25,8.789813995361328
2003-03-26,8.921549797058105
2003-03-27,8.767852783203125
2003-03-28,8.672712326049805
2003-03-31,8.189675331115723
2003-04-01,8.248223304748535
2003-04-02,9.148429870605469
2003-04-03,9.33871841430664
2003-04-04,9.258211135864258
2003-04-07,9.558279037475586
2003-04-08,9.58023738861084
2003-04-09,9.097200393676758
2003-04-10,9.302127838134766
2003-04-11,9.331398010253906
2003-04-14,9.536327362060549
2003-04-15,9.64610767364502
2003-04-16,9.814438819885254
2003-04-17,10.32674789428711
2003-04-21,10.421893119812012
2003-04-22,10.77319049835205
2003-04-23,10.89029598236084
2003-04-24,10.751235961914062
2003-04-25,10.033997535705566
2003-04-28,10.319429397583008
2003-04-29,10.575589179992676
2003-04-30,9.7046537399292
2003-05-01,9.975448608398438
2003-05-02,10.297473907470703
2003-05-05,10.685364723205566
2003-05-06,10.919567108154297
2003-05-07,11.109856605529783
2003-05-08,11.183042526245115
2003-05-09,11.497745513916016
2003-05-12,11.988100051879885
2003-05-13,12.244258880615234
2003-05-14,11.33673095703125
2003-05-15,11.556296348571776
2003-05-16,11.556296348571776
2003-05-19,10.948843002319336
2003-05-20,10.78783130645752
2003-05-21,10.648771286010742
2003-05-22,11.06594467163086
2003-05-23,11.13180923461914
2003-05-27,11.724627494812012
2003-05-28,11.658758163452148
2003-05-29,12.27353286743164
2003-05-30,12.463826179504396
2003-06-02,12.222302436828612
2003-06-03,12.500418663024902
2003-06-04,12.778524398803713
2003-06-05,12.968817710876465
2003-06-06,12.749252319335938
2003-06-09,12.55164623260498
2003-06-10,12.463826179504396
2003-06-11,12.727300643920898
2003-06-12,12.375998497009276
2003-06-13,12.002742767333984
2003-06-16,12.193031311035156
2003-06-17,12.156435012817385
2003-06-18,12.317445755004885
2003-06-19,11.907600402832031
2003-06-20,11.878321647644045
2003-06-23,11.680713653564451
2003-06-24,11.51970100402832
2003-06-25,11.527021408081056
2003-06-26,12.04665470123291
2003-06-27,11.739266395568848
2003-06-30,11.768542289733888
2003-07-01,12.200345039367676
2003-07-02,13.063957214355469
2003-07-03,12.62483024597168
2003-07-07,13.32011604309082
2003-07-08,13.678730964660645
2003-07-09,14.31546115875244
2003-07-10,13.729961395263672
2003-07-11,13.715324401855469
2003-07-14,14.030037879943848
2003-07-15,13.700689315795898
2003-07-16,13.4664888381958
2003-07-17,12.837080001831056
2003-07-18,12.968817710876465
2003-07-21,12.756569862365724
2003-07-22,13.005409240722656
2003-07-23,13.20301342010498
2003-07-24,13.020047187805176
2003-07-25,13.261570930480955
2003-07-28,13.26888656616211
2003-07-29,12.95417594909668
2003-07-30,12.61019802093506
2003-07-31,11.695352554321287
2003-08-01,11.878321647644045
2003-08-04,11.988100051879885
2003-08-05,11.548980712890623
2003-08-06,11.153766632080078
2003-08-07,10.89029598236084
2003-08-08,11.087898254394531
2003-08-11,11.505066871643066
2003-08-12,12.419909477233888
2003-08-13,12.507737159729004
2003-08-14,12.32476806640625
2003-08-15,12.36867904663086
2003-08-18,13.07859706878662
2003-08-19,13.210334777832031
2003-08-20,15.281535148620604
2003-08-21,16.45985221862793
2003-08-22,15.962173461914062
2003-08-25,15.625520706176758
2003-08-26,15.779213905334473
2003-08-27,16.101238250732422
2003-08-28,16.386669158935547
2003-08-29,16.364715576171875
2003-09-02,16.555004119873047
2003-09-03,16.964847564697266
2003-09-04,17.206371307373047
2003-09-05,17.059993743896484
2003-09-08,17.235641479492188
2003-09-09,17.3088321685791
2003-09-10,16.4891357421875
2003-09-11,16.4891357421875
2003-09-12,16.22565269470215
2003-09-15,15.66943645477295
2003-09-16,16.386669158935547
2003-09-17,16.401308059692383
2003-09-18,16.716018676757812
2003-09-19,16.664777755737305
2003-09-22,16.057331085205078
2003-09-23,16.423261642456055
2003-09-24,15.435229301452637
2003-09-25,14.996111869812012
2003-09-26,14.432567596435549
2003-09-29,15.405961036682127
2003-09-30,15.025384902954102
2003-10-01,15.376680374145508
2003-10-02,15.508418083190918
2003-10-03,16.73796272277832
2003-10-06,17.133182525634766
2003-10-07,17.9455623626709
2003-10-08,17.77723503112793
2003-10-09,17.586942672729492
2003-10-10,18.40663719177246
2003-10-13,18.538375854492188
2003-10-14,19.12387466430664
2003-10-15,18.553014755249023
2003-10-16,18.80917739868164
2003-10-17,18.296859741210938
2003-10-20,18.68475914001465
2003-10-21,18.75794219970703
2003-10-22,18.15048789978028
2003-10-23,17.9601993560791
2003-10-24,17.865060806274414
2003-10-27,18.04070472717285
2003-10-28,18.92627143859864
2003-10-29,18.940916061401367
2003-10-30,18.5969295501709
2003-10-31,18.06998443603516
2003-11-03,18.7652587890625
2003-11-04,18.2675838470459
2003-11-05,18.43592071533203
2003-11-06,18.34808921813965
2003-11-07,18.062667846679688
2003-11-10,17.71868324279785
2003-11-11,17.564990997314453
2003-11-12,18.377365112304688
2003-11-13,19.00678062438965
2003-11-14,18.35541534423828
2003-11-17,17.79918098449707
2003-11-18,17.147817611694336
2003-11-19,15.566967964172363
2003-11-20,15.808488845825195
2003-11-21,15.910945892333984
2003-11-24,17.096590042114258
2003-11-25,16.628190994262695
2003-11-26,16.847749710083008
2003-11-28,16.920942306518555
2003-12-01,16.862388610839844
2003-12-02,16.708696365356445
2003-12-03,16.262256622314453
2003-12-04,15.99877643585205
2003-12-05,15.896312713623049
2003-12-08,15.405961036682127
2003-12-09,14.366694450378418
2003-12-10,14.556982040405272
2003-12-11,14.842418670654297
2003-12-12,14.659443855285645
2003-12-15,13.861700057983398
2003-12-16,13.934893608093262
2003-12-17,13.920248031616213
2003-12-18,14.813136100769045
2003-12-19,14.388654708862305
2003-12-22,14.5277099609375
2003-12-23,15.003426551818848
2003-12-24,15.010741233825684
2003-12-26,15.237627029418944
2003-12-29,15.244948387145996
2003-12-30,15.11320972442627
2003-12-31,14.959511756896973
2004-01-02,15.171760559082031
2004-01-05,15.662117958068848
2004-01-06,15.918274879455566
2004-01-07,15.947549819946287
2004-01-08,16.555004119873047
2004-01-09,16.547679901123047
2004-01-12,17.074628829956055
2004-01-13,17.081947326660156
2004-01-14,16.906293869018555
2004-01-15,16.628190994262695
2004-01-16,17.250280380249023
2004-01-20,17.689401626586914
2004-01-21,17.162458419799805
2004-01-22,16.664777755737305
2004-01-23,15.867033004760742
2004-01-26,16.628190994262695
2004-01-27,16.39398765563965
2004-01-28,16.613542556762695
2004-01-29,16.533044815063477
2004-01-30,16.379350662231445
2004-02-02,15.837763786315918
2004-02-03,15.281535148620604
2004-02-04,15.347405433654783
2004-02-05,15.720660209655762
2004-02-06,16.115875244140625
2004-02-09,16.137834548950195
2004-02-10,16.050003051757812
2004-02-11,16.232973098754883
2004-02-12,16.445215225219727
2004-02-13,15.881674766540527
2004-02-17,16.29884147644043
2004-02-18,17.294198989868164
2004-02-19,16.6428279876709
2004-02-20,15.962173461914062
2004-02-23,15.932905197143556
2004-02-24,15.801169395446776
2004-02-25,15.991461753845217
2004-02-26,16.035369873046875
2004-02-27,15.852404594421388
2004-03-01,16.079282760620117
2004-03-02,16.167104721069336
2004-03-03,15.874357223510742
2004-03-04,16.189058303833008
2004-03-05,16.189058303833008
2004-03-08,15.36936092376709
2004-03-09,15.06198024749756
2004-03-10,15.237627029418944
2004-03-11,14.857051849365234
2004-03-12,15.10588550567627
2004-03-15,14.49110984802246
2004-03-16,14.8497314453125
2004-03-17,15.318132400512695
2004-03-18,14.974151611328123
2004-03-19,14.586265563964844
2004-03-22,14.535024642944336
2004-03-23,14.593581199645996
2004-03-24,14.78386402130127
2004-03-25,15.479144096374512
2004-03-26,15.493782043457031
2004-03-29,15.801169395446776
2004-03-30,16.071964263916016
2004-03-31,15.75725555419922
2004-04-01,16.203702926635742
2004-04-02,16.613542556762695
2004-04-05,16.708696365356445
2004-04-06,16.437898635864258
2004-04-07,16.24029541015625
2004-04-08,16.555004119873047
2004-04-12,16.60622787475586
2004-04-13,16.028045654296875
2004-04-14,16.474491119384766
2004-04-15,16.211021423339844
2004-04-16,15.874357223510742
2004-04-19,16.050003051757812
2004-04-20,15.464506149291992
2004-04-21,15.676745414733888
2004-04-22,16.071964263916016
2004-04-23,15.991461753845217
2004-04-26,15.53769302368164
2004-04-27,15.171760559082031
2004-04-28,14.93755340576172
2004-04-29,14.26423168182373
2004-04-30,13.620184898376465
2004-05-03,14.030037879943848
2004-05-04,14.110538482666016
2004-05-05,14.586265563964844
2004-05-06,14.439886093139648
2004-05-07,14.388654708862305
2004-05-10,14.439886093139648
2004-05-11,14.710676193237305
2004-05-12,14.630173683166504
2004-05-13,15.376680374145508
2004-05-14,15.025384902954102
2004-05-17,15.405961036682127
2004-05-18,15.14980125427246
2004-05-19,14.132491111755373
2004-05-20,13.503080368041992
2004-05-21,13.664094924926758
2004-05-24,13.920248031616213
2004-05-25,14.674084663391112
2004-05-26,14.73263168334961
2004-05-27,14.366694450378418
2004-05-28,14.49110984802246
2004-06-01,14.388654708862305
2004-06-02,14.220318794250488
2004-06-03,13.912935256958008
2004-06-04,14.1178617477417
2004-06-07,14.637490272521973
2004-06-08,14.593581199645996
2004-06-09,14.31546115875244
2004-06-10,14.381335258483888
2004-06-14,14.073945999145508
2004-06-15,14.330103874206545
2004-06-16,14.330103874206545
2004-06-17,14.066624641418455
2004-06-18,14.154455184936523
2004-06-21,14.051987648010254
2004-06-22,14.227635383605955
2004-06-23,15.14980125427246
2004-06-24,15.405961036682127
2004-06-25,15.464506149291992
2004-06-28,15.171760559082031
2004-06-29,15.574289321899414
2004-06-30,15.75725555419922
2004-07-01,15.266901969909668
2004-07-02,15.398642539978027
2004-07-06,14.410606384277344
2004-07-07,14.330103874206545
2004-07-08,13.986120223999023
2004-07-09,13.942208290100098
2004-07-12,13.503080368041992
2004-07-13,13.561631202697754
2004-07-14,13.071277618408203
2004-07-15,13.049320220947266
2004-07-16,12.493099212646484
2004-07-19,12.478460311889648
2004-07-20,13.290838241577148
2004-07-21,12.595556259155272
2004-07-22,13.817784309387209
2004-07-23,13.327435493469238
2004-07-26,13.342066764831545
2004-07-27,13.832429885864258
2004-07-28,13.525035858154297
2004-07-29,13.788512229919434
2004-07-30,14.1178617477417
2004-08-02,13.978801727294922
2004-08-03,13.371345520019531
2004-08-04,13.510403633117676
2004-08-05,12.998091697692873
2004-08-06,12.302809715270996
2004-08-09,12.229622840881348
2004-08-10,12.57360553741455
2004-08-11,12.493099212646484
2004-08-12,12.127159118652344
2004-08-13,12.332088470458984
2004-08-16,12.602876663208008
2004-08-17,12.727300643920898
2004-08-18,14.417930603027344
2004-08-19,14.469156265258787
2004-08-20,14.520391464233398
2004-08-23,14.652127265930176
2004-08-24,14.879002571105955
2004-08-25,15.047343254089355
2004-08-26,14.776545524597168
2004-08-27,14.900959968566896
2004-08-30,14.5277099609375
2004-08-31,14.688726425170898
2004-09-01,14.871684074401855
2004-09-02,15.083932876586914
2004-09-03,14.710676193237305
2004-09-07,15.171760559082031
2004-09-08,15.230301856994627
2004-09-09,15.962173461914062
2004-09-10,16.415950775146484
2004-09-13,16.72334098815918
2004-09-14,16.657459259033203
2004-09-15,16.247608184814453
2004-09-16,16.49644660949707
2004-09-17,16.8111572265625
2004-09-20,16.77456283569336
2004-09-21,16.98680305480957
2004-09-22,16.59891128540039
2004-09-23,16.803842544555664
2004-09-24,16.78919792175293
2004-09-27,16.350078582763672
2004-09-28,16.291528701782227
2004-09-29,16.650144577026367
2004-09-30,16.86970329284668
2004-10-01,17.762590408325195
2004-10-04,18.17243766784668
2004-10-05,18.143171310424805
2004-10-06,18.09925651550293
2004-10-07,17.747957229614258
2004-10-08,17.213687896728516
2004-10-11,17.235641479492188
2004-10-12,17.14049530029297
2004-10-13,17.425928115844727
2004-10-14,17.04535484313965
2004-10-15,17.3088321685791
2004-10-18,17.725994110107422
2004-10-19,17.374698638916016
2004-10-20,17.3088321685791
2004-10-21,17.652814865112305
2004-10-22,17.133182525634766
2004-10-25,17.17708969116211
2004-10-26,16.81847381591797
2004-10-27,17.4625244140625
2004-10-28,17.579627990722656
2004-10-29,17.90896224975586
2004-11-01,18.2822265625
2004-11-02,18.75794219970703
2004-11-03,18.91895866394043
2004-11-04,18.992151260375977
2004-11-05,18.80185508728028
2004-11-08,18.772581100463867
2004-11-09,18.65547752380371
2004-11-10,18.2822265625
2004-11-11,18.296859741210938
2004-11-12,18.51642227172852
2004-11-15,18.633522033691406
2004-11-16,18.31150245666504
2004-11-17,21.64152908325196
2004-11-18,21.89036750793457
2004-11-19,21.17312812805176
2004-11-22,21.84645271301269
2004-11-23,21.84645271301269
2004-11-24,22.322166442871094
2004-11-26,22.21239280700684
2004-11-29,22.036739349365234
2004-11-30,22.07333374023437
2004-12-01,23.51512908935547
2004-12-02,24.68612670898437
2004-12-03,23.57368469238281
2004-12-06,24.71540260314941
2004-12-07,24.049394607543945
2004-12-08,24.034761428833008
2004-12-09,24.3275089263916
2004-12-10,24.195770263671875
2004-12-13,24.06403350830078
2004-12-14,24.23236083984375
2004-12-15,25.35212135314941
2004-12-16,24.949602127075195
2004-12-17,24.934967041015625
2004-12-20,25.02279281616211
2004-12-21,24.913000106811523
2004-12-22,24.203086853027344
2004-12-23,23.456573486328125
2004-12-27,23.19310188293457
2004-12-28,23.595638275146484
2004-12-29,24.085987091064453
2004-12-30,24.085987091064453
2004-12-31,24.31287002563477
2005-01-03,23.932296752929688
2005-01-04,22.980857849121094
2005-01-05,23.0174560546875
2005-01-06,22.783252716064453
2005-01-07,22.30753326416016
2005-01-10,22.4905014038086
2005-01-11,23.207733154296875
2005-01-12,23.200422286987305
2005-01-13,23.244335174560547
2005-01-14,23.449254989624023
2005-01-18,24.41533470153809
2005-01-19,23.668821334838867
2005-01-20,23.47853279113769
2005-01-21,23.046724319458008
2005-01-24,22.409996032714844
2005-01-25,22.248985290527344
2005-01-26,22.519779205322266
2005-01-27,22.739336013793945
2005-01-28,22.841800689697266
2005-01-31,23.302885055541992
2005-02-01,23.529769897460938
2005-02-02,23.010133743286133
2005-02-03,22.72470092773437
2005-02-04,23.361427307128903
2005-02-07,23.09796142578125
2005-02-08,23.398021697998047
2005-02-09,22.62224197387696
2005-02-10,22.53441429138184
2005-02-11,23.815200805664062
2005-02-14,24.876415252685547
2005-02-15,25.1472110748291
2005-02-16,23.22237777709961
2005-02-17,22.878400802612305
2005-02-18,22.6881046295166
2005-02-22,22.29290008544922
2005-02-23,21.436607360839844
2005-02-24,21.861093521118164
2005-02-25,21.824493408203125
2005-02-28,21.963552474975582
2005-03-01,21.61224937438965
2005-03-02,21.824493408203125
2005-03-03,21.79521942138672
2005-03-04,22.19042587280273
2005-03-07,22.519779205322266
2005-03-08,22.15383529663086
2005-03-09,22.05137252807617
2005-03-10,21.70738983154297
2005-03-11,21.012113571166992
2005-03-14,21.041383743286133
2005-03-15,20.51444435119629
2005-03-16,20.448570251464844
2005-03-17,20.41929626464844
2005-03-18,20.49248695373535
2005-03-21,19.738649368286133
2005-03-22,19.438587188720703
2005-03-23,19.65814781188965
2005-03-24,20.448570251464844
2005-03-28,20.038724899291992
2005-03-29,19.277570724487305
2005-03-30,20.258285522460938
2005-03-31,20.24364471435547
2005-04-01,19.94357681274414
2005-04-04,20.2216854095459
2005-04-05,19.914306640625
2005-04-06,20.82183074951172
2005-04-07,21.341461181640625
2005-04-08,20.90233421325684
2005-04-11,20.8803768157959
2005-04-12,21.10726356506348
2005-04-13,20.441255569458008
2005-04-14,20.009450912475582
2005-04-15,18.96286964416504
2005-04-18,19.014101028442383
2005-04-19,19.78256607055664
2005-04-20,19.284889221191406
2005-04-21,19.94357681274414
2005-04-22,19.445905685424805
2005-04-25,19.972850799560547
2005-04-26,19.54104804992676
2005-04-27,19.67278480529785
2005-04-28,19.299531936645508
2005-04-29,19.519092559814453
2005-05-02,19.74597549438477
2005-05-03,19.69474220275879
2005-05-04,20.35342788696289
2005-05-05,20.309513092041016
2005-05-06,20.62421989440918
2005-05-09,20.660818099975582
2005-05-10,20.133865356445312
2005-05-11,20.272926330566406
2005-05-12,20.98284149169922
2005-05-13,21.44391632080078
2005-05-16,21.524429321289062
2005-05-17,21.619569778442383
2005-05-18,21.80985641479492
2005-05-19,21.93427276611328
2005-05-20,21.98551177978516
2005-05-23,22.30021858215332
2005-05-24,22.248985290527344
2005-05-25,21.16580581665039
2005-05-26,21.1877670288086
2005-05-27,21.18045234680176
2005-05-31,21.048702239990234
2005-06-01,21.40000915527344
2005-06-02,21.46587371826172
2005-06-03,21.056028366088867
2005-06-06,21.348779678344727
2005-06-07,21.253631591796875
2005-06-08,21.370729446411133
2005-06-09,21.67811393737793
2005-06-10,21.5390682220459
2005-06-13,21.875732421875
2005-06-14,21.74398422241211
2005-06-15,21.80985641479492
2005-06-16,21.97087287902832
2005-06-17,21.98551177978516
2005-06-20,21.97818374633789
2005-06-21,21.94891166687012
2005-06-22,21.824493408203125
2005-06-23,21.58297538757324
2005-06-24,21.24631690979004
2005-06-27,21.260950088500977
2005-06-28,21.23168182373047
2005-06-29,21.012113571166992
2005-06-30,20.69009017944336
2005-07-01,20.62421989440918
2005-07-05,20.88769721984864
2005-07-06,20.163143157958984
2005-07-07,20.11191177368164
2005-07-08,20.35342788696289
2005-07-11,20.45589065551757
2005-07-12,20.946245193481445
2005-07-13,20.92428970336914
2005-07-14,21.129213333129883
2005-07-15,21.22435569763184
2005-07-18,20.99747085571289
2005-07-19,20.8803768157959
2005-07-20,20.74864387512207
2005-07-21,19.7532901763916
2005-07-22,20.03140640258789
2005-07-25,19.804527282714844
2005-07-26,19.54104804992676
2005-07-27,19.46785926818848
2005-07-28,19.14583396911621
2005-07-29,18.67011451721192
2005-08-01,19.03605842590332
2005-08-02,18.96286964416504
2005-08-03,18.46518516540528
2005-08-04,18.66279602050781
2005-08-05,17.974838256835938
2005-08-08,17.374698638916016
2005-08-09,17.059993743896484
2005-08-10,16.664777755737305
2005-08-11,16.686738967895508
2005-08-12,16.957529067993164
2005-08-15,17.513757705688477
2005-08-16,17.33810806274414
2005-08-17,17.9455623626709
2005-08-18,18.37004852294922
2005-08-19,18.026063919067383
2005-08-22,17.35274314880371
2005-08-23,17.330781936645508
2005-08-24,17.11853790283203
2005-08-25,17.367374420166016
2005-08-26,17.418615341186523
2005-08-29,17.4625244140625
2005-08-30,17.1258602142334
2005-08-31,17.367374420166016
2005-09-01,17.17708969116211
2005-09-02,17.11853790283203
2005-09-06,17.221006393432617
2005-09-07,17.272232055664062
2005-09-08,16.9794864654541
2005-09-09,17.067306518554688
2005-09-12,17.016080856323242
2005-09-13,16.86970329284668
2005-09-14,16.79652214050293
2005-09-15,16.78188133239746
2005-09-16,17.4625244140625
2005-09-19,17.689401626586914
2005-09-20,17.67476463317871
2005-09-21,17.35274314880371
2005-09-22,17.667448043823242
2005-09-23,17.77723503112793
2005-09-26,17.70404815673828
2005-09-27,17.521080017089844
2005-09-28,17.26491928100586
2005-09-29,17.3088321685791
2005-09-30,17.374698638916016
2005-10-03,17.382028579711914
2005-10-04,16.891664505004883
2005-10-05,16.77456283569336
2005-10-06,16.906293869018555
2005-10-07,17.24296760559082
2005-10-10,17.24296760559082
2005-10-11,17.323467254638672
2005-10-12,17.001440048217773
2005-10-13,17.755271911621094
2005-10-14,18.38468742370605
2005-10-17,19.109249114990234
2005-10-18,18.875038146972656
2005-10-19,19.21170997619629
2005-10-20,19.014101028442383
2005-10-21,19.39466857910156
2005-10-24,19.65083312988281
2005-10-25,19.094606399536133
2005-10-26,18.83844566345215
2005-10-27,18.69939041137696
2005-10-28,19.84843635559082
2005-10-31,20.00212860107422
2005-11-01,19.70205879211425
2005-11-02,20.56567573547364
2005-11-03,20.66813850402832
2005-11-04,20.5290756225586
2005-11-07,20.163143157958984
2005-11-08,20.360746383666992
2005-11-09,20.185096740722656
2005-11-10,19.928939819335938
2005-11-11,20.49248695373535
2005-11-14,20.71204948425293
2005-11-15,20.35342788696289
2005-11-16,20.67545318603516
2005-11-17,21.670804977416992
2005-11-18,21.12189483642578
2005-11-21,21.238998413085938
2005-11-22,21.056028366088867
2005-11-23,21.55370330810547
2005-11-25,21.42196655273437
2005-11-28,21.561019897460938
2005-11-29,21.619569778442383
2005-11-30,21.31218719482422
2005-12-01,21.67811393737793
2005-12-02,21.524429321289062
2005-12-05,21.056028366088867
2005-12-06,21.48051071166992
2005-12-07,21.253631591796875
2005-12-08,21.30487060546875
2005-12-09,21.61224937438965
2005-12-12,21.619569778442383
2005-12-13,21.48051071166992
2005-12-14,21.83181381225586
2005-12-15,21.83181381225586
2005-12-16,21.8537712097168
2005-12-19,21.17312812805176
2005-12-20,20.49248695373535
2005-12-21,20.93161392211914
2005-12-22,20.76328086853028
2005-12-23,20.50712203979492
2005-12-27,20.375389099121094
2005-12-28,20.272926330566406
2005-12-29,20.126543045043945
2005-12-30,19.76061248779297
2006-01-03,20.42661476135254
2006-01-04,20.536396026611328
2006-01-05,20.646183013916016
2006-01-06,21.209726333618164
2006-01-09,21.253631591796875
2006-01-10,20.953569412231445
2006-01-11,22.27825927734375
2006-01-12,23.91033935546875
2006-01-13,23.50780296325684
2006-01-17,23.22237777709961
2006-01-18,22.95890235900879
2006-01-19,23.84447479248047
2006-01-20,22.79056930541992
2006-01-23,22.658832550048828
2006-01-24,22.24166488647461
2006-01-25,22.21971321105957
2006-01-26,22.30753326416016
2006-01-27,23.14919090270996
2006-01-30,23.346792221069336
2006-01-31,22.834491729736328
2006-02-01,22.97353744506836
2006-02-02,22.549053192138672
2006-02-03,22.79056930541992
2006-02-06,22.563690185546875
2006-02-07,22.57832717895508
2006-02-08,22.95890235900879
2006-02-09,22.980857849121094
2006-02-10,22.92962646484375
2006-02-13,23.002805709838867
2006-02-14,22.980857849121094
2006-02-15,22.805206298828125
2006-02-16,24.57634735107422
2006-02-17,24.181133270263672
2006-02-21,24.10062599182129
2006-02-22,24.481201171875
2006-02-23,23.815200805664062
2006-02-24,23.83715438842773
2006-02-27,24.517797470092773
2006-02-28,24.26895523071289
2006-03-01,25.02279281616211
2006-03-02,25.03742790222168
2006-03-03,24.78126335144043
2006-03-06,24.64221954345703
2006-03-07,24.378740310668945
2006-03-08,24.510478973388672
2006-03-09,24.254318237304688
2006-03-10,24.283599853515625
2006-03-13,24.21040725708008
2006-03-14,24.80322265625
2006-03-15,25.059383392333984
2006-03-16,25.25698471069336
2006-03-17,25.65220069885254
2006-03-20,25.557048797607425
2006-03-21,25.278940200805664
2006-03-22,25.50581741333008
2006-03-23,25.70343589782715
2006-03-24,25.600969314575195
2006-03-27,25.65220069885254
2006-03-28,25.50581741333008
2006-03-29,26.06936264038086
2006-03-30,26.486536026000977
2006-03-31,26.36942672729492
2006-04-03,26.39870834350586
2006-04-04,26.34748268127441
2006-04-05,27.13057518005371
2006-04-06,27.2476863861084
2006-04-07,26.85979461669922
2006-04-10,26.728065490722656
2006-04-11,26.66217994689941
2006-04-12,26.296255111694336
2006-04-13,27.26232147216797
2006-04-17,26.91101837158203
2006-04-18,27.63556861877441
2006-04-19,27.657548904418945
2006-04-20,27.63556861877441
2006-04-21,27.013477325439453
2006-04-24,27.218406677246094
2006-04-25,27.0500717163086
2006-04-26,27.123262405395508
2006-04-27,27.26232147216797
2006-04-28,27.13057518005371
2006-05-01,26.61095428466797
2006-05-02,26.15719413757324
2006-05-03,26.32552719116211
2006-05-04,27.0793571472168
2006-05-05,27.503835678100582
2006-05-08,27.21109199523925
2006-05-09,27.093992233276367
2006-05-10,26.486536026000977
2006-05-11,25.513139724731445
2006-05-12,24.722715377807617
2006-05-15,24.378740310668945
2006-05-16,23.84447479248047
2006-05-17,23.98352813720703
2006-05-18,24.078672409057617
2006-05-19,24.73004150390625
2006-05-22,24.839818954467773
2006-05-23,24.53975296020508
2006-05-24,24.503158569335938
2006-05-25,24.41533470153809
2006-05-26,24.76663398742676
2006-05-30,23.6614990234375
2006-05-31,23.41998291015625
2006-06-01,23.78592109680176
2006-06-02,23.676136016845703
2006-06-05,23.19310188293457
2006-06-06,22.812530517578125
2006-06-07,22.900354385375977
2006-06-08,22.72470092773437
2006-06-09,23.266286849975582
2006-06-12,22.90766716003418
2006-06-13,23.551721572875977
2006-06-14,24.276275634765625
2006-06-15,25.38872337341309
2006-06-16,25.27162170410156
2006-06-19,25.008146286010746
2006-06-20,24.98619842529297
2006-06-21,25.513139724731445
2006-06-22,25.59364891052246
2006-06-23,25.513139724731445
2006-06-26,25.33017349243164
2006-06-27,24.832502365112305
2006-06-28,24.78126335144043
2006-06-29,25.86443519592285
2006-06-30,25.835168838500977
2006-07-03,25.70343589782715
2006-07-05,25.015474319458008
2006-07-06,25.35212135314941
2006-07-07,24.26895523071289
2006-07-10,23.03208923339844
2006-07-11,22.4905014038086
2006-07-12,20.93161392211914
2006-07-13,20.448570251464844
2006-07-14,19.70205879211425
2006-07-17,19.826473236083984
2006-07-18,20.587629318237305
2006-07-19,21.5097885131836
2006-07-20,21.765947341918945
2006-07-21,21.09994125366211
2006-07-24,21.904998779296875
2006-07-25,22.183109283447266
2006-07-26,22.058692932128903
2006-07-27,21.38536834716797
2006-07-28,21.83181381225586
2006-07-31,21.700075149536133
2006-08-01,21.45124053955078
2006-08-02,21.8537712097168
2006-08-03,22.066017150878903
2006-08-04,22.02209854125977
2006-08-07,21.46587371826172
2006-08-08,21.217041015625
2006-08-09,21.22435569763184
2006-08-10,21.341461181640625
2006-08-11,21.46587371826172
2006-08-14,21.93427276611328
2006-08-15,23.200422286987305
2006-08-16,23.70541381835937
2006-08-17,23.668821334838867
2006-08-18,24.817852020263672
2006-08-21,24.3275089263916
2006-08-22,25.06669807434082
2006-08-23,24.876415252685547
2006-08-24,24.905691146850582
2006-08-25,24.788589477539062
2006-08-28,25.03010940551757
2006-08-29,25.161842346191406
2006-08-30,25.1398868560791
2006-08-31,25.059383392333984
2006-09-01,25.161842346191406
2006-09-05,25.18379592895508
2006-09-06,24.71540260314941
2006-09-07,24.35678482055664
2006-09-08,24.869091033935547
2006-09-11,24.6495361328125
2006-09-12,24.839818954467773
2006-09-13,24.63489151000977
2006-09-14,25.06669807434082
2006-09-15,24.71540260314941
2006-09-18,25.630245208740234
2006-09-19,26.34016799926757
2006-09-20,26.80856704711914
2006-09-21,26.53777313232422
2006-09-22,26.33283233642578
2006-09-25,26.998855590820312
2006-09-26,27.086668014526367
2006-09-27,26.82319450378418
2006-09-28,27.42333221435547
2006-09-29,27.086668014526367
2006-10-02,26.96957397460937
2006-10-03,27.372108459472656
2006-10-04,27.92831993103028
2006-10-05,27.54043197631836
2006-10-06,26.99152565002441
2006-10-09,27.63556861877441
2006-10-10,27.97955894470215
2006-10-11,28.162527084350582
2006-10-12,28.111297607421875
2006-10-13,28.96027565002441
2006-10-16,29.00417137145996
2006-10-17,28.05274200439453
2006-10-18,27.69413185119629
2006-10-19,27.577024459838867
2006-10-20,27.43798065185547
2006-10-23,27.364782333374023
2006-10-24,26.85979461669922
2006-10-25,27.0720329284668
2006-10-26,27.3867416381836
2006-10-27,26.186452865600582
2006-10-30,27.0500717163086
2006-10-31,26.713422775268555
2006-11-01,26.354795455932617
2006-11-02,26.010818481445312
2006-11-03,26.34748268127441
2006-11-06,26.669511795043945
2006-11-07,26.86711883544922
2006-11-08,26.80123710632324
2006-11-09,26.47189712524414
2006-11-10,27.006160736083984
2006-11-13,27.459922790527344
2006-11-14,27.83317947387696
2006-11-15,27.81122589111328
2006-11-16,29.245704650878903
2006-11-17,29.245704650878903
2006-11-20,29.260347366333008
2006-11-21,29.9995231628418
2006-11-22,30.21177101135254
2006-11-24,29.977582931518555
2006-11-27,28.857799530029297
2006-11-28,29.04809188842773
2006-11-29,29.128597259521484
2006-11-30,28.7480411529541
2006-12-01,28.19180679321289
2006-12-04,28.82853126525879
2006-12-05,28.93831253051757
2006-12-06,28.48455810546875
2006-12-07,28.78463554382324
2006-12-08,28.901723861694336
2006-12-11,28.82853126525879
2006-12-12,28.96759033203125
2006-12-13,28.57969665527344
2006-12-14,29.31888771057129
2006-12-15,30.00685310363769
2006-12-18,29.750701904296875
2006-12-19,29.7067813873291
2006-12-20,29.450626373291016
2006-12-21,29.34084129333496
2006-12-22,28.96027565002441
2006-12-26,29.245704650878903
2006-12-27,29.172531127929688
2006-12-28,29.128597259521484
2006-12-29,28.7480411529541
2007-01-03,29.238393783569336
2007-01-04,28.96027565002441
2007-01-05,28.594331741333008
2007-01-08,29.44331741333008
2007-01-09,29.084678649902344
2007-01-10,29.077381134033203
2007-01-11,29.31888771057129
2007-01-12,29.128597259521484
2007-01-16,29.150558471679688
2007-01-17,28.46260643005371
2007-01-18,27.59898376464844
2007-01-19,27.123262405395508
2007-01-22,26.713422775268555
2007-01-23,27.225725173950195
2007-01-24,27.547746658325195
2007-01-25,27.189138412475582
2007-01-26,26.88174819946289
2007-01-29,27.013477325439453
2007-01-30,27.577024459838867
2007-01-31,27.51847648620605
2007-02-01,27.306236267089844
2007-02-02,27.32088279724121
2007-02-05,27.459922790527344
2007-02-06,27.167179107666016
2007-02-07,27.899057388305664
2007-02-08,27.98688507080078
2007-02-09,27.59166145324707
2007-02-12,27.63556861877441
2007-02-13,27.32818984985352
2007-02-14,28.111297607421875
2007-02-15,29.49454116821289
2007-02-16,29.28229141235352
2007-02-20,29.633604049682617
2007-02-21,29.348169326782227
2007-02-22,29.187162399291992
2007-02-23,29.34084129333496
2007-02-26,29.01882743835449
2007-02-27,27.62826156616211
2007-02-28,28.301586151123047
2007-03-01,27.921010971069336
2007-03-02,27.31355094909668
2007-03-05,26.9329776763916
2007-03-06,27.306236267089844
2007-03-07,26.69145965576172
2007-03-08,27.60630989074707
2007-03-09,27.584348678588867
2007-03-12,27.97955894470215
2007-03-13,26.464576721191406
2007-03-14,26.56703758239746
2007-03-15,26.75001716613769
2007-03-16,26.87442970275879
2007-03-19,26.6182804107666
2007-03-20,26.94761848449707
2007-03-21,27.79658889770508
2007-03-22,27.555072784423828
2007-03-23,27.9063663482666
2007-03-26,28.19180679321289
2007-03-27,27.825870513916016
2007-03-28,26.65487098693848
2007-03-29,26.63290786743164
2007-03-30,26.728065490722656
2007-04-02,26.281612396240234
2007-04-03,26.65487098693848
2007-04-04,26.53043937683105
2007-04-05,26.72073745727539
2007-04-09,26.39870834350586
2007-04-10,26.06936264038086
2007-04-11,25.74001884460449
2007-04-12,26.04740524291992
2007-04-13,26.281612396240234
2007-04-16,26.223064422607425
2007-04-17,25.87175941467285
2007-04-18,25.9595947265625
2007-04-19,25.75465965270996
2007-04-20,25.564376831054688
2007-04-23,25.79858016967773
2007-04-24,26.09132575988769
2007-04-25,26.4353084564209
2007-04-26,27.255014419555664
2007-04-27,27.67216682434082
2007-04-30,27.233057022094727
2007-05-01,27.137901306152344
2007-05-02,27.66485977172852
2007-05-03,28.11861991882324
2007-05-04,27.92831993103028
2007-05-07,27.745359420776367
2007-05-08,28.228403091430664
2007-05-09,28.19180679321289
2007-05-10,27.97955894470215
2007-05-11,28.57969665527344
2007-05-14,28.308910369873047
2007-05-15,27.430648803710938
2007-05-16,27.364782333374023
2007-05-17,27.17449760437012
2007-05-18,27.803911209106445
2007-05-21,27.96491813659668
2007-05-22,27.69413185119629
2007-05-23,27.855138778686523
2007-05-24,23.244335174560547
2007-05-25,23.27359962463379
2007-05-29,22.951589584350582
2007-05-30,23.03940200805664
2007-05-31,23.537084579467773
2007-06-01,22.49782371520996
2007-06-04,22.834491729736328
2007-06-05,23.237010955810547
2007-06-06,22.871082305908203
2007-06-07,22.3514461517334
2007-06-08,23.03208923339844
2007-06-11,22.8564395904541
2007-06-12,22.38072395324707
2007-06-13,22.585643768310547
2007-06-14,22.841800689697266
2007-06-15,23.339473724365234
2007-06-18,23.354116439819336
2007-06-19,24.30555725097656
2007-06-20,23.44194602966309
2007-06-21,23.71272659301757
2007-06-22,22.834491729736328
2007-06-25,22.893037796020508
2007-06-26,22.6734619140625
2007-06-27,23.076004028320312
2007-06-28,22.139198303222656
2007-06-29,21.36341094970703
2007-07-02,21.15848922729492
2007-07-03,20.99016189575196
2007-07-05,21.209726333618164
2007-07-06,21.67811393737793
2007-07-09,21.45124053955078
2007-07-10,21.648855209350582
2007-07-11,21.407325744628903
2007-07-12,21.95623588562012
2007-07-13,21.8537712097168
2007-07-16,21.57566261291504
2007-07-17,22.26361846923828
2007-07-18,22.8564395904541
2007-07-19,23.90301322937012
2007-07-20,23.302885055541992
2007-07-23,22.97353744506836
2007-07-24,22.57832717895508
2007-07-25,22.75397682189941
2007-07-26,22.21239280700684
2007-07-27,21.40000915527344
2007-07-30,21.897686004638672
2007-07-31,20.7413272857666
2007-08-01,21.29023551940918
2007-08-02,21.012113571166992
2007-08-03,16.8111572265625
2007-08-06,16.964847564697266
2007-08-07,18.026063919067383
2007-08-08,17.9601993560791
2007-08-09,17.1258602142334
2007-08-10,17.16977882385254
2007-08-13,17.67476463317871
2007-08-14,17.147817611694336
2007-08-15,17.682085037231445
2007-08-16,18.494468688964844
2007-08-17,19.014101028442383
2007-08-20,18.750621795654297
2007-08-21,19.021413803100582
2007-08-22,20.08995246887207
2007-08-23,20.009450912475582
2007-08-24,20.558353424072266
2007-08-27,20.785234451293945
2007-08-28,20.265600204467773
2007-08-29,20.77791213989257
2007-08-30,20.616905212402344
2007-08-31,20.39002227783203
2007-09-04,20.65349578857422
2007-09-05,20.65349578857422
2007-09-06,20.69009017944336
2007-09-07,19.84843635559082
2007-09-10,19.86307144165039
2007-09-11,20.309513092041016
2007-09-12,19.78988647460937
2007-09-13,19.994808197021484
2007-09-14,19.74597549438477
2007-09-17,19.51177215576172
2007-09-18,20.060670852661133
2007-09-19,19.775245666503903
2007-09-20,19.57764434814453
2007-09-21,19.71669578552246
2007-09-24,19.958215713500977
2007-09-25,19.687423706054688
2007-09-26,19.85574531555176
2007-09-27,20.214374542236328
2007-09-28,19.69474220275879
2007-10-01,19.5483627319336
2007-10-02,19.30685043334961
2007-10-03,19.27025032043457
2007-10-04,18.96286964416504
2007-10-05,19.53373336791992
2007-10-08,19.84843635559082
2007-10-09,20.17046356201172
2007-10-10,20.62421989440918
2007-10-11,20.8803768157959
2007-10-12,21.00479507446289
2007-10-15,21.619569778442383
2007-10-16,21.35609436035156
2007-10-17,21.66348648071289
2007-10-18,21.941591262817383
2007-10-19,21.502471923828125
2007-10-22,22.00746726989746
2007-10-23,23.449254989624023
2007-10-24,23.09796142578125
2007-10-25,22.38072395324707
2007-10-26,23.046724319458008
2007-10-29,22.519779205322266
2007-10-30,22.549053192138672
2007-10-31,23.046724319458008
2007-11-01,22.57832717895508
2007-11-02,22.058692932128903
2007-11-05,21.74398422241211
2007-11-06,21.941591262817383
2007-11-07,21.32682228088379
2007-11-08,20.155824661254883
2007-11-09,19.67278480529785
2007-11-12,19.109249114990234
2007-11-13,19.72401428222656
2007-11-14,19.47517776489257
2007-11-15,19.175111770629883
2007-11-16,18.97018814086914
2007-11-19,18.64084243774414
2007-11-20,18.223670959472656
2007-11-21,17.887014389038086
2007-11-23,18.15780067443848
2007-11-26,17.491802215576172
2007-11-27,17.682085037231445
2007-11-28,18.61156845092773
2007-11-29,18.40663719177246
2007-11-30,18.08461570739746
2007-12-03,18.055339813232425
2007-12-04,18.1212158203125
2007-12-05,18.509105682373047
2007-12-06,19.07996368408203
2007-12-07,19.40199279785156
2007-12-10,19.775245666503903
2007-12-11,19.26293563842773
2007-12-12,19.38003921508789
2007-12-13,19.18974494934082
2007-12-14,18.71403312683105
2007-12-17,18.523744583129883
2007-12-18,18.47251510620117
2007-12-19,18.230987548828125
2007-12-20,18.31882095336914
2007-12-21,18.7652587890625
2007-12-24,18.86040306091309
2007-12-26,18.80185508728028
2007-12-27,18.531064987182617
2007-12-28,18.531064987182617
2007-12-31,18.2675838470459
2008-01-02,18.01874732971192
2008-01-03,18.33345603942871
2008-01-04,17.850421905517578
2008-01-07,16.767248153686523
2008-01-08,16.306163787841797
2008-01-09,16.77456283569336
2008-01-10,16.73064613342285
2008-01-11,16.745290756225586
2008-01-14,17.191728591918945
2008-01-15,16.511085510253906
2008-01-16,16.247608184814453
2008-01-17,16.057331085205078
2008-01-18,16.137834548950195
2008-01-22,15.471819877624512
2008-01-23,14.915603637695312
2008-01-24,16.247608184814453
2008-01-25,16.269563674926758
2008-01-28,16.708696365356445
2008-01-29,16.855070114135742
2008-01-30,16.994125366210938
2008-01-31,16.994125366210938
2008-02-01,17.40397071838379
2008-02-04,17.206371307373047
2008-02-05,16.481815338134766
2008-02-06,15.815810203552246
2008-02-07,15.984140396118164
2008-02-08,16.445215225219727
2008-02-11,16.24029541015625
2008-02-12,15.75725555419922
2008-02-13,16.862388610839844
2008-02-14,15.874357223510742
2008-02-15,15.662117958068848
2008-02-19,15.59623908996582
2008-02-20,15.691387176513672
2008-02-21,15.74262523651123
2008-02-22,16.17442512512207
2008-02-25,16.745290756225586
2008-02-26,16.928258895874023
2008-02-27,17.294198989868164
2008-02-28,16.525720596313477
2008-02-29,15.823122024536133
2008-03-03,16.481815338134766
2008-03-04,16.481815338134766
2008-03-05,16.81847381591797
2008-03-06,16.415950775146484
2008-03-07,16.467180252075195
2008-03-10,15.735309600830078
2008-03-11,16.247608184814453
2008-03-12,15.632840156555176
2008-03-13,15.896312713623049
2008-03-14,15.427912712097168
2008-03-17,15.14980125427246
2008-03-18,15.252264022827148
2008-03-19,14.26423168182373
2008-03-20,14.454523086547852
2008-03-24,15.296167373657228
2008-03-25,15.332773208618164
2008-03-26,15.164437294006348
2008-03-27,14.71799373626709
2008-03-28,14.725313186645508
2008-03-31,14.674084663391112
2008-04-01,15.296167373657228
2008-04-02,15.8304443359375
2008-04-03,16.108552932739258
2008-04-04,16.415950775146484
2008-04-07,16.291528701782227
2008-04-08,15.84507656097412
2008-04-09,15.515741348266602
2008-04-10,16.071964263916016
2008-04-11,15.881674766540527
2008-04-14,15.918274879455566
2008-04-15,15.632840156555176
2008-04-16,15.969505310058594
2008-04-17,16.035369873046875
2008-04-18,16.752605438232422
2008-04-21,17.008756637573242
2008-04-22,16.218341827392578
2008-04-23,16.88434600830078
2008-04-24,17.213687896728516
2008-04-25,17.155136108398438
2008-04-28,17.323467254638672
2008-04-29,17.60890007019043
2008-04-30,17.71136474609375
2008-05-01,18.27490234375
2008-05-02,18.20172119140625
2008-05-05,18.494468688964844
2008-05-06,18.82381248474121
2008-05-07,18.545700073242188
2008-05-08,19.05069351196289
2008-05-09,19.248294830322266
2008-05-12,18.772581100463867
2008-05-13,18.896997451782227
2008-05-14,19.45322227478028
2008-05-15,19.85574531555176
2008-05-16,19.98749732971192
2008-05-19,19.30685043334961
2008-05-20,19.27025032043457
2008-05-21,18.875038146972656
2008-05-22,18.004108428955078
2008-05-23,17.396657943725586
2008-05-27,17.506439208984375
2008-05-28,17.557662963867188
2008-05-29,17.813817977905273
2008-05-30,17.84309959411621
2008-06-02,17.41128921508789
2008-06-03,17.53570556640625
2008-06-04,17.26491928100586
2008-06-05,17.652814865112305
2008-06-06,17.374698638916016
2008-06-09,17.557662963867188
2008-06-10,17.221006393432617
2008-06-11,16.840436935424805
2008-06-12,17.16977882385254
2008-06-13,17.652814865112305
2008-06-16,17.425928115844727
2008-06-17,17.557662963867188
2008-06-18,17.31615447998047
2008-06-19,17.528390884399414
2008-06-20,17.05267333984375
2008-06-23,16.745290756225586
2008-06-24,16.825788497924805
2008-06-25,16.767248153686523
2008-06-26,16.18174934387207
2008-06-27,16.18174934387207
2008-06-30,15.852404594421388
2008-07-01,16.1597843170166
2008-07-02,16.093921661376953
2008-07-03,16.057331085205078
2008-07-07,16.94289207458496
2008-07-08,17.235641479492188
2008-07-09,16.481815338134766
2008-07-10,16.145153045654297
2008-07-11,16.057331085205078
2008-07-14,16.01340675354004
2008-07-15,16.152469635009766
2008-07-16,16.56964111328125
2008-07-17,17.008756637573242
2008-07-18,16.972169876098633
2008-07-21,16.825788497924805
2008-07-22,17.235641479492188
2008-07-23,17.894329071044922
2008-07-24,17.33810806274414
2008-07-25,18.004108428955078
2008-07-28,17.982154846191406
2008-07-29,18.70670509338379
2008-07-30,18.48714256286621
2008-07-31,18.69939041137696
2008-08-01,18.47982788085937
2008-08-04,18.70670509338379
2008-08-05,18.99945831298828
2008-08-06,19.014101028442383
2008-08-07,19.058008193969727
2008-08-08,19.255613327026367
2008-08-11,19.336122512817383
2008-08-12,19.255613327026367
2008-08-13,18.80185508728028
2008-08-14,18.033388137817383
2008-08-15,18.062667846679688
2008-08-18,17.87236976623535
2008-08-19,17.791873931884766
2008-08-20,17.55034828186035
2008-08-21,17.572307586669922
2008-08-22,17.638168334960938
2008-08-25,17.594253540039062
2008-08-26,17.623544692993164
2008-08-27,18.69939041137696
2008-08-28,18.67011451721192
2008-08-29,18.648164749145508
2008-09-02,18.35541534423828
2008-09-03,18.39932632446289
2008-09-04,17.92360496520996
2008-09-05,17.85774040222168
2008-09-08,17.879695892333984
2008-09-09,17.221006393432617
2008-09-10,17.44788360595703
2008-09-11,17.557662963867188
2008-09-12,17.79918098449707
2008-09-15,17.074628829956055
2008-09-16,16.679420471191406
2008-09-17,15.954859733581545
2008-09-18,14.952197074890137
2008-09-19,15.45718479156494
2008-09-22,13.708009719848633
2008-09-23,13.26888656616211
2008-09-24,13.766562461853027
2008-09-25,13.773873329162598
2008-09-26,13.759238243103027
2008-09-29,12.36867904663086
2008-09-30,13.342066764831545
2008-10-01,12.946858406066896
2008-10-02,12.463826179504396
2008-10-03,11.739266395568848
2008-10-06,10.795145988464355
2008-10-07,9.47777271270752
2008-10-08,9.69733428955078
2008-10-09,9.807117462158203
2008-10-10,9.69733428955078
2008-10-13,10.919567108154297
2008-10-14,10.414573669433594
2008-10-15,9.097200393676758
2008-10-16,9.93885326385498
2008-10-17,9.616828918457031
2008-10-20,10.20964813232422
2008-10-21,9.514366149902344
2008-10-22,9.543641090393066
2008-10-23,9.097200393676758
2008-10-24,8.92887020111084
2008-10-27,8.628802299499512
2008-10-28,9.441182136535645
2008-10-29,9.8656644821167
2008-10-30,10.026681900024414
2008-10-31,9.902263641357422
2008-11-03,10.33406925201416
2008-11-04,10.195011138916016
2008-11-05,9.719293594360352
2008-11-06,9.13379192352295
2008-11-07,9.367989540100098
2008-11-10,9.10451889038086
2008-11-11,8.548295021057129
2008-11-12,7.60417366027832
2008-11-13,8.884954452514648
2008-11-14,9.002054214477539
2008-11-17,8.906908988952637
2008-11-18,9.324082374572754
2008-11-19,8.577568054199219
2008-11-20,8.804450035095215
2008-11-21,9.15575122833252
2008-11-24,9.572916984558104
2008-11-25,9.536327362060549
2008-11-26,9.843711853027344
2008-11-28,9.880306243896484
2008-12-01,8.936184883117676
2008-12-02,9.353352546691896
2008-12-03,9.64610767364502
2008-12-04,8.91423225402832
2008-12-05,9.419222831726074
2008-12-08,10.063271522521973
2008-12-09,10.15109920501709
2008-12-10,10.260881423950195
2008-12-11,9.887622833251951
2008-12-12,9.909576416015623
2008-12-15,9.92421817779541
2008-12-16,10.568266868591309
2008-12-17,10.224285125732422
2008-12-18,10.033997535705566
2008-12-19,9.953490257263184
2008-12-22,9.448498725891112
2008-12-23,9.558279037475586
2008-12-24,9.346033096313477
2008-12-26,9.214300155639648
2008-12-29,9.302127838134766
2008-12-30,9.799798965454102
2008-12-31,10.224285125732422
2009-01-02,10.809784889221191
2009-01-05,10.5316743850708
2009-01-06,10.714641571044922
2009-01-07,10.202326774597168
2009-01-08,11.058621406555176
2009-01-09,10.795145988464355
2009-01-12,10.37798023223877
2009-01-13,10.114506721496582
2009-01-14,10.107187271118164
2009-01-15,10.436527252197266
2009-01-16,10.919567108154297
2009-01-20,9.953490257263184
2009-01-21,10.25356101989746
2009-01-22,10.502397537231444
2009-01-23,11.212315559387209
2009-01-26,10.86833667755127
2009-01-27,11.270866394042969
2009-01-28,11.900280952453612
2009-01-29,11.666078567504885
2009-01-30,10.853694915771484
2009-02-02,11.117173194885254
2009-02-03,11.204998016357422
2009-02-04,11.014710426330566
2009-02-05,11.24891185760498
2009-02-06,11.812450408935549
2009-02-09,11.929553985595703
2009-02-10,10.926885604858398
2009-02-11,11.124492645263672
2009-02-12,12.002742767333984
2009-02-13,11.790496826171877
2009-02-17,11.409920692443848
2009-02-18,11.087898254394531
2009-02-19,10.575589179992676
2009-02-20,10.399935722351074
2009-02-23,9.543641090393066
2009-02-24,9.909576416015623
2009-02-25,10.033997535705566
2009-02-26,9.638785362243652
2009-02-27,9.836392402648926
2009-03-02,9.441182136535645
2009-03-03,9.741247177124023
2009-03-04,9.946174621582031
2009-03-05,9.56559944152832
2009-03-06,9.441182136535645
2009-03-09,9.16306972503662
2009-03-10,10.09986686706543
2009-03-11,10.65609359741211
2009-03-12,10.970795631408691
2009-03-13,11.014710426330566
2009-03-16,10.56094741821289
2009-03-17,10.86833667755127
2009-03-18,11.731945991516112
2009-03-19,11.461153030395508
2009-03-20,10.861016273498535
2009-03-23,11.717310905456545
2009-03-24,11.3440523147583
2009-03-25,11.16840362548828
2009-03-26,11.607526779174805
2009-03-27,11.043986320495604
2009-03-30,10.736599922180176
2009-03-31,10.861016273498535
2009-04-01,11.270866394042969
2009-04-02,11.490428924560549
2009-04-03,11.805136680603027
2009-04-06,11.39528465270996
2009-04-07,10.956158638000488
2009-04-08,12.171069145202637
2009-04-09,12.412589073181152
2009-04-13,12.236939430236816
2009-04-14,12.507737159729004
2009-04-15,12.763890266418455
2009-04-16,13.151784896850586
2009-04-17,12.87367343902588
2009-04-20,13.020047187805176
2009-04-21,13.20301342010498
2009-04-22,13.788512229919434
2009-04-23,13.437214851379396
2009-04-24,13.63481903076172
2009-04-27,13.137144088745115
2009-04-28,12.756569862365724
2009-04-29,13.151784896850586
2009-04-30,13.39330005645752
2009-05-01,13.4664888381958
2009-05-04,13.832429885864258
2009-05-05,13.41525936126709
2009-05-06,13.342066764831545
2009-05-07,12.727300643920898
2009-05-08,12.807804107666016
2009-05-11,12.390631675720217
2009-05-12,12.62483024597168
2009-05-13,12.48577880859375
2009-05-14,12.74193286895752
2009-05-15,12.859037399291992
2009-05-18,12.946858406066896
2009-05-19,13.224966049194336
2009-05-20,12.69070529937744
2009-05-21,13.08591651916504
2009-05-22,13.510403633117676
2009-05-26,14.586265563964844
2009-05-27,14.066624641418455
2009-05-28,13.86902141571045
2009-05-29,14.271550178527832
2009-06-01,15.142484664916992
2009-06-02,14.154455184936523
2009-06-03,13.590909004211426
2009-06-04,13.803154945373535
2009-06-05,13.773873329162598
2009-06-08,13.89097499847412
2009-06-09,14.271550178527832
2009-06-10,14.030037879943848
2009-06-11,14.578940391540527
2009-06-12,14.739952087402344
2009-06-15,14.505757331848145
2009-06-16,14.110538482666016
2009-06-17,14.000755310058594
2009-06-18,13.781194686889648
2009-06-19,14.308143615722656
2009-06-22,13.839750289916992
2009-06-23,13.751917839050291
2009-06-24,13.986120223999023
2009-06-25,14.227635383605955
2009-06-26,14.198366165161133
2009-06-29,14.476476669311523
2009-06-30,14.432567596435549
2009-07-01,14.483795166015623
2009-07-02,13.876340866088867
2009-07-06,13.795830726623535
2009-07-07,13.239606857299805
2009-07-08,13.459168434143066
2009-07-09,13.912935256958008
2009-07-10,14.05930995941162
2009-07-13,14.659443855285645
2009-07-14,14.674084663391112
2009-07-15,15.310820579528809
2009-07-16,15.706029891967772
2009-07-17,15.749937057495115
2009-07-20,15.603568077087402
2009-07-21,16.45985221862793
2009-07-22,16.372028350830078
2009-07-23,16.840436935424805
2009-07-24,16.825788497924805
2009-07-27,16.855070114135742
2009-07-28,17.24296760559082
2009-07-29,16.94289207458496
2009-07-30,16.86970329284668
2009-07-31,16.437898635864258
2009-08-03,16.474491119384766
2009-08-04,16.86970329284668
2009-08-05,16.752605438232422
2009-08-06,16.716018676757812
2009-08-07,16.88434600830078
2009-08-10,16.855070114135742
2009-08-11,16.957529067993164
2009-08-12,17.382028579711914
2009-08-13,17.6162166595459
2009-08-14,17.26491928100586
2009-08-17,16.49644660949707
2009-08-18,16.72334098815918
2009-08-19,16.752605438232422
2009-08-20,15.771896362304688
2009-08-21,16.08660125732422
2009-08-24,16.050003051757812
2009-08-25,16.042678833007812
2009-08-26,16.27688980102539
2009-08-27,16.862388610839844
2009-08-28,17.067306518554688
2009-08-31,16.650144577026367
2009-09-01,16.211021423339844
2009-09-02,16.350078582763672
2009-09-03,16.45254135131836
2009-09-04,17.074628829956055
2009-09-08,17.26491928100586
2009-09-09,17.425928115844727
2009-09-10,18.04070472717285
2009-09-11,17.769908905029297
2009-09-14,17.92360496520996
2009-09-15,18.091936111450195
2009-09-16,18.296859741210938
2009-09-17,18.1138858795166
2009-09-18,18.1138858795166
2009-09-21,18.75794219970703
2009-09-22,19.021413803100582
2009-09-23,19.22634696960449
2009-09-24,19.021413803100582
2009-09-25,18.98482322692871
2009-09-28,19.255613327026367
2009-09-29,19.13851356506348
2009-09-30,19.526412963867188
2009-10-01,19.058008193969727
2009-10-02,18.948225021362305
2009-10-05,19.614234924316406
2009-10-06,19.636186599731445
2009-10-07,19.350765228271484
2009-10-08,20.17777633666992
2009-10-09,21.10726356506348
2009-10-12,20.75596046447754
2009-10-13,21.217041015625
2009-10-14,21.59029197692871
2009-10-15,21.429283142089844
2009-10-16,20.99747085571289
2009-10-19,21.217041015625
2009-10-20,20.90233421325684
2009-10-21,20.88769721984864
2009-10-22,21.30487060546875
2009-10-23,21.041383743286133
2009-10-26,20.960880279541016
2009-10-27,20.41929626464844
2009-10-28,19.7532901763916
2009-10-29,20.265600204467773
2009-10-30,19.797197341918945
2009-11-02,20.19973373413086
2009-11-03,20.34610748291016
2009-11-04,20.24364471435547
2009-11-05,21.056028366088867
2009-11-06,20.77059555053711
2009-11-09,21.8391342163086
2009-11-10,21.45855140686035
2009-11-11,21.35609436035156
2009-11-12,21.15117835998535
2009-11-13,21.74398422241211
2009-11-16,21.70738983154297
2009-11-17,21.751304626464844
2009-11-18,21.67811393737793
2009-11-19,22.563690185546875
2009-11-20,22.27825927734375
2009-11-23,22.614919662475582
2009-11-24,22.64419937133789
2009-11-25,23.0174560546875
2009-11-27,22.563690185546875
2009-11-30,22.549053192138672
2009-12-01,23.163827896118164
2009-12-02,23.200422286987305
2009-12-03,23.06136131286621
2009-12-04,23.96157455444336
2009-12-07,24.21772575378418
2009-12-08,24.408002853393555
2009-12-09,24.64221954345703
2009-12-10,24.188446044921875
2009-12-11,24.085987091064453
2009-12-14,24.41533470153809
2009-12-15,24.54706573486328
2009-12-16,24.63489151000977
2009-12-17,24.75930976867676
2009-12-18,24.320180892944336
2009-12-21,24.53975296020508
2009-12-22,24.43729019165039
2009-12-23,24.773944854736328
2009-12-24,25.000837326049805
2009-12-28,24.891048431396484
2009-12-29,24.773944854736328
2009-12-30,25.278940200805664
2009-12-31,25.1472110748291
2010-01-04,25.02279281616211
2010-01-05,24.58366203308105
2010-01-06,24.408002853393555
2010-01-07,24.34946060180664
2010-01-08,24.54706573486328
2010-01-11,24.107946395874023
2010-01-12,23.74932289123535
2010-01-13,24.68612670898437
2010-01-14,24.62757682800293
2010-01-15,24.261632919311523
2010-01-19,24.371421813964844
2010-01-20,23.78592109680176
2010-01-21,23.25897216796875
2010-01-22,22.52709579467773
2010-01-25,22.63687515258789
2010-01-26,22.62224197387696
2010-01-27,22.63687515258789
2010-01-28,21.824493408203125
2010-01-29,21.319499969482425
2010-02-01,22.036739349365234
2010-02-02,22.66615104675293
2010-02-03,22.702749252319336
2010-02-04,21.875732421875
2010-02-05,22.234346389770508
2010-02-08,22.33680725097656
2010-02-09,22.6954288482666
2010-02-10,22.512460708618164
2010-02-11,23.08332061767578
2010-02-12,23.024778366088867
2010-02-16,23.639543533325195
2010-02-17,23.47853279113769
2010-02-18,23.18578147888184
2010-02-19,22.900354385375977
2010-02-22,22.42463111877441
2010-02-23,21.88304901123047
2010-02-24,21.83181381225586
2010-02-25,21.963552474975582
2010-02-26,21.963552474975582
2010-03-01,23.024778366088867
2010-03-02,22.75397682189941
2010-03-03,22.86375999450684
2010-03-04,22.951589584350582
2010-03-05,23.456573486328125
2010-03-08,23.793237686157227
2010-03-09,23.8225154876709
2010-03-10,24.283599853515625
2010-03-11,24.386062622070312
2010-03-12,24.085987091064453
2010-03-15,24.02012062072754
2010-03-16,24.29090881347656
2010-03-17,24.181133270263672
2010-03-18,24.371421813964844
2010-03-19,23.75664329528809
2010-03-22,24.107946395874023
2010-03-23,23.96157455444336
2010-03-24,24.276275634765625
2010-03-25,23.873741149902344
2010-03-26,23.95425033569336
2010-03-29,23.815200805664062
2010-03-30,23.83715438842773
2010-03-31,23.815200805664062
2010-04-01,25.07402801513672
2010-04-05,25.4472770690918
2010-04-06,25.491191864013672
2010-04-07,25.70343589782715
2010-04-08,25.498504638671875
2010-04-09,26.00349235534668
2010-04-12,25.571691513061523
2010-04-13,25.38872337341309
2010-04-14,26.245019912719727
2010-04-15,26.1059627532959
2010-04-16,25.72538375854492
2010-04-19,25.4619140625
2010-04-20,25.37409019470215
2010-04-21,25.75465965270996
2010-04-22,25.87175941467285
2010-04-23,26.47189712524414
2010-04-26,26.266979217529297
2010-04-27,25.50581741333008
2010-04-28,26.00349235534668
2010-04-29,26.230377197265625
2010-04-30,25.37409019470215
2010-05-03,25.52778053283692
2010-05-04,24.898372650146484
2010-05-05,24.934967041015625
2010-05-06,24.15917205810547
2010-05-07,23.03208923339844
2010-05-10,24.832502365112305
2010-05-11,24.48851776123047
2010-05-12,24.920324325561523
2010-05-13,24.66417694091797
2010-05-14,24.70076370239257
2010-05-17,24.85445022583008
2010-05-18,24.54706573486328
2010-05-19,24.554384231567383
2010-05-20,23.82983016967773
2010-05-21,24.027442932128903
2010-05-24,23.71272659301757
2010-05-25,24.21772575378418
2010-05-26,23.73468780517578
2010-05-27,27.935651779174805
2010-05-28,27.577024459838867
2010-06-01,27.53312492370605
2010-06-02,28.50651359558105
2010-06-03,28.45527076721192
2010-06-04,27.7234001159668
2010-06-07,27.10132026672364
2010-06-08,27.364782333374023
2010-06-09,27.452619552612305
2010-06-10,28.16985321044922
2010-06-11,29.26766014099121
2010-06-14,29.216432571411133
2010-06-15,30.284969329833984
2010-06-16,30.00685310363769
2010-06-17,30.57772445678711
2010-06-18,30.167865753173828
2010-06-21,29.662866592407227
2010-06-22,29.106645584106445
2010-06-23,29.348169326782227
2010-06-24,28.996870040893555
2010-06-25,29.099327087402344
2010-06-28,29.121288299560547
2010-06-29,27.803911209106445
2010-06-30,27.306236267089844
2010-07-01,27.89173126220703
2010-07-02,27.17449760437012
2010-07-06,27.167179107666016
2010-07-07,28.98221969604492
2010-07-08,28.46260643005371
2010-07-09,28.367450714111328
2010-07-12,28.51383209228516
2010-07-13,28.952953338623047
2010-07-14,29.509180068969727
2010-07-15,29.809246063232425
2010-07-16,29.64090919494629
2010-07-19,30.021482467651367
2010-07-20,30.306915283203125
2010-07-21,29.150558471679688
2010-07-22,30.716772079467773
2010-07-23,31.55112075805664
2010-07-26,32.22443771362305
2010-07-27,32.01950454711914
2010-07-28,31.59501838684082
2010-07-29,31.046119689941406
2010-07-30,30.958288192749023
2010-08-02,32.202476501464844
2010-08-03,32.107330322265625
2010-08-04,32.663543701171875
2010-08-05,31.9975528717041
2010-08-06,31.55112075805664
2010-08-09,31.40472984313965
2010-08-10,30.511837005615234
2010-08-11,30.13126564025879
2010-08-12,27.503835678100582
2010-08-13,27.9136905670166
2010-08-16,28.279624938964844
2010-08-17,28.286949157714844
2010-08-18,28.77730941772461
2010-08-19,29.78728103637696
2010-08-20,29.662866592407227
2010-08-23,29.60434341430664
2010-08-24,28.92367935180664
2010-08-25,28.762670516967773
2010-08-26,29.04809188842773
2010-08-27,30.33619880676269
2010-08-30,29.662866592407227
2010-08-31,29.553091049194336
2010-09-01,30.67286491394043
2010-09-02,31.521821975708008
2010-09-03,32.239070892333984
2010-09-07,32.773338317871094
2010-09-08,33.98093032836914
2010-09-09,33.907737731933594
2010-09-10,33.907737731933594
2010-09-13,35.203155517578125
2010-09-14,35.21780014038086
2010-09-15,36.0814094543457
2010-09-16,35.62763595581055
2010-09-17,35.8911247253418
2010-09-20,36.35219955444336
2010-09-21,35.276336669921875
2010-09-22,35.45931625366211
2010-09-23,35.34222412109375
2010-09-24,36.879150390625
2010-09-27,36.14727783203125
2010-09-28,37.325592041015625
2010-09-29,37.18653869628906
2010-09-30,36.440032958984375
2010-10-01,35.59836196899414
2010-10-04,36.10337066650391
2010-10-05,37.26704406738281
2010-10-06,34.91041564941406
2010-10-07,35.334896087646484
2010-10-08,35.68619918823242
2010-10-11,35.15925598144531
2010-10-12,35.69352340698242
2010-10-13,36.31560134887695
2010-10-14,36.879150390625
2010-10-15,36.835235595703125
2010-10-18,36.81327438354492
2010-10-19,37.325592041015625
2010-10-20,37.81595230102539
2010-10-21,37.296329498291016
2010-10-22,38.03551864624024
2010-10-25,37.98430252075195
2010-10-26,38.28435897827149
2010-10-27,38.84790802001953
2010-10-28,38.65030288696289
2010-10-29,38.97232437133789
2010-11-01,38.9942626953125
2010-11-02,39.22846984863281
2010-11-03,39.33824920654297
2010-11-04,40.20186233520508
2010-11-05,40.32628631591797
2010-11-08,40.963016510009766
2010-11-09,41.44606018066406
2010-11-10,41.64366149902344
2010-11-11,40.57512283325195
2010-11-12,39.60173416137695
2010-11-15,39.46998977661133
2010-11-16,38.56248092651367
2010-11-17,36.04482650756836
2010-11-18,38.877174377441406
2010-11-19,37.66225814819336
2010-11-22,38.21849822998047
2010-11-23,37.2158088684082
2010-11-24,37.61101531982422
2010-11-26,37.3621826171875
2010-11-29,37.274375915527344
2010-11-30,37.274375915527344
2010-12-01,38.19652938842773
2010-12-02,39.40411758422852
2010-12-03,39.57244110107422
2010-12-06,38.98695755004883
2010-12-07,39.25041961669922
2010-12-08,40.348236083984375
2010-12-09,39.92374801635742
2010-12-10,39.63100051879883
2010-12-13,40.67758560180664
2010-12-14,39.14796829223633
2010-12-15,38.547828674316406
2010-12-16,39.30896759033203
2010-12-17,39.374847412109375
2010-12-20,40.50924682617188
2010-12-21,40.4799690246582
2010-12-22,40.28969955444336
2010-12-23,40.09939193725586
2010-12-27,40.26773071289063
2010-12-28,40.04084396362305
2010-12-29,40.04084396362305
2010-12-30,40.17990493774414
2010-12-31,40.22382354736328
2011-01-03,42.01691818237305
2011-01-04,41.99494171142578
2011-01-05,42.35356521606445
2011-01-06,42.075462341308594
2011-01-07,41.86322784423828
2011-01-10,42.6097412109375
2011-01-11,42.65364456176758
2011-01-12,43.12935256958008
2011-01-13,42.90248107910156
2011-01-14,43.53189468383789
2011-01-18,43.173282623291016
2011-01-19,42.17793273925781
2011-01-20,41.14598846435547
2011-01-21,40.8166389465332
2011-01-24,40.65563583374024
2011-01-25,39.301666259765625
2011-01-26,40.37751770019531
2011-01-27,40.494606018066406
2011-01-28,39.54316711425781
2011-01-31,40.05548858642578
2011-02-01,41.36553192138672
2011-02-02,41.7973518371582
2011-02-03,41.72416687011719
2011-02-04,42.397491455078125
2011-02-07,42.9171028137207
2011-02-08,43.40747833251953
2011-02-09,43.74414443969727
2011-02-10,44.30767059326172
2011-02-11,44.351593017578125
2011-02-14,43.63435745239258
2011-02-15,42.77073669433594
2011-02-16,42.84393310546875
2011-02-17,40.084754943847656
2011-02-18,38.82595443725586
2011-02-22,37.94037628173828
2011-02-23,37.062129974365234
2011-02-24,37.20851135253906
2011-02-25,38.40144729614258
2011-02-28,37.808631896972656
2011-03-01,37.05480194091797
2011-03-02,37.38413238525391
2011-03-03,38.394134521484375
2011-03-04,38.09406661987305
2011-03-07,37.42073440551758
2011-03-08,37.80131530761719
2011-03-09,37.72080612182617
2011-03-10,35.430049896240234
2011-03-11,34.7786865234375
2011-03-14,33.944339752197266
2011-03-15,34.04679870605469
2011-03-16,34.22977066040039
2011-03-17,34.38345718383789
2011-03-18,35.63496780395508
2011-03-21,35.54713821411133
2011-03-22,35.21048355102539
2011-03-23,35.0933837890625
2011-03-24,35.82524871826172
2011-03-25,35.576416015625
2011-03-28,34.85185623168945
2011-03-29,35.327579498291016
2011-03-30,35.13729476928711
2011-03-31,35.239749908447266
2011-04-01,35.276336669921875
2011-04-04,33.44668197631836
2011-04-05,33.70281982421875
2011-04-06,34.178524017333984
2011-04-07,34.156578063964844
2011-04-08,34.24440383911133
2011-04-11,34.49323654174805
2011-04-12,35.00555419921875
2011-04-13,35.55447006225586
2011-04-14,35.4373664855957
2011-04-15,35.539817810058594
2011-04-18,35.21048355102539
2011-04-19,34.76405715942383
2011-04-20,35.86185073852539
2011-04-21,37.34022903442383
2011-04-25,38.0135612487793
2011-04-26,38.26239776611328
2011-04-27,38.467315673828125
2011-04-28,38.357540130615234
2011-04-29,38.137977600097656
2011-05-02,37.83791732788086
2011-05-03,38.09406661987305
2011-05-04,37.96964645385742
2011-05-05,37.6915397644043
2011-05-06,39.008907318115234
2011-05-09,38.91375732421875
2011-05-10,39.67490768432617
2011-05-11,39.499271392822266
2011-05-12,39.51391220092773
2011-05-13,39.51391220092773
2011-05-16,38.86253356933594
2011-05-17,38.26239776611328
2011-05-18,39.23578643798828
2011-05-19,39.85055541992188
2011-05-20,39.301666259765625
2011-05-23,38.65760803222656
2011-05-24,37.66958618164063
2011-05-25,37.85985565185547
2011-05-26,40.4799690246582
2011-05-27,40.494606018066406
2011-05-31,40.084754943847656
2011-06-01,38.95035552978516
2011-06-02,39.016231536865234
2011-06-03,38.0135612487793
2011-06-06,36.879150390625
2011-06-07,37.06943130493164
2011-06-08,36.57908630371094
2011-06-09,36.74009704589844
2011-06-10,35.8691520690918
2011-06-13,35.7447395324707
2011-06-14,36.49857711791992
2011-06-15,36.99624252319336
2011-06-16,36.33757400512695
2011-06-17,36.118011474609375
2011-06-20,36.3814811706543
2011-06-21,37.259727478027344
2011-06-22,37.11335754394531
2011-06-23,37.51588439941406
2011-06-24,36.02286148071289
2011-06-27,36.90111541748047
2011-06-28,37.12066650390625
2011-06-29,36.564453125
2011-06-30,38.62832260131836
2011-07-01,39.75541305541992
2011-07-05,39.477298736572266
2011-07-06,39.14796829223633
2011-07-07,39.448028564453125
2011-07-08,39.14065170288086
2011-07-11,38.467315673828125
2011-07-12,38.03551864624024
2011-07-13,37.49391555786133
2011-07-14,36.32291793823242
2011-07-15,37.076751708984375
2011-07-18,36.7254638671875
2011-07-19,37.91109085083008
2011-07-20,36.63031768798828
2011-07-21,36.41075897216797
2011-07-22,37.38413238525391
2011-07-25,36.44734191894531
2011-07-26,36.7254638671875
2011-07-27,34.603023529052734
2011-07-28,35.064109802246094
2011-07-29,34.7786865234375
2011-08-01,33.84919357299805
2011-08-02,32.89043045043945
2011-08-03,33.600345611572266
2011-08-04,31.712120056152344
2011-08-05,30.643579483032227
2011-08-08,28.769983291625977
2011-08-09,30.533803939819336
2011-08-10,29.977582931518555
2011-08-11,31.236391067504883
2011-08-12,31.777996063232425
2011-08-15,32.42934799194336
2011-08-16,31.4925537109375
2011-08-17,30.489896774291992
2011-08-18,26.208419799804688
2011-08-19,26.31088256835937
2011-08-22,26.19378662109375
2011-08-23,27.657548904418945
2011-08-24,27.81854820251465
2011-08-25,26.96957397460937
2011-08-26,26.742691040039062
2011-08-29,27.31355094909668
2011-08-30,27.364782333374023
2011-08-31,27.53312492370605
2011-09-01,27.233057022094727
2011-09-02,26.208419799804688
2011-09-06,25.813213348388672
2011-09-07,26.574359893798828
2011-09-08,26.68413352966309
2011-09-09,26.1132869720459
2011-09-12,26.56703758239746
2011-09-13,26.92567253112793
2011-09-14,26.84516143798828
2011-09-15,27.86246109008789
2011-09-16,27.657548904418945
2011-09-19,26.6036434173584
2011-09-20,25.805892944335938
2011-09-21,26.266979217529297
2011-09-22,25.644880294799805
2011-09-23,25.70343589782715
2011-09-26,26.208419799804688
2011-09-27,26.376754760742188
2011-09-28,25.586334228515625
2011-09-29,25.59364891052246
2011-09-30,24.832502365112305
2011-10-03,24.62025451660156
2011-10-04,25.491191864013672
2011-10-05,26.51581764221192
2011-10-06,27.32818984985352
2011-10-07,27.29160118103028
2011-10-10,28.0381088256836
2011-10-11,28.286949157714844
2011-10-12,28.46260643005371
2011-10-13,28.286949157714844
2011-10-14,28.71142768859864
2011-10-17,27.84781837463379
2011-10-18,28.87244415283203
2011-10-19,28.18448829650879
2011-10-20,27.60630989074707
2011-10-21,27.884416580200195
2011-10-24,28.63824462890625
2011-10-25,27.935651779174805
2011-10-26,28.2357234954834
2011-10-27,30.52648162841797
2011-10-28,30.43865394592285
2011-10-31,29.977582931518555
2011-11-01,29.084678649902344
2011-11-02,29.457948684692383
2011-11-03,30.709453582763672
2011-11-04,31.199819564819336
2011-11-07,31.353490829467773
2011-11-08,32.158565521240234
2011-11-09,30.76068878173828
2011-11-10,30.658227920532227
2011-11-11,30.86313819885254
2011-11-14,30.95098114013672
2011-11-15,30.665546417236328
2011-11-16,29.81656646728516
2011-11-17,26.149883270263672
2011-11-18,25.425317764282227
2011-11-21,25.498504638671875
2011-11-22,25.75465965270996
2011-11-23,25.366777420043945
2011-11-25,25.06669807434082
2011-11-28,26.142555236816406
2011-11-29,26.076690673828125
2011-11-30,26.95494270324707
2011-12-01,27.02080726623535
2011-12-02,26.742691040039062
2011-12-05,27.47455787658692
2011-12-06,27.284273147583008
2011-12-07,27.60630989074707
2011-12-08,27.15253639221192
2011-12-09,27.81854820251465
2011-12-12,27.17449760437012
2011-12-13,27.75268173217773
2011-12-14,27.17449760437012
2011-12-15,26.552396774291992
2011-12-16,26.13523292541504
2011-12-19,25.732709884643555
2011-12-20,26.44262313842773
2011-12-21,25.7766170501709
2011-12-22,26.40602684020996
2011-12-23,26.72073745727539
2011-12-27,26.6036434173584
2011-12-28,26.30356979370117
2011-12-29,26.574359893798828
2011-12-30,26.54507637023925
2012-01-03,26.918336868286133
2012-01-04,26.083999633789062
2012-01-05,25.37409019470215
2012-01-06,25.857118606567383
2012-01-09,25.644880294799805
2012-01-10,25.71074867248535
2012-01-11,25.43263435363769
2012-01-12,25.198436737060547
2012-01-13,24.869091033935547
2012-01-17,24.68612670898437
2012-01-18,25.35946273803711
2012-01-19,27.452619552612305
2012-01-20,26.96957397460937
2012-01-23,27.255014419555664
2012-01-24,27.562389373779297
2012-01-25,27.66485977172852
2012-01-26,27.48920631408692
2012-01-27,27.284273147583008
2012-01-30,27.39406013488769
2012-01-31,27.620943069458008
2012-02-01,28.835861206054688
2012-02-02,28.857799530029297
2012-02-03,29.531139373779297
2012-02-06,29.223751068115234
2012-02-07,28.843164443969727
2012-02-08,29.113964080810547
2012-02-09,30.087358474731445
2012-02-10,29.04809188842773
2012-02-13,28.52846336364746
2012-02-14,28.630922317504883
2012-02-15,29.187162399291992
2012-02-16,31.28031539916992
2012-02-17,30.88510131835937
2012-02-21,31.47061920166016
2012-02-22,31.199819564819336
2012-02-23,31.67552757263184
2012-02-24,31.529146194458008
2012-02-27,31.660888671875
2012-02-28,31.89509963989257
2012-02-29,31.47061920166016
2012-03-01,31.69748878479004
2012-03-02,31.87313842773437
2012-03-05,30.97293472290039
2012-03-06,29.97025489807129
2012-03-07,30.43134307861328
2012-03-08,30.621641159057617
2012-03-09,31.42669486999512
2012-03-12,31.12662124633789
2012-03-13,31.84386444091797
2012-03-14,31.37546157836914
2012-03-15,31.712120056152344
2012-03-16,31.75603675842285
2012-03-19,32.24639892578125
2012-03-20,33.16123580932617
2012-03-21,33.68087387084961
2012-03-22,33.07339859008789
2012-03-23,33.38810348510742
2012-03-26,33.907737731933594
2012-03-27,33.710140228271484
2012-03-28,33.146583557128906
2012-03-29,32.69284439086914
2012-03-30,32.766014099121094
2012-04-02,32.970947265625
2012-04-03,33.2783317565918
2012-04-04,32.72211456298828
2012-04-05,31.9975528717041
2012-04-09,31.30225944519043
2012-04-10,30.753360748291016
2012-04-11,29.91170692443848
2012-04-12,29.962940216064453
2012-04-13,29.3701171875
2012-04-16,29.121288299560547
2012-04-17,29.59700393676757
2012-04-18,29.355472564697266
2012-04-19,29.033462524414062
2012-04-20,28.352821350097656
2012-04-23,28.308910369873047
2012-04-24,28.308910369873047
2012-04-25,28.73338890075684
2012-04-26,28.843164443969727
2012-04-27,28.565053939819336
2012-04-30,28.41868782043457
2012-05-01,29.77264404296875
2012-05-02,28.755352020263672
2012-05-03,28.162527084350582
2012-05-04,28.11861991882324
2012-05-07,27.803911209106445
2012-05-08,27.67216682434082
2012-05-09,27.650224685668945
2012-05-10,26.127914428710938
2012-05-11,26.40602684020996
2012-05-14,26.19378662109375
2012-05-15,25.74001884460449
2012-05-16,25.35212135314941
2012-05-17,25.08134078979492
2012-05-18,24.195770263671875
2012-05-21,24.532434463500977
2012-05-22,24.34213829040528
2012-05-23,24.049394607543945
2012-05-24,21.09261512756348
2012-05-25,20.938928604125977
2012-05-29,21.74398422241211
2012-05-30,21.66348648071289
2012-05-31,21.78059196472168
2012-06-01,21.5463809967041
2012-06-04,21.88304901123047
2012-06-05,22.79056930541992
2012-06-06,23.47121238708496
2012-06-07,22.914989471435547
2012-06-08,22.1977481842041
2012-06-11,21.700075149536133
2012-06-12,22.14651679992676
2012-06-13,22.08797264099121
2012-06-14,22.02209854125977
2012-06-15,22.4905014038086
2012-06-18,22.52709579467773
2012-06-19,22.614919662475582
2012-06-20,22.66615104675293
2012-06-21,21.62688446044922
2012-06-22,22.07333374023437
2012-06-25,21.97087287902832
2012-06-26,21.70738983154297
2012-06-27,22.38803672790528
2012-06-28,21.875732421875
2012-06-29,23.28824234008789
2012-07-02,22.651512145996094
2012-07-03,22.76129913330078
2012-07-05,22.77593231201172
2012-07-06,21.78059196472168
2012-07-09,21.32682228088379
2012-07-10,21.09994125366211
2012-07-11,21.048702239990234
2012-07-12,20.76328086853028
2012-07-13,20.93161392211914
2012-07-16,20.946245193481445
2012-07-17,20.88769721984864
2012-07-18,22.14651679992676
2012-07-19,22.77593231201172
2012-07-20,22.82716178894043
2012-07-23,22.39535903930664
2012-07-24,22.86375999450684
2012-07-25,23.03208923339844
2012-07-26,23.485855102539062
2012-07-27,24.085987091064453
2012-07-30,23.778602600097656
2012-07-31,23.91033935546875
2012-08-01,23.485855102539062
2012-08-02,23.134546279907227
2012-08-03,23.668821334838867
2012-08-06,23.463891983032227
2012-08-07,24.481201171875
2012-08-08,24.13720893859864
2012-08-09,23.51512908935547
2012-08-10,23.84447479248047
2012-08-13,23.280925750732425
2012-08-14,22.99549102783203
2012-08-15,23.237010955810547
2012-08-16,24.1299057006836
2012-08-17,24.48851776123047
2012-08-20,24.21040725708008
2012-08-21,24.254318237304688
2012-08-22,24.43729019165039
2012-08-23,24.444604873657227
2012-08-24,25.4546012878418
2012-08-27,25.549728393554688
2012-08-28,25.381410598754883
2012-08-29,25.564376831054688
2012-08-30,24.9788761138916
2012-08-31,25.264305114746094
2012-09-04,25.337491989135746
2012-09-05,25.286256790161133
2012-09-06,26.02545166015625
2012-09-07,26.201107025146484
2012-09-10,25.67416000366211
2012-09-11,25.74734687805176
2012-09-12,25.76198005676269
2012-09-13,25.82052993774414
2012-09-14,26.208419799804688
2012-09-17,25.915672302246094
2012-09-18,25.952266693115234
2012-09-19,26.15719413757324
2012-09-20,25.988853454589844
2012-09-21,26.53777313232422
2012-09-24,25.90835189819336
2012-09-25,25.191112518310547
2012-09-26,24.1299057006836
2012-09-27,24.320180892944336
2012-09-28,24.06403350830078
2012-10-01,24.107946395874023
2012-10-02,23.74932289123535
2012-10-03,22.95890235900879
2012-10-04,22.717384338378903
2012-10-05,22.38803672790528
2012-10-08,22.33680725097656
2012-10-09,22.109922409057617
2012-10-10,21.45124053955078
2012-10-11,21.36341094970703
2012-10-12,21.17312812805176
2012-10-15,21.36341094970703
2012-10-16,21.78789710998535
2012-10-17,21.88304901123047
2012-10-18,22.15383529663086
2012-10-19,21.919641494750977
2012-10-22,21.88304901123047
2012-10-23,21.056028366088867
2012-10-24,20.62421989440918
2012-10-25,20.587629318237305
2012-10-26,20.404653549194336
2012-10-31,19.69474220275879
2012-11-01,20.56567573547364
2012-11-02,20.30219841003418
2012-11-05,20.477842330932617
2012-11-06,20.594947814941406
2012-11-07,20.29488182067871
2012-11-08,19.98749732971192
2012-11-09,20.009450912475582
2012-11-12,19.628877639770508
2012-11-13,19.27025032043457
2012-11-14,19.84843635559082
2012-11-15,22.10260581970215
2012-11-16,22.14651679992676
2012-11-19,22.60760307312012
2012-11-20,22.40267562866211
2012-11-21,22.28557586669922
2012-11-23,22.79789352416992
2012-11-26,22.951589584350582
2012-11-27,22.914989471435547
2012-11-28,22.951589584350582
2012-11-29,23.33215713500977
2012-11-30,23.207733154296875
2012-12-03,23.52244758605957
2012-12-04,23.456573486328125
2012-12-05,24.012805938720703
2012-12-06,24.09330940246582
2012-12-07,24.4665641784668
2012-12-10,24.569032669067383
2012-12-11,24.773944854736328
2012-12-12,24.33482360839844
2012-12-13,24.181133270263672
2012-12-14,24.14453887939453
2012-12-17,24.283599853515625
2012-12-18,25.07402801513672
2012-12-19,25.110610961914062
2012-12-20,24.934967041015625
2012-12-21,24.751996994018555
2012-12-24,24.66417694091797
2012-12-26,24.554384231567383
2012-12-27,24.45924568176269
2012-12-28,24.02012062072754
2012-12-31,24.554384231567383
2013-01-02,25.10329246520996
2013-01-03,25.008146286010746
2013-01-04,24.942279815673828
2013-01-07,24.3275089263916
2013-01-08,23.78592109680176
2013-01-09,23.57368469238281
2013-01-10,23.727367401123047
2013-01-11,24.195770263671875
2013-01-14,24.3275089263916
2013-01-15,24.503158569335938
2013-01-16,25.05206298828125
2013-01-17,25.22772026062012
2013-01-18,25.1472110748291
2013-01-22,25.4619140625
2013-01-23,25.41068458557129
2013-01-24,25.9595947265625
2013-01-25,26.457260131835938
2013-01-28,26.62558937072754
2013-01-29,26.296255111694336
2013-01-30,26.742691040039062
2013-01-31,26.34748268127441
2013-02-01,26.53043937683105
2013-02-04,26.1132869720459
2013-02-05,26.33283233642578
2013-02-06,26.4279842376709
2013-02-07,26.02545166015625
2013-02-08,26.164520263671875
2013-02-11,25.87908744812012
2013-02-12,25.915672302246094
2013-02-13,26.215740203857425
2013-02-14,26.245019912719727
2013-02-15,26.75001716613769
2013-02-19,26.69877243041992
2013-02-20,26.010818481445312
2013-02-21,25.278940200805664
2013-02-22,25.161842346191406
2013-02-25,24.57634735107422
2013-02-26,24.73004150390625
2013-02-27,25.198436737060547
2013-02-28,24.76663398742676
2013-03-01,24.847137451171875
2013-03-04,24.58366203308105
2013-03-05,24.98619842529297
2013-03-06,25.286256790161133
2013-03-07,25.08864974975586
2013-03-08,25.03742790222168
2013-03-11,25.381410598754883
2013-03-12,24.883731842041016
2013-03-13,25.02279281616211
2013-03-14,25.25698471069336
2013-03-15,25.29358291625977
2013-03-18,24.964242935180664
2013-03-19,24.847137451171875
2013-03-20,24.99351692199707
2013-03-21,24.71540260314941
2013-03-22,24.54706573486328
2013-03-25,24.29090881347656
2013-03-26,24.378740310668945
2013-03-27,24.66417694091797
2013-03-28,25.000837326049805
2013-04-01,24.92765235900879
2013-04-02,25.39603614807129
2013-04-03,25.205753326416016
2013-04-04,25.300901412963867
2013-04-05,24.883731842041016
2013-04-08,24.832502365112305
2013-04-09,25.008146286010746
2013-04-10,24.605619430541992
2013-04-11,24.49583625793457
2013-04-12,25.952266693115234
2013-04-15,25.41800308227539
2013-04-16,26.208419799804688
2013-04-17,25.41068458557129
2013-04-18,24.722715377807617
2013-04-19,24.14453887939453
2013-04-22,24.9715576171875
2013-04-23,25.579008102416992
2013-04-24,25.513139724731445
2013-04-25,25.476545333862305
2013-04-26,25.52046012878418
2013-04-29,25.27162170410156
2013-04-30,25.535106658935547
2013-05-01,24.99351692199707
2013-05-02,24.788589477539062
2013-05-03,25.54241943359375
2013-05-06,25.97421646118164
2013-05-07,26.02545166015625
2013-05-08,26.215740203857425
2013-05-09,26.149883270263672
2013-05-10,26.457260131835938
2013-05-13,26.4133358001709
2013-05-14,26.186452865600582
2013-05-15,26.508501052856445
2013-05-16,28.147891998291016
2013-05-17,27.69413185119629
2013-05-20,27.218406677246094
2013-05-21,26.80856704711914
2013-05-22,27.284273147583008
2013-05-23,26.998855590820312
2013-05-24,26.67682266235352
2013-05-28,27.59898376464844
2013-05-29,27.60630989074707
2013-05-30,27.81854820251465
2013-05-31,27.46724319458008
2013-06-03,27.547746658325195
2013-06-04,27.29160118103028
2013-06-05,27.306236267089844
2013-06-06,27.52580642700196
2013-06-07,27.78927421569824
2013-06-10,27.9136905670166
2013-06-11,27.935651779174805
2013-06-12,28.06007575988769
2013-06-13,28.14057159423828
2013-06-14,27.7380428314209
2013-06-17,28.25767135620117
2013-06-18,28.82853126525879
2013-06-19,28.52846336364746
2013-06-20,28.0381088256836
2013-06-21,27.78927421569824
2013-06-24,27.364782333374023
2013-06-25,27.4087028503418
2013-06-26,27.686805725097656
2013-06-27,27.78194999694824
2013-06-28,27.650224685668945
2013-07-01,27.69413185119629
2013-07-02,28.023475646972656
2013-07-03,28.0381088256836
2013-07-05,28.374774932861328
2013-07-08,28.199115753173828
2013-07-09,28.41219520568848
2013-07-10,28.47097396850586
2013-07-11,28.676698684692383
2013-07-12,28.875083923339844
2013-07-15,29.462854385375977
2013-07-16,29.44082260131836
2013-07-17,29.771465301513672
2013-07-18,30.10943031311035
2013-07-19,30.36659240722656
2013-07-22,30.3298568725586
2013-07-23,30.05799865722656
2013-07-24,30.32249641418457
2013-07-25,30.520883560180664
2013-07-26,30.38126945495605
2013-07-29,30.021278381347656
2013-07-30,30.17556953430176
2013-07-31,30.21229362487793
2013-08-01,30.4768123626709
2013-08-02,30.30046844482422
2013-08-05,30.623750686645508
2013-08-06,30.491500854492188
2013-08-07,30.63844871520996
2013-08-08,31.18949317932129
2013-08-09,31.24091529846192
2013-08-12,31.248289108276367
2013-08-13,31.071928024291992
2013-08-14,31.101333618164062
2013-08-15,30.88089942932129
2013-08-16,31.00580596923828
2013-08-19,30.778039932250977
2013-08-20,30.67517852783203
2013-08-21,30.520883560180664
2013-08-22,30.726612091064453
2013-08-23,30.8221378326416
2013-08-26,30.748640060424805
2013-08-27,30.46944808959961
2013-08-28,30.44006729125977
2013-08-29,30.564979553222656
2013-08-30,30.520883560180664
2013-09-03,30.726612091064453
2013-09-04,30.910287857055664
2013-09-05,30.939685821533203
2013-09-06,31.035213470458984
2013-09-09,31.41725349426269
2013-09-10,31.65973281860352
2013-09-11,31.9095401763916
2013-09-12,32.0711784362793
2013-09-13,32.15933990478516
2013-09-16,31.99770164489746
2013-09-17,32.196083068847656
2013-09-18,32.32098388671875
2013-09-19,32.56345748901367
2013-09-20,31.74055290222168
2013-09-23,31.784629821777344
2013-09-24,31.50543212890625
2013-09-25,31.39522171020508
2013-09-26,31.68911933898925
2013-09-27,31.28500366210937
2013-09-30,31.31440162658692
2013-10-01,31.630332946777344
2013-10-02,31.47603988647461
2013-10-03,30.93232727050781
2013-10-04,31.05723190307617
2013-10-07,30.800085067749023
2013-10-08,30.60168838500977
2013-10-09,30.42536163330078
2013-10-10,30.564979553222656
2013-10-11,30.54292869567871
2013-10-14,30.66048049926757
2013-10-15,29.903722763061523
2013-10-16,29.712677001953125
2013-10-17,29.97078514099121
2013-10-18,30.5091552734375
2013-10-21,30.715620040893555
2013-10-22,30.02239990234375
2013-10-23,28.80558586120605
2013-10-24,28.97521209716797
2013-10-25,29.04895401000977
2013-10-28,29.270193099975582
2013-10-29,29.32918930053711
2013-10-30,28.7097282409668
2013-10-31,28.6212215423584
2013-11-01,28.86458396911621
2013-11-04,28.57697296142578
2013-11-05,28.39996910095215
2013-11-06,28.59172821044922
2013-11-07,29.09320068359375
2013-11-08,29.432430267333984
2013-11-11,29.40293312072754
2013-11-12,29.64630126953125
2013-11-13,30.450138092041016
2013-11-14,30.28791236877441
2013-11-15,30.54602432250977
2013-11-18,29.919174194335938
2013-11-19,29.93391799926757
2013-11-20,29.764299392700195
2013-11-21,29.78641891479492
2013-11-22,29.97078514099121
2013-11-25,30.06666374206543
2013-11-26,30.15516662597656
2013-11-27,30.41327667236328
2013-11-29,30.4206485748291
2013-12-02,30.23626708984375
2013-12-03,30.044532775878903
2013-12-04,29.99291610717773
2013-12-05,30.568145751953125
2013-12-06,30.656641006469727
2013-12-09,30.42802047729492
2013-12-10,30.575517654418945
2013-12-11,29.54306411743164
2013-12-12,29.203821182250977
2013-12-13,29.32918930053711
2013-12-16,29.520936965942383
2013-12-17,29.461933135986328
2013-12-18,29.528303146362305
2013-12-19,29.97078514099121
2013-12-20,29.86017799377441
2013-12-23,29.7790584564209
2013-12-24,29.7790584564209
2013-12-26,29.7274227142334
2013-12-27,30.01505279541016
2013-12-30,30.22152709960937
2013-12-31,30.339519500732425
2014-01-02,29.808555603027344
2014-01-03,29.7421817779541
2014-01-06,29.60942840576172
2014-01-07,30.21641540527344
2014-01-08,30.38668441772461
2014-01-09,30.09058952331543
2014-01-10,29.88332176208496
2014-01-13,29.38735580444336
2014-01-14,29.75008010864257
2014-01-15,32.2076530456543
2014-01-16,32.03740692138672
2014-01-17,32.93307113647461
2014-01-21,33.22917938232422
2014-01-22,33.64372253417969
2014-01-23,33.93980026245117
2014-01-24,32.540767669677734
2014-01-27,32.35570526123047
2014-01-28,32.3779182434082
2014-01-29,31.652477264404297
2014-01-30,31.933773040771484
2014-01-31,31.341583251953125
2014-02-03,31.04548072814941
2014-02-04,31.16391372680664
2014-02-05,30.7716064453125
2014-02-06,30.87524032592773
2014-02-07,31.69690322875977
2014-02-10,32.03000259399414
2014-02-11,32.340904235839844
2014-02-12,31.52663993835449
2014-02-13,30.42369079589844
2014-02-14,30.14238548278809
2014-02-18,30.068378448486328
2014-02-19,30.00174331665039
2014-02-20,29.74267196655273
2014-02-21,29.52799797058105
2014-02-24,29.6760482788086
2014-02-25,29.4984073638916
2014-02-26,29.816696166992188
2014-02-27,30.068378448486328
2014-02-28,29.91293334960937
2014-03-03,29.979549407958984
2014-03-04,29.74267196655273
2014-03-05,29.468769073486328
2014-03-06,28.89139938354492
2014-03-07,28.054931640625
2014-03-10,27.98830986022949
2014-03-11,27.71442222595215
2014-03-12,28.01792907714844
2014-03-13,27.50716209411621
2014-03-14,27.07042694091797
2014-03-17,27.610801696777344
2014-03-18,27.729230880737305
2014-03-19,27.4553451538086
2014-03-20,27.46274185180664
2014-03-21,27.980920791625977
2014-03-24,27.07782554626465
2014-03-25,27.4553451538086
2014-03-26,27.15925025939941
2014-03-27,26.840953826904297
2014-03-28,26.7817325592041
2014-03-31,27.314695358276367
2014-04-01,27.4775447845459
2014-04-02,27.862468719482425
2014-04-03,27.77363967895508
2014-04-04,27.78104782104492
2014-04-07,26.87055778503418
2014-04-08,27.50236701965332
2014-04-09,27.99295234680176
2014-04-10,27.086116790771484
2014-04-11,26.736772537231445
2014-04-14,27.346281051635746
2014-04-15,27.494935989379883
2014-04-16,26.93746757507324
2014-04-17,26.662431716918945
2014-04-21,26.714473724365234
2014-04-22,26.796226501464844
2014-04-23,26.662431716918945
2014-04-24,26.47660255432129
2014-04-25,26.0157527923584
2014-04-28,26.134685516357425
2014-04-29,26.327939987182617
2014-04-30,26.469179153442383
2014-05-01,26.417139053344727
2014-05-02,26.417139053344727
2014-05-05,26.6401309967041
2014-05-06,26.00089836120605
2014-05-07,25.04945945739746
2014-05-08,25.153520584106445
2014-05-09,25.41367530822754
2014-05-12,24.96768569946289
2014-05-13,25.867090225219727
2014-05-14,25.69613075256348
2014-05-15,25.79275894165039
2014-05-16,25.06432342529297
2014-05-19,25.488008499145508
2014-05-20,25.23527908325196
2014-05-21,25.63667297363281
2014-05-22,26.87798500061035
2014-05-23,26.58066749572754
2014-05-27,27.227338790893555
2014-05-28,27.38343620300293
2014-05-29,27.539533615112305
2014-05-30,27.509796142578125
2014-06-02,27.881465911865234
2014-06-03,27.19761085510254
2014-06-04,26.95232391357422
2014-06-05,26.84825897216797
2014-06-06,26.632707595825195
2014-06-09,26.56581115722656
2014-06-10,26.654991149902344
2014-06-11,26.714473724365234
2014-06-12,26.409706115722656
2014-06-13,26.50634002685547
2014-06-16,26.521202087402344
2014-06-17,26.54350471496582
2014-06-18,27.108417510986328
2014-06-19,26.930025100708008
2014-06-20,26.60296630859375
2014-06-23,26.647565841674805
2014-06-24,26.8259506225586
2014-06-25,26.75905418395996
2014-06-26,26.59552955627441
2014-06-27,26.37254524230957
2014-06-30,27.145584106445312
2014-07-01,27.212478637695312
2014-07-02,27.584142684936523
2014-07-03,28.11932182312012
2014-07-07,27.6658992767334
2014-07-08,27.42324447631836
2014-07-09,27.244060516357425
2014-07-10,27.35605239868164
2014-07-11,27.721899032592773
2014-07-14,27.16193199157715
2014-07-15,27.385910034179688
2014-07-16,27.535234451293945
2014-07-17,27.40085220336914
2014-07-18,27.56511306762696
2014-07-21,27.69203186035156
2014-07-22,28.192262649536133
2014-07-23,28.31917953491211
2014-07-24,28.46104621887207
2014-07-25,28.468505859375
2014-07-28,28.782093048095703
2014-07-29,28.80448532104492
2014-07-30,29.20765495300293
2014-07-31,28.998607635498047
2014-08-01,28.774621963500977
2014-08-04,28.93887710571289
2014-08-05,28.86421585083008
2014-08-06,28.96874237060547
2014-08-07,28.69996833801269
2014-08-08,29.118059158325195
2014-08-11,29.356990814208984
2014-08-12,29.3345890045166
2014-08-13,29.342056274414062
2014-08-14,30.872608184814453
2014-08-15,30.880077362060547
2014-08-18,30.693418502807617
2014-08-19,30.48437690734864
2014-08-20,30.588903427124023
2014-08-21,30.55158042907715
2014-08-22,30.61129570007324
2014-08-25,30.753154754638672
2014-08-26,30.924880981445312
2014-08-27,31.029417037963867
2014-08-28,31.350460052490234
2014-08-29,31.47737503051757
2014-09-02,31.38778114318848
2014-09-03,31.432588577270508
2014-09-04,31.290727615356445
2014-09-05,31.514694213867188
2014-09-08,31.47737503051757
2014-09-09,31.38778114318848
2014-09-10,31.469913482666016
2014-09-11,31.70884323120117
2014-09-12,31.73123359680176
2014-09-15,32.00746536254883
2014-09-16,32.08213424682617
2014-09-17,32.14186096191406
2014-09-18,32.4031867980957
2014-09-19,32.104530334472656
2014-09-22,32.104530334472656
2014-09-23,32.15679931640625
2014-09-24,32.38825607299805
2014-09-25,31.484844207763672
2014-09-26,31.484844207763672
2014-09-29,31.686424255371094
2014-09-30,32.074668884277344
2014-10-01,30.85769462585449
2014-10-02,30.89501953125
2014-10-03,31.03687858581543
2014-10-06,30.603836059570312
2014-10-07,29.75269889831543
2014-10-08,30.16878700256348
2014-10-09,29.66646957397461
2014-10-10,29.171661376953125
2014-10-13,28.654346466064453
2014-10-14,28.886762619018555
2014-10-15,29.096694946289062
2014-10-16,28.7893009185791
2014-10-17,29.104177474975582
2014-10-20,28.894264221191406
2014-10-21,29.44156074523925
2014-10-22,29.73395347595215
2014-10-23,30.21376609802246
2014-10-24,30.52864646911621
2014-10-27,30.40119361877441
2014-10-28,31.11343002319336
2014-10-29,31.023475646972656
2014-10-30,31.570777893066406
2014-10-31,32.088069915771484
2014-11-03,32.29049301147461
2014-11-04,32.25300598144531
2014-11-05,32.387969970703125
2014-11-06,32.36545944213867
2014-11-07,31.71321678161621
2014-11-10,31.600753784179688
2014-11-11,31.690723419189453
2014-11-12,31.720712661743164
2014-11-13,30.80605125427246
2014-11-14,31.690723419189453
2014-11-17,31.660734176635746
2014-11-18,31.40583610534668
2014-11-19,31.345861434936523
2014-11-20,31.638240814208984
2014-11-21,31.720712661743164
2014-11-24,31.96062469482422
2014-11-25,32.29800033569336
2014-11-26,32.01310729980469
2014-11-28,31.90065193176269
2014-12-01,31.473297119140625
2014-12-02,31.503284454345703
2014-12-03,32.34298324584961
2014-12-04,32.45543670654297
2014-12-05,32.54540252685547
2014-12-08,31.953123092651367
2014-12-09,32.0280876159668
2014-12-10,31.40583610534668
2014-12-11,31.63074111938477
2014-12-12,30.513660430908203
2014-12-15,30.513660430908203
2014-12-16,30.47617721557617
2014-12-17,30.626117706298828
2014-12-18,32.0280876159668
2014-12-19,32.19303894042969
2014-12-22,32.19303894042969
2014-12-23,32.11806869506836
2014-12-24,32.095577239990234
2014-12-26,31.90065193176269
2014-12-29,31.48081398010254
2014-12-30,31.15841484069824
2014-12-31,31.07595443725586
2015-01-02,31.08344459533692
2015-01-05,30.026338577270508
2015-01-06,29.75643920898437
2015-01-07,29.910783767700195
2015-01-08,30.52811050415039
2015-01-09,30.603410720825195
2015-01-12,30.01618003845215
2015-01-13,29.60211181640625
2015-01-14,29.278383255004883
2015-01-15,28.95466041564941
2015-01-16,29.172983169555664
2015-01-20,29.00736618041992
2015-01-21,28.99230194091797
2015-01-22,29.858068466186523
2015-01-23,29.722558975219727
2015-01-26,29.285907745361328
2015-01-27,28.66104888916016
2015-01-28,28.615869522094727
2015-01-29,28.65351295471192
2015-01-30,28.457773208618164
2015-02-02,28.8266658782959
2015-02-03,29.55692672729492
2015-02-04,29.30095863342285
2015-02-05,29.203102111816406
2015-02-06,29.263324737548828
2015-02-09,29.248268127441406
2015-02-10,29.692441940307617
2015-02-11,29.955944061279297
2015-02-12,27.78021812438965
2015-02-13,28.77396011352539
2015-02-17,28.45024299621582
2015-02-18,28.457773208618164
2015-02-19,28.49541282653809
2015-02-20,28.758909225463867
2015-02-23,28.99230194091797
2015-02-24,29.0374755859375
2015-02-25,29.07511329650879
2015-02-26,29.09770774841309
2015-02-27,29.09770774841309
2015-03-02,29.044998168945312
2015-03-03,28.630922317504883
2015-03-04,28.457773208618164
2015-03-05,29.022396087646484
2015-03-06,28.758909225463867
2015-03-09,28.93959617614746
2015-03-10,28.563173294067383
2015-03-11,28.472829818725582
2015-03-12,28.164155960083008
2015-03-13,27.7199764251709
2015-03-16,27.97593688964844
2015-03-17,27.689861297607425
2015-03-18,28.08135032653809
2015-03-19,27.629638671875
2015-03-20,28.09640121459961
2015-03-23,27.5844669342041
2015-03-24,26.98970603942871
2015-03-25,26.906906127929688
2015-03-26,26.763858795166016
2015-03-27,26.4250717163086
2015-03-30,26.635873794555664
2015-03-31,26.69609832763672
2015-04-01,26.553062438964844
2015-04-02,26.824098587036133
2015-04-06,27.125228881835938
2015-04-07,26.95960235595703
2015-04-08,27.09195327758789
2015-04-09,27.03145408630371
2015-04-10,26.82723617553711
2015-04-13,26.7818603515625
2015-04-14,27.129779815673828
2015-04-15,27.78023147583008
2015-04-16,27.50038146972656
2015-04-17,27.20540809631348
2015-04-20,27.22054100036621
2015-04-21,27.22809600830078
2015-04-22,27.3339900970459
2015-04-23,27.44743728637696
2015-04-24,27.318862915039062
2015-04-27,27.50794219970703
2015-04-28,27.68189811706543
2015-04-29,27.83317375183105
2015-04-30,27.417186737060547
2015-05-01,27.749969482421875
2015-05-04,27.765100479125977
2015-05-05,27.1600284576416
2015-05-06,26.766746520996094
2015-05-07,26.902870178222656
2015-05-08,26.9633731842041
2015-05-11,26.44151306152344
2015-05-12,26.365875244140625
2015-05-13,26.69866180419922
2015-05-14,27.19784927368164
2015-05-15,26.774293899536133
2015-05-18,26.32049560546875
2015-05-19,26.736486434936523
2015-05-20,26.72136116027832
2015-05-21,24.02880477905273
2015-05-22,25.06498146057129
2015-05-26,24.62630844116211
2015-05-27,24.97421646118164
2015-05-28,25.15574073791504
2015-05-29,25.261625289916992
2015-06-01,25.080102920532227
2015-06-02,25.21624183654785
2015-06-03,25.14061546325684
2015-06-04,25.617101669311523
2015-06-05,25.670045852661133
2015-06-08,25.080102920532227
2015-06-09,25.03472137451172
2015-06-10,25.367521286010746
2015-06-11,25.473398208618164
2015-06-12,25.32212257385254
2015-06-15,25.375072479248047
2015-06-16,25.375072479248047
2015-06-17,25.54903221130371
2015-06-18,25.54147148132324
2015-06-19,25.662485122680664
2015-06-22,26.010398864746094
2015-06-23,26.131410598754883
2015-06-24,25.095230102539062
2015-06-25,24.694372177124023
2015-06-26,24.475038528442383
2015-06-29,23.96072578430176
2015-06-30,23.86997604370117
2015-07-01,23.89265251159668
2015-07-02,23.824586868286133
2015-07-06,23.673320770263672
2015-07-07,23.90021324157715
2015-07-08,23.27647590637207
2015-07-09,23.0863037109375
2015-07-10,23.27647590637207
2015-07-13,23.51227188110352
2015-07-14,23.49707221984864
2015-07-15,23.687238693237305
2015-07-16,23.748083114624023
2015-07-17,23.687238693237305
2015-07-20,23.53509330749512
2015-07-21,23.49707221984864
2015-07-22,23.6948356628418
2015-07-23,23.885013580322266
2015-07-24,23.65680694580078
2015-07-27,23.428606033325195
2015-07-28,23.542709350585938
2015-07-29,23.550312042236328
2015-07-30,24.014318466186523
2015-07-31,23.6948356628418
2015-08-03,23.34493637084961
2015-08-04,23.261260986328125
2015-08-05,23.481853485107425
2015-08-06,23.34493637084961
2015-08-07,23.215621948242188
2015-08-10,23.961076736450195
2015-08-11,23.36014747619629
2015-08-12,23.573131561279297
2015-08-13,23.291683197021484
2015-08-14,23.39057159423828
2015-08-17,23.2308349609375
2015-08-18,23.03305435180664
2015-08-19,22.65272521972656
2015-08-20,23.413393020629883
2015-08-21,22.979812622070312
2015-08-24,22.72118377685547
2015-08-25,22.11264419555664
2015-08-26,23.261260986328125
2015-08-27,23.87740135192871
2015-08-28,24.05235481262207
2015-08-31,24.31097984313965
2015-09-01,23.550312042236328
2015-09-02,23.786121368408203
2015-09-03,23.72527503967285
2015-09-04,23.253650665283203
2015-09-08,23.95346450805664
2015-09-09,23.672019958496094
2015-09-10,23.85457801818848
2015-09-11,24.02192497253418
2015-09-14,23.687238693237305
2015-09-15,24.485939025878903
2015-09-16,24.61525535583496
2015-09-17,24.50114822387696
2015-09-18,23.85457801818848
2015-09-21,23.748083114624023
2015-09-22,22.87331962585449
2015-09-23,22.59187126159668
2015-09-24,22.43212509155273
2015-09-25,22.49298477172852
2015-09-28,22.13546371459961
2015-09-29,22.02136993408203
2015-09-30,22.515804290771484
2015-10-01,22.24196052551269
2015-10-02,22.766822814941406
2015-10-05,23.49707221984864
2015-10-06,23.831758499145508
2015-10-07,24.122488021850582
2015-10-08,24.68863296508789
2015-10-09,25.369535446166992
2015-10-12,25.53020095825196
2015-10-13,25.57610893249512
2015-10-14,25.920392990112305
2015-10-15,25.843881607055664
2015-10-16,25.874481201171875
2015-10-19,25.76737594604492
2015-10-20,25.7979793548584
2015-10-21,25.55315017700196
2015-10-22,26.302913665771484
2015-10-23,26.524778366088867
2015-10-26,25.361888885498047
2015-10-27,25.52255821228028
2015-10-28,26.05810165405273
2015-10-29,25.828584671020508
2015-10-30,26.01219940185547
2015-11-02,26.302913665771484
2015-11-03,26.38707733154297
2015-11-04,25.874481201171875
2015-11-05,26.16520881652832
2015-11-06,26.31822204589844
2015-11-09,26.11930274963379
2015-11-10,25.499605178833008
2015-11-11,24.8110408782959
2015-11-12,24.359655380249023
2015-11-13,23.95417022705078
2015-11-16,24.091886520385746
2015-11-17,23.946521759033203
2015-11-18,23.747604370117188
2015-11-19,23.69404602050781
2015-11-20,23.7552490234375
2015-11-23,23.72465133666992
2015-11-24,23.66344451904297
2015-11-25,23.533382415771484
2015-11-27,23.47983360290528
2015-11-30,23.456880569458008
2015-12-01,23.69404602050781
2015-12-02,23.66344451904297
2015-12-03,23.60989761352539
2015-12-04,23.93121910095215
2015-12-07,24.122488021850582
2015-12-08,23.77820205688477
2015-12-09,23.04373550415039
2015-12-10,23.09729385375977
2015-12-11,22.232776641845703
2015-12-14,21.934398651123047
2015-12-15,21.85789680480957
2015-12-16,22.14097023010254
2015-12-17,21.65132522583008
2015-12-18,21.115785598754883
2015-12-21,21.115785598754883
2015-12-22,20.0676383972168
2015-12-23,20.28951835632324
2015-12-24,20.28951835632324
2015-12-28,20.327768325805664
2015-12-29,20.5649356842041
2015-12-30,20.55728912353516
2015-12-31,20.29716110229492
2016-01-04,19.9069766998291
2016-01-05,19.432641983032227
2016-01-06,19.024259567260746
2016-01-07,18.007164001464844
2016-01-08,17.72208023071289
2016-01-11,17.70665740966797
2016-01-12,17.413864135742188
2016-01-13,17.352218627929688
2016-01-14,17.891590118408203
2016-01-15,17.14417839050293
2016-01-19,16.52776336669922
2016-01-20,16.450712203979492
2016-01-21,16.450712203979492
2016-01-22,16.573991775512695
2016-01-25,16.35054588317871
2016-01-26,16.974666595458984
2016-01-27,16.419883728027344
2016-01-28,16.550874710083008
2016-01-29,16.89760971069336
2016-02-01,16.843669891357422
2016-02-02,16.612518310546875
2016-02-03,17.105655670166016
2016-02-04,17.398454666137695
2016-02-05,17.444686889648438
2016-02-08,17.221235275268555
2016-02-09,16.982370376586914
2016-02-10,17.244348526000977
2016-02-11,16.743507385253906
2016-02-12,16.866796493530273
2016-02-16,17.791425704956055
2016-02-17,18.14586067199707
2016-02-18,18.438661575317383
2016-02-19,18.98573303222656
2016-02-22,19.240005493164062
2016-02-23,18.739164352416992
2016-02-24,19.255420684814453
2016-02-25,18.97802925109864
2016-02-26,19.35559463500977
2016-02-29,19.13983726501465
2016-03-01,19.67921638488769
2016-03-02,19.79478454589844
2016-03-03,20.08758544921875
2016-03-04,20.033655166625977
2016-03-07,20.70401191711425
2016-03-08,19.99512481689453
2016-03-09,20.16463851928711
2016-03-10,20.28792381286621
2016-03-11,20.85040664672852
2016-03-14,20.503671646118164
2016-03-15,19.90265464782715
2016-03-16,20.25709724426269
2016-03-17,20.542198181152344
2016-03-18,20.989097595214844
2016-03-21,20.642372131347656
2016-03-22,20.91974830627441
2016-03-23,20.32644271850586
2016-03-24,20.295629501342773
2016-03-28,20.40350341796875
2016-03-29,21.00450897216797
2016-03-30,20.542198181152344
2016-03-31,21.027624130249023
2016-04-01,20.78106117248535
2016-04-04,20.51137351989746
2016-04-05,20.519073486328125
2016-04-06,20.604412078857425
2016-04-07,19.95276641845703
2016-04-08,20.0225830078125
2016-04-11,20.26308250427246
2016-04-12,20.27083969116211
2016-04-13,20.71302032470703
2016-04-14,19.890703201293945
2016-04-15,19.4873161315918
2016-04-18,19.22354507446289
2016-04-19,18.95978355407715
2016-04-20,18.7115421295166
2016-04-21,18.703781127929688
2016-04-22,18.804628372192383
2016-04-25,19.0218505859375
2016-04-26,19.02960777282715
2016-04-27,19.18476104736328
2016-04-28,18.85893440246582
2016-04-29,18.33916473388672
2016-05-02,18.07540702819824
2016-05-03,17.84268569946289
2016-05-04,17.765104293823242
2016-05-05,17.703041076660156
2016-05-06,17.95903778076172
2016-05-09,17.850435256958008
2016-05-10,18.207284927368164
2016-05-11,18.09868431091309
2016-05-12,17.834922790527344
2016-05-13,17.87370491027832
2016-05-16,18.145227432250977
2016-05-17,18.30037879943848
2016-05-18,18.48656463623047
2016-05-19,18.152982711791992
2016-05-20,18.789121627807617
2016-05-23,19.15372657775879
2016-05-24,19.55712509155273
2016-05-25,19.79762077331543
2016-05-26,19.316638946533203
2016-05-27,19.63469696044922
2016-05-31,19.80537414550781
2016-06-01,19.448516845703125
2016-06-02,19.386459350585938
2016-06-03,19.34766960144043
2016-06-06,19.401973724365234
2016-06-07,19.42524719238281
2016-06-08,19.50282287597656
2016-06-09,19.316638946533203
2016-06-10,18.99856758117676
2016-06-13,18.897724151611328
2016-06-14,18.78135681152344
2016-06-15,18.952028274536133
2016-06-16,18.98305892944336
2016-06-17,19.28561019897461
2016-06-20,19.63469696044922
2016-06-21,19.64245986938477
2016-06-22,19.54161071777344
2016-06-23,20.185503005981445
2016-06-24,19.177005767822266
2016-06-27,17.8116455078125
2016-06-28,17.982315063476562
2016-06-29,18.98305892944336
2016-06-30,19.07614517211914
2016-07-01,18.84341812133789
2016-07-05,18.215044021606445
2016-07-06,18.315902709960938
2016-07-07,18.57190322875977
2016-07-08,19.03736686706543
2016-07-11,18.94427299499512
2016-07-12,19.51833724975586
2016-07-13,19.789857864379883
2016-07-14,19.76640892028809
2016-07-15,19.750776290893555
2016-07-18,19.96961975097656
2016-07-19,19.961811065673828
2016-07-20,20.243179321289062
2016-07-21,20.313522338867188
2016-07-22,20.688684463500977
2016-07-25,20.60271453857422
2016-07-26,20.79029655456543
2016-07-27,20.618343353271484
2016-07-28,20.61052894592285
2016-07-29,20.594900131225582
2016-08-01,20.82937240600586
2016-08-02,20.36041641235352
2016-08-03,20.49328994750977
2016-08-04,20.67305374145508
2016-08-05,21.19672393798828
2016-08-08,21.454648971557617
2016-08-09,21.63441276550293
2016-08-10,21.587514877319336
2016-08-11,21.97049140930176
2016-08-12,22.23623275756836
2016-08-15,22.5097885131836
2016-08-16,22.627031326293945
2016-08-17,22.54886817932129
2016-08-18,26.480268478393555
2016-08-19,27.12898635864257
2016-08-22,27.12898635864257
2016-08-23,27.34783935546875
2016-08-24,27.214962005615234
2016-08-25,27.38690185546875
2016-08-26,27.34783935546875
2016-08-29,27.457256317138672
2016-08-30,27.28529930114746
2016-08-31,27.035200119018555
2016-09-01,27.30093765258789
2016-09-02,27.27748680114746
2016-09-06,27.41035842895508
2016-09-07,27.715177536010746
2016-09-08,27.40254592895508
2016-09-09,26.785091400146484
2016-09-12,27.457256317138672
2016-09-13,27.152437210083008
2016-09-14,27.027381896972656
2016-09-15,27.39472961425781
2016-09-16,27.207151412963867
2016-09-19,27.85586166381836
2016-09-20,27.34001541137696
2016-09-21,27.91057777404785
2016-09-22,28.10596466064453
2016-09-23,27.87149810791016
2016-09-26,27.49632835388184
2016-09-27,27.62139320373535
2016-09-28,27.472881317138672
2016-09-29,27.14461898803711
2016-09-30,27.996551513671875
2016-10-03,27.637025833129883
2016-10-04,27.23841094970703
2016-10-05,27.45845603942871
2016-10-06,27.340579986572266
2016-10-07,27.30913352966309
2016-10-10,27.26198005676269
2016-10-11,26.782602310180664
2016-10-12,26.609708786010746
2016-10-13,26.617563247680664
2016-10-14,26.35037422180176
2016-10-17,26.263925552368164
2016-10-18,26.44467544555664
2016-10-19,26.46825408935547
2016-10-20,26.617563247680664
2016-10-21,26.6568603515625
2016-10-24,26.75116920471192
2016-10-25,26.719736099243164
2016-10-26,26.719736099243164
2016-10-27,26.562545776367188
2016-10-28,26.531124114990234
2016-10-31,26.672576904296875
2016-11-01,26.004581451416016
2016-11-02,25.478052139282227
2016-11-03,25.50162696838379
2016-11-04,23.92988014221192
2016-11-07,25.23442649841309
2016-11-08,25.533063888549805
2016-11-09,26.083171844482425
2016-11-10,26.29536247253418
2016-11-11,26.609708786010746
2016-11-14,27.450597763061523
2016-11-15,27.403438568115234
2016-11-16,27.29342269897461
2016-11-17,28.998777389526367
2016-11-18,29.07736015319824
2016-11-21,29.17165756225586
2016-11-22,28.857309341430664
2016-11-23,28.566537857055664
2016-11-25,28.770856857299805
2016-11-28,28.62940788269043
2016-11-29,28.69226837158203
2016-11-30,28.731578826904297
2016-12-01,27.85138702392578
2016-12-02,28.26003837585449
2016-12-05,27.86710357666016
2016-12-06,28.267900466918945
2016-12-07,28.66869354248047
2016-12-08,28.52724838256836
2016-12-09,28.61369132995605
2016-12-12,28.17359161376953
2016-12-13,28.29147720336914
2016-12-14,28.44079971313477
2016-12-15,29.06950187683105
2016-12-16,28.64512062072754
2016-12-19,28.873022079467773
2016-12-20,28.94375801086425
2016-12-21,28.60584259033203
2016-12-22,28.4643669128418
2016-12-23,28.54295921325684
2016-12-27,28.770856857299805
2016-12-28,28.15788459777832
2016-12-29,28.040002822875977
2016-12-30,27.717798233032227
2017-01-03,27.953554153442383
2017-01-04,28.16688346862793
2017-01-05,27.93776512145996
2017-01-06,27.835044860839844
2017-01-09,27.835044860839844
2017-01-10,27.8508415222168
2017-01-11,28.16688346862793
2017-01-12,28.293296813964844
2017-01-13,28.38810157775879
2017-01-17,28.09577178955078
2017-01-18,28.43550491333008
2017-01-19,28.30910301208496
2017-01-20,28.73575210571289
2017-01-23,28.57772445678711
2017-01-24,29.64435768127441
2017-01-25,29.984092712402344
2017-01-26,29.70757293701172
2017-01-27,29.833984375
2017-01-30,30.078903198242188
2017-01-31,30.27643775939941
2017-02-01,30.06309700012207
2017-02-02,30.21323013305664
2017-02-03,30.244834899902344
2017-02-06,30.308034896850582
2017-02-07,30.679386138916016
2017-02-08,30.782102584838867
2017-02-09,31.058631896972656
2017-02-10,31.16923713684082
2017-02-13,31.27195930480957
2017-02-14,31.224559783935547
2017-02-15,30.758384704589844
2017-02-16,32.0462532043457
2017-02-17,31.738113403320312
2017-02-21,32.01464080810547
2017-02-22,32.15686798095703
2017-02-23,32.346492767333984
2017-02-24,32.35437774658203
2017-02-27,32.60720443725586
2017-02-28,33.0496711730957
2017-03-01,33.981971740722656
2017-03-02,33.38941192626953
2017-03-03,33.81605911254883
2017-03-06,33.63433837890625
2017-03-07,33.7054443359375
2017-03-08,33.30249786376953
2017-03-09,33.16817855834961
2017-03-10,33.30249786376953
2017-03-13,33.17607879638672
2017-03-14,33.20769119262695
2017-03-15,33.357791900634766
2017-03-16,33.34199905395508
2017-03-17,33.231388092041016
2017-03-20,33.14448547363281
2017-03-21,32.322784423828125
2017-03-22,32.378074645996094
2017-03-23,32.31488037109375
2017-03-24,32.299076080322266
2017-03-27,32.31488037109375
2017-03-28,32.51240158081055
2017-03-29,32.86003875732422
2017-03-30,33.10497283935547
2017-03-31,33.06546401977539
2017-04-03,32.9074592590332
2017-04-04,32.54400634765625
2017-04-05,32.46462631225586
2017-04-06,32.58369445800781
2017-04-07,32.385250091552734
2017-04-10,32.075687408447266
2017-04-11,32.17888641357422
2017-04-12,31.47243309020996
2017-04-13,31.345439910888672
2017-04-17,31.58356666564941
2017-04-18,31.535934448242188
2017-04-19,31.551816940307617
2017-04-20,31.996320724487305
2017-04-21,31.345439910888672
2017-04-24,31.70261573791504
2017-04-25,31.72642707824707
2017-04-26,31.45656013488769
2017-04-27,31.559755325317383
2017-04-28,31.63117790222168
2017-05-01,31.87725067138672
2017-05-02,31.85344314575196
2017-05-03,31.78200340270996
2017-05-04,31.56768798828125
2017-05-05,31.87725067138672
2017-05-08,31.85344314575196
2017-05-09,31.85344314575196
2017-05-10,32.09156799316406
2017-05-11,31.797870635986328
2017-05-12,31.54388236999512
2017-05-15,32.94089126586914
2017-05-16,33.036128997802734
2017-05-17,32.0201301574707
2017-05-18,31.869319915771484
2017-05-19,31.37718391418457
2017-05-22,31.73437118530273
2017-05-23,31.345439910888672
2017-05-24,31.40099334716797
2017-05-25,32.51225280761719
2017-05-26,31.94074821472168
2017-05-30,32.123321533203125
2017-05-31,32.139198303222656
2017-06-01,31.4406852722168
2017-06-02,31.28193473815918
2017-06-05,30.940616607666016
2017-06-06,30.71836471557617
2017-06-07,31.170818328857425
2017-06-08,31.758174896240234
2017-06-09,31.36924934387207
2017-06-12,30.84536933898925
2017-06-13,30.91681289672852
2017-06-14,30.242111206054688
2017-06-15,30.138916015625
2017-06-16,30.1468563079834
2017-06-19,30.49611473083496
2017-06-20,30.369121551513672
2017-06-21,30.64692497253418
2017-06-22,31.043806076049805
2017-06-23,31.647056579589844
2017-06-26,31.980432510375977
2017-06-27,31.45656013488769
2017-06-28,32.075687408447266
2017-06-29,31.829635620117188
2017-06-30,31.78993225097656
2017-07-03,31.4089412689209
2017-07-05,31.64030647277832
2017-07-06,30.5553035736084
2017-07-07,30.82654190063477
2017-07-10,30.77070426940918
2017-07-11,31.16960525512696
2017-07-12,32.04716110229492
2017-07-13,33.01249313354492
2017-07-14,34.81549453735352
2017-07-17,34.799537658691406
2017-07-18,34.9192008972168
2017-07-19,35.230342864990234
2017-07-20,35.58137893676758
2017-07-21,35.709014892578125
2017-07-24,35.788795471191406
2017-07-25,35.709014892578125
2017-07-26,35.38990783691406
2017-07-27,35.11068344116211
2017-07-28,34.69581985473633
2017-07-31,34.63997268676758
2017-08-01,34.74368667602539
2017-08-02,34.63200378417969
2017-08-03,34.23310089111328
2017-08-04,34.09747314453125
2017-08-07,34.09747314453125
2017-08-08,34.04961013793945
2017-08-09,33.69860076904297
2017-08-10,32.93269729614258
2017-08-11,33.100250244140625
2017-08-14,33.53105926513672
2017-08-15,33.483192443847656
2017-08-16,33.83422088623047
2017-08-17,31.560529708862305
2017-08-18,31.392980575561523
2017-08-21,31.073875427246094
2017-08-22,30.87441062927246
2017-08-23,30.850486755371094
2017-08-24,30.96217536926269
2017-08-25,30.746768951416016
2017-08-28,30.587207794189453
2017-08-29,30.33989143371582
2017-08-30,30.4914779663086
2017-08-31,30.842504501342773
2017-09-01,30.834518432617188
2017-09-05,30.29999732971192
2017-09-06,30.99408912658692
2017-09-07,30.866432189941406
2017-09-08,30.818565368652344
2017-09-11,31.48073005676269
2017-09-12,31.85569953918457
2017-09-13,32.126949310302734
2017-09-14,32.43010330200195
2017-09-15,32.7332649230957
2017-09-18,32.414161682128906
2017-09-19,33.27576446533203
2017-09-20,33.26778793334961
2017-09-21,33.39542388916016
2017-09-22,33.945899963378906
2017-09-25,34.06557846069336
2017-09-26,34.911224365234375
2017-09-27,35.23832702636719
2017-09-28,34.97504425048828
2017-09-29,34.911224365234375
2017-10-02,35.102691650390625
2017-10-03,35.4138298034668
2017-10-04,35.46968078613281
2017-10-05,35.70208740234375
2017-10-06,35.60591506958008
2017-10-09,35.557830810546875
2017-10-10,34.98884201049805
2017-10-11,34.86863327026367
2017-10-12,34.796504974365234
2017-10-13,34.96480178833008
2017-10-16,35.03691482543945
2017-10-17,35.325439453125
2017-10-18,35.758182525634766
2017-10-19,35.46966552734375
2017-10-20,35.71009826660156
2017-10-23,35.85434341430664
2017-10-24,35.91847229003906
2017-10-25,35.028907775878906
2017-10-26,35.597896575927734
2017-10-27,35.26933288574219
2017-10-30,34.87664794921875
2017-10-31,35.597896575927734
2017-11-01,35.68606185913086
2017-11-02,35.461669921875
2017-11-03,35.45365524291992
2017-11-06,36.06270599365234
2017-11-07,35.78221893310547
2017-11-08,36.327178955078125
2017-11-09,37.10451889038086
2017-11-10,37.13656997680664
2017-11-13,36.86410903930664
2017-11-14,36.5595817565918
2017-11-15,36.71984100341797
2017-11-16,42.56201171875
2017-11-17,42.43379211425781
2017-11-20,43.86026382446289
2017-11-21,44.140750885009766
2017-11-22,44.91810607910156
2017-11-24,45.20660400390625
2017-11-27,45.06236267089844
2017-11-28,45.51914978027344
2017-11-29,45.06236267089844
2017-11-30,45.286746978759766
2017-12-01,45.20660400390625
2017-12-04,44.82194900512695
2017-12-05,44.990230560302734
2017-12-06,45.84771728515625
2017-12-07,46.10417175292969
2017-12-08,46.6891975402832
2017-12-11,46.94564056396485
2017-12-12,46.32054138183594
2017-12-13,46.30451583862305
2017-12-14,45.975955963134766
2017-12-15,45.89579772949219
2017-12-18,46.26446533203125
2017-12-19,46.40870666503906
2017-12-20,45.71148681640625
2017-12-21,45.04632186889648
2017-12-22,45.11845779418945
2017-12-26,44.76584243774414
2017-12-27,44.99824142456055
2017-12-28,44.7177619934082
2017-12-29,44.33309173583984
2018-01-02,44.53344345092773
2018-01-03,45.73552703857422
2018-01-04,46.491485595703125
2018-01-05,47.327857971191406
2018-01-08,47.97124099731445
2018-01-09,47.9873161315918
2018-01-10,48.77544403076172
2018-01-11,49.70833206176758
2018-01-12,50.48037338256836
2018-01-16,50.078269958496094
2018-01-17,51.13983154296875
2018-01-18,50.9066047668457
2018-01-19,50.73772430419922
2018-01-22,51.08353805541992
2018-01-23,51.34088134765625
2018-01-24,50.60904693603516
2018-01-25,50.25519943237305
2018-01-26,50.938777923583984
2018-01-29,50.50450897216797
2018-01-30,50.11043548583984
2018-01-31,49.45902633666992
2018-02-01,49.98981094360352
2018-02-02,48.42965316772461
2018-02-05,45.68726348876953
2018-02-06,46.75687026977539
2018-02-07,46.34673309326172
2018-02-08,44.91524124145508
2018-02-09,45.17258071899414
2018-02-12,46.42715072631836
2018-02-13,47.23941040039063
2018-02-14,48.76740646362305
2018-02-15,46.37890625
2018-02-16,45.44601440429688
2018-02-20,46.70862579345703
2018-02-21,47.07855987548828
2018-02-22,47.11875534057617
2018-02-23,47.94711685180664
2018-02-26,48.58243560791016
2018-02-27,48.57439422607422
2018-02-28,48.69503402709961
2018-03-01,48.7352409362793
2018-03-02,48.86390686035156
2018-03-05,50.013938903808594
2018-03-06,51.30873107910156
2018-03-07,50.94681930541992
2018-03-08,51.3730583190918
2018-03-09,52.482872009277344
2018-03-12,51.89578628540039
2018-03-13,52.13705062866211
2018-03-14,51.91188430786133
2018-03-15,51.20417022705078
2018-03-16,51.41326141357422
2018-03-19,50.53667449951172
2018-03-20,50.91465377807617
2018-03-21,51.55802536010742
2018-03-22,49.98981094360352
2018-03-23,49.177547454833984
2018-03-26,50.9066047668457
2018-03-27,49.20972442626953
2018-03-28,47.82648468017578
2018-03-29,49.61182403564453
2018-04-02,47.57717514038086
2018-04-03,48.75935745239258
2018-04-04,49.94960403442383
2018-04-05,50.74833679199219
2018-04-06,50.91776657104492
2018-04-09,51.29697036743164
2018-04-10,53.2978630065918
2018-04-11,53.362403869628906
2018-04-12,54.5161361694336
2018-04-13,54.43546676635742
2018-04-16,55.08089447021485
2018-04-17,56.1136360168457
2018-04-18,55.84737014770508
2018-04-19,55.67796325683594
2018-04-20,55.39556121826172
2018-04-23,55.14544677734375
2018-04-24,54.7420654296875
2018-04-25,54.25794982910156
2018-04-26,54.42738723754883
2018-04-27,54.37898254394531
2018-04-30,53.7173957824707
2018-05-01,54.7420654296875
2018-05-02,54.37898254394531
2018-05-03,54.209564208984375
2018-05-04,54.87114715576172
2018-05-07,55.540809631347656
2018-05-08,56.17816162109375
2018-05-09,57.420658111572266
2018-05-10,57.953155517578125
2018-05-11,58.30815887451172
2018-05-14,57.07373809814453
2018-05-15,56.912376403808594
2018-05-16,57.02532196044922
2018-05-17,56.38794708251953
2018-05-18,55.75054550170898
2018-05-21,55.22614288330078
2018-05-22,54.0723876953125
2018-05-23,53.8868293762207
2018-05-24,54.92761993408203
2018-05-25,54.17727279663086
2018-05-29,54.02397537231445
2018-05-30,55.04863739013672
2018-05-31,55.12124633789063
2018-06-01,56.24272155761719
2018-06-04,57.50133895874024
2018-06-05,58.77610397338867
2018-06-06,60.438114166259766
2018-06-07,59.703914642333984
2018-06-08,59.98632049560547
2018-06-11,60.98675537109375
2018-06-12,61.4547119140625
2018-06-13,61.40629577636719
2018-06-14,62.52775955200195
2018-06-15,62.68911361694336
2018-06-18,63.08446502685547
2018-06-19,62.842411041259766
2018-06-20,63.06026077270508
2018-06-21,62.72946166992188
2018-06-22,62.092079162597656
2018-06-25,62.075950622558594
2018-06-26,62.87469100952149
2018-06-27,61.59185409545898
2018-06-28,62.37446212768555
2018-06-29,63.35878372192383
2018-07-02,63.88321304321289
2018-07-03,62.35832977294922
2018-07-05,63.08013916015625
2018-07-06,63.883033752441406
2018-07-09,64.38584899902344
2018-07-10,64.26419830322266
2018-07-11,64.54804992675781
2018-07-12,66.38093566894531
2018-07-13,67.07026672363281
2018-07-16,66.38093566894531
2018-07-17,66.85131072998047
2018-07-18,66.68911743164062
2018-07-19,66.76212310791016
2018-07-20,66.51069641113281
2018-07-23,66.00786590576172
2018-07-24,63.745147705078125
2018-07-25,66.03218841552734
2018-07-26,65.92676544189453
2018-07-27,64.43450164794922
2018-07-30,62.682716369628906
2018-07-31,62.86927795410156
2018-08-01,63.7046012878418
2018-08-02,65.33472442626953
2018-08-03,66.2430648803711
2018-08-06,66.43768310546875
2018-08-07,66.4944839477539
2018-08-08,67.28925323486328
2018-08-09,66.98106384277344
2018-08-10,66.46202087402344
2018-08-13,65.14009094238281
2018-08-14,67.11894989013672
2018-08-15,66.88375091552734
2018-08-16,64.4831771850586
2018-08-17,65.82135009765625
2018-08-20,66.8026351928711
2018-08-21,66.42147064208984
2018-08-22,67.08651733398438
2018-08-23,67.443359375
2018-08-24,68.31920623779297
2018-08-27,68.91126251220703
2018-08-28,69.69792938232422
2018-08-29,69.94935607910156
2018-08-30,70.41162109375
2018-08-31,70.40350341796875
2018-09-04,71.30372619628906
2018-09-05,67.57311248779297
2018-09-06,67.64610290527344
2018-09-07,67.40277862548828
2018-09-10,67.76773071289062
2018-09-11,69.03292846679688
2018-09-12,69.08968353271484
2018-09-13,69.34110260009766
2018-09-14,69.56004333496094
2018-09-17,67.67044067382812
2018-09-18,69.18701934814453
2018-09-19,68.11647033691406
2018-09-20,69.2275619506836
2018-09-21,70.43594360351562
2018-09-24,70.07099151611328
2018-09-25,69.90071105957031
2018-09-26,69.8358154296875
2018-09-27,69.46276092529297
2018-09-28,69.65741729736328
2018-10-01,69.8682632446289
2018-10-02,69.47897338867188
2018-10-03,69.56004333496094
2018-10-04,68.37045288085938
2018-10-05,67.07490539550781
2018-10-08,65.25789642333984
2018-10-09,64.96455383300781
2018-10-10,61.63200759887695
2018-10-11,60.26312255859375
2018-10-12,62.67496109008789
2018-10-15,61.3794059753418
2018-10-16,63.4897689819336
2018-10-17,64.42678833007812
2018-10-18,63.58755493164063
2018-10-19,63.20457077026367
2018-10-22,65.44529724121094
2018-10-23,63.05791091918945
2018-10-24,60.45869064331055
2018-10-25,62.120880126953125
2018-10-26,58.51943206787109
2018-10-29,58.592769622802734
2018-10-30,62.38163757324219
2018-10-31,63.95420455932617
2018-11-01,64.76901245117188
2018-11-02,64.29643249511719
2018-11-05,65.28234100341797
2018-11-06,65.44529724121094
2018-11-07,67.48230743408203
2018-11-08,67.49860382080078
2018-11-09,66.53714752197266
2018-11-12,64.26382446289062
2018-11-13,64.28014373779297
2018-11-14,63.579402923583984
2018-11-15,56.12390899658203
2018-11-16,58.58463287353516
2018-11-19,54.82021713256836
2018-11-20,55.13800811767578
2018-11-21,53.70392990112305
2018-11-23,53.5002326965332
2018-11-26,55.21133041381836
2018-11-27,54.81205368041992
2018-11-28,56.6127815246582
2018-11-29,54.9179916381836
2018-11-30,54.48615264892578
2018-12-03,56.979454040527344
2018-12-04,55.3824348449707
2018-12-06,55.79799270629883
2018-12-07,52.465423583984375
2018-12-10,53.47578430175781
2018-12-11,52.31059646606445
2018-12-12,52.726165771484375
2018-12-13,51.11284637451172
2018-12-14,50.053592681884766
2018-12-17,48.57064437866211
2018-12-18,50.542476654052734
2018-12-19,48.37508773803711
2018-12-20,47.14472198486328
2018-12-21,46.24029541015625
2018-12-24,44.667728424072266
2018-12-26,47.15288162231445
2018-12-27,48.3995361328125
2018-12-28,48.146949768066406
2018-12-31,48.61953353881836
2019-01-02,49.16545486450195
2019-01-03,47.147647857666016
2019-01-04,48.74713134765625
2019-01-07,48.50106430053711
2019-01-08,48.12375259399414
2019-01-09,49.37051773071289
2019-01-10,50.412227630615234
2019-01-11,50.56808471679688
2019-01-14,50.22357177734375
2019-01-15,51.23247528076172
2019-01-16,50.93718719482422
2019-01-17,50.789546966552734
2019-01-18,51.65900039672852
2019-01-22,50.4204330444336
2019-01-23,50.13333511352539
2019-01-24,50.8305549621582
2019-01-25,52.27418518066406
2019-01-28,51.84766387939453
2019-01-29,51.339111328125
2019-01-30,51.987098693847656
2019-01-31,52.30698394775391
2019-02-01,53.97208786010742
2019-02-04,55.063026428222656
2019-02-05,55.48953628540039
2019-02-06,55.90786361694336
2019-02-07,54.94817733764648
2019-02-08,54.136138916015625
2019-02-11,54.078704833984375
2019-02-12,55.07122039794922
2019-02-13,55.24346923828125
2019-02-14,52.21676254272461
2019-02-15,52.52025604248047
2019-02-19,52.70071029663086
2019-02-20,53.5373649597168
2019-02-21,53.67681121826172
2019-02-22,54.15253829956055
2019-02-25,54.136138916015625
2019-02-26,54.759521484375
2019-02-27,54.20174789428711
2019-02-28,53.47993469238281
2019-03-01,54.31660079956055
2019-03-04,52.94679260253906
2019-03-05,53.06982421875
2019-03-06,52.44644165039063
2019-03-07,52.05271911621094
2019-03-08,51.83124923706055
2019-03-11,53.5291633605957
2019-03-12,53.67681121826172
2019-03-13,53.783447265625
2019-03-14,53.92285919189453
2019-03-15,55.82585906982422
2019-03-18,54.88257598876953
2019-03-19,54.628299713134766
2019-03-20,55.423919677734375
2019-03-21,57.01519012451172
2019-03-22,54.82514953613281
2019-03-25,54.84974670410156
2019-03-26,55.4731330871582
2019-03-27,55.095829010009766
2019-03-28,55.276275634765625
2019-03-29,56.87575912475586
2019-04-01,57.72880935668945
2019-04-02,58.0405158996582
2019-04-03,59.39391326904297
2019-04-04,58.96501922607422
2019-04-05,59.509403228759766
2019-04-08,60.18572616577149
2019-04-09,60.028995513916016
2019-04-10,61.241455078125
2019-04-11,62.26420593261719
2019-04-12,62.379669189453125
2019-04-15,62.81683349609375
2019-04-16,63.86430740356445
2019-04-17,64.0622787475586
2019-04-18,64.07876586914062
2019-04-22,63.26222229003906
2019-04-23,63.21274185180664
2019-04-24,60.62288665771485
2019-04-25,60.63109970092773
2019-04-26,59.30317687988281
2019-04-29,60.11971664428711
2019-04-30,60.086727142333984
2019-05-01,59.20418930053711
2019-05-02,59.121707916259766
2019-05-03,59.51763153076172
2019-05-06,58.338165283203125
2019-05-07,57.02672958374024
2019-05-08,56.84526443481445
2019-05-09,56.53185272216797
2019-05-10,56.71329498291016
2019-05-13,54.42036819458008
2019-05-14,55.52558135986328
2019-05-15,55.91325378417969
2019-05-16,57.48038482666016
2019-05-17,56.9854850769043
2019-05-20,56.193660736083984
2019-05-21,57.72780990600586
2019-05-22,55.34413146972656
2019-05-23,50.85722351074219
2019-05-24,51.137657165527344
2019-05-28,50.06540298461914
2019-05-29,49.743743896484375
2019-05-30,49.85921478271485
2019-05-31,48.82820510864258
2019-06-03,48.58901596069336
2019-06-04,50.43657684326172
2019-06-05,50.42007064819336
2019-06-06,50.38708114624024
2019-06-07,50.5602912902832
2019-06-10,51.40158081054688
2019-06-11,51.23661422729492
2019-06-12,50.741737365722656
2019-06-13,51.26961517333984
2019-06-14,50.29635620117188
2019-06-17,49.60351943969727
2019-06-18,50.68400955200195
2019-06-19,50.906715393066406
2019-06-20,51.69026565551758
2019-06-21,50.69225311279297
2019-06-24,50.51905059814453
2019-06-25,50.27985763549805
2019-06-26,50.007659912109375
2019-06-27,50.31285095214844
2019-06-28,50.89020919799805
2019-07-01,51.83048248291016
2019-07-02,51.07991409301758
2019-07-03,51.94440841674805
2019-07-05,51.87791442871094
2019-07-08,50.22373580932617
2019-07-09,49.99930191040039
2019-07-10,50.10735321044922
2019-07-11,50.348419189453125
2019-07-12,50.80559921264648
2019-07-15,50.55622863769531
2019-07-16,49.001800537109375
2019-07-17,49.30937194824219
2019-07-18,48.89373397827149
2019-07-19,49.39249038696289
2019-07-22,48.79399490356445
2019-07-23,49.12649154663086
2019-07-24,48.89373397827149
2019-07-25,48.81892776489258
2019-07-26,49.134803771972656
2019-07-29,49.24287033081055
2019-07-30,49.450679779052734
2019-07-31,48.61944580078125
2019-08-01,47.9710578918457
2019-08-02,38.27046203613281
2019-08-05,37.53896331787109
2019-08-06,38.24551773071289
2019-08-07,38.46163940429688
2019-08-08,39.691871643066406
2019-08-09,38.71932601928711
2019-08-12,38.328643798828125
2019-08-13,39.06011962890625
2019-08-14,37.16489791870117
2019-08-15,38.62789535522461
2019-08-16,38.86894989013672
2019-08-19,39.07675552368164
2019-08-20,38.31201171875
2019-08-21,38.977012634277344
2019-08-22,38.88557434082031
2019-08-23,37.76339340209961
2019-08-26,38.70270156860352
2019-08-27,38.66113662719727
2019-08-28,38.91881942749024
2019-08-29,39.81656265258789
2019-08-30,39.94956588745117
2019-09-03,39.40924835205078
2019-09-04,40.85561752319336
2019-09-05,43.02515411376953
2019-09-06,43.208038330078125
2019-09-09,45.5355110168457
2019-09-10,45.31108474731445
2019-09-11,46.73251724243164
2019-09-12,46.848880767822266
2019-09-13,47.0234603881836
2019-09-16,47.24787521362305
2019-09-17,46.99850463867188
2019-09-18,45.660194396972656
2019-09-19,45.24458312988281
2019-09-20,44.97027206420898
2019-09-23,45.32771301269531
2019-09-24,44.02265930175781
2019-09-25,44.72921371459961
2019-09-26,44.62945938110352
2019-09-27,44.81233978271485
2019-09-30,43.64859008789063
2019-10-01,43.21635818481445
2019-10-02,42.70929718017578
2019-10-03,43.1456184387207
2019-10-04,43.6826400756836
2019-10-07,43.65746307373047
2019-10-08,42.42400360107422
2019-10-09,43.10365676879883
2019-10-10,41.76950454711914
2019-10-11,43.2043571472168
2019-10-14,43.80009841918945
2019-10-15,44.504920959472656
2019-10-16,44.65596008300781
2019-10-17,45.327239990234375
2019-10-18,44.88251495361328
2019-10-21,45.78872299194336
2019-10-22,46.30055618286133
2019-10-23,46.99700546264648
2019-10-24,46.52711486816406
2019-10-25,46.99700546264648
2019-10-28,46.87113571166992
2019-10-29,46.54389572143555
2019-10-30,47.29906463623047
2019-10-31,46.887916564941406
2019-11-01,47.90320587158203
2019-11-04,48.59964370727539
2019-11-05,49.9505615234375
2019-11-06,48.56609344482422
2019-11-07,49.45551300048828
2019-11-08,49.849884033203125
2019-11-11,50.23585510253906
2019-11-12,50.46240615844727
2019-11-13,50.40366744995117
2019-11-14,52.00631332397461
2019-11-15,52.75310897827149
2019-11-18,53.27333450317383
2019-11-19,52.778282165527344
2019-11-20,51.55322647094727
2019-11-21,50.93230438232422
2019-11-22,51.37700271606445
2019-11-25,52.56850814819336
2019-11-26,50.77286529541016
2019-11-27,50.806434631347656
2019-11-29,50.83999252319336
2019-12-02,49.85826873779297
2019-12-03,49.153446197509766
2019-12-04,49.79114532470703
2019-12-05,50.412071228027344
2019-12-06,51.20919799804688
2019-12-09,50.789649963378906
2019-12-10,50.64701461791992
2019-12-11,50.89873504638672
2019-12-12,52.6356315612793
2019-12-13,53.06356430053711
2019-12-16,53.3152961730957
2019-12-17,53.2481575012207
2019-12-18,52.83701705932617
2019-12-19,53.055171966552734
2019-12-20,52.08183670043945
2019-12-23,52.69437026977539
2019-12-24,52.74470901489258
2019-12-26,52.45942687988281
2019-12-27,51.544830322265625
2019-12-30,51.62873458862305
2019-12-31,52.23287582397461
2020-01-02,53.0784797668457
2020-01-03,52.17368698120117
2020-01-06,52.04684066772461
2020-01-07,52.38507843017578
2020-01-08,53.391357421875
2020-01-09,53.66193771362305
2020-01-10,53.38289642333984
2020-01-13,54.21158218383789
2020-01-14,53.93252944946289
2020-01-15,54.279239654541016
2020-01-16,55.28548812866211
2020-01-17,52.78252029418945
2020-01-21,51.20969772338867
2020-01-22,51.13359451293945
2020-01-23,51.2181396484375
2020-01-24,50.57550048828125
2020-01-27,49.18025588989258
2020-01-28,48.1317024230957
2020-01-29,46.96476745605469
2020-01-30,46.38130569458008
2020-01-31,45.15517044067383
2020-02-03,45.69636154174805
2020-02-04,47.25227355957031
2020-02-05,48.87583160400391
2020-02-06,49.17179489135742
2020-02-07,48.48685073852539
2020-02-10,49.09568786621094
2020-02-11,49.95821762084961
2020-02-12,51.42955780029297
2020-02-13,46.66034698486328
2020-02-14,45.86549377441406
2020-02-18,45.1805419921875
2020-02-19,44.99452209472656
2020-02-20,45.41731643676758
2020-02-21,43.971336364746094
2020-02-24,42.364688873291016
2020-02-25,41.265403747558594
2020-02-26,40.994815826416016
2020-02-27,39.63340377807617
2020-02-28,39.50654602050781
2020-03-02,40.225318908691406
2020-03-03,38.82162094116211
2020-03-04,39.18523406982422
2020-03-05,37.14732360839844
2020-03-06,37.206520080566406
2020-03-09,33.705718994140625
2020-03-10,36.7752571105957
2020-03-11,34.204620361328125
2020-03-12,30.36558723449707
2020-03-13,34.500587463378906
2020-03-16,33.86638641357422
2020-03-17,35.5998649597168
2020-03-18,35.760536193847656
2020-03-19,32.606449127197266
2020-03-20,30.64463806152344
2020-03-23,29.89204406738281
2020-03-24,32.369667053222656
2020-03-25,31.870769500732425
2020-03-26,35.89583969116211
2020-03-27,34.018585205078125
2020-03-30,34.43294143676758
2020-03-31,35.25316619873047
2020-04-01,33.832550048828125
2020-04-02,33.83256530761719
2020-04-03,31.95819854736328
2020-04-06,33.89247131347656
2020-04-07,34.00373458862305
2020-04-08,35.073570251464844
2020-04-09,36.57134246826172
2020-04-13,35.629886627197266
2020-04-14,36.92224884033203
2020-04-15,34.60284805297852
2020-04-16,35.27042388916016
2020-04-17,36.07494735717773
2020-04-20,35.04789733886719
2020-04-21,33.32759475708008
2020-04-22,33.960941314697266
2020-04-23,35.12491607666016
2020-04-24,36.85378646850586
2020-04-27,36.54566955566406
2020-04-28,36.17765045166016
2020-04-29,38.411468505859375
2020-04-30,37.46144485473633
2020-05-01,35.50150680541992
2020-05-04,34.7911376953125
2020-05-05,35.26186752319336
2020-05-06,36.460079193115234
2020-05-07,36.81100082397461
2020-05-08,38.4285888671875
2020-05-11,37.66685485839844
2020-05-12,36.82810974121094
2020-05-13,35.48438262939453
2020-05-14,35.80961990356445
2020-05-15,36.27179336547852
2020-05-18,38.21462631225586
2020-05-19,38.24029159545898
2020-05-20,39.35292434692383
2020-05-21,38.91642761230469
2020-05-22,38.24029159545898
2020-05-26,38.63400268554688
2020-05-27,39.62681198120117
2020-05-28,37.78668212890625
2020-05-29,38.1204719543457
2020-06-01,36.51998901367188
2020-06-02,37.77812576293945
2020-06-03,39.1047248840332
2020-06-04,38.73670196533203
2020-06-05,41.13313293457031
2020-06-08,41.94620895385742
2020-06-09,39.98626708984375
2020-06-10,39.55834197998047
2020-06-11,35.21051406860352
2020-06-12,36.34025192260742
2020-06-15,36.83666610717773
2020-06-16,37.95784759521485
2020-06-17,36.94792556762695
2020-06-18,36.62269592285156
2020-06-19,37.72677993774414
2020-06-22,36.20332336425781
2020-06-23,36.28036117553711
2020-06-24,35.06502151489258
2020-06-25,35.80107116699219
2020-06-26,37.64974212646485
2020-06-29,37.6754150390625
2020-06-30,37.974979400634766
2020-07-01,37.23892593383789
2020-07-02,37.27316665649414
2020-07-06,38.55697250366211
2020-07-07,36.682613372802734
2020-07-08,37.45288848876953
2020-07-09,36.5875244140625
2020-07-10,37.15867614746094
2020-07-13,37.556732177734375
2020-07-14,37.82499694824219
2020-07-15,38.40479278564453
2020-07-16,38.37018585205078
2020-07-17,38.77690124511719
2020-07-20,39.07112503051758
2020-07-21,39.42593002319336
2020-07-22,38.93266296386719
2020-07-23,38.67304992675781
2020-07-24,37.38366317749024
2020-07-27,38.153839111328125
2020-07-28,37.16732406616211
2020-07-29,36.71733474731445
2020-07-30,37.080787658691406
2020-07-31,38.33555603027344
2020-08-03,37.01155471801758
2020-08-04,37.40961456298828
2020-08-05,37.297119140625
2020-08-06,36.52695083618164
2020-08-07,37.03752136230469
2020-08-10,38.309608459472656
2020-08-11,37.7038459777832
2020-08-12,37.45289993286133
2020-08-13,36.12023162841797
2020-08-14,35.9644660949707
2020-08-17,35.74812698364258
2020-08-18,35.47986602783203
2020-08-19,35.90389633178711
2020-08-20,35.84331512451172
2020-08-21,35.69620132446289
2020-08-24,36.60483932495117
2020-08-25,36.14619445800781
2020-08-26,36.52695083618164
2020-08-27,37.99807357788086
2020-08-28,39.581687927246094
2020-08-31,41.00952911376953
2020-09-01,40.39512634277344
2020-09-02,41.667213439941406
2020-09-03,40.27398300170898
2020-09-04,40.152828216552734
2020-09-08,39.11439514160156
2020-09-09,40.2999382019043
2020-09-10,38.39614486694336
2020-09-11,38.153839111328125
2020-09-14,39.2701530456543
2020-09-15,39.2701530456543
2020-09-16,39.0365104675293
2020-09-17,37.36636352539063
2020-09-18,36.87310409545898
2020-09-21,35.81736373901367
2020-09-22,36.24139404296875
2020-09-23,35.644283294677734
2020-09-24,35.90389633178711
2020-09-25,36.31061553955078
2020-09-28,37.72980880737305
2020-09-29,38.06729507446289
2020-09-30,37.9375
2020-10-01,37.11539840698242
2020-10-02,37.00289916992188
2020-10-05,37.51347351074219
2020-10-06,37.52212524414063
2020-10-07,38.58652114868164
2020-10-08,40.4672966003418
2020-10-09,40.12612533569336
2020-10-12,40.8084602355957
2020-10-13,41.009647369384766
2020-10-14,40.825950622558594
2020-10-15,41.15835952758789
2020-10-16,41.245849609375
2020-10-19,41.98941040039063
2020-10-20,41.33332824707031
2020-10-21,40.93967056274414
2020-10-22,40.85219955444336
2020-10-23,41.01840591430664
2020-10-26,39.303836822509766
2020-10-27,38.53403091430664
2020-10-28,36.994415283203125
2020-10-29,38.58652114868164
2020-10-30,38.39406204223633
2020-11-02,39.31258392333984
2020-11-03,40.493534088134766
2020-11-04,39.51377487182617
2020-11-05,40.86094665527344
2020-11-06,41.12337875366211
2020-11-09,43.43279647827149
2020-11-10,43.74771118164063
2020-11-11,43.10038375854492
2020-11-12,41.53452682495117
2020-11-13,43.59025573730469
2020-11-16,45.12112045288086
2020-11-17,44.963653564453125
2020-11-18,45.08613204956055
2020-11-19,45.47101593017578
2020-11-20,45.39229965209961
2020-11-23,46.85318756103516
2020-11-24,48.42778015136719
2020-11-25,46.81818771362305
2020-11-27,46.59074020385742
2020-11-30,46.63447189331055
2020-12-01,47.378047943115234
2020-12-02,51.81317901611328
2020-12-03,51.16584777832031
2020-12-04,52.4780158996582
2020-12-07,52.81043243408203
2020-12-08,52.967891693115234
2020-12-09,53.169090270996094
2020-12-10,53.46650314331055
2020-12-11,54.07885360717773
2020-12-14,53.94763946533203
2020-12-15,54.8049201965332
2020-12-16,56.0471076965332
2020-12-17,56.09084701538086
2020-12-18,56.70319747924805
2020-12-21,56.45825958251953
2020-12-22,57.89289093017578
2020-12-23,57.88415145874024
2020-12-24,57.56047821044922
2020-12-28,57.64795684814453
2020-12-29,56.90440368652344
2020-12-30,57.14934158325195
2020-12-31,57.94536590576172
2021-01-04,56.73817825317383
2021-01-05,57.009368896484375
2021-01-06,57.06185531616211
2021-01-07,57.4936752319336
2021-01-08,57.2557373046875
2021-01-11,57.47605514526367
2021-01-12,58.30445098876953
2021-01-13,57.45841979980469
2021-01-14,58.022422790527344
2021-01-15,56.9825553894043
2021-01-19,56.64767074584961
2021-01-20,56.8503532409668
2021-01-21,57.2557373046875
2021-01-22,57.07067489624024
2021-01-25,57.8549919128418
2021-01-26,57.899051666259766
2021-01-27,60.71029281616211
2021-01-28,59.39720153808594
2021-01-29,58.55119705200195
2021-02-01,58.23393630981445
2021-02-02,57.35266876220703
2021-02-03,58.74507141113281
2021-02-04,58.97420120239258
2021-02-05,59.37959289550781
2021-02-08,61.4505615234375
2021-02-09,61.57393264770508
2021-02-10,60.58690643310547
2021-02-11,60.9482421875
2021-02-12,61.56511688232422
2021-02-16,60.67502975463867
2021-02-17,60.1374626159668
2021-02-18,59.98764801025391
2021-02-19,62.8781852722168
2021-02-22,62.63145446777344
2021-02-23,61.09804153442383
2021-02-24,63.07205581665039
2021-02-25,53.94218063354492
2021-02-26,55.167137145996094
2021-03-01,57.48485565185547
2021-03-02,56.15415573120117
2021-03-03,56.22465515136719
2021-03-04,53.82762145996094
2021-03-05,54.04793548583984
2021-03-08,55.1583137512207
2021-03-09,56.93848419189453
2021-03-10,58.74507141113281
2021-03-11,59.90834045410156
2021-03-12,59.5382194519043
2021-03-15,60.6309700012207
2021-03-16,60.895355224609375
2021-03-17,62.71077728271485
2021-03-18,61.96166610717773
2021-03-19,61.82948684692383
2021-03-22,62.16436767578125
2021-03-23,60.30492782592773
2021-03-24,60.48116302490234
2021-03-25,61.926414489746094
2021-03-26,65.87450408935547
2021-03-29,63.80353546142578
2021-03-30,63.64490509033203
2021-03-31,64.04146575927734
2021-04-01,64.90511322021484
2021-04-05,65.50438690185547
2021-04-06,64.69361114501953
2021-04-07,64.9227294921875
2021-04-08,65.35739135742188
2021-04-09,65.53479766845703
2021-04-12,65.8186264038086
2021-04-13,66.06702423095703
2021-04-14,67.81448364257812
2021-04-15,68.02740478515625
2021-04-16,68.93217468261719
2021-04-19,68.57733917236328
2021-04-20,66.69682312011719
2021-04-21,67.33548736572266
2021-04-22,66.97180938720703
2021-04-23,68.24916076660156
2021-04-26,68.4354248046875
2021-04-27,68.0096435546875
2021-04-28,67.94754791259766
2021-04-29,68.18704986572266
2021-04-30,66.25328826904297
2021-05-03,65.91622924804688
2021-05-04,66.86534881591797
2021-05-05,67.92093658447266
2021-05-06,69.07410430908203
2021-05-07,70.5377197265625
2021-05-10,69.95225524902344
2021-05-11,68.07173919677734
2021-05-12,65.94284057617188
2021-05-13,67.9564208984375
2021-05-14,69.63294982910156
2021-05-17,69.57970428466797
2021-05-18,68.55073547363281
2021-05-19,68.93217468261719
2021-05-20,68.73701477050781
2021-05-21,69.42891693115234
2021-05-24,70.0676040649414
2021-05-25,69.37570190429688
2021-05-26,70.46676635742188
2021-05-27,70.05873107910156
2021-05-28,68.63057708740234
2021-06-01,68.04513549804688
2021-06-02,68.35558319091797
2021-06-03,69.7926025390625
2021-06-04,71.61990356445312
2021-06-07,71.87715148925781
2021-06-08,72.60453033447266
2021-06-09,72.7464599609375
2021-06-10,74.18348693847656
2021-06-11,73.95285034179688
2021-06-14,73.61576843261719
2021-06-15,74.08588409423828
2021-06-16,73.39398193359375
2021-06-17,72.26744079589844
2021-06-18,69.33133697509766
2021-06-21,70.45790100097656
2021-06-22,71.6287841796875
2021-06-23,71.49573516845703
2021-06-24,71.8416748046875
2021-06-25,73.12789916992188
2021-06-28,73.1456298828125
2021-06-29,73.65125274658203
2021-06-30,72.57791137695312
2021-07-01,72.70211029052734
2021-07-02,73.61576843261719
2021-07-06,72.63114166259766
2021-07-07,73.19883728027344
2021-07-08,72.83293151855469
2021-07-09,73.68971252441406
2021-07-12,73.38628387451172
2021-07-13,71.55675506591797
2021-07-14,71.25330352783203
2021-07-15,70.65536499023438
2021-07-16,69.0489501953125
2021-07-19,68.9864730834961
2021-07-20,69.82537841796875
2021-07-21,69.87894439697266
2021-07-22,68.8347396850586
2021-07-23,69.36132049560547
2021-07-26,70.10205841064453
2021-07-27,69.57549285888672
2021-07-28,69.79861450195312
2021-07-29,70.51255798339844
2021-07-30,71.03018188476562
2021-08-02,71.5121078491211
2021-08-03,72.94003295898438
2021-08-04,72.61875915527344
2021-08-05,72.71692657470703
2021-08-06,73.33270263671875
2021-08-09,73.40412139892578
2021-08-10,73.6986312866211
2021-08-11,73.80571746826172
2021-08-12,74.12699127197266
2021-08-13,73.43087768554688
2021-08-16,73.00251770019531
2021-08-17,71.85124206542969
2021-08-18,71.10159301757812
2021-08-19,70.73568725585938
2021-08-20,71.99402618408203
2021-08-23,72.03866577148438
2021-08-24,72.09220886230469
2021-08-25,73.42195129394531
2021-08-26,76.8846664428711
2021-08-27,77.69682312011719
2021-08-30,78.86592864990234
2021-08-31,79.36567687988281
2021-09-01,79.71372985839844
2021-09-02,80.09750366210938
2021-09-03,81.5254135131836
2021-09-07,80.32061767578125
2021-09-08,79.89224243164062
2021-09-09,82.18582916259766
2021-09-10,82.3910903930664
2021-09-13,81.88240051269531
2021-09-14,82.27506256103516
2021-09-15,83.26570129394531
2021-09-16,82.96227264404297
2021-09-17,80.32952880859375
2021-09-20,79.4013900756836
2021-09-21,78.61602783203125
2021-09-22,80.30278015136719
2021-09-23,82.8016128540039
2021-09-24,83.56914520263672
2021-09-27,83.7654800415039
2021-09-28,81.93592834472656
2021-09-29,80.61510467529297
2021-09-30,80.10640716552734
2021-10-01,80.83822631835938
2021-10-04,79.91007995605469
2021-10-05,80.5883560180664
2021-10-06,80.46341705322266
2021-10-07,81.80057525634766
2021-10-08,82.12364196777344
2021-10-11,82.2851791381836
2021-10-12,80.98390197753906
2021-10-13,80.9928970336914
2021-10-14,82.87749481201172
2021-10-15,84.73516845703125
2021-10-18,81.07363891601562
2021-10-19,81.49544525146484
2021-10-20,81.396728515625
2021-10-21,83.22747802734375
2021-10-22,83.46977996826172
2021-10-25,83.55055236816406
2021-10-26,81.36083984375
2021-10-27,79.3146743774414
2021-10-28,80.50827026367188
2021-10-29,80.14032745361328
2021-11-01,80.87621307373047
2021-11-02,81.00186920166016
2021-11-03,80.76851654052734
2021-11-04,81.396728515625
2021-11-05,81.71083068847656
2021-11-08,82.46465301513672
2021-11-09,82.38390350341797
2021-11-10,82.04288482666016
2021-11-11,82.50056457519531
2021-11-12,80.58006286621094
2021-11-15,79.74546813964844
2021-11-16,79.63777160644531
2021-11-17,78.9377670288086
2021-11-18,78.3634262084961
2021-11-19,77.1788101196289
2021-11-22,77.34931945800781
2021-11-23,77.8608627319336
2021-11-24,80.57108306884766
2021-11-26,79.2608413696289
2021-11-29,82.13261413574219
2021-11-30,79.76339721679688
2021-12-01,80.28392028808594
2021-12-02,80.93006134033203
2021-12-03,80.81339263916016
2021-12-06,79.15314483642578
2021-12-07,81.36978149414062
2021-12-08,80.59800720214844
2021-12-09,80.14930725097656
2021-12-10,80.15829467773438
2021-12-13,78.24674987792969
2021-12-14,77.93264770507812
2021-12-15,79.60184478759766
2021-12-16,79.1082763671875
2021-12-17,79.02749633789062
2021-12-20,78.5518798828125
2021-12-21,80.67877960205078
2021-12-22,80.67877960205078
2021-12-23,81.33389282226562
2021-12-27,83.76593780517578
2021-12-28,83.69412994384766
2021-12-29,83.62235260009766
2021-12-30,82.2851791381836
2021-12-31,82.55440521240234
2022-01-03,82.91338348388672
2022-01-04,84.53772735595703
2022-01-05,83.14671325683594
2022-01-06,84.13021087646484
2022-01-07,83.22792053222656
2022-01-10,84.09412384033203
2022-01-11,85.73631286621094
2022-01-12,85.44757080078125
2022-01-13,86.1513671875
2022-01-14,86.08821105957031
2022-01-18,84.20240020751953
2022-01-19,80.67442321777344
2022-01-20,79.22171783447266
2022-01-21,76.04562377929688
2022-01-24,78.06675720214844
2022-01-25,77.3449478149414
2022-01-26,76.3704605102539
2022-01-27,75.63960266113281
2022-01-28,77.93144226074219
2022-01-31,78.0577621459961
2022-02-01,78.5089111328125
2022-02-02,79.99769592285156
2022-02-03,79.36608123779297
2022-02-04,79.06831359863281
2022-02-07,78.79763793945312
2022-02-08,80.40371704101562
2022-02-09,82.74066925048828
2022-02-10,81.25188446044922
2022-02-11,80.37665557861328
2022-02-14,79.21270751953125
2022-02-15,81.63085174560547
2022-02-16,82.60533142089844
2022-02-17,82.1722183227539
2022-02-18,82.01883697509766
2022-02-22,77.70587921142578
2022-02-23,75.87418365478516
2022-02-24,71.54316711425781
2022-02-25,72.31013488769531
2022-02-28,70.7220458984375
2022-03-01,69.774658203125
2022-03-02,73.17632293701172
2022-03-03,72.8695297241211
2022-03-04,72.49959564208984
2022-03-07,70.93861389160156
2022-03-08,71.20932006835938
2022-03-09,72.88758850097656
2022-03-10,74.54782104492188
2022-03-11,75.88321685791016
2022-03-14,72.53569030761719
2022-03-15,74.07861328125
2022-03-16,76.5689697265625
2022-03-17,77.967529296875
2022-03-18,80.92707061767578
2022-03-21,79.85333251953125
2022-03-22,79.05028533935547
2022-03-23,78.6983871459961
2022-03-24,77.8682632446289
2022-03-25,77.3178939819336
2022-03-28,77.7238998413086
2022-03-29,79.51947021484375
2022-03-30,78.11189270019531
2022-03-31,74.89068603515625
2022-04-01,74.1688461303711
2022-04-04,75.47718811035156
2022-04-05,73.22142028808594
2022-04-06,72.01235961914062
2022-04-07,71.558349609375
2022-04-08,70.91368865966797
2022-04-11,70.02386474609375
2022-04-12,69.36104583740234
2022-04-13,70.16914367675781
2022-04-14,68.55294799804688
2022-04-18,69.14313507080078
2022-04-19,70.01480102539062
2022-04-20,71.50389099121094
2022-04-21,70.80474090576172
2022-04-22,69.01599884033203
2022-04-25,70.2780990600586
2022-04-26,68.56200408935547
2022-04-27,67.69940948486328
2022-04-28,68.09895324707031
2022-04-29,66.50997161865234
2022-05-02,67.1909408569336
2022-05-03,67.24542236328125
2022-05-04,69.64252471923828
2022-05-05,66.38286590576172
2022-05-06,66.27387237548828
2022-05-09,64.7575454711914
2022-05-10,66.3011245727539
2022-05-11,63.322940826416016
2022-05-12,63.26845169067383
2022-05-13,64.65766143798828
2022-05-16,64.9209976196289
2022-05-17,67.10016632080078
2022-05-18,64.22183990478516
2022-05-19,61.97911071777344
2022-05-20,60.50817489624024
2022-05-23,62.20611190795898
2022-05-24,61.1982421875
2022-05-25,63.050540924072266
2022-05-26,64.0039291381836
2022-05-27,66.3283920288086
2022-05-31,65.32958221435547
2022-06-01,65.83805847167969
2022-06-02,66.19217681884766
2022-06-03,64.56686401367188
2022-06-06,64.34896087646484
2022-06-07,64.88465118408203
2022-06-08,63.63164138793945
2022-06-09,61.5341911315918
2022-06-10,60.66254425048828
2022-06-13,58.5378532409668
2022-06-14,58.40165328979492
2022-06-15,59.40951156616211
2022-06-16,57.466426849365234
2022-06-17,57.89316940307617
2022-06-21,58.56509780883789
2022-06-22,58.746681213378906
2022-06-23,58.88288879394531
2022-06-24,60.66254425048828
2022-06-27,61.08020782470703
2022-06-28,59.60018157958984
2022-06-29,59.3459587097168
2022-06-30,59.23699569702149
2022-07-01,57.00335311889648
2022-07-05,58.310848236083984
2022-07-06,57.502742767333984
2022-07-07,59.29656982421875
2022-07-08,59.52536392211914
2022-07-11,58.93962097167969
2022-07-12,58.86640548706055
2022-07-13,58.83895492553711
2022-07-14,59.4796028137207
2022-07-15,60.35820770263672
2022-07-18,60.01043319702149
2022-07-19,62.51810836791992
2022-07-20,63.698726654052734
2022-07-21,64.54072570800781
2022-07-22,63.3875617980957
2022-07-25,63.30519104003906
2022-07-26,63.53399658203125
2022-07-27,64.58647918701172
2022-07-28,65.62982940673828
2022-07-29,65.28202056884766
2022-08-01,65.85863494873047
2022-08-02,65.31866455078125
2022-08-03,66.39860534667969
2022-08-04,65.99588775634766
2022-08-05,66.23387145996094
2022-08-08,66.4901351928711
2022-08-09,65.07154083251953
2022-08-10,67.08502197265625
2022-08-11,67.45108795166016
2022-08-12,68.5768051147461
2022-08-15,68.30223846435547
2022-08-16,68.43037414550781
2022-08-17,67.14909362792969
2022-08-18,69.0893325805664
2022-08-19,67.9910659790039
2022-08-22,66.837890625
2022-08-23,67.06669616699219
2022-08-24,66.64570617675781
2022-08-25,71.8990249633789
2022-08-26,68.60425567626953
2022-08-29,67.22228240966797
2022-08-30,66.1514892578125
2022-08-31,66.01421356201172
2022-09-01,66.04165649414062
2022-09-02,65.23628234863281
2022-09-06,64.70545196533203
2022-09-07,64.70545196533203
2022-09-08,65.35526275634766
2022-09-09,66.30708312988281
2022-09-12,67.1765365600586
2022-09-13,65.03494262695312
2022-09-14,64.3027572631836
2022-09-15,63.22282028198242
2022-09-16,62.85675048828125
2022-09-19,61.87746047973633
2022-09-20,60.67853164672852
2022-09-21,59.80908203125
2022-09-22,58.78404998779297
2022-09-23,58.08848571777344
2022-09-26,57.3014030456543
2022-09-27,57.22818374633789
2022-09-28,58.29898071289063
2022-09-29,57.60341644287109
2022-09-30,56.6058349609375
2022-10-03,58.7016830444336
2022-10-04,60.91647338867188
2022-10-05,61.49307632446289
2022-10-06,61.778907775878906
2022-10-07,60.93060302734375
2022-10-10,59.04957962036133
2022-10-11,57.22387313842773
2022-10-12,57.47283554077149
2022-10-13,59.11412811279297
2022-10-14,57.54659652709961
2022-10-17,58.24736404418945
2022-10-18,57.85087966918945
2022-10-19,57.435943603515625
2022-10-20,57.61113739013672
2022-10-21,60.48799896240234
2022-10-24,61.17033386230469
2022-10-25,62.56267929077149
2022-10-26,62.20306015014648
2022-10-27,62.212284088134766
2022-10-28,63.99188995361328
2022-10-31,63.872013092041016
2022-11-01,65.48564147949219
2022-11-02,63.503204345703125
2022-11-03,62.36903762817383
2022-11-04,63.42942810058594
2022-11-07,63.9826545715332
2022-11-08,64.02877044677734
2022-11-09,62.71022033691406
2022-11-10,66.30631256103516
2022-11-11,67.77238464355469
2022-11-14,67.47731018066406
2022-11-15,68.196533203125
2022-11-16,66.69355773925781
2022-11-17,67.18226623535156
2022-11-18,67.97525024414062
2022-11-21,66.86876678466797
2022-11-22,68.12278747558594
2022-11-23,68.84200286865234
2022-11-25,68.84200286865234
2022-11-28,66.91486358642578
2022-11-29,66.19562530517578
2022-11-30,62.34138107299805
2022-12-01,62.7655143737793
2022-12-02,61.25333023071289
2022-12-05,59.62126922607422
2022-12-06,58.16438293457031
2022-12-07,58.07217788696289
2022-12-08,58.93892288208008
2022-12-09,59.28009414672852
2022-12-12,60.20217514038086
2022-12-13,59.85177612304688
2022-12-14,59.37229919433594
2022-12-15,56.59686279296875
2022-12-16,55.61946487426758
2022-12-19,54.5775146484375
2022-12-20,54.8357048034668
2022-12-21,55.37050628662109
2022-12-22,54.37466049194336
2022-12-23,54.43920516967773
2022-12-27,54.44842529296875
2022-12-28,53.64622116088867
2022-12-29,55.40738296508789
2022-12-30,55.37971878051758
2023-01-03,56.052833557128906
2023-01-04,57.1039924621582
2023-01-05,57.01104736328125
2023-01-06,59.16767120361328
2023-01-09,59.30709838867188
2023-01-10,59.68822479248047
2023-01-11,59.91132354736328
2023-01-12,59.53949737548828
2023-01-13,60.10654830932617
2023-01-17,60.20878982543945
2023-01-18,60.385398864746094
2023-01-19,59.967098236083984
2023-01-20,60.859493255615234
2023-01-23,62.29103088378906
2023-01-24,62.15160369873047
2023-01-25,61.69611740112305
2023-01-26,61.15695571899414
2023-01-27,60.924564361572266
2023-01-30,60.89668655395508
2023-01-31,61.56597900390625
2023-02-01,62.38400650024414
2023-02-02,64.18738555908203
2023-02-03,62.85808563232422
2023-02-06,61.42654037475586
2023-02-07,62.67216873168945
2023-02-08,61.73331069946289
2023-02-09,61.34286880493164
2023-02-10,61.6682243347168
2023-02-13,62.95104598999024
2023-02-14,62.95104598999024
2023-02-15,63.871315002441406
2023-02-16,63.16484451293945
2023-02-17,62.66288375854492
2023-02-21,61.30569076538086
2023-02-22,61.19414520263672
2023-02-23,61.556678771972656
2023-02-24,60.77583312988281
2023-02-27,60.20878982543945
2023-02-28,60.00428771972656
2023-03-01,60.05076217651367
2023-03-02,60.5527458190918
2023-03-03,61.14767456054688
2023-03-06,60.75724411010742
2023-03-07,59.41865158081055
2023-03-08,60.29244995117188
2023-03-09,58.93527221679688
2023-03-10,57.83837127685547
2023-03-13,57.02962875366211
2023-03-14,56.815826416015625
2023-03-15,56.750755310058594
2023-03-16,57.615264892578125
2023-03-17,57.14118576049805
2023-03-20,58.53554153442383
2023-03-21,59.66963577270508
2023-03-22,57.21554946899414
2023-03-23,57.19696044921875
2023-03-24,56.76005935668945
2023-03-27,57.31779479980469
2023-03-28,56.499778747558594
2023-03-29,57.68033218383789
2023-03-30,58.16371536254883
2023-03-31,59.35358047485352
2023-04-03,59.66963577270508
2023-04-04,58.74005126953125
2023-04-05,58.85249328613281
2023-04-06,59.030521392822266
2023-04-10,60.951358795166016
2023-04-11,62.4036979675293
2023-04-12,62.21629333496094
2023-04-13,62.60047149658203
2023-04-14,62.16944122314453
2023-04-17,63.4156494140625
2023-04-18,63.678009033203125
2023-04-19,61.9820556640625
2023-04-20,59.36784362792969
2023-04-21,59.227298736572266
2023-04-24,59.31162643432617
2023-04-25,57.56882095336914
2023-04-26,58.44021224975586
2023-04-27,59.44280242919922
2023-04-28,58.92745590209961
2023-05-01,59.67705154418945
2023-05-02,58.30904006958008
2023-05-03,58.505802154541016
2023-05-04,58.5713996887207
2023-05-05,59.82696914672852
2023-05-08,59.96751022338867
2023-05-09,59.73326873779297
2023-05-10,59.28351211547852
2023-05-11,59.077369689941406
2023-05-12,59.16170501708984
2023-05-15,60.67026519775391
2023-05-16,60.01436996459961
2023-05-17,61.28868103027344
2023-05-18,62.34748458862305
2023-05-19,61.6728401184082
2023-05-22,62.90030288696289
2023-05-23,62.27251815795898
2023-05-24,62.07575225830078
2023-05-25,64.40885162353516
2023-05-26,65.43018341064453
2023-05-30,64.74617004394531
2023-05-31,62.16944122314453
2023-06-01,67.42597198486328
2023-06-02,66.50773620605469
2023-06-05,65.85183715820312
2023-06-06,65.64569854736328
2023-06-07,66.49837493896484
2023-06-08,65.89868927001953
2023-06-09,65.3177490234375
2023-06-12,66.91999053955078
2023-06-13,68.6440658569336
2023-06-14,68.68155670166016
2023-06-15,69.1125717163086
2023-06-16,69.68412780761719
2023-06-20,68.24115753173828
2023-06-21,68.07251739501953
2023-06-22,68.74714660644531
2023-06-23,68.59722137451172
2023-06-26,69.10320281982422
2023-06-27,70.25569152832031
2023-06-28,70.48992919921875
2023-06-29,71.35198211669922
2023-06-30,71.58622741699219
2023-07-03,71.63307189941406
2023-07-05,71.48314666748047
2023-07-06,71.42656707763672
2023-07-07,71.91700744628906
2023-07-10,73.37893676757812
2023-07-11,74.28437805175781
2023-07-12,72.95449829101562
2023-07-13,74.25608825683594
2023-07-14,73.44495391845703
2023-07-17,73.58642578125
2023-07-18,74.43529510498047
2023-07-19,74.80313110351562
2023-07-20,75.51994323730469
2023-07-21,74.99176788330078
2023-07-24,73.99199676513672
2023-07-25,74.56732940673828
2023-07-26,73.9448471069336
2023-07-27,73.78451538085938
2023-07-28,72.85075378417969
2023-07-31,73.57701110839844
2023-08-01,74.38813018798828
2023-08-02,74.00142669677734
2023-08-03,74.81256866455078
2023-08-04,73.3600845336914
2023-08-07,73.8410873413086
2023-08-08,73.46382141113281
2023-08-09,72.5395278930664
2023-08-10,72.47347259521484
2023-08-11,72.39804077148438
2023-08-14,72.10563659667969
2023-08-15,71.95474243164062
2023-08-16,71.12474060058594
2023-08-17,70.76634216308594
2023-08-18,71.0304183959961
2023-08-21,72.11508178710938
2023-08-22,72.1622543334961
2023-08-23,72.18110656738281
2023-08-24,71.23793029785156
2023-08-25,70.47395324707031
2023-08-28,71.6906509399414
2023-08-29,72.07736206054688
2023-08-30,72.08678436279297
2023-08-31,72.34144592285156
2023-09-01,73.19029998779297
2023-09-05,74.97288513183594
2023-09-06,75.37846374511719
2023-09-07,74.37870025634766
2023-09-08,74.59563446044922
2023-09-11,74.06745147705078
2023-09-12,73.86939239501953
2023-09-13,73.53927612304688
2023-09-14,74.0863265991211
2023-09-15,73.30348205566406
2023-09-18,71.84156799316406
2023-09-19,71.71896362304688
2023-09-20,71.75668334960938
2023-09-21,71.58689880371094
2023-09-22,71.70008087158203
2023-09-25,71.21907043457031
2023-09-26,70.59657287597656
2023-09-27,70.69088745117188
2023-09-28,71.91700744628906
2023-09-29,71.56803131103516
2023-10-02,71.49258422851562
2023-10-03,70.60601806640625
2023-10-04,71.04930877685547
2023-10-05,71.70442962646484
2023-10-06,71.65695190429688
2023-10-09,72.18867492675781
2023-10-10,72.1601791381836
2023-10-11,73.15714263916016
2023-10-12,72.09371948242188
2023-10-13,71.17273712158203
2023-10-16,72.11270141601562
2023-10-17,73.03369903564453
2023-10-18,71.9417953491211
2023-10-19,71.24869537353516
2023-10-20,70.53657531738281
2023-10-23,69.56810760498047
2023-10-24,70.10931396484375
2023-10-25,68.81802368164062
2023-10-26,67.82108306884766
2023-10-27,68.18187713623047
2023-10-30,67.5837173461914
2023-10-31,69.10286712646484
2023-11-01,69.6440658569336
2023-11-02,70.954345703125
2023-11-03,72.06523132324219
2023-11-06,71.98927307128906
2023-11-07,71.78038787841797
2023-11-08,71.9417953491211
2023-11-09,71.98927307128906
2023-11-10,73.24259185791016
2023-11-13,72.86279296875
2023-11-14,74.72377014160156
2023-11-15,74.93265533447266
2023-11-16,72.91026306152344
2023-11-17,73.60337829589844
2023-11-20,74.00215911865234
2023-11-21,73.51793670654297
2023-11-22,74.04962921142578
2023-11-24,74.38195037841797
2023-11-27,74.14458465576172
2023-11-28,74.16358184814453
2023-11-29,85.01608276367188
2023-11-30,86.77262115478516
2023-12-01,86.66817474365234
2023-12-04,85.74718475341797
2023-12-05,86.0035629272461
2023-12-06,84.88316345214844
2023-12-07,84.57933807373047
2023-12-08,84.87367248535156
2023-12-11,85.21548461914062
2023-12-12,83.74378204345703
2023-12-13,85.01608276367188
2023-12-14,84.70276641845703
2023-12-15,84.42740631103516
2023-12-18,85.16799926757812
2023-12-19,86.05101013183594
2023-12-20,84.43689727783203
2023-12-21,85.02557373046875
2023-12-22,84.88316345214844
2023-12-26,84.86416625976562
2023-12-27,84.12358093261719
2023-12-28,83.7532958984375
2023-12-29,83.70582580566406
2024-01-02,81.85432434082031
2024-01-03,81.94927215576172
2024-01-04,82.18804168701172
2024-01-05,81.24258422851562
2024-01-08,82.11163330078125
2024-01-09,82.19758605957031
2024-01-10,82.76104736328125
2024-01-11,83.03797912597656
2024-01-12,82.77059936523438
2024-01-16,82.09251403808594
2024-01-17,81.58636474609375
2024-01-18,82.57003021240234
2024-01-19,83.85929870605469
2024-01-22,84.63286590576172
2024-01-23,84.19356536865234
2024-01-24,84.69971466064453
2024-01-25,85.22496032714844
2024-01-26,84.0980453491211
2024-01-29,84.5086898803711
2024-01-30,84.94800567626953
2024-01-31,83.2767333984375
2024-02-01,83.51548767089844
2024-02-02,83.88794708251953
2024-02-05,83.2767333984375
2024-02-06,83.65874481201172
2024-02-07,83.30538940429688
2024-02-08,84.91934967041016
2024-02-09,85.8075180053711
2024-02-12,86.5810775756836
2024-02-13,83.31494140625
2024-02-14,83.81155395507812
2024-02-15,83.34358215332031
2024-02-16,81.85377502441406
2024-02-20,81.61502075195312
2024-02-21,80.7937240600586
2024-02-22,82.15938568115234
2024-02-23,83.4677505493164
2024-02-26,83.49640655517578
2024-02-27,83.24808502197266
2024-02-28,84.06940460205078
2024-02-29,85.1103515625
2024-03-01,100.57193756103516
2024-03-04,98.68103790283205
2024-03-05,98.06027221679688
2024-03-06,100.08489227294922
2024-03-07,99.55964660644533
2024-03-08,98.61416625976562
2024-03-11,98.14620971679688
2024-03-12,97.91703033447266
2024-03-13,98.5473403930664
2024-03-14,97.53502655029295
2024-03-15,97.7451171875
2024-03-18,97.21985626220705
2024-03-19,98.66192626953124
2024-03-20,99.7410888671875
2024-03-21,100.3427505493164
2024-03-22,100.01803588867188
2024-03-25,100.19949340820312
2024-03-26,100.00850677490234
2024-03-27,100.48600769042967
2024-03-28,100.24725341796876
2024-04-01,100.31409454345705
2024-04-02,100.00850677490234
2024-04-03,101.6893081665039
2024-04-04,100.55707550048828
2024-04-05,100.7969741821289
2024-04-08,101.5357894897461
2024-04-09,99.93340301513672
2024-04-10,98.44615173339844
2024-04-11,100.6146469116211
2024-04-12,97.68812561035156
2024-04-15,98.2254638671875
2024-04-16,98.38858795166016
2024-04-17,96.82459259033205
2024-04-18,96.08575439453124
2024-04-19,93.9844207763672
2024-04-22,93.94602966308594
2024-04-23,95.3948974609375
2024-04-24,96.00897216796876
2024-04-25,96.85336303710938
2024-04-26,97.2275619506836
2024-04-29,98.33100128173828
2024-04-30,98.07193756103516
2024-05-01,96.90133666992188
2024-05-02,97.9855728149414
2024-05-03,100.40355682373048
2024-05-06,103.57955169677734
2024-05-07,103.01343536376952
2024-05-08,105.04759979248048
2024-05-09,103.80023956298828
2024-05-10,104.10728454589844
2024-05-13,103.77146911621094
2024-05-14,104.62541198730467
2024-05-15,106.14144897460938
2024-05-16,105.30667877197266
2024-05-17,105.9975357055664
2024-05-20,107.73424530029295
2024-05-21,108.37711334228516
2024-05-22,109.49016571044922
2024-05-23,109.42300415039062
2024-05-24,110.98700714111328
2024-05-28,113.23226165771484
2024-05-29,112.74290466308594
2024-05-30,111.78338623046876
2024-05-31,115.55428314208984
2024-06-03,114.143798828125
2024-06-04,114.18218231201172
2024-06-05,117.3102035522461
2024-06-06,116.55218505859376
2024-06-07,116.08203125
2024-06-10,117.9338836669922
2024-06-11,120.3902359008789
2024-06-12,120.63971710205078
2024-06-13,122.14615631103516
2024-06-14,121.0618896484375
2024-06-17,120.9371566772461
2024-06-18,123.49906158447266
2024-06-20,122.30926513671876
2024-06-21,122.47237396240234
2024-06-24,121.26338958740234
2024-06-25,122.55874633789062
2024-06-26,123.23038482666016
2024-06-27,123.80612182617188
2024-06-28,123.58541870117188
2024-07-01,124.96711730957033
2024-07-02,124.62169647216795
2024-07-03,124.9863052368164
2024-07-05,124.36011505126952
2024-07-08,125.35237121582033
2024-07-09,127.25021362304688
2024-07-10,129.68751525878906
2024-07-11,126.64329528808594
2024-07-12,125.40055847167967
2024-07-15,125.60287475585938
2024-07-16,126.76852416992188
2024-07-17,122.7513198852539
2024-07-18,121.47004699707033
2024-07-19,121.59528350830078
2024-07-22,123.63760375976562
2024-07-23,124.46609497070312
2024-07-24,121.09432983398438
2024-07-25,120.95945739746094
2024-07-26,121.5278549194336
2024-07-29,120.4103546142578
2024-07-30,118.07902526855467
2024-07-31,122.3274383544922
2024-08-01,118.02120971679688
2024-08-02,114.68799591064452
2024-08-05,111.37403869628906
2024-08-06,112.79017639160156
2024-08-07,111.97132110595705
2024-08-08,114.85176849365234
2024-08-09,118.00194549560548
2024-08-12,118.4258270263672
2024-08-13,121.25811767578124
2024-08-14,122.45267486572266
2024-08-15,126.61438751220705
2024-08-16,125.71846771240234
2024-08-19,126.87451171875
2024-08-20,126.5758285522461
2024-08-21,128.52183532714844
2024-08-22,126.80705261230467
2024-08-23,128.24246215820312
2024-08-26,127.64518737792967
2024-08-27,128.24246215820312
2024-08-28,127.07679748535156
2024-08-29,114.8324966430664
2024-08-30,116.29681396484376
2024-09-03,114.5916519165039
2024-09-04,114.71688842773438
2024-09-05,112.53970336914062
2024-09-06,109.9964370727539
2024-09-09,110.40103149414062
2024-09-10,110.75748443603516
2024-09-11,111.41256713867188
2024-09-12,112.19288635253906
2024-09-13,113.0213851928711
2024-09-16,113.54159545898438
2024-09-17,114.67835998535156
2024-09-18,114.97699737548828
2024-09-19,115.68024444580078
2024-09-20,117.74183654785156
2024-09-23,118.41619873046876
2024-09-24,118.4450912475586
2024-09-25,117.22161865234376
2024-09-26,119.89012908935548
2024-09-27,116.79774475097656
2024-09-30,118.98458099365234
2024-10-01,116.86519622802734
2024-10-02,118.51253509521484
2024-10-03,118.21388244628906
2024-10-04,119.37483978271484
2024-10-07,119.84888458251952
2024-10-08,122.43202209472656
2024-10-09,123.12857818603516
2024-10-10,120.9131088256836
2024-10-11,122.7996597290039
2024-10-14,122.73193359375
2024-10-15,121.30008697509766
2024-10-16,121.7838134765625
2024-10-17,122.56746673583984
2024-10-18,122.41267395019533
2024-10-21,121.24203491210938
2024-10-22,115.8532943725586
2024-10-23,115.13736724853516
2024-10-24,115.94036102294922
2024-10-25,115.52436065673828
2024-10-28,116.49181365966795
2024-10-29,117.2947998046875
2024-10-30,114.8955078125
2024-10-31,111.55776977539062
2024-11-01,112.32207489013672
2024-11-04,111.69322204589844
2024-11-05,112.61229705810548
2024-11-06,117.1883773803711
2024-11-07,118.83306884765624
2024-11-08,119.97466278076172
2024-11-11,117.96234893798828
2024-11-12,116.9852294921875
2024-11-13,115.78556060791016
2024-11-14,114.22795867919922
2024-11-15,113.39594268798828
2024-11-18,115.45662689208984
2024-11-19,118.22356414794922
2024-11-20,119.43289184570312
2024-11-21,122.55779266357422
2024-11-22,118.35901641845705
2024-11-25,122.07405853271484
2024-11-26,125.3827667236328
2024-11-27,118.44608306884766
2024-11-29,118.64925384521484
2024-12-02,119.27809143066406
2024-12-03,120.61318969726562
2024-12-04,124.85066986083984
2024-12-05,124.59912109375
2024-12-06,126.84363555908205
2024-12-09,123.44784545898438
2024-12-10,117.27545928955078
2024-12-11,118.66859436035156
2024-12-12,119.4909439086914
2024-12-13,117.98170471191406
2024-12-16,121.99665069580078
2024-12-17,118.5041275024414
2024-12-18,114.48916625976562
2024-12-19,112.78645324707033
2024-12-20,114.59559631347656
2024-12-23,114.23762512207033
2024-12-24,114.972900390625
2024-12-26,114.49884796142578
2024-12-27,113.15408325195312
2024-12-30,112.69937133789062
2024-12-31,112.3027114868164
2025-01-02,112.14791870117188
2025-01-03,113.64452362060548
2025-01-06,114.67464447021484
2025-01-07,113.87775421142578
2025-01-08,114.7621078491211
2025-01-10,113.00311279296876
2025-01-13,111.6814422607422
2025-01-14,113.4015655517578
2025-01-15,115.99632263183594
2025-01-16,116.59886169433594
2025-01-17,118.6493911743164
2025-01-21,120.18486785888672
2025-01-22,122.49779510498048
2025-01-23,122.74076080322266
2025-01-24,122.44921112060548
2025-01-27,116.55026245117188
2025-01-28,116.16152954101562
2025-01-29,116.89039611816406
2025-01-30,118.98953247070312
2025-01-31,118.65910339355467
2025-02-03,116.34618377685548
2025-02-04,117.9982681274414
2025-02-05,120.23345184326172
2025-02-06,120.54443359375
2025-02-07,119.44628143310548
2025-02-10,119.5531768798828
2025-02-11,116.19068145751952
2025-02-12,114.57746887207033
2025-02-13,114.41226196289062
2025-02-14,115.70477294921876
2025-02-18,117.1236343383789
2025-02-19,121.02062225341795
2025-02-20,121.04006958007812
2025-02-21,120.96231842041016
2025-02-24,120.0196533203125
2025-02-25,119.16445922851562
2025-02-26,120.98174285888672
2025-02-27,114.8884506225586
2025-02-28,96.99725341796876
2025-03-03,93.03224182128906
2025-03-04,90.92339324951172
2025-03-05,92.1964874267578
2025-03-06,89.27130889892578
2025-03-07,91.12747192382812
2025-03-10,89.4559555053711
2025-03-11,88.3577880859375
2025-03-12,88.91172790527344
2025-03-13,87.52202606201172
2025-03-14,89.3879165649414
2025-03-17,90.65127563476562
2025-03-18,89.66002655029297
2025-03-19,90.89422607421876
2025-03-20,89.50452423095703
2025-03-21,89.65031433105469
2025-03-24,92.4394302368164
2025-03-25,91.7300033569336
2025-03-26,90.13621520996094
2025-03-27,88.52299499511719
2025-03-28,85.90880584716797
2025-03-31,85.36459350585938
2025-04-01,86.96808624267578
2025-04-02,87.93990325927734
2025-04-03,79.3101577758789
2025-04-04,74.42967987060547
2025-04-07,75.37838745117188
2025-04-08,74.46880340576172
2025-04-09,84.21018981933594
2025-04-10,80.47402954101562
2025-04-11,80.82613372802734
2025-04-14,81.45208740234375
2025-04-15,80.37623596191406
2025-04-16,79.56444549560547
2025-04-17,80.79679870605469
2025-04-21,79.88720703125
2025-04-22,80.64029693603516
2025-04-23,83.01697540283203
2025-04-24,86.23474884033203
2025-04-25,86.50860595703125
2025-04-28,86.06849670410156
2025-04-29,85.93156433105469
2025-04-30,87.78008270263672
2025-05-01,87.76051330566406
2025-05-02,90.30345153808594
2025-05-05,91.04676818847656
2025-05-06,90.2349853515625
2025-05-07,90.97830200195312
2025-05-08,92.3671417236328
2025-05-09,91.39887237548828
2025-05-12,96.26956176757812
2025-05-13,97.34540557861328
2025-05-14,97.46278381347656
2025-05-15,97.6290512084961
2025-05-16,98.3234634399414
2025-05-19,99.30152130126952
2025-05-20,98.84183502197266
2025-05-21,97.3845443725586
2025-05-22,97.58992767333984
2025-05-23,95.84899139404295
2025-05-27,98.16698455810548
2025-05-28,97.48234558105467
2025-05-29,97.03243255615234
2025-05-30,96.9835433959961
2025-06-02,96.6020965576172
2025-06-03,101.38477325439452
2025-06-04,101.4825668334961
2025-06-05,102.30413055419922
2025-06-06,103.91791534423828
2025-06-09,100.79793548583984
2025-06-10,100.26000213623048
2025-06-11,100.37737274169922
2025-06-12,100.68058013916016
2025-06-13,98.28433990478516
2025-06-16,101.91291046142578
2025-06-17,100.93486785888672
2025-06-18,100.49474334716795
2025-06-20,100.43606567382812
2025-06-23,101.98136901855467
2025-06-24,103.80055236816406
2025-06-25,102.87140655517578
2025-06-26,102.45084381103516
2025-06-27,103.3995590209961
2025-06-30,104.21134185791016
2025-07-01,104.34825897216795
2025-07-02,105.2480697631836
2025-07-03,105.41514587402344
2025-07-07,103.68541717529295
2025-07-08,104.8254623413086
2025-07-09,104.83528900146484
2025-07-10,104.58959197998048
2025-07-11,103.45936584472656
2025-07-14,102.86968994140624
2025-07-15,101.69033813476562
2025-07-16,102.36847686767578
2025-07-17,105.4053192138672
2025-07-18,106.5060577392578
2025-07-21,105.61170196533205
2025-07-22,103.1448745727539
2025-07-23,104.05887603759766
2025-07-24,102.85987091064452
2025-07-25,103.1350555419922
2025-07-28,105.07117462158205
2025-07-29,104.26526641845705
2025-07-30,102.899169921875
2025-07-31,102.33898162841795
2025-08-01,99.36109161376952
2025-08-04,101.4544677734375
2025-08-05,100.25545501708984
2025-08-06,101.55274200439452
2025-08-07,102.06379699707033
2025-08-08,104.3832015991211
2025-08-11,104.05887603759766
2025-08-12,105.92620086669922
2025-08-13,107.51834106445312
2025-08-14,107.6755828857422
2025-08-15,106.91883087158205
2025-08-18,107.02693939208984
2025-08-19,107.28246307373048
2025-08-20,106.55518341064452
2025-08-21,105.92620086669922
2025-08-22,108.61907196044922
2025-08-25,109.10064697265624
2025-08-26,107.52816009521484
2025-08-27,110.2013702392578
2025-08-28,115.2038345336914
2025-08-29,110.85002899169922
2025-09-02,113.38565826416016
2025-09-03,114.46673583984376
2025-09-04,116.78614807128906
2025-09-05,116.70751190185548
2025-09-08,119.0858917236328
2025-09-09,121.00235748291016
2025-09-10,121.40530395507812
2025-09-11,122.9384765625
2025-09-12,121.86721801757812
2025-09-15,122.02447509765624
2025-09-16,121.24805450439452
2025-09-17,121.78858947753906
2025-09-18,124.1866226196289
2025-09-19,123.00726318359376
2025-09-22,122.46672821044922
2025-09-23,121.3168487548828
2025-09-24,121.130126953125
2025-09-25,118.7026138305664
2025-09-26,117.81808471679688
2025-09-29,116.5306167602539
2025-09-30,116.42250061035156
2025-10-01,116.4618148803711
2025-10-02,118.00481414794922
2025-10-03,117.185546875
2025-10-06,118.8635711669922
2025-10-07,116.46498107910156
2025-10-08,120.24547576904295
2025-10-09,118.75498962402344
2025-10-10,112.4673309326172
2025-10-13,117.32373809814452
2025-10-14,118.9918975830078
2025-10-15,119.9000015258789
2025-10-16,117.85675811767578
2025-10-17,117.53102111816406
2025-10-20,115.72467041015624
2025-10-21,117.5408935546875
2025-10-22,115.2508773803711
2025-10-23,116.26756286621094
2025-10-24,115.13243103027344
2025-10-27,115.6753158569336
2025-10-28,114.411865234375
2025-10-29,112.64500427246094
2025-10-30,114.07626342773438
2025-10-31,116.25768280029295
2025-11-03,115.42855072021484
2025-11-04,111.87507629394533
2025-11-05,114.19470977783205
2025-11-06,112.29952239990234
2025-11-07,111.5098648071289
2025-11-10,111.04593658447266
2025-11-11,108.9928207397461
2025-11-12,110.12796020507812
2025-11-13,108.18341064453124
2025-11-14,108.0254898071289
2025-11-17,105.41960906982422
2025-11-18,105.0247802734375
2025-11-19,104.89645385742188
2025-11-20,101.9056167602539
2025-11-21,105.91314697265624
2025-11-24,107.55168914794922
2025-11-25,110.03912353515624
2025-11-26,107.83794403076172
2025-11-28,110.11808776855467
2025-12-01,110.81890869140624
2025-12-02,114.33289337158205
2025-12-03,113.17801666259766
2025-12-04,114.4908218383789
2025-12-05,115.75428009033205
2025-12-08,116.01091766357422
2025-12-09,115.78389739990234
2025-12-10,117.84688568115234
2025-12-11,117.57050323486328
2025-12-12,114.16510009765624
2025-12-15,112.6351318359375
2025-12-16,111.62830352783205
2025-12-17,109.52584075927734
2025-12-18,109.07178497314452
2025-12-19,110.45368957519533
2025-12-22,109.46662139892578
2025-12-23,108.42031860351562
2025-12-24,108.6374740600586
2025-12-26,109.08165740966795
2025-12-29,107.98600769042967
2025-12-30,107.01866149902344
2025-12-31,105.70586395263672
2026-01-02,105.60667419433594
2026-01-05,104.22794342041016
2026-01-06,105.75546264648438
2026-01-07,103.46418762207033
2026-01-08,104.6941375732422
2026-01-09,104.53543090820312
2026-01-12,106.1621322631836
2026-01-13,106.4101104736328
2026-01-14,106.79694366455078
2026-01-15,107.52102661132812
2026-01-16,102.9980010986328
2026-01-20,93.3469009399414
2026-01-21,96.30272674560548
2026-01-22,98.4452133178711
2026-01-23,96.63005828857422
2026-01-26,98.00878143310548
2026-01-27,99.0800323486328
2026-01-28,98.52457427978516
2026-01-29,97.53268432617188
2026-01-30,95.5687255859375
2026-02-02,96.66973114013672
2026-02-03,94.71570587158205
2026-02-04,99.71483612060548
2026-02-05,98.78245544433594
2026-02-06,102.5020523071289
2026-02-09,102.83929443359376
2026-02-10,104.7834014892578
2026-02-11,105.04129791259766
2026-02-12,97.42356872558594
2026-02-13,101.58951568603516
2026-02-17,100.2504653930664
2026-02-18,100.4984359741211
2026-02-19,100.77616119384766
2026-02-20,101.64903259277344
2026-02-23,99.71483612060548
2026-02-24,99.06019592285156
2026-02-25,101.05389404296876
2026-02-26,98.33611297607422
2026-02-27,98.22699737548828
2026-03-02,99.33792114257812
2026-03-03,97.98895263671876
2026-03-04,98.74279022216795
2026-03-05,101.2820281982422
2026-03-06,100.24053955078124
2026-03-09,99.794189453125
2026-03-10,96.12419128417967
2026-03-11,96.78876495361328
2026-03-12,96.14402770996094
2026-03-13,97.8600082397461
2026-03-16,101.41097259521484
2026-03-17,101.09356689453124
2026-03-18,99.95288848876952
2026-03-19,102.25408172607422
2026-03-20,100.2901382446289
2026-03-23,100.47859954833984
2026-03-24,103.46418762207033
2026-03-25,104.64453887939452
2026-03-26,103.6030502319336
2026-03-27,101.5101547241211
2026-03-30,100.35956573486328
2026-03-31,101.55975341796876
2026-04-01,101.2126007080078
2026-04-02,103.03704833984376
2026-04-06,100.59447479248048
2026-04-07,97.31443786621094
2026-04-08,99.1688003540039
2026-04-09,95.38030242919922
2026-04-10,95.63951873779295
2026-04-13,98.10204315185548
2026-04-14,98.5905532836914
2026-04-15,100.02619934082033
2026-04-16,103.36605072021484
2026-04-17,104.2134780883789
2026-04-20,106.46663665771484
2026-04-21,111.4614715576172
2026-04-22,110.68382263183594
2026-04-23,108.07176208496094
2026-04-24,108.38082122802734
2026-04-27,108.11164093017578
2026-04-28,107.9521255493164
2026-04-29,108.32100677490234
2026-04-30,110.43457794189452
2026-05-01,111.74061584472656
2026-05-04,110.60407257080078
2026-05-05,113.79438018798828
2026-05-06,111.40164184570312
2026-05-07,112.65782928466795
2026-05-08,117.64269256591795
2026-05-11,117.3735122680664
2026-05-12,115.8780517578125
2026-05-13,118.22093963623048
2026-05-14,119.5668487548828
2026-05-15,119.5668487548828
2026-05-18,120.2348175048828
2026-05-19,120.22484588623048
2026-05-20,118.60975646972656
2026-05-21,123.57466888427734
2026-05-22,138.93801879882812
2026-05-26,138.5292510986328
2026-05-27,142.3077850341797
2026-05-28,141.9687957763672
2026-05-29,173.76223754882812
2026-06-01,179.15585327148438
2026-06-02,175.108154296875
2026-06-03,180.5316925048828
2026-06-04,178.328369140625
2026-06-05,166.53419494628906
2026-06-08,169.79429626464844
2026-06-09,164.50038146972656
2026-06-10,160.17352294921875
2026-06-11,159.9840850830078
2026-06-12,161.12063598632812
2026-06-15,161.33001708984375
2026-06-16,160.77169799804688
2026-06-17,154.3412322998047
2026-06-18,159.2263946533203
2026-06-22,157.83062744140625
2026-06-23,157.3421173095703
2026-06-24,155.08895874023438
2026-06-25,154.12188720703125
2026-06-26,151.98837280273438
2026-06-29,154.59046936035156
2026-06-30,154.2913818359375
2026-07-01,155.90647888183594
2026-07-02,153.7031707763672
2026-07-06,163.0547637939453
2026-07-07,165.27801513671875
2026-07-08,164.89915466308594
2026-07-09,171.20999145507812
2026-07-10,168.8699951171875
2026-07-13,163.92999267578125
2026-07-14,174.5500030517578
2026-07-15,162.10000610351562
2026-07-16,159.69000244140625
2026-07-17,163.8800048828125
2026-07-20,161.16000366210938
2026-07-21,165.75999450683594
2026-07-22,166.5399932861328
2026-07-23,164.63999938964844
2026-07-24,167.74000549316406
2026-07-27,169.8000030517578
2026-07-28,174.52999877929688
2026-07-29,173.22999572753906
2026-07-30,173.97999572753906
2026-07-31,178.5
2026-08-03,182.9199981689453
2026-08-04,190.4600067138672
2026-08-05,186.6000061035156
2026-08-06,191.47999572753903
2026-08-07,189.5200042724609
2026-08-10,198.72000122070312
2026-08-11,198.47000122070312
2026-08-12,202.0500030517578
2026-08-13,204.9900054931641
2026-08-14,207.0800018310547
2026-08-17,204.1999969482422
2026-08-18,204.7100067138672
