date,close
1989-02-09,0.0912325233221054
1989-02-10,0.0912325233221054
1989-02-13,0.0847163349390029
1989-02-14,0.0847163349390029
1989-02-15,0.0847163349390029
1989-02-16,0.0847163349390029
1989-02-17,0.0977495610713958
1989-02-21,0.0977495610713958
1989-02-22,0.0977495610713958
1989-02-23,0.0912325233221054
1989-02-24,0.0912325233221054
1989-02-27,0.0912325233221054
1989-02-28,0.0912325233221054
1989-03-01,0.0912325233221054
1989-03-02,0.0912325233221054
1989-03-03,0.0912325233221054
1989-03-06,0.0912325233221054
1989-03-07,0.0912325233221054
1989-03-08,0.0912325233221054
1989-03-09,0.0912325233221054
1989-03-10,0.0912325233221054
1989-03-13,0.0912325233221054
1989-03-14,0.0912325233221054
1989-03-15,0.0912325233221054
1989-03-16,0.0912325233221054
1989-03-17,0.0912325233221054
1989-03-20,0.0912325233221054
1989-03-21,0.0912325233221054
1989-03-22,0.0912325233221054
1989-03-23,0.0912325233221054
1989-03-27,0.0912325233221054
1989-03-28,0.0912325233221054
1989-03-29,0.0847163349390029
1989-03-30,0.0847163349390029
1989-03-31,0.0847163349390029
1989-04-03,0.0847163349390029
1989-04-04,0.0847163349390029
1989-04-05,0.0847163349390029
1989-04-06,0.0847163349390029
1989-04-07,0.0847163349390029
1989-04-10,0.0847163349390029
1989-04-11,0.0847163349390029
1989-04-12,0.0847163349390029
1989-04-13,0.0847163349390029
1989-04-14,0.0847163349390029
1989-04-17,0.0781992897391319
1989-04-18,0.0781992897391319
1989-04-19,0.0781992897391319
1989-04-20,0.0781992897391319
1989-04-21,0.0781992897391319
1989-04-24,0.0716831088066101
1989-04-25,0.0716831088066101
1989-04-26,0.0716831088066101
1989-04-27,0.0716831088066101
1989-04-28,0.0716831088066101
1989-05-01,0.0716831088066101
1989-05-02,0.0716831088066101
1989-05-03,0.0716831088066101
1989-05-04,0.0716831088066101
1989-05-05,0.0716831088066101
1989-05-08,0.0716831088066101
1989-05-09,0.0716831088066101
1989-05-10,0.0716831088066101
1989-05-11,0.0716831088066101
1989-05-12,0.0716831088066101
1989-05-15,0.0684241726994514
1989-05-16,0.0684241726994514
1989-05-17,0.065166063606739
1989-05-18,0.065166063606739
1989-05-19,0.065166063606739
1989-05-22,0.065166063606739
1989-05-23,0.065166063606739
1989-05-24,0.065166063606739
1989-05-25,0.065166063606739
1989-05-26,0.0684241726994514
1989-05-30,0.0684241726994514
1989-05-31,0.0684241726994514
1989-06-01,0.0684241726994514
1989-06-02,0.0684241726994514
1989-06-05,0.0684241726994514
1989-06-06,0.0684241726994514
1989-06-07,0.0684241726994514
1989-06-08,0.0684241726994514
1989-06-09,0.0684241726994514
1989-06-12,0.0684241726994514
1989-06-13,0.0684241726994514
1989-06-14,0.0684241726994514
1989-06-15,0.0684241726994514
1989-06-16,0.0684241726994514
1989-06-19,0.0684241726994514
1989-06-20,0.0684241726994514
1989-06-21,0.0684241726994514
1989-06-22,0.0684241726994514
1989-06-23,0.0684241726994514
1989-06-26,0.0684241726994514
1989-06-27,0.0684241726994514
1989-06-28,0.0684241726994514
1989-06-29,0.0684241726994514
1989-06-30,0.0684241726994514
1989-07-03,0.0684241726994514
1989-07-05,0.0684241726994514
1989-07-06,0.0684241726994514
1989-07-07,0.0684241726994514
1989-07-10,0.0684241726994514
1989-07-11,0.0684241726994514
1989-07-12,0.0684241726994514
1989-07-13,0.0684241726994514
1989-07-14,0.0684241726994514
1989-07-17,0.0684241726994514
1989-07-18,0.0684241726994514
1989-07-19,0.0684241726994514
1989-07-20,0.0684241726994514
1989-07-21,0.0684241726994514
1989-07-24,0.0684241726994514
1989-07-25,0.0684241726994514
1989-07-26,0.0684241726994514
1989-07-27,0.0684241726994514
1989-07-28,0.0684241726994514
1989-07-31,0.0684241726994514
1989-08-01,0.0684241726994514
1989-08-02,0.0684241726994514
1989-08-03,0.0684241726994514
1989-08-04,0.0684241726994514
1989-08-07,0.0684241726994514
1989-08-08,0.0684241726994514
1989-08-09,0.0684241726994514
1989-08-10,0.0684241726994514
1989-08-11,0.0684241726994514
1989-08-14,0.0684241726994514
1989-08-15,0.0684241726994514
1989-08-16,0.0684241726994514
1989-08-17,0.0684241726994514
1989-08-18,0.0684241726994514
1989-08-21,0.0684241726994514
1989-08-22,0.0684241726994514
1989-08-23,0.0716831088066101
1989-08-24,0.0716831088066101
1989-08-25,0.0716831088066101
1989-08-28,0.0716831088066101
1989-08-29,0.0781992897391319
1989-08-30,0.0781992897391319
1989-08-31,0.0781992897391319
1989-09-01,0.0781992897391319
1989-09-05,0.0781992897391319
1989-09-06,0.0781992897391319
1989-09-07,0.0781992897391319
1989-09-08,0.0781992897391319
1989-09-11,0.0781992897391319
1989-09-12,0.0781992897391319
1989-09-13,0.0781992897391319
1989-09-14,0.0781992897391319
1989-09-15,0.0781992897391319
1989-09-18,0.0781992897391319
1989-09-19,0.0781992897391319
1989-09-20,0.0781992897391319
1989-09-21,0.0781992897391319
1989-09-22,0.0781992897391319
1989-09-25,0.0781992897391319
1989-09-26,0.0781992897391319
1989-09-27,0.0781992897391319
1989-09-28,0.0781992897391319
1989-09-29,0.0847163349390029
1989-10-02,0.0847163349390029
1989-10-03,0.0847163349390029
1989-10-04,0.0847163349390029
1989-10-05,0.0847163349390029
1989-10-06,0.0847163349390029
1989-10-09,0.0847163349390029
1989-10-10,0.0847163349390029
1989-10-11,0.0847163349390029
1989-10-12,0.0847163349390029
1989-10-13,0.0847163349390029
1989-10-16,0.0781992897391319
1989-10-17,0.0781992897391319
1989-10-18,0.0781992897391319
1989-10-19,0.0781992897391319
1989-10-20,0.0781992897391319
1989-10-23,0.0781992897391319
1989-10-24,0.0781992897391319
1989-10-25,0.0781992897391319
1989-10-26,0.0781992897391319
1989-10-27,0.0781992897391319
1989-10-30,0.0781992897391319
1989-10-31,0.0781992897391319
1989-11-01,0.0781992897391319
1989-11-02,0.065166063606739
1989-11-03,0.065166063606739
1989-11-06,0.065166063606739
1989-11-07,0.065166063606739
1989-11-08,0.065166063606739
1989-11-09,0.065166063606739
1989-11-10,0.065166063606739
1989-11-13,0.065166063606739
1989-11-14,0.0684241726994514
1989-11-15,0.0684241726994514
1989-11-16,0.0684241726994514
1989-11-17,0.0684241726994514
1989-11-20,0.0684241726994514
1989-11-21,0.0684241726994514
1989-11-22,0.0684241726994514
1989-11-24,0.0684241726994514
1989-11-27,0.0716831088066101
1989-11-28,0.0716831088066101
1989-11-29,0.0716831088066101
1989-11-30,0.0716831088066101
1989-12-01,0.0716831088066101
1989-12-04,0.0716831088066101
1989-12-05,0.0716831088066101
1989-12-06,0.0716831088066101
1989-12-07,0.0716831088066101
1989-12-08,0.0716831088066101
1989-12-11,0.0716831088066101
1989-12-12,0.0716831088066101
1989-12-13,0.0716831088066101
1989-12-14,0.0716831088066101
1989-12-15,0.0716831088066101
1989-12-18,0.0716831088066101
1989-12-19,0.0716831088066101
1989-12-20,0.0716831088066101
1989-12-21,0.0716831088066101
1989-12-22,0.0716831088066101
1989-12-26,0.0716831088066101
1989-12-27,0.0716831088066101
1989-12-28,0.0716831088066101
1989-12-29,0.0716831088066101
1990-01-02,0.0716831088066101
1990-01-03,0.0716831088066101
1990-01-04,0.0716831088066101
1990-01-05,0.0781992897391319
1990-01-08,0.0781992897391319
1990-01-09,0.0781992897391319
1990-01-10,0.0781992897391319
1990-01-11,0.0781992897391319
1990-01-12,0.0781992897391319
1990-01-15,0.0781992897391319
1990-01-16,0.0781992897391319
1990-01-17,0.0781992897391319
1990-01-18,0.0781992897391319
1990-01-19,0.0781992897391319
1990-01-22,0.0781992897391319
1990-01-23,0.0781992897391319
1990-01-24,0.0781992897391319
1990-01-25,0.0781992897391319
1990-01-26,0.0781992897391319
1990-01-29,0.0781992897391319
1990-01-30,0.0781992897391319
1990-01-31,0.0781992897391319
1990-02-01,0.0781992897391319
1990-02-02,0.0781992897391319
1990-02-05,0.0781992897391319
1990-02-06,0.0781992897391319
1990-02-07,0.0781992897391319
1990-02-08,0.0847163349390029
1990-02-09,0.0847163349390029
1990-02-12,0.0847163349390029
1990-02-13,0.0847163349390029
1990-02-14,0.0847163349390029
1990-02-15,0.0847163349390029
1990-02-16,0.0847163349390029
1990-02-20,0.0847163349390029
1990-02-21,0.0847163349390029
1990-02-22,0.0847163349390029
1990-02-23,0.0847163349390029
1990-02-26,0.0847163349390029
1990-02-27,0.0847163349390029
1990-02-28,0.0847163349390029
1990-03-01,0.0847163349390029
1990-03-02,0.0781992897391319
1990-03-05,0.0781992897391319
1990-03-06,0.0781992897391319
1990-03-07,0.0814574137330055
1990-03-08,0.0847163349390029
1990-03-09,0.0814574137330055
1990-03-12,0.0814574137330055
1990-03-13,0.0814574137330055
1990-03-14,0.0814574137330055
1990-03-15,0.0814574137330055
1990-03-16,0.0814574137330055
1990-03-19,0.0814574137330055
1990-03-20,0.0814574137330055
1990-03-21,0.0814574137330055
1990-03-22,0.0814574137330055
1990-03-23,0.0814574137330055
1990-03-26,0.0781992897391319
1990-03-27,0.0781992897391319
1990-03-28,0.0781992897391319
1990-03-29,0.0781992897391319
1990-03-30,0.0781992897391319
1990-04-02,0.0814574137330055
1990-04-03,0.0814574137330055
1990-04-04,0.0847163349390029
1990-04-05,0.0847163349390029
1990-04-06,0.0847163349390029
1990-04-09,0.0847163349390029
1990-04-10,0.0814574137330055
1990-04-11,0.0814574137330055
1990-04-12,0.0814574137330055
1990-04-16,0.0814574137330055
1990-04-17,0.0814574137330055
1990-04-18,0.0814574137330055
1990-04-19,0.0814574137330055
1990-04-20,0.0814574137330055
1990-04-23,0.0814574137330055
1990-04-24,0.0847163349390029
1990-04-25,0.0912325233221054
1990-04-26,0.0912325233221054
1990-04-27,0.0912325233221054
1990-04-30,0.0912325233221054
1990-05-01,0.0912325233221054
1990-05-02,0.0912325233221054
1990-05-03,0.0912325233221054
1990-05-04,0.0912325233221054
1990-05-07,0.0912325233221054
1990-05-08,0.0977495610713958
1990-05-09,0.1042657643556594
1990-05-10,0.1042657643556594
1990-05-11,0.0977495610713958
1990-05-14,0.0977495610713958
1990-05-15,0.0977495610713958
1990-05-16,0.0977495610713958
1990-05-17,0.0977495610713958
1990-05-18,0.1042657643556594
1990-05-21,0.1107827946543693
1990-05-22,0.1172989904880523
1990-05-23,0.1172989904880523
1990-05-24,0.1172989904880523
1990-05-25,0.1238160207867622
1990-05-29,0.1238160207867622
1990-05-30,0.1238160207867622
1990-05-31,0.1303321272134781
1990-06-01,0.1368491500616073
1990-06-04,0.1433653384447097
1990-06-05,0.1433653384447097
1990-06-06,0.1433653384447097
1990-06-07,0.1433653384447097
1990-06-08,0.1433653384447097
1990-06-11,0.1433653384447097
1990-06-12,0.1433653384447097
1990-06-13,0.1433653384447097
1990-06-14,0.1433653384447097
1990-06-15,0.1433653384447097
1990-06-18,0.1433653384447097
1990-06-19,0.1433653384447097
1990-06-20,0.1433653384447097
1990-06-21,0.1368491500616073
1990-06-22,0.1368491500616073
1990-06-25,0.1368491500616073
1990-06-26,0.1368491500616073
1990-06-27,0.1368491500616073
1990-06-28,0.1368491500616073
1990-06-29,0.1368491500616073
1990-07-02,0.1368491500616073
1990-07-03,0.1368491500616073
1990-07-05,0.1368491500616073
1990-07-06,0.1368491500616073
1990-07-09,0.1368491500616073
1990-07-10,0.1368491500616073
1990-07-11,0.1368491500616073
1990-07-12,0.1368491500616073
1990-07-13,0.1433653384447097
1990-07-16,0.1563985794782638
1990-07-17,0.1694318354129791
1990-07-18,0.1694318354129791
1990-07-19,0.1694318354129791
1990-07-20,0.1694318354129791
1990-07-23,0.1629155874252319
1990-07-24,0.1563985794782638
1990-07-25,0.1563985794782638
1990-07-26,0.1563985794782638
1990-07-27,0.1563985794782638
1990-07-30,0.1563985794782638
1990-07-31,0.1563985794782638
1990-08-01,0.1563985794782638
1990-08-02,0.1563985794782638
1990-08-03,0.1433653384447097
1990-08-06,0.1368491500616073
1990-08-07,0.1368491500616073
1990-08-08,0.1368491500616073
1990-08-09,0.1368491500616073
1990-08-10,0.1368491500616073
1990-08-13,0.1368491500616073
1990-08-14,0.1368491500616073
1990-08-15,0.1368491500616073
1990-08-16,0.1368491500616073
1990-08-17,0.1368491500616073
1990-08-20,0.1368491500616073
1990-08-21,0.1368491500616073
1990-08-22,0.1368491500616073
1990-08-23,0.1368491500616073
1990-08-24,0.1368491500616073
1990-08-27,0.1368491500616073
1990-08-28,0.1368491500616073
1990-08-29,0.1368491500616073
1990-08-30,0.1368491500616073
1990-08-31,0.1368491500616073
1990-09-04,0.1368491500616073
1990-09-05,0.1368491500616073
1990-09-06,0.1368491500616073
1990-09-07,0.1368491500616073
1990-09-10,0.1368491500616073
1990-09-11,0.1368491500616073
1990-09-12,0.1368491500616073
1990-09-13,0.1368491500616073
1990-09-14,0.1368491500616073
1990-09-17,0.1368491500616073
1990-09-18,0.1368491500616073
1990-09-19,0.1368491500616073
1990-09-20,0.1368491500616073
1990-09-21,0.1368491500616073
1990-09-24,0.1303321272134781
1990-09-25,0.1172989904880523
1990-09-26,0.1172989904880523
1990-09-27,0.1172989904880523
1990-09-28,0.1172989904880523
1990-10-01,0.1172989904880523
1990-10-02,0.1238160207867622
1990-10-03,0.1238160207867622
1990-10-04,0.1238160207867622
1990-10-05,0.1238160207867622
1990-10-08,0.1238160207867622
1990-10-09,0.1238160207867622
1990-10-10,0.1238160207867622
1990-10-11,0.1238160207867622
1990-10-12,0.1238160207867622
1990-10-15,0.1238160207867622
1990-10-16,0.1238160207867622
1990-10-17,0.1238160207867622
1990-10-18,0.1238160207867622
1990-10-19,0.1238160207867622
1990-10-22,0.1238160207867622
1990-10-23,0.1238160207867622
1990-10-24,0.1368491500616073
1990-10-25,0.1433653384447097
1990-10-26,0.1368491500616073
1990-10-29,0.1368491500616073
1990-10-30,0.1368491500616073
1990-10-31,0.1303321272134781
1990-11-01,0.1303321272134781
1990-11-02,0.1303321272134781
1990-11-05,0.1303321272134781
1990-11-06,0.1303321272134781
1990-11-07,0.1303321272134781
1990-11-08,0.1303321272134781
1990-11-09,0.1303321272134781
1990-11-12,0.1303321272134781
1990-11-13,0.1303321272134781
1990-11-14,0.1303321272134781
1990-11-15,0.1303321272134781
1990-11-16,0.1303321272134781
1990-11-19,0.1303321272134781
1990-11-20,0.1303321272134781
1990-11-21,0.1303321272134781
1990-11-23,0.1368491500616073
1990-11-26,0.1368491500616073
1990-11-27,0.1368491500616073
1990-11-28,0.1368491500616073
1990-11-29,0.1433653384447097
1990-11-30,0.1498824805021286
1990-12-03,0.1498824805021286
1990-12-04,0.1498824805021286
1990-12-05,0.1498824805021286
1990-12-06,0.1498824805021286
1990-12-07,0.1563985794782638
1990-12-10,0.1498824805021286
1990-12-11,0.1498824805021286
1990-12-12,0.1498824805021286
1990-12-13,0.1498824805021286
1990-12-14,0.1498824805021286
1990-12-17,0.1498824805021286
1990-12-18,0.1498824805021286
1990-12-19,0.1629155874252319
1990-12-20,0.1629155874252319
1990-12-21,0.1629155874252319
1990-12-24,0.1629155874252319
1990-12-26,0.1629155874252319
1990-12-27,0.1629155874252319
1990-12-28,0.1629155874252319
1990-12-31,0.1629155874252319
1991-01-02,0.1629155874252319
1991-01-03,0.1629155874252319
1991-01-04,0.1629155874252319
1991-01-07,0.1629155874252319
1991-01-08,0.1498824805021286
1991-01-09,0.1498824805021286
1991-01-10,0.1498824805021286
1991-01-11,0.1498824805021286
1991-01-14,0.1498824805021286
1991-01-15,0.1498824805021286
1991-01-16,0.1498824805021286
1991-01-17,0.1563985794782638
1991-01-18,0.1563985794782638
1991-01-21,0.1498824805021286
1991-01-22,0.1498824805021286
1991-01-23,0.1498824805021286
1991-01-24,0.1498824805021286
1991-01-25,0.1498824805021286
1991-01-28,0.1498824805021286
1991-01-29,0.1563985794782638
1991-01-30,0.1563985794782638
1991-01-31,0.1629155874252319
1991-02-01,0.1694318354129791
1991-02-04,0.1694318354129791
1991-02-05,0.1694318354129791
1991-02-06,0.1824650466442108
1991-02-07,0.1824650466442108
1991-02-08,0.1824650466442108
1991-02-11,0.1824650466442108
1991-02-12,0.1824650466442108
1991-02-13,0.1824650466442108
1991-02-14,0.1824650466442108
1991-02-15,0.1824650466442108
1991-02-19,0.1889820098876953
1991-02-20,0.1889820098876953
1991-02-21,0.1889820098876953
1991-02-22,0.2020152956247329
1991-02-25,0.2085315287113189
1991-02-26,0.2085315287113189
1991-02-27,0.2085315287113189
1991-02-28,0.2085315287113189
1991-03-01,0.2020152956247329
1991-03-04,0.2020152956247329
1991-03-05,0.2085315287113189
1991-03-06,0.2085315287113189
1991-03-07,0.215048536658287
1991-03-08,0.2280817478895187
1991-03-11,0.2280817478895187
1991-03-12,0.2280817478895187
1991-03-13,0.2280817478895187
1991-03-14,0.2280817478895187
1991-03-15,0.2280817478895187
1991-03-18,0.2280817478895187
1991-03-19,0.2280817478895187
1991-03-20,0.215048536658287
1991-03-21,0.2280817478895187
1991-03-22,0.2541480660438537
1991-03-25,0.2671813368797302
1991-03-26,0.2606642544269562
1991-03-27,0.2606642544269562
1991-03-28,0.2606642544269562
1991-04-01,0.2606642544269562
1991-04-02,0.2541480660438537
1991-04-03,0.2541480660438537
1991-04-04,0.2541480660438537
1991-04-05,0.2541480660438537
1991-04-08,0.2541480660438537
1991-04-09,0.2541480660438537
1991-04-10,0.2671813368797302
1991-04-11,0.2932477593421936
1991-04-12,0.3127971589565277
1991-04-15,0.3127971589565277
1991-04-16,0.2932477593421936
1991-04-17,0.2932477593421936
1991-04-18,0.2932477593421936
1991-04-19,0.2867306768894195
1991-04-22,0.2671813368797302
1991-04-23,0.2736975252628326
1991-04-24,0.2736975252628326
1991-04-25,0.2736975252628326
1991-04-26,0.2736975252628326
1991-04-29,0.2867306768894195
1991-04-30,0.2867306768894195
1991-05-01,0.2997640073299408
1991-05-02,0.2997640073299408
1991-05-03,0.3127971589565277
1991-05-06,0.3062810599803924
1991-05-07,0.2997640073299408
1991-05-08,0.2997640073299408
1991-05-09,0.3062810599803924
1991-05-10,0.3062810599803924
1991-05-13,0.2997640073299408
1991-05-14,0.2802146673202514
1991-05-15,0.2802146673202514
1991-05-16,0.2802146673202514
1991-05-17,0.2802146673202514
1991-05-20,0.2802146673202514
1991-05-21,0.2867306768894195
1991-05-22,0.2867306768894195
1991-05-23,0.2867306768894195
1991-05-24,0.2867306768894195
1991-05-28,0.2867306768894195
1991-05-29,0.2867306768894195
1991-05-30,0.2867306768894195
1991-05-31,0.2867306768894195
1991-06-03,0.2867306768894195
1991-06-04,0.2867306768894195
1991-06-05,0.2867306768894195
1991-06-06,0.2867306768894195
1991-06-07,0.2867306768894195
1991-06-10,0.2867306768894195
1991-06-11,0.2867306768894195
1991-06-12,0.2867306768894195
1991-06-13,0.3127971589565277
1991-06-14,0.3258303701877594
1991-06-17,0.319314181804657
1991-06-18,0.319314181804657
1991-06-19,0.319314181804657
1991-06-20,0.319314181804657
1991-06-21,0.319314181804657
1991-06-24,0.319314181804657
1991-06-25,0.319314181804657
1991-06-26,0.319314181804657
1991-06-27,0.3779632747173309
1991-06-28,0.3518967926502228
1991-07-01,0.3518967926502228
1991-07-02,0.3453806638717651
1991-07-03,0.3453806638717651
1991-07-05,0.3453806638717651
1991-07-08,0.3388636708259582
1991-07-09,0.3388636708259582
1991-07-10,0.3518967926502228
1991-07-11,0.3518967926502228
1991-07-12,0.3584139347076416
1991-07-15,0.3649300932884216
1991-07-16,0.3649300932884216
1991-07-17,0.3649300932884216
1991-07-18,0.3649300932884216
1991-07-19,0.3649300932884216
1991-07-22,0.3649300932884216
1991-07-23,0.3649300932884216
1991-07-24,0.3649300932884216
1991-07-25,0.3649300932884216
1991-07-26,0.3649300932884216
1991-07-29,0.3649300932884216
1991-07-30,0.3649300932884216
1991-07-31,0.3649300932884216
1991-08-01,0.3714470863342285
1991-08-02,0.3779632747173309
1991-08-05,0.4105467498302459
1991-08-06,0.4170630574226379
1991-08-07,0.4170630574226379
1991-08-08,0.4300962388515472
1991-08-09,0.4366130828857422
1991-08-12,0.456162691116333
1991-08-13,0.4496463239192962
1991-08-14,0.4496463239192962
1991-08-15,0.456162691116333
1991-08-16,0.4496463239192962
1991-08-19,0.4235800206661224
1991-08-20,0.4757129848003387
1991-08-21,0.5408786535263062
1991-08-22,0.5082953572273254
1991-08-23,0.5213285088539124
1991-08-26,0.5213285088539124
1991-08-27,0.5213285088539124
1991-08-28,0.5213285088539124
1991-08-29,0.5213285088539124
1991-08-30,0.5213285088539124
1991-09-03,0.5213285088539124
1991-09-04,0.5213285088539124
1991-09-05,0.4952623844146728
1991-09-06,0.4626795649528503
1991-09-09,0.4366130828857422
1991-09-10,0.4105467498302459
1991-09-11,0.4235800206661224
1991-09-12,0.4626795649528503
1991-09-13,0.4626795649528503
1991-09-16,0.4952623844146728
1991-09-17,0.4952623844146728
1991-09-18,0.5213285088539124
1991-09-19,0.534361720085144
1991-09-20,0.5213285088539124
1991-09-23,0.5278456807136536
1991-09-24,0.5082953572273254
1991-09-25,0.4952623844146728
1991-09-26,0.5017791390419006
1991-09-27,0.5017791390419006
1991-09-30,0.5017791390419006
1991-10-01,0.5082953572273254
1991-10-02,0.5213285088539124
1991-10-03,0.5213285088539124
1991-10-04,0.5213285088539124
1991-10-07,0.5082953572273254
1991-10-08,0.5082953572273254
1991-10-09,0.5082953572273254
1991-10-10,0.5017791390419006
1991-10-11,0.5017791390419006
1991-10-14,0.5082953572273254
1991-10-15,0.5539121031761169
1991-10-16,0.5864946246147156
1991-10-17,0.5734613537788391
1991-10-18,0.5864946246147156
1991-10-21,0.5930119156837463
1991-10-22,0.5930119156837463
1991-10-23,0.5995280146598816
1991-10-24,0.5604284405708313
1991-10-25,0.5278456807136536
1991-10-28,0.5408786535263062
1991-10-29,0.5734613537788391
1991-10-30,0.5995280146598816
1991-10-31,0.6125612854957581
1991-11-01,0.6125612854957581
1991-11-04,0.6125612854957581
1991-11-05,0.5930119156837463
1991-11-06,0.5995280146598816
1991-11-07,0.6321114301681519
1991-11-08,0.6321114301681519
1991-11-11,0.6386276483535767
1991-11-12,0.6842443943023682
1991-11-13,0.6777273416519165
1991-11-14,0.6386276483535767
1991-11-15,0.5799784660339355
1991-11-18,0.5539121031761169
1991-11-19,0.5082953572273254
1991-11-20,0.5408786535263062
1991-11-21,0.5604284405708313
1991-11-22,0.5539121031761169
1991-11-25,0.5539121031761169
1991-11-26,0.5539121031761169
1991-11-27,0.5539121031761169
1991-11-29,0.5539121031761169
1991-12-02,0.534361720085144
1991-12-03,0.5213285088539124
1991-12-04,0.5148123502731323
1991-12-05,0.534361720085144
1991-12-06,0.5604284405708313
1991-12-09,0.6125612854957581
1991-12-10,0.6190778613090515
1991-12-11,0.5995280146598816
1991-12-12,0.5864946246147156
1991-12-13,0.5864946246147156
1991-12-16,0.5864946246147156
1991-12-17,0.5864946246147156
1991-12-18,0.5734613537788391
1991-12-19,0.5734613537788391
1991-12-20,0.534361720085144
1991-12-23,0.534361720085144
1991-12-24,0.534361720085144
1991-12-26,0.5604284405708313
1991-12-27,0.6125612854957581
1991-12-30,0.6386276483535767
1991-12-31,0.6646941304206848
1992-01-02,0.6516607403755188
1992-01-03,0.6516607403755188
1992-01-06,0.6516607403755188
1992-01-07,0.6516607403755188
1992-01-08,0.6516607403755188
1992-01-09,0.6777273416519165
1992-01-10,0.6907604336738586
1992-01-13,0.6907604336738586
1992-01-14,0.6646941304206848
1992-01-15,0.6646941304206848
1992-01-16,0.6516607403755188
1992-01-17,0.6386276483535767
1992-01-20,0.6386276483535767
1992-01-21,0.6386276483535767
1992-01-22,0.6386276483535767
1992-01-23,0.6386276483535767
1992-01-24,0.6386276483535767
1992-01-27,0.6646941304206848
1992-01-28,0.6516607403755188
1992-01-29,0.6386276483535767
1992-01-30,0.6125612854957581
1992-01-31,0.6125612854957581
1992-02-03,0.6125612854957581
1992-02-04,0.5995280146598816
1992-02-05,0.6125612854957581
1992-02-06,0.6125612854957581
1992-02-07,0.6646941304206848
1992-02-10,0.6255943179130554
1992-02-11,0.6125612854957581
1992-02-12,0.6255943179130554
1992-02-13,0.6255943179130554
1992-02-14,0.6125612854957581
1992-02-18,0.6125612854957581
1992-02-19,0.6255943179130554
1992-02-20,0.6386276483535767
1992-02-21,0.6255943179130554
1992-02-24,0.6255943179130554
1992-02-25,0.6255943179130554
1992-02-26,0.6255943179130554
1992-02-27,0.6255943179130554
1992-02-28,0.6255943179130554
1992-03-02,0.6125612854957581
1992-03-03,0.6125612854957581
1992-03-04,0.6125612854957581
1992-03-05,0.5995280146598816
1992-03-06,0.5995280146598816
1992-03-09,0.5604284405708313
1992-03-10,0.5604284405708313
1992-03-11,0.5473950505256653
1992-03-12,0.5473950505256653
1992-03-13,0.5864946246147156
1992-03-16,0.5995280146598816
1992-03-17,0.6125612854957581
1992-03-18,0.5995280146598816
1992-03-19,0.5995280146598816
1992-03-20,0.5734613537788391
1992-03-23,0.5473950505256653
1992-03-24,0.534361720085144
1992-03-25,0.5213285088539124
1992-03-26,0.4952623844146728
1992-03-27,0.4952623844146728
1992-03-30,0.4952623844146728
1992-03-31,0.4952623844146728
1992-04-01,0.4952623844146728
1992-04-02,0.5082953572273254
1992-04-03,0.5082953572273254
1992-04-06,0.5082953572273254
1992-04-07,0.4691959619522095
1992-04-08,0.4431294202804565
1992-04-09,0.456162691116333
1992-04-10,0.4822292625904083
1992-04-13,0.5213285088539124
1992-04-14,0.5213285088539124
1992-04-15,0.5213285088539124
1992-04-16,0.5213285088539124
1992-04-20,0.4952623844146728
1992-04-21,0.456162691116333
1992-04-22,0.4691959619522095
1992-04-23,0.4691959619522095
1992-04-24,0.4691959619522095
1992-04-27,0.4691959619522095
1992-04-28,0.456162691116333
1992-04-29,0.4496463239192962
1992-04-30,0.4822292625904083
1992-05-01,0.4952623844146728
1992-05-04,0.4952623844146728
1992-05-05,0.4952623844146728
1992-05-06,0.5213285088539124
1992-05-07,0.534361720085144
1992-05-08,0.5604284405708313
1992-05-11,0.5604284405708313
1992-05-12,0.5473950505256653
1992-05-13,0.5473950505256653
1992-05-14,0.5473950505256653
1992-05-15,0.5213285088539124
1992-05-18,0.5213285088539124
1992-05-19,0.5213285088539124
1992-05-20,0.5213285088539124
1992-05-21,0.5213285088539124
1992-05-22,0.5213285088539124
1992-05-26,0.534361720085144
1992-05-27,0.5473950505256653
1992-05-28,0.5734613537788391
1992-05-29,0.5734613537788391
1992-06-01,0.5604284405708313
1992-06-02,0.5734613537788391
1992-06-03,0.5734613537788391
1992-06-04,0.5604284405708313
1992-06-05,0.5604284405708313
1992-06-08,0.5604284405708313
1992-06-09,0.534361720085144
1992-06-10,0.5082953572273254
1992-06-11,0.5082953572273254
1992-06-12,0.5082953572273254
1992-06-15,0.534361720085144
1992-06-16,0.4952623844146728
1992-06-17,0.534361720085144
1992-06-18,0.4952623844146728
1992-06-19,0.4952623844146728
1992-06-22,0.4691959619522095
1992-06-23,0.4822292625904083
1992-06-24,0.4757129848003387
1992-06-25,0.4691959619522095
1992-06-26,0.4822292625904083
1992-06-29,0.4822292625904083
1992-06-30,0.4691959619522095
1992-07-01,0.4691959619522095
1992-07-02,0.4691959619522095
1992-07-06,0.4757129848003387
1992-07-07,0.4691959619522095
1992-07-08,0.4952623844146728
1992-07-09,0.4952623844146728
1992-07-10,0.4822292625904083
1992-07-13,0.4952623844146728
1992-07-14,0.5082953572273254
1992-07-15,0.534361720085144
1992-07-16,0.5604284405708313
1992-07-17,0.5213285088539124
1992-07-20,0.5278456807136536
1992-07-21,0.534361720085144
1992-07-22,0.5278456807136536
1992-07-23,0.5278456807136536
1992-07-24,0.5148123502731323
1992-07-27,0.5148123502731323
1992-07-28,0.534361720085144
1992-07-29,0.5408786535263062
1992-07-30,0.5473950505256653
1992-07-31,0.5734613537788391
1992-08-03,0.5734613537788391
1992-08-04,0.5734613537788391
1992-08-05,0.5278456807136536
1992-08-06,0.5278456807136536
1992-08-07,0.5734613537788391
1992-08-10,0.5473950505256653
1992-08-11,0.5734613537788391
1992-08-12,0.5539121031761169
1992-08-13,0.5734613537788391
1992-08-14,0.5669453740119934
1992-08-17,0.5799784660339355
1992-08-18,0.5995280146598816
1992-08-19,0.5995280146598816
1992-08-20,0.5734613537788391
1992-08-21,0.5734613537788391
1992-08-24,0.5995280146598816
1992-08-25,0.5995280146598816
1992-08-26,0.5995280146598816
1992-08-27,0.5995280146598816
1992-08-28,0.5995280146598816
1992-08-31,0.5995280146598816
1992-09-01,0.6125612854957581
1992-09-02,0.6386276483535767
1992-09-03,0.6255943179130554
1992-09-04,0.6255943179130554
1992-09-08,0.6125612854957581
1992-09-09,0.6190778613090515
1992-09-10,0.6386276483535767
1992-09-11,0.6255943179130554
1992-09-14,0.6321114301681519
1992-09-15,0.6646941304206848
1992-09-16,0.6255943179130554
1992-09-17,0.6516607403755188
1992-09-18,0.6255943179130554
1992-09-21,0.6516607403755188
1992-09-22,0.6386276483535767
1992-09-23,0.6777273416519165
1992-09-24,0.6386276483535767
1992-09-25,0.6386276483535767
1992-09-28,0.6516607403755188
1992-09-29,0.6516607403755188
1992-09-30,0.6646941304206848
1992-10-01,0.6777273416519165
1992-10-02,0.6646941304206848
1992-10-05,0.6386276483535767
1992-10-06,0.6581778526306152
1992-10-07,0.6386276483535767
1992-10-08,0.6646941304206848
1992-10-09,0.6516607403755188
1992-10-12,0.6386276483535767
1992-10-13,0.6386276483535767
1992-10-14,0.6646941304206848
1992-10-15,0.6646941304206848
1992-10-16,0.6581778526306152
1992-10-19,0.6451447010040283
1992-10-20,0.6516607403755188
1992-10-21,0.6907604336738586
1992-10-22,0.7037935853004456
1992-10-23,0.7428933382034302
1992-10-26,0.7559265494346619
1992-10-27,0.7168269157409668
1992-10-28,0.7037935853004456
1992-10-29,0.7428933382034302
1992-10-30,0.7298601865768433
1992-11-02,0.7559265494346619
1992-11-03,0.7428933382034302
1992-11-04,0.7559265494346619
1992-11-05,0.7428933382034302
1992-11-06,0.7819932103157043
1992-11-09,0.7950262427330017
1992-11-10,0.8145765066146851
1992-11-11,0.8080595135688782
1992-11-12,0.8080595135688782
1992-11-13,0.8080595135688782
1992-11-16,0.7950262427330017
1992-11-17,0.7885099649429321
1992-11-18,0.7819932103157043
1992-11-19,0.7819932103157043
1992-11-20,0.7819932103157043
1992-11-23,0.7819932103157043
1992-11-24,0.7950262427330017
1992-11-25,0.8080595135688782
1992-11-27,0.8341261148452759
1992-11-30,0.8210924863815308
1992-12-01,0.7950262427330017
1992-12-02,0.7819932103157043
1992-12-03,0.8015432357788086
1992-12-04,0.8080595135688782
1992-12-07,0.8210924863815308
1992-12-08,0.8210924863815308
1992-12-09,0.8080595135688782
1992-12-10,0.8080595135688782
1992-12-11,0.7819932103157043
1992-12-14,0.7819932103157043
1992-12-15,0.7559265494346619
1992-12-16,0.7559265494346619
1992-12-17,0.7950262427330017
1992-12-18,0.7819932103157043
1992-12-21,0.8210924863815308
1992-12-22,0.8210924863815308
1992-12-23,0.9058090448379515
1992-12-24,0.912325382232666
1992-12-28,0.8862588405609131
1992-12-29,0.912325382232666
1992-12-30,0.912325382232666
1992-12-31,0.8862588405609131
1993-01-04,0.8992918133735657
1993-01-05,0.8732254505157471
1993-01-06,0.8732254505157471
1993-01-07,0.866709291934967
1993-01-08,0.8992918133735657
1993-01-11,0.8732254505157471
1993-01-12,0.8732254505157471
1993-01-13,0.912325382232666
1993-01-14,0.8927758932113647
1993-01-15,0.912325382232666
1993-01-18,0.912325382232666
1993-01-19,0.912325382232666
1993-01-20,0.938391923904419
1993-01-21,0.9644585251808168
1993-01-22,0.938391923904419
1993-01-25,0.938391923904419
1993-01-26,0.9318757653236388
1993-01-27,0.8992918133735657
1993-01-28,0.8992918133735657
1993-01-29,0.8992918133735657
1993-02-01,0.912325382232666
1993-02-02,0.938391923904419
1993-02-03,0.9644585251808168
1993-02-04,0.938391923904419
1993-02-05,0.9318757653236388
1993-02-08,0.9253585338592528
1993-02-09,0.938391923904419
1993-02-10,0.8471593260765076
1993-02-11,0.8536759614944458
1993-02-12,0.8471593260765076
1993-02-16,0.7950262427330017
1993-02-17,0.7819932103157043
1993-02-18,0.7689595222473145
1993-02-19,0.7819932103157043
1993-02-22,0.6972777247428894
1993-02-23,0.7689595222473145
1993-02-24,0.7559265494346619
1993-02-25,0.7559265494346619
1993-02-26,0.7819932103157043
1993-03-01,0.7559265494346619
1993-03-02,0.7754768133163452
1993-03-03,0.7754768133163452
1993-03-04,0.7819932103157043
1993-03-05,0.7819932103157043
1993-03-08,0.7689595222473145
1993-03-09,0.7754768133163452
1993-03-10,0.7950262427330017
1993-03-11,0.7754768133163452
1993-03-12,0.7624437212944031
1993-03-15,0.7689595222473145
1993-03-16,0.7689595222473145
1993-03-17,0.7428933382034302
1993-03-18,0.7950262427330017
1993-03-19,0.7950262427330017
1993-03-22,0.7754768133163452
1993-03-23,0.7428933382034302
1993-03-24,0.7819932103157043
1993-03-25,0.7819932103157043
1993-03-26,0.7819932103157043
1993-03-29,0.7819932103157043
1993-03-30,0.7559265494346619
1993-03-31,0.7819932103157043
1993-04-01,0.7559265494346619
1993-04-02,0.7559265494346619
1993-04-05,0.7754768133163452
1993-04-06,0.7559265494346619
1993-04-07,0.7819932103157043
1993-04-08,0.7819932103157043
1993-04-12,0.7819932103157043
1993-04-13,0.7298601865768433
1993-04-14,0.7428933382034302
1993-04-15,0.7168269157409668
1993-04-16,0.7428933382034302
1993-04-19,0.7037935853004456
1993-04-20,0.6907604336738586
1993-04-21,0.7168269157409668
1993-04-22,0.7428933382034302
1993-04-23,0.7428933382034302
1993-04-26,0.7168269157409668
1993-04-27,0.7168269157409668
1993-04-28,0.7298601865768433
1993-04-29,0.7298601865768433
1993-04-30,0.7428933382034302
1993-05-03,0.7819932103157043
1993-05-04,0.7037935853004456
1993-05-05,0.7428933382034302
1993-05-06,0.7689595222473145
1993-05-07,0.7428933382034302
1993-05-10,0.7168269157409668
1993-05-11,0.7168269157409668
1993-05-12,0.7298601865768433
1993-05-13,0.7168269157409668
1993-05-14,0.7428933382034302
1993-05-17,0.7168269157409668
1993-05-18,0.7168269157409668
1993-05-19,0.7428933382034302
1993-05-20,0.7168269157409668
1993-05-21,0.7168269157409668
1993-05-24,0.7168269157409668
1993-05-25,0.7168269157409668
1993-05-26,0.7428933382034302
1993-05-27,0.7168269157409668
1993-05-28,0.7298601865768433
1993-06-01,0.7428933382034302
1993-06-02,0.7168269157409668
1993-06-03,0.7428933382034302
1993-06-04,0.7298601865768433
1993-06-07,0.7037935853004456
1993-06-08,0.7037935853004456
1993-06-09,0.6907604336738586
1993-06-10,0.6907604336738586
1993-06-11,0.6907604336738586
1993-06-14,0.6907604336738586
1993-06-15,0.7298601865768433
1993-06-16,0.7037935853004456
1993-06-17,0.7298601865768433
1993-06-18,0.6386276483535767
1993-06-21,0.6777273416519165
1993-06-22,0.7037935853004456
1993-06-23,0.6907604336738586
1993-06-24,0.7103105187416077
1993-06-25,0.7037935853004456
1993-06-28,0.7559265494346619
1993-06-29,0.7950262427330017
1993-06-30,0.7689595222473145
1993-07-01,0.7689595222473145
1993-07-02,0.7689595222473145
1993-07-06,0.7950262427330017
1993-07-07,0.7754768133163452
1993-07-08,0.7559265494346619
1993-07-09,0.7819932103157043
1993-07-12,0.7559265494346619
1993-07-13,0.7819932103157043
1993-07-14,0.7559265494346619
1993-07-15,0.7819932103157043
1993-07-16,0.7428933382034302
1993-07-19,0.7819932103157043
1993-07-20,0.7428933382034302
1993-07-21,0.7819932103157043
1993-07-22,0.7559265494346619
1993-07-23,0.7559265494346619
1993-07-26,0.7428933382034302
1993-07-27,0.7819932103157043
1993-07-28,0.7689595222473145
1993-07-29,0.7819932103157043
1993-07-30,0.7428933382034302
1993-08-02,0.7885099649429321
1993-08-03,0.7689595222473145
1993-08-04,0.7950262427330017
1993-08-05,0.7689595222473145
1993-08-06,0.7819932103157043
1993-08-09,0.7819932103157043
1993-08-10,0.7689595222473145
1993-08-11,0.7689595222473145
1993-08-12,0.7689595222473145
1993-08-13,0.7819932103157043
1993-08-16,0.7819932103157043
1993-08-17,0.7168269157409668
1993-08-18,0.7298601865768433
1993-08-19,0.7298601865768433
1993-08-20,0.7103105187416077
1993-08-23,0.7298601865768433
1993-08-24,0.7037935853004456
1993-08-25,0.7819932103157043
1993-08-26,0.7950262427330017
1993-08-27,0.8080595135688782
1993-08-30,0.7819932103157043
1993-08-31,0.7950262427330017
1993-09-01,0.7950262427330017
1993-09-02,0.8341261148452759
1993-09-03,0.8210924863815308
1993-09-07,0.8080595135688782
1993-09-08,0.8015432357788086
1993-09-09,0.8276095986366272
1993-09-10,0.8471593260765076
1993-09-13,0.8210924863815308
1993-09-14,0.8210924863815308
1993-09-15,0.7950262427330017
1993-09-16,0.7819932103157043
1993-09-17,0.7689595222473145
1993-09-20,0.7689595222473145
1993-09-21,0.7950262427330017
1993-09-22,0.8080595135688782
1993-09-23,0.7950262427330017
1993-09-24,0.7950262427330017
1993-09-27,0.7689595222473145
1993-09-28,0.7950262427330017
1993-09-29,0.8210924863815308
1993-09-30,0.7950262427330017
1993-10-01,0.7819932103157043
1993-10-04,0.7689595222473145
1993-10-05,0.7298601865768433
1993-10-06,0.7168269157409668
1993-10-07,0.6842443943023682
1993-10-08,0.6777273416519165
1993-10-11,0.6777273416519165
1993-10-12,0.6712111830711365
1993-10-13,0.6386276483535767
1993-10-14,0.6516607403755188
1993-10-15,0.6907604336738586
1993-10-18,0.6777273416519165
1993-10-19,0.6777273416519165
1993-10-20,0.6777273416519165
1993-10-21,0.6646941304206848
1993-10-22,0.6516607403755188
1993-10-25,0.6581778526306152
1993-10-26,0.6646941304206848
1993-10-27,0.6386276483535767
1993-10-28,0.6777273416519165
1993-10-29,0.6907604336738586
1993-11-01,0.6646941304206848
1993-11-02,0.6777273416519165
1993-11-03,0.7037935853004456
1993-11-04,0.7037935853004456
1993-11-05,0.6907604336738586
1993-11-08,0.7168269157409668
1993-11-09,0.7168269157409668
1993-11-10,0.7037935853004456
1993-11-11,0.7037935853004456
1993-11-12,0.6907604336738586
1993-11-15,0.6907604336738586
1993-11-16,0.6907604336738586
1993-11-17,0.7168269157409668
1993-11-18,0.6907604336738586
1993-11-19,0.6777273416519165
1993-11-22,0.6777273416519165
1993-11-23,0.6646941304206848
1993-11-24,0.6777273416519165
1993-11-26,0.6777273416519165
1993-11-29,0.6777273416519165
1993-11-30,0.6646941304206848
1993-12-01,0.6646941304206848
1993-12-02,0.6646941304206848
1993-12-03,0.7037935853004456
1993-12-06,0.6646941304206848
1993-12-07,0.6712111830711365
1993-12-08,0.6646941304206848
1993-12-09,0.6777273416519165
1993-12-10,0.6777273416519165
1993-12-13,0.6972777247428894
1993-12-14,0.6646941304206848
1993-12-15,0.6386276483535767
1993-12-16,0.6386276483535767
1993-12-17,0.6386276483535767
1993-12-20,0.6125612854957581
1993-12-21,0.5864946246147156
1993-12-22,0.5864946246147156
1993-12-23,0.5864946246147156
1993-12-27,0.5539121031761169
1993-12-28,0.5473950505256653
1993-12-29,0.5734613537788391
1993-12-30,0.5148123502731323
1993-12-31,0.5734613537788391
1994-01-03,0.534361720085144
1994-01-04,0.5864946246147156
1994-01-05,0.5734613537788391
1994-01-06,0.5734613537788391
1994-01-07,0.5473950505256653
1994-01-10,0.5734613537788391
1994-01-11,0.534361720085144
1994-01-12,0.5213285088539124
1994-01-13,0.4952623844146728
1994-01-14,0.5017791390419006
1994-01-17,0.5278456807136536
1994-01-18,0.4952623844146728
1994-01-19,0.5017791390419006
1994-01-20,0.5213285088539124
1994-01-21,0.4952623844146728
1994-01-24,0.5082953572273254
1994-01-25,0.5213285088539124
1994-01-26,0.534361720085144
1994-01-27,0.534361720085144
1994-01-28,0.5473950505256653
1994-01-31,0.5473950505256653
1994-02-01,0.5213285088539124
1994-02-02,0.5213285088539124
1994-02-03,0.5082953572273254
1994-02-04,0.5082953572273254
1994-02-07,0.5213285088539124
1994-02-08,0.5017791390419006
1994-02-09,0.5213285088539124
1994-02-10,0.5213285088539124
1994-02-11,0.5213285088539124
1994-02-14,0.534361720085144
1994-02-15,0.534361720085144
1994-02-16,0.534361720085144
1994-02-17,0.534361720085144
1994-02-18,0.5408786535263062
1994-02-22,0.534361720085144
1994-02-23,0.5473950505256653
1994-02-24,0.5213285088539124
1994-02-25,0.534361720085144
1994-02-28,0.534361720085144
1994-03-01,0.534361720085144
1994-03-02,0.5082953572273254
1994-03-03,0.5213285088539124
1994-03-04,0.534361720085144
1994-03-07,0.534361720085144
1994-03-08,0.5082953572273254
1994-03-09,0.5604284405708313
1994-03-10,0.534361720085144
1994-03-11,0.5604284405708313
1994-03-14,0.5473950505256653
1994-03-15,0.5473950505256653
1994-03-16,0.5734613537788391
1994-03-17,0.5473950505256653
1994-03-18,0.5604284405708313
1994-03-21,0.5604284405708313
1994-03-22,0.5734613537788391
1994-03-23,0.6125612854957581
1994-03-24,0.6255943179130554
1994-03-25,0.6386276483535767
1994-03-28,0.6386276483535767
1994-03-29,0.5995280146598816
1994-03-30,0.6125612854957581
1994-03-31,0.5995280146598816
1994-04-04,0.534361720085144
1994-04-05,0.5604284405708313
1994-04-06,0.5734613537788391
1994-04-07,0.5604284405708313
1994-04-08,0.5441368818283081
1994-04-11,0.534361720085144
1994-04-12,0.5213285088539124
1994-04-13,0.5278456807136536
1994-04-14,0.5669453740119934
1994-04-15,0.5734613537788391
1994-04-18,0.5473950505256653
1994-04-19,0.5473950505256653
1994-04-20,0.5473950505256653
1994-04-21,0.5669453740119934
1994-04-22,0.5995280146598816
1994-04-25,0.5995280146598816
1994-04-26,0.6255943179130554
1994-04-28,0.6125612854957581
1994-04-29,0.6125612854957581
1994-05-02,0.6321114301681519
1994-05-03,0.6255943179130554
1994-05-04,0.6255943179130554
1994-05-05,0.6255943179130554
1994-05-06,0.6516607403755188
1994-05-09,0.6321114301681519
1994-05-10,0.6321114301681519
1994-05-11,0.6386276483535767
1994-05-12,0.6321114301681519
1994-05-13,0.6190778613090515
1994-05-16,0.6190778613090515
1994-05-17,0.6190778613090515
1994-05-18,0.6190778613090515
1994-05-19,0.6386276483535767
1994-05-20,0.6386276483535767
1994-05-23,0.6190778613090515
1994-05-24,0.6190778613090515
1994-05-25,0.5995280146598816
1994-05-26,0.5995280146598816
1994-05-27,0.5930119156837463
1994-05-31,0.5604284405708313
1994-06-01,0.5799784660339355
1994-06-02,0.5734613537788391
1994-06-03,0.5734613537788391
1994-06-06,0.5604284405708313
1994-06-07,0.5995280146598816
1994-06-08,0.5734613537788391
1994-06-09,0.5864946246147156
1994-06-10,0.5864946246147156
1994-06-13,0.5995280146598816
1994-06-14,0.5864946246147156
1994-06-15,0.5864946246147156
1994-06-16,0.5864946246147156
1994-06-17,0.5864946246147156
1994-06-20,0.5864946246147156
1994-06-21,0.5604284405708313
1994-06-22,0.5604284405708313
1994-06-23,0.5734613537788391
1994-06-24,0.5604284405708313
1994-06-27,0.5669453740119934
1994-06-28,0.534361720085144
1994-06-29,0.5473950505256653
1994-06-30,0.5473950505256653
1994-07-01,0.534361720085144
1994-07-05,0.534361720085144
1994-07-06,0.534361720085144
1994-07-07,0.534361720085144
1994-07-08,0.534361720085144
1994-07-11,0.5148123502731323
1994-07-12,0.5213285088539124
1994-07-13,0.5082953572273254
1994-07-14,0.5148123502731323
1994-07-15,0.5082953572273254
1994-07-18,0.5148123502731323
1994-07-19,0.4952623844146728
1994-07-20,0.534361720085144
1994-07-21,0.5017791390419006
1994-07-22,0.5082953572273254
1994-07-25,0.5082953572273254
1994-07-26,0.4952623844146728
1994-07-27,0.4822292625904083
1994-07-28,0.4822292625904083
1994-07-29,0.4952623844146728
1994-08-01,0.4822292625904083
1994-08-02,0.4952623844146728
1994-08-03,0.4822292625904083
1994-08-04,0.456162691116333
1994-08-05,0.4822292625904083
1994-08-08,0.5082953572273254
1994-08-09,0.4789710938930511
1994-08-10,0.4952623844146728
1994-08-11,0.4952623844146728
1994-08-12,0.4822292625904083
1994-08-15,0.4822292625904083
1994-08-16,0.5213285088539124
1994-08-17,0.534361720085144
1994-08-18,0.5017791390419006
1994-08-19,0.5017791390419006
1994-08-22,0.5148123502731323
1994-08-23,0.5082953572273254
1994-08-24,0.5082953572273254
1994-08-25,0.5082953572273254
1994-08-26,0.5082953572273254
1994-08-29,0.5082953572273254
1994-08-30,0.5473950505256653
1994-08-31,0.5213285088539124
1994-09-01,0.5213285088539124
1994-09-02,0.5148123502731323
1994-09-06,0.5213285088539124
1994-09-07,0.5082953572273254
1994-09-08,0.5082953572273254
1994-09-09,0.5148123502731323
1994-09-12,0.5082953572273254
1994-09-13,0.5082953572273254
1994-09-14,0.5082953572273254
1994-09-15,0.5213285088539124
1994-09-16,0.5082953572273254
1994-09-19,0.5148123502731323
1994-09-20,0.5180704593658447
1994-09-21,0.4952623844146728
1994-09-22,0.5213285088539124
1994-09-23,0.5082953572273254
1994-09-26,0.5213285088539124
1994-09-27,0.5213285088539124
1994-09-28,0.5213285088539124
1994-09-29,0.5082953572273254
1994-09-30,0.5213285088539124
1994-10-03,0.5213285088539124
1994-10-04,0.534361720085144
1994-10-05,0.5604284405708313
1994-10-06,0.5604284405708313
1994-10-07,0.534361720085144
1994-10-10,0.5864946246147156
1994-10-11,0.5864946246147156
1994-10-12,0.5734613537788391
1994-10-13,0.5864946246147156
1994-10-14,0.5864946246147156
1994-10-17,0.6386276483535767
1994-10-18,0.6386276483535767
1994-10-19,0.6516607403755188
1994-10-20,0.5930119156837463
1994-10-21,0.5734613537788391
1994-10-24,0.534361720085144
1994-10-25,0.5604284405708313
1994-10-26,0.5473950505256653
1994-10-27,0.5799784660339355
1994-10-28,0.5734613537788391
1994-10-31,0.5864946246147156
1994-11-01,0.5734613537788391
1994-11-02,0.5473950505256653
1994-11-03,0.5734613537788391
1994-11-04,0.5864946246147156
1994-11-07,0.5864946246147156
1994-11-08,0.5864946246147156
1994-11-09,0.5864946246147156
1994-11-10,0.5734613537788391
1994-11-11,0.5604284405708313
1994-11-14,0.5734613537788391
1994-11-15,0.5539121031761169
1994-11-16,0.5539121031761169
1994-11-17,0.5473950505256653
1994-11-18,0.5539121031761169
1994-11-21,0.5473950505256653
1994-11-22,0.5473950505256653
1994-11-23,0.5604284405708313
1994-11-25,0.5604284405708313
1994-11-28,0.550653338432312
1994-11-29,0.5473950505256653
1994-11-30,0.5473950505256653
1994-12-01,0.5213285088539124
1994-12-02,0.534361720085144
1994-12-05,0.5473950505256653
1994-12-06,0.534361720085144
1994-12-07,0.5408786535263062
1994-12-08,0.534361720085144
1994-12-09,0.5082953572273254
1994-12-12,0.5213285088539124
1994-12-13,0.5082953572273254
1994-12-14,0.5082953572273254
1994-12-15,0.4952623844146728
1994-12-16,0.5180704593658447
1994-12-19,0.534361720085144
1994-12-20,0.534361720085144
1994-12-21,0.5213285088539124
1994-12-22,0.5278456807136536
1994-12-23,0.5213285088539124
1994-12-27,0.534361720085144
1994-12-28,0.5213285088539124
1994-12-29,0.534361720085144
1994-12-30,0.534361720085144
1995-01-03,0.5213285088539124
1995-01-04,0.5473950505256653
1995-01-05,0.5408786535263062
1995-01-06,0.5473950505256653
1995-01-09,0.5473950505256653
1995-01-10,0.5473950505256653
1995-01-11,0.5473950505256653
1995-01-12,0.534361720085144
1995-01-13,0.5473950505256653
1995-01-16,0.5408786535263062
1995-01-17,0.534361720085144
1995-01-18,0.5473950505256653
1995-01-19,0.5408786535263062
1995-01-20,0.534361720085144
1995-01-23,0.5245866179466248
1995-01-24,0.5213285088539124
1995-01-25,0.5473950505256653
1995-01-26,0.5734613537788391
1995-01-27,0.5441368818283081
1995-01-30,0.5734613537788391
1995-01-31,0.5734613537788391
1995-02-01,0.5799784660339355
1995-02-02,0.5799784660339355
1995-02-03,0.5864946246147156
1995-02-06,0.5734613537788391
1995-02-07,0.5864946246147156
1995-02-08,0.6255943179130554
1995-02-09,0.6451447010040283
1995-02-10,0.6386276483535767
1995-02-13,0.6255943179130554
1995-02-14,0.6386276483535767
1995-02-15,0.6386276483535767
1995-02-16,0.6386276483535767
1995-02-17,0.6125612854957581
1995-02-21,0.6386276483535767
1995-02-22,0.6386276483535767
1995-02-23,0.6646941304206848
1995-02-24,0.6516607403755188
1995-02-27,0.6646941304206848
1995-02-28,0.6646941304206848
1995-03-01,0.6646941304206848
1995-03-02,0.6646941304206848
1995-03-03,0.6516607403755188
1995-03-06,0.7037935853004456
1995-03-07,0.7298601865768433
1995-03-08,0.7298601865768433
1995-03-09,0.7298601865768433
1995-03-10,0.7233439683914185
1995-03-13,0.7037935853004456
1995-03-14,0.7103105187416077
1995-03-15,0.7103105187416077
1995-03-16,0.7168269157409668
1995-03-17,0.7168269157409668
1995-03-20,0.7168269157409668
1995-03-21,0.7950262427330017
1995-03-22,0.7298601865768433
1995-03-23,0.7298601865768433
1995-03-24,0.7168269157409668
1995-03-27,0.7168269157409668
1995-03-28,0.7037935853004456
1995-03-29,0.6842443943023682
1995-03-30,0.6777273416519165
1995-03-31,0.7037935853004456
1995-04-03,0.6907604336738586
1995-04-04,0.6907604336738586
1995-04-05,0.7103105187416077
1995-04-06,0.7168269157409668
1995-04-07,0.7168269157409668
1995-04-10,0.6777273416519165
1995-04-11,0.6972777247428894
1995-04-12,0.6777273416519165
1995-04-13,0.7168269157409668
1995-04-17,0.7103105187416077
1995-04-18,0.6972777247428894
1995-04-19,0.6972777247428894
1995-04-20,0.6842443943023682
1995-04-21,0.6907604336738586
1995-04-24,0.7103105187416077
1995-04-25,0.7168269157409668
1995-04-26,0.7233439683914185
1995-04-27,0.7559265494346619
1995-04-28,0.7819932103157043
1995-05-01,0.7233439683914185
1995-05-02,0.7298601865768433
1995-05-03,0.7168269157409668
1995-05-04,0.7298601865768433
1995-05-05,0.7298601865768433
1995-05-08,0.7428933382034302
1995-05-09,0.7428933382034302
1995-05-10,0.7559265494346619
1995-05-11,0.7428933382034302
1995-05-12,0.7428933382034302
1995-05-15,0.7469663023948669
1995-05-16,0.7428933382034302
1995-05-17,0.7298601865768433
1995-05-18,0.7103105187416077
1995-05-19,0.7135688066482544
1995-05-22,0.7168269157409668
1995-05-23,0.7103105187416077
1995-05-24,0.7037935853004456
1995-05-25,0.6907604336738586
1995-05-26,0.7037935853004456
1995-05-30,0.7037935853004456
1995-05-31,0.7037935853004456
1995-06-01,0.7168269157409668
1995-06-02,0.7168269157409668
1995-06-05,0.7037935853004456
1995-06-06,0.7428933382034302
1995-06-07,0.7168269157409668
1995-06-08,0.7168269157409668
1995-06-09,0.7428933382034302
1995-06-12,0.7428933382034302
1995-06-13,0.7559265494346619
1995-06-14,0.7428933382034302
1995-06-15,0.7559265494346619
1995-06-16,0.7559265494346619
1995-06-19,0.7428933382034302
1995-06-20,0.7689595222473145
1995-06-21,0.7819932103157043
1995-06-22,0.7819932103157043
1995-06-23,0.7298601865768433
1995-06-26,0.7233439683914185
1995-06-27,0.7037935853004456
1995-06-28,0.7298601865768433
1995-06-29,0.7037935853004456
1995-06-30,0.7037935853004456
1995-07-03,0.7037935853004456
1995-07-05,0.6907604336738586
1995-07-06,0.7298601865768433
1995-07-07,0.7168269157409668
1995-07-10,0.7404495477676392
1995-07-11,0.7559265494346619
1995-07-12,0.7624437212944031
1995-07-13,0.7624437212944031
1995-07-14,0.7950262427330017
1995-07-17,0.8145765066146851
1995-07-18,0.8341261148452759
1995-07-19,0.8276095986366272
1995-07-20,0.8536759614944458
1995-07-21,0.8862588405609131
1995-07-24,0.9318757653236388
1995-07-25,0.8992918133735657
1995-07-26,0.912325382232666
1995-07-27,0.912325382232666
1995-07-28,0.9090670943260192
1995-07-31,0.9090670943260192
1995-08-01,0.9058090448379515
1995-08-02,0.912325382232666
1995-08-03,0.9318757653236388
1995-08-04,0.9253585338592528
1995-08-07,0.9058090448379515
1995-08-08,0.8992918133735657
1995-08-09,0.9058090448379515
1995-08-10,0.912325382232666
1995-08-11,0.8992918133735657
1995-08-14,0.9058090448379515
1995-08-15,0.9188422560691832
1995-08-16,0.9058090448379515
1995-08-17,0.912325382232666
1995-08-18,0.9579421877861024
1995-08-21,0.9905247688293456
1995-08-22,0.9774909615516664
1995-08-23,0.9840079545974731
1995-08-24,0.9644585251808168
1995-08-25,1.0100746154785156
1995-08-28,0.9970417618751526
1995-08-29,0.9774909615516664
1995-08-30,0.9905247688293456
1995-08-31,1.0165907144546509
1995-09-01,1.0491739511489868
1995-09-05,1.0296237468719482
1995-09-06,1.0426570177078247
1995-09-07,1.0361409187316897
1995-09-08,1.0361409187316897
1995-09-11,0.9970417618751526
1995-09-12,1.0100746154785156
1995-09-13,1.0361409187316897
1995-09-14,1.0231077671051023
1995-09-15,1.003557562828064
1995-09-18,1.0100746154785156
1995-09-19,1.0165907144546509
1995-09-20,1.0165907144546509
1995-09-21,1.0100746154785156
1995-09-22,1.003557562828064
1995-09-25,1.0100746154785156
1995-09-26,1.0296237468719482
1995-09-27,0.9905247688293456
1995-09-28,0.9840079545974731
1995-09-29,0.9840079545974731
1995-10-02,1.003557562828064
1995-10-03,0.9905247688293456
1995-10-04,1.0165907144546509
1995-10-05,1.0231077671051023
1995-10-06,1.0426570177078247
1995-10-09,1.0426570177078247
1995-10-10,0.9579421877861024
1995-10-11,0.9579421877861024
1995-10-12,1.003557562828064
1995-10-13,1.0296237468719482
1995-10-16,1.1208568811416626
1995-10-17,1.1729892492294312
1995-10-18,1.1729892492294312
1995-10-19,1.068723440170288
1995-10-20,1.0100746154785156
1995-10-23,1.0231077671051023
1995-10-24,1.1208568811416626
1995-10-25,1.0947901010513306
1995-10-26,1.0882737636566162
1995-10-27,1.1013075113296509
1995-10-30,1.1338900327682495
1995-10-31,1.1143404245376587
1995-11-01,1.1273738145828247
1995-11-02,1.17950701713562
1995-11-03,1.1925394535064695
1995-11-06,1.2186063528060913
1995-11-07,1.2055727243423462
1995-11-08,1.2186063528060913
1995-11-09,1.1990560293197632
1995-11-10,1.2055727243423462
1995-11-13,1.166473388671875
1995-11-14,1.1729892492294312
1995-11-15,1.1860231161117554
1995-11-16,1.257705569267273
1995-11-17,1.2316389083862305
1995-11-20,1.2446725368499756
1995-11-21,1.2511886358261108
1995-11-22,1.257705569267273
1995-11-24,1.257705569267273
1995-11-27,1.2381548881530762
1995-11-28,1.225122570991516
1995-11-29,1.2186063528060913
1995-11-30,1.2316389083862305
1995-12-01,1.2381548881530762
1995-12-04,1.225122570991516
1995-12-05,1.1990560293197632
1995-12-06,1.1990560293197632
1995-12-07,1.1860231161117554
1995-12-08,1.166473388671875
1995-12-11,1.17950701713562
1995-12-12,1.1404067277908323
1995-12-13,1.1338900327682495
1995-12-14,1.0752410888671875
1995-12-15,1.0947901010513306
1995-12-18,1.0361409187316897
1995-12-19,1.081756591796875
1995-12-20,1.0622074604034424
1995-12-21,1.0622074604034424
1995-12-22,1.0556906461715698
1995-12-26,1.081756591796875
1995-12-27,1.065465807914734
1995-12-28,1.068723440170288
1995-12-29,1.0491739511489868
1996-01-02,1.0361409187316897
1996-01-03,0.9905247688293456
1996-01-04,1.0556906461715698
1996-01-05,1.0556906461715698
1996-01-08,1.0361409187316897
1996-01-09,1.0165907144546509
1996-01-10,0.9514250159263612
1996-01-11,0.9905247688293456
1996-01-12,1.0165907144546509
1996-01-15,0.9905247688293456
1996-01-16,0.9774909615516664
1996-01-17,0.9970417618751526
1996-01-18,0.9774909615516664
1996-01-19,0.9709749817848206
1996-01-22,0.9709749817848206
1996-01-23,0.9905247688293456
1996-01-24,0.9905247688293456
1996-01-25,0.9709749817848206
1996-01-26,0.9774909615516664
1996-01-29,0.9840079545974731
1996-01-30,0.9709749817848206
1996-01-31,0.9449092149734496
1996-02-01,0.9449092149734496
1996-02-02,0.9579421877861024
1996-02-05,0.9579421877861024
1996-02-06,0.9709749817848206
1996-02-07,0.9905247688293456
1996-02-08,1.0165907144546509
1996-02-09,1.0556906461715698
1996-02-12,1.0361409187316897
1996-02-13,1.0361409187316897
1996-02-14,1.0426570177078247
1996-02-15,1.068723440170288
1996-02-16,1.0556906461715698
1996-02-20,1.0882737636566162
1996-02-21,1.0947901010513306
1996-02-22,1.1208568811416626
1996-02-23,1.1078234910964966
1996-02-26,1.1208568811416626
1996-02-27,1.1338900327682495
1996-02-28,1.1599562168121338
1996-02-29,1.1143404245376587
1996-03-01,1.1013075113296509
1996-03-04,1.0882737636566162
1996-03-05,1.1078234910964966
1996-03-06,1.1143404245376587
1996-03-07,1.1208568811416626
1996-03-08,1.1143404245376587
1996-03-11,1.1599562168121338
1996-03-12,1.1208568811416626
1996-03-13,1.166473388671875
1996-03-14,1.1925394535064695
1996-03-15,1.17950701713562
1996-03-18,1.1729892492294312
1996-03-19,1.1599562168121338
1996-03-20,1.1469227075576782
1996-03-21,1.153440237045288
1996-03-22,1.1990560293197632
1996-03-25,1.2381548881530762
1996-03-26,1.3228720426559448
1996-03-27,1.2837727069854736
1996-03-28,1.2642221450805664
1996-03-29,1.2642221450805664
1996-04-01,1.2968051433563232
1996-04-02,1.277255296707153
1996-04-03,1.257705569267273
1996-04-04,1.2511886358261108
1996-04-08,1.225122570991516
1996-04-09,1.2120894193649292
1996-04-10,1.1925394535064695
1996-04-11,1.2055727243423462
1996-04-12,1.225122570991516
1996-04-15,1.2381548881530762
1996-04-16,1.2381548881530762
1996-04-17,1.2381548881530762
1996-04-18,1.2902885675430298
1996-04-19,1.3163549900054932
1996-04-22,1.3750046491622925
1996-04-23,1.4010705947875977
1996-04-24,1.368488073348999
1996-04-25,1.3424216508865356
1996-04-26,1.368488073348999
1996-04-29,1.368488073348999
1996-04-30,1.4597203731536863
1996-05-01,1.4857866764068604
1996-05-02,1.4401707649230957
1996-05-03,1.453203797340393
1996-05-06,1.4597203731536863
1996-05-07,1.4466872215270996
1996-05-08,1.355454683303833
1996-05-09,1.355454683303833
1996-05-10,1.4988200664520264
1996-05-13,1.6030855178833008
1996-05-14,1.5639864206314087
1996-05-15,1.5770190954208374
1996-05-16,1.6030855178833008
1996-05-17,1.5639864206314087
1996-05-20,1.4727537631988523
1996-05-21,1.5639864206314087
1996-05-22,1.5639864206314087
1996-05-23,1.570502996444702
1996-05-24,1.570502996444702
1996-05-28,1.5509529113769531
1996-05-29,1.5509529113769531
1996-05-30,1.5509529113769531
1996-05-31,1.5118530988693235
1996-06-03,1.5118530988693235
1996-06-04,1.5118530988693235
1996-06-05,1.5118530988693235
1996-06-06,1.5509529113769531
1996-06-07,1.5509529113769531
1996-06-10,1.5509529113769531
1996-06-11,1.5835360288619995
1996-06-12,1.5639864206314087
1996-06-13,1.5509529113769531
1996-06-14,1.7073510885238647
1996-06-17,1.655218243598938
1996-06-18,1.4727537631988523
1996-06-19,1.479270577430725
1996-06-20,1.4336538314819336
1996-06-21,1.4597203731536863
1996-06-24,1.5248864889144895
1996-06-25,1.5867944955825806
1996-06-26,1.537919044494629
1996-06-27,1.5248864889144895
1996-06-28,1.5248864889144895
1996-07-01,1.5802769660949707
1996-07-02,1.5770190954208374
1996-07-03,1.5509529113769531
1996-07-05,1.537919044494629
1996-07-08,1.5118530988693235
1996-07-09,1.537919044494629
1996-07-10,1.5183697938919067
1996-07-11,1.4857866764068604
1996-07-12,1.4857866764068604
1996-07-15,1.4923038482666016
1996-07-16,1.5509529113769531
1996-07-17,1.5118530988693235
1996-07-18,1.5183697938919067
1996-07-19,1.537919044494629
1996-07-22,1.5248864889144895
1996-07-23,1.4075871706008911
1996-07-24,1.3424216508865356
1996-07-25,1.3163549900054932
1996-07-26,1.2642221450805664
1996-07-29,1.277255296707153
1996-07-30,1.2837727069854736
1996-07-31,1.4597203731536863
1996-08-01,1.4466872215270996
1996-08-02,1.4857866764068604
1996-08-05,1.368488073348999
1996-08-06,1.4857866764068604
1996-08-07,1.5118530988693235
1996-08-08,1.4597203731536863
1996-08-09,1.4857866764068604
1996-08-12,1.4597203731536863
1996-08-13,1.4597203731536863
1996-08-14,1.394554853439331
1996-08-15,1.3815208673477173
1996-08-16,1.3424216508865356
1996-08-19,1.2968051433563232
1996-08-20,1.2446725368499756
1996-08-21,1.2902885675430298
1996-08-22,1.3424216508865356
1996-08-23,1.3424216508865356
1996-08-26,1.2902885675430298
1996-08-27,1.3033214807510376
1996-08-28,1.3619718551635742
1996-08-29,1.3619718551635742
1996-08-30,1.3750046491622925
1996-09-03,1.3424216508865356
1996-09-04,1.4075871706008911
1996-09-05,1.4075871706008911
1996-09-06,1.4271376132965088
1996-09-09,1.394554853439331
1996-09-10,1.4206202030181885
1996-09-11,1.3815208673477173
1996-09-12,1.394554853439331
1996-09-13,1.4075871706008911
1996-09-16,1.3815208673477173
1996-09-17,1.4010705947875977
1996-09-18,1.4010705947875977
1996-09-19,1.368488073348999
1996-09-20,1.3293882608413696
1996-09-23,1.3163549900054932
1996-09-24,1.225122570991516
1996-09-25,1.1469227075576782
1996-09-26,1.1469227075576782
1996-09-27,1.166473388671875
1996-09-30,1.2186063528060913
1996-10-01,1.2642221450805664
1996-10-02,1.3163549900054932
1996-10-03,1.3033214807510376
1996-10-04,1.355454683303833
1996-10-07,1.3163549900054932
1996-10-08,1.2511886358261108
1996-10-09,1.2902885675430298
1996-10-10,1.2642221450805664
1996-10-11,1.3163549900054932
1996-10-14,1.3424216508865356
1996-10-15,1.3163549900054932
1996-10-16,1.3293882608413696
1996-10-17,1.3033214807510376
1996-10-18,1.3228720426559448
1996-10-21,1.2642221450805664
1996-10-22,1.2642221450805664
1996-10-23,1.225122570991516
1996-10-24,1.2186063528060913
1996-10-25,1.277255296707153
1996-10-28,1.2642221450805664
1996-10-29,1.2642221450805664
1996-10-30,1.2511886358261108
1996-10-31,1.2381548881530762
1996-11-01,1.2511886358261108
1996-11-04,1.277255296707153
1996-11-05,1.2381548881530762
1996-11-06,1.277255296707153
1996-11-07,1.2642221450805664
1996-11-08,1.2902885675430298
1996-11-11,1.2511886358261108
1996-11-12,1.2511886358261108
1996-11-13,1.2902885675430298
1996-11-14,1.2511886358261108
1996-11-15,1.2902885675430298
1996-11-18,1.2511886358261108
1996-11-19,1.2642221450805664
1996-11-20,1.2511886358261108
1996-11-21,1.2511886358261108
1996-11-22,1.277255296707153
1996-11-25,1.2120894193649292
1996-11-26,1.1542540788650513
1996-11-27,1.225122570991516
1996-11-29,1.2511886358261108
1996-12-02,1.225122570991516
1996-12-03,1.2348973751068115
1996-12-04,1.225122570991516
1996-12-05,1.225122570991516
1996-12-06,1.225122570991516
1996-12-09,1.2120894193649292
1996-12-10,1.2381548881530762
1996-12-11,1.2316389083862305
1996-12-12,1.2642221450805664
1996-12-13,1.277255296707153
1996-12-16,1.3163549900054932
1996-12-17,1.2902885675430298
1996-12-18,1.3033214807510376
1996-12-19,1.368488073348999
1996-12-20,1.368488073348999
1996-12-23,1.3033214807510376
1996-12-24,1.3033214807510376
1996-12-26,1.309838891029358
1996-12-27,1.3033214807510376
1996-12-30,1.355454683303833
1996-12-31,1.355454683303833
1997-01-02,1.3033214807510376
1997-01-03,1.3033214807510376
1997-01-06,1.3033214807510376
1997-01-07,1.368488073348999
1997-01-08,1.3293882608413696
1997-01-09,1.3293882608413696
1997-01-10,1.3163549900054932
1997-01-13,1.3163549900054932
1997-01-14,1.3293882608413696
1997-01-15,1.277255296707153
1997-01-16,1.2902885675430298
1997-01-17,1.2381548881530762
1997-01-20,1.2120894193649292
1997-01-21,1.2511886358261108
1997-01-22,1.2642221450805664
1997-01-23,1.2902885675430298
1997-01-24,1.3163549900054932
1997-01-27,1.2902885675430298
1997-01-28,1.2642221450805664
1997-01-29,1.2642221450805664
1997-01-30,1.2642221450805664
1997-01-31,1.368488073348999
1997-02-03,1.355454683303833
1997-02-04,1.3293882608413696
1997-02-05,1.3163549900054932
1997-02-06,1.355454683303833
1997-02-07,1.355454683303833
1997-02-10,1.3163549900054932
1997-02-11,1.3391637802124023
1997-02-12,1.3424216508865356
1997-02-13,1.3293882608413696
1997-02-14,1.3424216508865356
1997-02-18,1.3163549900054932
1997-02-19,1.2902885675430298
1997-02-20,1.2902885675430298
1997-02-21,1.2642221450805664
1997-02-24,1.3033214807510376
1997-02-25,1.3033214807510376
1997-02-26,1.2837727069854736
1997-02-27,1.2837727069854736
1997-02-28,1.2902885675430298
1997-03-03,1.3033214807510376
1997-03-04,1.3163549900054932
1997-03-05,1.3163549900054932
1997-03-06,1.3163549900054932
1997-03-07,1.3163549900054932
1997-03-10,1.3163549900054932
1997-03-11,1.2968051433563232
1997-03-12,1.2902885675430298
1997-03-13,1.3196128606796265
1997-03-14,1.3033214807510376
1997-03-17,1.3033214807510376
1997-03-18,1.2902885675430298
1997-03-19,1.2642221450805664
1997-03-20,1.1860231161117554
1997-03-21,1.1925394535064695
1997-03-24,1.1990560293197632
1997-03-25,1.225122570991516
1997-03-26,1.2120894193649292
1997-03-27,1.1990560293197632
1997-03-31,1.2055727243423462
1997-04-01,1.1860231161117554
1997-04-02,1.1925394535064695
1997-04-03,1.1990560293197632
1997-04-04,1.1860231161117554
1997-04-07,1.1990560293197632
1997-04-08,1.2186063528060913
1997-04-09,1.1990560293197632
1997-04-10,1.2023142576217651
1997-04-11,1.2186063528060913
1997-04-14,1.2120894193649292
1997-04-15,1.2120894193649292
1997-04-16,1.2120894193649292
1997-04-17,1.2381548881530762
1997-04-18,1.2055727243423462
1997-04-21,1.225122570991516
1997-04-22,1.225122570991516
1997-04-23,1.225122570991516
1997-04-24,1.2055727243423462
1997-04-25,1.225122570991516
1997-04-28,1.225122570991516
1997-04-29,1.2316389083862305
1997-04-30,1.2642221450805664
1997-05-01,1.2968051433563232
1997-05-02,1.2968051433563232
1997-05-05,1.3489384651184082
1997-05-06,1.355454683303833
1997-05-07,1.3424216508865356
1997-05-08,1.270738959312439
1997-05-09,1.270738959312439
1997-05-12,1.277255296707153
1997-05-13,1.3163549900054932
1997-05-14,1.3163549900054932
1997-05-15,1.3033214807510376
1997-05-16,1.277255296707153
1997-05-19,1.2837727069854736
1997-05-20,1.2642221450805664
1997-05-21,1.277255296707153
1997-05-22,1.3033214807510376
1997-05-23,1.2837727069854736
1997-05-27,1.3619718551635742
1997-05-28,1.4271376132965088
1997-05-29,1.4401707649230957
1997-05-30,1.4401707649230957
1997-06-02,1.4466872215270996
1997-06-03,1.4141043424606323
1997-06-04,1.4271376132965088
1997-06-05,1.394554853439331
1997-06-06,1.5118530988693235
1997-06-09,1.5248864889144895
1997-06-10,1.5118530988693235
1997-06-11,1.5509529113769531
1997-06-12,1.5509529113769531
1997-06-13,1.5248864889144895
1997-06-16,1.4597203731536863
1997-06-17,1.453203797340393
1997-06-18,1.4597203731536863
1997-06-19,1.4597203731536863
1997-06-20,1.453203797340393
1997-06-23,1.4075871706008911
1997-06-24,1.4988200664520264
1997-06-25,1.5248864889144895
1997-06-26,1.557469367980957
1997-06-27,1.5639864206314087
1997-06-30,1.5770190954208374
1997-07-01,1.560727834701538
1997-07-02,1.537919044494629
1997-07-03,1.5639864206314087
1997-07-07,1.5835360288619995
1997-07-08,1.5770190954208374
1997-07-09,1.6030855178833008
1997-07-10,1.557469367980957
1997-07-11,1.505336880683899
1997-07-14,1.4923038482666016
1997-07-15,1.4466872215270996
1997-07-16,1.453203797340393
1997-07-17,1.4010705947875977
1997-07-18,1.4141043424606323
1997-07-21,1.4662374258041382
1997-07-22,1.4206202030181885
1997-07-23,1.4401707649230957
1997-07-24,1.4401707649230957
1997-07-25,1.4075871706008911
1997-07-28,1.4271376132965088
1997-07-29,1.4075871706008911
1997-07-30,1.4336538314819336
1997-07-31,1.4466872215270996
1997-08-01,1.5118530988693235
1997-08-04,1.5118530988693235
1997-08-05,1.5639864206314087
1997-08-06,1.5900524854660034
1997-08-07,1.5639864206314087
1997-08-08,1.5118530988693235
1997-08-11,1.5248864889144895
1997-08-12,1.5444365739822388
1997-08-13,1.557469367980957
1997-08-14,1.537919044494629
1997-08-15,1.537919044494629
1997-08-18,1.5118530988693235
1997-08-19,1.4988200664520264
1997-08-20,1.479270577430725
1997-08-21,1.4401707649230957
1997-08-22,1.4662374258041382
1997-08-25,1.453203797340393
1997-08-26,1.4727537631988523
1997-08-27,1.4988200664520264
1997-08-28,1.5444365739822388
1997-08-29,1.609602451324463
1997-09-02,1.6161190271377563
1997-09-03,1.5900524854660034
1997-09-04,1.567244529724121
1997-09-05,1.557469367980957
1997-09-08,1.5639864206314087
1997-09-09,1.557469367980957
1997-09-10,1.5770190954208374
1997-09-11,1.5835360288619995
1997-09-12,1.5835360288619995
1997-09-15,1.5835360288619995
1997-09-16,1.5965694189071655
1997-09-17,1.6161190271377563
1997-09-18,1.7008352279663086
1997-09-19,1.7334176301956177
1997-09-22,1.7334176301956177
1997-09-23,1.7138686180114746
1997-09-24,1.7073510885238647
1997-09-25,1.6943186521530151
1997-09-26,1.7399349212646484
1997-09-29,1.7594842910766602
1997-09-30,1.8507170677185056
1997-10-01,1.870267629623413
1997-10-02,1.876783847808838
1997-10-03,1.9289170503616333
1997-10-06,1.7985836267471311
1997-10-07,1.8376837968826287
1997-10-08,1.8507170677185056
1997-10-09,1.876783847808838
1997-10-10,1.8344252109527588
1997-10-13,1.824650764465332
1997-10-14,1.883299708366394
1997-10-15,1.889817833900452
1997-10-16,1.8963329792022705
1997-10-17,1.876783847808838
1997-10-20,1.9028500318527224
1997-10-21,1.941949725151062
1997-10-22,2.0331814289093018
1997-10-23,2.039698600769043
1997-10-24,2.0592474937438965
1997-10-27,1.6682522296905518
1997-10-28,1.7985836267471311
1997-10-29,1.824650764465332
1997-10-30,1.7855510711669922
1997-10-31,1.824650764465332
1997-11-03,1.9289170503616333
1997-11-04,1.915883421897888
1997-11-05,1.8637505769729608
1997-11-06,1.8376837968826287
1997-11-07,1.7399349212646484
1997-11-10,1.811617136001587
1997-11-11,1.720384955406189
1997-11-12,1.6943186521530151
1997-11-13,1.723642349243164
1997-11-14,1.824650764465332
1997-11-17,1.876783847808838
1997-11-18,1.8507170677185056
1997-11-19,1.824650764465332
1997-11-20,1.876783847808838
1997-11-21,1.96801507472992
1997-11-24,1.9549819231033323
1997-11-25,1.941949725151062
1997-11-26,1.9549819231033323
1997-11-28,1.9289170503616333
1997-12-01,1.9028500318527224
1997-12-02,1.876783847808838
1997-12-03,1.7985836267471311
1997-12-04,1.7725176811218262
1997-12-05,1.824650764465332
1997-12-08,1.824650764465332
1997-12-09,1.7725176811218262
1997-12-10,1.6943186521530151
1997-12-11,1.7334176301956177
1997-12-12,1.746450901031494
1997-12-15,1.6943186521530151
1997-12-16,1.7334176301956177
1997-12-17,1.7725176811218262
1997-12-18,1.720384955406189
1997-12-19,1.6291521787643433
1997-12-22,1.720384955406189
1997-12-23,1.746450901031494
1997-12-24,1.6943186521530151
1997-12-26,1.7334176301956177
1997-12-29,1.7855510711669922
1997-12-30,1.8507170677185056
1997-12-31,1.824650764465332
1998-01-02,1.9289170503616333
1998-01-05,1.876783847808838
1998-01-06,1.8637505769729608
1998-01-07,1.8637505769729608
1998-01-08,1.9777911901474
1998-01-09,1.96801507472992
1998-01-12,1.824650764465332
1998-01-13,1.876783847808838
1998-01-14,1.8507170677185056
1998-01-15,1.8507170677185056
1998-01-16,1.8507170677185056
1998-01-20,1.7985836267471311
1998-01-21,1.8637505769729608
1998-01-22,1.8507170677185056
1998-01-23,1.7985836267471311
1998-01-26,1.7660011053085327
1998-01-27,1.7985836267471311
1998-01-28,1.9028500318527224
1998-01-29,1.889817833900452
1998-01-30,1.876783847808838
1998-02-02,1.889817833900452
1998-02-03,1.981049537658692
1998-02-04,1.9289170503616333
1998-02-05,1.9028500318527224
1998-02-06,1.9289170503616333
1998-02-09,1.948466420173645
1998-02-10,1.9940825700759888
1998-02-11,1.915883421897888
1998-02-12,1.9354323148727417
1998-02-13,1.9028500318527224
1998-02-17,1.948466420173645
1998-02-18,1.889817833900452
1998-02-19,1.811617136001587
1998-02-20,1.7725176811218262
1998-02-23,1.805101037025452
1998-02-24,1.824650764465332
1998-02-25,1.9028500318527224
1998-02-26,1.9549819231033323
1998-02-27,1.9614988565444944
1998-03-02,1.915883421897888
1998-03-03,1.9289170503616333
1998-03-04,1.9289170503616333
1998-03-05,1.8995912075042725
1998-03-06,1.981049537658692
1998-03-09,1.96801507472992
1998-03-10,1.948466420173645
1998-03-11,1.948466420173645
1998-03-12,1.981049537658692
1998-03-13,1.96801507472992
1998-03-16,1.96801507472992
1998-03-17,1.96801507472992
1998-03-18,1.981049537658692
1998-03-19,2.0005991458892822
1998-03-20,2.0853140354156494
1998-03-23,2.0722808837890625
1998-03-24,2.020148515701294
1998-03-25,2.0331814289093018
1998-03-26,2.020148515701294
1998-03-27,2.0592474937438965
1998-03-30,2.020148515701294
1998-03-31,2.020148515701294
1998-04-01,2.0592474937438965
1998-04-02,2.0592474937438965
1998-04-03,2.0592474937438965
1998-04-06,2.020148515701294
1998-04-07,2.023406505584717
1998-04-08,1.9940825700759888
1998-04-09,2.0722808837890625
1998-04-13,2.0592474937438965
1998-04-14,1.9940825700759888
1998-04-15,1.915883421897888
1998-04-16,1.941949725151062
1998-04-17,1.915883421897888
1998-04-20,1.870267629623413
1998-04-21,1.824650764465332
1998-04-22,1.7725176811218262
1998-04-23,1.7529677152633667
1998-04-24,1.7660011053085327
1998-04-27,1.7725176811218262
1998-04-28,1.7855510711669922
1998-04-29,1.805101037025452
1998-04-30,1.8376837968826287
1998-05-01,1.883299708366394
1998-05-04,1.876783847808838
1998-05-05,1.889817833900452
1998-05-06,1.889817833900452
1998-05-07,1.8376837968826287
1998-05-08,1.8507170677185056
1998-05-11,1.8376837968826287
1998-05-12,1.9224003553390503
1998-05-13,1.876783847808838
1998-05-14,1.9614988565444944
1998-05-15,1.915883421897888
1998-05-18,1.883299708366394
1998-05-19,1.8637505769729608
1998-05-20,1.8507170677185056
1998-05-21,1.8311675786972048
1998-05-22,1.8637505769729608
1998-05-26,1.824650764465332
1998-05-27,1.7985836267471311
1998-05-28,1.7725176811218262
1998-05-29,1.824650764465332
1998-06-01,1.7594842910766602
1998-06-02,1.720384955406189
1998-06-03,1.723642349243164
1998-06-04,1.7855510711669922
1998-06-05,1.779033899307251
1998-06-08,1.805101037025452
1998-06-09,1.7855510711669922
1998-06-10,1.7985836267471311
1998-06-11,1.7073510885238647
1998-06-12,1.7138686180114746
1998-06-15,1.6682522296905518
1998-06-16,1.6943186521530151
1998-06-17,1.7594842910766602
1998-06-18,1.844199299812317
1998-06-19,1.8376837968826287
1998-06-22,1.8376837968826287
1998-06-23,1.7725176811218262
1998-06-24,1.876783847808838
1998-06-25,1.889817833900452
1998-06-26,1.9289170503616333
1998-06-29,1.96801507472992
1998-06-30,1.987566590309143
1998-07-01,1.948466420173645
1998-07-02,1.9289170503616333
1998-07-06,1.8963329792022705
1998-07-07,1.8507170677185056
1998-07-08,1.7985836267471311
1998-07-09,1.7985836267471311
1998-07-10,1.7855510711669922
1998-07-13,1.7725176811218262
1998-07-14,1.779033899307251
1998-07-15,1.7594842910766602
1998-07-16,1.805101037025452
1998-07-17,1.7008352279663086
1998-07-20,1.6682522296905518
1998-07-21,1.6682522296905518
1998-07-22,1.6682522296905518
1998-07-23,1.5770190954208374
1998-07-24,1.6030855178833008
1998-07-27,1.6030855178833008
1998-07-28,1.5965694189071655
1998-07-29,1.6161190271377563
1998-07-30,1.7008352279663086
1998-07-31,1.674769163131714
1998-08-03,1.6161190271377563
1998-08-04,1.6226361989974976
1998-08-05,1.6682522296905518
1998-08-06,1.746450901031494
1998-08-07,1.7725176811218262
1998-08-10,1.7073510885238647
1998-08-11,1.5900524854660034
1998-08-12,1.651960372924805
1998-08-13,1.746450901031494
1998-08-14,1.6943186521530151
1998-08-17,1.746450901031494
1998-08-18,1.7855510711669922
1998-08-19,1.6682522296905518
1998-08-20,1.720384955406189
1998-08-21,1.6943186521530151
1998-08-24,1.7269020080566406
1998-08-25,1.6161190271377563
1998-08-26,1.537919044494629
1998-08-27,1.6682522296905518
1998-08-28,1.4727537631988523
1998-08-31,1.277255296707153
1998-09-01,1.368488073348999
1998-09-02,1.4075871706008911
1998-09-03,1.4597203731536863
1998-09-04,1.4206202030181885
1998-09-08,1.4857866764068604
1998-09-09,1.4336538314819336
1998-09-10,1.394554853439331
1998-09-11,1.4727537631988523
1998-09-14,1.4271376132965088
1998-09-15,1.4597203731536863
1998-09-16,1.4857866764068604
1998-09-17,1.4988200664520264
1998-09-18,1.5118530988693235
1998-09-21,1.5314035415649414
1998-09-22,1.5509529113769531
1998-09-23,1.6291521787643433
1998-09-24,1.6161190271377563
1998-09-25,1.537919044494629
1998-09-28,1.5248864889144895
1998-09-29,1.5248864889144895
1998-09-30,1.5248864889144895
1998-10-01,1.537919044494629
1998-10-02,1.6291521787643433
1998-10-05,1.5770190954208374
1998-10-06,1.5248864889144895
1998-10-07,1.4010705947875977
1998-10-08,1.355454683303833
1998-10-09,1.5639864206314087
1998-10-12,1.5248864889144895
1998-10-13,1.4988200664520264
1998-10-14,1.557469367980957
1998-10-15,1.537919044494629
1998-10-16,1.557469367980957
1998-10-19,1.5183697938919067
1998-10-20,1.4857866764068604
1998-10-21,1.5509529113769531
1998-10-22,1.7725176811218262
1998-10-23,1.7855510711669922
1998-10-26,1.811617136001587
1998-10-27,1.7725176811218262
1998-10-28,1.7334176301956177
1998-10-29,1.7725176811218262
1998-10-30,1.746450901031494
1998-11-02,1.8507170677185056
1998-11-03,1.909367203712464
1998-11-04,1.9614988565444944
1998-11-05,1.941949725151062
1998-11-06,1.941949725151062
1998-11-09,1.941949725151062
1998-11-10,1.941949725151062
1998-11-11,1.9289170503616333
1998-11-12,1.96801507472992
1998-11-13,1.883299708366394
1998-11-16,1.883299708366394
1998-11-17,1.8376837968826287
1998-11-18,1.7725176811218262
1998-11-19,1.8376837968826287
1998-11-20,1.7985836267471311
1998-11-23,1.8507170677185056
1998-11-24,1.870267629623413
1998-11-25,1.8963329792022705
1998-11-27,1.9028500318527224
1998-11-30,1.9549819231033323
1998-12-01,1.8507170677185056
1998-12-02,1.8507170677185056
1998-12-03,1.870267629623413
1998-12-04,1.8376837968826287
1998-12-07,1.8637505769729608
1998-12-08,1.889817833900452
1998-12-09,1.889817833900452
1998-12-10,1.948466420173645
1998-12-11,1.981049537658692
1998-12-14,1.9289170503616333
1998-12-15,1.9028500318527224
1998-12-16,2.007115125656128
1998-12-17,1.9940825700759888
1998-12-18,2.1960973739624023
1998-12-21,2.1960973739624023
1998-12-22,2.189580202102661
1998-12-23,2.189580202102661
1998-12-24,2.176546812057495
1998-12-28,2.1960973739624023
1998-12-29,2.189580202102661
1998-12-30,2.189580202102661
1998-12-31,2.2026140689849854
1999-01-04,2.2026140689849854
1999-01-05,2.189580202102661
1999-01-06,2.176546812057495
1999-01-07,2.170032024383545
1999-01-08,2.176546812057495
1999-01-11,2.2026140689849854
1999-01-12,2.143965244293213
1999-01-13,2.137446880340576
1999-01-14,2.1569979190826416
1999-01-15,2.254746913909912
1999-01-19,2.489344596862793
1999-01-20,2.600126504898072
1999-01-21,2.5023772716522217
1999-01-22,2.3981120586395264
1999-01-25,2.489344596862793
1999-01-26,2.450245141983032
1999-01-27,2.4241788387298584
1999-01-28,2.6522607803344727
1999-01-29,2.6327099800109863
1999-02-01,2.600126504898072
1999-02-02,2.547995090484619
1999-02-03,2.6196768283843994
1999-02-04,2.58057713508606
1999-02-05,2.567544460296631
1999-02-08,2.6131606101989746
1999-02-09,2.58057713508606
1999-02-10,2.450245141983032
1999-02-11,2.567544460296631
1999-02-12,2.5610270500183105
1999-02-16,2.554510593414306
1999-02-17,2.547995090484619
1999-02-18,2.600126504898072
1999-02-19,2.5740609169006348
1999-02-22,2.5936098098754883
1999-02-23,2.697876214981079
1999-02-24,2.7630417346954346
1999-02-25,2.6718099117279053
1999-02-26,2.606642961502075
1999-03-01,2.750008344650269
1999-03-02,2.802140235900879
1999-03-03,2.7630417346954346
1999-03-04,2.6196768283843994
1999-03-05,2.65877652168274
1999-03-08,2.65877652168274
1999-03-09,2.684843301773072
1999-03-10,2.710909366607666
1999-03-11,2.723942995071411
1999-03-12,2.808659076690674
1999-03-15,2.8151743412017822
1999-03-16,2.828207731246948
1999-03-17,2.802140235900879
1999-03-18,2.7630417346954346
1999-03-19,2.710909366607666
1999-03-22,2.6457433700561523
1999-03-23,2.5610270500183105
1999-03-24,2.567544460296631
1999-03-25,2.6457433700561523
1999-03-26,2.684843301773072
1999-03-29,2.730459213256836
1999-03-30,2.717425584793091
1999-03-31,3.0106730461120605
1999-04-01,2.919440746307373
1999-04-05,2.93247389793396
1999-04-06,2.880340814590454
1999-04-07,2.8151743412017822
1999-04-08,2.841240406036377
1999-04-09,2.8542745113372803
1999-04-12,2.9976401329040527
1999-04-13,3.0106730461120605
1999-04-14,2.867307662963867
1999-04-15,3.075838088989258
1999-04-16,2.938990831375122
1999-04-19,2.8151743412017822
1999-04-20,2.841240406036377
1999-04-21,2.828207731246948
1999-04-22,2.789109706878662
1999-04-23,2.8151743412017822
1999-04-26,2.945507526397705
1999-04-27,3.0497729778289795
1999-04-28,2.945507526397705
1999-04-29,2.925956964492798
1999-04-30,2.860790967941284
1999-05-03,2.789109706878662
1999-05-04,2.841240406036377
1999-05-05,2.8216919898986816
1999-05-06,2.730459213256836
1999-05-07,2.684843301773072
1999-05-10,2.684843301773072
1999-05-11,2.697876214981079
1999-05-12,2.704392910003662
1999-05-13,2.697876214981079
1999-05-14,2.6457433700561523
1999-05-17,2.541476964950561
1999-05-18,2.455132246017456
1999-05-19,2.554510593414306
1999-05-20,2.6196768283843994
1999-05-21,2.65877652168274
1999-05-24,2.6327099800109863
1999-05-25,2.6327099800109863
1999-05-26,2.65877652168274
1999-05-27,2.6327099800109863
1999-05-28,2.6196768283843994
1999-06-01,2.6783275604248047
1999-06-02,2.6783275604248047
1999-06-03,2.6783275604248047
1999-06-04,2.6327099800109863
1999-06-07,2.6392266750335693
1999-06-08,2.626193761825561
1999-06-09,2.6522607803344727
1999-06-10,2.642485380172729
1999-06-11,2.528444290161133
1999-06-14,2.554510593414306
1999-06-15,2.52192759513855
1999-06-16,2.587094783782959
1999-06-17,2.5023772716522217
1999-06-18,2.508894681930542
1999-06-21,2.528444290161133
1999-06-22,2.587094783782959
1999-06-23,2.606642961502075
1999-06-24,2.606642961502075
1999-06-25,2.626193761825561
1999-06-28,2.684843301773072
1999-06-29,2.6457433700561523
1999-06-30,2.6457433700561523
1999-07-01,2.65877652168274
1999-07-02,2.65877652168274
1999-07-06,2.5936098098754883
1999-07-07,2.58057713508606
1999-07-08,2.6131606101989746
1999-07-09,2.606642961502075
1999-07-12,2.750008344650269
1999-07-13,2.710909366607666
1999-07-14,3.017190456390381
1999-07-15,2.841240406036377
1999-07-16,2.7825927734375
1999-07-19,2.893374443054199
1999-07-20,3.0628061294555664
1999-07-21,3.0628061294555664
1999-07-22,3.0562896728515625
1999-07-23,2.9976401329040527
1999-07-26,3.0237061977386475
1999-07-27,3.0302231311798096
1999-07-28,2.958540201187134
1999-07-29,2.893374443054199
1999-07-30,3.1279728412628174
1999-08-02,2.9715733528137207
1999-08-03,2.9846067428588867
1999-08-04,2.8151743412017822
1999-08-05,2.828207731246948
1999-08-06,2.867307662963867
1999-08-09,3.0237061977386475
1999-08-10,3.0106730461120605
1999-08-11,3.08887243270874
1999-08-12,3.1149380207061768
1999-08-13,3.1019058227539062
1999-08-16,3.0497729778289795
1999-08-17,3.0106730461120605
1999-08-18,2.99112319946289
1999-08-19,2.899890899658203
1999-08-20,3.017190456390381
1999-08-23,3.017190456390381
1999-08-24,3.167071580886841
1999-08-25,3.238755464553833
1999-08-26,3.193137884140014
1999-08-27,3.225721597671509
1999-08-30,3.2192041873931885
1999-08-31,3.2322380542755127
1999-09-01,3.3430209159851074
1999-09-02,3.3365044593811035
1999-09-03,3.36257004737854
1999-09-07,3.2778537273406982
1999-09-08,3.382119655609131
1999-09-09,3.3039207458496094
1999-09-10,3.297403573989868
1999-09-13,3.3039207458496094
1999-09-14,3.3365044593811035
1999-09-15,3.3365044593811035
1999-09-16,3.3299877643585205
1999-09-17,3.414702177047729
1999-09-20,3.3886373043060303
1999-09-21,3.3365044593811035
1999-09-22,3.3299877643585205
1999-09-23,3.2908875942230225
1999-09-24,3.225721597671509
1999-09-27,3.2452714443206787
1999-09-28,3.2452714443206787
1999-09-29,3.2583043575286865
1999-09-30,3.2713370323181152
1999-10-01,3.310436487197876
1999-10-04,3.414702177047729
1999-10-05,3.36257004737854
1999-10-06,3.3560545444488525
1999-10-07,3.36257004737854
1999-10-08,3.36257004737854
1999-10-11,3.453803300857544
1999-10-12,3.5971672534942627
1999-10-13,3.5515522956848145
1999-10-14,3.4081857204437256
1999-10-15,3.375603675842285
1999-10-18,3.4472856521606445
1999-10-19,3.525485277175904
1999-10-20,3.9686145782470703
1999-10-21,4.170628070831299
1999-10-22,3.9751322269439697
1999-10-25,4.170628070831299
1999-10-26,4.170628070831299
1999-10-27,4.014230251312256
1999-10-28,4.1641130447387695
1999-10-29,4.105463027954102
1999-11-01,3.9686145782470703
1999-11-02,4.072882175445557
1999-11-03,4.072882175445557
1999-11-04,3.9686145782470703
1999-11-05,4.007714748382568
1999-11-08,3.9751322269439697
1999-11-09,4.007714748382568
1999-11-10,4.066362857818604
1999-11-11,4.12501335144043
1999-11-12,4.366127014160156
1999-11-15,4.235794544219971
1999-11-16,4.261862754821777
1999-11-17,4.313994884490967
1999-11-18,4.313994884490967
1999-11-19,4.287929534912109
1999-11-22,4.626791954040527
1999-11-23,4.652858734130859
1999-11-24,4.691956996917725
1999-11-26,4.574657917022705
1999-11-29,4.626791954040527
1999-11-30,5.0634050369262695
1999-12-01,5.317553043365479
1999-12-02,5.37620210647583
1999-12-03,5.359909057617188
1999-12-06,4.952619552612305
1999-12-07,5.200252056121826
1999-12-08,5.21328592300415
1999-12-09,5.109021186828613
1999-12-10,5.102503776550293
1999-12-13,4.978689193725586
1999-12-14,4.887457847595215
1999-12-15,4.874423980712891
1999-12-16,4.848357677459717
1999-12-17,5.095989227294922
1999-12-20,5.356654167175293
1999-12-21,5.265419960021973
1999-12-22,5.239353656768799
1999-12-23,5.356654167175293
1999-12-27,5.454402923583984
1999-12-28,5.737874031066895
1999-12-29,5.539116859436035
1999-12-30,5.6173176765441895
1999-12-31,5.741132736206055
2000-01-03,6.060445308685303
2000-01-04,5.715066432952881
2000-01-05,5.6303486824035645
2000-01-06,5.428333282470703
2000-01-07,5.418560981750488
2000-01-10,6.145163536071777
2000-01-11,6.373243808746338
2000-01-12,6.503575801849365
2000-01-13,6.558967590332031
2000-01-14,6.998837947845459
2000-01-18,7.011868953704834
2000-01-19,7.20736837387085
2000-01-20,7.086811542510986
2000-01-21,6.946706295013428
2000-01-24,7.044455051422119
2000-01-25,7.041193008422852
2000-01-26,6.835923194885254
2000-01-27,6.72514009475708
2000-01-28,6.31785249710083
2000-01-31,6.503575801849365
2000-02-01,6.689297676086426
2000-02-02,6.542674064636231
2000-02-03,6.686040878295898
2000-02-04,6.55570650100708
2000-02-07,6.673008918762207
2000-02-08,6.985803604125977
2000-02-09,6.855473041534424
2000-02-10,7.259502410888672
2000-02-11,7.357249736785889
2000-02-14,7.50061559677124
2000-02-15,7.793863773345947
2000-02-16,7.885098934173584
2000-02-17,8.373842239379883
2000-02-18,7.70914888381958
2000-02-22,7.578817844390869
2000-02-23,7.562521457672119
2000-02-24,8.132725715637207
2000-02-25,7.937228202819824
2000-02-28,8.566083908081055
2000-02-29,8.944046974182129
2000-03-01,9.214483261108398
2000-03-02,8.670347213745117
2000-03-03,8.71270751953125
2000-03-06,9.27964973449707
2000-03-07,8.562823295593262
2000-03-08,8.445525169372559
2000-03-09,8.373842239379883
2000-03-10,8.041494369506836
2000-03-13,7.507135391235352
2000-03-14,6.842440605163574
2000-03-15,6.835923194885254
2000-03-16,7.826446533203125
2000-03-17,7.4973578453063965
2000-03-20,7.259502410888672
2000-03-21,7.947001934051514
2000-03-22,8.445525169372559
2000-03-23,7.885098934173584
2000-03-24,8.17182731628418
2000-03-27,8.139245986938477
2000-03-28,7.402868270874023
2000-03-29,6.998837947845459
2000-03-30,6.75120735168457
2000-03-31,7.194334506988525
2000-04-03,6.255945682525635
2000-04-04,7.1617512702941895
2000-04-05,7.20736837387085
2000-04-06,7.285567760467529
2000-04-07,7.20736837387085
2000-04-10,7.4810686111450195
2000-04-11,7.406128406524658
2000-04-12,6.959738254547119
2000-04-13,7.037937164306641
2000-04-14,6.7772746086120605
2000-04-17,6.268978595733643
2000-04-18,7.337700366973877
2000-04-19,7.331184864044189
2000-04-20,7.187821388244629
2000-04-24,6.99232292175293
2000-04-25,7.344220638275146
2000-04-26,6.659974575042725
2000-04-27,7.239950656890869
2000-04-28,7.415900707244873
2000-05-01,7.767798900604248
2000-05-02,7.331184864044189
2000-05-03,7.4810686111450195
2000-05-04,7.559271335601807
2000-05-05,8.282609939575195
2000-05-08,8.282609939575195
2000-05-09,8.080594062805176
2000-05-10,7.86554479598999
2000-05-11,8.230475425720215
2000-05-12,7.741727352142334
2000-05-15,7.937228202819824
2000-05-16,7.80689811706543
2000-05-17,7.826446533203125
2000-05-18,7.376796245574951
2000-05-19,7.246468544006348
2000-05-22,8.028460502624512
2000-05-23,7.298603057861328
2000-05-24,7.1617512702941895
2000-05-25,7.402868270874023
2000-05-26,7.259502410888672
2000-05-30,7.976330280303955
2000-05-31,8.334746360778809
2000-06-01,9.071120262145996
2000-06-02,9.931317329406738
2000-06-05,10.335342407226562
2000-06-06,9.631546020507812
2000-06-07,9.49470043182373
2000-06-08,9.657611846923828
2000-06-09,9.69019603729248
2000-06-12,9.872663497924805
2000-06-13,9.70974826812744
2000-06-14,10.35489559173584
2000-06-15,11.469230651855469
2000-06-16,11.697310447692873
2000-06-19,12.759523391723633
2000-06-20,12.238192558288574
2000-06-21,12.694354057312012
2000-06-22,12.257742881774902
2000-06-23,11.580015182495115
2000-06-26,13.241745948791504
2000-06-27,13.657179832458496
2000-06-28,14.597206115722656
2000-06-29,14.036771774291992
2000-06-30,13.55454921722412
2000-07-03,15.431336402893066
2000-07-05,14.857869148254396
2000-07-06,13.815213203430176
2000-07-07,14.24530792236328
2000-07-10,14.382156372070312
2000-07-11,14.831801414489746
2000-07-12,15.144596099853516
2000-07-13,14.38866901397705
2000-07-14,13.098380088806152
2000-07-17,13.306914329528809
2000-07-18,12.73996925354004
2000-07-19,12.824684143066406
2000-07-20,12.407623291015623
2000-07-21,12.107858657836914
2000-07-24,12.225156784057615
2000-07-25,11.905843734741213
2000-07-26,12.564022064208984
2000-07-27,11.755961418151855
2000-07-28,11.12385368347168
2000-07-31,10.413538932800291
2000-08-01,10.4314603805542
2000-08-02,10.68723964691162
2000-08-03,11.006547927856444
2000-08-04,11.443161964416504
2000-08-07,11.41709804534912
2000-08-08,10.713308334350586
2000-08-09,8.979888916015625
2000-08-10,9.123250007629396
2000-08-11,9.755363464355469
2000-08-14,9.123250007629396
2000-08-15,8.0675630569458
2000-08-16,8.041494369506836
2000-08-17,7.689599514007568
2000-08-18,7.611400127410889
2000-08-21,7.963298320770264
2000-08-22,7.881837368011475
2000-08-23,9.077635765075684
2000-08-24,9.475146293640137
2000-08-25,9.53379726409912
2000-08-28,9.670647621154783
2000-08-29,9.38391399383545
2000-08-30,9.57941436767578
2000-08-31,9.957378387451172
2000-09-01,10.622074127197266
2000-09-05,10.113777160644531
2000-09-06,9.30571746826172
2000-09-07,9.937826156616213
2000-09-08,9.351336479187012
2000-09-11,9.696715354919434
2000-09-12,9.625032424926758
2000-09-13,10.061640739440918
2000-09-14,10.374439239501951
2000-09-15,9.618515014648438
2000-09-18,9.39043426513672
2000-09-19,10.191978454589844
2000-09-20,9.931317329406738
2000-09-21,10.068161010742188
2000-09-22,11.052166938781738
2000-09-25,11.364961624145508
2000-09-26,11.156438827514648
2000-09-27,11.306314468383787
2000-09-28,12.016624450683594
2000-09-29,11.677762985229492
2000-10-02,11.886293411254885
2000-10-03,11.07823371887207
2000-10-04,11.052166938781738
2000-10-05,10.99351692199707
2000-10-06,10.902286529541016
2000-10-09,10.700268745422363
2000-10-10,11.23463535308838
2000-10-11,11.469230651855469
2000-10-12,10.661172866821287
2000-10-13,11.019587516784668
2000-10-16,10.817569732666016
2000-10-17,10.895771980285645
2000-10-18,11.280250549316406
2000-10-19,11.02609920501709
2000-10-20,12.863787651062012
2000-10-23,13.065803527832031
2000-10-24,10.491740226745604
2000-10-25,11.280250549316406
2000-10-26,11.46271514892578
2000-10-27,11.162949562072754
2000-10-30,10.296242713928224
2000-10-31,11.755961418151855
2000-11-01,11.052166938781738
2000-11-02,11.671247482299805
2000-11-03,11.76247787475586
2000-11-06,11.382888793945312
2000-11-07,11.78203010559082
2000-11-08,11.110817909240724
2000-11-09,10.98048496246338
2000-11-10,10.74588680267334
2000-11-13,9.911766052246094
2000-11-14,9.911766052246094
2000-11-15,10.439604759216309
2000-11-16,9.49470043182373
2000-11-17,9.90523910522461
2000-11-20,9.56637954711914
2000-11-21,9.40346622467041
2000-11-22,9.325267791748049
2000-11-24,9.592448234558104
2000-11-27,10.407025337219238
2000-11-28,10.022544860839844
2000-11-29,9.220998764038086
2000-11-30,9.27964973449707
2000-12-01,9.827045440673828
2000-12-04,10.20500659942627
2000-12-05,9.540311813354492
2000-12-06,8.549787521362305
2000-12-07,8.28912353515625
2000-12-08,8.575859069824219
2000-12-11,8.732254028320312
2000-12-12,8.119695663452148
2000-12-13,8.223962783813477
2000-12-14,7.702630043029785
2000-12-15,7.507135391235352
2000-12-18,6.803339004516602
2000-12-19,7.168264865875244
2000-12-20,6.959738254547119
2000-12-21,6.673008918762207
2000-12-22,7.402868270874023
2000-12-26,7.347478866577148
2000-12-27,6.803339004516602
2000-12-28,7.350735187530518
2000-12-29,7.520162105560303
2001-01-02,7.024905204772949
2001-01-03,5.943146705627441
2001-01-04,5.760681629180908
2001-01-05,5.408784866333008
2001-01-08,5.004754543304443
2001-01-09,5.187219619750977
2001-01-10,5.395752429962158
2001-01-11,5.447885990142822
2001-01-12,5.90404748916626
2001-01-16,5.943146705627441
2001-01-17,6.242910385131836
2001-01-18,6.255945682525635
2001-01-19,6.386275768280029
2001-01-22,6.699075222015381
2001-01-23,6.607840538024902
2001-01-24,6.542674064636231
2001-01-25,6.699075222015381
2001-01-26,6.699075222015381
2001-01-29,6.516608715057373
2001-01-30,6.2038116455078125
2001-01-31,5.786748886108398
2001-02-01,5.851912975311279
2001-02-02,5.8258466720581055
2001-02-05,5.851912975311279
2001-02-06,5.812813758850098
2001-02-07,5.7085490226745605
2001-02-08,5.669449806213379
2001-02-09,5.526083469390869
2001-02-12,5.6564154624938965
2001-02-13,5.421818733215332
2001-02-14,5.21328592300415
2001-02-15,5.278452396392822
2001-02-16,5.395752429962158
2001-02-20,5.291486740112305
2001-02-21,5.21328592300415
2001-02-22,5.187219619750977
2001-02-23,5.174188613891602
2001-02-26,5.760681629180908
2001-02-27,5.643383979797363
2001-02-28,5.6173176765441895
2001-03-01,5.747649192810059
2001-03-02,6.373243808746338
2001-03-05,6.386275768280029
2001-03-06,6.164712905883789
2001-03-07,6.190778255462647
2001-03-08,6.360209941864014
2001-03-09,6.151676177978516
2001-03-12,5.682480812072754
2001-03-13,5.473952293395996
2001-03-14,5.682480812072754
2001-03-15,5.21328592300415
2001-03-16,5.082953929901123
2001-03-19,5.7085490226745605
2001-03-20,5.513049602508545
2001-03-21,4.757123947143555
2001-03-22,4.691956996917725
2001-03-23,5.095989227294922
2001-03-26,5.604280471801758
2001-03-27,5.408784866333008
2001-03-28,5.6303486824035645
2001-03-29,5.486983776092529
2001-03-30,5.447885990142822
2001-04-02,5.317553043365479
2001-04-03,5.174188613891602
2001-04-04,5.226320266723633
2001-04-05,5.278452396392822
2001-04-06,5.434850215911865
2001-04-09,5.421818733215332
2001-04-10,5.740870475769043
2001-04-11,5.717933654785156
2001-04-12,5.857646465301514
2001-04-16,6.005704879760742
2001-04-17,6.026560306549072
2001-04-18,6.374805927276611
2001-04-19,6.424854755401611
2001-04-20,6.420683860778809
2001-04-23,6.237177848815918
2001-04-24,6.168363094329834
2001-04-25,6.258029460906982
2001-04-26,6.358124256134033
2001-04-27,6.906561374664307
2001-04-30,6.693860530853272
2001-05-01,7.413293838500977
2001-05-02,7.496712207794189
2001-05-03,7.511301040649414
2001-05-04,7.058787822723389
2001-05-07,7.152627944946289
2001-05-08,7.215188503265381
2001-05-09,7.35907506942749
2001-05-10,7.110919952392578
2001-05-11,7.150542736053467
2001-05-14,7.152627944946289
2001-05-15,6.99831485748291
2001-05-16,7.225614070892334
2001-05-17,7.3986968994140625
2001-05-18,7.580117702484131
2001-05-21,7.842869281768799
2001-05-22,8.009693145751953
2001-05-23,7.632251739501953
2001-05-24,7.6072282791137695
2001-05-25,7.590545177459717
2001-05-29,7.36116361618042
2001-05-30,7.006655216217041
2001-05-31,6.883625507354736
2001-06-01,7.183907508850098
2001-06-04,7.277745723724365
2001-06-05,7.279834270477295
2001-06-06,7.425804615020752
2001-06-07,7.296515464782715
2001-06-08,7.530073165893555
2001-06-11,6.935755729675293
2001-06-12,6.616702556610107
2001-06-13,6.914902687072754
2001-06-14,6.572910785675049
2001-06-15,6.62713098526001
2001-06-18,6.466559410095215
2001-06-19,6.076606273651123
2001-06-20,6.028645515441895
2001-06-21,5.809686183929443
2001-06-22,5.61992073059082
2001-06-25,5.4239044189453125
2001-06-26,5.609494686126709
2001-06-27,5.795088768005371
2001-06-28,6.062007904052734
2001-06-29,6.7772746086120605
2001-07-02,6.266369819641113
2001-07-03,6.3372721672058105
2001-07-05,6.258029460906982
2001-07-06,6.143336296081543
2001-07-09,6.172530651092529
2001-07-10,6.187128067016602
2001-07-11,6.049497604370117
2001-07-12,6.441537380218506
2001-07-13,6.481157779693604
2001-07-16,6.600020408630371
2001-07-17,6.149593353271484
2001-07-18,6.145421504974365
2001-07-19,6.149593353271484
2001-07-20,6.28305196762085
2001-07-23,6.036987781524658
2001-07-24,5.986937999725342
2001-07-25,5.880588054656982
2001-07-26,6.479072570800781
2001-07-27,6.456135749816895
2001-07-30,6.331015586853027
2001-07-31,6.107887268066406
2001-08-01,6.285136699676514
2001-08-02,6.316420078277588
2001-08-03,6.61253023147583
2001-08-06,6.339356899261475
2001-08-07,6.235091209411621
2001-08-08,6.022387981414795
2001-08-09,6.245516300201416
2001-08-10,6.191298961639404
2001-08-13,6.233004570007324
2001-08-14,6.489500522613525
2001-08-15,6.62713098526001
2001-08-16,6.689689159393311
2001-08-17,6.812724113464356
2001-08-20,6.7772746086120605
2001-08-21,6.841915130615234
2001-08-22,7.309025764465332
2001-08-23,7.400781631469727
2001-08-24,7.32779598236084
2001-08-27,6.996229648590088
2001-08-28,6.931586742401123
2001-08-29,6.860684871673584
2001-08-30,6.8773698806762695
2001-08-31,6.608363151550293
2001-09-04,6.597937107086182
2001-09-05,6.456135749816895
2001-09-06,6.245516300201416
2001-09-07,6.255945682525635
2001-09-10,6.155848503112793
2001-09-17,5.811771869659424
2001-09-18,5.730442523956299
2001-09-19,5.742958068847656
2001-09-20,5.697080612182617
2001-09-21,5.419734001159668
2001-09-24,5.400965213775635
2001-09-25,5.70542049407959
2001-09-26,5.684567451477051
2001-09-27,5.999451160430908
2001-09-28,6.137080192565918
2001-10-01,6.062007904052734
2001-10-02,5.820114612579346
2001-10-03,6.134995937347412
2001-10-04,6.0411553382873535
2001-10-05,6.214237689971924
2001-10-08,6.114142894744873
2001-10-09,5.9723405838012695
2001-10-10,6.034901142120361
2001-10-11,6.193384170532227
2001-10-12,6.201725006103516
2001-10-15,6.0578389167785645
2001-10-16,5.926466464996338
2001-10-17,5.847222328186035
2001-10-18,6.068263530731201
2001-10-19,5.991109848022461
2001-10-22,6.1412529945373535
2001-10-23,6.1600213050842285
2001-10-24,6.214237689971924
2001-10-25,6.328927516937256
2001-10-26,6.702201843261719
2001-10-29,6.287222385406494
2001-10-30,6.099545955657959
2001-10-31,6.285136699676514
2001-11-01,6.191298961639404
2001-11-02,6.383150577545166
2001-11-05,6.412342071533203
2001-11-06,6.422769069671631
2001-11-07,6.435281276702881
2001-11-08,6.456135749816895
2001-11-09,6.132909774780273
2001-11-12,6.2038116455078125
2001-11-13,6.255945682525635
2001-11-14,6.2038116455078125
2001-11-15,6.351869106292725
2001-11-16,6.176702499389648
2001-11-19,6.52703332901001
2001-11-20,6.497842788696289
2001-11-21,6.541631698608398
2001-11-23,6.745992660522461
2001-11-26,6.729310035705566
2001-11-27,6.67092227935791
2001-11-28,6.48532772064209
2001-11-29,6.620872974395752
2001-11-30,6.61878776550293
2001-12-03,6.426940441131592
2001-12-04,6.412342071533203
2001-12-05,6.620872974395752
2001-12-06,7.067131519317627
2001-12-07,6.950357437133789
2001-12-10,6.604191780090332
2001-12-11,6.48532772064209
2001-12-12,6.597937107086182
2001-12-13,6.7960405349731445
2001-12-14,6.779358863830566
2001-12-17,7.081729888916016
2001-12-18,7.198506832122803
2001-12-19,7.058787822723389
2001-12-20,6.885708808898926
2001-12-21,7.304856300354004
2001-12-24,7.298603057861328
2001-12-26,7.584289073944092
2001-12-27,7.429975509643555
2001-12-28,7.446657657623291
2001-12-31,7.684384822845459
2002-01-02,7.505049705505371
2002-01-03,7.611400127410889
2002-01-04,7.584289073944092
2002-01-07,7.336135387420654
2002-01-08,7.469596862792969
2002-01-09,7.536327362060547
2002-01-10,7.721925735473633
2002-01-11,7.726093769073486
2002-01-14,7.446657657623291
2002-01-15,7.313199520111084
2002-01-16,6.99831485748291
2002-01-17,7.042108535766602
2002-01-18,6.833578109741211
2002-01-22,6.964951992034912
2002-01-23,7.256894111633301
2002-01-24,7.261068344116211
2002-01-25,7.208933353424072
2002-01-28,7.119263172149658
2002-01-29,6.420683860778809
2002-01-30,6.554145336151123
2002-01-31,6.404000759124756
2002-02-01,6.706373691558838
2002-02-04,6.577083587646484
2002-02-05,6.568739891052246
2002-02-06,6.543718338012695
2002-02-07,6.260115146636963
2002-02-08,6.4436235427856445
2002-02-11,6.493669033050537
2002-02-12,6.673008918762207
2002-02-13,6.791872024536133
2002-02-14,6.470733165740967
2002-02-15,6.48532772064209
2002-02-19,6.030730724334717
2002-02-20,6.52703332901001
2002-02-21,5.959831237792969
2002-02-22,6.193384170532227
2002-02-25,5.968172073364258
2002-02-26,6.143336296081543
2002-02-27,6.193384170532227
2002-02-28,6.1600213050842285
2002-03-01,5.79926061630249
2002-03-04,5.859734535217285
2002-03-05,5.74504280090332
2002-03-06,5.717933654785156
2002-03-07,5.634519577026367
2002-03-08,5.692909240722656
2002-03-11,5.753382205963135
2002-03-12,5.730442523956299
2002-03-13,5.922290802001953
2002-03-14,6.070350646972656
2002-03-15,6.10371732711792
2002-03-18,6.172530651092529
2002-03-19,6.068263530731201
2002-03-20,5.859734535217285
2002-03-21,6.107887268066406
2002-03-22,6.005704879760742
2002-03-25,5.79717493057251
2002-03-26,5.916036128997803
2002-03-27,5.880588054656982
2002-03-28,5.74921178817749
2002-04-01,5.89101505279541
2002-04-02,5.840965747833252
2002-04-03,5.828454971313477
2002-04-04,5.73253059387207
2002-04-05,5.64077615737915
2002-04-08,5.780491352081299
2002-04-09,5.828454971313477
2002-04-10,5.941062450408936
2002-04-11,5.838881492614746
2002-04-12,5.75546932220459
2002-04-15,5.882671356201172
2002-04-16,5.986937999725342
2002-04-17,5.89101505279541
2002-04-18,6.126653671264648
2002-04-19,5.765895366668701
2002-04-22,5.740870475769043
2002-04-23,5.801345348358154
2002-04-24,5.888927459716797
2002-04-25,5.674140930175781
2002-04-26,5.580300807952881
2002-04-29,5.484376907348633
2002-04-30,5.565704822540283
2002-05-01,5.596987724304199
2002-05-02,5.651201725006104
2002-05-03,5.599071502685547
2002-05-06,5.275846481323242
2002-05-07,5.294615268707275
2002-05-08,5.765895366668701
2002-05-09,5.636603832244873
2002-05-10,5.632434368133545
2002-05-13,5.911866188049316
2002-05-14,6.243432998657227
2002-05-15,6.543718338012695
2002-05-16,6.291394710540772
2002-05-17,6.8231520652771
2002-05-20,6.487414836883545
2002-05-21,6.574997425079346
2002-05-22,6.610446929931641
2002-05-23,6.7772746086120605
2002-05-24,6.520776748657227
2002-05-28,6.556229591369629
2002-05-29,6.541631698608398
2002-05-30,6.691775321960449
2002-05-31,6.549973487854004
2002-06-03,6.38731861114502
2002-06-04,6.2038116455078125
2002-06-05,6.233004570007324
2002-06-06,6.047412395477295
2002-06-07,6.174618244171143
2002-06-10,6.218409061431885
2002-06-11,6.003620147705078
2002-06-12,6.216324329376221
2002-06-13,5.872247219085693
2002-06-14,6.074520587921143
2002-06-17,6.318503856658936
2002-06-18,6.172530651092529
2002-06-19,6.143336296081543
2002-06-20,5.924377918243408
2002-06-21,5.922290802001953
2002-06-24,5.83471155166626
2002-06-25,5.536510467529297
2002-06-26,5.795088768005371
2002-06-27,6.09745979309082
2002-06-28,5.884758949279785
2002-07-01,5.807601451873779
2002-07-02,5.690822601318359
2002-07-03,5.136130332946777
2002-07-05,5.265419960021973
2002-07-08,5.023521423339844
2002-07-09,4.971388816833496
2002-07-10,4.752432823181152
2002-07-11,4.9964118003845215
2002-07-12,5.090251922607422
2002-07-15,5.000586986541748
2002-07-16,5.280016899108887
2002-07-17,5.421818733215332
2002-07-18,5.159067153930664
2002-07-19,5.094424724578857
2002-07-22,4.923429012298584
2002-07-23,4.777458190917969
2002-07-24,5.004754543304443
2002-07-25,5.238310813903809
2002-07-26,5.350915908813477
2002-07-29,5.692909240722656
2002-07-30,5.9723405838012695
2002-07-31,5.765895366668701
2002-08-01,5.711674690246582
2002-08-02,5.647030830383301
2002-08-05,5.421818733215332
2002-08-06,5.576130390167236
2002-08-07,5.65537166595459
2002-08-08,5.922290802001953
2002-08-09,5.89101505279541
2002-08-12,5.895184516906738
2002-08-13,5.807601451873779
2002-08-14,6.224665641784668
2002-08-15,6.3977460861206055
2002-08-16,6.568739891052246
2002-08-19,6.45404863357544
2002-08-20,6.464476108551025
2002-08-21,6.683433532714844
2002-08-22,6.61878776550293
2002-08-23,6.451963901519775
2002-08-26,6.479072570800781
2002-08-27,6.155848503112793
2002-08-28,5.976511955261231
2002-08-29,6.072435855865479
2002-08-30,5.920206546783447
2002-09-03,5.692909240722656
2002-09-04,5.9285502433776855
2002-09-05,5.753382205963135
2002-09-06,6.066177845001221
2002-09-09,6.235091209411621
2002-09-10,6.297649383544922
2002-09-11,6.224665641784668
2002-09-12,6.199641227722168
2002-09-13,6.381064414978027
2002-09-16,6.299736499786377
2002-09-17,6.245516300201416
2002-09-18,6.356039524078369
2002-09-19,6.1412529945373535
2002-09-20,6.182958126068115
2002-09-23,6.018216609954834
2002-09-24,6.3059916496276855
2002-09-25,6.62713098526001
2002-09-26,6.570827960968018
2002-09-27,6.57916784286499
2002-09-30,6.837747573852539
2002-10-01,7.1338629722595215
2002-10-02,6.933670520782471
2002-10-03,7.246468544006348
2002-10-04,6.4436235427856445
2002-10-07,6.401916027069092
2002-10-08,6.456135749816895
2002-10-09,6.278883457183838
2002-10-10,6.360209941864014
2002-10-11,6.560401916503906
2002-10-14,6.666751861572266
2002-10-15,6.745992660522461
2002-10-16,6.756418704986572
2002-10-17,6.971205711364746
2002-10-18,6.954524993896484
2002-10-21,6.891963958740234
2002-10-22,6.63964319229126
2002-10-23,6.556229591369629
2002-10-24,6.3914899826049805
2002-10-25,6.67092227935791
2002-10-28,6.564572334289551
2002-10-29,6.610446929931641
2002-10-30,6.789784908294678
2002-10-31,6.881539821624756
2002-11-01,6.831491470336914
2002-11-04,6.829404354095459
2002-11-05,6.689689159393311
2002-11-06,6.771015644073486
2002-11-07,6.685518741607666
2002-11-08,6.691775321960449
2002-11-11,6.49992561340332
2002-11-12,6.65632438659668
2002-11-13,6.577083587646484
2002-11-14,6.779358863830566
2002-11-15,6.7772746086120605
2002-11-18,6.69594669342041
2002-11-19,6.622959613800049
2002-11-20,6.837747573852539
2002-11-21,7.108839988708496
2002-11-22,7.037937164306641
2002-11-25,7.004572868347168
2002-11-26,6.698030948638916
2002-11-27,6.572910785675049
2002-11-29,6.451963901519775
2002-12-02,6.47490119934082
2002-12-03,6.381064414978027
2002-12-04,6.287222385406494
2002-12-05,6.1600213050842285
2002-12-06,6.201725006103516
2002-12-09,6.047412395477295
2002-12-10,6.116228103637695
2002-12-11,6.149593353271484
2002-12-12,6.199641227722168
2002-12-13,5.9973649978637695
2002-12-16,6.016132354736328
2002-12-17,6.055753231048584
2002-12-18,6.0411553382873535
2002-12-19,6.032814979553223
2002-12-20,6.262200355529785
2002-12-23,6.28096866607666
2002-12-24,6.245516300201416
2002-12-26,6.112058162689209
2002-12-27,5.980682373046875
2002-12-30,5.926466464996338
2002-12-31,5.955657005310059
2003-01-02,6.045328617095947
2003-01-03,5.872247219085693
2003-01-06,5.669970512390137
2003-01-07,5.411392688751221
2003-01-08,5.400965213775635
2003-01-09,5.582387447357178
2003-01-10,5.488546848297119
2003-01-13,5.74504280090332
2003-01-14,5.638692378997803
2003-01-15,5.505229949951172
2003-01-16,5.555277347564697
2003-01-17,5.451012134552002
2003-01-21,5.319637298583984
2003-01-22,5.340491771697998
2003-01-23,5.3801116943359375
2003-01-24,5.363429069519043
2003-01-27,5.311296463012695
2003-01-28,4.831673622131348
2003-01-29,4.710726737976074
2003-01-30,4.754516124725342
2003-01-31,4.7586870193481445
2003-02-03,4.748261451721191
2003-02-04,4.650251865386963
2003-02-05,4.560583114624023
2003-02-06,4.600204944610596
2003-02-07,4.575181007385254
2003-02-10,4.573094367980957
2003-02-11,4.556410312652588
2003-02-12,4.479255199432373
2003-02-13,4.3562211990356445
2003-02-14,4.468830108642578
2003-02-18,4.587690830230713
2003-02-19,4.589776992797852
2003-02-20,4.504281044006348
2003-02-21,4.61480188369751
2003-02-24,4.485511779785156
2003-02-25,4.45006275177002
2003-02-26,4.383330345153809
2003-02-27,4.543900966644287
2003-02-28,4.529304504394531
2003-03-03,4.537643909454346
2003-03-04,4.485511779785156
2003-03-05,4.470916271209717
2003-03-06,4.439634323120117
2003-03-07,4.437549114227295
2003-03-10,4.406269073486328
2003-03-11,4.366647720336914
2003-03-12,4.429208278656006
2003-03-13,4.587690830230713
2003-03-14,4.61480188369751
2003-03-17,4.760773181915283
2003-03-18,4.79831075668335
2003-03-19,4.583522319793701
2003-03-20,4.489683628082275
2003-03-21,4.64399528503418
2003-03-24,4.445888519287109
2003-03-25,4.654423236846924
2003-03-26,4.525131702423096
2003-03-27,4.427122116088867
2003-03-28,4.441718578338623
2003-03-31,4.3270263671875
2003-04-01,4.283236980438232
2003-04-02,4.400012016296387
2003-04-03,4.224847793579102
2003-04-04,4.053852558135986
2003-04-07,3.951672315597534
2003-04-08,4.010060787200928
2003-04-09,4.003803730010986
2003-04-10,3.991290807723999
2003-04-11,3.97252345085144
2003-04-14,4.0267415046691895
2003-04-15,4.045507431030273
2003-04-16,4.028828144073486
2003-04-17,4.181056022644043
2003-04-21,4.118494987487793
2003-04-22,4.299918174743652
2003-04-23,4.36456298828125
2003-04-24,4.416696071624756
2003-04-25,4.370819091796875
2003-04-28,4.441718578338623
2003-04-29,4.602288246154785
2003-04-30,4.6252288818359375
2003-05-01,5.596987724304199
2003-05-02,5.638692378997803
2003-05-05,5.488546848297119
2003-05-06,5.542765140533447
2003-05-07,5.425988674163818
2003-05-08,5.332149028778076
2003-05-09,5.465610980987549
2003-05-12,5.484376907348633
2003-05-13,5.413476943969727
2003-05-14,5.425988674163818
2003-05-15,5.463526725769043
2003-05-16,5.292529582977295
2003-05-19,5.173666477203369
2003-05-20,5.14030122756958
2003-05-21,5.1924357414245605
2003-05-22,5.375942230224609
2003-05-23,5.436418056488037
2003-05-27,5.703336715698242
2003-05-28,5.872247219085693
2003-05-29,5.870159149169922
2003-05-30,6.047412395477295
2003-06-02,6.2038116455078125
2003-06-03,6.087032794952393
2003-06-04,6.026560306549072
2003-06-05,6.351869106292725
2003-06-06,6.251774311065674
2003-06-09,6.153764247894287
2003-06-10,6.151676177978516
2003-06-11,6.301819801330566
2003-06-12,6.255945682525635
2003-06-13,6.195468902587891
2003-06-16,6.255945682525635
2003-06-17,6.237177848815918
2003-06-18,6.2538604736328125
2003-06-19,6.153764247894287
2003-06-20,6.0411553382873535
2003-06-23,5.920206546783447
2003-06-24,5.964000701904297
2003-06-25,6.241347312927246
2003-06-26,6.378979206085205
2003-06-27,6.468645095825195
2003-06-30,6.328927516937256
2003-07-01,6.476987838745117
2003-07-02,6.68760347366333
2003-07-03,6.652153491973877
2003-07-07,6.727226257324219
2003-07-08,6.87111234664917
2003-07-09,6.864854335784912
2003-07-10,6.873196601867676
2003-07-11,6.900304794311523
2003-07-14,6.937840938568115
2003-07-15,6.908647060394287
2003-07-16,6.67092227935791
2003-07-17,6.518694877624512
2003-07-18,6.622959613800049
2003-07-21,6.622959613800049
2003-07-22,6.706373691558838
2003-07-23,6.78770112991333
2003-07-24,6.668835163116455
2003-07-25,6.625046253204346
2003-07-28,6.764760971069336
2003-07-29,6.741821765899658
2003-07-30,6.7626776695251465
2003-07-31,6.741821765899658
2003-08-01,6.512437343597412
2003-08-04,6.493669033050537
2003-08-05,6.278883457183838
2003-08-06,6.078694343566895
2003-08-07,5.982767581939697
2003-08-08,5.861820220947266
2003-08-11,5.9285502433776855
2003-08-12,6.689689159393311
2003-08-13,7.025423526763916
2003-08-14,7.058787822723389
2003-08-15,7.123434543609619
2003-08-18,7.104665279388428
2003-08-19,7.379928112030029
2003-08-20,7.298603057861328
2003-08-21,7.329881191253662
2003-08-22,7.3423943519592285
2003-08-25,7.298603057861328
2003-08-26,7.290257453918457
2003-08-27,7.188080310821533
2003-08-28,7.058787822723389
2003-08-29,7.023336410522461
2003-09-02,7.338220596313477
2003-09-03,7.217274188995361
2003-09-04,7.290257453918457
2003-09-05,7.144285202026367
2003-09-08,7.215188503265381
2003-09-09,7.223532199859619
2003-09-10,6.981632232666016
2003-09-11,7.002485275268555
2003-09-12,6.946183681488037
2003-09-15,6.933670520782471
2003-09-16,7.190164566040039
2003-09-17,7.225614070892334
2003-09-18,7.236042022705078
2003-09-19,7.261068344116211
2003-09-22,7.3423943519592285
2003-09-23,7.382016658782959
2003-09-24,6.996229648590088
2003-09-25,6.83983039855957
2003-09-26,6.658409118652344
2003-09-29,6.652153491973877
2003-09-30,6.629216194152832
2003-10-01,6.743905544281006
2003-10-02,6.693860530853272
2003-10-03,6.812724113464356
2003-10-06,6.806469917297363
2003-10-07,6.894050598144531
2003-10-08,6.898221969604492
2003-10-09,7.071303367614746
2003-10-10,6.912817001342773
2003-10-13,7.031681060791016
2003-10-14,7.119263172149658
2003-10-15,7.027510643005371
2003-10-16,7.058787822723389
2003-10-17,7.027510643005371
2003-10-20,6.87111234664917
2003-10-21,7.075470447540283
2003-10-22,6.733481407165527
2003-10-23,6.860684871673584
2003-10-24,6.977462291717529
2003-10-27,6.973292350769043
2003-10-28,7.069217205047607
2003-10-29,7.194334506988525
2003-10-30,7.138033390045166
2003-10-31,7.2631516456604
2003-11-03,7.392441749572754
2003-11-04,7.252725124359131
2003-11-05,7.348649978637695
2003-11-06,7.482108592987059
2003-11-07,7.646850109100342
2003-11-10,7.1755690574646
2003-11-11,7.056704521179199
2003-11-12,7.279834270477295
2003-11-13,7.277745723724365
2003-11-14,7.131776332855225
2003-11-17,7.067131519317627
2003-11-18,7.079641342163086
2003-11-19,7.254811763763428
2003-11-20,7.236042022705078
2003-11-21,7.194334506988525
2003-11-24,7.465425491333008
2003-11-25,7.515472888946533
2003-11-26,7.438316822052002
2003-11-28,7.494621753692627
2003-12-01,7.717750072479248
2003-12-02,7.767798900604248
2003-12-03,7.799079418182373
2003-12-04,7.774054050445557
2003-12-05,7.765711784362793
2003-12-08,7.836611270904541
2003-12-09,7.715668201446533
2003-12-10,7.724003791809082
2003-12-11,7.972158432006836
2003-12-12,8.030547142028809
2003-12-15,7.851210594177246
2003-12-16,7.955474853515625
2003-12-17,7.899174213409424
2003-12-18,7.938792705535889
2003-12-19,8.06808090209961
2003-12-22,7.982581615447998
2003-12-23,8.091014862060547
2003-12-24,7.959644794464111
2003-12-26,7.997179985046387
2003-12-29,8.132725715637207
2003-12-30,8.118131637573242
2003-12-31,7.8908305168151855
2004-01-02,7.924198150634766
2004-01-05,7.945046901702881
2004-01-06,7.8908305168151855
2004-01-07,7.955474853515625
2004-01-08,7.892913818359375
2004-01-09,7.788649559020996
2004-01-12,7.924198150634766
2004-01-13,7.863723278045654
2004-01-14,8.057656288146973
2004-01-15,8.074338912963867
2004-01-16,8.011774063110352
2004-01-20,8.21613883972168
2004-01-21,8.080594062805176
2004-01-22,7.945046901702881
2004-01-23,7.999263286590576
2004-01-26,8.43300724029541
2004-01-27,8.10145092010498
2004-01-28,7.980499744415283
2004-01-29,8.132725715637207
2004-01-30,8.095192909240723
2004-02-02,8.201542854309082
2004-02-03,8.205711364746094
2004-02-04,7.895001888275146
2004-02-05,7.924198150634766
2004-02-06,8.243246078491211
2004-02-09,8.184858322143555
2004-02-10,8.320406913757324
2004-02-11,8.414246559143066
2004-02-12,8.385050773620605
2004-02-13,8.372536659240723
2004-02-17,8.568561553955078
2004-02-18,8.610264778137207
2004-02-19,8.376708030700684
2004-02-20,8.389219284057617
2004-02-23,8.195287704467773
2004-02-24,8.297466278076172
2004-02-25,8.441354751586914
2004-02-26,8.510168075561523
2004-02-27,8.443438529968262
2004-03-01,8.685338973999023
2004-03-02,8.556041717529297
2004-03-03,8.739556312561035
2004-03-04,8.800024032592773
2004-03-05,8.758320808410645
2004-03-08,8.435098648071289
2004-03-09,8.382969856262207
2004-03-10,8.128557205200195
2004-03-11,8.030547142028809
2004-03-12,8.418416976928711
2004-03-15,8.040973663330078
2004-03-16,8.040973663330078
2004-03-17,8.18069076538086
2004-03-18,8.122304916381836
2004-03-19,8.040973663330078
2004-03-22,7.909600734710693
2004-03-23,7.909600734710693
2004-03-24,7.859548568725586
2004-03-25,8.174437522888184
2004-03-26,8.18069076538086
2004-03-29,8.341256141662598
2004-03-30,8.30163860321045
2004-03-31,8.505999565124512
2004-04-01,8.608179092407227
2004-04-02,8.770835876464844
2004-04-05,8.820880889892578
2004-04-06,8.483057022094727
2004-04-07,8.578984260559082
2004-04-08,8.495570182800293
2004-04-12,8.570646286010742
2004-04-13,8.276610374450684
2004-04-14,8.262016296386719
2004-04-15,8.195287704467773
2004-04-16,8.314149856567383
2004-04-19,8.362112045288086
2004-04-20,8.341256141662598
2004-04-21,8.480974197387695
2004-04-22,8.599836349487305
2004-04-23,8.583157539367676
2004-04-26,8.52059555053711
2004-04-27,8.389219284057617
2004-04-28,8.435098648071289
2004-04-29,8.293296813964844
2004-04-30,8.155668258666992
2004-05-03,8.505999565124512
2004-05-04,8.387138366699219
2004-05-05,8.493485450744629
2004-05-06,8.45803451538086
2004-05-07,8.147324562072754
2004-05-10,7.815760612487793
2004-05-11,8.091014862060547
2004-05-12,8.297466278076172
2004-05-13,8.182770729064941
2004-05-14,8.076422691345215
2004-05-17,7.959644794464111
2004-05-18,8.15357780456543
2004-05-19,8.018037796020508
2004-05-20,7.959644794464111
2004-05-21,8.113959312438965
2004-05-24,8.13064193725586
2004-05-25,8.339171409606934
2004-05-26,8.341256141662598
2004-05-27,8.349601745605469
2004-05-28,8.080594062805176
2004-06-01,8.136900901794434
2004-06-02,8.430928230285645
2004-06-03,8.18069076538086
2004-06-04,8.270357131958008
2004-06-07,8.328743934631348
2004-06-08,8.27869987487793
2004-06-09,8.147324562072754
2004-06-10,8.203627586364746
2004-06-14,8.18069076538086
2004-06-15,8.274523735046387
2004-06-16,8.478889465332031
2004-06-17,8.483057022094727
2004-06-18,8.435098648071289
2004-06-21,8.403818130493164
2004-06-22,8.595666885375977
2004-06-23,8.702018737792969
2004-06-24,8.654052734375
2004-06-25,8.73121166229248
2004-06-28,8.902207374572754
2004-06-29,9.029412269592283
2004-06-30,9.060688018798828
2004-07-01,8.989789962768555
2004-07-02,8.82713794708252
2004-07-06,8.531023025512695
2004-07-07,8.53519344329834
2004-07-08,8.516426086425781
2004-07-09,8.439270973205566
2004-07-12,8.541446685791016
2004-07-13,8.789603233337402
2004-07-14,8.629033088684082
2004-07-15,8.654052734375
2004-07-16,8.501826286315918
2004-07-19,8.424673080444336
2004-07-20,8.6415433883667
2004-07-21,8.21822452545166
2004-07-22,8.251591682434082
2004-07-23,8.184858322143555
2004-07-26,7.961726665496826
2004-07-27,8.272443771362305
2004-07-28,8.10145092010498
2004-07-29,8.270357131958008
2004-07-30,8.29955005645752
2004-08-02,8.082679748535156
2004-08-03,7.997179985046387
2004-08-04,8.007607460021973
2004-08-05,7.84495210647583
2004-08-06,7.509220600128174
2004-08-09,7.536327362060547
2004-08-10,7.680213451385498
2004-08-11,7.903344631195068
2004-08-12,7.838700771331787
2004-08-13,7.5738630294799805
2004-08-16,7.861635684967041
2004-08-17,7.920022964477539
2004-08-18,8.22656536102295
2004-08-19,8.264101028442383
2004-08-20,8.403818130493164
2004-08-23,8.186945915222168
2004-08-24,8.251591682434082
2004-08-25,8.370450973510742
2004-08-26,8.382969856262207
2004-08-27,8.49765682220459
2004-08-30,8.16609001159668
2004-08-31,8.078511238098145
2004-09-01,8.172348022460938
2004-09-02,8.236989974975586
2004-09-03,8.236989974975586
2004-09-07,8.307894706726074
2004-09-08,8.203627586364746
2004-09-09,8.45177936553955
2004-09-10,8.539359092712402
2004-09-13,8.564390182495117
2004-09-14,8.46429443359375
2004-09-15,8.410073280334473
2004-09-16,8.487226486206055
2004-09-17,8.445525169372559
2004-09-20,8.362112045288086
2004-09-21,8.420499801635742
2004-09-22,8.095192909240723
2004-09-23,8.116045951843262
2004-09-24,8.164009094238281
2004-09-27,7.953389644622803
2004-09-28,8.001351356506348
2004-09-29,8.168182373046875
2004-09-30,7.961726665496826
2004-10-01,8.234907150268555
2004-10-04,8.307894706726074
2004-10-05,8.27869987487793
2004-10-06,8.360027313232422
2004-10-07,8.172348022460938
2004-10-08,7.95755672454834
2004-10-11,7.924198150634766
2004-10-12,7.715668201446533
2004-10-13,7.6551923751831055
2004-10-14,7.628082275390625
2004-10-15,7.7010674476623535
2004-10-18,7.867888927459717
2004-10-19,7.713579177856445
2004-10-20,7.682302951812744
2004-10-21,7.73651647567749
2004-10-22,7.436232089996338
2004-10-25,7.290257453918457
2004-10-26,7.429975509643555
2004-10-27,7.598887920379639
2004-10-28,7.605141162872314
2004-10-29,7.511301040649414
2004-11-01,7.521728038787842
2004-11-02,7.440403938293457
2004-11-03,7.742775917053223
2004-11-04,7.911686420440674
2004-11-05,7.986754894256592
2004-11-08,8.045145988464355
2004-11-09,8.005523681640625
2004-11-10,7.999263286590576
2004-11-11,8.111873626708984
2004-11-12,8.078511238098145
2004-11-15,7.965903759002685
2004-11-16,7.840784072875977
2004-11-17,7.886659145355225
2004-11-18,7.942963123321533
2004-11-19,7.717750072479248
2004-11-22,7.924198150634766
2004-11-23,7.859548568725586
2004-11-24,8.132725715637207
2004-11-26,8.036797523498535
2004-11-29,7.974238872528076
2004-11-30,7.799079418182373
2004-12-01,7.9221110343933105
2004-12-02,7.924198150634766
2004-12-03,7.903344631195068
2004-12-06,7.91793966293335
2004-12-07,7.840784072875977
2004-12-08,7.986754894256592
2004-12-09,8.1619234085083
2004-12-10,8.197375297546387
2004-12-13,8.232821464538574
2004-12-14,8.337085723876953
2004-12-15,8.349601745605469
2004-12-16,8.222394943237305
2004-12-17,8.243246078491211
2004-12-20,8.178606033325195
2004-12-21,8.207796096801758
2004-12-22,8.234907150268555
2004-12-23,8.251591682434082
2004-12-27,8.245335578918457
2004-12-28,8.330835342407227
2004-12-29,8.236989974975586
2004-12-30,8.1619234085083
2004-12-31,8.111873626708984
2005-01-03,7.984670639038086
2005-01-04,7.836611270904541
2005-01-05,7.826188564300537
2005-01-06,7.911686420440674
2005-01-07,7.861635684967041
2005-01-10,7.83035135269165
2005-01-11,7.721925735473633
2005-01-12,7.751112937927246
2005-01-13,7.452916145324707
2005-01-14,7.51755952835083
2005-01-18,7.515472888946533
2005-01-19,7.404952526092529
2005-01-20,7.321540355682373
2005-01-21,7.177654266357422
2005-01-24,7.119263172149658
2005-01-25,7.104665279388428
2005-01-26,7.319455623626709
2005-01-27,7.294431686401367
2005-01-28,7.26732063293457
2005-01-31,7.271491527557373
2005-02-01,7.3111162185668945
2005-02-02,7.32779598236084
2005-02-03,7.2339606285095215
2005-02-04,7.288174152374268
2005-02-07,7.28609037399292
2005-02-08,7.36950159072876
2005-02-09,7.304856300354004
2005-02-10,7.277745723724365
2005-02-11,7.288174152374268
2005-02-14,7.236042022705078
2005-02-15,7.198506832122803
2005-02-16,7.217274188995361
2005-02-17,7.142204284667969
2005-02-18,7.0963239669799805
2005-02-22,6.904478549957275
2005-02-23,6.933670520782471
2005-02-24,7.123434543609619
2005-02-25,7.173482418060303
2005-02-28,7.108839988708496
2005-03-01,7.183907508850098
2005-03-02,7.3236260414123535
2005-03-03,7.897088050842285
2005-03-04,8.05556869506836
2005-03-07,8.207796096801758
2005-03-08,8.345428466796875
2005-03-09,8.314149856567383
2005-03-10,8.357938766479492
2005-03-11,8.403818130493164
2005-03-14,8.662396430969238
2005-03-15,8.335001945495605
2005-03-16,8.36419677734375
2005-03-17,8.330835342407227
2005-03-18,8.318319320678711
2005-03-21,8.28912353515625
2005-03-22,8.374625205993652
2005-03-23,8.376708030700684
2005-03-24,8.341256141662598
2005-03-28,8.339171409606934
2005-03-29,8.382969856262207
2005-03-30,8.428842544555664
2005-03-31,8.37879467010498
2005-04-01,8.374625205993652
2005-04-04,8.335001945495605
2005-04-05,8.483057022094727
2005-04-06,8.581072807312012
2005-04-07,8.687423706054688
2005-04-08,8.566473960876465
2005-04-11,8.437183380126953
2005-04-12,8.591497421264648
2005-04-13,8.395479202270508
2005-04-14,8.27869987487793
2005-04-15,8.343344688415527
2005-04-18,8.385050773620605
2005-04-19,8.424673080444336
2005-04-20,8.309983253479004
2005-04-21,8.512255668640137
2005-04-22,8.341256141662598
2005-04-25,8.382969856262207
2005-04-26,8.676995277404785
2005-04-27,8.714529037475586
2005-04-28,8.466376304626465
2005-04-29,8.70618724822998
2005-05-02,8.87718391418457
2005-05-03,8.9439115524292
2005-05-04,9.041924476623535
2005-05-05,9.202499389648438
2005-05-06,9.1566162109375
2005-05-09,9.225435256958008
2005-05-10,9.227519035339355
2005-05-11,9.3442964553833
2005-05-12,9.27964973449707
2005-05-13,9.114912033081056
2005-05-16,9.38391399383545
2005-05-17,9.381831169128418
2005-05-18,9.677947998046877
2005-05-19,9.638323783874512
2005-05-20,9.573680877685549
2005-05-23,9.7467622756958
2005-05-24,9.773871421813965
2005-05-25,9.71756649017334
2005-05-26,9.853108406066896
2005-05-27,9.815573692321776
2005-05-31,9.71756649017334
2005-06-01,9.54656982421875
2005-06-02,9.496522903442385
2005-06-03,9.25253963470459
2005-06-06,9.248368263244627
2005-06-07,9.260882377624512
2005-06-08,9.285906791687012
2005-06-09,9.394343376159668
2005-06-10,9.394343376159668
2005-06-13,9.436052322387695
2005-06-14,9.446473121643066
2005-06-15,9.504865646362305
2005-06-16,9.592448234558104
2005-06-17,9.36514663696289
2005-06-20,9.358896255493164
2005-06-21,9.27964973449707
2005-06-22,9.398513793945312
2005-06-23,9.36931610107422
2005-06-24,9.310935020446776
2005-06-27,9.358896255493164
2005-06-28,9.488184928894045
2005-06-29,9.550738334655762
2005-06-30,9.573680877685549
2005-07-01,9.675858497619627
2005-07-05,9.761358261108398
2005-07-06,9.677947998046877
2005-07-07,9.744673728942873
2005-07-08,9.969890594482422
2005-07-11,10.05538845062256
2005-07-12,10.088748931884766
2005-07-13,10.10960865020752
2005-07-14,10.218042373657228
2005-07-15,10.366098403930664
2005-07-18,10.259751319885254
2005-07-19,10.288942337036133
2005-07-20,10.499556541442873
2005-07-21,10.422402381896973
2005-07-22,10.1617431640625
2005-07-25,10.113777160644531
2005-07-26,10.213873863220217
2005-07-27,10.23263931274414
2005-07-28,10.19093132019043
2005-07-29,10.23263931274414
2005-08-01,10.263920783996582
2005-08-02,10.188849449157717
2005-08-03,10.149224281311035
2005-08-04,10.12003231048584
2005-08-05,10.030364990234377
2005-08-08,9.942777633666992
2005-08-09,10.086668014526367
2005-08-10,10.278518676757812
2005-08-11,10.322308540344238
2005-08-12,10.236809730529783
2005-08-15,10.322308540344238
2005-08-16,10.945817947387695
2005-08-17,10.912450790405272
2005-08-18,10.760223388671877
2005-08-19,10.83529567718506
2005-08-22,10.937477111816406
2005-08-23,11.000033378601074
2005-08-24,11.208560943603516
2005-08-25,11.36705207824707
2005-08-26,11.308659553527832
2005-08-29,11.487996101379396
2005-08-30,11.49634075164795
2005-08-31,11.88003921508789
2005-09-01,11.817474365234377
2005-09-02,11.66942310333252
2005-09-06,11.715292930603027
2005-09-07,11.848755836486816
2005-09-08,11.88003921508789
2005-09-09,11.905061721801758
2005-09-12,11.859189987182615
2005-09-13,11.946767807006836
2005-09-14,11.87795066833496
2005-09-15,11.679845809936523
2005-09-16,11.913402557373049
2005-09-19,11.817474365234377
2005-09-20,11.921741485595703
2005-09-21,12.082310676574709
2005-09-22,11.915487289428713
2005-09-23,11.832072257995604
2005-09-26,11.554727554321287
2005-09-27,11.38790225982666
2005-09-28,11.588092803955078
2005-09-29,11.750744819641112
2005-09-30,11.882124900817873
2005-10-03,12.057291030883787
2005-10-04,11.969707489013672
2005-10-05,11.738239288330078
2005-10-06,11.508851051330566
2005-10-07,11.423349380493164
2005-10-10,11.469230651855469
2005-10-11,11.398330688476562
2005-10-12,11.141839981079102
2005-10-13,11.44629192352295
2005-10-14,11.43795108795166
2005-10-17,11.54847240447998
2005-10-18,11.565155029296877
2005-10-19,11.590177536010742
2005-10-20,11.579755783081056
2005-10-21,11.66942310333252
2005-10-24,11.873780250549316
2005-10-25,11.936344146728516
2005-10-26,11.90297794342041
2005-10-27,11.402501106262209
2005-10-28,11.29823398590088
2005-10-31,11.314918518066406
2005-11-01,11.21690845489502
2005-11-02,11.306574821472168
2005-11-03,11.296147346496582
2005-11-04,11.260697364807127
2005-11-07,11.210650444030762
2005-11-08,11.14809226989746
2005-11-09,11.208560943603516
2005-11-10,11.137662887573242
2005-11-11,11.03965663909912
2005-11-14,11.05842399597168
2005-11-15,11.03757095336914
2005-11-16,10.922879219055176
2005-11-17,11.221076011657717
2005-11-18,11.319085121154783
2005-11-21,11.542214393615724
2005-11-22,11.586012840270996
2005-11-23,11.544299125671388
2005-11-25,11.604776382446287
2005-11-28,11.521363258361816
2005-11-29,11.45046329498291
2005-11-30,11.52344799041748
2005-12-01,11.813310623168944
2005-12-02,11.7841157913208
2005-12-05,11.825823783874512
2005-12-06,11.811223983764648
2005-12-07,11.71112823486328
2005-12-08,11.658991813659668
2005-12-09,11.829989433288574
2005-12-12,11.752832412719728
2005-12-13,12.036433219909668
2005-12-14,11.988476753234863
2005-12-15,11.905061721801758
2005-12-16,11.882124900817873
2005-12-19,11.69235610961914
2005-12-20,11.844581604003906
2005-12-21,12.18866729736328
2005-12-22,11.95302391052246
2005-12-23,11.884206771850586
2005-12-27,11.75700569152832
2005-12-28,11.71112823486328
2005-12-29,11.759088516235352
2005-12-30,11.69444465637207
2006-01-03,11.87795066833496
2006-01-04,11.973875999450684
2006-01-05,11.7841157913208
2006-01-06,11.978045463562012
2006-01-09,12.303352355957031
2006-01-10,12.27207851409912
2006-01-11,12.51189136505127
2006-01-12,12.340892791748049
2006-01-13,12.486865997314451
2006-01-17,12.384686470031738
2006-01-18,12.330462455749512
2006-01-19,12.409708976745604
2006-01-20,12.157388687133787
2006-01-23,12.090657234191896
2006-01-24,12.244969367980955
2006-01-25,12.36174488067627
2006-01-26,12.449331283569336
2006-01-27,12.470182418823242
2006-01-30,12.491032600402832
2006-01-31,11.855015754699709
2006-02-01,11.988476753234863
2006-02-02,11.886293411254885
2006-02-03,11.8362455368042
2006-02-06,11.900891304016112
2006-02-07,11.87795066833496
2006-02-08,11.882124900817873
2006-02-09,11.813310623168944
2006-02-10,11.90297794342041
2006-02-13,11.888381004333496
2006-02-14,12.142789840698242
2006-02-15,12.226200103759766
2006-02-16,12.370084762573242
2006-02-17,12.357572555541992
2006-02-21,12.307528495788574
2006-02-22,12.426389694213867
2006-02-23,12.395108222961426
2006-02-24,12.407623291015623
2006-02-27,12.516058921813965
2006-02-28,12.4013671875
2006-03-01,12.522313117980955
2006-03-02,12.415963172912598
2006-03-03,12.409708976745604
2006-03-06,12.374256134033203
2006-03-07,12.224116325378418
2006-03-08,12.35548973083496
2006-03-09,12.2637357711792
2006-03-10,12.29710292816162
2006-03-13,12.301275253295898
2006-03-14,12.303352355957031
2006-03-15,12.378429412841797
2006-03-16,12.407623291015623
2006-03-17,12.453495979309082
2006-03-20,12.43264865875244
2006-03-21,12.286672592163086
2006-03-22,12.499378204345703
2006-03-23,12.403450012207031
2006-03-24,12.37634563446045
2006-03-27,12.474355697631836
2006-03-28,12.468097686767578
2006-03-29,12.4639253616333
2006-03-30,12.507720947265623
2006-03-31,12.541082382202148
2006-04-03,12.445158004760742
2006-04-04,12.336726188659668
2006-04-05,12.244969367980955
2006-04-06,12.057291030883787
2006-04-07,11.892547607421877
2006-04-10,11.809138298034668
2006-04-11,11.813310623168944
2006-04-12,11.846673965454102
2006-04-13,11.798711776733398
2006-04-17,11.79453945159912
2006-04-18,12.019753456115724
2006-04-19,12.124015808105469
2006-04-20,12.151132583618164
2006-04-21,12.021843910217283
2006-04-24,12.034350395202637
2006-04-25,12.088568687438965
2006-04-26,11.892547607421877
2006-04-27,11.76743221282959
2006-04-28,11.815393447875977
2006-05-01,11.834160804748535
2006-05-02,11.663159370422363
2006-05-03,11.71112823486328
2006-05-04,11.621460914611816
2006-05-05,11.606860160827637
2006-05-08,11.629800796508787
2006-05-09,11.531790733337402
2006-05-10,11.33368682861328
2006-05-11,11.208560943603516
2006-05-12,11.08761978149414
2006-05-15,11.066763877868652
2006-05-16,11.104296684265137
2006-05-17,11.010459899902344
2006-05-18,11.093876838684082
2006-05-19,11.20022201538086
2006-05-22,11.17937183380127
2006-05-23,11.052166938781738
2006-05-24,11.118900299072266
2006-05-25,11.254440307617188
2006-05-26,11.218989372253418
2006-05-30,11.012548446655272
2006-05-31,11.402501106262209
2006-06-01,11.471317291259766
2006-06-02,11.306574821472168
2006-06-05,11.089703559875488
2006-06-06,11.118900299072266
2006-06-07,10.954155921936035
2006-06-08,10.947904586791992
2006-06-09,10.885342597961426
2006-06-12,10.701831817626951
2006-06-13,10.530839920043944
2006-06-14,10.545437812805176
2006-06-15,10.902024269104004
2006-06-16,10.772734642028809
2006-06-19,10.464111328125
2006-06-20,10.416146278381348
2006-06-21,10.58714199066162
2006-06-22,10.39529037475586
2006-06-23,10.436999320983888
2006-06-26,10.459935188293455
2006-06-27,10.29520034790039
2006-06-28,10.443257331848145
2006-06-29,10.649700164794922
2006-06-30,10.618425369262695
2006-07-03,10.860322952270508
2006-07-05,10.578802108764648
2006-07-06,10.605911254882812
2006-07-07,10.51206874847412
2006-07-10,10.37027072906494
2006-07-11,10.29936981201172
2006-07-12,10.297279357910156
2006-07-13,10.234728813171388
2006-07-14,10.132543563842772
2006-07-17,9.984487533569336
2006-07-18,10.074152946472168
2006-07-19,10.434910774230955
2006-07-20,10.35358715057373
2006-07-21,10.149224281311035
2006-07-24,10.238896369934082
2006-07-25,10.305623054504396
2006-07-26,10.29520034790039
2006-07-27,10.30770778656006
2006-07-28,10.42448902130127
2006-07-31,10.361929893493652
2006-08-01,10.18467617034912
2006-08-02,10.253493309020996
2006-08-03,10.40572452545166
2006-08-04,10.293110847473145
2006-08-07,10.316052436828612
2006-08-08,9.51529312133789
2006-08-09,9.74884796142578
2006-08-10,9.848938941955566
2006-08-11,9.79472541809082
2006-08-14,10.195104598999023
2006-08-15,10.476621627807615
2006-08-16,10.551692962646484
2006-08-17,10.568377494812012
2006-08-18,10.524584770202637
2006-08-21,10.495387077331545
2006-08-22,10.439085006713867
2006-08-23,10.409893989562988
2006-08-24,10.361929893493652
2006-08-25,10.3264799118042
2006-08-28,10.349414825439451
2006-08-29,10.338993072509766
2006-08-30,10.497475624084473
2006-08-31,10.614253997802734
2006-09-01,10.55794906616211
2006-09-05,10.676812171936035
2006-09-06,10.355672836303713
2006-09-07,10.203444480895996
2006-09-08,10.343164443969728
2006-09-11,10.263920783996582
2006-09-12,10.520416259765623
2006-09-13,10.572546005249023
2006-09-14,10.618425369262695
2006-09-15,10.71434497833252
2006-09-18,10.787333488464355
2006-09-19,10.447425842285156
2006-09-20,10.6038236618042
2006-09-21,10.516241073608398
2006-09-22,10.53709602355957
2006-09-25,10.645530700683594
2006-09-26,10.658042907714844
2006-09-27,10.674728393554688
2006-09-28,10.662213325500488
2006-09-29,10.605911254882812
2006-10-02,10.653870582580566
2006-10-03,10.662213325500488
2006-10-04,10.916621208190918
2006-10-05,11.073020935058594
2006-10-06,11.06468105316162
2006-10-09,11.08344554901123
2006-10-10,11.118900299072266
2006-10-11,11.1439208984375
2006-10-12,11.415014266967772
2006-10-13,11.394161224365234
2006-10-16,11.481740951538086
2006-10-17,11.483830451965332
2006-10-18,11.460885047912598
2006-10-19,11.396245002746582
2006-10-20,11.394161224365234
2006-10-23,11.444205284118652
2006-10-24,11.467144966125488
2006-10-25,11.49842357635498
2006-10-26,11.713210105895996
2006-10-27,11.633973121643066
2006-10-30,11.638144493103027
2006-10-31,11.652737617492676
2006-11-01,11.538045883178713
2006-11-02,11.483830451965332
2006-11-03,11.573497772216797
2006-11-06,11.731983184814451
2006-11-07,11.834160804748535
2006-11-08,11.832072257995604
2006-11-09,11.535961151123049
2006-11-10,11.690275192260742
2006-11-13,11.59434986114502
2006-11-14,11.485916137695312
2006-11-15,11.704872131347656
2006-11-16,11.677762985229492
2006-11-17,11.688190460205078
2006-11-20,11.648567199707031
2006-11-21,11.7340669631958
2006-11-22,11.76951789855957
2006-11-24,11.629800796508787
2006-11-27,11.289895057678224
2006-11-28,11.289895057678224
2006-11-29,11.33368682861328
2006-11-30,11.212733268737791
2006-12-01,11.36705207824707
2006-12-04,11.33368682861328
2006-12-05,11.38164520263672
2006-12-06,11.327427864074709
2006-12-07,11.344108581542969
2006-12-08,11.358709335327148
2006-12-11,11.49634075164795
2006-12-12,11.50676441192627
2006-12-13,11.456716537475586
2006-12-14,11.481740951538086
2006-12-15,11.431694984436035
2006-12-18,11.383731842041016
2006-12-19,11.406673431396484
2006-12-20,11.469230651855469
2006-12-21,11.44629192352295
2006-12-22,11.473401069641112
2006-12-26,11.51093864440918
2006-12-27,11.63188362121582
2006-12-28,11.625627517700195
2006-12-29,11.563069343566896
2007-01-03,11.713210105895996
2007-01-04,11.72572135925293
2007-01-05,11.713210105895996
2007-01-08,11.821648597717283
2007-01-09,11.848755836486816
2007-01-10,11.928001403808594
2007-01-11,12.151132583618164
2007-01-12,12.167811393737791
2007-01-16,12.292932510375977
2007-01-17,12.34506130218506
2007-01-18,12.286672592163086
2007-01-19,12.32420825958252
2007-01-22,12.426389694213867
2007-01-23,12.651604652404783
2007-01-24,12.645346641540527
2007-01-25,12.641179084777832
2007-01-26,12.532739639282228
2007-01-29,12.503548622131348
2007-01-30,12.286672592163086
2007-01-31,12.10317039489746
2007-02-01,12.18032169342041
2007-02-02,12.107336044311523
2007-02-05,12.009326934814451
2007-02-06,11.886293411254885
2007-02-07,11.980134963989258
2007-02-08,11.930087089538574
2007-02-09,11.90922737121582
2007-02-12,11.898804664611816
2007-02-13,11.95302391052246
2007-02-14,11.898804664611816
2007-02-15,11.921741485595703
2007-02-16,11.8612699508667
2007-02-20,11.973875999450684
2007-02-21,11.844581604003906
2007-02-22,11.838334083557127
2007-02-23,11.74240779876709
2007-02-26,11.8612699508667
2007-02-27,11.644399642944336
2007-02-28,11.744494438171388
2007-03-01,11.829989433288574
2007-03-02,11.63188362121582
2007-03-05,11.402501106262209
2007-03-06,11.52344799041748
2007-03-07,11.485916137695312
2007-03-08,11.577666282653809
2007-03-09,11.673590660095217
2007-03-12,11.71738338470459
2007-03-13,11.49634075164795
2007-03-14,11.542214393615724
2007-03-15,11.642311096191406
2007-03-16,11.529706001281738
2007-03-19,11.679845809936523
2007-03-20,11.706952095031738
2007-03-21,11.844581604003906
2007-03-22,11.900891304016112
2007-03-23,11.873780250549316
2007-03-26,11.80705451965332
2007-03-27,11.69235610961914
2007-03-28,11.72155475616455
2007-03-29,11.69444465637207
2007-03-30,11.907147407531738
2007-04-02,12.015581130981444
2007-04-03,12.217860221862791
2007-04-04,12.061461448669434
2007-04-05,12.163643836975098
2007-04-09,12.065629959106444
2007-04-10,12.09691047668457
2007-04-11,11.948858261108398
2007-04-12,12.048949241638184
2007-04-13,12.09482479095459
2007-04-16,12.167811393737791
2007-04-17,12.301275253295898
2007-04-18,12.38885498046875
2007-04-19,12.386768341064451
2007-04-20,12.443071365356444
2007-04-23,12.342977523803713
2007-04-24,12.342977523803713
2007-04-25,12.384686470031738
2007-04-26,12.409708976745604
2007-04-27,12.351316452026367
2007-04-30,12.29710292816162
2007-05-01,12.36591625213623
2007-05-02,12.570273399353027
2007-05-03,12.901841163635254
2007-05-04,12.787151336669922
2007-05-07,12.662031173706056
2007-05-08,12.520230293273926
2007-05-09,12.499378204345703
2007-05-10,12.317953109741213
2007-05-11,12.349236488342283
2007-05-14,12.311697006225586
2007-05-15,12.336726188659668
2007-05-16,12.453495979309082
2007-05-17,12.301275253295898
2007-05-18,12.443071365356444
2007-05-21,12.509804725646973
2007-05-22,12.599472999572754
2007-05-23,12.470182418823242
2007-05-24,12.284589767456056
2007-05-25,12.351316452026367
2007-05-29,12.468097686767578
2007-05-30,12.545258522033691
2007-05-31,12.447243690490724
2007-06-01,12.470182418823242
2007-06-04,12.486865997314451
2007-06-05,12.284589767456056
2007-06-06,12.080228805541992
2007-06-07,11.788283348083496
2007-06-08,11.790369033813477
2007-06-11,11.867527961730955
2007-06-12,11.94468116760254
2007-06-13,12.176151275634766
2007-06-14,12.161550521850586
2007-06-15,12.21994686126709
2007-06-18,12.051033973693848
2007-06-19,11.936344146728516
2007-06-20,11.775768280029297
2007-06-21,11.821648597717283
2007-06-22,11.656909942626951
2007-06-25,11.458805084228516
2007-06-26,11.888381004333496
2007-06-27,11.990560531616213
2007-06-28,11.990560531616213
2007-06-29,11.930087089538574
2007-07-02,11.948858261108398
2007-07-03,11.95927906036377
2007-07-05,11.892547607421877
2007-07-06,11.827899932861328
2007-07-09,11.88003921508789
2007-07-10,11.72572135925293
2007-07-11,11.838334083557127
2007-07-12,11.957195281982422
2007-07-13,12.176151275634766
2007-07-16,12.124015808105469
2007-07-17,12.209514617919922
2007-07-18,12.269991874694824
2007-07-19,12.253307342529297
2007-07-20,12.19491958618164
2007-07-23,12.192835807800291
2007-07-24,12.098995208740234
2007-07-25,12.20326328277588
2007-07-26,12.084397315979004
2007-07-27,11.85084056854248
2007-07-30,11.71946907043457
2007-07-31,11.731983184814451
2007-08-01,11.765342712402344
2007-08-02,11.919662475585938
2007-08-03,11.998902320861816
2007-08-06,12.261645317077637
2007-08-07,12.92895221710205
2007-08-08,12.899757385253906
2007-08-09,12.111506462097168
2007-08-10,12.167811393737791
2007-08-13,12.54942226409912
2007-08-14,12.720419883728027
2007-08-15,12.778806686401367
2007-08-16,12.697476387023926
2007-08-17,13.083263397216797
2007-08-20,12.983165740966797
2007-08-21,12.941466331481934
2007-08-22,12.96440315246582
2007-08-23,12.762128829956056
2007-08-24,13.035301208496094
2007-08-27,13.033217430114746
2007-08-28,12.943549156188965
2007-08-29,13.166680335998535
2007-08-30,13.08743667602539
2007-08-31,13.139570236206056
2007-09-04,13.44402313232422
2007-09-05,13.35644245147705
2007-09-06,13.842313766479492
2007-09-07,13.49406909942627
2007-09-10,13.097860336303713
2007-09-11,13.116629600524902
2007-09-12,13.110374450683594
2007-09-13,13.273024559020996
2007-09-14,13.250092506408691
2007-09-17,12.968570709228516
2007-09-18,13.137479782104492
2007-09-19,13.15207862854004
2007-09-20,13.099946975708008
2007-09-21,13.181275367736816
2007-09-24,13.170848846435549
2007-09-25,13.25426197052002
2007-09-26,13.22714614868164
2007-09-27,13.193782806396484
2007-09-28,13.154167175292969
2007-10-01,13.200040817260742
2007-10-02,13.197953224182127
2007-10-03,13.35226821899414
2007-10-04,13.31264877319336
2007-10-05,13.464879035949709
2007-10-08,13.512837409973145
2007-10-09,13.975773811340332
2007-10-10,13.821468353271484
2007-10-11,13.80269718170166
2007-10-12,13.800609588623049
2007-10-15,13.781846046447754
2007-10-16,13.604591369628906
2007-10-17,13.57540225982666
2007-10-18,13.62961769104004
2007-10-19,13.500324249267578
2007-10-22,13.373123168945312
2007-10-23,13.483643531799316
2007-10-24,13.692176818847656
2007-10-25,13.886112213134766
2007-10-26,13.909049987792969
2007-10-29,13.79435920715332
2007-10-30,13.58999729156494
2007-10-31,13.604591369628906
2007-11-01,13.47530746459961
2007-11-02,13.42734146118164
2007-11-05,13.435680389404297
2007-11-06,13.414831161499023
2007-11-07,12.858052253723145
2007-11-08,13.166680335998535
2007-11-09,12.887247085571287
2007-11-12,12.862223625183104
2007-11-13,13.02696132659912
2007-11-14,13.13331413269043
2007-11-15,13.410655975341797
2007-11-16,13.652555465698242
2007-11-19,13.385637283325195
2007-11-20,13.320988655090332
2007-11-21,13.2188081741333
2007-11-23,13.235492706298828
2007-11-26,13.08534812927246
2007-11-27,13.108290672302246
2007-11-28,13.185444831848145
2007-11-29,13.24383544921875
2007-11-30,13.585826873779297
2007-12-03,13.533693313598633
2007-12-04,14.259385108947754
2007-12-05,14.367815017700195
2007-12-06,14.461664199829102
2007-12-07,14.369908332824709
2007-12-10,14.576348304748535
2007-12-11,14.49918270111084
2007-12-12,14.369908332824709
2007-12-13,14.392844200134276
2007-12-14,14.207250595092772
2007-12-17,14.025827407836914
2007-12-18,14.023737907409668
2007-12-19,13.986205101013184
2007-12-20,14.221839904785156
2007-12-21,14.259385108947754
2007-12-24,14.390758514404297
2007-12-26,14.284408569335938
2007-12-27,13.934072494506836
2007-12-28,14.046672821044922
2007-12-31,13.773502349853516
2008-01-02,13.994544982910156
2008-01-03,14.073787689208984
2008-01-04,14.203069686889648
2008-01-07,14.284408569335938
2008-01-08,14.238526344299316
2008-01-09,14.046672821044922
2008-01-10,14.061275482177734
2008-01-11,13.963264465332031
2008-01-14,13.894452095031738
2008-01-15,13.738055229187012
2008-01-16,13.783927917480469
2008-01-17,13.783927917480469
2008-01-18,13.425257682800291
2008-01-22,12.6161527633667
2008-01-23,12.716248512268066
2008-01-24,12.405537605285645
2008-01-25,12.45141315460205
2008-01-28,12.63491916656494
2008-01-29,13.62127685546875
2008-01-30,13.387721061706545
2008-01-31,13.55454921722412
2008-02-01,13.73179531097412
2008-02-04,13.917391777038574
2008-02-05,13.521177291870115
2008-02-06,13.604591369628906
2008-02-07,13.829805374145508
2008-02-08,13.886112213134766
2008-02-11,14.24895477294922
2008-02-12,14.371988296508787
2008-02-13,14.461664199829102
2008-02-14,14.284408569335938
2008-02-15,14.196818351745604
2008-02-19,14.184308052062988
2008-02-20,14.332368850708008
2008-02-21,14.221839904785156
2008-02-22,14.100897789001465
2008-02-25,14.36573314666748
2008-02-26,14.532556533813477
2008-02-27,14.478341102600098
2008-02-28,14.36573314666748
2008-02-29,14.26146411895752
2008-03-03,14.547162055969238
2008-03-04,14.647252082824709
2008-03-05,14.83076286315918
2008-03-06,14.371988296508787
2008-03-07,14.203069686889648
2008-03-10,13.82772159576416
2008-03-11,13.744312286376951
2008-03-12,13.925728797912598
2008-03-13,13.909049987792969
2008-03-14,13.961180686950684
2008-03-17,13.535776138305664
2008-03-18,13.658808708190918
2008-03-19,13.798527717590332
2008-03-20,13.760993003845217
2008-03-24,13.746393203735352
2008-03-25,13.775589942932127
2008-03-26,13.767251014709473
2008-03-27,13.957013130187988
2008-03-28,13.89028263092041
2008-03-31,14.046672821044922
2008-04-01,14.54507064819336
2008-04-02,14.5283842086792
2008-04-03,14.380329132080078
2008-04-04,14.588863372802734
2008-04-07,14.469999313354492
2008-04-08,14.38866901397705
2008-04-09,14.271893501281738
2008-04-10,14.403267860412598
2008-04-11,14.284408569335938
2008-04-14,14.288570404052734
2008-04-15,13.873604774475098
2008-04-16,14.07587432861328
2008-04-17,13.854825019836426
2008-04-18,13.675495147705078
2008-04-21,13.667156219482422
2008-04-22,13.521177291870115
2008-04-23,13.850661277770996
2008-04-24,13.829805374145508
2008-04-25,13.854825019836426
2008-04-28,13.894452095031738
2008-04-29,14.970483779907228
2008-04-30,15.122705459594728
2008-05-01,15.327067375183104
2008-05-02,15.012176513671877
2008-05-05,15.324975967407228
2008-05-06,15.122705459594728
2008-05-07,15.116442680358888
2008-05-08,15.333316802978516
2008-05-09,15.33749008178711
2008-05-12,15.552278518676758
2008-05-13,15.30203914642334
2008-05-14,15.366682052612305
2008-05-15,15.56061840057373
2008-05-16,15.577299118041992
2008-05-19,15.735777854919434
2008-05-20,15.831709861755373
2008-05-21,15.819201469421388
2008-05-22,15.792088508605955
2008-05-23,15.708678245544434
2008-05-27,16.209152221679688
2008-05-28,16.204978942871094
2008-05-29,16.553220748901367
2008-05-30,16.36971664428711
2008-06-02,15.854646682739258
2008-06-03,15.883834838867188
2008-06-04,15.938063621520996
2008-06-05,16.144512176513672
2008-06-06,16.01104736328125
2008-06-09,15.815024375915527
2008-06-10,15.727446556091309
2008-06-11,15.614828109741213
2008-06-12,15.679486274719238
2008-06-13,15.862990379333496
2008-06-16,16.17786407470703
2008-06-17,16.33218002319336
2008-06-18,16.488582611083984
2008-06-19,16.309246063232422
2008-06-20,16.123647689819336
2008-06-23,16.626211166381836
2008-06-24,16.190385818481445
2008-06-25,16.61578941345215
2008-06-26,16.44478988647461
2008-06-27,16.400991439819336
2008-06-30,16.13825035095215
2008-07-01,16.538637161254883
2008-07-02,16.5782470703125
2008-07-03,16.242511749267578
2008-07-07,16.24043083190918
2008-07-08,16.24043083190918
2008-07-09,16.63038444519043
2008-07-10,16.594932556152344
2008-07-11,16.31550407409668
2008-07-14,15.931807518005373
2008-07-15,15.908867835998535
2008-07-16,15.821287155151367
2008-07-17,15.865074157714844
2008-07-18,15.82961654663086
2008-07-21,16.081947326660156
2008-07-22,16.35721206665039
2008-07-23,16.259199142456055
2008-07-24,16.63871955871582
2008-07-25,16.55948257446289
2008-07-28,16.594932556152344
2008-07-29,16.540714263916016
2008-07-30,16.534460067749023
2008-07-31,16.582420349121094
2008-08-01,16.532377243041992
2008-08-04,16.390575408935547
2008-08-05,16.66374969482422
2008-08-06,16.99323081970215
2008-08-07,16.674171447753906
2008-08-08,17.078718185424805
2008-08-11,16.986970901489258
2008-08-12,16.97445297241211
2008-08-13,16.957778930664062
2008-08-14,17.032852172851562
2008-08-15,16.780529022216797
2008-08-18,16.611621856689453
2008-08-19,16.56157112121582
2008-08-20,16.742992401123047
2008-08-21,16.538637161254883
2008-08-22,16.45522117614746
2008-08-25,16.27587890625
2008-08-26,16.18830108642578
2008-08-27,16.036075592041016
2008-08-28,16.248777389526367
2008-08-29,16.092369079589844
2008-09-02,16.002702713012695
2008-09-03,16.046497344970703
2008-09-04,15.512653350830078
2008-09-05,15.691988945007324
2008-09-08,15.614828109741213
2008-09-09,15.491803169250488
2008-09-10,15.662796020507812
2008-09-11,15.637775421142578
2008-09-12,15.714932441711426
2008-09-15,15.587727546691896
2008-09-16,15.458439826965332
2008-09-17,14.884980201721191
2008-09-18,14.884980201721191
2008-09-19,15.410484313964844
2008-09-22,14.955880165100098
2008-09-23,15.022602081298828
2008-09-24,14.928773880004885
2008-09-25,15.070568084716797
2008-09-26,15.364605903625488
2008-09-29,15.243651390075684
2008-09-30,15.03929328918457
2008-10-01,15.502225875854492
2008-10-02,14.862040519714355
2008-10-03,14.668103218078612
2008-10-06,14.417866706848145
2008-10-07,13.86734104156494
2008-10-08,13.640047073364258
2008-10-09,13.45236587524414
2008-10-10,13.129144668579102
2008-10-13,14.24269962310791
2008-10-14,14.469999313354492
2008-10-15,13.727625846862791
2008-10-16,14.18014144897461
2008-10-17,13.836063385009766
2008-10-20,14.363649368286133
2008-10-21,14.07170581817627
2008-10-22,14.244784355163574
2008-10-23,13.652555465698242
2008-10-24,13.471132278442385
2008-10-27,12.67871379852295
2008-10-28,13.464879035949709
2008-10-29,13.863173484802246
2008-10-30,14.21273136138916
2008-10-31,14.447173118591309
2008-11-03,14.926508903503418
2008-11-04,14.834403038024902
2008-11-05,14.35925579071045
2008-11-06,14.103889465332031
2008-11-07,14.493221282958984
2008-11-10,14.451359748840332
2008-11-11,14.306927680969238
2008-11-12,14.08295440673828
2008-11-13,14.581133842468262
2008-11-14,13.806660652160645
2008-11-17,13.902939796447754
2008-11-18,13.923871994018556
2008-11-19,13.563847541809082
2008-11-20,12.896121978759766
2008-11-21,12.699358940124512
2008-11-24,13.298014640808104
2008-11-25,12.778904914855955
2008-11-26,13.027995109558104
2008-11-28,12.979844093322754
2008-12-01,12.67215347290039
2008-12-02,13.044737815856934
2008-12-03,13.605712890625
2008-12-04,13.06985569000244
2008-12-05,13.582683563232422
2008-12-08,13.829679489135742
2008-12-09,13.689437866210938
2008-12-10,13.704089164733888
2008-12-11,13.402667999267578
2008-12-12,13.191259384155272
2008-12-15,13.26661205291748
2008-12-16,13.662223815917969
2008-12-17,13.438251495361328
2008-12-18,13.28335952758789
2008-12-19,12.720292091369627
2008-12-22,13.053108215332031
2008-12-23,12.898212432861328
2008-12-24,12.896121978759766
2008-12-26,13.01542854309082
2008-12-29,12.839603424072266
2008-12-30,13.222654342651367
2008-12-31,13.505231857299805
2009-01-02,13.494771003723145
2009-01-05,13.406855583190918
2009-01-06,13.210097312927246
2009-01-07,13.191259384155272
2009-01-08,13.013339042663574
2009-01-09,12.716108322143556
2009-01-12,12.829139709472656
2009-01-13,13.053108215332031
2009-01-14,12.998685836791992
2009-01-15,13.572216987609863
2009-01-16,13.39430046081543
2009-01-20,12.79983615875244
2009-01-21,13.04055118560791
2009-01-22,12.829139709472656
2009-01-23,12.707733154296877
2009-01-26,12.50678825378418
2009-01-27,12.580049514770508
2009-01-28,12.889842987060549
2009-01-29,12.776806831359863
2009-01-30,12.552837371826172
2009-02-02,12.289094924926758
2009-02-03,10.675252914428713
2009-02-04,11.562759399414062
2009-02-05,11.382744789123535
2009-02-06,11.483223915100098
2009-02-09,11.554391860961914
2009-02-10,11.303202629089355
2009-02-11,11.50298309326172
2009-02-12,11.69855499267578
2009-02-13,11.492466926574709
2009-02-17,11.372598648071287
2009-02-18,11.143381118774414
2009-02-19,11.105528831481934
2009-02-20,10.823737144470217
2009-02-23,10.54405403137207
2009-02-24,10.82794189453125
2009-02-25,10.443111419677734
2009-02-26,10.348480224609377
2009-02-27,10.27277374267578
2009-03-02,9.869009017944336
2009-03-03,10.026734352111816
2009-03-04,10.133981704711914
2009-03-05,9.906864166259766
2009-03-06,9.879528045654297
2009-03-09,9.59773063659668
2009-03-10,10.068788528442385
2009-03-11,10.550355911254885
2009-03-12,10.872102737426758
2009-03-13,10.853178024291992
2009-03-16,11.023517608642578
2009-03-17,10.964637756347656
2009-03-18,11.076087951660156
2009-03-19,11.01930809020996
2009-03-20,10.89523983001709
2009-03-23,11.324230194091797
2009-03-24,11.254837989807127
2009-03-25,11.263245582580566
2009-03-26,11.65229034423828
2009-03-27,11.467232704162598
2009-03-30,11.317925453186035
2009-03-31,11.505085945129396
2009-04-01,11.463025093078612
2009-04-02,11.654389381408691
2009-04-03,11.315824508666992
2009-04-06,11.387321472167969
2009-04-07,11.284276962280272
2009-04-08,11.370500564575195
2009-04-09,11.6144380569458
2009-04-13,11.557656288146973
2009-04-14,11.397836685180664
2009-04-15,11.481955528259276
2009-04-16,11.778464317321776
2009-04-17,11.610238075256348
2009-04-20,11.55976390838623
2009-04-21,11.320023536682127
2009-04-22,11.174930572509766
2009-04-23,10.8742094039917
2009-04-24,11.118149757385254
2009-04-27,11.343161582946776
2009-04-28,12.583884239196776
2009-04-29,12.274751663208008
2009-04-30,12.032918930053713
2009-05-01,12.058154106140137
2009-05-04,12.138068199157717
2009-05-05,12.281061172485352
2009-05-06,12.262054443359377
2009-05-07,12.40778350830078
2009-05-08,12.663331985473633
2009-05-11,12.705573081970217
2009-05-12,12.697121620178224
2009-05-13,12.450020790100098
2009-05-14,12.618977546691896
2009-05-15,12.59997272491455
2009-05-18,12.61686897277832
2009-05-19,12.89987087249756
2009-05-20,12.67599868774414
2009-05-21,12.697121620178224
2009-05-22,12.59997272491455
2009-05-26,12.823835372924805
2009-05-27,12.661212921142578
2009-05-28,12.6844482421875
2009-05-29,12.728797912597656
2009-06-01,12.906204223632812
2009-06-02,13.140634536743164
2009-06-03,13.212442398071287
2009-06-04,13.229337692260742
2009-06-05,13.42363452911377
2009-06-08,13.244117736816406
2009-06-09,13.404629707336426
2009-06-10,13.30325698852539
2009-06-11,13.400402069091797
2009-06-12,13.271574020385742
2009-06-15,13.136409759521484
2009-06-16,12.982232093811035
2009-06-17,13.29058074951172
2009-06-18,13.453204154968262
2009-06-19,13.41941261291504
2009-06-22,13.611595153808594
2009-06-23,13.33282470703125
2009-06-24,13.425747871398926
2009-06-25,13.56724739074707
2009-06-26,13.529233932495115
2009-06-29,13.57991886138916
2009-06-30,13.476433753967283
2009-07-01,13.41307544708252
2009-07-02,12.984347343444824
2009-07-06,12.969560623168944
2009-07-07,12.711904525756836
2009-07-08,12.618977546691896
2009-07-09,12.652770042419434
2009-07-10,12.637983322143556
2009-07-13,12.718235969543455
2009-07-14,12.652770042419434
2009-07-15,12.84706974029541
2009-07-16,12.963229179382324
2009-07-17,12.794272422790527
2009-07-20,12.912538528442385
2009-07-21,12.999128341674805
2009-07-22,12.88508415222168
2009-07-23,12.97589874267578
2009-07-24,13.191316604614258
2009-07-27,13.307477951049805
2009-07-28,13.40251636505127
2009-07-29,13.708754539489746
2009-07-30,13.647505760192873
2009-07-31,13.478546142578123
2009-08-03,13.666510581970217
2009-08-04,13.45108699798584
2009-08-05,12.990683555603027
2009-08-06,12.768924713134766
2009-08-07,12.946334838867188
2009-08-10,12.93366241455078
2009-08-11,12.948447227478027
2009-08-12,13.094167709350586
2009-08-13,12.947854042053224
2009-08-14,12.835463523864746
2009-08-17,12.706114768981934
2009-08-18,12.680665969848633
2009-08-19,13.06659984588623
2009-08-20,13.15142059326172
2009-08-21,13.291375160217283
2009-08-24,13.232001304626465
2009-08-25,13.253209114074709
2009-08-26,13.25956916809082
2009-08-27,13.162026405334473
2009-08-28,13.10265064239502
2009-08-31,13.077207565307615
2009-09-01,12.856671333312988
2009-09-02,12.74640655517578
2009-09-03,12.896963119506836
2009-09-04,13.030552864074709
2009-09-08,13.085691452026367
2009-09-09,13.314704895019531
2009-09-10,13.388916015625
2009-09-11,13.340149879455566
2009-09-14,13.46525764465332
2009-09-15,13.14717960357666
2009-09-16,13.157784461975098
2009-09-17,13.155665397644045
2009-09-18,13.189593315124512
2009-09-21,13.268051147460938
2009-09-22,13.058123588562012
2009-09-23,12.807901382446287
2009-09-24,12.8206205368042
2009-09-25,12.918164253234863
2009-09-28,13.212921142578123
2009-09-29,13.282896995544434
2009-09-30,13.265933990478516
2009-10-01,13.265933990478516
2009-10-02,13.227763175964355
2009-10-05,13.37407684326172
2009-10-06,13.50978946685791
2009-10-07,13.51615047454834
2009-10-08,13.586127281188965
2009-10-09,13.59673023223877
2009-10-12,13.603094100952148
2009-10-13,13.62217617034912
2009-10-14,13.81938362121582
2009-10-15,13.844833374023438
2009-10-16,13.76000690460205
2009-10-19,13.787572860717772
2009-10-20,13.543719291687012
2009-10-21,13.51615047454834
2009-10-22,13.439813613891602
2009-10-23,13.4801025390625
2009-10-26,13.452536582946776
2009-10-27,13.384681701660156
2009-10-28,13.268051147460938
2009-10-29,13.365596771240234
2009-10-30,13.255331039428713
2009-11-02,13.335907936096191
2009-11-03,13.395282745361328
2009-11-04,13.416486740112305
2009-11-05,13.718842506408691
2009-11-06,13.691160202026367
2009-11-09,13.799750328063965
2009-11-10,14.042494773864746
2009-11-11,14.217086791992188
2009-11-12,14.251157760620115
2009-11-13,14.30651569366455
2009-11-16,14.34058666229248
2009-11-17,14.438533782958984
2009-11-18,14.453438758850098
2009-11-19,14.346976280212402
2009-11-20,14.291616439819336
2009-11-23,14.378917694091797
2009-11-24,14.361881256103516
2009-11-25,14.457693099975586
2009-11-27,14.436406135559082
2009-11-30,14.453438758850098
2009-12-01,14.457693099975586
2009-12-02,14.696174621582031
2009-12-03,14.570545196533203
2009-12-04,14.647204399108888
2009-12-07,14.651461601257324
2009-12-08,14.542869567871094
2009-12-09,14.442795753479004
2009-12-10,14.459823608398438
2009-12-11,14.55777359008789
2009-12-14,14.596098899841309
2009-12-15,14.63442611694336
2009-12-16,14.52157497406006
2009-12-17,14.438533782958984
2009-12-18,14.41298770904541
2009-12-21,14.617392539978027
2009-12-22,14.721725463867188
2009-12-23,14.653593063354492
2009-12-24,14.800507545471191
2009-12-28,14.811155319213867
2009-12-29,14.830316543579102
2009-12-30,14.798377990722656
2009-12-31,14.598228454589844
2010-01-04,14.623788833618164
2010-01-05,14.498150825500488
2010-01-06,14.459823608398438
2010-01-07,14.493891716003418
2010-01-08,14.466211318969728
2010-01-11,14.372523307800291
2010-01-12,14.351234436035156
2010-01-13,14.52157497406006
2010-01-14,14.532220840454102
2010-01-15,14.278838157653809
2010-01-19,14.372523307800291
2010-01-20,14.229864120483398
2010-01-21,13.974352836608888
2010-01-22,13.93176555633545
2010-01-25,13.827436447143556
2010-01-26,13.908344268798828
2010-01-27,13.974352836608888
2010-01-28,14.021199226379396
2010-01-29,13.972223281860352
2010-02-01,14.09146499633789
2010-02-02,13.98712921142578
2010-02-03,13.625154495239258
2010-02-04,13.378159523010254
2010-02-05,13.090709686279297
2010-02-08,13.028963088989258
2010-02-09,13.031086921691896
2010-02-10,12.934863090515137
2010-02-11,12.93914031982422
2010-02-12,13.212849617004396
2010-02-16,13.150838851928713
2010-02-17,13.270583152770996
2010-02-18,13.360395431518556
2010-02-19,13.484419822692873
2010-02-22,13.441654205322266
2010-02-23,13.48869514465332
2010-02-24,13.623414993286133
2010-02-25,13.580648422241213
2010-02-26,13.668314933776855
2010-03-01,13.84580421447754
2010-03-02,14.021148681640623
2010-03-03,14.00403881072998
2010-03-04,13.995485305786133
2010-03-05,14.04680633544922
2010-03-08,13.922784805297852
2010-03-09,13.905677795410156
2010-03-10,13.924921989440918
2010-03-11,14.023285865783691
2010-03-12,13.98051643371582
2010-03-15,14.06391429901123
2010-03-16,14.085299491882324
2010-03-17,14.091710090637209
2010-03-18,14.106680870056152
2010-03-19,14.021148681640623
2010-03-22,14.158000946044922
2010-03-23,14.311959266662598
2010-03-24,14.134479522705078
2010-03-25,14.104544639587402
2010-03-26,13.98265552520752
2010-03-29,13.967684745788574
2010-03-30,13.875737190246582
2010-03-31,13.59561252593994
2010-04-01,13.610580444335938
2010-04-05,13.53573989868164
2010-04-06,13.514354705810549
2010-04-07,13.492974281311035
2010-04-08,13.433099746704102
2010-04-09,13.39033317565918
2010-04-12,13.268447875976562
2010-04-13,13.40957736968994
2010-04-14,13.47373104095459
2010-04-15,13.610580444335938
2010-04-16,13.627689361572266
2010-04-19,13.700394630432127
2010-04-20,13.899262428283691
2010-04-21,13.978384017944336
2010-04-22,13.952719688415527
2010-04-23,13.99762725830078
2010-04-26,14.031834602355955
2010-04-27,13.79234218597412
2010-04-28,13.858627319335938
2010-04-29,14.102405548095703
2010-04-30,14.166552543640137
2010-05-03,14.198622703552246
2010-05-04,13.826557159423828
2010-05-05,13.47373104095459
2010-05-06,13.264168739318848
2010-05-07,13.212849617004396
2010-05-10,13.548569679260254
2010-05-11,13.593478202819824
2010-05-12,13.636419296264648
2010-05-13,13.52691650390625
2010-05-14,13.30361557006836
2010-05-17,13.398088455200195
2010-05-18,13.16619873046875
2010-05-19,13.215576171875
2010-05-20,13.007309913635254
2010-05-21,12.957925796508787
2010-05-24,12.914986610412598
2010-05-25,12.846273422241213
2010-05-26,12.983692169189451
2010-05-27,13.054545402526855
2010-05-28,13.00086498260498
2010-06-01,12.893509864807127
2010-06-02,13.08461093902588
2010-06-03,13.179081916809082
2010-06-04,12.850570678710938
2010-06-07,12.657328605651855
2010-06-08,12.453347206115724
2010-06-09,12.260108947753906
2010-06-10,12.599356651306152
2010-06-11,12.753948211669922
2010-06-14,12.788301467895508
2010-06-15,12.955777168273926
2010-06-16,12.964365005493164
2010-06-17,12.953630447387695
2010-06-18,12.932159423828123
2010-06-21,12.799036026000977
2010-06-22,12.646592140197754
2010-06-23,12.556413650512695
2010-06-24,12.45120334625244
2010-06-25,12.736774444580078
2010-06-28,12.814066886901855
2010-06-29,12.491995811462402
2010-06-30,12.335256576538086
2010-07-01,12.109810829162598
2010-07-02,12.1441650390625
2010-07-06,12.275140762329102
2010-07-07,12.367465019226074
2010-07-08,12.48770523071289
2010-07-09,12.397522926330566
2010-07-12,12.330965995788574
2010-07-13,12.582178115844728
2010-07-14,12.552119255065918
2010-07-15,12.427583694458008
2010-07-16,12.1441650390625
2010-07-19,12.189252853393556
2010-07-20,12.311635971069336
2010-07-21,12.053982734680176
2010-07-22,12.255814552307127
2010-07-23,12.285873413085938
2010-07-26,12.650885581970217
2010-07-27,12.702414512634276
2010-07-28,12.586474418640137
2010-07-29,12.446910858154297
2010-07-30,12.539231300354004
2010-08-02,12.655180931091309
2010-08-03,13.078164100646973
2010-08-04,13.172640800476074
2010-08-05,13.116812705993652
2010-08-06,13.395938873291016
2010-08-09,13.441028594970703
2010-08-10,13.206991195678713
2010-08-11,12.90424919128418
2010-08-12,13.014227867126465
2010-08-13,12.88053035736084
2010-08-16,12.87190055847168
2010-08-17,13.156550407409668
2010-08-18,13.182432174682615
2010-08-19,12.87190055847168
2010-08-20,12.964624404907228
2010-08-23,12.89346408843994
2010-08-24,12.593714714050291
2010-08-25,12.634687423706056
2010-08-26,12.561370849609377
2010-08-27,12.843866348266602
2010-08-30,12.679978370666504
2010-08-31,12.449233055114746
2010-09-01,12.710168838500977
2010-09-02,12.77701473236084
2010-09-03,12.938751220703123
2010-09-07,12.798582077026367
2010-09-08,12.826613426208496
2010-09-09,12.971099853515623
2010-09-10,12.899931907653809
2010-09-13,12.996973037719728
2010-09-14,13.098333358764648
2010-09-15,13.240654945373535
2010-09-16,13.145771026611328
2010-09-17,13.1306734085083
2010-09-20,13.255745887756348
2010-09-21,13.119892120361328
2010-09-22,13.1306734085083
2010-09-23,12.975406646728516
2010-09-24,13.225564002990724
2010-09-27,13.124208450317385
2010-09-28,13.087544441223145
2010-09-29,13.186745643615724
2010-09-30,13.311817169189451
2010-10-01,13.326912879943848
2010-10-04,13.244969367980955
2010-10-05,13.536088943481444
2010-10-06,13.454142570495604
2010-10-07,13.395919799804688
2010-10-08,13.339851379394531
2010-10-11,13.316132545471191
2010-10-12,13.419638633728027
2010-10-13,13.33769416809082
2010-10-14,13.339851379394531
2010-10-15,13.408862113952637
2010-10-18,13.602940559387209
2010-10-19,13.281628608703612
2010-10-20,13.55118465423584
2010-10-21,13.78623867034912
2010-10-22,13.863872528076172
2010-10-25,13.83583927154541
2010-10-26,13.063828468322754
2010-10-27,13.143613815307615
2010-10-28,13.253592491149902
2010-10-29,13.1371431350708
2010-11-01,13.186745643615724
2010-11-02,13.2212495803833
2010-11-03,13.193211555480955
2010-11-04,13.104405403137209
2010-11-05,13.04159164428711
2010-11-08,13.061083793640137
2010-11-09,13.043752670288086
2010-11-10,13.143394470214844
2010-11-11,13.173718452453612
2010-11-12,13.11523151397705
2010-11-15,13.154220581054688
2010-11-16,12.952781677246094
2010-11-17,13.022095680236816
2010-11-18,13.108736991882324
2010-11-19,13.030760765075684
2010-11-22,12.961448669433594
2010-11-23,12.870476722717283
2010-11-24,13.136895179748535
2010-11-26,13.136895179748535
2010-11-29,13.074079513549805
2010-11-30,13.011265754699709
2010-12-01,13.210541725158691
2010-12-02,13.39248752593994
2010-12-03,13.54843807220459
2010-12-06,13.370824813842772
2010-12-07,13.32317352294922
2010-12-08,13.325337409973145
2010-12-09,13.292854309082031
2010-12-10,13.760706901550291
2010-12-13,13.71306037902832
2010-12-14,13.970809936523438
2010-12-15,14.150588989257812
2010-12-16,14.282721519470217
2010-12-17,14.30438232421875
2010-12-20,14.449507713317873
2010-12-21,14.52098274230957
2010-12-22,14.557805061340332
2010-12-23,14.544808387756348
2010-12-27,14.5837984085083
2010-12-28,14.659605979919434
2010-12-29,14.733250617980955
2010-12-30,14.488487243652344
2010-12-31,14.224236488342283
2011-01-03,14.401850700378418
2011-01-04,14.382351875305176
2011-01-05,14.57730197906494
2011-01-06,14.371527671813965
2011-01-07,14.334705352783203
2011-01-10,14.486327171325684
2011-01-11,14.397521018981934
2011-01-12,14.282721519470217
2011-01-13,14.278389930725098
2011-01-14,14.460336685180664
2011-01-18,14.61845588684082
2011-01-19,14.544808387756348
2011-01-20,14.512321472167969
2011-01-21,14.56646728515625
2011-01-24,14.752747535705566
2011-01-25,14.601120948791504
2011-01-26,14.757075309753418
2011-01-27,15.010502815246582
2011-01-28,14.858880043029783
2011-01-31,14.934688568115234
2011-02-01,14.94985294342041
2011-02-02,14.930360794067385
2011-02-03,14.804728507995604
2011-02-04,14.884872436523438
2011-02-07,14.969343185424805
2011-02-08,14.871877670288086
2011-02-09,14.745752334594728
2011-02-10,14.819684028625488
2011-02-11,14.869699478149414
2011-02-14,14.932765007019045
2011-02-15,14.897974967956545
2011-02-16,14.93059253692627
2011-02-17,14.998000144958496
2011-02-18,15.532946586608888
2011-02-22,15.4089994430542
2011-02-23,15.28069019317627
2011-02-24,15.208940505981444
2011-02-25,15.56338596343994
2011-02-28,15.589485168457031
2011-03-01,15.413341522216797
2011-03-02,15.58295726776123
2011-03-03,15.852609634399414
2011-03-04,15.896093368530272
2011-03-07,15.709083557128906
2011-03-08,15.930888175964355
2011-03-09,15.819982528686523
2011-03-10,15.548165321350098
2011-03-11,15.676468849182127
2011-03-14,15.44378662109375
2011-03-15,15.265475273132324
2011-03-16,15.171966552734377
2011-03-17,15.248071670532228
2011-03-18,15.363332748413086
2011-03-21,15.513372421264648
2011-03-22,15.469887733459473
2011-03-23,15.34593391418457
2011-03-24,15.502496719360352
2011-03-25,15.550345420837402
2011-03-28,15.463359832763672
2011-03-29,15.648194313049316
2011-03-30,15.56338596343994
2011-03-31,15.567739486694336
2011-04-01,15.798243522644045
2011-04-04,15.991777420043944
2011-04-05,16.028749465942383
2011-04-06,16.10920524597168
2011-04-07,16.189664840698242
2011-04-08,16.037439346313477
2011-04-11,16.041791915893555
2011-04-12,16.05266571044922
2011-04-13,16.026567459106445
2011-04-14,16.022218704223633
2011-04-15,16.174434661865234
2011-04-18,15.956987380981444
2011-04-19,16.009180068969727
2011-04-20,16.30491828918457
2011-04-21,16.396244049072266
2011-04-25,16.398422241210938
2011-04-26,16.681119918823242
2011-04-27,16.700693130493164
2011-04-28,16.731130599975586
2011-04-29,16.89857292175293
2011-05-02,16.889873504638672
2011-05-03,17.374797821044922
2011-05-04,17.08341407775879
2011-05-05,16.855087280273438
2011-05-06,17.000776290893555
2011-05-09,17.124727249145508
2011-05-10,17.331317901611328
2011-05-11,17.272403717041016
2011-05-12,17.49495506286621
2011-05-13,17.40113067626953
2011-05-16,17.41859245300293
2011-05-17,17.619327545166016
2011-05-18,17.68479347229004
2011-05-19,17.748064041137695
2011-05-20,17.69133949279785
2011-05-23,17.601884841918945
2011-05-24,17.53859519958496
2011-05-25,17.643333435058594
2011-05-26,17.730609893798828
2011-05-27,17.769880294799805
2011-05-31,17.782976150512695
2011-06-01,17.623693466186523
2011-06-02,17.575695037841797
2011-06-03,17.265853881835938
2011-06-06,17.2265682220459
2011-06-07,17.361860275268555
2011-06-08,17.261493682861328
2011-06-09,17.283315658569336
2011-06-10,16.962560653686523
2011-06-13,16.93638038635254
2011-06-14,17.163305282592773
2011-06-15,16.884021759033203
2011-06-16,16.942920684814453
2011-06-17,16.879653930664062
2011-06-20,17.084760665893555
2011-06-21,17.425140380859375
2011-06-22,17.25058364868164
2011-06-23,17.206941604614258
2011-06-24,17.405494689941406
2011-06-27,17.833162307739258
2011-06-28,18.145183563232425
2011-06-29,18.066635131835938
2011-06-30,18.19100570678711
2011-07-01,18.34156608581543
2011-07-05,18.56412696838379
2011-07-06,18.57503318786621
2011-07-07,18.459386825561523
2011-07-08,18.37429618835449
2011-07-11,17.88553237915039
2011-07-12,17.898618698120117
2011-07-13,17.84189224243164
2011-07-14,17.8549861907959
2011-07-15,17.929166793823242
2011-07-18,17.60623550415039
2011-07-19,17.806982040405273
2011-07-20,17.69133949279785
2011-07-21,17.673877716064453
2011-07-22,17.61277961730957
2011-07-25,17.455686569213867
2011-07-26,17.21566390991211
2011-07-27,16.820737838745117
2011-07-28,16.61562728881836
2011-07-29,16.537078857421875
2011-08-01,15.8803129196167
2011-08-02,16.595991134643555
2011-08-03,16.54798698425293
2011-08-04,15.77775764465332
2011-08-05,15.718838691711426
2011-08-08,15.243173599243164
2011-08-09,15.913040161132812
2011-08-10,15.093949317932127
2011-08-11,15.634899139404297
2011-08-12,15.877997398376465
2011-08-15,16.151750564575195
2011-08-16,15.959027290344238
2011-08-17,15.932746887207031
2011-08-18,14.899036407470703
2011-08-19,15.056722640991213
2011-08-22,15.02825164794922
2011-08-23,15.650230407714844
2011-08-24,15.790393829345703
2011-08-25,15.262584686279297
2011-08-26,15.494732856750488
2011-08-29,15.731260299682615
2011-08-30,15.713736534118652
2011-08-31,15.871424674987791
2011-09-01,15.888951301574709
2011-09-02,15.490363121032717
2011-09-06,15.376469612121582
2011-09-07,15.83419704437256
2011-09-08,15.746594429016112
2011-09-09,15.28230094909668
2011-09-12,15.137749671936035
2011-09-13,15.470645904541016
2011-09-14,15.989686012268066
2011-09-15,15.978740692138672
2011-09-16,15.860481262207031
2011-09-19,15.586722373962402
2011-09-20,15.586722373962402
2011-09-21,15.131187438964844
2011-09-22,14.77200698852539
2011-09-23,15.041390419006348
2011-09-26,15.072050094604492
2011-09-27,15.442172050476074
2011-09-28,14.94721794128418
2011-09-29,15.10271453857422
2011-09-30,14.894657135009766
2011-10-03,14.29896068572998
2011-10-04,14.782964706420898
2011-10-05,15.24506664276123
2011-10-06,15.426847457885742
2011-10-07,15.050151824951172
2011-10-10,15.128997802734377
2011-10-11,15.205646514892578
2011-10-12,15.27134895324707
2011-10-13,15.32609748840332
2011-10-14,15.472840309143066
2011-10-17,14.97787857055664
2011-10-18,15.205646514892578
2011-10-19,15.356756210327148
2011-10-20,15.523200988769531
2011-10-21,15.893320083618164
2011-10-24,16.107961654663086
2011-10-25,15.288869857788086
2011-10-26,15.026058197021484
2011-10-27,15.407130241394045
2011-10-28,15.45750617980957
2011-10-31,15.067672729492188
2011-11-01,14.590235710144045
2011-11-02,14.787344932556152
2011-11-03,15.304150581359863
2011-11-04,15.251375198364258
2011-11-07,15.297554969787598
2011-11-08,15.442705154418944
2011-11-09,14.67298412322998
2011-11-10,14.69057559967041
2011-11-11,14.95228385925293
2011-11-14,14.67298412322998
2011-11-15,14.782943725585938
2011-11-16,14.618003845214844
2011-11-17,14.376097679138184
2011-11-18,14.349706649780272
2011-11-21,14.189160346984863
2011-11-22,14.162774085998535
2011-11-23,13.813103675842283
2011-11-25,13.716337203979492
2011-11-28,14.26613998413086
2011-11-29,14.299118995666504
2011-11-30,14.842323303222656
2011-12-01,14.760958671569824
2011-12-02,14.569621086120604
2011-12-05,14.629000663757324
2011-12-06,14.668587684631348
2011-12-07,14.582818031311035
2011-12-08,14.189160346984863
2011-12-09,14.54763126373291
2011-12-12,14.32331657409668
2011-12-13,14.347505569458008
2011-12-14,14.178171157836914
2011-12-15,14.417877197265623
2011-12-16,14.848922729492188
2011-12-19,14.620199203491213
2011-12-20,15.0094633102417
2011-12-21,15.110623359680176
2011-12-22,15.05344295501709
2011-12-23,15.00726318359375
2011-12-27,15.10623264312744
2011-12-28,14.82692813873291
2011-12-29,14.9346923828125
2011-12-30,15.011662483215332
2012-01-03,15.082030296325684
2012-01-04,14.908292770385742
2012-01-05,14.950078964233398
2012-01-06,14.967680931091309
2012-01-09,14.895108222961426
2012-01-10,15.033649444580078
2012-01-11,15.04904842376709
2012-01-12,15.156804084777832
2012-01-13,14.950078964233398
2012-01-17,14.991868019104004
2012-01-18,15.218378067016602
2012-01-19,15.464688301086426
2012-01-20,15.48448657989502
2012-01-23,15.48009204864502
2012-01-24,15.605443000793455
2012-01-25,15.772578239440918
2012-01-26,15.499879837036133
2012-01-27,15.387731552124023
2012-01-30,15.361333847045898
2012-01-31,15.0094633102417
2012-02-01,14.600411415100098
2012-02-02,14.598211288452148
2012-02-03,14.580620765686035
2012-02-06,14.543235778808594
2012-02-07,14.846725463867188
2012-02-08,14.917386054992676
2012-02-09,14.97480583190918
2012-02-10,14.952719688415527
2012-02-13,15.147054672241213
2012-02-14,15.213309288024902
2012-02-15,15.314884185791016
2012-02-16,15.542346000671388
2012-02-17,15.725645065307615
2012-02-21,15.513644218444824
2012-02-22,15.601978302001951
2012-02-23,15.681482315063477
2012-02-24,15.763176918029783
2012-02-27,15.807357788085938
2012-02-28,15.897893905639648
2012-02-29,15.809568405151367
2012-03-01,15.778641700744627
2012-03-02,15.621848106384276
2012-03-05,15.518056869506836
2012-03-06,15.268513679504396
2012-03-07,15.310471534729004
2012-03-08,15.456225395202637
2012-03-09,15.586514472961426
2012-03-12,15.440768241882324
2012-03-13,15.604182243347168
2012-03-14,15.458433151245115
2012-03-15,15.469474792480469
2012-03-16,15.489354133605955
2012-03-19,15.476099967956545
2012-03-20,15.257468223571776
2012-03-21,15.158099174499512
2012-03-22,15.153681755065918
2012-03-23,15.067560195922852
2012-03-26,15.487144470214844
2012-03-27,15.53793239593506
2012-03-28,15.522472381591797
2012-03-29,15.429733276367188
2012-03-30,15.480512619018556
2012-04-02,15.55339527130127
2012-04-03,15.599770545959473
2012-04-04,15.290599822998049
2012-04-05,15.21772575378418
2012-04-09,14.999096870422363
2012-04-10,14.707590103149414
2012-04-11,14.78268051147461
2012-04-12,14.912968635559082
2012-04-13,14.59055519104004
2012-04-16,14.555222511291504
2012-04-17,14.75839138031006
2012-04-18,14.594966888427734
2012-04-19,14.59717845916748
2012-04-20,14.60159683227539
2012-04-23,14.438173294067385
2012-04-24,14.396218299865724
2012-04-25,14.749551773071287
2012-04-26,14.851140022277832
2012-04-27,14.994683265686035
2012-04-30,14.78268051147461
2012-05-01,14.977015495300291
2012-05-02,15.060931205749512
2012-05-03,15.120559692382812
2012-05-04,15.04988956451416
2012-05-07,15.239806175231934
2012-05-08,15.323721885681152
2012-05-09,15.25942325592041
2012-05-10,15.37472152709961
2012-05-11,15.334815979003906
2012-05-14,15.30820369720459
2012-05-15,15.270503044128418
2012-05-16,15.2638578414917
2012-05-17,14.86474609375
2012-05-18,14.665186882019045
2012-05-21,14.92461109161377
2012-05-22,15.257204055786133
2012-05-23,15.274947166442873
2012-05-24,15.356982231140137
2012-05-25,15.319284439086914
2012-05-29,15.46119499206543
2012-05-30,15.152989387512209
2012-05-31,15.04655933380127
2012-06-01,14.736141204833984
2012-06-04,14.6141939163208
2012-06-05,14.740571022033691
2012-06-06,14.76717758178711
2012-06-07,14.685141563415527
2012-06-08,14.709531784057615
2012-06-11,14.507756233215332
2012-06-12,14.625272750854492
2012-06-13,14.596453666687012
2012-06-14,14.891350746154783
2012-06-15,15.062081336975098
2012-06-18,15.195123672485352
2012-06-19,15.496674537658691
2012-06-20,15.654097557067873
2012-06-21,15.647440910339355
2012-06-22,15.980043411254885
2012-06-25,15.760533332824709
2012-06-26,15.80930995941162
2012-06-27,16.15965461730957
2012-06-28,16.235029220581055
2012-06-29,16.45232391357422
2012-07-02,16.855873107910156
2012-07-03,16.629716873168945
2012-07-05,16.60532569885254
2012-07-06,16.383590698242188
2012-07-09,16.443464279174805
2012-07-10,16.268295288085938
2012-07-11,16.36363410949707
2012-07-12,16.527719497680664
2012-07-13,16.483373641967773
2012-07-16,16.572053909301758
2012-07-17,16.42572593688965
2012-07-18,16.50332260131836
2012-07-19,16.45232391357422
2012-07-20,16.210647583007812
2012-07-23,16.101993560791016
2012-07-24,15.87804889678955
2012-07-25,16.144128799438477
2012-07-26,16.52328109741211
2012-07-27,16.419071197509766
2012-07-30,16.130821228027344
2012-07-31,15.3170747756958
2012-08-01,15.50775909423828
2012-08-02,15.270503044128418
2012-08-03,15.257204055786133
2012-08-06,15.241680145263672
2012-08-07,15.20398998260498
2012-08-08,15.259653091430664
2012-08-09,15.244064331054688
2012-08-10,15.268556594848633
2012-08-13,15.166139602661133
2012-08-14,15.0303316116333
2012-08-15,14.97244358062744
2012-08-16,14.916790962219238
2012-08-17,14.907879829406738
2012-08-20,14.988031387329102
2012-08-21,15.114930152893066
2012-08-22,15.123841285705566
2012-08-23,15.03701114654541
2012-08-24,15.04591941833496
2012-08-27,14.914562225341797
2012-08-28,14.97244358062744
2012-08-29,15.114930152893066
2012-08-30,15.197311401367188
2012-08-31,15.266328811645508
2012-09-04,15.854095458984377
2012-09-05,15.822922706604004
2012-09-06,15.967638969421388
2012-09-07,15.969862937927246
2012-09-10,15.871906280517578
2012-09-11,15.789530754089355
2012-09-12,15.934250831604004
2012-09-13,16.02775001525879
2012-09-14,16.136844635009766
2012-09-17,15.963191032409668
2012-09-18,16.114580154418945
2012-09-19,16.094541549682617
2012-09-20,16.161344528198242
2012-09-21,16.06338119506836
2012-09-24,16.141300201416016
2012-09-25,16.174694061279297
2012-09-26,16.105680465698242
2012-09-27,16.090089797973633
2012-09-28,16.016611099243164
2012-10-01,16.130165100097656
2012-10-02,16.33721923828125
2012-10-03,16.07227897644043
2012-10-04,16.24816131591797
2012-10-05,16.31717872619629
2012-10-08,16.268198013305664
2012-10-09,15.724967002868652
2012-10-10,15.43553352355957
2012-10-11,15.342026710510254
2012-10-12,15.35983657836914
2012-10-15,15.391009330749512
2012-10-16,15.46670913696289
2012-10-17,15.691570281982422
2012-10-18,15.535725593566896
2012-10-19,15.46670913696289
2012-10-22,15.491196632385254
2012-10-23,14.952409744262695
2012-10-24,14.838863372802734
2012-10-25,14.894522666931152
2012-10-26,15.023653030395508
2012-10-31,14.99693489074707
2012-11-01,15.594042778015137
2012-11-02,15.242934226989746
2012-11-05,15.725988388061523
2012-11-06,15.810957908630373
2012-11-07,15.69467067718506
2012-11-08,15.609694480895996
2012-11-09,15.884763717651367
2012-11-12,15.909372329711914
2012-11-13,15.58956527709961
2012-11-14,15.296607971191406
2012-11-15,15.23398494720459
2012-11-16,15.39500617980957
2012-11-19,15.739404678344728
2012-11-20,15.793076515197754
2012-11-21,15.889239311218262
2012-11-23,16.148656845092773
2012-11-26,16.117341995239258
2012-11-27,16.023426055908203
2012-11-28,15.911601066589355
2012-11-29,15.766236305236816
2012-11-30,15.85569190979004
2012-12-03,15.860159873962402
2012-12-04,15.542600631713867
2012-12-05,15.5739164352417
2012-12-06,15.553787231445312
2012-12-07,15.484457969665527
2012-12-10,15.58956527709961
2012-12-11,15.5739164352417
2012-12-12,15.538127899169922
2012-12-13,15.403948783874512
2012-12-14,15.238458633422852
2012-12-17,15.524710655212402
2012-12-18,15.437499046325684
2012-12-19,15.654419898986816
2012-12-20,15.614169120788574
2012-12-21,15.323440551757812
2012-12-24,15.437499046325684
2012-12-26,15.17136573791504
2012-12-27,15.350279808044434
2012-12-28,15.287659645080566
2012-12-31,15.28318977355957
2013-01-02,15.506824493408203
2013-01-03,15.453153610229492
2013-01-04,15.473275184631348
2013-01-07,15.321206092834473
2013-01-08,15.318970680236816
2013-01-09,15.656658172607422
2013-01-10,15.576142311096191
2013-01-11,15.533656120300291
2013-01-14,15.656658172607422
2013-01-15,15.58956527709961
2013-01-16,15.515761375427246
2013-01-17,15.585098266601562
2013-01-18,15.647717475891112
2013-01-22,15.28318977355957
2013-01-23,15.240696907043455
2013-01-24,15.618642807006836
2013-01-25,15.904887199401855
2013-01-28,15.824387550354004
2013-01-29,15.875821113586426
2013-01-30,15.844512939453123
2013-01-31,16.030126571655273
2013-02-01,15.998818397521973
2013-02-04,15.77964973449707
2013-02-05,15.500116348266602
2013-02-06,15.437499046325684
2013-02-07,15.424077033996582
2013-02-08,15.56273078918457
2013-02-11,15.540367126464844
2013-02-12,15.381587028503418
2013-02-13,15.352387428283691
2013-02-14,15.282761573791504
2013-02-15,15.307461738586426
2013-02-19,15.343400955200195
2013-02-20,15.24681568145752
2013-02-21,15.27602195739746
2013-02-22,15.350144386291504
2013-02-25,15.217621803283691
2013-02-26,15.280505180358888
2013-02-27,15.33216953277588
2013-02-28,15.271526336669922
2013-03-01,15.311956405639648
2013-03-04,15.231097221374512
2013-03-05,15.406296730041504
2013-03-06,15.311956405639648
2013-03-07,15.244571685791016
2013-03-08,15.24008083343506
2013-03-11,15.121031761169434
2013-03-12,15.114298820495604
2013-03-13,15.132266998291016
2013-03-14,15.109803199768066
2013-03-15,15.127775192260742
2013-03-18,14.932358741760254
2013-03-19,15.096331596374512
2013-03-20,15.11204719543457
2013-03-21,15.060391426086426
2013-03-22,15.183931350708008
2013-03-25,15.282761573791504
2013-03-26,15.226606369018556
2013-03-27,15.204144477844238
2013-03-28,15.24008083343506
2013-04-01,15.152481079101562
2013-04-02,15.271526336669922
2013-04-03,14.9974946975708
2013-04-04,15.05589199066162
2013-04-05,14.826796531677246
2013-04-08,14.69426727294922
2013-04-09,14.59319019317627
2013-04-10,14.727962493896484
2013-04-11,14.72121810913086
2013-04-12,14.656082153320312
2013-04-15,14.245039939880373
2013-04-16,14.622390747070312
2013-04-17,14.453933715820312
2013-04-18,14.420239448547363
2013-04-19,14.57297706604004
2013-04-22,14.57297706604004
2013-04-23,14.489866256713867
2013-04-24,14.285470962524414
2013-04-25,14.382050514221191
2013-04-26,14.35060977935791
2013-04-29,14.453933715820312
2013-04-30,14.406763076782228
2013-05-01,14.505593299865724
2013-05-02,14.559496879577637
2013-05-03,14.586453437805176
2013-05-06,14.59992790222168
2013-05-07,14.772881507873535
2013-05-08,15.05268096923828
2013-05-09,15.120373725891112
2013-05-10,15.09780979156494
2013-05-13,15.321194648742676
2013-05-14,15.348273277282717
2013-05-15,15.34150505065918
2013-05-16,15.230938911437988
2013-05-17,15.285086631774902
2013-05-20,15.294116020202637
2013-05-21,15.34376335144043
2013-05-22,15.140684127807615
2013-05-23,15.09555721282959
2013-05-24,15.03688621520996
2013-05-28,15.104574203491213
2013-05-29,15.016581535339355
2013-05-30,15.021087646484377
2013-05-31,15.007551193237305
2013-06-03,14.989498138427734
2013-06-04,14.849602699279783
2013-06-05,14.660061836242676
2013-06-06,14.896987915039062
2013-06-07,14.97144889831543
2013-06-10,15.00529670715332
2013-06-11,14.998522758483888
2013-06-12,14.892475128173828
2013-06-13,15.11134910583496
2013-06-14,15.025601387023926
2013-06-17,15.145190238952637
2013-06-18,15.39114761352539
2013-06-19,15.366328239440918
2013-06-20,15.276067733764648
2013-06-21,15.612274169921877
2013-06-24,15.526531219482422
2013-06-25,15.668693542480469
2013-06-26,15.585198402404783
2013-06-27,15.573922157287598
2013-06-28,15.587456703186035
2013-07-01,15.72510051727295
2013-07-02,15.781512260437012
2013-07-03,15.713809967041016
2013-07-05,15.939460754394531
2013-07-08,16.068077087402344
2013-07-09,16.29823112487793
2013-07-10,16.32305145263672
2013-07-11,16.528390884399414
2013-07-12,16.634445190429688
2013-07-15,16.78788185119629
2013-07-16,16.61638641357422
2013-07-17,16.548694610595703
2013-07-18,16.609621047973633
2013-07-19,16.62090301513672
2013-07-22,17.110553741455078
2013-07-23,16.948087692260742
2013-07-24,17.015783309936523
2013-07-25,16.995460510253906
2013-07-26,16.814950942993164
2013-07-29,16.695363998413086
2013-07-30,16.618642807006836
2013-07-31,16.638959884643555
2013-08-01,17.153417587280273
2013-08-02,17.146650314331055
2013-08-05,17.0564022064209
2013-08-06,16.70665168762207
2013-08-07,17.751375198364258
2013-08-08,17.728811264038086
2013-08-09,17.866456985473633
2013-08-12,17.60245704650879
2013-08-13,17.469329833984375
2013-08-14,17.446674346923828
2013-08-15,16.78749656677246
2013-08-16,16.99136734008789
2013-08-19,16.916603088378906
2013-08-20,16.968713760375977
2013-08-21,16.871305465698242
2013-08-22,17.38324546813965
2013-08-23,17.340208053588867
2013-08-26,17.607500076293945
2013-08-27,17.281312942504883
2013-08-28,17.53502082824707
2013-08-29,17.673192977905273
2013-08-30,17.557668685913086
2013-09-03,17.335670471191406
2013-09-04,17.380983352661133
2013-09-05,17.288103103637695
2013-09-06,17.267715454101562
2013-09-09,17.686784744262695
2013-09-10,17.557668685913086
2013-09-11,17.532747268676758
2013-09-12,17.462520599365234
2013-09-13,17.5599365234375
2013-09-16,17.750213623046875
2013-09-17,17.442142486572266
2013-09-18,17.61429786682129
2013-09-19,17.60523796081543
2013-09-20,18.411651611328125
2013-09-23,18.180599212646484
2013-09-24,17.92236328125
2013-09-25,17.994850158691406
2013-09-26,18.12397003173828
2013-09-27,18.157943725585938
2013-09-30,18.135290145874023
2013-10-01,18.53850173950196
2013-10-02,18.250822067260746
2013-10-03,18.22137451171875
2013-10-04,18.275739669799805
2013-10-07,17.92916488647461
2013-10-08,17.754743576049805
2013-10-09,17.562198638916016
2013-10-10,18.040157318115234
2013-10-11,18.31878089904785
2013-10-14,18.543041229248047
2013-10-15,18.26667594909668
2013-10-16,18.663089752197266
2013-10-17,19.76398277282715
2013-10-18,19.63713455200196
2013-10-21,19.673370361328125
2013-10-22,19.893102645874023
2013-10-23,20.00862503051757
2013-10-24,20.07885360717773
2013-10-25,20.010887145996094
2013-10-28,19.813814163208008
2013-10-29,19.8636531829834
2013-10-30,19.95879173278809
2013-10-31,19.795698165893555
2013-11-01,20.081113815307617
2013-11-04,19.874984741210938
2013-11-05,19.69828987121582
2013-11-06,19.54425430297852
2013-11-07,19.41695022583008
2013-11-08,19.823888778686523
2013-11-11,19.85798072814941
2013-11-12,19.70566940307617
2013-11-13,19.767053604125977
2013-11-14,19.946651458740234
2013-11-15,20.028484344482425
2013-11-18,20.0239372253418
2013-11-19,19.730676651000977
2013-11-20,19.760229110717773
2013-11-21,19.78750991821289
2013-11-22,19.767053604125977
2013-11-25,19.67838478088379
2013-11-26,19.54879570007324
2013-11-27,19.535165786743164
2013-11-29,19.446508407592773
2013-12-02,19.3169174194336
2013-12-03,19.28963851928711
2013-12-04,19.32374382019043
2013-12-05,19.51015853881836
2013-12-06,19.842071533203125
2013-12-09,19.93983268737793
2013-12-10,19.878448486328125
2013-12-11,19.56017303466797
2013-12-12,19.676115036010746
2013-12-13,19.723861694335938
2013-12-16,20.221729278564453
2013-12-17,20.17626190185547
2013-12-18,20.990129470825195
2013-12-19,20.908279418945312
2013-12-20,21.033323287963867
2013-12-23,21.1469955444336
2013-12-24,21.256113052368164
2013-12-26,21.32431983947754
2013-12-27,21.41297912597656
2013-12-30,21.43798065185547
2013-12-31,21.52210235595703
2014-01-02,21.41297912597656
2014-01-03,21.526655197143555
2014-01-06,21.508459091186523
2014-01-07,21.51983070373535
2014-01-08,21.70851707458496
2014-01-09,21.69487953186035
2014-01-10,21.72443389892578
2014-01-13,21.52210235595703
2014-01-14,21.826736450195312
2014-01-15,21.84491920471192
2014-01-16,21.824462890625
2014-01-17,21.68351173400879
2014-01-21,21.66304588317871
2014-01-22,21.399333953857425
2014-01-23,21.09697723388672
2014-01-24,20.56273078918457
2014-01-27,20.38313865661621
2014-01-28,20.81962203979492
2014-01-29,20.21490478515625
2014-01-30,20.969669342041016
2014-01-31,20.65821647644043
2014-02-03,19.910268783569336
2014-02-04,19.341928482055664
2014-02-05,19.03729248046875
2014-02-06,19.27827262878418
2014-02-07,19.505613327026367
2014-02-10,20.13306999206543
2014-02-11,20.239910125732425
2014-02-12,20.00493812561035
2014-02-13,20.30835723876953
2014-02-14,20.372234344482425
2014-02-18,20.84218406677246
2014-02-19,20.46347999572754
2014-02-20,20.438390731811523
2014-02-21,20.27869033813477
2014-02-24,20.34486198425293
2014-02-25,20.39275932312012
2014-02-26,20.30607032775879
2014-02-27,20.29694366455078
2014-02-28,20.26728630065918
2014-03-03,20.18287467956543
2014-03-04,20.417858123779297
2014-03-05,20.372234344482425
2014-03-06,20.22851181030273
2014-03-07,20.31291961669922
2014-03-10,20.6003646850586
2014-03-11,20.449796676635746
2014-03-12,20.52508544921875
2014-03-13,19.82470893859864
2014-03-14,19.82243156433105
2014-03-17,20.26272392272949
2014-03-18,20.31291961669922
2014-03-19,20.13040351867676
2014-03-20,19.890872955322266
2014-03-21,19.70380210876465
2014-03-24,19.7517147064209
2014-03-25,19.89314079284668
2014-03-26,19.73346328735352
2014-03-27,19.86806297302246
2014-03-28,19.3045711517334
2014-03-31,19.475675582885746
2014-04-01,19.67642402648925
2014-04-02,19.877182006835938
2014-04-03,19.872615814208984
2014-04-04,19.4665470123291
2014-04-07,19.40038681030273
2014-04-08,19.553237915039062
2014-04-09,19.936500549316406
2014-04-10,19.65361213684082
2014-04-11,19.20419311523437
2014-04-14,19.32738304138184
2014-04-15,19.404949188232425
2014-04-16,19.60342597961425
2014-04-17,19.580615997314453
2014-04-21,19.51445770263672
2014-04-22,19.66730117797852
2014-04-23,19.544103622436523
2014-04-24,19.46426010131836
2014-04-25,19.1357536315918
2014-04-28,20.72355079650879
2014-04-29,20.682493209838867
2014-04-30,20.374509811401367
2014-05-01,20.2718505859375
2014-05-02,20.22851181030273
2014-05-05,20.67792320251465
2014-05-06,20.582107543945312
2014-05-07,20.93693923950196
2014-05-08,20.65079116821289
2014-05-09,20.838499069213867
2014-05-12,21.1635684967041
2014-05-13,20.746936798095703
2014-05-14,20.68512535095215
2014-05-15,20.1059627532959
2014-05-16,20.149457931518555
2014-05-19,20.291391372680664
2014-05-20,20.11282539367676
2014-05-21,20.135719299316406
2014-05-22,20.270782470703125
2014-05-23,20.218128204345703
2014-05-27,20.701154708862305
2014-05-28,20.66451644897461
2014-05-29,20.300540924072266
2014-05-30,20.09680557250977
2014-06-02,19.993783950805664
2014-06-03,19.90450668334961
2014-06-04,19.8747501373291
2014-06-05,19.94342803955078
2014-06-06,19.81294631958008
2014-06-09,19.83812141418457
2014-06-10,20.07391166687012
2014-06-11,20.041866302490234
2014-06-12,20.215839385986328
2014-06-13,20.476810455322266
2014-06-16,20.3096981048584
2014-06-17,20.728620529174805
2014-06-18,20.67368507385254
2014-06-19,20.641632080078125
2014-06-20,21.067426681518555
2014-06-23,21.01019287109375
2014-06-24,20.870548248291016
2014-06-25,20.85452461242676
2014-06-26,20.90488815307617
2014-06-27,21.09718132019043
2014-06-30,21.191030502319336
2014-07-01,21.568756103515625
2014-07-02,21.43826675415039
2014-07-03,21.35586166381836
2014-07-07,20.96898078918457
2014-07-08,20.87970542907715
2014-07-09,20.870548248291016
2014-07-10,20.893444061279297
2014-07-11,20.870548248291016
2014-07-14,20.90030288696289
2014-07-15,20.849946975708008
2014-07-16,20.524885177612305
2014-07-17,20.42873764038086
2014-07-18,20.868263244628903
2014-07-21,20.71030235290528
2014-07-22,20.88657569885254
2014-07-23,21.122364044189453
2014-07-24,21.067426681518555
2014-07-25,21.204774856567383
2014-07-28,21.403928756713867
2014-07-29,21.474899291992188
2014-07-30,21.48634147644043
2014-07-31,21.362722396850582
2014-08-01,21.31236267089844
2014-08-04,21.32609748840332
2014-08-05,21.259716033935547
2014-08-06,21.316940307617188
2014-08-07,21.442840576171875
2014-08-08,21.55501937866211
2014-08-11,21.678630828857425
2014-08-12,21.5985107421875
2014-08-13,21.98309326171875
2014-08-14,22.134185791015625
2014-08-15,22.019725799560547
2014-08-18,22.113582611083984
2014-08-19,22.104394912719727
2014-08-20,21.904600143432617
2014-08-21,21.96430015563965
2014-08-22,21.959720611572266
2014-08-25,22.044687271118164
2014-08-26,21.936744689941406
2014-08-27,21.69561004638672
2014-08-28,21.831098556518555
2014-08-29,21.936744689941406
2014-09-02,22.0952091217041
2014-09-03,21.959720611572266
2014-09-04,21.83339500427246
2014-09-05,21.85865592956543
2014-09-08,22.17329406738281
2014-09-09,22.06075859069824
2014-09-10,21.97349166870117
2014-09-11,21.67494010925293
2014-09-12,21.32126808166504
2014-09-15,21.19954490661621
2014-09-16,21.58537101745605
2014-09-17,21.661157608032227
2014-09-18,21.612934112548828
2014-09-19,21.544029235839844
2014-09-22,21.70250129699707
2014-09-23,21.39476203918457
2014-09-24,21.707094192504883
2014-09-25,21.45906448364257
2014-09-26,21.49351119995117
2014-09-29,21.537147521972656
2014-09-30,21.484317779541016
2014-10-01,21.316680908203125
2014-10-02,21.504995346069336
2014-10-03,21.63819122314453
2014-10-06,21.41083526611328
2014-10-07,21.02271270751953
2014-10-08,21.208744049072266
2014-10-09,20.790756225585938
2014-10-10,20.51747131347656
2014-10-13,20.21662330627441
2014-10-14,20.156911849975582
2014-10-15,20.32685089111328
2014-10-16,20.67134094238281
2014-10-17,20.8642520904541
2014-10-20,20.790756225585938
2014-10-21,21.553211212158203
2014-10-22,21.383277893066406
2014-10-23,21.413131713867188
2014-10-24,21.52336502075196
2014-10-27,21.661157608032227
2014-10-28,20.8757438659668
2014-10-29,21.04567146301269
2014-10-30,21.07782745361328
2014-10-31,20.91018867492676
2014-11-03,20.91937255859375
2014-11-04,20.8275146484375
2014-11-05,20.816022872924805
2014-11-06,21.011926651000977
2014-11-07,20.9082145690918
2014-11-10,20.99578666687012
2014-11-11,21.13637351989746
2014-11-12,21.207822799682617
2014-11-13,21.22625541687012
2014-11-14,20.889772415161133
2014-11-17,20.7745418548584
2014-11-18,20.82524299621582
2014-11-19,20.550987243652344
2014-11-20,20.68696022033692
2014-11-21,20.80219078063965
2014-11-24,21.191686630249023
2014-11-25,20.97274398803711
2014-11-26,21.09950065612793
2014-11-28,21.11333274841309
2014-12-01,20.79988479614257
2014-12-02,20.76762962341309
2014-12-03,20.79988479614257
2014-12-04,20.73996925354004
2014-12-05,20.698484420776367
2014-12-08,20.90130615234375
2014-12-09,20.76762962341309
2014-12-10,20.9082145690918
2014-12-11,21.23548126220703
2014-12-12,21.447509765625
2014-12-15,21.09950065612793
2014-12-16,20.790678024291992
2014-12-17,21.051103591918945
2014-12-18,21.585792541503903
2014-12-19,21.62266540527344
2014-12-22,21.636493682861328
2014-12-23,21.49129867553711
2014-12-24,21.740198135375977
2014-12-26,21.86697006225586
2014-12-29,21.69412040710449
2014-12-30,21.52587127685547
2014-12-31,21.29540061950684
2015-01-02,21.07415580749512
2015-01-05,20.82063102722168
2015-01-06,20.63856315612793
2015-01-07,20.91743850708008
2015-01-08,21.090282440185547
2015-01-09,21.15250587463379
2015-01-12,21.092586517333984
2015-01-13,21.316143035888672
2015-01-14,21.452123641967773
2015-01-15,21.108720779418945
2015-01-16,21.447509765625
2015-01-20,21.509740829467773
2015-01-21,21.445213317871094
2015-01-22,21.585792541503903
2015-01-23,21.52587127685547
2015-01-26,21.537397384643555
2015-01-27,21.46825408935547
2015-01-28,21.456729888916016
2015-01-29,21.7171630859375
2015-01-30,21.438289642333984
2015-02-02,21.447509765625
2015-02-03,20.79988479614257
2015-02-04,20.756101608276367
2015-02-05,21.03035926818848
2015-02-06,20.75149154663086
2015-02-09,20.691574096679688
2015-02-10,21.08797836303711
2015-02-11,21.12960433959961
2015-02-12,21.45802879333496
2015-02-13,21.88125991821289
2015-02-17,22.163423538208008
2015-02-18,22.20737075805664
2015-02-19,22.121801376342773
2015-02-20,22.286001205444336
2015-02-23,22.591293334960938
2015-02-24,22.54503059387207
2015-02-25,22.82487678527832
2015-02-26,22.78556060791016
2015-02-27,22.556602478027344
2015-03-02,22.73699951171875
2015-03-03,22.524215698242188
2015-03-04,22.55890464782715
2015-03-05,22.6213493347168
2015-03-06,22.54503059387207
2015-03-09,22.445581436157227
2015-03-10,22.121801376342773
2015-03-11,22.408578872680664
2015-03-12,22.30681037902832
2015-03-13,22.332252502441406
2015-03-16,22.549659729003903
2015-03-17,22.586668014526367
2015-03-18,22.74393653869629
2015-03-19,23.25043678283692
2015-03-20,23.39613914489746
2015-03-23,23.29206085205078
2015-03-24,23.266616821289062
2015-03-25,22.838754653930664
2015-03-26,22.77399635314941
2015-03-27,22.90582656860352
2015-03-30,23.27587127685547
2015-03-31,23.194923400878903
2015-04-01,23.116283416748047
2015-04-02,22.78556060791016
2015-04-06,23.22267723083496
2015-04-07,22.87345123291016
2015-04-08,23.01453018188477
2015-04-09,23.08853530883789
2015-04-10,23.125537872314453
2015-04-13,23.14404296875
2015-04-14,23.11859893798828
2015-04-15,23.16022682189941
2015-04-16,23.326753616333008
2015-04-17,23.366071701049805
2015-04-20,23.532590866088867
2015-04-21,23.539531707763672
2015-04-22,23.55803108215332
2015-04-23,23.75924301147461
2015-04-24,23.324443817138672
2015-04-27,22.80637550354004
2015-04-28,22.82718849182129
2015-04-29,22.75780868530273
2015-04-30,22.19348526000977
2015-05-01,22.37157440185547
2015-05-04,22.39933204650879
2015-05-05,22.54734992980957
2015-05-06,22.746252059936523
2015-05-07,22.61672592163086
2015-05-08,22.7971248626709
2015-05-11,22.72774124145508
2015-05-12,22.79481315612793
2015-05-13,22.945629119873047
2015-05-14,23.416654586791992
2015-05-15,23.439855575561523
2015-05-18,23.711332321166992
2015-05-19,23.80415153503418
2015-05-20,23.84127426147461
2015-05-21,23.843599319458008
2015-05-22,23.808794021606445
2015-05-26,23.67653083801269
2015-05-27,23.746143341064453
2015-05-28,23.655649185180664
2015-05-29,23.493221282958984
2015-06-01,23.31920623779297
2015-06-02,23.24495315551757
2015-06-03,23.24495315551757
2015-06-04,23.24959373474121
2015-06-05,22.91315078735352
2015-06-08,23.047727584838867
2015-06-09,22.80177116394043
2015-06-10,22.99435806274414
2015-06-11,23.19157791137696
2015-06-12,23.05004501342773
2015-06-15,22.760007858276367
2015-06-16,22.68343544006348
2015-06-17,22.72287940979004
2015-06-18,23.11269760131836
2015-06-19,23.305286407470703
2015-06-22,23.47930908203125
2015-06-23,23.51875305175781
2015-06-24,23.08020782470703
2015-06-25,23.23799514770508
2015-06-26,23.27047348022461
2015-06-29,22.76697158813477
2015-06-30,22.848175048828125
2015-07-01,22.632387161254883
2015-07-02,22.40035057067871
2015-07-06,22.71127891540528
2015-07-07,22.60454559326172
2015-07-08,22.379470825195312
2015-07-09,22.56045913696289
2015-07-10,22.920108795166016
2015-07-13,23.35401153564453
2015-07-14,23.81807518005371
2015-07-15,23.96425437927246
2015-07-16,24.26357650756836
2015-07-17,24.10115623474121
2015-07-20,24.24964714050293
2015-07-21,24.367982864379883
2015-07-22,24.86686134338379
2015-07-23,24.93878555297852
2015-07-24,24.885417938232425
2015-07-27,24.87845993041992
2015-07-28,25.27987289428711
2015-07-29,25.449256896972656
2015-07-30,25.52582550048828
2015-07-31,25.37964630126953
2015-08-03,25.52351188659668
2015-08-04,25.47245979309082
2015-08-05,25.76945686340332
2015-08-06,25.507266998291016
2015-08-07,25.17313575744629
2015-08-10,25.27987289428711
2015-08-11,25.05016326904297
2015-08-12,24.713716506958008
2015-08-13,24.66950225830078
2015-08-14,24.588043212890625
2015-08-17,24.785858154296875
2015-08-18,24.62062644958496
2015-08-19,24.508909225463867
2015-08-20,24.134218215942383
2015-08-21,23.62454032897949
2015-08-24,22.03032684326172
2015-08-25,21.704504013061523
2015-08-26,22.2258243560791
2015-08-27,22.45854949951172
2015-08-28,22.34218406677246
2015-08-31,21.98843574523925
2015-09-01,21.399621963500977
2015-09-02,21.643993377685547
2015-09-03,21.42057037353516
2015-09-04,21.46712112426757
2015-09-08,21.962841033935547
2015-09-09,21.709163665771484
2015-09-10,22.053606033325195
2015-09-11,22.216514587402344
2015-09-14,22.3002986907959
2015-09-15,22.507423400878903
2015-09-16,22.272367477416992
2015-09-17,22.41898727416992
2015-09-18,22.116439819335938
2015-09-21,22.07221984863281
2015-09-22,22.13971328735352
2015-09-23,22.02334785461425
2015-09-24,21.811567306518555
2015-09-25,21.138965606689453
2015-09-28,20.696781158447266
2015-09-29,21.138965606689453
2015-09-30,21.51831245422364
2015-10-01,21.197153091430664
2015-10-02,21.769678115844727
2015-10-05,21.81389045715332
2015-10-06,21.676576614379883
2015-10-07,21.937232971191406
2015-10-08,21.80458068847656
2015-10-09,21.97446823120117
2015-10-12,22.179277420043945
2015-10-13,21.69286727905273
2015-10-14,21.311185836791992
2015-10-15,21.83017921447754
2015-10-16,22.102474212646484
2015-10-19,22.32124328613281
2015-10-20,22.28167724609375
2015-10-21,22.311931610107425
2015-10-22,21.662616729736328
2015-10-23,22.2281436920166
2015-10-26,22.24909019470215
2015-10-27,22.32822608947754
2015-10-28,20.35232925415039
2015-10-29,20.326732635498047
2015-10-30,20.52688217163086
2015-11-02,21.045875549316406
2015-11-03,20.80848693847656
2015-11-04,20.72238540649414
2015-11-05,20.692119598388672
2015-11-06,20.85270881652832
2015-11-09,20.66652107238769
2015-11-10,21.140674591064453
2015-11-11,20.806665420532227
2015-11-12,20.33951568603516
2015-11-13,20.32083511352539
2015-11-16,20.48433494567871
2015-11-17,20.58711051940918
2015-11-18,21.41629219055176
2015-11-19,21.05425453186035
2015-11-20,21.026222229003903
2015-11-23,21.32752799987793
2015-11-24,21.1149845123291
2015-11-25,21.350889205932617
2015-11-27,21.63585090637207
2015-11-30,21.304176330566406
2015-12-01,21.37190628051757
2015-12-02,21.49103164672852
2015-12-03,21.40460968017578
2015-12-04,21.52138900756836
2015-12-07,21.4466552734375
2015-12-08,21.47468376159668
2015-12-09,21.1149845123291
2015-12-10,21.12899398803711
2015-12-11,20.59878921508789
2015-12-14,20.80432891845703
2015-12-15,20.79265213012696
2015-12-16,21.16636085510254
2015-12-17,20.93278884887696
2015-12-18,20.58711051940918
2015-12-21,20.526382446289062
2015-12-22,20.79265213012696
2015-12-23,20.99352264404297
2015-12-24,21.304176330566406
2015-12-28,21.40460968017578
2015-12-29,21.453662872314453
2015-12-30,21.304176330566406
2015-12-31,21.02155113220215
2016-01-04,20.608125686645508
2016-01-05,20.547407150268555
2016-01-06,20.48433494567871
2016-01-07,20.35586738586425
2016-01-08,20.031206130981445
2016-01-11,19.68084144592285
2016-01-12,19.90974998474121
2016-01-13,19.251070022583008
2016-01-14,19.51033401489257
2016-01-15,19.46128845214844
2016-01-19,19.188003540039062
2016-01-20,19.244064331054688
2016-01-21,19.30479049682617
2016-01-22,20.056894302368164
2016-01-25,19.31413650512696
2016-01-26,19.62244987487793
2016-01-27,19.46361351013184
2016-01-28,18.970775604248047
2016-01-29,19.31413650512696
2016-02-01,19.10859489440918
2016-02-02,20.14565658569336
2016-02-03,20.047550201416016
2016-02-04,19.80698204040528
2016-02-05,20.444623947143555
2016-02-08,19.849021911621094
2016-02-09,19.78127861022949
2016-02-10,19.90554618835449
2016-02-11,19.549165725708008
2016-02-12,19.830516815185547
2016-02-16,20.50576400756836
2016-02-17,20.57843780517578
2016-02-18,20.428396224975582
2016-02-19,20.73318290710449
2016-02-22,20.74256134033203
2016-02-23,20.29239845275879
2016-02-24,20.35101890563965
2016-02-25,20.409629821777344
2016-02-26,20.38618850708008
2016-02-29,20.12593460083008
2016-03-01,21.098936080932617
2016-03-02,21.2067928314209
2016-03-03,21.33574485778809
2016-03-04,21.70384788513184
2016-03-07,21.867963790893555
2016-03-08,21.63115692138672
2016-03-09,21.64523124694824
2016-03-10,21.64523124694824
2016-03-11,22.09538459777832
2016-03-14,22.10477066040039
2016-03-15,21.593639373779297
2016-03-16,21.900793075561523
2016-03-17,21.903125762939453
2016-03-18,22.21026992797852
2016-03-21,22.224346160888672
2016-03-22,22.231380462646484
2016-03-23,21.760108947753903
2016-03-24,22.00864219665528
2016-03-28,21.79996681213379
2016-03-29,22.03677749633789
2016-03-30,22.40487289428711
2016-03-31,22.161035537719727
2016-04-01,22.39080238342285
2016-04-04,22.191518783569336
2016-04-05,21.60537338256836
2016-04-06,22.22902488708496
2016-04-07,22.00864219665528
2016-04-08,21.82341766357422
2016-04-11,21.579574584960938
2016-04-12,21.565513610839844
2016-04-13,21.720252990722656
2016-04-14,21.53268814086914
2016-04-15,21.78824615478516
2016-04-18,22.032081604003903
2016-04-19,21.722597122192383
2016-04-20,21.7061824798584
2016-04-21,22.02036476135254
2016-04-22,22.231380462646484
2016-04-25,21.825759887695312
2016-04-26,21.9664363861084
2016-04-27,22.03677749633789
2016-04-28,21.70149612426757
2016-04-29,21.84685707092285
2016-05-02,21.875
2016-05-03,23.5748233795166
2016-05-04,23.43180274963379
2016-05-05,23.53965759277344
2016-05-06,23.65923309326172
2016-05-09,23.879613876342773
2016-05-10,23.903059005737305
2016-05-11,23.82309913635254
2016-05-12,23.79722785949707
2016-05-13,23.9665641784668
2016-05-16,24.248804092407227
2016-05-17,24.11003494262696
2016-05-18,24.13355827331543
2016-05-19,24.22528648376465
2016-05-20,24.55926322937012
2016-05-23,24.719200134277344
2016-05-24,25.121387481689453
2016-05-25,25.189584732055664
2016-05-26,25.20370483398437
2016-05-27,25.77993392944336
2016-05-31,25.843441009521484
2016-06-01,26.1915283203125
2016-06-02,26.271493911743164
2016-06-03,26.01512908935547
2016-06-06,26.367929458618164
2016-06-07,26.558433532714844
2016-06-08,26.854782104492188
2016-06-09,26.770118713378903
2016-06-10,26.59607315063477
2016-06-13,26.42201805114746
2016-06-14,26.46435546875
2016-06-15,26.49258613586425
2016-06-16,26.51610565185547
2016-06-17,25.904586791992188
2016-06-20,26.095102310180664
2016-06-21,26.0598201751709
2016-06-22,26.15154457092285
2016-06-23,26.51610565185547
2016-06-24,26.21504592895508
2016-06-27,25.32600212097168
2016-06-28,25.667041778564453
2016-06-29,25.631765365600582
2016-06-30,26.52315139770508
2016-07-01,26.39850425720215
2016-07-05,26.450241088867188
2016-07-06,26.565492630004883
2016-07-07,27.087627410888672
2016-07-08,27.087627410888672
2016-07-11,26.911231994628903
2016-07-12,26.960622787475582
2016-07-13,26.89006233215332
2016-07-14,26.313831329345703
2016-07-15,26.08804702758789
2016-07-18,26.257383346557617
2016-07-19,26.07863426208496
2016-07-20,26.219757080078125
2016-07-21,26.08099365234375
2016-07-22,26.048065185546875
2016-07-25,25.97044563293457
2016-07-26,25.963382720947266
2016-07-27,26.038652420043945
2016-07-28,26.05512046813965
2016-07-29,26.44083595275879
2016-08-01,26.76070785522461
2016-08-02,26.506690979003903
2016-08-03,26.494935989379883
2016-08-04,26.45259475708008
2016-08-05,26.487876892089844
2016-08-08,26.24327850341797
2016-08-09,26.168006896972656
2016-08-10,26.11626625061035
2016-08-11,26.2526798248291
2016-08-12,26.08099365234375
2016-08-15,26.21504592895508
2016-08-16,25.949277877807617
2016-08-17,26.37734031677246
2016-08-18,25.069637298583984
2016-08-19,25.20135307312012
2016-08-22,25.21076393127441
2016-08-23,25.07904052734375
2016-08-24,24.681564331054688
2016-08-25,24.792442321777344
2016-08-26,24.93163299560547
2016-08-29,25.01421165466309
2016-08-30,24.65325736999512
2016-08-31,24.85379219055176
2016-09-01,25.132169723510746
2016-09-02,25.21473503112793
2016-09-06,25.313819885253903
2016-09-07,25.92720031738281
2016-09-08,26.073474884033203
2016-09-09,25.035444259643555
2016-09-12,25.45064926147461
2016-09-13,24.90804481506348
2016-09-14,25.245410919189453
2016-09-15,25.87765884399414
2016-09-16,25.35629272460937
2016-09-19,25.79509925842285
2016-09-20,25.627588272094727
2016-09-21,25.3586483001709
2016-09-22,25.83519744873047
2016-09-23,25.55916786193848
2016-09-26,25.53793716430664
2016-09-27,25.80216789245605
2016-09-28,25.64646339416504
2016-09-29,25.54030418395996
2016-09-30,25.832839965820312
2016-10-03,25.870580673217773
2016-10-04,26.03572654724121
2016-10-05,26.1607608795166
2016-10-06,26.226816177368164
2016-10-07,26.17727851867676
2016-10-10,26.18435287475586
2016-10-11,25.174633026123047
2016-10-12,24.81131935119629
2016-10-13,24.93634605407715
2016-10-14,24.93634605407715
2016-10-17,24.792442321777344
2016-10-18,24.8231143951416
2016-10-19,24.70516014099121
2016-10-20,24.99297332763672
2016-10-21,24.757055282592773
2016-10-24,24.893888473510746
2016-10-25,24.26163673400879
2016-10-26,23.94550895690918
2016-10-27,23.87236976623535
2016-10-28,23.83227157592773
2016-10-31,24.532939910888672
2016-11-01,23.9054012298584
2016-11-02,23.657695770263672
2016-11-03,23.42177391052246
2016-11-04,23.459518432617188
2016-11-07,23.778005599975582
2016-11-08,23.768573760986328
2016-11-09,24.57086944580078
2016-11-10,24.923513412475582
2016-11-11,25.202775955200195
2016-11-14,25.216981887817383
2016-11-15,25.115211486816406
2016-11-16,24.86670684814453
2016-11-17,24.954280853271484
2016-11-18,24.79807472229004
2016-11-21,24.76020622253418
2016-11-22,24.914045333862305
2016-11-23,25.153074264526367
2016-11-25,25.356609344482425
2016-11-28,25.07734680175781
2016-11-29,25.29507637023925
2016-11-30,24.93534469604492
2016-12-01,25.056041717529297
2016-12-02,24.94481468200684
2016-12-05,25.17201232910156
2016-12-06,25.61931228637696
2016-12-07,25.226442337036133
2016-12-08,25.56961250305176
2016-12-09,25.44181632995605
2016-12-12,24.87380790710449
2016-12-13,24.94244384765625
2016-12-14,24.86907958984375
2016-12-15,24.93061065673828
2016-12-16,24.80991172790528
2016-12-19,24.66790580749512
2016-12-20,24.781509399414062
2016-12-21,24.26557159423828
2016-12-22,24.19931030273437
2016-12-23,24.42887115478516
2016-12-27,24.62293815612793
2016-12-28,24.45017433166504
2016-12-29,24.485671997070312
2016-12-30,24.336578369140625
2017-01-03,24.284507751464844
2017-01-04,24.84540367126465
2017-01-05,24.417041778564453
2017-01-06,24.54720687866211
2017-01-09,24.4336051940918
2017-01-10,24.615842819213867
2017-01-11,24.05967140197754
2017-01-12,24.14250564575196
2017-01-13,23.99576568603516
2017-01-17,23.4443302154541
2017-01-18,23.430126190185547
2017-01-19,23.193464279174805
2017-01-20,23.198198318481445
2017-01-23,23.16980361938477
2017-01-24,23.181638717651367
2017-01-25,23.42303466796875
2017-01-26,23.41120147705078
2017-01-27,23.63367462158203
2017-01-30,23.45853614807129
2017-01-31,24.080974578857425
2017-02-01,24.178009033203125
2017-02-02,24.04073715209961
2017-02-03,24.3294734954834
2017-02-06,23.87980461120605
2017-02-07,23.94607162475586
2017-02-08,23.63367462158203
2017-02-09,24.50697326660156
2017-02-10,24.43597984313965
2017-02-13,24.59217834472656
2017-02-14,24.73653984069824
2017-02-15,24.97393226623535
2017-02-16,24.9288272857666
2017-02-17,24.98343086242676
2017-02-21,25.023786544799805
2017-02-22,25.09501075744629
2017-02-23,25.244558334350582
2017-02-24,25.30391311645508
2017-02-27,25.50570678710937
2017-02-28,25.23982048034668
2017-03-01,25.686119079589844
2017-03-02,25.34189414978028
2017-03-03,25.47246551513672
2017-03-06,25.42023658752441
2017-03-07,25.330028533935547
2017-03-08,25.38700485229492
2017-03-09,25.43448066711425
2017-03-10,25.65763664245605
2017-03-13,25.458227157592773
2017-03-14,25.360885620117188
2017-03-15,25.51994705200196
2017-03-16,24.81013298034668
2017-03-17,24.8813591003418
2017-03-20,24.68194580078125
2017-03-21,24.28312110900879
2017-03-22,24.344839096069336
2017-03-23,24.570371627807617
2017-03-24,24.64632797241211
2017-03-27,23.98162651062012
2017-03-28,23.741863250732425
2017-03-29,23.7299861907959
2017-03-30,23.986371994018555
2017-03-31,24.131181716918945
2017-04-03,23.946020126342773
2017-04-04,23.81782531738281
2017-04-05,23.568559646606445
2017-04-06,23.9151554107666
2017-04-07,23.908035278320312
2017-04-10,23.76321601867676
2017-04-11,23.839187622070312
2017-04-12,23.708620071411133
2017-04-13,23.70387458801269
2017-04-17,24.017234802246094
2017-04-18,24.043352127075195
2017-04-19,24.188152313232425
2017-04-20,24.344839096069336
2017-04-21,24.157302856445312
2017-04-24,24.484901428222656
2017-04-25,24.776893615722656
2017-04-26,25.10687255859375
2017-04-27,25.311038970947266
2017-04-28,25.42023658752441
2017-05-01,25.5389347076416
2017-05-02,26.37931251525879
2017-05-03,26.05882835388184
2017-05-04,26.31759452819824
2017-05-05,26.310466766357425
2017-05-08,26.17040634155273
2017-05-09,26.24399948120117
2017-05-10,26.38643455505371
2017-05-11,26.24162673950196
2017-05-12,26.20838737487793
2017-05-15,26.376937866210938
2017-05-16,26.4529037475586
2017-05-17,26.09102439880371
2017-05-18,25.9553279876709
2017-05-19,26.176733016967773
2017-05-22,26.26957893371582
2017-05-23,26.38862419128418
2017-05-24,26.440994262695312
2017-05-25,26.474336624145508
2017-05-26,26.52195167541504
2017-05-30,26.53861427307129
2017-05-31,26.68383979797364
2017-06-01,26.960006713867188
2017-06-02,27.50282859802246
2017-06-05,27.24332618713379
2017-06-06,27.121904373168945
2017-06-07,27.10762405395508
2017-06-08,27.060009002685547
2017-06-09,26.73383522033692
2017-06-12,26.52433204650879
2017-06-13,26.512426376342773
2017-06-14,26.70288848876953
2017-06-15,26.376718521118164
2017-06-16,26.576705932617188
2017-06-19,26.88382911682129
2017-06-20,26.87668800354004
2017-06-21,27.131431579589844
2017-06-22,27.688535690307617
2017-06-23,27.97422218322754
2017-06-26,28.09803009033203
2017-06-27,27.99565696716309
2017-06-28,28.274206161499023
2017-06-29,27.931377410888672
2017-06-30,27.97422218322754
2017-07-03,27.824234008789062
2017-07-05,27.676631927490234
2017-07-06,27.621871948242188
2017-07-07,28.01707649230957
2017-07-10,27.712343215942383
2017-07-11,27.828998565673828
2017-07-12,27.68139266967773
2017-07-13,27.53616523742676
2017-07-14,27.43854713439941
2017-07-17,27.63615798950196
2017-07-18,27.912330627441406
2017-07-19,27.84327888488769
2017-07-20,27.838523864746094
2017-07-21,28.0885009765625
2017-07-24,28.12421417236328
2017-07-25,28.143260955810547
2017-07-26,27.90994453430176
2017-07-27,27.6956787109375
2017-07-28,27.73615074157715
2017-07-31,27.595680236816406
2017-08-01,27.564735412597656
2017-08-02,27.479019165039062
2017-08-03,27.474260330200195
2017-08-04,27.459976196289062
2017-08-07,27.671863555908203
2017-08-08,27.04333877563477
2017-08-09,27.24570274353028
2017-08-10,27.7956657409668
2017-08-11,27.98374938964844
2017-08-14,27.967084884643555
2017-08-15,27.86233139038086
2017-08-16,28.24191665649414
2017-08-17,28.16074752807617
2017-08-18,28.14642143249512
2017-08-21,28.287273406982425
2017-08-22,28.51168632507324
2017-08-23,28.42574119567871
2017-08-24,28.633440017700195
2017-08-25,28.640596389770508
2017-08-28,29.06792449951172
2017-08-29,29.087018966674805
2017-08-30,28.80055046081543
2017-08-31,29.55015754699707
2017-09-01,29.261293411254883
2017-09-05,28.92229461669922
2017-09-06,29.044050216674805
2017-09-07,28.7957706451416
2017-09-08,28.62627220153809
2017-09-11,29.01779556274414
2017-09-12,29.208776473999023
2017-09-13,29.32336807250977
2017-09-14,29.37588691711425
2017-09-15,29.02495765686035
2017-09-18,29.05837821960449
2017-09-19,29.10134506225586
2017-09-20,28.9461727142334
2017-09-21,28.936622619628903
2017-09-22,28.981983184814453
2017-09-25,29.01779556274414
2017-09-26,28.61194229125977
2017-09-27,28.936622619628903
2017-09-28,28.80055046081543
2017-09-29,28.8602294921875
2017-10-02,29.27800941467285
2017-10-03,29.18013381958008
2017-10-04,29.232648849487305
2017-10-05,29.289947509765625
2017-10-06,29.258909225463867
2017-10-09,28.92707252502441
2017-10-10,29.19684219360352
2017-10-11,29.46899032592773
2017-10-12,29.58597183227539
2017-10-13,29.041667938232425
2017-10-16,29.25414085388184
2017-10-17,29.44512176513672
2017-10-18,29.394981384277344
2017-10-19,29.47377014160156
2017-10-20,29.6623592376709
2017-10-23,29.574031829833984
2017-10-24,29.588359832763672
2017-10-25,29.707725524902344
2017-10-26,29.853347778320312
2017-10-27,30.068208694458008
2017-10-30,29.511962890625
2017-10-31,31.2785701751709
2017-11-01,30.6530990600586
2017-11-02,30.5576114654541
2017-11-03,30.865568161010746
2017-11-06,30.66742897033692
2017-11-07,30.130277633666992
2017-11-08,30.25202751159668
2017-11-09,29.845157623291016
2017-11-10,29.73506736755371
2017-11-13,29.759002685546875
2017-11-14,29.969615936279297
2017-11-15,30.137147903442383
2017-11-16,30.78096580505371
2017-11-17,30.92696189880371
2017-11-20,31.12081718444824
2017-11-21,31.621034622192383
2017-11-22,31.69521713256836
2017-11-24,31.522912979125977
2017-11-27,31.704805374145508
2017-11-28,31.86038398742676
2017-11-29,31.97764205932617
2017-11-30,32.250492095947266
2017-12-01,31.87711906433105
2017-12-04,31.06816864013672
2017-12-05,30.747455596923828
2017-12-06,30.80728530883789
2017-12-07,30.85036849975586
2017-12-08,30.816864013671875
2017-12-11,30.3956356048584
2017-12-12,30.47221946716309
2017-12-13,30.582319259643555
2017-12-14,30.577526092529297
2017-12-15,30.99637031555176
2017-12-18,31.01311492919922
2017-12-19,30.94610595703125
2017-12-20,30.914995193481445
2017-12-21,30.81926155090332
2017-12-22,30.71395492553711
2017-12-26,30.74985313415528
2017-12-27,30.68282890319824
2017-12-28,30.816864013671875
2017-12-29,31.005943298339844
2018-01-02,31.46307182312012
2018-01-03,32.18825912475586
2018-01-04,32.291168212890625
2018-01-05,32.64060592651367
2018-01-08,32.64299011230469
2018-01-09,32.963714599609375
2018-01-10,32.88233947753906
2018-01-11,33.06901168823242
2018-01-12,33.51178359985352
2018-01-16,33.569217681884766
2018-01-17,33.66734313964844
2018-01-18,33.51178359985352
2018-01-19,33.6793212890625
2018-01-22,33.7463264465332
2018-01-23,33.86360549926758
2018-01-24,33.83249282836914
2018-01-25,34.012001037597656
2018-01-26,34.062259674072266
2018-01-29,33.98806381225586
2018-01-30,33.600337982177734
2018-01-31,33.576416015625
2018-02-01,33.51178359985352
2018-02-02,33.07380294799805
2018-02-05,31.716768264770508
2018-02-06,32.97088623046875
2018-02-07,32.65735626220703
2018-02-08,31.582735061645508
2018-02-09,31.972862243652344
2018-02-12,32.41564178466797
2018-02-13,32.78898239135742
2018-02-14,33.76069259643555
2018-02-15,33.942989349365234
2018-02-16,33.87103271484375
2018-02-20,33.465633392333984
2018-02-21,33.47524642944336
2018-02-22,33.46324157714844
2018-02-23,34.060550689697266
2018-02-26,34.2044563293457
2018-02-27,33.95500564575195
2018-02-28,33.90461349487305
2018-03-01,33.78227996826172
2018-03-02,33.679134368896484
2018-03-05,33.9358024597168
2018-03-06,34.73221206665039
2018-03-07,34.612274169921875
2018-03-08,34.528316497802734
2018-03-09,35.10881423950195
2018-03-12,35.1879768371582
2018-03-13,35.15678787231445
2018-03-14,35.21916961669922
2018-03-15,35.15200424194336
2018-03-16,35.545387268066406
2018-03-19,35.49742126464844
2018-03-20,35.66534423828125
2018-03-21,35.610164642333984
2018-03-22,35.39667892456055
2018-03-23,34.725006103515625
2018-03-26,35.790069580078125
2018-03-27,35.211971282958984
2018-03-28,35.36547088623047
2018-03-29,36.2314567565918
2018-04-02,34.75859069824219
2018-04-03,35.13520812988281
2018-04-04,35.31511306762695
2018-04-05,35.5526008605957
2018-04-06,34.86174392700195
2018-04-09,35.10162353515625
2018-04-10,35.72050476074219
2018-04-11,35.835662841796875
2018-04-12,35.785282135009766
2018-04-13,35.7301139831543
2018-04-16,35.965187072753906
2018-04-17,36.70402145385742
2018-04-18,36.78558349609375
2018-04-19,36.50731658935547
2018-04-20,36.64884948730469
2018-04-23,36.95589065551758
2018-04-24,36.57687759399414
2018-04-25,36.35619735717773
2018-04-26,36.60566711425781
2018-04-27,36.50252151489258
2018-04-30,36.20027542114258
2018-05-01,36.16908645629883
2018-05-02,35.20717239379883
2018-05-03,35.14958953857422
2018-05-04,35.473426818847656
2018-05-07,35.67973327636719
2018-05-08,35.7708740234375
2018-05-09,35.7301139831543
2018-05-10,35.95558547973633
2018-05-11,36.41234588623047
2018-05-14,36.53254318237305
2018-05-15,35.89550018310547
2018-05-16,36.48447036743164
2018-05-17,36.44840621948242
2018-05-18,36.77293014526367
2018-05-21,36.63109970092773
2018-05-22,36.57099914550781
2018-05-23,36.691200256347656
2018-05-24,36.41234588623047
2018-05-25,35.775299072265625
2018-05-29,35.40509796142578
2018-05-30,36.0349235534668
2018-05-31,36.13589859008789
2018-06-01,36.29214477539063
2018-06-04,36.943607330322266
2018-06-05,37.3282356262207
2018-06-06,38.29222106933594
2018-06-07,38.1744270324707
2018-06-08,38.39799118041992
2018-06-11,38.68405532836914
2018-06-12,38.98935317993164
2018-06-13,39.0879135131836
2018-06-14,39.43888854980469
2018-06-15,39.80430603027344
2018-06-18,39.34753036499024
2018-06-19,39.31869125366211
2018-06-20,39.18407440185547
2018-06-21,38.7441520690918
2018-06-22,38.81387710571289
2018-06-25,38.04220962524414
2018-06-26,37.74892807006836
2018-06-27,35.1286506652832
2018-06-28,35.36904525756836
2018-06-29,35.566158294677734
2018-07-02,35.63106918334961
2018-07-03,35.44356155395508
2018-07-05,35.6527099609375
2018-07-06,36.157527923583984
2018-07-09,36.67918395996094
2018-07-10,36.7320671081543
2018-07-11,36.568603515625
2018-07-12,36.85707473754883
2018-07-13,36.80659103393555
2018-07-16,36.431583404541016
2018-07-17,36.65272903442383
2018-07-18,36.58302307128906
2018-07-19,36.994083404541016
2018-07-20,37.602294921875
2018-07-23,38.19845962524414
2018-07-24,39.06147766113281
2018-07-25,39.81871032714844
2018-07-26,40.05189514160156
2018-07-27,39.04703521728516
2018-07-30,37.83546829223633
2018-07-31,38.61675262451172
2018-08-01,39.58071899414063
2018-08-02,39.960540771484375
2018-08-03,39.98698806762695
2018-08-06,40.59037399291992
2018-08-07,43.30441284179688
2018-08-08,42.626502990722656
2018-08-09,42.85728454589844
2018-08-10,42.95344161987305
2018-08-13,42.71784973144531
2018-08-14,43.30441284179688
2018-08-15,43.26594924926758
2018-08-16,43.28040313720703
2018-08-17,43.468238830566406
2018-08-20,43.658470153808594
2018-08-21,44.520626068115234
2018-08-22,44.510990142822266
2018-08-23,45.25994873046875
2018-08-24,45.33460235595703
2018-08-27,45.16120910644531
2018-08-28,45.35627365112305
2018-08-29,46.17024993896485
2018-08-30,46.07875061035156
2018-08-31,46.27862548828125
2018-09-04,46.01611709594727
2018-09-05,45.563385009765625
2018-09-06,45.88366317749024
2018-09-07,46.08354949951172
2018-09-10,47.09019088745117
2018-09-11,47.13352584838867
2018-09-12,47.1937255859375
2018-09-13,47.54774856567383
2018-09-14,48.11849212646485
2018-09-17,47.40565872192383
2018-09-18,47.52608108520508
2018-09-19,47.82710647583008
2018-09-20,47.91862106323242
2018-09-21,47.18169784545898
2018-09-24,48.21964263916016
2018-09-25,48.631446838378906
2018-09-26,48.530311584472656
2018-09-27,49.08660125732422
2018-09-28,49.15402603149414
2018-10-01,49.079368591308594
2018-10-02,48.56642150878906
2018-10-03,48.24372482299805
2018-10-04,46.55797958374024
2018-10-05,46.28584671020508
2018-10-08,45.62117385864258
2018-10-09,45.40202713012695
2018-10-10,43.92578887939453
2018-10-11,43.50436019897461
2018-10-12,44.55915832519531
2018-10-15,43.87522506713867
2018-10-16,44.64584732055664
2018-10-17,44.09677505493164
2018-10-18,44.1305046081543
2018-10-19,42.74576950073242
2018-10-22,43.50195693969727
2018-10-23,44.15939712524414
2018-10-24,41.82583236694336
2018-10-25,43.30929946899414
2018-10-26,43.38636016845703
2018-10-29,42.73614501953125
2018-10-30,40.06062316894531
2018-10-31,40.39054107666016
2018-11-01,40.783084869384766
2018-11-02,40.994998931884766
2018-11-05,41.076881408691406
2018-11-06,41.5801887512207
2018-11-07,43.02753829956055
2018-11-08,41.70547103881836
2018-11-09,41.2060775756836
2018-11-12,39.485931396484375
2018-11-13,39.07339096069336
2018-11-14,38.94070053100586
2018-11-15,39.336368560791016
2018-11-16,38.656028747558594
2018-11-19,37.430450439453125
2018-11-20,37.71272659301758
2018-11-21,37.75131607055664
2018-11-23,38.47507858276367
2018-11-26,38.29413604736328
2018-11-27,38.16145706176758
2018-11-28,39.36289978027344
2018-11-29,39.17473602294922
2018-11-30,38.943119049072266
2018-12-03,39.61621856689453
2018-12-04,38.69462203979492
2018-12-06,38.71875762939453
2018-12-07,37.688602447509766
2018-12-10,37.54625701904297
2018-12-11,38.00464630126953
2018-12-12,39.07820510864258
2018-12-13,37.55591583251953
2018-12-14,36.47268295288086
2018-12-17,35.41600036621094
2018-12-18,35.25917434692383
2018-12-19,35.11201095581055
2018-12-20,34.08667755126953
2018-12-21,33.24230194091797
2018-12-24,32.02637481689453
2018-12-26,33.611427307128906
2018-12-27,34.108394622802734
2018-12-28,34.197654724121094
2018-12-31,34.914180755615234
2019-01-02,34.23625183105469
2019-01-03,32.832176208496094
2019-01-04,34.858699798583984
2019-01-07,35.19403839111328
2019-01-08,35.54145812988281
2019-01-09,35.93708419799805
2019-01-10,37.078224182128906
2019-01-11,38.062530517578125
2019-01-14,37.70307159423828
2019-01-15,38.31103515625
2019-01-16,38.6777458190918
2019-01-17,39.070987701416016
2019-01-18,39.36531066894531
2019-01-22,38.84419631958008
2019-01-23,39.11441040039063
2019-01-24,39.14093017578125
2019-01-25,39.63550567626953
2019-01-28,39.55106735229492
2019-01-29,39.69340896606445
2019-01-30,40.62464904785156
2019-01-31,42.089054107666016
2019-02-01,42.38579559326172
2019-02-04,42.89002227783203
2019-02-05,45.49556350708008
2019-02-06,45.16987228393555
2019-02-07,44.44610977172852
2019-02-08,44.32548522949219
2019-02-11,44.34236907958984
2019-02-12,45.02992630004883
2019-02-13,45.60894775390625
2019-02-14,45.5654411315918
2019-02-15,46.30976486206055
2019-02-19,46.36775207519531
2019-02-20,46.81242752075195
2019-02-21,46.872840881347656
2019-02-22,47.116920471191406
2019-02-25,47.116920471191406
2019-02-26,46.29284286499024
2019-02-27,46.95983505249024
2019-02-28,46.858341217041016
2019-03-01,47.56157302856445
2019-03-04,47.16524887084961
2019-03-05,47.33200454711914
2019-03-06,46.2203483581543
2019-03-07,46.10193634033203
2019-03-08,45.795021057128906
2019-03-11,46.39192962646485
2019-03-12,46.72783279418945
2019-03-13,47.12174606323242
2019-03-14,47.0081672668457
2019-03-15,47.2812385559082
2019-03-18,47.54708099365234
2019-03-19,48.10773468017578
2019-03-20,47.97480773925781
2019-03-21,48.43880462646485
2019-03-22,46.48134994506836
2019-03-25,46.92841720581055
2019-03-26,47.35132598876953
2019-03-27,46.94049835205078
2019-03-28,47.58573913574219
2019-03-29,47.98207092285156
2019-04-01,48.315555572509766
2019-04-02,48.38080596923828
2019-04-03,48.78922653198242
2019-04-04,48.06904983520508
2019-04-05,47.95306015014648
2019-04-08,48.73121643066406
2019-04-09,48.60072708129883
2019-04-10,49.15654754638672
2019-04-11,48.87622833251953
2019-04-12,48.69498062133789
2019-04-15,48.48231506347656
2019-04-16,47.18942260742188
2019-04-17,45.60652923583984
2019-04-18,45.712867736816406
2019-04-22,46.19618606567383
2019-04-23,46.37743377685547
2019-04-24,46.14059448242188
2019-04-25,46.22517776489258
2019-04-26,47.1145133972168
2019-04-29,47.4214096069336
2019-04-30,49.44170379638672
2019-05-01,48.84722137451172
2019-05-02,48.65388107299805
2019-05-03,49.67854690551758
2019-05-06,50.10870361328125
2019-05-07,48.66838836669922
2019-05-08,48.801307678222656
2019-05-09,48.8618049621582
2019-05-10,48.82551956176758
2019-05-13,47.11666870117188
2019-05-14,47.77986526489258
2019-05-15,47.6055908203125
2019-05-16,48.777099609375
2019-05-17,47.79439163208008
2019-05-20,47.7919807434082
2019-05-21,48.67301940917969
2019-05-22,48.9029655456543
2019-05-23,47.89120864868164
2019-05-24,47.874271392822266
2019-05-28,47.4506950378418
2019-05-29,46.89640426635742
2019-05-30,47.18685150146485
2019-05-31,47.93720245361328
2019-06-03,47.912994384765625
2019-06-04,49.348331451416016
2019-06-05,49.99943923950195
2019-06-06,50.54161834716797
2019-06-07,50.81755065917969
2019-06-10,51.3427848815918
2019-06-11,51.47349548339844
2019-06-12,52.14396667480469
2019-06-13,51.12978363037109
2019-06-14,50.4278450012207
2019-06-17,50.15918731689453
2019-06-18,50.22211837768555
2019-06-19,51.103153228759766
2019-06-20,51.85108184814453
2019-06-21,50.90468215942383
2019-06-24,49.8227424621582
2019-06-25,49.24182891845703
2019-06-26,48.946537017822266
2019-06-27,49.95586395263672
2019-06-28,50.46415710449219
2019-07-01,50.65054321289063
2019-07-02,51.68891143798828
2019-07-03,52.45619201660156
2019-07-05,51.993896484375
2019-07-08,51.41298294067383
2019-07-09,51.42991638183594
2019-07-10,51.555782318115234
2019-07-11,50.45932388305664
2019-07-12,50.662635803222656
2019-07-15,50.96520233154297
2019-07-16,50.89743041992188
2019-07-17,50.836910247802734
2019-07-18,51.89949417114258
2019-07-19,50.70136260986328
2019-07-22,50.52951431274414
2019-07-23,50.350399017333984
2019-07-24,50.58759689331055
2019-07-25,50.803016662597656
2019-07-26,51.94548034667969
2019-07-29,52.05440902709961
2019-07-30,50.93856430053711
2019-07-31,50.8659553527832
2019-08-01,51.066856384277344
2019-08-02,49.86631774902344
2019-08-05,48.285743713378906
2019-08-06,46.99322128295898
2019-08-07,46.08797454833984
2019-08-08,47.36112976074219
2019-08-09,46.494606018066406
2019-08-12,46.092811584472656
2019-08-13,47.73147201538086
2019-08-14,46.53091049194336
2019-08-15,46.75639343261719
2019-08-16,47.9007453918457
2019-08-19,47.01096725463867
2019-08-20,46.693355560302734
2019-08-21,46.84366989135742
2019-08-22,46.41211700439453
2019-08-23,45.48838424682617
2019-08-26,46.084808349609375
2019-08-27,45.85205078125
2019-08-28,46.21088790893555
2019-08-29,46.70548248291016
2019-08-30,46.4460563659668
2019-09-03,45.01075744628906
2019-09-04,45.36958694458008
2019-09-05,46.021759033203125
2019-09-06,45.624149322509766
2019-09-09,44.504032135009766
2019-09-10,45.59020614624024
2019-09-11,47.43524932861328
2019-09-12,48.470516204833984
2019-09-13,48.72024154663086
2019-09-16,48.52143859863281
2019-09-17,47.924991607666016
2019-09-18,48.10440444946289
2019-09-19,47.88378143310547
2019-09-20,48.59415817260742
2019-09-23,49.02087020874024
2019-09-24,48.71780014038086
2019-09-25,48.85358810424805
2019-09-26,49.207557678222656
2019-09-27,47.84257507324219
2019-09-30,47.44009399414063
2019-10-01,45.987831115722656
2019-10-02,46.43878555297852
2019-10-03,47.72376251220703
2019-10-04,48.8293342590332
2019-10-07,48.897216796875
2019-10-08,47.62436294555664
2019-10-09,48.72266387939453
2019-10-10,48.36625671386719
2019-10-11,48.72024154663086
2019-10-14,48.51657485961914
2019-10-15,48.64508056640625
2019-10-16,48.98208236694336
2019-10-17,48.85358810424805
2019-10-18,48.550514221191406
2019-10-21,49.30938720703125
2019-10-22,48.65476608276367
2019-10-23,49.08147811889648
2019-10-24,48.88752746582031
2019-10-25,49.29241180419922
2019-10-28,50.72043991088867
2019-10-29,50.97259140014648
2019-10-30,50.71559524536133
2019-10-31,50.47071075439453
2019-11-01,51.00895690917969
2019-11-04,50.19917678833008
2019-11-05,49.629425048828125
2019-11-06,49.50577163696289
2019-11-07,49.287227630615234
2019-11-08,49.345497131347656
2019-11-11,49.3115119934082
2019-11-12,49.52762985229492
2019-11-13,49.753456115722656
2019-11-14,49.43535614013672
2019-11-15,51.58925628662109
2019-11-18,51.33913040161133
2019-11-19,52.53385925292969
2019-11-20,52.96852493286133
2019-11-21,52.13319396972656
2019-11-22,52.32501983642578
2019-11-25,53.444461822509766
2019-11-26,53.42019271850586
2019-11-27,53.90827941894531
2019-11-29,52.99766159057617
2019-12-02,52.905391693115234
2019-12-03,52.33716583251953
2019-12-04,53.029239654541016
2019-12-05,52.88111114501953
2019-12-06,53.25507736206055
2019-12-09,53.24292755126953
2019-12-10,53.41534805297852
2019-12-11,52.37602233886719
2019-12-12,53.012237548828125
2019-12-13,51.72766876220703
2019-12-16,53.14822769165039
2019-12-17,52.77426910400391
2019-12-18,52.45858383178711
2019-12-19,52.64070129394531
2019-12-20,53.930137634277344
2019-12-23,53.8329963684082
2019-12-24,53.60231399536133
2019-12-26,53.01952362060547
2019-12-27,53.01467514038086
2019-12-30,52.80582427978516
2019-12-31,53.30363464355469
2020-01-02,53.29148864746094
2020-01-03,52.61640930175781
2020-01-06,52.73298263549805
2020-01-07,52.446434020996094
2020-01-08,52.23276138305664
2020-01-09,52.61885452270508
2020-01-10,52.485294342041016
2020-01-13,52.766971588134766
2020-01-14,52.9029655456543
2020-01-15,53.49546432495117
2020-01-16,53.27935028076172
2020-01-17,53.57075119018555
2020-01-21,53.78929901123047
2020-01-22,53.22349548339844
2020-01-23,53.12150192260742
2020-01-24,52.198768615722656
2020-01-27,52.64313507080078
2020-01-28,53.04136657714844
2020-01-29,52.82283782958984
2020-01-30,51.72280502319336
2020-01-31,50.987037658691406
2020-02-03,50.32654571533203
2020-02-04,50.59850692749024
2020-02-05,50.17841339111328
2020-02-06,49.6223258972168
2020-02-07,48.82341003417969
2020-02-10,49.94771957397461
2020-02-11,49.90400695800781
2020-02-12,49.89429473876953
2020-02-13,50.015907287597656
2020-02-14,50.716346740722656
2020-02-18,50.18857955932617
2020-02-19,51.23194885253906
2020-02-20,50.79904556274414
2020-02-21,50.10831832885742
2020-02-24,49.035762786865234
2020-02-25,48.06779479980469
2020-02-26,48.11400985717773
2020-02-27,46.941741943359375
2020-02-28,45.939720153808594
2020-03-02,48.06779479980469
2020-03-03,47.03173065185547
2020-03-04,48.079959869384766
2020-03-05,47.20198059082031
2020-03-06,47.23115539550781
2020-03-09,45.883785247802734
2020-03-10,45.71839904785156
2020-03-11,43.91866683959961
2020-03-12,40.48941040039063
2020-03-13,43.68517303466797
2020-03-16,39.19796752929688
2020-03-17,41.22390365600586
2020-03-18,40.06136322021485
2020-03-19,40.474830627441406
2020-03-20,40.67911529541016
2020-03-23,41.42820358276367
2020-03-24,41.31632614135742
2020-03-25,41.95109939575195
2020-03-26,45.31467819213867
2020-03-27,44.84529113769531
2020-03-30,46.40182113647461
2020-03-31,46.11726760864258
2020-04-01,45.09822082519531
2020-04-02,46.40911865234375
2020-04-03,45.33170318603516
2020-04-06,47.31629180908203
2020-04-07,47.08766555786133
2020-04-08,48.39856719970703
2020-04-09,46.86390686035156
2020-04-13,46.4237174987793
2020-04-14,48.46665954589844
2020-04-15,49.004154205322266
2020-04-16,51.5554084777832
2020-04-17,52.00292205810547
2020-04-20,50.53636932373047
2020-04-21,48.73175811767578
2020-04-22,50.55097198486328
2020-04-23,51.00820159912109
2020-04-24,49.09171295166016
2020-04-27,50.79904556274414
2020-04-28,49.79701614379883
2020-04-29,51.3608512878418
2020-04-30,54.72200393676758
2020-05-01,55.33974838256836
2020-05-04,57.55052185058594
2020-05-05,59.84397888183594
2020-05-06,63.63072967529297
2020-05-07,64.0855484008789
2020-05-08,65.86799621582031
2020-05-11,68.07415771484375
2020-05-12,66.457275390625
2020-05-13,63.75679397583008
2020-05-14,63.81038665771485
2020-05-15,65.0912094116211
2020-05-18,64.96458435058594
2020-05-19,63.323360443115234
2020-05-20,65.68779754638672
2020-05-21,64.9548568725586
2020-05-22,64.86962127685547
2020-05-26,63.46946716308594
2020-05-27,62.64643096923828
2020-05-28,62.92160034179688
2020-05-29,64.47999572753906
2020-06-01,63.81281280517578
2020-06-02,64.24626159667969
2020-06-03,63.17239761352539
2020-06-04,61.49708557128906
2020-06-05,62.47840118408203
2020-06-08,62.09366226196289
2020-06-09,61.48733901977539
2020-06-10,63.79821014404297
2020-06-11,58.93540954589844
2020-06-12,59.83637237548828
2020-06-15,61.93782043457031
2020-06-16,61.08799362182617
2020-06-17,62.18620300292969
2020-06-18,61.8258171081543
2020-06-19,62.75357818603516
2020-06-22,63.85422897338867
2020-06-23,63.76411437988281
2020-06-24,61.48733901977539
2020-06-25,62.88993453979492
2020-06-26,62.44675064086914
2020-06-29,61.80391693115234
2020-06-30,64.30226135253906
2020-07-01,64.77465057373047
2020-07-02,65.54656982421875
2020-07-06,65.70970153808594
2020-07-07,64.9548568725586
2020-07-08,66.72268676757812
2020-07-09,67.54085540771484
2020-07-10,66.33065032958984
2020-07-13,64.0733642578125
2020-07-14,64.93537139892578
2020-07-15,66.7933120727539
2020-07-16,66.39640808105469
2020-07-17,68.12284851074219
2020-07-20,68.9020767211914
2020-07-21,67.4410171508789
2020-07-22,67.1902084350586
2020-07-23,66.57904052734375
2020-07-24,65.76329803466797
2020-07-27,67.40206909179688
2020-07-28,65.91182708740234
2020-07-29,66.80548858642578
2020-07-30,67.41910552978516
2020-07-31,67.00271606445312
2020-08-03,67.9061279296875
2020-08-04,67.42398834228516
2020-08-05,65.22758483886719
2020-08-06,64.90616607666016
2020-08-07,64.71379852294922
2020-08-10,62.7998275756836
2020-08-11,63.75437545776367
2020-08-12,64.14398193359375
2020-08-13,64.84284210205078
2020-08-14,63.5620231628418
2020-08-17,64.04962921142578
2020-08-18,63.981353759765625
2020-08-19,63.40107345581055
2020-08-20,63.00857162475586
2020-08-21,62.85740280151367
2020-08-24,61.03131866455078
2020-08-25,61.17516326904297
2020-08-26,61.62620544433594
2020-08-27,61.69202423095703
2020-08-28,61.69202423095703
2020-08-31,62.282039642333984
2020-09-01,62.76476287841797
2020-09-02,63.77168655395508
2020-09-03,61.11178207397461
2020-09-04,60.0292854309082
2020-09-08,59.863502502441406
2020-09-09,60.95818710327149
2020-09-10,60.05366897583008
2020-09-11,59.427093505859375
2020-09-14,60.302345275878906
2020-09-15,59.88056564331055
2020-09-16,59.63433074951172
2020-09-17,59.78792572021485
2020-09-18,59.46365737915039
2020-09-21,57.95207977294922
2020-09-22,59.30276107788086
2020-09-23,59.24181365966797
2020-09-24,56.61604309082031
2020-09-25,58.93705749511719
2020-09-28,59.42465591430664
2020-09-29,60.16093826293945
2020-09-30,60.39743041992188
2020-10-01,60.6363639831543
2020-10-02,60.195068359375
2020-10-05,61.47991943359375
2020-10-06,62.46000671386719
2020-10-07,64.34947204589844
2020-10-08,63.85212326049805
2020-10-09,64.62741088867188
2020-10-12,65.4709701538086
2020-10-13,65.72451782226562
2020-10-14,65.55143737792969
2020-10-15,64.74443817138672
2020-10-16,64.77128601074219
2020-10-19,64.50550842285156
2020-10-20,64.48358154296875
2020-10-21,63.827754974365234
2020-10-22,65.74403381347656
2020-10-23,65.45147705078125
2020-10-26,64.4981918334961
2020-10-27,64.90049743652344
2020-10-28,62.81596374511719
2020-10-29,62.338111877441406
2020-10-30,61.53842926025391
2020-11-02,63.38890075683594
2020-11-03,64.93460083007812
2020-11-04,65.1345443725586
2020-11-05,74.26252746582031
2020-11-06,73.74322509765625
2020-11-09,74.16503143310547
2020-11-10,73.20930480957031
2020-11-11,74.71357727050781
2020-11-12,74.00164794921875
2020-11-13,73.913818359375
2020-11-16,73.91624450683594
2020-11-17,75.10482788085938
2020-11-18,73.4500961303711
2020-11-19,73.76980590820312
2020-11-20,74.41413116455078
2020-11-23,74.13102722167969
2020-11-24,73.906494140625
2020-11-25,73.64534759521484
2020-11-27,72.64469909667969
2020-11-30,74.02606964111328
2020-12-01,74.42388916015625
2020-12-02,72.8106460571289
2020-12-03,72.96196746826172
2020-12-04,74.82415008544922
2020-12-07,75.15365600585938
2020-12-08,75.37814331054688
2020-12-09,73.6185073852539
2020-12-10,74.48736572265625
2020-12-11,74.42877197265625
2020-12-14,74.79242706298828
2020-12-15,75.21221160888672
2020-12-16,73.9552993774414
2020-12-17,75.60026550292969
2020-12-18,78.15802764892578
2020-12-21,78.55583190917969
2020-12-22,78.23612976074219
2020-12-23,78.11409759521484
2020-12-24,78.49483489990234
2020-12-28,77.07196044921875
2020-12-29,76.857177734375
2020-12-30,77.36482238769531
2020-12-31,77.50151062011719
2021-01-04,76.78641510009766
2021-01-05,77.3672866821289
2021-01-06,80.76216125488281
2021-01-07,81.96781158447266
2021-01-08,80.42290496826172
2021-01-11,81.71643829345703
2021-01-12,81.51872253417969
2021-01-13,80.68158721923828
2021-01-14,82.29730224609375
2021-01-15,84.86237335205078
2021-01-19,85.85569763183594
2021-01-20,87.04915618896484
2021-01-21,86.80754852294922
2021-01-22,87.02961730957031
2021-01-25,86.01678466796875
2021-01-26,83.06365966796875
2021-01-27,77.7162857055664
2021-01-28,78.71446990966797
2021-01-29,79.29779052734375
2021-02-01,82.99775695800781
2021-02-02,91.9523468017578
2021-02-03,89.9144287109375
2021-02-04,93.40939331054688
2021-02-05,92.90662384033205
2021-02-08,95.32281494140624
2021-02-09,95.17151641845705
2021-02-10,95.25691986083984
2021-02-11,96.4879913330078
2021-02-12,97.42594909667967
2021-02-16,100.39128875732422
2021-02-17,99.47775268554688
2021-02-18,96.99115753173828
2021-02-19,95.1518783569336
2021-02-22,92.08641815185548
2021-02-23,92.0522003173828
2021-02-24,91.52216339111328
2021-02-25,89.169921875
2021-02-26,88.34679412841797
2021-03-01,90.97257995605467
2021-03-02,91.7053680419922
2021-03-03,88.23686981201172
2021-03-04,84.9783935546875
2021-03-05,87.00823211669922
2021-03-08,84.24076080322266
2021-03-09,88.9378890991211
2021-03-10,88.85240173339844
2021-03-11,94.77571868896484
2021-03-12,94.0698013305664
2021-03-15,96.9740753173828
2021-03-16,94.8636474609375
2021-03-17,93.26374816894533
2021-03-18,91.35118865966795
2021-03-19,91.65652465820312
2021-03-22,94.13331604003906
2021-03-23,91.95693969726562
2021-03-24,90.24468994140624
2021-03-25,92.1401596069336
2021-03-26,94.8319091796875
2021-03-29,89.64136505126953
2021-03-30,91.22417449951172
2021-03-31,93.2906265258789
2021-04-01,94.89541625976562
2021-04-05,96.92032623291016
2021-04-06,97.47480010986328
2021-04-07,96.9691925048828
2021-04-08,98.95993041992188
2021-04-09,99.83438873291016
2021-04-12,98.44939422607422
2021-04-13,102.45530700683594
2021-04-14,101.2168960571289
2021-04-15,101.41232299804688
2021-04-16,102.23545837402344
2021-04-19,101.24864196777344
2021-04-20,100.61356353759766
2021-04-21,103.52760314941406
2021-04-22,103.4958267211914
2021-04-23,105.63557434082033
2021-04-26,107.61163330078124
2021-04-27,107.81681823730467
2021-04-28,106.69319915771484
2021-04-29,105.94823455810548
2021-04-30,104.4191436767578
2021-05-03,104.15533447265624
2021-05-04,102.15485382080078
2021-05-05,101.80799865722656
2021-05-06,100.38641357421876
2021-05-07,103.33462524414062
2021-05-10,99.71469116210938
2021-05-11,101.50022888183594
2021-05-12,99.87344360351562
2021-05-13,96.8885726928711
2021-05-14,98.11821746826172
2021-05-17,94.69091033935548
2021-05-18,97.7833023071289
2021-05-19,97.1892547607422
2021-05-20,99.95654296875
2021-05-21,100.06898498535156
2021-05-24,102.91691589355467
2021-05-25,102.70913696289062
2021-05-26,101.76061248779295
2021-05-27,100.15210723876952
2021-05-28,101.16416931152344
2021-06-01,100.28655242919922
2021-06-02,100.2596664428711
2021-06-03,99.63629913330078
2021-06-04,103.72364044189452
2021-06-07,102.6064453125
2021-06-08,103.902099609375
2021-06-09,104.91169738769533
2021-06-10,106.53489685058594
2021-06-11,108.52481079101562
2021-06-14,109.85221099853516
2021-06-15,107.88188934326172
2021-06-16,108.18255615234376
2021-06-17,108.83037567138672
2021-06-18,105.58152770996094
2021-06-21,107.61295318603516
2021-06-22,108.02120971679688
2021-06-23,108.64458465576172
2021-06-24,107.44184112548828
2021-06-25,106.71580505371094
2021-06-28,108.779052734375
2021-06-29,109.4684066772461
2021-06-30,110.06978607177734
2021-07-01,110.9620361328125
2021-07-02,109.9011001586914
2021-07-06,111.34585571289062
2021-07-07,113.35774993896484
2021-07-08,112.66348266601562
2021-07-09,113.76842498779295
2021-07-12,110.36311340332033
2021-07-13,110.8471450805664
2021-07-14,108.7521514892578
2021-07-15,109.88642120361328
2021-07-16,112.12812042236328
2021-07-19,111.33362579345705
2021-07-20,114.16934967041016
2021-07-21,113.21837615966795
2021-07-22,114.69493865966795
2021-07-23,115.97100067138672
2021-07-26,115.41606903076172
2021-07-27,115.7754135131836
2021-07-28,116.54792785644533
2021-07-29,118.1002197265625
2021-07-30,117.88754272460938
2021-08-02,118.7431411743164
2021-08-03,117.6504364013672
2021-08-04,118.99006652832033
2021-08-05,119.94345092773438
2021-08-06,117.784912109375
2021-08-09,117.1566162109375
2021-08-10,113.35774993896484
2021-08-11,113.15727996826172
2021-08-12,113.39684295654295
2021-08-13,114.22614288330078
2021-08-16,116.79718017578124
2021-08-17,115.95809173583984
2021-08-18,115.17529296875
2021-08-19,116.41310119628906
2021-08-20,117.2864227294922
2021-08-23,117.3965072631836
2021-08-24,120.47637939453124
2021-08-25,122.37222290039062
2021-08-26,120.64759063720705
2021-08-27,121.09283447265624
2021-08-30,123.74211883544922
2021-08-31,122.10314178466795
2021-09-01,123.62226104736328
2021-09-02,124.95059967041016
2021-09-03,125.51568603515624
2021-09-07,125.78475189208984
2021-09-08,124.21424865722656
2021-09-09,124.3121109008789
2021-09-10,126.42080688476562
2021-09-13,122.94709777832033
2021-09-14,124.73287963867188
2021-09-15,129.5642547607422
2021-09-16,129.52024841308594
2021-09-17,130.7164306640625
2021-09-20,129.36366271972656
2021-09-21,129.70126342773438
2021-09-22,130.3861846923828
2021-09-23,131.3402557373047
2021-09-24,131.82455444335938
2021-09-27,125.11447143554688
2021-09-28,119.5907974243164
2021-09-29,119.99688720703124
2021-09-30,118.5389175415039
2021-10-01,120.80170440673828
2021-10-04,117.72185516357422
2021-10-05,118.25515747070312
2021-10-06,118.29427337646484
2021-10-07,119.47582244873048
2021-10-08,117.32801055908205
2021-10-11,116.98307800292967
2021-10-12,116.93416595458984
2021-10-13,118.1523895263672
2021-10-14,121.78754425048828
2021-10-15,121.82915496826172
2021-10-18,122.18875122070312
2021-10-19,122.2205581665039
2021-10-20,124.10660552978516
2021-10-21,121.6897201538086
2021-10-22,123.60025787353516
2021-10-25,124.96282958984376
2021-10-26,126.9051513671875
2021-10-27,124.70352172851562
2021-10-28,126.0416488647461
2021-10-29,128.0989532470703
2021-11-01,128.4438934326172
2021-11-02,123.12811279296876
2021-11-03,123.37029266357422
2021-11-04,121.1466293334961
2021-11-05,121.65789794921876
2021-11-08,123.8791046142578
2021-11-09,122.83702087402344
2021-11-10,123.28741455078124
2021-11-11,124.014404296875
2021-11-12,123.49300384521484
2021-11-15,122.82476043701172
2021-11-16,123.49057006835938
2021-11-17,120.90322875976562
2021-11-18,121.2018585205078
2021-11-19,122.7586898803711
2021-11-22,119.85310363769533
2021-11-23,115.71383666992188
2021-11-24,116.75415802001952
2021-11-26,115.8974151611328
2021-11-29,117.41997528076172
2021-11-30,115.5449447631836
2021-12-01,113.0750732421875
2021-12-02,114.3797378540039
2021-12-03,111.65776824951172
2021-12-06,114.6171875
2021-12-07,115.77257537841795
2021-12-08,117.81407165527344
2021-12-09,115.0969696044922
2021-12-10,114.07867431640624
2021-12-13,115.13858795166016
2021-12-14,113.30516052246094
2021-12-15,116.13484191894533
2021-12-16,112.9747085571289
2021-12-17,115.1851043701172
2021-12-20,113.8681640625
2021-12-21,117.40774536132812
2021-12-22,119.86780548095705
2021-12-23,121.08191680908205
2021-12-27,122.55306243896484
2021-12-28,121.85054779052734
2021-12-29,123.00591278076172
2021-12-30,124.54557800292967
2021-12-31,126.63603973388672
2022-01-03,119.40270233154295
2022-01-04,114.5633316040039
2022-01-05,106.4145278930664
2022-01-06,104.4097671508789
2022-01-07,101.65348815917967
2022-01-10,104.71080780029295
2022-01-11,105.82212829589844
2022-01-12,104.8576889038086
2022-01-13,97.34530639648438
2022-01-14,95.49230194091795
2022-01-18,92.7727508544922
2022-01-19,92.9759292602539
2022-01-20,92.33705139160156
2022-01-21,89.85985565185547
2022-01-24,93.48019409179688
2022-01-25,90.08014678955078
2022-01-26,89.05449676513672
2022-01-27,86.6164779663086
2022-01-28,89.85739135742188
2022-01-31,92.13877868652344
2022-02-01,98.29751586914062
2022-02-02,102.2850341796875
2022-02-03,100.26312255859376
2022-02-04,100.378173828125
2022-02-07,101.0170669555664
2022-02-08,101.18106079101562
2022-02-09,103.81004333496094
2022-02-10,103.5895538330078
2022-02-11,102.53864288330078
2022-02-14,101.32850646972656
2022-02-15,101.1104736328125
2022-02-16,100.9341049194336
2022-02-17,97.5437469482422
2022-02-18,98.23456573486328
2022-02-22,98.01408386230467
2022-02-23,96.11558532714844
2022-02-24,101.14722442626952
2022-02-25,103.54544830322266
2022-02-28,102.74195098876952
2022-03-01,102.93059539794922
2022-03-02,103.7879638671875
2022-03-03,102.84239959716795
2022-03-04,102.2961196899414
2022-03-07,98.31049346923828
2022-03-08,96.4487533569336
2022-03-09,102.47003936767578
2022-03-10,101.6837158203125
2022-03-11,98.1929168701172
2022-03-14,96.0788345336914
2022-03-15,99.35895538330078
2022-03-16,103.72428131103516
2022-03-17,105.75997161865234
2022-03-18,109.15766143798828
2022-03-21,107.3547134399414
2022-03-22,108.31009674072266
2022-03-23,105.09609985351562
2022-03-24,106.57572174072266
2022-03-25,106.67125701904295
2022-03-28,107.1293487548828
2022-03-29,109.26055145263672
2022-03-30,108.3688735961914
2022-03-31,106.08086395263672
2022-04-01,106.13720703125
2022-04-04,105.83589935302734
2022-04-05,106.08333587646484
2022-04-06,106.36504364013672
2022-04-07,110.14979553222656
2022-04-08,106.1127471923828
2022-04-11,103.50135803222656
2022-04-12,101.1104736328125
2022-04-13,102.73950958251952
2022-04-14,102.4161605834961
2022-04-18,100.94144439697266
2022-04-19,101.23296356201172
2022-04-20,104.01579284667967
2022-04-21,100.94880676269533
2022-04-22,98.7195816040039
2022-04-25,98.2100601196289
2022-04-26,93.60955810546876
2022-04-27,93.31561279296876
2022-04-28,94.7756118774414
2022-04-29,93.0118408203125
2022-05-02,93.71979522705078
2022-05-03,93.92801666259766
2022-05-04,96.96807098388672
2022-05-05,94.5943374633789
2022-05-06,91.35585021972656
2022-05-09,85.01854705810547
2022-05-10,86.11602020263672
2022-05-11,82.96326446533203
2022-05-12,85.46440124511719
2022-05-13,90.1745376586914
2022-05-16,88.79165649414062
2022-05-17,90.9787826538086
2022-05-18,88.04624938964844
2022-05-19,89.84841918945312
2022-05-20,89.82637023925781
2022-05-23,89.37520599365234
2022-05-24,87.57549285888672
2022-05-25,86.5064468383789
2022-05-26,89.57381439208984
2022-05-27,94.7817153930664
2022-05-31,90.65510559082033
2022-06-01,88.25714111328125
2022-06-02,91.70452880859376
2022-06-03,89.02949523925781
2022-06-06,89.10303497314453
2022-06-07,89.74053192138672
2022-06-08,89.36048126220703
2022-06-09,87.15129852294922
2022-06-10,82.02923583984375
2022-06-13,79.6827392578125
2022-06-14,79.48658752441406
2022-06-15,81.07543182373047
2022-06-16,79.11636352539062
2022-06-17,80.21481323242188
2022-06-21,80.74198150634766
2022-06-22,80.84004974365234
2022-06-23,84.66504669189453
2022-06-24,86.49418640136719
2022-06-27,86.63639831542969
2022-06-28,84.83914947509766
2022-06-29,85.44967651367188
2022-06-30,84.99362182617188
2022-07-01,86.59716033935547
2022-07-05,88.83332061767578
2022-07-06,88.95101928710938
2022-07-07,90.28977966308594
2022-07-08,90.7041473388672
2022-07-11,89.0147933959961
2022-07-12,86.50399780273438
2022-07-13,85.55999755859375
2022-07-14,83.70635986328125
2022-07-15,84.43212127685547
2022-07-18,82.443603515625
2022-07-19,85.87631225585938
2022-07-20,87.42837524414062
2022-07-21,90.74828338623048
2022-07-22,89.0662612915039
2022-07-25,88.53911590576172
2022-07-26,90.87578582763672
2022-07-27,91.80996704101562
2022-07-28,93.35958862304688
2022-07-29,94.46784973144533
2022-08-01,93.97256469726562
2022-08-02,94.89205932617188
2022-08-03,96.07877349853516
2022-08-04,95.8458251953125
2022-08-05,93.90148162841795
2022-08-08,91.98405456542967
2022-08-09,88.54401397705078
2022-08-10,93.1609878540039
2022-08-11,91.80752563476562
2022-08-12,93.1670379638672
2022-08-15,92.78176879882812
2022-08-16,90.81363677978516
2022-08-17,89.02464294433594
2022-08-18,88.70072937011719
2022-08-19,87.07616424560547
2022-08-22,84.82335662841797
2022-08-23,83.95954895019531
2022-08-24,85.14974212646484
2022-08-25,88.0013198852539
2022-08-26,83.12763214111328
2022-08-29,81.81472778320312
2022-08-30,81.81226348876953
2022-08-31,81.42697143554688
2022-09-01,81.67975616455078
2022-09-02,80.99018859863281
2022-09-06,80.74723815917969
2022-09-07,81.9963150024414
2022-09-08,84.09451293945312
2022-09-09,85.1006851196289
2022-09-12,84.61721801757812
2022-09-13,79.47603607177734
2022-09-14,78.44780731201172
2022-09-15,77.63795471191406
2022-09-16,75.48332977294922
2022-09-19,74.59745788574219
2022-09-20,73.642822265625
2022-09-21,72.70048522949219
2022-09-22,71.22068786621094
2022-09-23,71.42683410644531
2022-09-26,71.18635559082031
2022-09-27,69.33601379394531
2022-09-28,71.080810546875
2022-09-29,70.09431457519531
2022-09-30,69.69429779052734
2022-10-03,71.92009735107422
2022-10-04,75.72137451171875
2022-10-05,75.71892547607422
2022-10-06,75.8489990234375
2022-10-07,72.63912963867188
2022-10-10,69.81454467773438
2022-10-11,69.1985855102539
2022-10-12,69.4169921875
2022-10-13,70.90904235839844
2022-10-14,69.41453552246094
2022-10-17,72.67839813232422
2022-10-18,74.26367950439453
2022-10-19,71.1716079711914
2022-10-20,69.23540496826172
2022-10-21,69.52005004882812
2022-10-24,69.64032745361328
2022-10-25,72.78636169433594
2022-10-26,74.0845718383789
2022-10-27,72.58267974853516
2022-10-28,72.51644134521484
2022-10-31,72.70292663574219
2022-11-01,75.90052032470703
2022-11-02,73.11766052246094
2022-11-03,74.89683532714844
2022-11-04,74.49683380126953
2022-11-07,77.24779510498047
2022-11-08,76.17046356201172
2022-11-09,76.82567596435547
2022-11-10,82.80736541748047
2022-11-11,85.97138214111328
2022-11-14,84.78242492675781
2022-11-15,86.54129028320312
2022-11-16,85.60533905029297
2022-11-17,81.47591400146484
2022-11-18,80.72422790527344
2022-11-21,81.57172393798828
2022-11-22,81.67244720458984
2022-11-23,82.61820220947266
2022-11-25,83.26919555664062
2022-11-28,81.1639404296875
2022-11-29,80.34590148925781
2022-11-30,83.51237487792969
2022-12-01,84.9076919555664
2022-12-02,83.21760559082031
2022-12-05,81.1639404296875
2022-12-06,79.26750183105469
2022-12-07,79.26750183105469
2022-12-08,80.52522277832031
2022-12-09,79.32645416259766
2022-12-12,81.5373306274414
2022-12-13,85.46778106689453
2022-12-14,85.30073547363281
2022-12-15,82.7262954711914
2022-12-16,80.94776153564453
2022-12-19,79.38541412353516
2022-12-20,79.62122344970703
2022-12-21,81.72403717041016
2022-12-22,81.50785064697266
2022-12-23,81.29167938232422
2022-12-27,80.78073120117188
2022-12-28,79.28715515136719
2022-12-29,83.00142669677734
2022-12-30,81.43905639648438
2023-01-03,81.09516143798828
2023-01-04,82.92281341552734
2023-01-05,80.85933685302734
2023-01-06,81.08531951904297
2023-01-09,82.48063659667969
2023-01-10,85.03543090820312
2023-01-11,85.11405181884766
2023-01-12,80.74141693115234
2023-01-13,79.4443588256836
2023-01-17,79.4443588256836
2023-01-18,78.59931182861328
2023-01-19,79.38541412353516
2023-01-20,80.04375457763672
2023-01-23,80.85933685302734
2023-01-24,78.75653076171875
2023-01-25,78.44209289550781
2023-01-26,78.9235610961914
2023-01-27,79.77845001220703
2023-01-30,77.31208801269531
2023-01-31,78.27503967285156
2023-02-01,79.86688232421875
2023-02-02,79.4443588256836
2023-02-03,77.78374481201172
2023-02-06,74.25614929199219
2023-02-07,77.0762710571289
2023-02-08,75.66129302978516
2023-02-09,74.5411148071289
2023-02-10,75.04278564453125
2023-02-13,75.8296890258789
2023-02-14,75.74116516113281
2023-02-15,75.54444885253906
2023-02-16,74.99358367919922
2023-02-17,74.71817779541016
2023-02-21,72.4557876586914
2023-02-22,73.02628326416016
2023-02-23,73.05579376220703
2023-02-24,71.29507446289062
2023-02-27,71.49180603027344
2023-02-28,71.45246124267578
2023-03-01,73.68534088134766
2023-03-02,76.33136749267578
2023-03-03,76.96089172363281
2023-03-06,75.65264892578125
2023-03-07,73.5968017578125
2023-03-08,73.32139587402344
2023-03-09,72.84923553466797
2023-03-10,70.79341888427734
2023-03-13,70.64586639404297
2023-03-14,72.0721435546875
2023-03-15,71.58032989501953
2023-03-16,72.28854370117188
2023-03-17,71.12784576416016
2023-03-20,71.3737564086914
2023-03-21,72.6426773071289
2023-03-22,71.26556396484375
2023-03-23,70.74421691894531
2023-03-24,71.35408782958984
2023-03-27,72.2098617553711
2023-03-28,70.4491195678711
2023-03-29,70.8819351196289
2023-03-30,71.24589538574219
2023-03-31,72.97711944580078
2023-04-03,72.55413055419922
2023-04-04,72.59347534179688
2023-04-05,72.82955932617188
2023-04-06,74.41323852539062
2023-04-10,73.96076965332031
2023-04-11,76.52810668945312
2023-04-12,79.89217376708984
2023-04-13,82.18409729003906
2023-04-14,83.84645080566406
2023-04-17,83.83663177490234
2023-04-18,82.95133972167969
2023-04-19,83.59071350097656
2023-04-20,80.69876861572266
2023-04-21,82.10540008544922
2023-04-24,82.72510528564453
2023-04-25,77.44290161132812
2023-04-26,77.12812805175781
2023-04-27,76.42971801757812
2023-04-28,78.57408142089844
2023-05-01,77.93470764160156
2023-05-02,78.88884735107422
2023-05-03,84.57437133789062
2023-05-04,82.65623474121094
2023-05-05,81.77095794677734
2023-05-08,80.92501831054688
2023-05-09,79.75447845458984
2023-05-10,79.87250518798828
2023-05-11,80.59056091308594
2023-05-12,80.04904174804688
2023-05-15,79.83243560791016
2023-05-16,80.67920684814453
2023-05-17,80.77764892578125
2023-05-18,81.98872375488281
2023-05-19,82.58934020996094
2023-05-22,82.91426849365234
2023-05-23,81.92964935302734
2023-05-24,80.4724349975586
2023-05-25,81.0434799194336
2023-05-26,82.2151870727539
2023-05-30,81.90010833740234
2023-05-31,80.53150939941406
2023-06-01,80.43304443359375
2023-06-02,81.72288513183594
2023-06-05,81.39796447753906
2023-06-06,81.35857391357422
2023-06-07,80.98441314697266
2023-06-08,78.0699462890625
2023-06-09,77.22319793701172
2023-06-12,77.44965362548828
2023-06-13,75.54935455322266
2023-06-14,73.71797180175781
2023-06-15,75.43119049072266
2023-06-16,77.28227233886719
2023-06-20,76.23860168457031
2023-06-21,75.4705810546875
2023-06-22,75.33274841308594
2023-06-23,75.4410400390625
2023-06-26,75.60844421386719
2023-06-27,74.42688751220703
2023-06-28,74.91920471191406
2023-06-29,78.12905883789062
2023-06-30,80.37395477294922
2023-07-03,79.89148712158203
2023-07-05,79.59609985351562
2023-07-06,79.9013442993164
2023-07-07,79.55672454833984
2023-07-10,81.56534576416016
2023-07-11,82.51056671142578
2023-07-12,83.30809783935547
2023-07-13,83.14071655273438
2023-07-14,82.92411041259766
2023-07-17,81.52595520019531
2023-07-18,81.03365325927734
2023-07-19,82.58934020996094
2023-07-20,85.58255767822266
2023-07-21,88.0440902709961
2023-07-24,86.55733489990234
2023-07-25,84.87364196777344
2023-07-26,83.67241668701172
2023-07-27,82.39241790771484
2023-07-28,82.50071716308594
2023-07-31,82.11671447753906
2023-08-01,80.83673095703125
2023-08-02,80.75796508789062
2023-08-03,79.76348876953125
2023-08-04,80.90564727783203
2023-08-07,80.03919219970703
2023-08-08,83.00287628173828
2023-08-09,81.72288513183594
2023-08-10,81.72288513183594
2023-08-11,83.09149932861328
2023-08-14,83.50501251220703
2023-08-15,83.30809783935547
2023-08-16,80.87610626220703
2023-08-17,79.08236694335938
2023-08-18,77.11121368408203
2023-08-21,77.54489135742188
2023-08-22,77.11121368408203
2023-08-23,77.54489135742188
2023-08-24,77.65328979492188
2023-08-25,79.00352478027344
2023-08-28,77.13093566894531
2023-08-29,79.12181091308594
2023-08-30,79.08236694335938
2023-08-31,77.2689208984375
2023-09-01,77.62372589111328
2023-09-05,76.1453628540039
2023-09-06,74.42060852050781
2023-09-07,72.9126968383789
2023-09-08,70.78384399414062
2023-09-11,70.59659576416016
2023-09-12,70.93167877197266
2023-09-13,71.44416809082031
2023-09-14,72.97181701660156
2023-09-15,72.58744049072266
2023-09-18,70.14321899414062
2023-09-19,69.61101531982422
2023-09-20,69.84754943847656
2023-09-21,68.9112548828125
2023-09-22,68.34947967529297
2023-09-25,67.4427490234375
2023-09-26,66.54586791992188
2023-09-27,66.59516143798828
2023-09-28,67.03865814208984
2023-09-29,67.08794403076172
2023-10-02,66.18122863769531
2023-10-03,65.54061126708984
2023-10-04,65.8362808227539
2023-10-05,66.73314666748047
2023-10-06,67.24563598632812
2023-10-09,66.95983123779297
2023-10-10,68.40862274169922
2023-10-11,68.29035186767578
2023-10-12,67.21607208251953
2023-10-13,66.8119888305664
2023-10-16,67.59059143066406
2023-10-17,67.37376403808594
2023-10-18,65.35334014892578
2023-10-19,62.5838737487793
2023-10-20,63.14564895629883
2023-10-23,62.49517822265625
2023-10-24,62.712005615234375
2023-10-25,60.39590072631836
2023-10-26,60.622589111328125
2023-10-27,58.68101119995117
2023-10-30,55.822853088378906
2023-10-31,53.84183883666992
2023-11-01,52.06782150268555
2023-11-02,54.610595703125
2023-11-03,57.872840881347656
2023-11-06,57.8432731628418
2023-11-07,58.75985336303711
2023-11-08,57.82355880737305
2023-11-09,56.116188049316406
2023-11-10,56.73795700073242
2023-11-13,56.35305404663086
2023-11-14,59.570411682128906
2023-11-15,60.09347152709961
2023-11-16,60.10334396362305
2023-11-17,60.25138092041016
2023-11-20,62.75815582275391
2023-11-21,62.68907165527344
2023-11-22,62.748291015625
2023-11-24,63.17266082763672
2023-11-27,61.44555282592773
2023-11-28,60.85340881347656
2023-11-29,62.29430389404297
2023-11-30,62.07719039916992
2023-12-01,63.725341796875
2023-12-04,64.44579315185547
2023-12-05,63.537818908691406
2023-12-06,65.17611694335938
2023-12-07,67.1598129272461
2023-12-08,67.41641235351562
2023-12-11,68.09738159179688
2023-12-12,68.29476165771484
2023-12-13,73.031982421875
2023-12-14,74.0583724975586
2023-12-15,74.99594116210938
2023-12-18,75.02554321289062
2023-12-19,76.40724182128906
2023-12-20,74.86764526367188
2023-12-21,76.70332336425781
2023-12-22,76.50592803955078
2023-12-26,76.9204330444336
2023-12-27,77.15730285644531
2023-12-28,77.19678497314453
2023-12-29,76.15062713623047
2024-01-02,75.7065200805664
2024-01-03,71.19629669189453
2024-01-04,71.47264099121094
2024-01-05,70.1600341796875
2024-01-08,71.95624542236328
2024-01-09,71.04825592041016
2024-01-10,72.19309997558594
2024-01-11,72.18321990966797
2024-01-12,71.22592163085938
2024-01-16,70.49559783935547
2024-01-17,68.92639923095703
2024-01-18,68.94612884521484
2024-01-19,69.4001235961914
2024-01-22,71.077880859375
2024-01-23,71.5318603515625
2024-01-24,70.13044738769531
2024-01-25,70.18965148925781
2024-01-26,71.67990112304688
2024-01-29,71.82792663574219
2024-01-30,71.75885772705078
2024-01-31,69.4001235961914
2024-02-01,67.64340209960938
2024-02-02,65.11688995361328
2024-02-05,65.89654541015625
2024-02-06,66.48871612548828
2024-02-07,65.49190521240234
2024-02-08,67.09073638916016
2024-02-09,67.14012908935547
2024-02-12,69.11629486083984
2024-02-13,66.71524810791016
2024-02-14,69.28426361083984
2024-02-15,70.41069030761719
2024-02-16,70.75651550292969
2024-02-20,69.49176025390625
2024-02-21,70.86518096923828
2024-02-22,70.90473175048828
2024-02-23,70.76638793945312
2024-02-26,71.05293273925781
2024-02-27,72.33744812011719
2024-02-28,73.50337219238281
2024-02-29,72.69316864013672
2024-03-01,73.49349212646484
2024-03-04,73.98753356933594
2024-03-05,72.52517700195312
2024-03-06,73.7899169921875
2024-03-07,76.02297973632812
2024-03-08,76.17120361328125
2024-03-11,74.23455810546875
2024-03-12,73.23661041259766
2024-03-13,71.62602233886719
2024-03-14,70.37115478515625
2024-03-15,71.65567016601562
2024-03-18,71.02328491210938
2024-03-19,69.9166488647461
2024-03-20,71.02328491210938
2024-03-21,71.46793365478516
2024-03-22,70.6478271484375
2024-03-25,68.39498901367188
2024-03-26,67.58478546142578
2024-03-27,68.59260559082031
2024-03-28,69.55106353759766
2024-04-01,68.5827407836914
2024-04-02,67.94049835205078
2024-04-03,67.06109619140625
2024-04-04,66.25086975097656
2024-04-05,66.19157409667969
2024-04-08,67.40692138671875
2024-04-09,70.38105010986328
2024-04-10,68.6815414428711
2024-04-11,67.9898910522461
2024-04-12,65.9346694946289
2024-04-15,64.73908233642578
2024-04-16,63.24709701538086
2024-04-17,61.98234939575195
2024-04-18,61.46854019165039
2024-04-19,61.37962341308594
2024-04-22,62.051517486572266
2024-04-23,62.930908203125
2024-04-24,62.76293182373047
2024-04-25,61.913185119628906
2024-04-26,63.2964973449707
2024-04-29,63.74112701416016
2024-04-30,62.45661926269531
2024-05-01,72.58445739746094
2024-05-02,74.69895935058594
2024-05-03,76.36882019042969
2024-05-06,75.15347290039062
2024-05-07,76.53680419921875
2024-05-08,76.13168334960938
2024-05-09,78.68092346191406
2024-05-10,80.02606964111328
2024-05-13,81.07447814941406
2024-05-14,83.23066711425781
2024-05-15,82.5877685546875
2024-05-16,81.93497467041016
2024-05-17,82.8943862915039
2024-05-20,81.59868621826172
2024-05-21,81.77674102783203
2024-05-22,82.07345581054688
2024-05-23,79.53153228759766
2024-05-24,79.90737915039062
2024-05-28,78.52266693115234
2024-05-29,77.74129486083984
2024-05-30,76.40605926513672
2024-05-31,76.34671020507812
2024-06-03,77.0489501953125
2024-06-04,76.05988311767578
2024-06-05,78.39409637451172
2024-06-06,77.96880340576172
2024-06-07,76.78190612792969
2024-06-10,76.25769805908203
2024-06-11,76.04998016357422
2024-06-12,76.6038589477539
2024-06-13,76.04009246826172
2024-06-14,75.0411376953125
2024-06-17,73.99270629882812
2024-06-18,73.72566223144531
2024-06-20,73.71576690673828
2024-06-21,72.85528564453125
2024-06-24,73.67620849609375
2024-06-25,72.27171325683594
2024-06-26,71.31231689453125
2024-06-27,71.03536987304688
2024-06-28,70.86722564697266
2024-07-01,70.82767486572266
2024-07-02,70.46170806884766
2024-07-03,70.66940307617188
2024-07-05,70.65953826904297
2024-07-08,70.77820587158203
2024-07-09,70.51115417480469
2024-07-10,71.28263092041016
2024-07-11,75.5356674194336
2024-07-12,76.46538543701172
2024-07-15,76.36649322509766
2024-07-16,78.94798278808594
2024-07-17,77.4346923828125
2024-07-18,75.09058380126953
2024-07-19,74.63561248779297
2024-07-22,76.92036437988281
2024-07-23,75.67414093017578
2024-07-24,76.76211547851562
2024-07-25,77.81053161621094
2024-07-26,79.71945190429688
2024-07-29,78.84906768798828
2024-07-30,81.07447814941406
2024-07-31,80.69862365722656
2024-08-01,81.45033264160156
2024-08-02,79.29414367675781
2024-08-05,76.81156921386719
2024-08-06,77.56326293945312
2024-08-07,70.18476104736328
2024-08-08,72.56845092773438
2024-08-09,70.98592376708984
2024-08-12,70.99581146240234
2024-08-13,72.6475601196289
2024-08-14,71.95520782470703
2024-08-15,74.09161376953125
2024-08-16,73.70587921142578
2024-08-19,74.25045013427734
2024-08-20,71.6265869140625
2024-08-21,71.93353271484375
2024-08-22,70.64634704589844
2024-08-23,71.57708740234375
2024-08-26,70.63643646240234
2024-08-27,70.32950592041016
2024-08-28,70.89388275146484
2024-08-29,73.78508758544922
2024-08-30,73.26031494140625
2024-09-03,71.0226058959961
2024-09-04,70.41861724853516
2024-09-05,71.65628814697266
2024-09-06,70.78496551513672
2024-09-09,71.3790512084961
2024-09-10,73.05239868164062
2024-09-11,72.76525115966797
2024-09-12,72.47810363769531
2024-09-13,73.93360900878906
2024-09-16,74.02272033691406
2024-09-17,74.53759002685547
2024-09-18,75.7554702758789
2024-09-19,79.5675048828125
2024-09-20,77.52781677246094
2024-09-23,76.44856262207031
2024-09-24,76.656494140625
2024-09-25,74.21084594726562
2024-09-26,77.29017639160156
2024-09-27,77.94367218017578
2024-09-30,79.14173126220703
2024-10-01,77.39910125732422
2024-10-02,76.66638946533203
2024-10-03,73.27021789550781
2024-10-04,74.04252624511719
2024-10-07,72.7949447631836
2024-10-08,73.01277923583984
2024-10-09,73.52764892578125
2024-10-10,72.2602767944336
2024-10-11,72.63652801513672
2024-10-14,73.09199523925781
2024-10-15,72.8642578125
2024-10-16,71.09191131591797
2024-10-17,69.45819854736328
2024-10-18,70.53742980957031
2024-10-21,69.6661148071289
2024-10-22,69.2601547241211
2024-10-23,68.65616607666016
2024-10-24,67.69573974609375
2024-10-25,68.002685546875
2024-10-28,69.68590545654297
2024-10-29,70.04236602783203
2024-10-30,75.27029418945312
2024-10-31,73.02267456054688
2024-11-01,74.56729125976562
2024-11-04,75.15148162841797
2024-11-05,76.8545150756836
2024-11-06,75.08216857910156
2024-11-07,75.66634368896484
2024-11-08,75.28970336914062
2024-11-11,74.0309066772461
2024-11-12,73.75338745117188
2024-11-13,75.25996398925781
2024-11-14,71.8998794555664
2024-11-15,66.9737319946289
2024-11-18,66.27000427246094
2024-11-19,65.78433227539062
2024-11-20,68.11359405517578
2024-11-21,70.42302703857422
2024-11-22,70.65099334716797
2024-11-25,73.73355865478516
2024-11-26,74.2093276977539
2024-11-27,74.71481323242188
2024-11-29,74.69499206542969
2024-12-02,75.34915924072266
2024-12-03,74.38773345947266
2024-12-04,75.22032928466797
2024-12-05,73.23796844482422
2024-12-06,73.85250091552734
2024-12-09,76.71700286865234
2024-12-10,76.43946075439453
2024-12-11,76.1322021484375
2024-12-12,76.00335693359375
2024-12-13,75.02208709716797
2024-12-16,75.48795318603516
2024-12-17,74.60578155517578
2024-12-18,70.77985382080078
2024-12-19,70.7600326538086
2024-12-20,72.52432250976562
2024-12-23,72.0981216430664
2024-12-24,72.38555908203125
2024-12-26,72.57389068603516
2024-12-27,72.33600616455078
2024-12-30,71.65208435058594
2024-12-31,71.39437103271484
2025-01-02,70.8492431640625
2025-01-03,73.13885498046875
2025-01-06,73.59478759765625
2025-01-07,74.11019897460938
2025-01-08,74.52649688720703
2025-01-10,72.6630859375
2025-01-13,75.74563598632812
2025-01-14,74.070556640625
2025-01-15,74.46702575683594
2025-01-16,75.428466796875
2025-01-17,75.16084289550781
2025-01-21,78.0550765991211
2025-01-22,78.01543426513672
2025-01-23,76.23131561279297
2025-01-24,76.37008666992188
2025-01-27,75.7753677368164
2025-01-28,73.94170379638672
2025-01-29,71.1961441040039
2025-01-30,72.11795043945312
2025-01-31,72.90097045898438
2025-02-03,71.41421508789062
2025-02-04,71.90979766845703
2025-02-05,74.5859603881836
2025-02-06,74.34809112548828
2025-02-07,72.1675033569336
2025-02-10,69.30299377441406
2025-02-11,67.73694610595703
2025-02-12,66.84488677978516
2025-02-13,66.18079376220703
2025-02-14,65.4365234375
2025-02-18,64.79148864746094
2025-02-19,65.29759979248047
2025-02-20,64.98995971679688
2025-02-21,64.42431640625
2025-02-24,65.05941772460938
2025-02-25,63.72966003417969
2025-02-26,63.66019821166992
2025-02-27,60.76248550415039
2025-02-28,61.27851867675781
2025-03-03,60.72279357910156
2025-03-04,59.66096496582031
2025-03-05,61.7250862121582
2025-03-06,62.90599822998047
2025-03-07,63.87851333618164
2025-03-10,62.41973876953125
2025-03-11,58.023563385009766
2025-03-12,59.78004837036133
2025-03-13,59.42279815673828
2025-03-14,61.68539047241211
2025-03-17,62.1021842956543
2025-03-18,62.35027694702149
2025-03-19,60.42508316040039
2025-03-20,59.87928771972656
2025-03-21,60.14722442626953
2025-03-24,60.60371398925781
2025-03-25,59.52202987670898
2025-03-26,58.92661666870117
2025-03-27,59.49226379394531
2025-03-28,58.28157424926758
2025-03-31,58.18234252929688
2025-04-01,56.91211318969727
2025-04-02,57.93424987792969
2025-04-03,54.44112396240234
2025-04-04,51.32509994506836
2025-04-07,51.91059494018555
2025-04-08,48.43732452392578
2025-04-09,53.65716171264648
2025-04-10,48.88388442993164
2025-04-11,50.33273696899414
2025-04-14,52.13884353637695
2025-04-15,50.6800651550293
2025-04-16,49.59838485717773
2025-04-17,47.73273849487305
2025-04-21,47.147239685058594
2025-04-22,48.70526123046875
2025-04-23,49.77701187133789
2025-04-24,50.392276763916016
2025-04-25,49.85640335083008
2025-04-28,49.86632537841797
2025-04-29,50.11441802978516
2025-04-30,49.96556091308594
2025-05-01,49.25105667114258
2025-05-02,50.1044921875
2025-05-05,49.41976165771485
2025-05-06,47.35564041137695
2025-05-07,48.377777099609375
2025-05-08,49.3999137878418
2025-05-09,49.55868911743164
2025-05-12,53.48845672607422
2025-05-13,51.215938568115234
2025-05-14,47.49457550048828
2025-05-15,47.87166976928711
2025-05-16,48.77472305297852
2025-05-19,48.98345947265625
2025-05-20,49.23195266723633
2025-05-21,46.37922668457031
2025-05-22,47.03525161743164
2025-05-23,46.49850463867188
2025-05-27,48.397010803222656
2025-05-28,47.64158248901367
2025-05-29,48.039180755615234
2025-05-30,48.10876083374024
2025-06-02,48.3174934387207
2025-06-03,48.48646926879883
2025-06-04,49.55003356933594
2025-06-05,48.01930236816406
2025-06-06,48.397010803222656
2025-06-09,49.57984924316406
2025-06-10,51.09070587158203
2025-06-11,51.22986602783203
2025-06-12,51.21991729736328
2025-06-13,50.21600341796875
2025-06-16,51.31932067871094
2025-06-17,49.2021369934082
2025-06-18,49.828346252441406
2025-06-20,49.589786529541016
2025-06-23,49.00334167480469
2025-06-24,49.699127197265625
2025-06-25,51.57775115966797
2025-06-26,52.48228073120117
2025-06-27,51.52805709838867
2025-06-30,51.140403747558594
2025-07-01,51.76660919189453
2025-07-02,52.85999298095703
2025-07-03,52.82022857666016
2025-07-07,51.22986602783203
2025-07-08,52.36300277709961
2025-07-09,52.27354431152344
2025-07-10,54.08259201049805
2025-07-11,53.81421661376953
2025-07-14,52.30335998535156
2025-07-15,51.11058044433594
2025-07-16,51.47835922241211
2025-07-17,52.969329833984375
2025-07-18,51.70697784423828
2025-07-21,49.967506408691406
2025-07-22,52.80035018920898
2025-07-23,54.977176666259766
2025-07-24,58.118160247802734
2025-07-25,58.42629623413086
2025-07-28,58.19768142700195
2025-07-29,57.52177047729492
2025-07-30,57.36272811889648
2025-07-31,54.400665283203125
2025-08-01,54.5597038269043
2025-08-04,54.549766540527344
2025-08-05,54.31120681762695
2025-08-06,49.56990814208984
2025-08-07,49.84822845458984
2025-08-08,50.11660003662109
2025-08-11,49.84822845458984
2025-08-12,52.5120964050293
2025-08-13,54.38078689575195
2025-08-14,53.4166259765625
2025-08-15,53.277462005615234
2025-08-18,53.04850769042969
2025-08-19,54.6213493347168
2025-08-20,54.083797454833984
2025-08-21,53.75529098510742
2025-08-22,56.83129119873047
2025-08-25,56.45301055908203
2025-08-26,56.53264617919922
2025-08-27,55.96523284912109
2025-08-28,54.083797454833984
2025-08-29,54.38243865966797
2025-09-02,53.17791748046875
2025-09-03,53.09828567504883
2025-09-04,52.6801872253418
2025-09-05,54.16343307495117
2025-09-08,53.86479187011719
2025-09-09,53.95438766479492
2025-09-10,50.72906875610352
2025-09-11,52.9688720703125
2025-09-12,51.02770614624024
2025-09-15,51.38607406616211
2025-09-16,51.54534912109375
2025-09-17,51.28653335571289
2025-09-18,52.74987030029297
2025-09-19,52.90914916992188
2025-09-22,52.79964065551758
2025-09-23,52.6801872253418
2025-09-24,50.98788833618164
2025-09-25,50.251243591308594
2025-09-26,51.615028381347656
2025-09-29,51.99331665039063
2025-09-30,55.377906799316406
2025-10-01,59.6484603881836
2025-10-02,61.80862808227539
2025-10-03,62.664737701416016
2025-10-06,61.63940048217773
2025-10-07,58.92176818847656
2025-10-08,60.28556442260742
2025-10-09,59.62855529785156
2025-10-10,58.39417266845703
2025-10-13,59.37968826293945
2025-10-14,59.001407623291016
2025-10-15,59.31000900268555
2025-10-16,61.32084655761719
2025-10-17,61.57967376708984
2025-10-20,62.256591796875
2025-10-21,63.17242050170898
2025-10-22,63.50092697143555
2025-10-23,65.76063537597656
2025-10-24,65.61132049560547
2025-10-27,63.95884323120117
2025-10-28,63.65024566650391
2025-10-29,61.73894500732422
2025-10-30,60.68375015258789
2025-10-31,62.28645324707031
2025-11-03,60.98239135742188
2025-11-04,60.82311248779297
2025-11-05,59.66836929321289
2025-11-06,57.916351318359375
2025-11-07,57.14983749389648
2025-11-10,57.19961166381836
2025-11-11,58.91181945800781
2025-11-12,61.12175750732422
2025-11-13,60.47470474243164
2025-11-14,59.11091232299805
2025-11-17,58.42311096191406
2025-11-18,57.964576721191406
2025-11-19,57.62566375732422
2025-11-20,58.542728424072266
2025-11-21,61.333797454833984
2025-11-24,63.28755187988281
2025-11-25,65.64002227783203
2025-11-26,64.42391204833984
2025-11-28,64.3042984008789
2025-12-01,63.55669021606445
2025-12-02,62.74927520751953
2025-12-03,63.61649703979492
2025-12-04,63.3373908996582
2025-12-05,61.48332214355469
2025-12-08,60.097755432128906
2025-12-09,58.63243865966797
2025-12-10,60.63603591918945
2025-12-11,60.067848205566406
2025-12-12,58.323429107666016
2025-12-15,58.50285339355469
2025-12-16,57.25684356689453
2025-12-17,56.80827713012695
2025-12-18,56.91792297363281
2025-12-19,58.08419418334961
2025-12-22,58.77199172973633
2025-12-23,59.06106948852539
2025-12-24,59.001258850097656
2025-12-26,59.03116989135742
2025-12-29,59.05110549926758
2025-12-30,58.93148422241211
2025-12-31,58.62247467041016
2026-01-02,59.45979690551758
2026-01-05,62.82901763916016
2026-01-06,65.07184600830078
2026-01-07,64.84257507324219
2026-01-08,64.37407684326172
2026-01-09,65.4905014038086
2026-01-12,66.3477554321289
2026-01-13,66.14839935302734
2026-01-14,68.18189239501953
2026-01-15,69.7369155883789
2026-01-16,68.45103454589844
2026-01-20,69.34815979003906
2026-01-21,71.15238952636719
2026-01-22,69.42790985107422
2026-01-23,67.94265747070312
2026-01-26,67.41434478759766
2026-01-27,68.01243591308594
2026-01-28,65.35094451904297
2026-01-29,63.77598571777344
2026-01-30,63.8856315612793
2026-02-02,65.04193878173828
2026-02-03,64.42391204833984
2026-02-04,68.45103454589844
2026-02-05,65.64999389648438
2026-02-06,66.56705474853516
2026-02-09,65.27120208740234
2026-02-10,64.59337615966797
2026-02-11,63.2476806640625
2026-02-12,59.35014724731445
2026-02-13,59.81927490234375
2026-02-17,58.39191818237305
2026-02-18,59.22038650512695
2026-02-19,58.14237976074219
2026-02-20,57.41372680664063
2026-02-23,54.6588249206543
2026-02-24,57.49357986450195
2026-02-25,57.76308059692383
2026-02-26,57.81298828125
2026-02-27,58.890995025634766
2026-03-02,57.713172912597656
2026-03-03,56.884708404541016
2026-03-04,57.74311828613281
2026-03-05,55.786739349365234
2026-03-06,53.790435791015625
2026-03-09,54.76862335205078
2026-03-10,52.722412109375
2026-03-11,53.52093124389648
2026-03-12,51.374908447265625
2026-03-13,50.75605010986328
2026-03-16,48.71982192993164
2026-03-17,50.96566390991211
2026-03-18,50.71612548828125
2026-03-19,51.49468612670898
2026-03-20,51.3848876953125
2026-03-23,51.903926849365234
2026-03-24,52.333133697509766
2026-03-25,52.5926513671875
2026-03-26,52.60263442993164
2026-03-27,50.855865478515625
2026-03-30,51.94385528564453
2026-03-31,52.16344451904297
2026-04-01,53.38119125366211
2026-04-02,53.03184127807617
2026-04-06,53.70059967041016
2026-04-07,53.73054885864258
2026-04-08,55.10799407958984
2026-04-09,55.46733093261719
2026-04-10,55.43738555908203
2026-04-13,57.423709869384766
2026-04-14,58.55162048339844
2026-04-15,58.38193893432617
2026-04-16,57.254024505615234
2026-04-17,59.120567321777344
2026-04-20,60.468074798583984
2026-04-21,59.55975341796875
2026-04-22,58.471771240234375
2026-04-23,52.10355758666992
2026-04-24,54.08987808227539
2026-04-27,55.008182525634766
2026-04-28,53.41113662719727
2026-04-29,51.85401916503906
2026-04-30,55.21779251098633
2026-05-01,54.9183464050293
2026-05-04,54.63886642456055
2026-05-05,56.57527923583984
2026-05-06,47.32240676879883
2026-05-07,50.8159408569336
2026-05-08,48.270652770996094
2026-05-11,47.3323860168457
2026-05-12,47.3323860168457
2026-05-13,44.80706405639648
2026-05-14,44.65734100341797
2026-05-15,43.220001220703125
2026-05-18,44.43000030517578
2026-05-19,45.470001220703125
2026-05-20,46.70000076293945
2026-05-21,47.369998931884766
2026-05-22,48.209999084472656
2026-05-26,47.970001220703125
2026-05-27,48.09000015258789
2026-05-28,50.84000015258789
2026-05-29,51.68000030517578
2026-06-01,50.790000915527344
2026-06-02,49.77000045776367
2026-06-03,50.84999847412109
2026-06-04,53.18000030517578
2026-06-05,51.9900016784668
2026-06-08,52.650001525878906
2026-06-09,54.40999984741211
2026-06-10,52.5
2026-06-11,54.02000045776367
2026-06-12,54.0
2026-06-15,56.16999816894531
2026-06-16,56.02999877929688
2026-06-17,55.0
2026-06-18,57.93999862670898
2026-06-22,55.61000061035156
2026-06-23,56.2599983215332
2026-06-24,58.880001068115234
2026-06-25,70.69999694824219
2026-06-26,71.0
2026-06-29,70.9000015258789
2026-06-30,70.6500015258789
2026-07-01,71.0
2026-07-02,70.83000183105469
2026-07-06,70.91999816894531
2026-07-07,70.61000061035156
2026-07-08,70.95999908447266
2026-07-09,71.1500015258789
2026-07-10,71.30000305175781
2026-07-13,71.36000061035156
2026-07-14,71.2300033569336
2026-07-15,71.4800033569336
2026-07-16,71.7699966430664
2026-07-17,72.12000274658203
2026-07-20,71.63999938964844
2026-07-21,71.62999725341797
2026-07-22,71.77999877929688
2026-07-23,71.7699966430664
2026-07-24,71.5999984741211
2026-07-27,71.62000274658203
2026-07-28,72.06999969482422
2026-07-29,72.02999877929688
2026-07-30,72.02999877929688
2026-07-31,72.08999633789062
2026-08-03,72.13999938964844
2026-08-04,72.08999633789062
2026-08-05,72.0
2026-08-06,71.9000015258789
2026-08-07,72.29000091552734
2026-08-10,72.12000274658203
2026-08-11,72.1500015258789
2026-08-12,72.2300033569336
2026-08-13,72.16999816894531
2026-08-14,72.4000015258789
