date,close
1972-06-01,0.1359356045722961
1972-06-02,0.1363379508256912
1972-06-05,0.1383485347032547
1972-06-06,0.1383485347032547
1972-06-07,0.137142151594162
1972-06-08,0.1375442892313003
1972-06-09,0.1375442892313003
1972-06-12,0.1391529887914657
1972-06-13,0.1367400288581848
1972-06-14,0.1367400288581848
1972-06-15,0.1379464566707611
1972-06-16,0.1391529887914657
1972-06-19,0.1379464566707611
1972-06-20,0.1383485347032547
1972-06-21,0.1379464566707611
1972-06-22,0.1391529887914657
1972-06-23,0.1411639153957367
1972-06-26,0.1415661126375198
1972-06-27,0.1423704028129577
1972-06-28,0.1463921815156936
1972-06-29,0.1459899544715881
1972-06-30,0.1480008065700531
1972-07-03,0.1504138708114624
1972-07-05,0.1488052010536193
1972-07-06,0.1560445427894592
1972-07-07,0.1568487137556076
1972-07-10,0.1576530337333679
1972-07-11,0.1576530337333679
1972-07-12,0.1576530337333679
1972-07-13,0.1592617332935333
1972-07-14,0.1592617332935333
1972-07-17,0.159663900732994
1972-07-18,0.160066157579422
1972-07-19,0.1608705222606659
1972-07-20,0.1604684889316558
1972-07-21,0.1616749763488769
1972-07-24,0.161272644996643
1972-07-25,0.1628814339637756
1972-07-26,0.1636857092380523
1972-07-27,0.1608705222606659
1972-07-28,0.1620770543813705
1972-07-31,0.163292646408081
1972-08-01,0.1653186678886413
1972-08-02,0.1669394373893737
1972-08-03,0.167749747633934
1972-08-04,0.1693706959486007
1972-08-07,0.1713966429233551
1972-08-08,0.1709912270307541
1972-08-09,0.1701809763908386
1972-08-10,0.1718018651008606
1972-08-11,0.1718018651008606
1972-08-14,0.1726122051477432
1972-08-15,0.1738278120756149
1972-08-16,0.1758537143468856
1972-08-17,0.1762588322162628
1972-08-18,0.179500475525856
1972-08-21,0.1803109049797058
1972-08-22,0.1831469535827636
1972-08-23,0.1839574575424194
1972-08-24,0.1847679764032364
1972-08-25,0.1835523098707199
1972-08-28,0.1827418208122253
1972-08-29,0.1823365688323974
1972-08-30,0.1815263479948043
1972-08-31,0.1819315105676651
1972-09-01,0.1827418208122253
1972-09-05,0.1819315105676651
1972-09-06,0.181121289730072
1972-09-07,0.1790952086448669
1972-09-08,0.1778795272111892
1972-09-11,0.1782846748828888
1972-09-12,0.1799056529998779
1972-09-13,0.1799056529998779
1972-09-14,0.1799056529998779
1972-09-15,0.1807160228490829
1972-09-18,0.1799056529998779
1972-09-19,0.1799056529998779
1972-09-20,0.1782846748828888
1972-09-21,0.1799056529998779
1972-09-22,0.1799056529998779
1972-09-25,0.1790952086448669
1972-09-26,0.1782846748828888
1972-09-27,0.1758537143468856
1972-09-28,0.1734224110841751
1972-09-29,0.1742328703403473
1972-10-02,0.1766639947891235
1972-10-03,0.1774744689464569
1972-10-04,0.1799056529998779
1972-10-05,0.181121289730072
1972-10-06,0.1815263479948043
1972-10-09,0.1831469535827636
1972-10-10,0.1823365688323974
1972-10-11,0.1827418208122253
1972-10-12,0.1815263479948043
1972-10-13,0.1774744689464569
1972-10-16,0.1726122051477432
1972-10-17,0.1718018651008606
1972-10-18,0.175043299794197
1972-10-19,0.175043299794197
1972-10-20,0.1762588322162628
1972-10-23,0.1831469535827636
1972-10-24,0.1831469535827636
1972-10-25,0.1815263479948043
1972-10-26,0.1803109049797058
1972-10-27,0.1807160228490829
1972-10-30,0.1835715621709823
1972-10-31,0.1843874007463455
1972-11-01,0.1860191076993942
1972-11-02,0.1860191076993942
1972-11-03,0.1868350505828857
1972-11-06,0.1860191076993942
1972-11-08,0.1868350505828857
1972-11-09,0.187243103981018
1972-11-10,0.1900985985994339
1972-11-13,0.1905065029859542
1972-11-14,0.1888746917247772
1972-11-15,0.1896907538175583
1972-11-16,0.1892827600240707
1972-11-17,0.1892827600240707
1972-11-20,0.1880588829517364
1972-11-21,0.187651053071022
1972-11-22,0.1884667575359344
1972-11-24,0.1892827600240707
1972-11-27,0.1884667575359344
1972-11-28,0.187651053071022
1972-11-29,0.187651053071022
1972-11-30,0.1868350505828857
1972-12-01,0.1880588829517364
1972-12-04,0.187651053071022
1972-12-05,0.1884667575359344
1972-12-06,0.187243103981018
1972-12-07,0.1880588829517364
1972-12-08,0.187243103981018
1972-12-11,0.187651053071022
1972-12-12,0.187243103981018
1972-12-13,0.187651053071022
1972-12-14,0.187651053071022
1972-12-15,0.1888746917247772
1972-12-18,0.1884667575359344
1972-12-19,0.1892827600240707
1972-12-20,0.1900985985994339
1972-12-21,0.191730186343193
1972-12-22,0.1905065029859542
1972-12-26,0.1905065029859542
1972-12-27,0.191730186343193
1972-12-29,0.1998891234397888
1973-01-02,0.2047842592000961
1973-01-03,0.2031524628400802
1973-01-04,0.2047842592000961
1973-01-05,0.2043765187263488
1973-01-08,0.2023367434740066
1973-01-09,0.2023367434740066
1973-01-10,0.2047842592000961
1973-01-11,0.2080478817224502
1973-01-12,0.2080478817224502
1973-01-15,0.2096795737743377
1973-01-16,0.2104954570531845
1973-01-17,0.2060080617666244
1973-01-18,0.2064159363508224
1973-01-19,0.2064159363508224
1973-01-22,0.2084557563066482
1973-01-23,0.2068240940570831
1973-01-24,0.2080478817224502
1973-01-26,0.2015207111835479
1973-01-29,0.2043938934803009
1973-01-30,0.2011103183031082
1973-01-31,0.2011103183031082
1973-02-01,0.1961853057146072
1973-02-02,0.1953644156455993
1973-02-05,0.1920809596776962
1973-02-06,0.1871559023857116
1973-02-07,0.1805889159440994
1973-02-08,0.1797681152820587
1973-02-09,0.1838724911212921
1973-02-12,0.184693232178688
1973-02-13,0.1855140179395675
1973-02-14,0.1838724911212921
1973-02-15,0.1805889159440994
1973-02-16,0.1781263500452041
1973-02-20,0.177305519580841
1973-02-21,0.1789472848176956
1973-02-22,0.1768952012062072
1973-02-23,0.1744325011968612
1973-02-26,0.1748429983854293
1973-02-27,0.1756638139486313
1973-02-28,0.1752534806728363
1973-03-01,0.1760743707418441
1973-03-02,0.1768952012062072
1973-03-05,0.1805889159440994
1973-03-06,0.1797681152820587
1973-03-07,0.1789472848176956
1973-03-08,0.1822307705879211
1973-03-09,0.1830515563488006
1973-03-12,0.1830515563488006
1973-03-13,0.1826412230730056
1973-03-14,0.185103639960289
1973-03-15,0.1859247088432312
1973-03-16,0.1855140179395675
1973-03-19,0.1859247088432312
1973-03-20,0.1838724911212921
1973-03-21,0.1838724911212921
1973-03-22,0.1830515563488006
1973-03-23,0.1826412230730056
1973-03-26,0.1838724911212921
1973-03-27,0.1838724911212921
1973-03-28,0.1863349974155426
1973-03-29,0.1867454200983047
1973-03-30,0.1855140179395675
1973-04-02,0.1830515563488006
1973-04-03,0.1830515563488006
1973-04-04,0.184693232178688
1973-04-05,0.1830515563488006
1973-04-06,0.1830515563488006
1973-04-09,0.1855140179395675
1973-04-10,0.1871559023857116
1973-04-11,0.1879766136407852
1973-04-12,0.1863349974155426
1973-04-13,0.1855140179395675
1973-04-16,0.1863349974155426
1973-04-17,0.1871559023857116
1973-04-18,0.1887975186109542
1973-04-19,0.1896184235811233
1973-04-23,0.1896184235811233
1973-04-24,0.1904392093420028
1973-04-25,0.1904392093420028
1973-04-26,0.1879766136407852
1973-04-27,0.1855140179395675
1973-04-30,0.1855141371488571
1973-05-01,0.1867536306381225
1973-05-02,0.1855141371488571
1973-05-03,0.1871669888496399
1973-05-04,0.1888196319341659
1973-05-07,0.1855141371488571
1973-05-08,0.1888196319341659
1973-05-09,0.1888196319341659
1973-05-10,0.1855141371488571
1973-05-11,0.1855141371488571
1973-05-14,0.1838615238666534
1973-05-15,0.1838615238666534
1973-05-16,0.1838615238666534
1973-05-17,0.1793165504932403
1973-05-18,0.1793165504932403
1973-05-21,0.1776639819145202
1973-05-22,0.1776639819145202
1973-05-23,0.1776639819145202
1973-05-24,0.1776639819145202
1973-05-25,0.1776639819145202
1973-05-29,0.1793165504932403
1973-05-30,0.1809693872928619
1973-05-31,0.1826220750808715
1973-06-01,0.1838615238666534
1973-06-04,0.1838615238666534
1973-06-05,0.1871669888496399
1973-06-06,0.1888196319341659
1973-06-07,0.1888196319341659
1973-06-08,0.1871669888496399
1973-06-11,0.1871669888496399
1973-06-12,0.1904723197221756
1973-06-13,0.1888196319341659
1973-06-14,0.1888196319341659
1973-06-15,0.1871669888496399
1973-06-18,0.1888196319341659
1973-06-19,0.1871669888496399
1973-06-20,0.1871669888496399
1973-06-21,0.1871669888496399
1973-06-22,0.1855141371488571
1973-06-25,0.1871669888496399
1973-06-26,0.1871669888496399
1973-06-27,0.1855141371488571
1973-06-28,0.1855141371488571
1973-06-29,0.1888196319341659
1973-07-02,0.1888196319341659
1973-07-03,0.1888196319341659
1973-07-05,0.1871669888496399
1973-07-06,0.1871669888496399
1973-07-09,0.1888196319341659
1973-07-10,0.1904723197221756
1973-07-11,0.1950172781944275
1973-07-12,0.1966698169708252
1973-07-13,0.1933643668889999
1973-07-16,0.1933643668889999
1973-07-17,0.1933643668889999
1973-07-18,0.1933643668889999
1973-07-19,0.1950172781944275
1973-07-20,0.1933643668889999
1973-07-23,0.1888196319341659
1973-07-24,0.192124992609024
1973-07-25,0.1950172781944275
1973-07-26,0.1983225047588348
1973-07-27,0.1983225047588348
1973-07-30,0.1963260471820831
1973-07-31,0.1946620643138885
1973-08-01,0.1946620643138885
1973-08-02,0.1963260471820831
1973-08-03,0.2013173848390579
1973-08-06,0.1996535360813141
1973-08-07,0.1963260471820831
1973-08-08,0.1934143304824829
1973-08-09,0.1900868266820907
1973-08-10,0.1884230971336364
1973-08-13,0.1884230971336364
1973-08-14,0.1884230971336364
1973-08-15,0.1884230971336364
1973-08-16,0.1900868266820907
1973-08-17,0.1900868266820907
1973-08-20,0.1900868266820907
1973-08-21,0.1884230971336364
1973-08-22,0.1884230971336364
1973-08-23,0.191750630736351
1973-08-24,0.191750630736351
1973-08-27,0.191750630736351
1973-08-28,0.1900868266820907
1973-08-29,0.191750630736351
1973-08-30,0.1934143304824829
1973-08-31,0.1934143304824829
1973-09-04,0.1946620643138885
1973-09-05,0.1963260471820831
1973-09-06,0.1996535360813141
1973-09-07,0.1996535360813141
1973-09-10,0.1979896873235702
1973-09-11,0.1963260471820831
1973-09-12,0.1946620643138885
1973-09-13,0.1963260471820831
1973-09-14,0.1979896873235702
1973-09-17,0.1996535360813141
1973-09-18,0.1963260471820831
1973-09-19,0.1963260471820831
1973-09-20,0.2013173848390579
1973-09-21,0.20464488863945
1973-09-24,0.2029809206724167
1973-09-25,0.2058926820755005
1973-09-26,0.2058926820755005
1973-09-27,0.20464488863945
1973-09-28,0.2013173848390579
1973-10-01,0.2013173848390579
1973-10-02,0.2013173848390579
1973-10-03,0.20464488863945
1973-10-04,0.2029809206724167
1973-10-05,0.2029809206724167
1973-10-08,0.2029809206724167
1973-10-09,0.2058926820755005
1973-10-10,0.2058926820755005
1973-10-11,0.2058926820755005
1973-10-12,0.2058926820755005
1973-10-15,0.2075563073158264
1973-10-16,0.2092202305793762
1973-10-17,0.2108842134475708
1973-10-18,0.2154594659805297
1973-10-19,0.2154594659805297
1973-10-22,0.2154594659805297
1973-10-23,0.2154594659805297
1973-10-24,0.2204506546258926
1973-10-25,0.2221145182847976
1973-10-26,0.2237782329320907
1973-10-29,0.2234435081481933
1973-10-30,0.2251172065734863
1973-10-31,0.2234435081481933
1973-11-01,0.2200959622859954
1973-11-02,0.2200959622859954
1973-11-05,0.2200959622859954
1973-11-06,0.2200959622859954
1973-11-07,0.2200959622859954
1973-11-08,0.2217696458101272
1973-11-09,0.2234435081481933
1973-11-12,0.2200959622859954
1973-11-13,0.2217696458101272
1973-11-14,0.2184223383665084
1973-11-15,0.2184223383665084
1973-11-16,0.2200959622859954
1973-11-19,0.2121460437774658
1973-11-20,0.1991743296384811
1973-11-21,0.1975007504224777
1973-11-23,0.2008480727672577
1973-11-26,0.1991743296384811
1973-11-27,0.195826768875122
1973-11-28,0.1975007504224777
1973-11-29,0.1975007504224777
1973-11-30,0.2025219798088073
1973-12-03,0.2008480727672577
1973-12-04,0.2008480727672577
1973-12-05,0.2008480727672577
1973-12-06,0.1975007504224777
1973-12-07,0.1975007504224777
1973-12-10,0.1975007504224777
1973-12-11,0.1991743296384811
1973-12-12,0.1945716142654419
1973-12-13,0.1928979158401489
1973-12-14,0.1975007504224777
1973-12-17,0.195826768875122
1973-12-18,0.2008480727672577
1973-12-19,0.1991743296384811
1973-12-20,0.2008480727672577
1973-12-21,0.1991743296384811
1973-12-24,0.2008480727672577
1973-12-26,0.2008480727672577
1973-12-27,0.2008480727672577
1973-12-28,0.2025219798088073
1973-12-31,0.2025219798088073
1974-01-02,0.2025219798088073
1974-01-03,0.2087981700897216
1974-01-04,0.2121460437774658
1974-01-07,0.2104720324277877
1974-01-08,0.2121460437774658
1974-01-09,0.2154932767152786
1974-01-10,0.2138194739818573
1974-01-11,0.2121460437774658
1974-01-14,0.2104720324277877
1974-01-15,0.2104720324277877
1974-01-16,0.2121460437774658
1974-01-17,0.2121460437774658
1974-01-18,0.2121460437774658
1974-01-21,0.2138194739818573
1974-01-22,0.2154932767152786
1974-01-23,0.2154932767152786
1974-01-24,0.2154932767152786
1974-01-25,0.2138194739818573
1974-01-28,0.2134828567504882
1974-01-29,0.2134828567504882
1974-01-30,0.2168512046337127
1974-01-31,0.2168512046337127
1974-02-01,0.2181144505739212
1974-02-04,0.2197987139225006
1974-02-05,0.2181144505739212
1974-02-06,0.2181144505739212
1974-02-07,0.2181144505739212
1974-02-08,0.2181144505739212
1974-02-11,0.2181144505739212
1974-02-12,0.2134828567504882
1974-02-13,0.2168512046337127
1974-02-14,0.2151668667793274
1974-02-15,0.2134828567504882
1974-02-19,0.2151668667793274
1974-02-20,0.2168512046337127
1974-02-21,0.2181144505739212
1974-02-22,0.2181144505739212
1974-02-25,0.2181144505739212
1974-02-26,0.2181144505739212
1974-02-27,0.2151668667793274
1974-02-28,0.2168512046337127
1974-03-01,0.2168512046337127
1974-03-04,0.2168512046337127
1974-03-05,0.2151668667793274
1974-03-06,0.2134828567504882
1974-03-07,0.2134828567504882
1974-03-08,0.2134828567504882
1974-03-11,0.2134828567504882
1974-03-12,0.2134828567504882
1974-03-13,0.2134828567504882
1974-03-14,0.2134828567504882
1974-03-15,0.2134828567504882
1974-03-18,0.2134828567504882
1974-03-19,0.2168512046337127
1974-03-20,0.2197987139225006
1974-03-21,0.2197987139225006
1974-03-22,0.2168512046337127
1974-03-25,0.2151668667793274
1974-03-26,0.2117983251810073
1974-03-27,0.2101138979196548
1974-03-28,0.2084297984838485
1974-03-29,0.2037981450557708
1974-04-01,0.2021137028932571
1974-04-02,0.2004293948411941
1974-04-03,0.1941134482622146
1974-04-04,0.1970607787370681
1974-04-05,0.1987452954053878
1974-04-08,0.1957976967096328
1974-04-09,0.1941134482622146
1974-04-10,0.1941134482622146
1974-04-11,0.1924292147159576
1974-04-15,0.1907449066638946
1974-04-16,0.1924292147159576
1974-04-17,0.1957976967096328
1974-04-18,0.1957976967096328
1974-04-19,0.1987452954053878
1974-04-22,0.1957976967096328
1974-04-23,0.1941134482622146
1974-04-24,0.1941134482622146
1974-04-25,0.1924292147159576
1974-04-26,0.1941134482622146
1974-04-29,0.1920781284570694
1974-04-30,0.1874140352010727
1974-05-01,0.1903819441795349
1974-05-02,0.1874140352010727
1974-05-03,0.1823257654905319
1974-05-06,0.1789335757493972
1974-05-07,0.1725734919309616
1974-05-08,0.1691814810037613
1974-05-09,0.1662131547927856
1974-05-10,0.1564610749483108
1974-05-13,0.1577329337596893
1974-05-14,0.1611250638961792
1974-05-15,0.1628211885690689
1974-05-16,0.1628211885690689
1974-05-17,0.1577329337596893
1974-05-20,0.1530688405036926
1974-05-21,0.1530688405036926
1974-05-22,0.1513728350400924
1974-05-23,0.1496767252683639
1974-05-24,0.1513728350400924
1974-05-28,0.1564610749483108
1974-05-29,0.1594290882349014
1974-05-30,0.1547649502754211
1974-05-31,0.1530688405036926
1974-06-03,0.1530688405036926
1974-06-04,0.1530688405036926
1974-06-05,0.1479807049036026
1974-06-06,0.1513728350400924
1974-06-07,0.1513728350400924
1974-06-10,0.1513728350400924
1974-06-11,0.1496767252683639
1974-06-12,0.1496767252683639
1974-06-13,0.1496767252683639
1974-06-14,0.1513728350400924
1974-06-17,0.1450125128030777
1974-06-18,0.1433165967464447
1974-06-19,0.1399244517087936
1974-06-20,0.1369563341140747
1974-06-21,0.1335643231868744
1974-06-24,0.1301720291376114
1974-06-25,0.1318681836128235
1974-06-26,0.1301720291376114
1974-06-27,0.1272040009498596
1974-06-28,0.1272040009498596
1974-07-01,0.1284762024879455
1974-07-02,0.1221159398555755
1974-07-03,0.1106675788760185
1974-07-05,0.1072753891348838
1974-07-08,0.1043073087930679
1974-07-09,0.1072753891348838
1974-07-10,0.1106675788760185
1974-07-11,0.1089715212583541
1974-07-12,0.1140595600008964
1974-07-15,0.1106675788760185
1974-07-16,0.1106675788760185
1974-07-17,0.106003426015377
1974-07-18,0.1089715212583541
1974-07-19,0.1123635396361351
1974-07-22,0.1106675788760185
1974-07-23,0.1106675788760185
1974-07-24,0.1170277968049049
1974-07-25,0.1204197108745575
1974-07-26,0.1204197108745575
1974-07-29,0.1183613911271095
1974-07-30,0.1200767531991005
1974-07-31,0.1170748695731163
1974-08-01,0.1170748695731163
1974-08-02,0.1183613911271095
1974-08-05,0.1153593361377716
1974-08-06,0.1153593361377716
1974-08-07,0.1170748695731163
1974-08-08,0.1153593361377716
1974-08-09,0.1153593361377716
1974-08-12,0.1102133020758628
1974-08-13,0.1054959520697593
1974-08-14,0.1020652577280998
1974-08-15,0.0986343398690223
1974-08-16,0.1003497317433357
1974-08-19,0.1020652577280998
1974-08-20,0.1020652577280998
1974-08-21,0.1003497317433357
1974-08-22,0.0973478853702545
1974-08-23,0.0956324711441993
1974-08-26,0.0922017395496368
1974-08-27,0.0904863104224205
1974-08-28,0.0922017395496368
1974-08-29,0.0922017395496368
1974-08-30,0.0956324711441993
1974-09-03,0.0973478853702545
1974-09-04,0.0956324711441993
1974-09-05,0.0956324711441993
1974-09-06,0.0973478853702545
1974-09-09,0.0973478853702545
1974-09-10,0.0956324711441993
1974-09-11,0.0939172059297561
1974-09-12,0.0874843895435333
1974-09-13,0.0874843895435333
1974-09-16,0.0904863104224205
1974-09-17,0.0887710154056549
1974-09-18,0.0887710154056549
1974-09-19,0.0904863104224205
1974-09-20,0.0939172059297561
1974-09-23,0.0956324711441993
1974-09-24,0.0939172059297561
1974-09-25,0.0939172059297561
1974-09-26,0.0922017395496368
1974-09-27,0.0904863104224205
1974-09-30,0.0857690423727035
1974-10-01,0.0806228294968605
1974-10-02,0.0840536952018737
1974-10-03,0.0840536952018737
1974-10-04,0.0874843895435333
1974-10-07,0.0904863104224205
1974-10-08,0.0904863104224205
1974-10-09,0.0956324711441993
1974-10-10,0.0973478853702545
1974-10-11,0.1054959520697593
1974-10-14,0.1020652577280998
1974-10-15,0.1020652577280998
1974-10-16,0.1037805527448654
1974-10-17,0.1020652577280998
1974-10-18,0.1054959520697593
1974-10-21,0.1072113886475563
1974-10-22,0.1102133020758628
1974-10-23,0.1102133020758628
1974-10-24,0.1084978505969047
1974-10-25,0.1084978505969047
1974-10-28,0.1085847169160842
1974-10-29,0.1098876595497131
1974-10-30,0.1185745522379875
1974-10-31,0.1216149181127548
1974-11-01,0.1216149181127548
1974-11-04,0.1216149181127548
1974-11-05,0.1303015500307083
1974-11-06,0.1303015500307083
1974-11-07,0.1285641938447952
1974-11-08,0.1285641938447952
1974-11-11,0.1268269121646881
1974-11-12,0.1250895708799362
1974-11-13,0.1250895708799362
1974-11-14,0.1268269121646881
1974-11-15,0.1268269121646881
1974-11-18,0.1268269121646881
1974-11-19,0.1250895708799362
1974-11-20,0.1216149181127548
1974-11-21,0.1216149181127548
1974-11-22,0.1250895708799362
1974-11-25,0.1216149181127548
1974-11-26,0.1198775097727775
1974-11-27,0.1216149181127548
1974-11-29,0.1216149181127548
1974-12-02,0.1185745522379875
1974-12-03,0.116837054491043
1974-12-04,0.116837054491043
1974-12-05,0.1133625581860542
1974-12-06,0.1098876595497131
1974-12-09,0.1098876595497131
1974-12-10,0.116837054491043
1974-12-11,0.1150997653603553
1974-12-12,0.116837054491043
1974-12-13,0.116837054491043
1974-12-16,0.1133625581860542
1974-12-17,0.1150997653603553
1974-12-18,0.1133625581860542
1974-12-19,0.1133625581860542
1974-12-20,0.1116251349449157
1974-12-23,0.1098876595497131
1974-12-24,0.1085847169160842
1974-12-26,0.1116251349449157
1974-12-27,0.1116251349449157
1974-12-30,0.1116251349449157
1974-12-31,0.116837054491043
1975-01-02,0.1250895708799362
1975-01-03,0.1250895708799362
1975-01-06,0.1268269121646881
1975-01-07,0.1250895708799362
1975-01-08,0.1250895708799362
1975-01-09,0.1268269121646881
1975-01-10,0.1285641938447952
1975-01-13,0.1303015500307083
1975-01-14,0.1285641938447952
1975-01-15,0.1316047012805938
1975-01-16,0.1316047012805938
1975-01-17,0.1333420127630233
1975-01-20,0.1303015500307083
1975-01-21,0.1316047012805938
1975-01-22,0.1316047012805938
1975-01-23,0.1333420127630233
1975-01-24,0.1316047012805938
1975-01-27,0.1350793093442917
1975-01-28,0.1333420127630233
1975-01-29,0.1333420127630233
1975-01-30,0.1385539323091507
1975-01-31,0.1385539323091507
1975-02-03,0.1382030546665191
1975-02-04,0.1364480108022689
1975-02-05,0.1346931010484695
1975-02-06,0.1382030546665191
1975-02-07,0.1382030546665191
1975-02-10,0.1364480108022689
1975-02-11,0.1382030546665191
1975-02-12,0.1399578601121902
1975-02-13,0.1417130082845688
1975-02-14,0.1382030546665191
1975-02-18,0.1364480108022689
1975-02-19,0.1346931010484695
1975-02-20,0.1346931010484695
1975-02-21,0.1329381912946701
1975-02-24,0.1298668682575225
1975-02-25,0.1298668682575225
1975-02-26,0.1281119436025619
1975-02-27,0.1281119436025619
1975-02-28,0.1263570338487625
1975-03-03,0.1263570338487625
1975-03-04,0.1316218227148056
1975-03-05,0.1329381912946701
1975-03-06,0.1329381912946701
1975-03-07,0.1316218227148056
1975-03-10,0.1316218227148056
1975-03-11,0.1316218227148056
1975-03-12,0.1329381912946701
1975-03-13,0.1298668682575225
1975-03-14,0.1298668682575225
1975-03-17,0.1329381912946701
1975-03-18,0.1346931010484695
1975-03-19,0.1329381912946701
1975-03-20,0.1329381912946701
1975-03-21,0.1346931010484695
1975-03-24,0.1329381912946701
1975-03-25,0.1316218227148056
1975-03-26,0.1329381912946701
1975-03-27,0.1329381912946701
1975-03-31,0.1346931010484695
1975-04-01,0.1329381912946701
1975-04-02,0.1329381912946701
1975-04-03,0.1298668682575225
1975-04-04,0.1316218227148056
1975-04-07,0.1298668682575225
1975-04-08,0.1329381912946701
1975-04-09,0.1329381912946701
1975-04-10,0.1329381912946701
1975-04-11,0.1329381912946701
1975-04-14,0.1346931010484695
1975-04-15,0.1346931010484695
1975-04-16,0.1346931010484695
1975-04-17,0.1364480108022689
1975-04-18,0.1346931010484695
1975-04-21,0.1399578601121902
1975-04-22,0.1417130082845688
1975-04-23,0.1417130082845688
1975-04-24,0.1417130082845688
1975-04-25,0.1417130082845688
1975-04-28,0.1413582861423492
1975-04-29,0.139585942029953
1975-04-30,0.139585942029953
1975-05-01,0.1378133594989776
1975-05-02,0.1360407620668411
1975-05-05,0.1342683881521225
1975-05-06,0.132938802242279
1975-05-07,0.132938802242279
1975-05-08,0.132938802242279
1975-05-09,0.1342683881521225
1975-05-12,0.139585942029953
1975-05-13,0.139585942029953
1975-05-14,0.1431309431791305
1975-05-15,0.1431309431791305
1975-05-16,0.146232783794403
1975-05-19,0.1480052471160888
1975-05-20,0.146232783794403
1975-05-21,0.1480052471160888
1975-05-22,0.146232783794403
1975-05-23,0.1480052471160888
1975-05-27,0.146232783794403
1975-05-28,0.146232783794403
1975-05-29,0.146232783794403
1975-05-30,0.1480052471160888
1975-06-02,0.1497777551412582
1975-06-03,0.1497777551412582
1975-06-04,0.1515503227710724
1975-06-05,0.1480052471160888
1975-06-06,0.1515503227710724
1975-06-09,0.1497777551412582
1975-06-10,0.1480052471160888
1975-06-11,0.1546522229909896
1975-06-12,0.1533229500055313
1975-06-13,0.1546522229909896
1975-06-16,0.1546522229909896
1975-06-17,0.1546522229909896
1975-06-18,0.1546522229909896
1975-06-19,0.1546522229909896
1975-06-20,0.1581974178552627
1975-06-23,0.1599697768688202
1975-06-24,0.1666167676448822
1975-06-25,0.1666167676448822
1975-06-26,0.1701618432998657
1975-06-27,0.1635148376226425
1975-06-30,0.1666167676448822
1975-07-01,0.1666167676448822
1975-07-02,0.1666167676448822
1975-07-03,0.1648441553115844
1975-07-07,0.1635148376226425
1975-07-08,0.1635148376226425
1975-07-09,0.1666167676448822
1975-07-10,0.1666167676448822
1975-07-11,0.1617423593997955
1975-07-14,0.1599697768688202
1975-07-15,0.1599697768688202
1975-07-16,0.1546522229909896
1975-07-17,0.1546522229909896
1975-07-18,0.1564247906208038
1975-07-21,0.1546522229909896
1975-07-22,0.1515503227710724
1975-07-23,0.1515503227710724
1975-07-24,0.1515503227710724
1975-07-25,0.1480052471160888
1975-07-28,0.1477366983890533
1975-07-29,0.1477366983890533
1975-07-30,0.1495273858308792
1975-07-31,0.1495273858308792
1975-08-01,0.1446028798818588
1975-08-04,0.142812043428421
1975-08-05,0.1446028798818588
1975-08-06,0.1392305940389633
1975-08-07,0.1392305940389633
1975-08-08,0.1392305940389633
1975-08-11,0.1392305940389633
1975-08-12,0.1410214602947235
1975-08-13,0.1374398618936538
1975-08-14,0.1356492042541504
1975-08-15,0.1343059539794922
1975-08-18,0.1325152367353439
1975-08-19,0.1325152367353439
1975-08-20,0.1325152367353439
1975-08-21,0.1325152367353439
1975-08-22,0.1343059539794922
1975-08-25,0.1374398618936538
1975-08-26,0.1392305940389633
1975-08-27,0.1392305940389633
1975-08-28,0.142812043428421
1975-08-29,0.1410214602947235
1975-09-02,0.1446028798818588
1975-09-03,0.1410214602947235
1975-09-04,0.142812043428421
1975-09-05,0.1446028798818588
1975-09-08,0.1446028798818588
1975-09-09,0.1446028798818588
1975-09-10,0.1374398618936538
1975-09-11,0.1356492042541504
1975-09-12,0.1374398618936538
1975-09-15,0.1356492042541504
1975-09-16,0.1356492042541504
1975-09-17,0.1343059539794922
1975-09-18,0.1374398618936538
1975-09-19,0.1374398618936538
1975-09-22,0.1392305940389633
1975-09-23,0.1356492042541504
1975-09-24,0.1374398618936538
1975-09-25,0.1356492042541504
1975-09-26,0.1374398618936538
1975-09-29,0.1392305940389633
1975-09-30,0.1356492042541504
1975-10-01,0.1356492042541504
1975-10-02,0.1343059539794922
1975-10-03,0.1356492042541504
1975-10-06,0.1343059539794922
1975-10-07,0.1356492042541504
1975-10-08,0.1356492042541504
1975-10-09,0.1374398618936538
1975-10-10,0.1356492042541504
1975-10-13,0.1374398618936538
1975-10-14,0.1374398618936538
1975-10-15,0.1392305940389633
1975-10-16,0.1392305940389633
1975-10-17,0.1374398618936538
1975-10-20,0.1392305940389633
1975-10-21,0.142812043428421
1975-10-22,0.1459459066390991
1975-10-23,0.1531088501214981
1975-10-24,0.1562426835298538
1975-10-27,0.1616148948669433
1975-10-28,0.1598243713378906
1975-10-29,0.1580333858728408
1975-10-30,0.1580333858728408
1975-10-31,0.1595703810453415
1975-11-03,0.1595703810453415
1975-11-04,0.1613786518573761
1975-11-05,0.1613786518573761
1975-11-06,0.1595703810453415
1975-11-07,0.1595703810453415
1975-11-10,0.1595703810453415
1975-11-11,0.1613786518573761
1975-11-12,0.1631866693496704
1975-11-13,0.16680309176445
1975-11-14,0.1681590676307678
1975-11-17,0.16680309176445
1975-11-18,0.16680309176445
1975-11-19,0.16680309176445
1975-11-20,0.1649949252605438
1975-11-21,0.1649949252605438
1975-11-24,0.1631866693496704
1975-11-25,0.1649949252605438
1975-11-26,0.1631866693496704
1975-11-28,0.1631866693496704
1975-12-01,0.1631866693496704
1975-12-02,0.1649949252605438
1975-12-03,0.1613786518573761
1975-12-04,0.1613786518573761
1975-12-05,0.1595703810453415
1975-12-08,0.1595703810453415
1975-12-09,0.1545978635549545
1975-12-10,0.1545978635549545
1975-12-11,0.157762125134468
1975-12-12,0.1564061492681503
1975-12-15,0.1545978635549545
1975-12-16,0.1564061492681503
1975-12-17,0.1564061492681503
1975-12-18,0.157762125134468
1975-12-19,0.1545978635549545
1975-12-22,0.1527897268533706
1975-12-23,0.1509815901517868
1975-12-24,0.1527897268533706
1975-12-26,0.1527897268533706
1975-12-29,0.1545978635549545
1975-12-30,0.1545978635549545
1975-12-31,0.157762125134468
1976-01-02,0.157762125134468
1976-01-05,0.1649949252605438
1976-01-06,0.1649949252605438
1976-01-07,0.1649949252605438
1976-01-08,0.1649949252605438
1976-01-09,0.16680309176445
1976-01-12,0.1681590676307678
1976-01-13,0.16680309176445
1976-01-14,0.1681590676307678
1976-01-15,0.1681590676307678
1976-01-16,0.1699673235416412
1976-01-19,0.1699673235416412
1976-01-20,0.1717753559350967
1976-01-21,0.1699673235416412
1976-01-22,0.1699673235416412
1976-01-23,0.1699673235416412
1976-01-26,0.1699673235416412
1976-01-27,0.1699673235416412
1976-01-28,0.1699673235416412
1976-01-29,0.1699673235416412
1976-01-30,0.1699673235416412
1976-02-02,0.1715182512998581
1976-02-03,0.1733428090810775
1976-02-04,0.1733428090810775
1976-02-05,0.1733428090810775
1976-02-06,0.1715182512998581
1976-02-09,0.1733428090810775
1976-02-10,0.1715182512998581
1976-02-11,0.1715182512998581
1976-02-12,0.1733428090810775
1976-02-13,0.1696934551000595
1976-02-17,0.1683251112699508
1976-02-18,0.1628512889146804
1976-02-19,0.164675697684288
1976-02-20,0.164675697684288
1976-02-23,0.1610264182090759
1976-02-24,0.1592017263174057
1976-02-25,0.164675697684288
1976-02-26,0.164675697684288
1976-02-27,0.164675697684288
1976-03-01,0.164675697684288
1976-03-02,0.164675697684288
1976-03-03,0.1628512889146804
1976-03-04,0.1628512889146804
1976-03-05,0.1628512889146804
1976-03-08,0.164675697684288
1976-03-09,0.1665004938840866
1976-03-10,0.1665004938840866
1976-03-11,0.1665004938840866
1976-03-12,0.1683251112699508
1976-03-15,0.1665004938840866
1976-03-16,0.1665004938840866
1976-03-17,0.1665004938840866
1976-03-18,0.1715182512998581
1976-03-19,0.1715182512998581
1976-03-22,0.1715182512998581
1976-03-23,0.1715182512998581
1976-03-24,0.1751674860715866
1976-03-25,0.1751674860715866
1976-03-26,0.1751674860715866
1976-03-29,0.1788167655467987
1976-03-30,0.176992267370224
1976-03-31,0.176992267370224
1976-04-01,0.176992267370224
1976-04-02,0.1788167655467987
1976-04-05,0.1788167655467987
1976-04-06,0.1820101886987686
1976-04-07,0.1806416809558868
1976-04-08,0.1788167655467987
1976-04-09,0.1788167655467987
1976-04-12,0.1820101886987686
1976-04-13,0.1838346719741821
1976-04-14,0.1856593340635299
1976-04-15,0.1911333352327346
1976-04-19,0.1911333352327346
1976-04-20,0.189308613538742
1976-04-21,0.1911333352327346
1976-04-22,0.1911333352327346
1976-04-23,0.1911333352327346
1976-04-26,0.1911333352327346
1976-04-27,0.1911333352327346
1976-04-28,0.189308613538742
1976-04-29,0.1911333352327346
1976-04-30,0.1911333352327346
1976-05-03,0.190857321023941
1976-05-04,0.190857321023941
1976-05-05,0.1926969587802887
1976-05-06,0.190857321023941
1976-05-07,0.190857321023941
1976-05-10,0.1890179514884948
1976-05-11,0.1890179514884948
1976-05-12,0.1890179514884948
1976-05-13,0.1890179514884948
1976-05-14,0.1890179514884948
1976-05-17,0.1890179514884948
1976-05-18,0.1890179514884948
1976-05-19,0.1890179514884948
1976-05-20,0.1926969587802887
1976-05-21,0.1926969587802887
1976-05-24,0.1890179514884948
1976-05-25,0.1890179514884948
1976-05-26,0.1890179514884948
1976-05-27,0.1890179514884948
1976-05-28,0.190857321023941
1976-06-01,0.190857321023941
1976-06-02,0.1890179514884948
1976-06-03,0.190857321023941
1976-06-04,0.190857321023941
1976-06-07,0.190857321023941
1976-06-08,0.190857321023941
1976-06-09,0.190857321023941
1976-06-10,0.1890179514884948
1976-06-11,0.1926969587802887
1976-06-14,0.1890179514884948
1976-06-15,0.190857321023941
1976-06-16,0.1940766721963882
1976-06-17,0.1926969587802887
1976-06-18,0.1940766721963882
1976-06-21,0.1926969587802887
1976-06-22,0.1926969587802887
1976-06-23,0.1926969587802887
1976-06-24,0.1926969587802887
1976-06-25,0.1926969587802887
1976-06-28,0.1926969587802887
1976-06-29,0.1926969587802887
1976-06-30,0.1959162056446075
1976-07-01,0.1959162056446075
1976-07-02,0.1959162056446075
1976-07-06,0.1977559775114059
1976-07-07,0.1959162056446075
1976-07-08,0.1940766721963882
1976-07-09,0.1959162056446075
1976-07-12,0.1977559775114059
1976-07-13,0.1977559775114059
1976-07-14,0.1977559775114059
1976-07-15,0.1977559775114059
1976-07-16,0.1959162056446075
1976-07-19,0.1940766721963882
1976-07-20,0.1940766721963882
1976-07-21,0.1940766721963882
1976-07-22,0.1940766721963882
1976-07-23,0.1959162056446075
1976-07-26,0.1959162056446075
1976-07-27,0.1977559775114059
1976-07-28,0.199595421552658
1976-07-29,0.199595421552658
1976-07-30,0.2014349997043609
1976-08-02,0.2012494802474975
1976-08-03,0.2012494802474975
1976-08-04,0.2031044214963913
1976-08-05,0.2049592584371566
1976-08-06,0.2031044214963913
1976-08-09,0.2049592584371566
1976-08-10,0.2031044214963913
1976-08-11,0.2031044214963913
1976-08-12,0.2012494802474975
1976-08-13,0.1993947625160217
1976-08-16,0.1956850886344909
1976-08-17,0.1942939013242721
1976-08-18,0.1942939013242721
1976-08-19,0.1942939013242721
1976-08-20,0.1942939013242721
1976-08-23,0.1956850886344909
1976-08-24,0.1942939013242721
1976-08-25,0.1924390494823455
1976-08-26,0.1887293756008148
1976-08-27,0.183628648519516
1976-08-30,0.1817737817764282
1976-08-31,0.183628648519516
1976-09-01,0.1868744194507599
1976-09-02,0.1905844211578369
1976-09-03,0.1887293756008148
1976-09-07,0.1942939013242721
1976-09-08,0.1956850886344909
1976-09-09,0.1942939013242721
1976-09-10,0.1942939013242721
1976-09-13,0.1942939013242721
1976-09-14,0.1942939013242721
1976-09-15,0.1942939013242721
1976-09-16,0.1924390494823455
1976-09-17,0.1975398957729339
1976-09-20,0.1956850886344909
1976-09-21,0.1942939013242721
1976-09-22,0.1942939013242721
1976-09-23,0.1942939013242721
1976-09-24,0.1942939013242721
1976-09-27,0.1942939013242721
1976-09-28,0.1887293756008148
1976-09-29,0.1868744194507599
1976-09-30,0.1850198358297348
1976-10-01,0.1850198358297348
1976-10-04,0.1850198358297348
1976-10-05,0.1887293756008148
1976-10-06,0.1868744194507599
1976-10-07,0.183628648519516
1976-10-08,0.1850198358297348
1976-10-11,0.1850198358297348
1976-10-12,0.183628648519516
1976-10-13,0.1817737817764282
1976-10-14,0.1799190193414688
1976-10-15,0.1817737817764282
1976-10-18,0.1850198358297348
1976-10-19,0.1850198358297348
1976-10-20,0.1850198358297348
1976-10-21,0.1868744194507599
1976-10-22,0.1850198358297348
1976-10-25,0.1850198358297348
1976-10-26,0.1850198358297348
1976-10-27,0.1850198358297348
1976-10-28,0.1850198358297348
1976-10-29,0.1867044270038604
1976-11-01,0.1867044270038604
1976-11-03,0.1796852350234985
1976-11-04,0.1853006035089492
1976-11-05,0.1853006035089492
1976-11-08,0.1815571039915084
1976-11-09,0.1834287196397781
1976-11-10,0.1815571039915084
1976-11-11,0.1796852350234985
1976-11-12,0.1796852350234985
1976-11-15,0.1778135746717453
1976-11-16,0.1778135746717453
1976-11-17,0.1759419590234756
1976-11-18,0.1759419590234756
1976-11-19,0.1778135746717453
1976-11-22,0.1815571039915084
1976-11-23,0.1834287196397781
1976-11-24,0.1834287196397781
1976-11-26,0.1834287196397781
1976-11-29,0.1853006035089492
1976-11-30,0.1853006035089492
1976-12-01,0.1867044270038604
1976-12-02,0.1885759383440017
1976-12-03,0.1904477179050445
1976-12-06,0.1923195570707321
1976-12-07,0.1941911280155182
1976-12-08,0.1974666565656662
1976-12-09,0.1974666565656662
1976-12-10,0.2012102305889129
1976-12-13,0.2012102305889129
1976-12-14,0.2049535661935806
1976-12-15,0.2012102305889129
1976-12-16,0.2012102305889129
1976-12-17,0.1974666565656662
1976-12-20,0.1974666565656662
1976-12-21,0.2012102305889129
1976-12-22,0.2012102305889129
1976-12-23,0.2030817419290542
1976-12-27,0.2049535661935806
1976-12-28,0.2068253457546234
1976-12-29,0.2082291394472122
1976-12-30,0.2101008743047714
1976-12-31,0.2138442695140838
1977-01-03,0.2119725942611694
1977-01-04,0.2119725942611694
1977-01-05,0.2082291394472122
1977-01-06,0.2101008743047714
1977-01-07,0.2082291394472122
1977-01-10,0.2082291394472122
1977-01-11,0.2082291394472122
1977-01-12,0.2101008743047714
1977-01-13,0.2101008743047714
1977-01-14,0.2101008743047714
1977-01-17,0.2068253457546234
1977-01-18,0.2049535661935806
1977-01-19,0.2012102305889129
1977-01-20,0.2012102305889129
1977-01-21,0.2012102305889129
1977-01-24,0.2012102305889129
1977-01-25,0.2049535661935806
1977-01-26,0.2049535661935806
1977-01-27,0.2012102305889129
1977-01-28,0.1974666565656662
1977-01-31,0.1992799937725067
1977-02-01,0.1992799937725067
1977-02-02,0.1992799937725067
1977-02-03,0.1978633999824524
1977-02-04,0.1978633999824524
1977-02-07,0.1978633999824524
1977-02-08,0.1978633999824524
1977-02-09,0.1978633999824524
1977-02-10,0.1959744095802307
1977-02-11,0.1978633999824524
1977-02-14,0.1940856128931045
1977-02-15,0.1940856128931045
1977-02-16,0.1940856128931045
1977-02-17,0.1903077811002731
1977-02-18,0.1884188950061798
1977-02-22,0.1884188950061798
1977-02-23,0.1884188950061798
1977-02-24,0.1903077811002731
1977-02-25,0.1903077811002731
1977-02-28,0.1921965628862381
1977-03-01,0.1921965628862381
1977-03-02,0.1921965628862381
1977-03-03,0.1940856128931045
1977-03-04,0.1959744095802307
1977-03-07,0.1978633999824524
1977-03-08,0.1978633999824524
1977-03-09,0.1992799937725067
1977-03-10,0.1992799937725067
1977-03-11,0.1992799937725067
1977-03-14,0.1978633999824524
1977-03-15,0.2011689096689224
1977-03-16,0.1992799937725067
1977-03-17,0.1992799937725067
1977-03-18,0.2011689096689224
1977-03-21,0.1992799937725067
1977-03-22,0.1992799937725067
1977-03-23,0.1992799937725067
1977-03-24,0.1978633999824524
1977-03-25,0.1978633999824524
1977-03-28,0.1959744095802307
1977-03-29,0.1978633999824524
1977-03-30,0.1978633999824524
1977-03-31,0.1940856128931045
1977-04-01,0.1940856128931045
1977-04-04,0.1940856128931045
1977-04-05,0.1978633999824524
1977-04-06,0.1940856128931045
1977-04-07,0.1940856128931045
1977-04-11,0.1921965628862381
1977-04-12,0.1940856128931045
1977-04-13,0.1940856128931045
1977-04-14,0.1921965628862381
1977-04-15,0.1940856128931045
1977-04-18,0.1940856128931045
1977-04-19,0.1940856128931045
1977-04-20,0.1921965628862381
1977-04-21,0.1940856128931045
1977-04-22,0.1921965628862381
1977-04-25,0.1921965628862381
1977-04-26,0.1921965628862381
1977-04-27,0.1921965628862381
1977-04-28,0.1921965628862381
1977-04-29,0.1921965628862381
1977-05-02,0.1921204030513763
1977-05-03,0.1940272450447082
1977-05-04,0.1959342807531356
1977-05-05,0.1940272450447082
1977-05-06,0.1959342807531356
1977-05-09,0.1959342807531356
1977-05-10,0.1959342807531356
1977-05-11,0.1959342807531356
1977-05-12,0.1940272450447082
1977-05-13,0.1959342807531356
1977-05-16,0.1959342807531356
1977-05-17,0.1959342807531356
1977-05-18,0.1959342807531356
1977-05-19,0.1959342807531356
1977-05-20,0.1959342807531356
1977-05-23,0.1940272450447082
1977-05-24,0.1921204030513763
1977-05-25,0.190213531255722
1977-05-26,0.1921204030513763
1977-05-27,0.190213531255722
1977-05-31,0.1887833625078201
1977-06-01,0.1887833625078201
1977-06-02,0.1868763267993927
1977-06-03,0.1868763267993927
1977-06-06,0.1887833625078201
1977-06-07,0.1868763267993927
1977-06-08,0.1887833625078201
1977-06-09,0.190213531255722
1977-06-10,0.190213531255722
1977-06-13,0.190213531255722
1977-06-14,0.1921204030513763
1977-06-15,0.1921204030513763
1977-06-16,0.1921204030513763
1977-06-17,0.1921204030513763
1977-06-20,0.1887833625078201
1977-06-21,0.1830625236034393
1977-06-22,0.1792487651109695
1977-06-23,0.1792487651109695
1977-06-24,0.1811555325984954
1977-06-27,0.1830625236034393
1977-06-28,0.1792487651109695
1977-06-29,0.1811555325984954
1977-06-30,0.1849694699048996
1977-07-01,0.1887833625078201
1977-07-05,0.1868763267993927
1977-07-06,0.1830625236034393
1977-07-07,0.1849694699048996
1977-07-08,0.1849694699048996
1977-07-11,0.1868763267993927
1977-07-12,0.1868763267993927
1977-07-13,0.1906901746988296
1977-07-15,0.1906901746988296
1977-07-18,0.1887833625078201
1977-07-19,0.1906901746988296
1977-07-20,0.1906901746988296
1977-07-21,0.1887833625078201
1977-07-22,0.1887833625078201
1977-07-25,0.1887833625078201
1977-07-26,0.1849694699048996
1977-07-27,0.1849694699048996
1977-07-28,0.1811555325984954
1977-07-29,0.1830625236034393
1977-08-01,0.1887639611959457
1977-08-02,0.1868378818035125
1977-08-03,0.1868378818035125
1977-08-04,0.1926163285970688
1977-08-05,0.1945425122976303
1977-08-08,0.1926163285970688
1977-08-09,0.1926163285970688
1977-08-10,0.1926163285970688
1977-08-11,0.1887639611959457
1977-08-12,0.1868378818035125
1977-08-15,0.190690279006958
1977-08-16,0.1868378818035125
1977-08-17,0.1868378818035125
1977-08-18,0.1868378818035125
1977-08-19,0.1887639611959457
1977-08-22,0.1868378818035125
1977-08-23,0.1926163285970688
1977-08-24,0.190690279006958
1977-08-25,0.1887639611959457
1977-08-26,0.1868378818035125
1977-08-29,0.1868378818035125
1977-08-30,0.1868378818035125
1977-08-31,0.1868378818035125
1977-09-01,0.1849116533994674
1977-09-02,0.1829853951930999
1977-09-06,0.1849116533994674
1977-09-07,0.1829853951930999
1977-09-08,0.1810593754053115
1977-09-09,0.1772069036960601
1977-09-12,0.1772069036960601
1977-09-13,0.1810593754053115
1977-09-14,0.1829853951930999
1977-09-15,0.1810593754053115
1977-09-16,0.1810593754053115
1977-09-19,0.1791331470012664
1977-09-20,0.1772069036960601
1977-09-21,0.1772069036960601
1977-09-22,0.1772069036960601
1977-09-23,0.1752810180187225
1977-09-26,0.1772069036960601
1977-09-27,0.1772069036960601
1977-09-28,0.1772069036960601
1977-09-29,0.1791331470012664
1977-09-30,0.1849116533994674
1977-10-03,0.1868378818035125
1977-10-04,0.1887639611959457
1977-10-05,0.1829853951930999
1977-10-06,0.1868378818035125
1977-10-07,0.1868378818035125
1977-10-10,0.1868378818035125
1977-10-11,0.1887639611959457
1977-10-12,0.1868378818035125
1977-10-13,0.1849116533994674
1977-10-14,0.1849116533994674
1977-10-17,0.1810593754053115
1977-10-18,0.1810593754053115
1977-10-19,0.1810593754053115
1977-10-20,0.1810593754053115
1977-10-21,0.1849116533994674
1977-10-24,0.1849116533994674
1977-10-25,0.1868378818035125
1977-10-26,0.1810593754053115
1977-10-27,0.1772069036960601
1977-10-28,0.1772069036960601
1977-10-31,0.1743626445531845
1977-11-01,0.1704662144184112
1977-11-02,0.1724143922328949
1977-11-03,0.1743626445531845
1977-11-04,0.1792329102754593
1977-11-07,0.1831294447183609
1977-11-08,0.1831294447183609
1977-11-09,0.1870257556438446
1977-11-10,0.1909220367670059
1977-11-11,0.1967666298151016
1977-11-14,0.1909220367670059
1977-11-15,0.1948185861110687
1977-11-16,0.1909220367670059
1977-11-17,0.1889741569757461
1977-11-18,0.1870257556438446
1977-11-21,0.1909220367670059
1977-11-22,0.1870257556438446
1977-11-23,0.1889741569757461
1977-11-25,0.1928703784942627
1977-11-28,0.1948185861110687
1977-11-29,0.1948185861110687
1977-11-30,0.1928703784942627
1977-12-01,0.1948185861110687
1977-12-02,0.1909220367670059
1977-12-05,0.1928703784942627
1977-12-06,0.1870257556438446
1977-12-07,0.1792329102754593
1977-12-08,0.1831294447183609
1977-12-09,0.1870257556438446
1977-12-12,0.1870257556438446
1977-12-13,0.1889741569757461
1977-12-14,0.1870257556438446
1977-12-15,0.1850775182247162
1977-12-16,0.1831294447183609
1977-12-19,0.1772848814725875
1977-12-20,0.1753367483615875
1977-12-21,0.1792329102754593
1977-12-22,0.1831294447183609
1977-12-23,0.1850775182247162
1977-12-27,0.1850775182247162
1977-12-28,0.1831294447183609
1977-12-29,0.1831294447183609
1977-12-30,0.1811812967061996
1978-01-03,0.1831294447183609
1978-01-04,0.1772848814725875
1978-01-05,0.1772848814725875
1978-01-06,0.1724143922328949
1978-01-09,0.1704662144184112
1978-01-10,0.1685180515050888
1978-01-11,0.1704662144184112
1978-01-12,0.1704662144184112
1978-01-13,0.1724143922328949
1978-01-16,0.1704662144184112
1978-01-17,0.1743626445531845
1978-01-18,0.1724143922328949
1978-01-19,0.1724143922328949
1978-01-20,0.1724143922328949
1978-01-23,0.1724143922328949
1978-01-24,0.1724143922328949
1978-01-25,0.1704662144184112
1978-01-26,0.1724143922328949
1978-01-27,0.1685180515050888
1978-01-30,0.168596863746643
1978-01-31,0.1705688685178756
1978-02-01,0.17648446559906
1978-02-02,0.1745126247406005
1978-02-03,0.17648446559906
1978-02-06,0.17648446559906
1978-02-07,0.17648446559906
1978-02-08,0.1794423162937164
1978-02-09,0.1774704754352569
1978-02-10,0.1774704754352569
1978-02-13,0.1794423162937164
1978-02-14,0.1774704754352569
1978-02-15,0.1794423162937164
1978-02-16,0.1774704754352569
1978-02-17,0.1774704754352569
1978-02-21,0.1745126247406005
1978-02-22,0.17648446559906
1978-02-23,0.17648446559906
1978-02-24,0.17648446559906
1978-02-27,0.17648446559906
1978-02-28,0.1725406944751739
1978-03-01,0.1725406944751739
1978-03-02,0.1725406944751739
1978-03-03,0.1725406944751739
1978-03-06,0.1745126247406005
1978-03-07,0.1725406944751739
1978-03-08,0.1725406944751739
1978-03-09,0.1725406944751739
1978-03-10,0.1725406944751739
1978-03-13,0.17648446559906
1978-03-14,0.17648446559906
1978-03-15,0.1745126247406005
1978-03-16,0.1745126247406005
1978-03-17,0.17648446559906
1978-03-20,0.17648446559906
1978-03-21,0.17648446559906
1978-03-22,0.1745126247406005
1978-03-23,0.1745126247406005
1978-03-27,0.1745126247406005
1978-03-28,0.1725406944751739
1978-03-29,0.1745126247406005
1978-03-30,0.1745126247406005
1978-03-31,0.17648446559906
1978-04-03,0.1725406944751739
1978-04-04,0.168596863746643
1978-04-05,0.1725406944751739
1978-04-06,0.1745126247406005
1978-04-07,0.1774704754352569
1978-04-10,0.1774704754352569
1978-04-11,0.17648446559906
1978-04-12,0.1794423162937164
1978-04-13,0.1893016695976257
1978-04-14,0.1952174007892608
1978-04-17,0.1912736296653747
1978-04-18,0.1873297542333603
1978-04-19,0.1853580474853515
1978-04-20,0.1912736296653747
1978-04-21,0.1952174007892608
1978-04-24,0.1971892565488815
1978-04-25,0.2011331021785736
1978-04-26,0.2011331021785736
1978-04-27,0.1991609930992126
1978-04-28,0.2011331021785736
1978-05-01,0.203204944729805
1978-05-02,0.203204944729805
1978-05-03,0.2012125551700592
1978-05-04,0.199220523238182
1978-05-05,0.204200878739357
1978-05-08,0.2061933428049087
1978-05-09,0.2081855088472366
1978-05-10,0.204200878739357
1978-05-11,0.2081855088472366
1978-05-12,0.2141622006893158
1978-05-15,0.2161540985107422
1978-05-16,0.2201386839151382
1978-05-17,0.2221307307481765
1978-05-18,0.2181466072797775
1978-05-19,0.2141622006893158
1978-05-22,0.2081855088472366
1978-05-23,0.2081855088472366
1978-05-24,0.203204944729805
1978-05-25,0.203204944729805
1978-05-26,0.204200878739357
1978-05-30,0.204200878739357
1978-05-31,0.203204944729805
1978-06-01,0.2081855088472366
1978-06-02,0.2141622006893158
1978-06-05,0.2161540985107422
1978-06-06,0.2221307307481765
1978-06-07,0.2201386839151382
1978-06-08,0.2201386839151382
1978-06-09,0.2121699154376983
1978-06-12,0.2081855088472366
1978-06-13,0.2081855088472366
1978-06-14,0.203204944729805
1978-06-15,0.2012125551700592
1978-06-16,0.2012125551700592
1978-06-19,0.1972282230854034
1978-06-20,0.1932439804077148
1978-06-21,0.1892593204975128
1978-06-22,0.1912516504526138
1978-06-23,0.1972282230854034
1978-06-26,0.1952360421419143
1978-06-27,0.1972282230854034
1978-06-28,0.199220523238182
1978-06-29,0.199220523238182
1978-06-30,0.199220523238182
1978-07-03,0.199220523238182
1978-07-05,0.1972282230854034
1978-07-06,0.1892593204975128
1978-07-07,0.1912516504526138
1978-07-10,0.1932439804077148
1978-07-11,0.1912516504526138
1978-07-12,0.1912516504526138
1978-07-13,0.1912516504526138
1978-07-14,0.1952360421419143
1978-07-17,0.1972282230854034
1978-07-18,0.1972282230854034
1978-07-19,0.199220523238182
1978-07-20,0.2012125551700592
1978-07-21,0.1972282230854034
1978-07-24,0.1932439804077148
1978-07-25,0.1912516504526138
1978-07-26,0.1952360421419143
1978-07-27,0.1972282230854034
1978-07-28,0.1932439804077148
1978-07-31,0.199615478515625
1978-08-01,0.199615478515625
1978-08-02,0.199615478515625
1978-08-03,0.199615478515625
1978-08-04,0.2056642770767212
1978-08-07,0.2107053250074386
1978-08-08,0.2107053250074386
1978-08-09,0.2127213329076767
1978-08-10,0.2167540490627288
1978-08-11,0.2167540490627288
1978-08-14,0.2167540490627288
1978-08-15,0.2147378474473953
1978-08-16,0.2167540490627288
1978-08-17,0.2127213329076767
1978-08-18,0.2167540490627288
1978-08-21,0.2167540490627288
1978-08-22,0.2127213329076767
1978-08-23,0.2107053250074386
1978-08-24,0.2107053250074386
1978-08-25,0.2086888253688812
1978-08-28,0.2107053250074386
1978-08-29,0.2086888253688812
1978-08-30,0.2167540490627288
1978-08-31,0.2147378474473953
1978-09-01,0.2167540490627288
1978-09-05,0.2167540490627288
1978-09-06,0.2228029817342758
1978-09-07,0.2228029817342758
1978-09-08,0.2228029817342758
1978-09-11,0.2268357425928115
1978-09-12,0.2288520038127899
1978-09-13,0.2288520038127899
1978-09-14,0.2268357425928115
1978-09-15,0.2228029817342758
1978-09-18,0.2248191833496093
1978-09-19,0.2228029817342758
1978-09-20,0.2248191833496093
1978-09-21,0.220786765217781
1978-09-22,0.2167540490627288
1978-09-25,0.2167540490627288
1978-09-26,0.2268357425928115
1978-09-27,0.2228029817342758
1978-09-28,0.2167540490627288
1978-09-29,0.2167540490627288
1978-10-02,0.2127213329076767
1978-10-03,0.2167540490627288
1978-10-04,0.2127213329076767
1978-10-05,0.2147378474473953
1978-10-06,0.2147378474473953
1978-10-09,0.2107053250074386
1978-10-10,0.2107053250074386
1978-10-11,0.2127213329076767
1978-10-12,0.2147378474473953
1978-10-13,0.2167540490627288
1978-10-16,0.2107053250074386
1978-10-17,0.2066724747419357
1978-10-18,0.2036479860544204
1978-10-19,0.2036479860544204
1978-10-20,0.2016316950321197
1978-10-23,0.2016316950321197
1978-10-24,0.2056642770767212
1978-10-25,0.2036479860544204
1978-10-26,0.2056642770767212
1978-10-27,0.2056642770767212
1978-10-30,0.2059905529022216
1978-10-31,0.2080301940441131
1978-11-01,0.2080301940441131
1978-11-02,0.2090498358011245
1978-11-03,0.2059905529022216
1978-11-06,0.2059905529022216
1978-11-07,0.2059905529022216
1978-11-08,0.2059905529022216
1978-11-09,0.2059905529022216
1978-11-10,0.2090498358011245
1978-11-13,0.2080301940441131
1978-11-14,0.2059905529022216
1978-11-15,0.2039509564638137
1978-11-16,0.2039509564638137
1978-11-17,0.2039509564638137
1978-11-20,0.2019115686416626
1978-11-21,0.1998720467090606
1978-11-22,0.2019115686416626
1978-11-24,0.2019115686416626
1978-11-27,0.1998720467090606
1978-11-28,0.2019115686416626
1978-11-29,0.1978326886892318
1978-11-30,0.1978326886892318
1978-12-01,0.1998720467090606
1978-12-04,0.2039509564638137
1978-12-05,0.2039509564638137
1978-12-06,0.2019115686416626
1978-12-07,0.2019115686416626
1978-12-08,0.2019115686416626
1978-12-11,0.1998720467090606
1978-12-12,0.1998720467090606
1978-12-13,0.2039509564638137
1978-12-14,0.2019115686416626
1978-12-15,0.1998720467090606
1978-12-18,0.1998720467090606
1978-12-19,0.2019115686416626
1978-12-20,0.1998720467090606
1978-12-21,0.2039509564638137
1978-12-22,0.2059905529022216
1978-12-26,0.2059905529022216
1978-12-27,0.2059905529022216
1978-12-28,0.2059905529022216
1978-12-29,0.2059905529022216
1979-01-02,0.2059905529022216
1979-01-03,0.2090498358011245
1979-01-04,0.2172079384326934
1979-01-05,0.2253659516572952
1979-01-08,0.2253659516572952
1979-01-09,0.2253659516572952
1979-01-10,0.2192474752664566
1979-01-11,0.2233265042304992
1979-01-12,0.2192474752664566
1979-01-15,0.2233265042304992
1979-01-16,0.2233265042304992
1979-01-17,0.2212869524955749
1979-01-18,0.2192474752664566
1979-01-19,0.2151682823896408
1979-01-22,0.2192474752664566
1979-01-23,0.2172079384326934
1979-01-24,0.2192474752664566
1979-01-25,0.2192474752664566
1979-01-26,0.2172079384326934
1979-01-29,0.2195998132228851
1979-01-30,0.2175377309322357
1979-01-31,0.2082588523626327
1979-02-01,0.2061970233917236
1979-02-02,0.2041350305080413
1979-02-05,0.2061970233917236
1979-02-06,0.2041350305080413
1979-02-07,0.200011059641838
1979-02-08,0.2020729631185531
1979-02-09,0.2020729631185531
1979-02-12,0.200011059641838
1979-02-13,0.200011059641838
1979-02-14,0.2020729631185531
1979-02-15,0.2020729631185531
1979-02-16,0.200011059641838
1979-02-20,0.2020729631185531
1979-02-21,0.200011059641838
1979-02-22,0.1979491263628006
1979-02-23,0.1979491263628006
1979-02-26,0.1958869248628616
1979-02-27,0.1938252747058868
1979-02-28,0.1938252747058868
1979-03-01,0.1979491263628006
1979-03-02,0.1958869248628616
1979-03-05,0.1979491263628006
1979-03-06,0.1958869248628616
1979-03-07,0.1958869248628616
1979-03-08,0.1979491263628006
1979-03-09,0.1938252747058868
1979-03-12,0.1938252747058868
1979-03-13,0.1958869248628616
1979-03-14,0.1938252747058868
1979-03-15,0.1938252747058868
1979-03-16,0.1938252747058868
1979-03-19,0.1917632073163986
1979-03-20,0.1897011697292328
1979-03-21,0.1979491263628006
1979-03-22,0.1938252747058868
1979-03-23,0.1938252747058868
1979-03-26,0.1917632073163986
1979-03-27,0.1938252747058868
1979-03-28,0.1938252747058868
1979-03-29,0.1958869248628616
1979-03-30,0.1958869248628616
1979-04-02,0.1938252747058868
1979-04-03,0.1979491263628006
1979-04-04,0.1979491263628006
1979-04-05,0.1979491263628006
1979-04-06,0.1979491263628006
1979-04-09,0.200011059641838
1979-04-10,0.200011059641838
1979-04-11,0.2061970233917236
1979-04-12,0.2041350305080413
1979-04-16,0.2020729631185531
1979-04-17,0.2020729631185531
1979-04-18,0.2041350305080413
1979-04-19,0.2061970233917236
1979-04-20,0.2020729631185531
1979-04-23,0.200011059641838
1979-04-24,0.2041350305080413
1979-04-25,0.200011059641838
1979-04-26,0.200011059641838
1979-04-27,0.2020729631185531
1979-04-30,0.2006517946720123
1979-05-01,0.2006517946720123
1979-05-02,0.2027419358491897
1979-05-03,0.2048319578170776
1979-05-04,0.2048319578170776
1979-05-07,0.2027419358491897
1979-05-08,0.2027419358491897
1979-05-09,0.2069220691919326
1979-05-10,0.2069220691919326
1979-05-11,0.2048319578170776
1979-05-14,0.2027419358491897
1979-05-15,0.2027419358491897
1979-05-16,0.209012284874916
1979-05-17,0.2048319578170776
1979-05-18,0.2006517946720123
1979-05-21,0.2027419358491897
1979-05-22,0.2027419358491897
1979-05-23,0.2048319578170776
1979-05-24,0.2027419358491897
1979-05-25,0.2006517946720123
1979-05-29,0.2006517946720123
1979-05-30,0.1985614448785781
1979-05-31,0.2006517946720123
1979-06-01,0.2006517946720123
1979-06-04,0.2048319578170776
1979-06-05,0.2069220691919326
1979-06-06,0.209012284874916
1979-06-07,0.2131924480199813
1979-06-08,0.2111022174358368
1979-06-11,0.2131924480199813
1979-06-12,0.209012284874916
1979-06-13,0.2111022174358368
1979-06-14,0.2111022174358368
1979-06-15,0.2131924480199813
1979-06-18,0.2111022174358368
1979-06-19,0.2111022174358368
1979-06-20,0.2111022174358368
1979-06-21,0.2131924480199813
1979-06-22,0.2131924480199813
1979-06-25,0.2142374813556671
1979-06-26,0.2205078452825546
1979-06-27,0.2184178531169891
1979-06-28,0.2142374813556671
1979-06-29,0.2142374813556671
1979-07-02,0.2142374813556671
1979-07-03,0.2142374813556671
1979-07-05,0.2163277119398117
1979-07-06,0.2142374813556671
1979-07-09,0.2205078452825546
1979-07-10,0.2184178531169891
1979-07-11,0.2184178531169891
1979-07-12,0.2184178531169891
1979-07-13,0.2205078452825546
1979-07-16,0.2205078452825546
1979-07-17,0.2246879786252975
1979-07-18,0.2205078452825546
1979-07-19,0.2246879786252975
1979-07-20,0.2246879786252975
1979-07-23,0.2246879786252975
1979-07-24,0.2246879786252975
1979-07-25,0.2288685441017151
1979-07-26,0.2309586107730865
1979-07-27,0.2330486178398132
1979-07-30,0.2337254732847213
1979-07-31,0.2358405888080597
1979-08-01,0.2379558384418487
1979-08-02,0.2453588247299194
1979-08-03,0.2411286383867263
1979-08-06,0.2411286383867263
1979-08-07,0.2432437539100647
1979-08-08,0.2411286383867263
1979-08-09,0.2400710135698318
1979-08-10,0.2411286383867263
1979-08-13,0.2453588247299194
1979-08-14,0.2411286383867263
1979-08-15,0.2411286383867263
1979-08-16,0.2453588247299194
1979-08-17,0.2453588247299194
1979-08-20,0.2453588247299194
1979-08-21,0.2453588247299194
1979-08-22,0.2432437539100647
1979-08-23,0.2411286383867263
1979-08-24,0.2400710135698318
1979-08-27,0.2379558384418487
1979-08-28,0.2400710135698318
1979-08-29,0.2400710135698318
1979-08-30,0.2432437539100647
1979-08-31,0.2411286383867263
1979-09-04,0.2400710135698318
1979-09-05,0.2316104918718338
1979-09-06,0.2316104918718338
1979-09-07,0.2337254732847213
1979-09-10,0.2337254732847213
1979-09-11,0.2358405888080597
1979-09-12,0.2316104918718338
1979-09-13,0.2337254732847213
1979-09-14,0.2358405888080597
1979-09-17,0.2400710135698318
1979-09-18,0.2337254732847213
1979-09-19,0.2358405888080597
1979-09-20,0.2379558384418487
1979-09-21,0.2379558384418487
1979-09-24,0.2337254732847213
1979-09-25,0.2337254732847213
1979-09-26,0.2337254732847213
1979-09-27,0.2337254732847213
1979-09-28,0.2273798733949661
1979-10-01,0.2252647280693054
1979-10-02,0.2252647280693054
1979-10-03,0.2231495678424835
1979-10-04,0.2273798733949661
1979-10-05,0.2273798733949661
1979-10-08,0.2252647280693054
1979-10-09,0.2157466262578964
1979-10-10,0.207285851240158
1979-10-11,0.2094010561704635
1979-10-12,0.207285851240158
1979-10-15,0.2051708102226257
1979-10-16,0.2051708102226257
1979-10-17,0.2094010561704635
1979-10-18,0.2094010561704635
1979-10-19,0.2094010561704635
1979-10-22,0.207285851240158
1979-10-23,0.2094010561704635
1979-10-24,0.2094010561704635
1979-10-25,0.211516261100769
1979-10-26,0.211516261100769
1979-10-29,0.2143455892801284
1979-10-30,0.2164888978004455
1979-10-31,0.2197043001651764
1979-11-01,0.2197043001651764
1979-11-02,0.2197043001651764
1979-11-05,0.2197043001651764
1979-11-06,0.2197043001651764
1979-11-07,0.2164888978004455
1979-11-08,0.2186325192451477
1979-11-09,0.2197043001651764
1979-11-12,0.2197043001651764
1979-11-13,0.2197043001651764
1979-11-14,0.2197043001651764
1979-11-15,0.2186325192451477
1979-11-16,0.2186325192451477
1979-11-19,0.2186325192451477
1979-11-20,0.2197043001651764
1979-11-21,0.2197043001651764
1979-11-23,0.2143455892801284
1979-11-26,0.2164888978004455
1979-11-27,0.2186325192451477
1979-11-28,0.221847802400589
1979-11-29,0.2239912748336792
1979-11-30,0.2186325192451477
1979-12-03,0.2197043001651764
1979-12-04,0.2197043001651764
1979-12-05,0.2197043001651764
1979-12-06,0.2186325192451477
1979-12-07,0.2186325192451477
1979-12-10,0.2186325192451477
1979-12-11,0.2186325192451477
1979-12-12,0.2186325192451477
1979-12-13,0.2164888978004455
1979-12-14,0.2143455892801284
1979-12-17,0.2164888978004455
1979-12-18,0.2143455892801284
1979-12-19,0.2143455892801284
1979-12-20,0.2164888978004455
1979-12-21,0.2186325192451477
1979-12-24,0.2164888978004455
1979-12-26,0.2197043001651764
1979-12-27,0.2186325192451477
1979-12-28,0.2239912748336792
1979-12-31,0.2186325192451477
1980-01-02,0.2197043001651764
1980-01-03,0.2164888978004455
1980-01-04,0.2186325192451477
1980-01-07,0.2186325192451477
1980-01-08,0.2197043001651764
1980-01-09,0.2143455892801284
1980-01-10,0.2122019380331039
1980-01-11,0.2143455892801284
1980-01-14,0.2122019380331039
1980-01-15,0.2122019380331039
1980-01-16,0.2079154103994369
1980-01-17,0.2100586593151092
1980-01-18,0.2100586593151092
1980-01-21,0.2079154103994369
1980-01-22,0.2079154103994369
1980-01-23,0.2164888978004455
1980-01-24,0.2164888978004455
1980-01-25,0.2143455892801284
1980-01-28,0.2193848639726638
1980-01-29,0.2150405198335647
1980-01-30,0.2128685265779495
1980-01-31,0.2128685265779495
1980-02-01,0.2193848639726638
1980-02-04,0.2172128707170486
1980-02-05,0.2128685265779495
1980-02-06,0.2085243612527847
1980-02-07,0.2085243612527847
1980-02-08,0.2128685265779495
1980-02-11,0.2041801512241363
1980-02-12,0.2106965184211731
1980-02-13,0.2106965184211731
1980-02-14,0.2063521742820739
1980-02-15,0.2063521742820739
1980-02-19,0.2063521742820739
1980-02-20,0.2041801512241363
1980-02-21,0.1976637691259384
1980-02-22,0.1976637691259384
1980-02-25,0.1857168823480606
1980-02-26,0.1813728958368301
1980-02-27,0.1857168823480606
1980-02-28,0.1748563647270202
1980-02-29,0.1813728958368301
1980-03-03,0.1835446506738662
1980-03-04,0.1792006492614746
1980-03-05,0.1748563647270202
1980-03-06,0.1694260388612747
1980-03-07,0.1705119609832763
1980-03-10,0.1672538220882415
1980-03-11,0.1748563647270202
1980-03-12,0.1748563647270202
1980-03-13,0.1748563647270202
1980-03-14,0.1813728958368301
1980-03-17,0.1694260388612747
1980-03-18,0.1748563647270202
1980-03-19,0.1705119609832763
1980-03-20,0.1694260388612747
1980-03-21,0.1694260388612747
1980-03-24,0.1672538220882415
1980-03-25,0.1650817990303039
1980-03-26,0.1650817990303039
1980-03-27,0.1607374995946884
1980-03-28,0.1672538220882415
1980-03-31,0.1748563647270202
1980-04-01,0.1705119609832763
1980-04-02,0.1748563647270202
1980-04-03,0.1813728958368301
1980-04-07,0.1878892481327057
1980-04-08,0.1900611817836761
1980-04-09,0.1976637691259384
1980-04-10,0.2041801512241363
1980-04-11,0.1976637691259384
1980-04-14,0.1976637691259384
1980-04-15,0.1976637691259384
1980-04-16,0.1998357772827148
1980-04-17,0.1998357772827148
1980-04-18,0.1976637691259384
1980-04-21,0.1922333687543869
1980-04-22,0.1954916417598724
1980-04-23,0.1976637691259384
1980-04-24,0.1944056153297424
1980-04-25,0.1976637691259384
1980-04-28,0.1987236738204956
1980-04-29,0.1976196765899658
1980-04-30,0.1987236738204956
1980-05-01,0.2009317427873611
1980-05-02,0.2009317427873611
1980-05-05,0.2031396627426147
1980-05-06,0.2119718939065933
1980-05-07,0.2185957580804824
1980-05-08,0.2185957580804824
1980-05-09,0.21638785302639
1980-05-12,0.2141799628734588
1980-05-13,0.2185957580804824
1980-05-14,0.2208040803670883
1980-05-15,0.21638785302639
1980-05-16,0.2119718939065933
1980-05-19,0.2119718939065933
1980-05-20,0.2053475975990295
1980-05-21,0.2009317427873611
1980-05-22,0.2119718939065933
1980-05-23,0.2075558453798294
1980-05-27,0.2075558453798294
1980-05-28,0.2031396627426147
1980-05-29,0.2031396627426147
1980-05-30,0.209763765335083
1980-06-02,0.2075558453798294
1980-06-03,0.2075558453798294
1980-06-04,0.2119718939065933
1980-06-05,0.209763765335083
1980-06-06,0.209763765335083
1980-06-09,0.209763765335083
1980-06-10,0.2141799628734588
1980-06-11,0.2119718939065933
1980-06-12,0.2141799628734588
1980-06-13,0.21638785302639
1980-06-16,0.2185957580804824
1980-06-17,0.2230119854211807
1980-06-18,0.2185957580804824
1980-06-19,0.21638785302639
1980-06-20,0.2119718939065933
1980-06-23,0.21638785302639
1980-06-24,0.2185957580804824
1980-06-25,0.2208040803670883
1980-06-26,0.21638785302639
1980-06-27,0.2208040803670883
1980-06-30,0.21638785302639
1980-07-01,0.21638785302639
1980-07-02,0.2141799628734588
1980-07-03,0.2141799628734588
1980-07-07,0.21638785302639
1980-07-08,0.2185957580804824
1980-07-09,0.2119718939065933
1980-07-10,0.2119718939065933
1980-07-11,0.209763765335083
1980-07-14,0.209763765335083
1980-07-15,0.2075558453798294
1980-07-16,0.209763765335083
1980-07-17,0.2119718939065933
1980-07-18,0.2141799628734588
1980-07-21,0.2141799628734588
1980-07-22,0.2185957580804824
1980-07-23,0.21638785302639
1980-07-24,0.2208040803670883
1980-07-25,0.2208040803670883
1980-07-28,0.2196387201547622
1980-07-29,0.217397466301918
1980-07-30,0.221879780292511
1980-07-31,0.2196387201547622
1980-08-01,0.2196387201547622
1980-08-04,0.221879780292511
1980-08-05,0.2263621836900711
1980-08-06,0.2241211533546447
1980-08-07,0.221879780292511
1980-08-08,0.2241211533546447
1980-08-11,0.2241211533546447
1980-08-12,0.2263621836900711
1980-08-13,0.2297239601612091
1980-08-14,0.2297239601612091
1980-08-15,0.2297239601612091
1980-08-18,0.2286035120487213
1980-08-19,0.2263621836900711
1980-08-20,0.2263621836900711
1980-08-21,0.2286035120487213
1980-08-22,0.2286035120487213
1980-08-25,0.2263621836900711
1980-08-26,0.2263621836900711
1980-08-27,0.2241211533546447
1980-08-28,0.2241211533546447
1980-08-29,0.2241211533546447
1980-09-02,0.2241211533546447
1980-09-03,0.2286035120487213
1980-09-04,0.2263621836900711
1980-09-05,0.2263621836900711
1980-09-08,0.221879780292511
1980-09-09,0.2241211533546447
1980-09-10,0.2297239601612091
1980-09-11,0.2297239601612091
1980-09-12,0.2297239601612091
1980-09-15,0.2286035120487213
1980-09-16,0.2297239601612091
1980-09-17,0.2342065870761871
1980-09-18,0.2297239601612091
1980-09-19,0.2263621836900711
1980-09-22,0.2241211533546447
1980-09-23,0.221879780292511
1980-09-24,0.217397466301918
1980-09-25,0.2196387201547622
1980-09-26,0.2151562124490738
1980-09-29,0.217397466301918
1980-09-30,0.217397466301918
1980-10-01,0.217397466301918
1980-10-02,0.2151562124490738
1980-10-03,0.217397466301918
1980-10-06,0.2196387201547622
1980-10-07,0.221879780292511
1980-10-08,0.2241211533546447
1980-10-09,0.2263621836900711
1980-10-10,0.221879780292511
1980-10-13,0.2241211533546447
1980-10-14,0.2241211533546447
1980-10-15,0.2241211533546447
1980-10-16,0.2241211533546447
1980-10-17,0.221879780292511
1980-10-20,0.2241211533546447
1980-10-21,0.221879780292511
1980-10-22,0.2196387201547622
1980-10-23,0.217397466301918
1980-10-24,0.2151562124490738
1980-10-27,0.217397466301918
1980-10-28,0.217397466301918
1980-10-29,0.2151562124490738
1980-10-30,0.2151562124490738
1980-10-31,0.2185251712799072
1980-11-03,0.2208016365766525
1980-11-05,0.2230778634548187
1980-11-06,0.2162489742040634
1980-11-07,0.2185251712799072
1980-11-10,0.2185251712799072
1980-11-11,0.2230778634548187
1980-11-12,0.2321831434965133
1980-11-13,0.2321831434965133
1980-11-14,0.2321831434965133
1980-11-17,0.2321831434965133
1980-11-18,0.2321831434965133
1980-11-19,0.2321831434965133
1980-11-20,0.2321831434965133
1980-11-21,0.2276306599378585
1980-11-24,0.2253540754318237
1980-11-25,0.2253540754318237
1980-11-26,0.2253540754318237
1980-11-28,0.2230778634548187
1980-12-01,0.2253540754318237
1980-12-02,0.2276306599378585
1980-12-03,0.2299066334962844
1980-12-04,0.2321831434965133
1980-12-05,0.2299066334962844
1980-12-08,0.2253540754318237
1980-12-09,0.2253540754318237
1980-12-10,0.2253540754318237
1980-12-11,0.2253540754318237
1980-12-12,0.2321831434965133
1980-12-15,0.2378738075494766
1980-12-16,0.2469790130853653
1980-12-17,0.2538079917430877
1980-12-18,0.2686040699481964
1980-12-19,0.2731564342975616
1980-12-22,0.275432825088501
1980-12-23,0.2686040699481964
1980-12-24,0.261775255203247
1980-12-26,0.261775255203247
1980-12-29,0.2538079917430877
1980-12-30,0.256084144115448
1980-12-31,0.261775255203247
1981-01-02,0.259498655796051
1981-01-05,0.2731564342975616
1981-01-06,0.275432825088501
1981-01-07,0.2777090072631836
1981-01-08,0.2777090072631836
1981-01-09,0.2731564342975616
1981-01-12,0.275432825088501
1981-01-13,0.275432825088501
1981-01-14,0.2731564342975616
1981-01-15,0.2731564342975616
1981-01-16,0.275432825088501
1981-01-19,0.2708801031112671
1981-01-20,0.2640513479709625
1981-01-21,0.261775255203247
1981-01-22,0.2640513479709625
1981-01-23,0.2640513479709625
1981-01-26,0.2640513479709625
1981-01-27,0.259498655796051
1981-01-28,0.261775255203247
1981-01-29,0.259498655796051
1981-01-30,0.261775255203247
1981-02-02,0.2721059918403625
1981-02-03,0.2674939334392547
1981-02-04,0.2651881575584411
1981-02-05,0.2651881575584411
1981-02-06,0.2674939334392547
1981-02-09,0.2628819346427917
1981-02-10,0.2571170032024383
1981-02-11,0.2628819346427917
1981-02-12,0.2628819346427917
1981-02-13,0.2628819346427917
1981-02-17,0.2674939334392547
1981-02-18,0.2698000073432922
1981-02-19,0.2651881575584411
1981-02-20,0.2651881575584411
1981-02-23,0.2698000073432922
1981-02-24,0.2674939334392547
1981-02-25,0.2698000073432922
1981-02-26,0.2721059918403625
1981-02-27,0.2767179608345032
1981-03-02,0.2767179608345032
1981-03-03,0.2790237367153168
1981-03-04,0.2790237367153168
1981-03-05,0.2813297212123871
1981-03-06,0.2813297212123871
1981-03-09,0.2836357653141022
1981-03-10,0.2813297212123871
1981-03-11,0.2790237367153168
1981-03-12,0.2813297212123871
1981-03-13,0.2859417200088501
1981-03-16,0.2836357653141022
1981-03-17,0.2790237367153168
1981-03-18,0.2836357653141022
1981-03-19,0.2790237367153168
1981-03-20,0.2790237367153168
1981-03-23,0.2790237367153168
1981-03-24,0.2767179608345032
1981-03-25,0.2813297212123871
1981-03-26,0.2767179608345032
1981-03-27,0.2721059918403625
1981-03-30,0.2767179608345032
1981-03-31,0.2790237367153168
1981-04-01,0.2767179608345032
1981-04-02,0.2790237367153168
1981-04-03,0.2813297212123871
1981-04-06,0.2744116485118866
1981-04-07,0.2790237367153168
1981-04-08,0.2790237367153168
1981-04-09,0.2790237367153168
1981-04-10,0.2744116485118866
1981-04-13,0.2674939334392547
1981-04-14,0.2721059918403625
1981-04-15,0.2721059918403625
1981-04-16,0.2721059918403625
1981-04-20,0.2721059918403625
1981-04-21,0.2721059918403625
1981-04-22,0.2674939334392547
1981-04-23,0.2617288827896118
1981-04-24,0.2628819346427917
1981-04-27,0.2651881575584411
1981-04-28,0.2674939334392547
1981-04-29,0.2628819346427917
1981-04-30,0.2674939334392547
1981-05-01,0.2674939334392547
1981-05-04,0.2631431519985199
1981-05-05,0.2631431519985199
1981-05-06,0.2654822468757629
1981-05-07,0.2666518688201904
1981-05-08,0.2654822468757629
1981-05-11,0.2631431519985199
1981-05-12,0.253786951303482
1981-05-13,0.2561259567737579
1981-05-14,0.2631431519985199
1981-05-15,0.2631431519985199
1981-05-18,0.2654822468757629
1981-05-19,0.2666518688201904
1981-05-20,0.2654822468757629
1981-05-21,0.2666518688201904
1981-05-22,0.2666518688201904
1981-05-26,0.2654822468757629
1981-05-27,0.2666518688201904
1981-05-28,0.2713299095630646
1981-05-29,0.2760078907012939
1981-06-01,0.2713299095630646
1981-06-02,0.2736689150333404
1981-06-03,0.2760078907012939
1981-06-04,0.2760078907012939
1981-06-05,0.2806861698627472
1981-06-08,0.2853640913963318
1981-06-09,0.2923812568187713
1981-06-10,0.2982290089130401
1981-06-11,0.2958898246288299
1981-06-12,0.2982290089130401
1981-06-15,0.2982290089130401
1981-06-16,0.2958898246288299
1981-06-17,0.3005681335926056
1981-06-18,0.3005681335926056
1981-06-19,0.2958898246288299
1981-06-22,0.3005681335926056
1981-06-23,0.3005681335926056
1981-06-24,0.2923812568187713
1981-06-25,0.2923812568187713
1981-06-26,0.2923812568187713
1981-06-29,0.2923812568187713
1981-06-30,0.2923812568187713
1981-07-01,0.2760078907012939
1981-07-02,0.2806861698627472
1981-07-06,0.278346836566925
1981-07-07,0.278346836566925
1981-07-08,0.278346836566925
1981-07-09,0.2853640913963318
1981-07-10,0.278346836566925
1981-07-13,0.2736689150333404
1981-07-14,0.2584652900695801
1981-07-15,0.2654822468757629
1981-07-16,0.2666518688201904
1981-07-17,0.2689908742904663
1981-07-20,0.2654822468757629
1981-07-21,0.2608039975166321
1981-07-22,0.2631431519985199
1981-07-23,0.2584652900695801
1981-07-24,0.2584652900695801
1981-07-27,0.2654822468757629
1981-07-28,0.2631431519985199
1981-07-29,0.2561259567737579
1981-07-30,0.2584652900695801
1981-07-31,0.2666518688201904
1981-08-03,0.2669838964939117
1981-08-04,0.2669838964939117
1981-08-05,0.2669838964939117
1981-08-06,0.2693570852279663
1981-08-07,0.2646106481552124
1981-08-10,0.2669838964939117
1981-08-11,0.2729169726371765
1981-08-12,0.2800364792346954
1981-08-13,0.2752901613712311
1981-08-14,0.2776632606983185
1981-08-17,0.2752901613712311
1981-08-18,0.2800364792346954
1981-08-19,0.2776632606983185
1981-08-20,0.2729169726371765
1981-08-21,0.2646106481552124
1981-08-24,0.2622376680374145
1981-08-25,0.2503716349601745
1981-08-26,0.2503716349601745
1981-08-27,0.2503716349601745
1981-08-28,0.2551179528236389
1981-08-31,0.2598642706871032
1981-09-01,0.2598642706871032
1981-09-02,0.2646106481552124
1981-09-03,0.2551179528236389
1981-09-04,0.2551179528236389
1981-09-08,0.2456253319978714
1981-09-09,0.2373191118240356
1981-09-10,0.2479985654354095
1981-09-11,0.2479985654354095
1981-09-14,0.2479985654354095
1981-09-15,0.2503716349601745
1981-09-16,0.2551179528236389
1981-09-17,0.239692136645317
1981-09-18,0.2301995307207107
1981-09-21,0.2301995307207107
1981-09-22,0.2325725853443145
1981-09-23,0.2349457740783691
1981-09-24,0.2373191118240356
1981-09-25,0.2373191118240356
1981-09-28,0.2325725853443145
1981-09-29,0.2349457740783691
1981-09-30,0.2349457740783691
1981-10-01,0.2278261929750442
1981-10-02,0.2278261929750442
1981-10-05,0.2301995307207107
1981-10-06,0.2278261929750442
1981-10-07,0.2301995307207107
1981-10-08,0.2349457740783691
1981-10-09,0.2373191118240356
1981-10-12,0.2456253319978714
1981-10-13,0.2373191118240356
1981-10-14,0.2349457740783691
1981-10-15,0.2349457740783691
1981-10-16,0.2301995307207107
1981-10-19,0.2349457740783691
1981-10-20,0.2349457740783691
1981-10-21,0.2349457740783691
1981-10-22,0.2325725853443145
1981-10-23,0.2325725853443145
1981-10-26,0.2278261929750442
1981-10-27,0.2278261929750442
1981-10-28,0.2278261929750442
1981-10-29,0.2278261929750442
1981-10-30,0.2317858636379242
1981-11-02,0.2317858636379242
1981-11-03,0.2317858636379242
1981-11-04,0.2317858636379242
1981-11-05,0.2317858636379242
1981-11-06,0.2269570380449295
1981-11-09,0.2317858636379242
1981-11-10,0.2366146594285965
1981-11-11,0.2414436489343643
1981-11-12,0.2438579797744751
1981-11-13,0.2414436489343643
1981-11-16,0.2366146594285965
1981-11-17,0.2390291094779968
1981-11-18,0.2438579797744751
1981-11-19,0.2438579797744751
1981-11-20,0.2462725043296814
1981-11-23,0.247479572892189
1981-11-24,0.247479572892189
1981-11-25,0.2523088455200195
1981-11-27,0.2498941719532013
1981-11-30,0.2523088455200195
1981-12-01,0.247479572892189
1981-12-02,0.247479572892189
1981-12-03,0.247479572892189
1981-12-04,0.247479572892189
1981-12-07,0.2523088455200195
1981-12-08,0.2523088455200195
1981-12-09,0.247479572892189
1981-12-10,0.2523088455200195
1981-12-11,0.247479572892189
1981-12-14,0.2366146594285965
1981-12-15,0.2390291094779968
1981-12-16,0.2390291094779968
1981-12-17,0.2342004179954528
1981-12-18,0.2317858636379242
1981-12-21,0.2317858636379242
1981-12-22,0.2317858636379242
1981-12-23,0.2269570380449295
1981-12-24,0.2317858636379242
1981-12-28,0.2317858636379242
1981-12-29,0.2293714880943298
1981-12-30,0.2317858636379242
1981-12-31,0.2293714880943298
1982-01-04,0.2317858636379242
1982-01-05,0.2269570380449295
1982-01-06,0.2293714880943298
1982-01-07,0.2269570380449295
1982-01-08,0.2317858636379242
1982-01-11,0.2317858636379242
1982-01-12,0.2269570380449295
1982-01-13,0.2269570380449295
1982-01-14,0.2269570380449295
1982-01-15,0.2293714880943298
1982-01-18,0.2269570380449295
1982-01-19,0.219713807106018
1982-01-20,0.219713807106018
1982-01-21,0.222128078341484
1982-01-22,0.219713807106018
1982-01-25,0.222128078341484
1982-01-26,0.2269570380449295
1982-01-27,0.2269570380449295
1982-01-28,0.2293714880943298
1982-01-29,0.2269570380449295
1982-02-01,0.2236150801181793
1982-02-02,0.2236150801181793
1982-02-03,0.2236150801181793
1982-02-04,0.2260721772909164
1982-02-05,0.2285295277833938
1982-02-08,0.2285295277833938
1982-02-09,0.2236150801181793
1982-02-10,0.2260721772909164
1982-02-11,0.2211578041315078
1982-02-12,0.2199290990829467
1982-02-16,0.2174717783927917
1982-02-17,0.2236150801181793
1982-02-18,0.2199290990829467
1982-02-19,0.2199290990829467
1982-02-22,0.2150142937898636
1982-02-23,0.2150142937898636
1982-02-24,0.2125572711229324
1982-02-25,0.2199290990829467
1982-02-26,0.2150142937898636
1982-03-01,0.2199290990829467
1982-03-02,0.2174717783927917
1982-03-03,0.2150142937898636
1982-03-04,0.2125572711229324
1982-03-05,0.2051852345466613
1982-03-08,0.2100997865200042
1982-03-09,0.2199290990829467
1982-03-10,0.2211578041315078
1982-03-11,0.2260721772909164
1982-03-12,0.2211578041315078
1982-03-15,0.2211578041315078
1982-03-16,0.2199290990829467
1982-03-17,0.2150142937898636
1982-03-18,0.2150142937898636
1982-03-19,0.2125572711229324
1982-03-22,0.2150142937898636
1982-03-23,0.2051852345466613
1982-03-24,0.2100997865200042
1982-03-25,0.2051852345466613
1982-03-26,0.2051852345466613
1982-03-29,0.2100997865200042
1982-03-30,0.2051852345466613
1982-03-31,0.2051852345466613
1982-04-01,0.2125572711229324
1982-04-02,0.2211578041315078
1982-04-05,0.2211578041315078
1982-04-06,0.2211578041315078
1982-04-07,0.2236150801181793
1982-04-08,0.2334441393613815
1982-04-12,0.2285295277833938
1982-04-13,0.2174717783927917
1982-04-14,0.2174717783927917
1982-04-15,0.2211578041315078
1982-04-16,0.2199290990829467
1982-04-19,0.2211578041315078
1982-04-20,0.2211578041315078
1982-04-21,0.2211578041315078
1982-04-22,0.2260721772909164
1982-04-23,0.2236150801181793
1982-04-26,0.2211578041315078
1982-04-27,0.2199290990829467
1982-04-28,0.2199290990829467
1982-04-29,0.2211578041315078
1982-04-30,0.2211578041315078
1982-05-03,0.2240110337734222
1982-05-04,0.2190049737691879
1982-05-05,0.2190049737691879
1982-05-06,0.2165024280548095
1982-05-07,0.2215080857276916
1982-05-10,0.2215080857276916
1982-05-11,0.2190049737691879
1982-05-12,0.2165024280548095
1982-05-13,0.2165024280548095
1982-05-14,0.2139992862939834
1982-05-17,0.2089935541152954
1982-05-18,0.2014846354722976
1982-05-19,0.2039875388145446
1982-05-20,0.2014846354722976
1982-05-21,0.2014846354722976
1982-05-24,0.1952275335788726
1982-05-25,0.2014846354722976
1982-05-26,0.1927244365215301
1982-05-27,0.1902216225862503
1982-05-28,0.1927244365215301
1982-06-01,0.1927244365215301
1982-06-02,0.1927244365215301
1982-06-03,0.1927244365215301
1982-06-04,0.1927244365215301
1982-06-07,0.1902216225862503
1982-06-08,0.1852156519889831
1982-06-09,0.1802099794149398
1982-06-10,0.1802099794149398
1982-06-11,0.1777069568634033
1982-06-14,0.1777069568634033
1982-06-15,0.1802099794149398
1982-06-16,0.1877186894416809
1982-06-17,0.1852156519889831
1982-06-18,0.1877186894416809
1982-06-21,0.1902216225862503
1982-06-22,0.1877186894416809
1982-06-23,0.1877186894416809
1982-06-24,0.1902216225862503
1982-06-25,0.1964786946773529
1982-06-28,0.1964786946773529
1982-06-29,0.2014846354722976
1982-06-30,0.2014846354722976
1982-07-01,0.1877186894416809
1982-07-02,0.1902216225862503
1982-07-06,0.1902216225862503
1982-07-07,0.1852156519889831
1982-07-08,0.1852156519889831
1982-07-09,0.1852156519889831
1982-07-12,0.1852156519889831
1982-07-13,0.1802099794149398
1982-07-14,0.1752041578292846
1982-07-15,0.1802099794149398
1982-07-16,0.1827129870653152
1982-07-19,0.1827129870653152
1982-07-20,0.1802099794149398
1982-07-21,0.1827129870653152
1982-07-22,0.1827129870653152
1982-07-23,0.1827129870653152
1982-07-26,0.1827129870653152
1982-07-27,0.1827129870653152
1982-07-28,0.1802099794149398
1982-07-29,0.1827129870653152
1982-07-30,0.1802099794149398
1982-08-02,0.1920941919088363
1982-08-03,0.1972164660692215
1982-08-04,0.1997777819633484
1982-08-05,0.1972164660692215
1982-08-06,0.1972164660692215
1982-08-09,0.1972164660692215
1982-08-10,0.1972164660692215
1982-08-11,0.1972164660692215
1982-08-12,0.1920941919088363
1982-08-13,0.1972164660692215
1982-08-16,0.1972164660692215
1982-08-17,0.201058343052864
1982-08-18,0.2061809450387954
1982-08-19,0.201058343052864
1982-08-20,0.2036197632551193
1982-08-23,0.2138648331165313
1982-08-24,0.2138648331165313
1982-08-25,0.2189871668815612
1982-08-26,0.2189871668815612
1982-08-27,0.2189871668815612
1982-08-30,0.221548706293106
1982-08-31,0.221548706293106
1982-09-01,0.2113033533096313
1982-09-02,0.2113033533096313
1982-09-03,0.2138648331165313
1982-09-07,0.2113033533096313
1982-09-08,0.2061809450387954
1982-09-09,0.2061809450387954
1982-09-10,0.2113033533096313
1982-09-13,0.2241096198558807
1982-09-14,0.2292322814464569
1982-09-15,0.2381967008113861
1982-09-16,0.2305129021406173
1982-09-17,0.221548706293106
1982-09-20,0.2189871668815612
1982-09-21,0.2241096198558807
1982-09-22,0.2189871668815612
1982-09-23,0.2164258509874344
1982-09-24,0.2241096198558807
1982-09-27,0.2241096198558807
1982-09-28,0.221548706293106
1982-09-29,0.221548706293106
1982-09-30,0.2189871668815612
1982-10-01,0.2241096198558807
1982-10-04,0.2266710251569748
1982-10-05,0.2330741733312606
1982-10-06,0.2330741733312606
1982-10-07,0.2458802908658981
1982-10-08,0.2458802908658981
1982-10-11,0.2407580465078354
1982-10-12,0.2407580465078354
1982-10-13,0.2458802908658981
1982-10-14,0.2407580465078354
1982-10-15,0.2407580465078354
1982-10-18,0.2381967008113861
1982-10-19,0.2510028183460235
1982-10-20,0.2535640299320221
1982-10-21,0.2561254501342773
1982-10-22,0.2612479031085968
1982-10-25,0.2586866021156311
1982-10-26,0.2586866021156311
1982-10-27,0.2612479031085968
1982-10-28,0.2612479031085968
1982-10-29,0.2659409046173095
1982-11-01,0.2698520123958587
1982-11-02,0.2802809476852417
1982-11-03,0.2881029844284057
1982-11-04,0.2907100021839142
1982-11-05,0.2907100021839142
1982-11-08,0.293317437171936
1982-11-09,0.299835592508316
1982-11-10,0.293317437171936
1982-11-11,0.2972282469272613
1982-11-12,0.2959245443344116
1982-11-15,0.293317437171936
1982-11-16,0.2802809476852417
1982-11-17,0.2802809476852417
1982-11-18,0.2802809476852417
1982-11-19,0.2802809476852417
1982-11-22,0.2802809476852417
1982-11-23,0.2802809476852417
1982-11-24,0.2776737213134765
1982-11-26,0.2659409046173095
1982-11-29,0.2633336782455444
1982-11-30,0.267244428396225
1982-12-01,0.2724591195583343
1982-12-02,0.2633336782455444
1982-12-03,0.2607263922691345
1982-12-06,0.267244428396225
1982-12-07,0.267244428396225
1982-12-08,0.2607263922691345
1982-12-09,0.252904862165451
1982-12-10,0.2476901561021804
1982-12-13,0.2450829446315765
1982-12-14,0.2450829446315765
1982-12-15,0.2502975761890411
1982-12-16,0.2450829446315765
1982-12-17,0.2502975761890411
1982-12-20,0.2502975761890411
1982-12-21,0.252904862165451
1982-12-22,0.252904862165451
1982-12-23,0.252904862165451
1982-12-27,0.2555118799209595
1982-12-28,0.252904862165451
1982-12-29,0.2502975761890411
1982-12-30,0.252904862165451
1982-12-31,0.2581192553043365
1983-01-03,0.252904862165451
1983-01-04,0.2555118799209595
1983-01-05,0.2555118799209595
1983-01-06,0.267244428396225
1983-01-07,0.2698520123958587
1983-01-10,0.2659409046173095
1983-01-11,0.2659409046173095
1983-01-12,0.2724591195583343
1983-01-13,0.2750661373138428
1983-01-14,0.2724591195583343
1983-01-17,0.2724591195583343
1983-01-18,0.2659409046173095
1983-01-19,0.2581192553043365
1983-01-20,0.2607263922691345
1983-01-21,0.2581192553043365
1983-01-24,0.252904862165451
1983-01-25,0.2555118799209595
1983-01-26,0.2502975761890411
1983-01-27,0.252904862165451
1983-01-28,0.2502975761890411
1983-01-31,0.2577373385429382
1983-02-01,0.2550801336765289
1983-02-02,0.2550801336765289
1983-02-03,0.2550801336765289
1983-02-04,0.2497661858797073
1983-02-07,0.2550801336765289
1983-02-08,0.2497661858797073
1983-02-09,0.2471088320016861
1983-02-10,0.2497661858797073
1983-02-11,0.2550801336765289
1983-02-14,0.2497661858797073
1983-02-15,0.2550801336765289
1983-02-16,0.2550801336765289
1983-02-17,0.2497661858797073
1983-02-18,0.2524231076240539
1983-02-22,0.2497661858797073
1983-02-23,0.2524231076240539
1983-02-24,0.2550801336765289
1983-02-25,0.2550801336765289
1983-02-28,0.2417948246002197
1983-03-01,0.2417948246002197
1983-03-02,0.2550801336765289
1983-03-03,0.2603942453861236
1983-03-04,0.2657084465026855
1983-03-07,0.277665376663208
1983-03-08,0.277665376663208
1983-03-09,0.277665376663208
1983-03-10,0.2909509539604187
1983-03-11,0.2909509539604187
1983-03-14,0.2962648272514343
1983-03-15,0.293608158826828
1983-03-16,0.293608158826828
1983-03-17,0.2909509539604187
1983-03-18,0.2882936596870422
1983-03-21,0.2882936596870422
1983-03-22,0.2909509539604187
1983-03-23,0.2962648272514343
1983-03-24,0.3055648505687713
1983-03-25,0.3015792667865753
1983-03-28,0.3015792667865753
1983-03-29,0.2962648272514343
1983-03-30,0.2962648272514343
1983-03-31,0.3015792667865753
1983-04-04,0.293608158826828
1983-04-05,0.2909509539604187
1983-04-06,0.2909509539604187
1983-04-07,0.293608158826828
1983-04-08,0.293608158826828
1983-04-11,0.293608158826828
1983-04-12,0.3015792667865753
1983-04-13,0.3108789026737213
1983-04-14,0.3294787108898163
1983-04-15,0.32416433095932
1983-04-18,0.3135360777378082
1983-04-19,0.3135360777378082
1983-04-20,0.3215073645114898
1983-04-21,0.32416433095932
1983-04-22,0.3361212313175201
1983-04-25,0.3414355218410492
1983-04-26,0.3361212313175201
1983-04-27,0.3361212313175201
1983-04-28,0.3547209203243255
1983-04-29,0.3600347340106964
1983-05-02,0.3541106581687927
1983-05-03,0.3541106581687927
1983-05-04,0.3487250506877899
1983-05-05,0.3460320234298706
1983-05-06,0.3514178395271301
1983-05-09,0.339300274848938
1983-05-10,0.3487250506877899
1983-05-11,0.3594964444637298
1983-05-12,0.3702679276466369
1983-05-13,0.3716143369674682
1983-05-16,0.364882081747055
1983-05-17,0.3743073344230652
1983-05-18,0.377000093460083
1983-05-19,0.3702679276466369
1983-05-20,0.3675747811794281
1983-05-23,0.3716143369674682
1983-05-24,0.3743073344230652
1983-05-25,0.3743073344230652
1983-05-26,0.3796929717063904
1983-05-27,0.3850783109664917
1983-05-31,0.3850783109664917
1983-06-01,0.377000093460083
1983-06-02,0.3823857307434082
1983-06-03,0.3877712786197662
1983-06-06,0.3823857307434082
1983-06-07,0.3675747811794281
1983-06-08,0.3675747811794281
1983-06-09,0.3702679276466369
1983-06-10,0.3743073344230652
1983-06-13,0.3743073344230652
1983-06-14,0.3743073344230652
1983-06-15,0.377000093460083
1983-06-16,0.3823857307434082
1983-06-17,0.377000093460083
1983-06-20,0.3743073344230652
1983-06-21,0.3743073344230652
1983-06-22,0.377000093460083
1983-06-23,0.3796929717063904
1983-06-24,0.3877712786197662
1983-06-27,0.3823857307434082
1983-06-28,0.3796929717063904
1983-06-29,0.3743073344230652
1983-06-30,0.3796929717063904
1983-07-01,0.377000093460083
1983-07-05,0.3716143369674682
1983-07-06,0.3716143369674682
1983-07-07,0.3823857307434082
1983-07-08,0.377000093460083
1983-07-11,0.3850783109664917
1983-07-12,0.377000093460083
1983-07-13,0.3743073344230652
1983-07-14,0.377000093460083
1983-07-15,0.3743073344230652
1983-07-18,0.3743073344230652
1983-07-19,0.3743073344230652
1983-07-20,0.3743073344230652
1983-07-21,0.3716143369674682
1983-07-22,0.3743073344230652
1983-07-25,0.3716143369674682
1983-07-26,0.3743073344230652
1983-07-27,0.3743073344230652
1983-07-28,0.3743073344230652
1983-07-29,0.3743073344230652
1983-08-01,0.3792180716991424
1983-08-02,0.3819459676742553
1983-08-03,0.38740274310112
1983-08-04,0.3846742510795593
1983-08-05,0.3928587436676025
1983-08-08,0.3901306390762329
1983-08-09,0.38740274310112
1983-08-10,0.38740274310112
1983-08-11,0.3819459676742553
1983-08-12,0.3792180716991424
1983-08-15,0.38740274310112
1983-08-16,0.3955869376659393
1983-08-17,0.4160487353801727
1983-08-18,0.4160487353801727
1983-08-19,0.4187768399715423
1983-08-22,0.4187768399715423
1983-08-23,0.4160487353801727
1983-08-24,0.4092281758785248
1983-08-25,0.4105918407440185
1983-08-26,0.4105918407440185
1983-08-29,0.406499832868576
1983-08-30,0.406499832868576
1983-08-31,0.406499832868576
1983-09-01,0.3955869376659393
1983-09-02,0.3928587436676025
1983-09-06,0.3955869376659393
1983-09-07,0.4010434448719024
1983-09-08,0.4010434448719024
1983-09-09,0.3928587436676025
1983-09-12,0.4010434448719024
1983-09-13,0.406499832868576
1983-09-14,0.3983152210712433
1983-09-15,0.3955869376659393
1983-09-16,0.3955869376659393
1983-09-19,0.3955869376659393
1983-09-20,0.4010434448719024
1983-09-21,0.3955869376659393
1983-09-22,0.3983152210712433
1983-09-23,0.3928587436676025
1983-09-26,0.3955869376659393
1983-09-27,0.3955869376659393
1983-09-28,0.4010434448719024
1983-09-29,0.3901306390762329
1983-09-30,0.3955869376659393
1983-10-03,0.3928587436676025
1983-10-04,0.3928587436676025
1983-10-05,0.3928587436676025
1983-10-06,0.3955869376659393
1983-10-07,0.3928587436676025
1983-10-10,0.3928587436676025
1983-10-11,0.4010434448719024
1983-10-12,0.4037716388702392
1983-10-13,0.4037716388702392
1983-10-14,0.4092281758785248
1983-10-17,0.4092281758785248
1983-10-18,0.4037716388702392
1983-10-19,0.4037716388702392
1983-10-20,0.3955869376659393
1983-10-21,0.3955869376659393
1983-10-24,0.3764896690845489
1983-10-25,0.3792180716991424
1983-10-26,0.3751258254051208
1983-10-27,0.3751258254051208
1983-10-28,0.3669413328170776
1983-10-31,0.3663879334926605
1983-11-01,0.3553273677825928
1983-11-02,0.3525620102882385
1983-11-03,0.3525620102882385
1983-11-04,0.3525620102882385
1983-11-07,0.3553273677825928
1983-11-08,0.3580923974514007
1983-11-09,0.3636229932308197
1983-11-10,0.3719185888767242
1983-11-11,0.374683678150177
1983-11-14,0.3774488568305969
1983-11-15,0.3774488568305969
1983-11-16,0.3815964460372925
1983-11-17,0.3898921906948089
1983-11-18,0.3926575481891632
1983-11-21,0.3871269226074219
1983-11-22,0.3926575481891632
1983-11-23,0.3871269226074219
1983-11-25,0.3871269226074219
1983-11-28,0.3898921906948089
1983-11-29,0.3926575481891632
1983-11-30,0.3843619227409363
1983-12-01,0.3871269226074219
1983-12-02,0.3802140653133392
1983-12-05,0.3774488568305969
1983-12-06,0.3691532015800476
1983-12-07,0.3691532015800476
1983-12-08,0.3691532015800476
1983-12-09,0.3663879334926605
1983-12-12,0.3691532015800476
1983-12-13,0.3636229932308197
1983-12-14,0.3497968018054962
1983-12-15,0.3497968018054962
1983-12-16,0.3428840041160583
1983-12-19,0.3428840041160583
1983-12-20,0.3525620102882385
1983-12-21,0.3553273677825928
1983-12-22,0.3553273677825928
1983-12-23,0.3636229932308197
1983-12-27,0.3691532015800476
1983-12-28,0.3719185888767242
1983-12-29,0.3719185888767242
1983-12-30,0.3719185888767242
1984-01-03,0.3636229932308197
1984-01-04,0.3636229932308197
1984-01-05,0.3691532015800476
1984-01-06,0.3663879334926605
1984-01-09,0.3636229932308197
1984-01-10,0.3636229932308197
1984-01-11,0.3553273677825928
1984-01-12,0.3553273677825928
1984-01-13,0.3553273677825928
1984-01-16,0.3553273677825928
1984-01-17,0.3553273677825928
1984-01-18,0.3497968018054962
1984-01-19,0.3525620102882385
1984-01-20,0.3497968018054962
1984-01-23,0.3497968018054962
1984-01-24,0.3525620102882385
1984-01-25,0.3553273677825928
1984-01-26,0.3525620102882385
1984-01-27,0.3497968018054962
1984-01-30,0.3506383299827575
1984-01-31,0.3506383299827575
1984-02-01,0.3548460304737091
1984-02-02,0.3534435927867889
1984-02-03,0.3534435927867889
1984-02-06,0.3534435927867889
1984-02-07,0.3604562282562256
1984-02-08,0.3548460304737091
1984-02-09,0.3548460304737091
1984-02-10,0.3548460304737091
1984-02-13,0.3534435927867889
1984-02-14,0.3604562282562256
1984-02-15,0.3604562282562256
1984-02-16,0.3604562282562256
1984-02-17,0.3632613718509674
1984-02-21,0.3534435927867889
1984-02-22,0.3450281322002411
1984-02-23,0.3366128504276275
1984-02-24,0.3394180238246918
1984-02-27,0.3394180238246918
1984-02-28,0.331002414226532
1984-02-29,0.3366128504276275
1984-03-01,0.3422229588031769
1984-03-02,0.3394180238246918
1984-03-05,0.3366128504276275
1984-03-06,0.3422229588031769
1984-03-07,0.3394180238246918
1984-03-08,0.3422229588031769
1984-03-09,0.3394180238246918
1984-03-12,0.3366128504276275
1984-03-13,0.3450281322002411
1984-03-14,0.3450281322002411
1984-03-15,0.3506383299827575
1984-03-16,0.3604562282562256
1984-03-19,0.3506383299827575
1984-03-20,0.3604562282562256
1984-03-21,0.3604562282562256
1984-03-22,0.3604562282562256
1984-03-23,0.3604562282562256
1984-03-26,0.3632613718509674
1984-03-27,0.3604562282562256
1984-03-28,0.3576512038707733
1984-03-29,0.3478333950042724
1984-03-30,0.3506383299827575
1984-04-02,0.3478333950042724
1984-04-03,0.3394180238246918
1984-04-04,0.3394180238246918
1984-04-05,0.331002414226532
1984-04-06,0.325392335653305
1984-04-09,0.331002414226532
1984-04-10,0.325392335653305
1984-04-11,0.331002414226532
1984-04-12,0.331002414226532
1984-04-13,0.331002414226532
1984-04-16,0.331002414226532
1984-04-17,0.3366128504276275
1984-04-18,0.331002414226532
1984-04-19,0.3281974792480469
1984-04-23,0.3281974792480469
1984-04-24,0.325392335653305
1984-04-25,0.3225876688957214
1984-04-26,0.3281974792480469
1984-04-27,0.325392335653305
1984-04-30,0.3205485343933105
1984-05-01,0.3205485343933105
1984-05-02,0.3333706557750702
1984-05-03,0.3305211365222931
1984-05-04,0.3305211365222931
1984-05-07,0.3333706557750702
1984-05-08,0.3305211365222931
1984-05-09,0.3419187068939209
1984-05-10,0.3504665791988373
1984-05-11,0.3419187068939209
1984-05-14,0.3362197577953338
1984-05-15,0.3362197577953338
1984-05-16,0.3233981430530548
1984-05-17,0.3233981430530548
1984-05-18,0.3205485343933105
1984-05-21,0.3233981430530548
1984-05-22,0.3248225748538971
1984-05-23,0.3233981430530548
1984-05-24,0.3063022196292877
1984-05-25,0.3148500621318817
1984-05-29,0.3091513812541961
1984-05-30,0.3205485343933105
1984-05-31,0.3120005428791046
1984-06-01,0.300603300333023
1984-06-04,0.3034526407718658
1984-06-05,0.2977541387081146
1984-06-06,0.2920551896095276
1984-06-07,0.2920551896095276
1984-06-08,0.2977541387081146
1984-06-11,0.2977541387081146
1984-06-12,0.2977541387081146
1984-06-13,0.2977541387081146
1984-06-14,0.2920551896095276
1984-06-15,0.2820827662944793
1984-06-18,0.2877814471721649
1984-06-19,0.2920551896095276
1984-06-20,0.300603300333023
1984-06-21,0.3034526407718658
1984-06-22,0.3148500621318817
1984-06-25,0.3148500621318817
1984-06-26,0.3120005428791046
1984-06-27,0.3063022196292877
1984-06-28,0.2977541387081146
1984-06-29,0.2877814471721649
1984-07-02,0.2792333662509918
1984-07-03,0.2877814471721649
1984-07-05,0.2820827662944793
1984-07-06,0.2792333662509918
1984-07-09,0.2735347747802734
1984-07-10,0.2763840854167938
1984-07-11,0.270685464143753
1984-07-12,0.2678362131118774
1984-07-13,0.2792333662509918
1984-07-16,0.2849323153495788
1984-07-17,0.2849323153495788
1984-07-18,0.2877814471721649
1984-07-19,0.2792333662509918
1984-07-20,0.2820827662944793
1984-07-23,0.2792333662509918
1984-07-24,0.2678362131118774
1984-07-25,0.270685464143753
1984-07-26,0.2763840854167938
1984-07-27,0.2763840854167938
1984-07-30,0.2735347747802734
1984-07-31,0.2735347747802734
1984-08-01,0.2678362131118774
1984-08-02,0.2849323153495788
1984-08-03,0.2849323153495788
1984-08-06,0.2901549637317657
1984-08-07,0.3032119274139404
1984-08-08,0.3032119274139404
1984-08-09,0.3148181736469269
1984-08-10,0.3336782157421112
1984-08-13,0.3264241218566894
1984-08-14,0.3264241218566894
1984-08-15,0.3235226273536682
1984-08-16,0.3293258845806122
1984-08-17,0.3307766318321228
1984-08-20,0.3264241218566894
1984-08-21,0.3235226273536682
1984-08-22,0.3264241218566894
1984-08-23,0.3264241218566894
1984-08-24,0.3293258845806122
1984-08-27,0.3235226273536682
1984-08-28,0.3235226273536682
1984-08-29,0.3264241218566894
1984-08-30,0.3119167685508728
1984-08-31,0.3061133623123169
1984-09-04,0.3061133623123169
1984-09-05,0.3061133623123169
1984-09-06,0.3003102540969848
1984-09-07,0.2872532308101654
1984-09-10,0.2901549637317657
1984-09-11,0.2974086105823517
1984-09-12,0.3032119274139404
1984-09-13,0.3061133623123169
1984-09-14,0.3235226273536682
1984-09-17,0.3293258845806122
1984-09-18,0.3293258845806122
1984-09-19,0.3264241218566894
1984-09-20,0.3264241218566894
1984-09-21,0.3119167685508728
1984-09-24,0.3119167685508728
1984-09-25,0.3032119274139404
1984-09-26,0.3119167685508728
1984-09-27,0.317719429731369
1984-09-28,0.317719429731369
1984-10-01,0.3206211924552917
1984-10-02,0.3206211924552917
1984-10-03,0.317719429731369
1984-10-04,0.3206211924552917
1984-10-05,0.3206211924552917
1984-10-08,0.3206211924552917
1984-10-09,0.3119167685508728
1984-10-10,0.3061133623123169
1984-10-11,0.3119167685508728
1984-10-12,0.3061133623123169
1984-10-15,0.2974086105823517
1984-10-16,0.3032119274139404
1984-10-17,0.2974086105823517
1984-10-18,0.3032119274139404
1984-10-19,0.3061133623123169
1984-10-22,0.3061133623123169
1984-10-23,0.2785487473011017
1984-10-24,0.2611394822597503
1984-10-25,0.264041006565094
1984-10-26,0.264041006565094
1984-10-29,0.2756470739841461
1984-10-30,0.2814501523971557
1984-10-31,0.2814501523971557
1984-11-01,0.2829008400440216
1984-11-02,0.2852659225463867
1984-11-05,0.2926561236381531
1984-11-06,0.2985684275627136
1984-11-07,0.2941341698169708
1984-11-08,0.291178286075592
1984-11-09,0.2897000312805176
1984-11-12,0.2926561236381531
1984-11-13,0.288221925497055
1984-11-14,0.2867439389228821
1984-11-15,0.2837878763675689
1984-11-16,0.2837878763675689
1984-11-19,0.288221925497055
1984-11-20,0.282309889793396
1984-11-21,0.282309889793396
1984-11-23,0.2867439389228821
1984-11-26,0.2808317244052887
1984-11-27,0.2793535888195038
1984-11-28,0.2690074145793915
1984-11-29,0.2734413743019104
1984-11-30,0.2719632983207702
1984-12-03,0.2719632983207702
1984-12-04,0.2645732462406158
1984-12-05,0.2630947828292846
1984-12-06,0.2616168856620788
1984-12-07,0.2630947828292846
1984-12-10,0.2616168856620788
1984-12-11,0.2645732462406158
1984-12-12,0.2690074145793915
1984-12-13,0.2734413743019104
1984-12-14,0.2704852521419525
1984-12-17,0.2704852521419525
1984-12-18,0.2793535888195038
1984-12-19,0.2837878763675689
1984-12-20,0.2897000312805176
1984-12-21,0.2778757810592651
1984-12-24,0.2749193608760834
1984-12-26,0.2719632983207702
1984-12-27,0.2690074145793915
1984-12-28,0.2704852521419525
1984-12-31,0.2719632983207702
1985-01-02,0.2719632983207702
1985-01-03,0.2837878763675689
1985-01-04,0.2734413743019104
1985-01-07,0.2778757810592651
1985-01-08,0.2763975262641907
1985-01-09,0.2837878763675689
1985-01-10,0.282309889793396
1985-01-11,0.2837878763675689
1985-01-14,0.2837878763675689
1985-01-15,0.291178286075592
1985-01-16,0.2941341698169708
1985-01-17,0.2897000312805176
1985-01-18,0.2926561236381531
1985-01-21,0.2941341698169708
1985-01-22,0.2897000312805176
1985-01-23,0.3044808208942413
1985-01-24,0.2941341698169708
1985-01-25,0.2970902621746063
1985-01-28,0.3025084435939789
1985-01-29,0.3085284233093261
1985-01-30,0.3175584673881531
1985-01-31,0.3160536289215088
1985-02-01,0.3190636038780212
1985-02-04,0.3235789537429809
1985-02-05,0.3265887498855591
1985-02-06,0.3160536289215088
1985-02-07,0.3235789537429809
1985-02-08,0.3205686211585998
1985-02-11,0.3190636038780212
1985-02-12,0.3205686211585998
1985-02-13,0.3205686211585998
1985-02-14,0.3220736384391784
1985-02-15,0.3190636038780212
1985-02-19,0.3220736384391784
1985-02-20,0.3190636038780212
1985-02-21,0.3205686211585998
1985-02-22,0.3190636038780212
1985-02-25,0.3190636038780212
1985-02-26,0.3175584673881531
1985-02-27,0.3085284233093261
1985-02-28,0.3130436539649963
1985-03-01,0.3115386664867401
1985-03-04,0.3100337386131286
1985-03-05,0.3085284233093261
1985-03-06,0.305518627166748
1985-03-07,0.3100337386131286
1985-03-08,0.3130436539649963
1985-03-11,0.3085284233093261
1985-03-12,0.3070234358310699
1985-03-13,0.3115386664867401
1985-03-14,0.3115386664867401
1985-03-15,0.3070234358310699
1985-03-18,0.3070234358310699
1985-03-19,0.3100337386131286
1985-03-20,0.3100337386131286
1985-03-21,0.3070234358310699
1985-03-22,0.2979934215545654
1985-03-25,0.3010035157203674
1985-03-26,0.3115386664867401
1985-03-27,0.3205686211585998
1985-03-28,0.3145486414432525
1985-03-29,0.3175584673881531
1985-04-01,0.3175584673881531
1985-04-02,0.3160536289215088
1985-04-03,0.3205686211585998
1985-04-04,0.3190636038780212
1985-04-08,0.3130436539649963
1985-04-09,0.3115386664867401
1985-04-10,0.3190636038780212
1985-04-11,0.3250840306282043
1985-04-12,0.3280938863754272
1985-04-15,0.3326089680194855
1985-04-16,0.3250840306282043
1985-04-17,0.3265887498855591
1985-04-18,0.3250840306282043
1985-04-19,0.3175584673881531
1985-04-22,0.3190636038780212
1985-04-23,0.3205686211585998
1985-04-24,0.3205686211585998
1985-04-25,0.3190636038780212
1985-04-26,0.3175584673881531
1985-04-29,0.3115386664867401
1985-04-30,0.3100337386131286
1985-05-01,0.305518627166748
1985-05-02,0.3070234358310699
1985-05-03,0.3070234358310699
1985-05-06,0.3094746768474579
1985-05-07,0.3064108192920685
1985-05-08,0.3094746768474579
1985-05-09,0.3094746768474579
1985-05-10,0.3079426288604736
1985-05-13,0.3125388026237488
1985-05-14,0.3125388026237488
1985-05-15,0.3171351850032806
1985-05-16,0.3156031966209411
1985-05-17,0.3232631087303161
1985-05-20,0.3278594017028808
1985-05-21,0.3263273537158966
1985-05-22,0.3201992511749267
1985-05-23,0.3156031966209411
1985-05-24,0.3156031966209411
1985-05-28,0.3156031966209411
1985-05-29,0.3156031966209411
1985-05-30,0.3171351850032806
1985-05-31,0.3156031966209411
1985-06-03,0.3156031966209411
1985-06-04,0.3171351850032806
1985-06-05,0.3186671435832977
1985-06-06,0.3171351850032806
1985-06-07,0.314070850610733
1985-06-10,0.3186671435832977
1985-06-11,0.3263273537158966
1985-06-12,0.3263273537158966
1985-06-13,0.3247954249382019
1985-06-14,0.3293917179107666
1985-06-17,0.3263273537158966
1985-06-18,0.3263273537158966
1985-06-19,0.3293917179107666
1985-06-20,0.3309237957000732
1985-06-21,0.3339877128601074
1985-06-24,0.3309237957000732
1985-06-25,0.3324557244777679
1985-06-26,0.3309237957000732
1985-06-27,0.3309237957000732
1985-06-28,0.3339877128601074
1985-07-01,0.3309237957000732
1985-07-02,0.3355198502540588
1985-07-03,0.3416477143764496
1985-07-05,0.3416477143764496
1985-07-08,0.340115875005722
1985-07-09,0.3339877128601074
1985-07-10,0.3370517194271087
1985-07-11,0.3385840356349945
1985-07-12,0.3431800901889801
1985-07-15,0.3477761149406433
1985-07-16,0.3462438583374023
1985-07-17,0.3370517194271087
1985-07-18,0.3431800901889801
1985-07-19,0.3477761149406433
1985-07-22,0.3447118997573852
1985-07-23,0.3462438583374023
1985-07-24,0.3477761149406433
1985-07-25,0.3477761149406433
1985-07-26,0.340115875005722
1985-07-29,0.340115875005722
1985-07-30,0.3431800901889801
1985-07-31,0.3462438583374023
1985-08-01,0.3493081331253052
1985-08-02,0.3523724377155304
1985-08-05,0.3533062934875488
1985-08-06,0.3470804989337921
1985-08-07,0.342411071062088
1985-08-08,0.3439678251743316
1985-08-09,0.3439678251743316
1985-08-12,0.3439678251743316
1985-08-13,0.342411071062088
1985-08-14,0.3439678251743316
1985-08-15,0.3470804989337921
1985-08-16,0.3392983973026275
1985-08-19,0.3268470764160156
1985-08-20,0.3299601972103119
1985-08-21,0.3268470764160156
1985-08-22,0.3252909779548645
1985-08-23,0.3221778869628906
1985-08-26,0.3221778869628906
1985-08-27,0.3206216692924499
1985-08-28,0.3190650045871734
1985-08-29,0.3221778869628906
1985-08-30,0.3112829923629761
1985-09-03,0.3190650045871734
1985-09-04,0.3175086081027984
1985-09-05,0.3143958747386932
1985-09-06,0.3175086081027984
1985-09-09,0.3081700801849365
1985-09-10,0.3081700801849365
1985-09-11,0.2988315224647522
1985-09-12,0.2972753345966339
1985-09-13,0.2972753345966339
1985-09-16,0.3019444942474365
1985-09-17,0.3050569891929626
1985-09-18,0.2972753345966339
1985-09-19,0.2988315224647522
1985-09-20,0.2988315224647522
1985-09-23,0.3019444942474365
1985-09-24,0.3003879189491272
1985-09-25,0.2972753345966339
1985-09-26,0.2988315224647522
1985-09-30,0.3003879189491272
1985-10-01,0.2941625118255615
1985-10-02,0.3019444942474365
1985-10-03,0.3019444942474365
1985-10-04,0.3003879189491272
1985-10-07,0.3019444942474365
1985-10-08,0.3003879189491272
1985-10-09,0.2926061451435089
1985-10-10,0.2926061451435089
1985-10-11,0.2848237752914428
1985-10-14,0.2910494804382324
1985-10-15,0.2926061451435089
1985-10-16,0.2972753345966339
1985-10-17,0.3019444942474365
1985-10-18,0.3159523010253906
1985-10-21,0.3112829923629761
1985-10-22,0.30972620844841
1985-10-23,0.3050569891929626
1985-10-24,0.2972753345966339
1985-10-25,0.3019444942474365
1985-10-28,0.3003879189491272
1985-10-29,0.2988315224647522
1985-10-30,0.30972620844841
1985-10-31,0.3112829923629761
1985-11-01,0.3019444942474365
1985-11-04,0.3124110698699951
1985-11-05,0.3203403949737549
1985-11-06,0.3298551440238952
1985-11-07,0.3314413726329803
1985-11-08,0.3330269455909729
1985-11-11,0.3377843201160431
1985-11-12,0.3425422310829162
1985-11-13,0.3425422310829162
1985-11-14,0.3409562706947326
1985-11-15,0.3409562706947326
1985-11-18,0.3330269455909729
1985-11-19,0.3377843201160431
1985-11-20,0.3441277742385864
1985-11-21,0.355228841304779
1985-11-22,0.3536429703235626
1985-11-25,0.3520569801330566
1985-11-26,0.3568146228790283
1985-11-27,0.355228841304779
1985-11-29,0.3520569801330566
1985-12-02,0.3472995460033417
1985-12-03,0.3520569801330566
1985-12-04,0.355228841304779
1985-12-05,0.3568146228790283
1985-12-06,0.3568146228790283
1985-12-09,0.3615722060203552
1985-12-10,0.3615722060203552
1985-12-11,0.3599864244461059
1985-12-12,0.3615722060203552
1985-12-13,0.3806023597717285
1985-12-16,0.3869456648826599
1985-12-17,0.3821882605552673
1985-12-18,0.3837742209434509
1985-12-19,0.3837742209434509
1985-12-20,0.3869456648826599
1985-12-23,0.3869456648826599
1985-12-24,0.3869456648826599
1985-12-26,0.3869456648826599
1985-12-27,0.3932890892028808
1985-12-30,0.3932890892028808
1985-12-31,0.3964605033397674
1986-01-02,0.3980465829372406
1986-01-03,0.4028043150901794
1986-01-06,0.4059756100177765
1986-01-07,0.409147560596466
1986-01-08,0.4059756100177765
1986-01-09,0.3996325135231018
1986-01-10,0.3980465829372406
1986-01-13,0.3964605033397674
1986-01-14,0.3790167272090912
1986-01-15,0.3806023597717285
1986-01-16,0.3742588758468628
1986-01-17,0.3695015907287597
1986-01-20,0.3726727962493896
1986-01-21,0.3663296401500702
1986-01-22,0.3599864244461059
1986-01-23,0.3615722060203552
1986-01-24,0.3742588758468628
1986-01-27,0.3774304687976837
1986-01-28,0.3806023597717285
1986-01-29,0.3853597342967987
1986-01-30,0.3790167272090912
1986-01-31,0.3885316848754883
1986-02-03,0.3911066949367523
1986-02-04,0.3846689164638519
1986-02-05,0.3862784504890442
1986-02-06,0.3846689164638519
1986-02-07,0.3814498484134674
1986-02-10,0.3830589950084686
1986-02-11,0.3894972205162048
1986-02-12,0.3878876566886902
1986-02-13,0.4023729562759399
1986-02-14,0.4104204177856445
1986-02-18,0.4152491390705108
1986-02-19,0.4216869175434112
1986-02-20,0.4313438534736633
1986-02-21,0.4265156388282776
1986-02-24,0.4249059557914734
1986-02-25,0.4265156388282776
1986-02-26,0.4152491390705108
1986-02-27,0.4265156388282776
1986-02-28,0.4184680581092834
1986-03-03,0.4297344088554382
1986-03-04,0.4393913149833679
1986-03-05,0.4265156388282776
1986-03-06,0.4393913149833679
1986-03-07,0.4393913149833679
1986-03-10,0.453876793384552
1986-03-11,0.4731907248497009
1986-03-12,0.4828476011753082
1986-03-13,0.4844571948051452
1986-03-14,0.4780189990997314
1986-03-17,0.4635336101055145
1986-03-18,0.4748000502586365
1986-03-19,0.4715811908245086
1986-03-20,0.4731907248497009
1986-03-21,0.4699715971946716
1986-03-24,0.4667530357837677
1986-03-25,0.460314929485321
1986-03-26,0.4651433229446411
1986-03-27,0.4683622419834137
1986-03-31,0.4748000502586365
1986-04-01,0.4699715971946716
1986-04-02,0.4683622419834137
1986-04-03,0.4699715971946716
1986-04-04,0.4699715971946716
1986-04-07,0.4699715971946716
1986-04-08,0.4731907248497009
1986-04-09,0.460314929485321
1986-04-10,0.4651433229446411
1986-04-11,0.4748000502586365
1986-04-14,0.4731907248497009
1986-04-15,0.4699715971946716
1986-04-16,0.4699715971946716
1986-04-17,0.4796284735202789
1986-04-18,0.4780189990997314
1986-04-21,0.4828476011753082
1986-04-22,0.487676203250885
1986-04-23,0.4925049543380737
1986-04-24,0.4908953905105591
1986-04-25,0.4892855882644653
1986-04-28,0.487676203250885
1986-04-29,0.4828476011753082
1986-04-30,0.4844571948051452
1986-05-01,0.4780189990997314
1986-05-02,0.4651433229446411
1986-05-05,0.4628616571426391
1986-05-06,0.4563423693180084
1986-05-07,0.4563423693180084
1986-05-08,0.4498231112957001
1986-05-09,0.4514529407024383
1986-05-12,0.4530830979347229
1986-05-13,0.4547124207019806
1986-05-14,0.4596021175384521
1986-05-15,0.4563423693180084
1986-05-16,0.4563423693180084
1986-05-19,0.4661213159561157
1986-05-20,0.4824193120002746
1986-05-21,0.4726404249668121
1986-05-22,0.4824193120002746
1986-05-23,0.4921979904174804
1986-05-27,0.4987170696258545
1986-05-28,0.5084956288337708
1986-05-29,0.5084956288337708
1986-05-30,0.4921979904174804
1986-06-02,0.4889380633831024
1986-06-03,0.4921979904174804
1986-06-04,0.4791596233844757
1986-06-05,0.4856783747673034
1986-06-06,0.4921979904174804
1986-06-09,0.4856783747673034
1986-06-10,0.4759000539779663
1986-06-11,0.4775296747684479
1986-06-12,0.4759000539779663
1986-06-13,0.4775296747684479
1986-06-16,0.4889380633831024
1986-06-17,0.4726404249668121
1986-06-18,0.4824193120002746
1986-06-19,0.4726404249668121
1986-06-20,0.4759000539779663
1986-06-23,0.4791596233844757
1986-06-24,0.4791596233844757
1986-06-25,0.4791596233844757
1986-06-26,0.4807889759540558
1986-06-27,0.4889380633831024
1986-06-30,0.4905682504177093
1986-07-01,0.5215342044830322
1986-07-02,0.5199043154716492
1986-07-03,0.5150147080421448
1986-07-07,0.5052364468574524
1986-07-08,0.4970874488353729
1986-07-09,0.4970874488353729
1986-07-10,0.5019769072532654
1986-07-11,0.5101258754730225
1986-07-14,0.5019769072532654
1986-07-15,0.4856783747673034
1986-07-16,0.4840487539768219
1986-07-17,0.4970874488353729
1986-07-18,0.4954575300216675
1986-07-21,0.5036067366600037
1986-07-22,0.5068657398223877
1986-07-23,0.4921979904174804
1986-07-24,0.4970874488353729
1986-07-25,0.5068657398223877
1986-07-28,0.5019769072532654
1986-07-29,0.5036067366600037
1986-07-30,0.4987170696258545
1986-07-31,0.500346839427948
1986-08-01,0.4987170696258545
1986-08-04,0.501355767250061
1986-08-05,0.501355767250061
1986-08-06,0.5030053853988647
1986-08-07,0.5046542882919312
1986-08-08,0.501355767250061
1986-08-11,0.499706506729126
1986-08-12,0.4964081645011902
1986-08-13,0.5112512111663818
1986-08-14,0.5211458206176758
1986-08-15,0.5211458206176758
1986-08-18,0.5145493149757385
1986-08-19,0.5063033699989319
1986-08-20,0.5079530477523804
1986-08-21,0.5096017718315125
1986-08-22,0.5277431011199951
1986-08-25,0.526093602180481
1986-08-26,0.5293923616409302
1986-08-27,0.5293923616409302
1986-08-28,0.5277431011199951
1986-08-29,0.5211458206176758
1986-09-02,0.5178481340408325
1986-09-03,0.5244447588920593
1986-09-04,0.5425857901573181
1986-09-05,0.5343394875526428
1986-09-08,0.526093602180481
1986-09-09,0.5244447588920593
1986-09-10,0.5178481340408325
1986-09-11,0.4716701805591583
1986-09-12,0.455178290605545
1986-09-15,0.4617750644683838
1986-09-16,0.4617750644683838
1986-09-17,0.4667224287986755
1986-09-18,0.4667224287986755
1986-09-19,0.4881625473499298
1986-09-22,0.4914604127407074
1986-09-23,0.4881625473499298
1986-09-24,0.4881625473499298
1986-09-25,0.4832146167755127
1986-09-26,0.4832146167755127
1986-09-29,0.4815655052661896
1986-09-30,0.4815655052661896
1986-10-01,0.4782673120498657
1986-10-02,0.4667224287986755
1986-10-03,0.47002112865448
1986-10-06,0.4634245336055755
1986-10-07,0.4584770500659942
1986-10-08,0.4535291790962219
1986-10-09,0.4617750644683838
1986-10-10,0.4584770500659942
1986-10-13,0.4601257145404815
1986-10-14,0.4535291790962219
1986-10-15,0.4584770500659942
1986-10-16,0.4683719873428345
1986-10-17,0.4650735259056091
1986-10-20,0.4518796503543854
1986-10-21,0.4584770500659942
1986-10-22,0.455178290605545
1986-10-23,0.4617750644683838
1986-10-24,0.47002112865448
1986-10-27,0.4650735259056091
1986-10-28,0.4766178429126739
1986-10-29,0.4848640263080597
1986-10-30,0.4832146167755127
1986-10-31,0.4832146167755127
1986-11-03,0.487555593252182
1986-11-04,0.4992438554763794
1986-11-05,0.5009136199951172
1986-11-06,0.5009136199951172
1986-11-07,0.5075922012329102
1986-11-10,0.5075922012329102
1986-11-11,0.5075922012329102
1986-11-12,0.5209499597549438
1986-11-13,0.5042533874511719
1986-11-14,0.5059223771095276
1986-11-17,0.5075922012329102
1986-11-18,0.4808768332004547
1986-11-19,0.4808768332004547
1986-11-20,0.4959043562412262
1986-11-21,0.5176107287406921
1986-11-24,0.5142715573310852
1986-11-25,0.5242894887924194
1986-11-26,0.5142715573310852
1986-11-28,0.5192801356315613
1986-12-01,0.5209499597549438
1986-12-02,0.5276287198066711
1986-12-03,0.5343078374862671
1986-12-04,0.5309684872627258
1986-12-05,0.5276287198066711
1986-12-08,0.5292986035346985
1986-12-09,0.5192801356315613
1986-12-10,0.5209499597549438
1986-12-11,0.5109320878982544
1986-12-12,0.512601375579834
1986-12-15,0.5259590744972229
1986-12-16,0.5343078374862671
1986-12-17,0.5142715573310852
1986-12-18,0.5142715573310852
1986-12-19,0.5176107287406921
1986-12-22,0.5292986035346985
1986-12-23,0.5059223771095276
1986-12-24,0.5142715573310852
1986-12-26,0.5109320878982544
1986-12-29,0.5009136199951172
1986-12-30,0.4942348897457123
1986-12-31,0.4858860075473785
1987-01-02,0.4908954501152038
1987-01-05,0.512601375579834
1987-01-06,0.497573971748352
1987-01-07,0.512601375579834
1987-01-08,0.5276287198066711
1987-01-09,0.532637894153595
1987-01-12,0.5443260073661804
1987-01-13,0.5393168330192566
1987-01-14,0.5543444156646729
1987-01-15,0.5710413455963135
1987-01-16,0.5560141801834106
1987-01-19,0.551004946231842
1987-01-20,0.551004946231842
1987-01-21,0.5409864783287048
1987-01-22,0.5443260073661804
1987-01-23,0.5242894887924194
1987-01-26,0.5343078374862671
1987-01-27,0.5526744723320007
1987-01-28,0.5560141801834106
1987-01-29,0.5560141801834106
1987-01-30,0.5576839447021484
1987-02-02,0.5468809604644775
1987-02-03,0.5485686659812927
1987-02-04,0.5570085048675537
1987-02-05,0.5536324977874756
1987-02-06,0.5536324977874756
1987-02-09,0.5418176651000977
1987-02-10,0.5401293635368347
1987-02-11,0.5502569079399109
1987-02-12,0.5384413599967957
1987-02-13,0.5435054302215576
1987-02-17,0.551945149898529
1987-02-18,0.5485686659812927
1987-02-19,0.5620725154876709
1987-02-20,0.5705121755599976
1987-02-23,0.5705121755599976
1987-02-24,0.5705121755599976
1987-02-25,0.5671360492706299
1987-02-26,0.5570085048675537
1987-02-27,0.5468809604644775
1987-03-02,0.5637603998184204
1987-03-03,0.5620725154876709
1987-03-04,0.5637603998184204
1987-03-05,0.5620725154876709
1987-03-06,0.5637603998184204
1987-03-09,0.5570085048675537
1987-03-10,0.5603844523429871
1987-03-11,0.5451931357383728
1987-03-12,0.5485686659812927
1987-03-13,0.5384413599967957
1987-03-16,0.5418176651000977
1987-03-17,0.5401293635368347
1987-03-18,0.53675377368927
1987-03-19,0.5350658893585205
1987-03-20,0.5536324977874756
1987-03-23,0.5502569079399109
1987-03-24,0.5502569079399109
1987-03-25,0.5485686659812927
1987-03-26,0.5485686659812927
1987-03-27,0.5384413599967957
1987-03-30,0.518186628818512
1987-03-31,0.5333775281906128
1987-04-01,0.5333775281906128
1987-04-02,0.5384413599967957
1987-04-03,0.5468809604644775
1987-04-06,0.5502569079399109
1987-04-07,0.5451931357383728
1987-04-08,0.53675377368927
1987-04-09,0.4996200501918793
1987-04-10,0.5097477436065674
1987-04-13,0.4996200501918793
1987-04-14,0.4658614099025726
1987-04-15,0.4793650209903717
1987-04-16,0.5029953718185425
1987-04-20,0.5131229162216187
1987-04-21,0.5131229162216187
1987-04-22,0.492868036031723
1987-04-23,0.489492654800415
1987-04-24,0.486116349697113
1987-04-27,0.4911801815032959
1987-04-28,0.4945558607578277
1987-04-29,0.5029953718185425
1987-04-30,0.5063716173171997
1987-05-01,0.5029953718185425
1987-05-04,0.5074380040168762
1987-05-05,0.5142719745635986
1987-05-06,0.5159810185432434
1987-05-07,0.5142719745635986
1987-05-08,0.5159810185432434
1987-05-11,0.5245233774185181
1987-05-12,0.5228148698806763
1987-05-13,0.5279406309127808
1987-05-14,0.5279406309127808
1987-05-15,0.5279406309127808
1987-05-18,0.5330660343170166
1987-05-19,0.5245233774185181
1987-05-20,0.5211064219474792
1987-05-21,0.5245233774185181
1987-05-22,0.5313572287559509
1987-05-26,0.5347747802734375
1987-05-27,0.5467345118522644
1987-05-28,0.5433173179626465
1987-05-29,0.5450257062911987
1987-06-01,0.550151526927948
1987-06-02,0.5552770495414734
1987-06-03,0.5757795572280884
1987-06-04,0.574070930480957
1987-06-05,0.5706541538238525
1987-06-08,0.574070930480957
1987-06-09,0.5791966915130615
1987-06-10,0.5826136469841003
1987-06-11,0.5928651094436646
1987-06-12,0.5979911684989929
1987-06-15,0.5962820053100586
1987-06-16,0.604824960231781
1987-06-17,0.6082421541213989
1987-06-18,0.6082421541213989
1987-06-19,0.6116593480110168
1987-06-22,0.6082421541213989
1987-06-23,0.5996994376182556
1987-06-24,0.5843220949172974
1987-06-25,0.5928651094436646
1987-06-26,0.5894482135772705
1987-06-29,0.5945736169815063
1987-06-30,0.5809054374694824
1987-07-01,0.5757795572280884
1987-07-02,0.5774885416030884
1987-07-06,0.5604025721549988
1987-07-07,0.5774885416030884
1987-07-08,0.5791966915130615
1987-07-09,0.5791966915130615
1987-07-10,0.5774885416030884
1987-07-13,0.5655283331871033
1987-07-14,0.574070930480957
1987-07-15,0.5809054374694824
1987-07-16,0.5843220949172974
1987-07-17,0.5860310196876526
1987-07-20,0.5843220949172974
1987-07-21,0.5757795572280884
1987-07-22,0.5826136469841003
1987-07-23,0.5911563634872437
1987-07-24,0.5843220949172974
1987-07-27,0.5911563634872437
1987-07-28,0.5826136469841003
1987-07-29,0.5774885416030884
1987-07-30,0.5894482135772705
1987-07-31,0.5757795572280884
1987-08-03,0.5560919642448425
1987-08-04,0.5647271871566772
1987-08-05,0.5750890970230103
1987-08-06,0.5958131551742554
1987-08-07,0.5906317830085754
1987-08-10,0.6165367960929871
1987-08-11,0.6217177510261536
1987-08-12,0.6355335712432861
1987-08-13,0.6493492722511292
1987-08-14,0.6476231217384338
1987-08-17,0.6631656289100647
1987-08-18,0.6528034806251526
1987-08-19,0.6579845547676086
1987-08-20,0.6579845547676086
1987-08-21,0.6597111225128174
1987-08-24,0.6493492722511292
1987-08-25,0.656257688999176
1987-08-26,0.6493492722511292
1987-08-27,0.6389873623847961
1987-08-28,0.6182636022567749
1987-08-31,0.6286260485649109
1987-09-01,0.6182636022567749
1987-09-02,0.6165367960929871
1987-09-03,0.6268985271453857
1987-09-04,0.6338067650794983
1987-09-08,0.6355335712432861
1987-09-09,0.6372604966163635
1987-09-10,0.6355335712432861
1987-09-11,0.6372604966163635
1987-09-14,0.6389873623847961
1987-09-15,0.6389873623847961
1987-09-16,0.6372604966163635
1987-09-17,0.6389873623847961
1987-09-18,0.6286260485649109
1987-09-21,0.6251720786094666
1987-09-22,0.6389873623847961
1987-09-23,0.6355335712432861
1987-09-24,0.6303529143333435
1987-09-25,0.6251720786094666
1987-09-28,0.6424415707588196
1987-09-29,0.6441680192947388
1987-09-30,0.6441680192947388
1987-10-01,0.6510768532752991
1987-10-02,0.6458957195281982
1987-10-05,0.6424415707588196
1987-10-06,0.6251720786094666
1987-10-07,0.6355335712432861
1987-10-08,0.6199905872344971
1987-10-09,0.6182636022567749
1987-10-12,0.6217177510261536
1987-10-13,0.6424415707588196
1987-10-14,0.6251720786094666
1987-10-15,0.6130825877189636
1987-10-16,0.6113559603691101
1987-10-19,0.5353682637214661
1987-10-20,0.4731963276863098
1987-10-21,0.5457297563552856
1987-10-22,0.5457297563552856
1987-10-23,0.5146440863609314
1987-10-26,0.4386566281318664
1987-10-27,0.4662882387638092
1987-10-28,0.4628341794013977
1987-10-29,0.4835584461688995
1987-10-30,0.4973739683628082
1987-11-02,0.503669798374176
1987-11-03,0.494925856590271
1987-11-04,0.503669798374176
1987-11-05,0.5106651782989502
1987-11-06,0.5071678757667542
1987-11-09,0.4966748654842376
1987-11-10,0.4844324588775635
1987-11-11,0.487930566072464
1987-11-12,0.503669798374176
1987-11-13,0.4931767284870147
1987-11-16,0.494925856590271
1987-11-17,0.4931767284870147
1987-11-18,0.4966748654842376
1987-11-19,0.5019212365150452
1987-11-20,0.5001721382141113
1987-11-23,0.5176612138748169
1987-11-24,0.5281543731689453
1987-11-25,0.5316513180732727
1987-11-27,0.5211584568023682
1987-11-30,0.5001721382141113
1987-12-01,0.5141629576683044
1987-12-02,0.5176612138748169
1987-12-03,0.4931767284870147
1987-12-04,0.4826838076114654
1987-12-07,0.5019212365150452
1987-12-08,0.5211584568023682
1987-12-09,0.5211584568023682
1987-12-10,0.5211584568023682
1987-12-11,0.5176612138748169
1987-12-14,0.5176612138748169
1987-12-15,0.5176612138748169
1987-12-16,0.5316513180732727
1987-12-17,0.5246562957763672
1987-12-18,0.540395975112915
1987-12-21,0.5421445965766907
1987-12-22,0.5526381731033325
1987-12-23,0.5491405725479126
1987-12-24,0.5438936948776245
1987-12-28,0.53340083360672
1987-12-29,0.5299029350280762
1987-12-30,0.5281543731689453
1987-12-31,0.5176612138748169
1988-01-04,0.5456424355506897
1988-01-05,0.5491405725479126
1988-01-06,0.5631309747695923
1988-01-07,0.5631309747695923
1988-01-08,0.5211584568023682
1988-01-11,0.5299029350280762
1988-01-12,0.53340083360672
1988-01-13,0.5281543731689453
1988-01-14,0.5421445965766907
1988-01-15,0.5526381731033325
1988-01-18,0.5438936948776245
1988-01-19,0.5561356544494629
1988-01-20,0.5596336126327515
1988-01-21,0.5508888959884644
1988-01-22,0.5666289329528809
1988-01-25,0.5911129713058472
1988-01-26,0.5858662724494934
1988-01-27,0.5806201100349426
1988-01-28,0.5841172933578491
1988-01-29,0.5841172933578491
1988-02-01,0.5869464874267578
1988-02-02,0.5887138843536377
1988-02-03,0.5869464874267578
1988-02-04,0.6028573513031006
1988-02-05,0.618768572807312
1988-02-08,0.6223039627075195
1988-02-09,0.6223039627075195
1988-02-10,0.6364473104476929
1988-02-11,0.6240724325180054
1988-02-12,0.6223039627075195
1988-02-16,0.615232527256012
1988-02-17,0.5975537896156311
1988-02-18,0.5922497510910034
1988-02-19,0.6010892987251282
1988-02-22,0.6046251058578491
1988-02-23,0.611696720123291
1988-02-24,0.611696720123291
1988-02-25,0.618768572807312
1988-02-26,0.6293757557868958
1988-02-29,0.6293757557868958
1988-03-01,0.6205363273620605
1988-03-02,0.608161211013794
1988-03-03,0.6099287867546082
1988-03-04,0.618768572807312
1988-03-07,0.615232527256012
1988-03-08,0.6223039627075195
1988-03-09,0.6170005202293396
1988-03-10,0.5993212461471558
1988-03-11,0.5922497510910034
1988-03-14,0.5993212461471558
1988-03-15,0.5975537896156311
1988-03-16,0.5993212461471558
1988-03-17,0.6063929200172424
1988-03-18,0.6134647130966187
1988-03-21,0.5993212461471558
1988-03-22,0.6028573513031006
1988-03-23,0.6223039627075195
1988-03-24,0.6276078820228577
1988-03-25,0.6276078820228577
1988-03-28,0.6170005202293396
1988-03-29,0.6134647130966187
1988-03-30,0.6010892987251282
1988-03-31,0.5975537896156311
1988-04-04,0.5834100842475891
1988-04-05,0.594017505645752
1988-04-06,0.611696720123291
1988-04-07,0.611696720123291
1988-04-08,0.615232527256012
1988-04-11,0.615232527256012
1988-04-12,0.6134647130966187
1988-04-13,0.6134647130966187
1988-04-14,0.5904819369316101
1988-04-15,0.5975537896156311
1988-04-18,0.5904819369316101
1988-04-19,0.5869464874267578
1988-04-20,0.5834100842475891
1988-04-21,0.5834100842475891
1988-04-22,0.5869464874267578
1988-04-25,0.594017505645752
1988-04-26,0.594017505645752
1988-04-27,0.5922497510910034
1988-04-28,0.595785915851593
1988-04-29,0.5887138843536377
1988-05-02,0.5905032753944397
1988-05-03,0.603029191493988
1988-05-04,0.5976608991622925
1988-05-05,0.5905032753944397
1988-05-06,0.5994502305984497
1988-05-09,0.603029191493988
1988-05-10,0.6048185229301453
1988-05-11,0.5976608991622925
1988-05-12,0.5922924876213074
1988-05-13,0.6048185229301453
1988-05-16,0.5976608991622925
1988-05-17,0.5922924876213074
1988-05-18,0.5922924876213074
1988-05-19,0.5976608991622925
1988-05-20,0.5869240164756775
1988-05-23,0.5869240164756775
1988-05-24,0.5869240164756775
1988-05-25,0.5922924876213074
1988-05-26,0.5940819382667542
1988-05-27,0.5940819382667542
1988-05-31,0.6048185229301453
1988-06-01,0.6173439621925354
1988-06-02,0.6137657761573792
1988-06-03,0.6209233403205872
1988-06-06,0.6227124333381653
1988-06-07,0.6155551075935364
1988-06-08,0.6406064629554749
1988-06-09,0.6406064629554749
1988-06-10,0.6531324982643127
1988-06-13,0.6585006713867188
1988-06-14,0.671026349067688
1988-06-15,0.6638687252998352
1988-06-16,0.6585006713867188
1988-06-17,0.6513428688049316
1988-06-20,0.6406064629554749
1988-06-21,0.6459745764732361
1988-06-22,0.6620792150497437
1988-06-23,0.6638687252998352
1988-06-24,0.67281574010849
1988-06-27,0.6585006713867188
1988-06-28,0.6549215316772461
1988-06-29,0.6656580567359924
1988-06-30,0.6799731850624084
1988-07-01,0.6656580567359924
1988-07-05,0.6763944625854492
1988-07-06,0.6656580567359924
1988-07-07,0.6602899432182312
1988-07-08,0.6549215316772461
1988-07-11,0.6629737615585327
1988-07-12,0.6602899432182312
1988-07-13,0.6602899432182312
1988-07-14,0.671026349067688
1988-07-15,0.6737106442451477
1988-07-18,0.6656580567359924
1988-07-19,0.6817627549171448
1988-07-20,0.6844469904899597
1988-07-21,0.6817627549171448
1988-07-22,0.6790787577629089
1988-07-25,0.6817627549171448
1988-07-26,0.6737106442451477
1988-07-27,0.6656580567359924
1988-07-28,0.6844469904899597
1988-07-29,0.6924989819526672
1988-08-01,0.7105502486228943
1988-08-02,0.6997024416923523
1988-08-03,0.7159744501113892
1988-08-04,0.748518705368042
1988-08-05,0.7593671083450317
1988-08-08,0.7566549777984619
1988-08-09,0.7268227934837341
1988-08-10,0.7051261067390442
1988-08-11,0.7132624983787537
1988-08-12,0.7132624983787537
1988-08-15,0.6997024416923523
1988-08-16,0.7078385949134827
1988-08-17,0.7132624983787537
1988-08-18,0.7132624983787537
1988-08-19,0.7186864018440247
1988-08-22,0.7132624983787537
1988-08-23,0.7159744501113892
1988-08-24,0.7268227934837341
1988-08-25,0.7241106033325195
1988-08-26,0.7268227934837341
1988-08-29,0.7376705408096313
1988-08-30,0.7403825521469116
1988-08-31,0.7349586486816406
1988-09-01,0.7213982939720154
1988-09-02,0.7376705408096313
1988-09-06,0.7430947422981262
1988-09-07,0.7376705408096313
1988-09-08,0.7458071708679199
1988-09-09,0.7512312531471252
1988-09-12,0.7539427876472473
1988-09-13,0.7566549777984619
1988-09-14,0.764790952205658
1988-09-15,0.7620792984962463
1988-09-16,0.7593671083450317
1988-09-19,0.7593671083450317
1988-09-20,0.7566549777984619
1988-09-21,0.7458071708679199
1988-09-22,0.7186864018440247
1988-09-23,0.7213982939720154
1988-09-26,0.7268227934837341
1988-09-27,0.7295348644256592
1988-09-28,0.7376705408096313
1988-09-29,0.7213982939720154
1988-09-30,0.7322465181350708
1988-10-03,0.7268227934837341
1988-10-04,0.7349586486816406
1988-10-05,0.748518705368042
1988-10-06,0.7430947422981262
1988-10-07,0.7458071708679199
1988-10-10,0.7349586486816406
1988-10-11,0.7376705408096313
1988-10-12,0.7105502486228943
1988-10-13,0.7132624983787537
1988-10-14,0.7159744501113892
1988-10-17,0.7132624983787537
1988-10-18,0.7078385949134827
1988-10-19,0.702414333820343
1988-10-20,0.702414333820343
1988-10-21,0.6997024416923523
1988-10-24,0.694278359413147
1988-10-25,0.6997024416923523
1988-10-26,0.7051261067390442
1988-10-27,0.694278359413147
1988-10-28,0.6997024416923523
1988-10-31,0.7042403817176819
1988-11-01,0.7261621356010437
1988-11-02,0.7152010798454285
1988-11-03,0.712460458278656
1988-11-04,0.712460458278656
1988-11-07,0.7069806456565857
1988-11-08,0.7097204923629761
1988-11-09,0.7097204923629761
1988-11-10,0.7179412841796875
1988-11-11,0.7015000581741333
1988-11-14,0.7042403817176819
1988-11-15,0.7069806456565857
1988-11-16,0.6987600922584534
1988-11-17,0.6905389428138733
1988-11-18,0.6987600922584534
1988-11-21,0.7015000581741333
1988-11-22,0.6987600922584534
1988-11-23,0.7015000581741333
1988-11-25,0.7042403817176819
1988-11-28,0.7042403817176819
1988-11-29,0.7042403817176819
1988-11-30,0.7097204923629761
1988-12-01,0.7015000581741333
1988-12-02,0.6987600922584534
1988-12-05,0.6987600922584534
1988-12-06,0.7015000581741333
1988-12-07,0.7097204923629761
1988-12-08,0.7206817865371704
1988-12-09,0.7234216928482056
1988-12-12,0.7234216928482056
1988-12-13,0.7261621356010437
1988-12-14,0.7152010798454285
1988-12-15,0.7069806456565857
1988-12-16,0.7097204923629761
1988-12-19,0.7179412841796875
1988-12-20,0.6987600922584534
1988-12-21,0.6877990365028381
1988-12-22,0.6932792067527771
1988-12-23,0.6987600922584534
1988-12-27,0.7015000581741333
1988-12-28,0.6987600922584534
1988-12-29,0.7015000581741333
1988-12-30,0.7042403817176819
1989-01-03,0.7015000581741333
1989-01-04,0.712460458278656
1989-01-05,0.712460458278656
1989-01-06,0.7179412841796875
1989-01-09,0.7206817865371704
1989-01-10,0.7206817865371704
1989-01-11,0.7152010798454285
1989-01-12,0.7206817865371704
1989-01-13,0.7289020419120789
1989-01-16,0.7261621356010437
1989-01-17,0.7316427826881409
1989-01-18,0.7343829870223999
1989-01-19,0.7563045620918274
1989-01-20,0.7563045620918274
1989-01-23,0.7563045620918274
1989-01-24,0.7617849707603455
1989-01-25,0.7727457880973816
1989-01-26,0.7727457880973816
1989-01-27,0.7754862308502197
1989-01-30,0.7864524722099304
1989-01-31,0.7975290417671204
1989-02-01,0.803067147731781
1989-02-02,0.7947597503662109
1989-02-03,0.7919904589653015
1989-02-06,0.7947597503662109
1989-02-07,0.7975290417671204
1989-02-08,0.7975290417671204
1989-02-09,0.7975290417671204
1989-02-10,0.7975290417671204
1989-02-13,0.8002988696098328
1989-02-14,0.7919904589653015
1989-02-15,0.7947597503662109
1989-02-16,0.7892211079597473
1989-02-17,0.7975290417671204
1989-02-21,0.7919904589653015
1989-02-22,0.7836830615997314
1989-02-23,0.7836830615997314
1989-02-24,0.7864524722099304
1989-02-27,0.7781450748443604
1989-02-28,0.7836830615997314
1989-03-01,0.7809138298034668
1989-03-02,0.7919904589653015
1989-03-03,0.7864524722099304
1989-03-06,0.803067147731781
1989-03-07,0.7892211079597473
1989-03-08,0.7864524722099304
1989-03-09,0.7975290417671204
1989-03-10,0.7975290417671204
1989-03-13,0.8002988696098328
1989-03-14,0.7947597503662109
1989-03-15,0.7947597503662109
1989-03-16,0.803067147731781
1989-03-17,0.7947597503662109
1989-03-20,0.7975290417671204
1989-03-21,0.8086056709289551
1989-03-22,0.8086056709289551
1989-03-23,0.8086056709289551
1989-03-27,0.8252208828926086
1989-03-28,0.8196828365325928
1989-03-29,0.8141441941261292
1989-03-30,0.8086056709289551
1989-03-31,0.8141441941261292
1989-04-03,0.8169140815734863
1989-04-04,0.8141441941261292
1989-04-05,0.8141441941261292
1989-04-06,0.8141441941261292
1989-04-07,0.8196828365325928
1989-04-10,0.8279908895492554
1989-04-11,0.833528459072113
1989-04-12,0.8169140815734863
1989-04-13,0.803067147731781
1989-04-14,0.8086056709289551
1989-04-17,0.8169140815734863
1989-04-18,0.830759584903717
1989-04-19,0.8362976312637329
1989-04-20,0.830759584903717
1989-04-21,0.8473746180534363
1989-04-24,0.8446053266525269
1989-04-25,0.830759584903717
1989-04-26,0.8418365716934204
1989-04-27,0.8390669226646423
1989-04-28,0.8418365716934204
1989-05-01,0.8417244553565979
1989-05-02,0.8305388689041138
1989-05-03,0.8221490979194641
1989-05-04,0.8221490979194641
1989-05-05,0.8165565133094788
1989-05-08,0.8193533420562744
1989-05-09,0.8193533420562744
1989-05-10,0.8165565133094788
1989-05-11,0.8137606382369995
1989-05-12,0.8249458074569702
1989-05-15,0.8445210456848145
1989-05-16,0.8389279246330261
1989-05-17,0.8417244553565979
1989-05-18,0.8585030436515808
1989-05-19,0.8668921589851379
1989-05-22,0.872485339641571
1989-05-23,0.8585030436515808
1989-05-24,0.878078043460846
1989-05-25,0.8696886301040649
1989-05-26,0.8752813339233398
1989-05-30,0.8612992763519287
1989-05-31,0.8668921589851379
1989-06-01,0.8836713433265686
1989-06-02,0.897652804851532
1989-06-05,0.897652804851532
1989-06-06,0.903246283531189
1989-06-07,0.9200238585472108
1989-06-08,0.928413450717926
1989-06-09,0.9312103390693665
1989-06-12,0.9312103390693665
1989-06-13,0.928413450717926
1989-06-14,0.936802625656128
1989-06-15,0.9340065717697144
1989-06-16,0.9479886889457704
1989-06-19,0.9479886889457704
1989-06-20,0.9507846832275392
1989-06-21,0.9479886889457704
1989-06-22,0.9731560349464417
1989-06-23,0.9955280423164368
1989-06-26,1.017898678779602
1989-06-27,1.006714105606079
1989-06-28,0.9675633907318116
1989-06-29,0.9395989775657654
1989-06-30,0.9423958659172058
1989-07-03,0.9395989775657654
1989-07-05,0.9563777446746826
1989-07-06,0.9675633907318116
1989-07-07,0.9675633907318116
1989-07-10,0.9731560349464417
1989-07-11,0.9675633907318116
1989-07-12,0.9731560349464417
1989-07-13,0.9619705080986024
1989-07-14,0.9759528040885924
1989-07-17,0.9563777446746826
1989-07-18,0.9451922178268432
1989-07-19,0.9479886889457704
1989-07-20,0.9479886889457704
1989-07-21,0.9563777446746826
1989-07-24,0.9451922178268432
1989-07-25,0.9451922178268432
1989-07-26,0.9507846832275392
1989-07-27,0.9563777446746826
1989-07-28,0.9451922178268432
1989-07-31,0.9591844081878662
1989-08-01,0.964827835559845
1989-08-02,0.9761112332344056
1989-08-03,0.9761112332344056
1989-08-04,0.9761112332344056
1989-08-07,1.0156079530715942
1989-08-08,1.0212498903274536
1989-08-09,1.004323959350586
1989-08-10,1.0156079530715942
1989-08-11,0.9817538261413574
1989-08-14,0.9873960614204408
1989-08-15,0.9873960614204408
1989-08-16,0.993038535118103
1989-08-17,0.9761112332344056
1989-08-18,0.9761112332344056
1989-08-21,0.9591844081878662
1989-08-22,0.964827835559845
1989-08-23,0.9422588348388672
1989-08-24,0.9873960614204408
1989-08-25,0.993038535118103
1989-08-28,1.0156079530715942
1989-08-29,1.004323959350586
1989-08-30,0.9986807703971864
1989-08-31,1.004323959350586
1989-09-01,1.0156079530715942
1989-09-05,1.0156079530715942
1989-09-06,0.9986807703971864
1989-09-07,0.9817538261413574
1989-09-08,1.0099655389785769
1989-09-11,1.0099655389785769
1989-09-12,1.0099655389785769
1989-09-13,1.004323959350586
1989-09-14,1.004323959350586
1989-09-15,1.004323959350586
1989-09-18,1.0156079530715942
1989-09-19,1.0099655389785769
1989-09-20,1.0268919467926023
1989-09-21,1.0156079530715942
1989-09-22,1.0212498903274536
1989-09-25,1.0212498903274536
1989-09-26,1.0212498903274536
1989-09-27,1.0212498903274536
1989-09-28,1.0325345993041992
1989-09-29,1.0381768941879272
1989-10-02,1.077673077583313
1989-10-03,1.0663877725601196
1989-10-04,1.0381768941879272
1989-10-05,1.0551036596298218
1989-10-06,1.0438190698623655
1989-10-09,1.0551036596298218
1989-10-10,1.077673077583313
1989-10-11,1.0551036596298218
1989-10-12,1.0381768941879272
1989-10-13,1.0156079530715942
1989-10-16,1.0156079530715942
1989-10-17,1.0325345993041992
1989-10-18,1.0212498903274536
1989-10-19,1.0268919467926023
1989-10-20,1.0268919467926023
1989-10-23,1.004323959350586
1989-10-24,0.993038535118103
1989-10-25,1.0156079530715942
1989-10-26,1.0156079530715942
1989-10-27,0.993038535118103
1989-10-30,0.9909878969192504
1989-10-31,0.9909878969192504
1989-11-01,0.9909878969192504
1989-11-02,0.9682068824768066
1989-11-03,0.9682068824768066
1989-11-06,0.9682068824768066
1989-11-07,0.9682068824768066
1989-11-08,0.9739021062850952
1989-11-09,0.9454248547554016
1989-11-10,0.9454248547554016
1989-11-13,0.9682068824768066
1989-11-14,0.962511420249939
1989-11-15,0.9795978665351868
1989-11-16,0.9682068824768066
1989-11-17,0.9511205554008484
1989-11-20,0.9511205554008484
1989-11-21,0.9568162560462952
1989-11-22,0.9739021062850952
1989-11-24,0.9568162560462952
1989-11-27,0.9568162560462952
1989-11-28,0.962511420249939
1989-11-29,0.9795978665351868
1989-11-30,0.9852932691574096
1989-12-01,1.0194649696350098
1989-12-04,1.0137696266174316
1989-12-05,1.0023791790008545
1989-12-06,0.9511205554008484
1989-12-07,0.9682068824768066
1989-12-08,0.962511420249939
1989-12-11,0.9682068824768066
1989-12-12,0.9739021062850952
1989-12-13,0.9340351819992064
1989-12-14,0.8998632431030273
1989-12-15,0.8770811557769775
1989-12-18,0.8656911253929138
1989-12-19,0.8770811557769775
1989-12-20,0.9112537503242492
1989-12-21,0.9454248547554016
1989-12-22,0.962511420249939
1989-12-26,0.9966834187507628
1989-12-27,1.0194649696350098
1989-12-28,1.0422463417053225
1989-12-29,1.02515971660614
1990-01-02,1.0308561325073242
1990-01-03,0.9852932691574096
1990-01-04,0.9739021062850952
1990-01-05,0.9454248547554016
1990-01-08,0.9739021062850952
1990-01-09,0.9454248547554016
1990-01-10,0.9568162560462952
1990-01-11,0.9568162560462952
1990-01-12,0.939729869365692
1990-01-15,0.9340351819992064
1990-01-16,0.9454248547554016
1990-01-17,0.962511420249939
1990-01-18,0.962511420249939
1990-01-19,0.962511420249939
1990-01-22,0.939729869365692
1990-01-23,0.939729869365692
1990-01-24,0.9283398389816284
1990-01-25,0.9340351819992064
1990-01-26,0.9511205554008484
1990-01-29,0.9490503072738647
1990-01-30,0.9260430335998536
1990-01-31,0.9548017382621764
1990-02-01,0.9375467896461488
1990-02-02,0.9375467896461488
1990-02-05,0.9087876677513124
1990-02-06,0.8685241341590881
1990-02-07,0.8742765784263611
1990-02-08,0.8742765784263611
1990-02-09,0.8915318846702576
1990-02-12,0.8685241341590881
1990-02-13,0.8742765784263611
1990-02-14,0.8742765784263611
1990-02-15,0.9087876677513124
1990-02-16,0.9087876677513124
1990-02-20,0.8742765784263611
1990-02-21,0.8685241341590881
1990-02-22,0.8800287842750549
1990-02-23,0.8800287842750549
1990-02-26,0.8972836136817932
1990-02-27,0.8972836136817932
1990-02-28,0.8972836136817932
1990-03-01,0.8857799172401428
1990-03-02,0.8857799172401428
1990-03-05,0.8800287842750549
1990-03-06,0.8857799172401428
1990-03-07,0.8800287842750549
1990-03-08,0.8915318846702576
1990-03-09,0.8972836136817932
1990-03-12,0.9145388007164
1990-03-13,0.9145388007164
1990-03-14,0.9087876677513124
1990-03-15,0.9087876677513124
1990-03-16,0.9202909469604492
1990-03-19,0.9030357599258424
1990-03-20,0.9030357599258424
1990-03-21,0.8915318846702576
1990-03-22,0.8685241341590881
1990-03-23,0.8972836136817932
1990-03-26,0.9030357599258424
1990-03-27,0.9260430335998536
1990-03-28,0.9490503072738647
1990-03-29,0.9145388007164
1990-03-30,0.9087876677513124
1990-04-02,0.8742765784263611
1990-04-03,0.8972836136817932
1990-04-04,0.8915318846702576
1990-04-05,0.8800287842750549
1990-04-06,0.8570213913917542
1990-04-09,0.8455171585083008
1990-04-10,0.8685241341590881
1990-04-11,0.8800287842750549
1990-04-12,0.8685241341590881
1990-04-16,0.8742765784263611
1990-04-17,0.8972836136817932
1990-04-18,0.8685241341590881
1990-04-19,0.8685241341590881
1990-04-20,0.8627731204032898
1990-04-23,0.8685241341590881
1990-04-24,0.8570213913917542
1990-04-25,0.8512696623802185
1990-04-26,0.8455171585083008
1990-04-27,0.8225100636482239
1990-04-30,0.8378714323043823
1990-05-01,0.8495081067085266
1990-05-02,0.8727824091911316
1990-05-03,0.8844194412231445
1990-05-04,0.8902384638786316
1990-05-07,0.8960564732551575
1990-05-08,0.9076939225196838
1990-05-09,0.913512408733368
1990-05-10,0.913512408733368
1990-05-11,0.9542428255081176
1990-05-14,0.9949722290039062
1990-05-15,1.024065375328064
1990-05-16,1.018245816230774
1990-05-17,1.0066090822219849
1990-05-18,1.000791072845459
1990-05-21,1.0066090822219849
1990-05-22,0.9891532063484192
1990-05-23,0.9833353757858276
1990-05-24,0.9949722290039062
1990-05-25,0.9949722290039062
1990-05-29,1.018245816230774
1990-05-30,1.058976173400879
1990-05-31,1.041520595550537
1990-06-01,1.0647950172424316
1990-06-04,1.0647950172424316
1990-06-05,1.088068962097168
1990-06-06,1.0647950172424316
1990-06-07,1.0647950172424316
1990-06-08,1.0473382472991943
1990-06-11,1.0473382472991943
1990-06-12,1.0531578063964844
1990-06-13,1.0473382472991943
1990-06-14,1.041520595550537
1990-06-15,1.024065375328064
1990-06-18,1.000791072845459
1990-06-19,1.0066090822219849
1990-06-20,1.000791072845459
1990-06-21,1.000791072845459
1990-06-22,0.9716975092887878
1990-06-25,0.9716975092887878
1990-06-26,0.9891532063484192
1990-06-27,1.0124270915985107
1990-06-28,1.0124270915985107
1990-06-29,1.0124270915985107
1990-07-02,0.9891532063484192
1990-07-03,1.0124270915985107
1990-07-05,1.0124270915985107
1990-07-06,1.018245816230774
1990-07-09,1.029883623123169
1990-07-10,0.9833353757858276
1990-07-11,0.9426050782203674
1990-07-12,0.9484235048294068
1990-07-13,0.9716975092887878
1990-07-16,0.97751647233963
1990-07-17,0.9716975092887878
1990-07-18,0.9309682846069336
1990-07-19,0.9251493215560912
1990-07-20,0.9426050782203674
1990-07-23,0.9309682846069336
1990-07-24,0.9251493215560912
1990-07-25,0.9484235048294068
1990-07-26,0.9076939225196838
1990-07-27,0.9251493215560912
1990-07-30,0.9251493215560912
1990-07-31,0.9251493215560912
1990-08-01,0.9076939225196838
1990-08-02,0.901875376701355
1990-08-03,0.8727824091911316
1990-08-06,0.8412503004074097
1990-08-07,0.8765478134155273
1990-08-08,0.8941962122917175
1990-08-09,0.8883131146430969
1990-08-10,0.8706650137901306
1990-08-13,0.8824304342269897
1990-08-14,0.8765478134155273
1990-08-15,0.8647812604904175
1990-08-16,0.8353675603866577
1990-08-17,0.8588986992835999
1990-08-20,0.8588986992835999
1990-08-21,0.8412503004074097
1990-08-22,0.8353675603866577
1990-08-23,0.8059527277946472
1990-08-24,0.8177191615104675
1990-08-27,0.8294844031333923
1990-08-28,0.8294844031333923
1990-08-29,0.8647812604904175
1990-08-30,0.8236016631126404
1990-08-31,0.8353675603866577
1990-09-04,0.8353675603866577
1990-09-05,0.8294844031333923
1990-09-06,0.8236016631126404
1990-09-07,0.8294844031333923
1990-09-10,0.8353675603866577
1990-09-11,0.8294844031333923
1990-09-12,0.8294844031333923
1990-09-13,0.8118358850479126
1990-09-14,0.7883046865463257
1990-09-17,0.7941873073577881
1990-09-18,0.7941873073577881
1990-09-19,0.7883046865463257
1990-09-20,0.7530075311660767
1990-09-21,0.7412417531013489
1990-09-24,0.7118271589279175
1990-09-25,0.7353590130805969
1990-09-26,0.7294753789901733
1990-09-27,0.7000610828399658
1990-09-28,0.7000610828399658
1990-10-01,0.7118271589279175
1990-10-02,0.7059443593025208
1990-10-03,0.664764404296875
1990-10-04,0.6824129819869995
1990-10-05,0.7059443593025208
1990-10-08,0.7059443593025208
1990-10-09,0.6882957816123962
1990-10-10,0.6765300631523132
1990-10-11,0.664764404296875
1990-10-12,0.7118271589279175
1990-10-15,0.7235932350158691
1990-10-16,0.6941784620285034
1990-10-17,0.7294753789901733
1990-10-18,0.747124195098877
1990-10-19,0.7530075311660767
1990-10-22,0.7706556916236877
1990-10-23,0.7530075311660767
1990-10-24,0.7412417531013489
1990-10-25,0.7588903903961182
1990-10-26,0.7647730112075806
1990-10-29,0.7177098393440247
1990-10-30,0.747124195098877
1990-10-31,0.7118271589279175
1990-11-01,0.747124195098877
1990-11-02,0.7824215888977051
1990-11-05,0.8232250213623047
1990-11-06,0.8112942576408386
1990-11-07,0.8053292036056519
1990-11-08,0.8112942576408386
1990-11-09,0.8291903734207153
1990-11-12,0.8590174913406372
1990-11-13,0.8590174913406372
1990-11-14,0.8709479570388794
1990-11-15,0.8590174913406372
1990-11-16,0.8590174913406372
1990-11-19,0.8828793168067932
1990-11-20,0.8351558446884155
1990-11-21,0.8291903734207153
1990-11-23,0.8232250213623047
1990-11-26,0.8590174913406372
1990-11-27,0.8948097825050354
1990-11-28,0.8828793168067932
1990-11-29,0.8649823069572449
1990-11-30,0.8769135475158691
1990-12-03,0.8709479570388794
1990-12-04,0.9186713099479676
1990-12-05,1.0081520080566406
1990-12-06,0.9902560114860536
1990-12-07,1.01411771774292
1990-12-10,0.9842908382415771
1990-12-11,0.9544637799263
1990-12-12,0.9544637799263
1990-12-13,0.9484986662864684
1990-12-14,0.9067405462265016
1990-12-17,0.9067405462265016
1990-12-18,0.9246369004249572
1990-12-19,0.972359836101532
1990-12-20,0.9902560114860536
1990-12-21,1.01411771774292
1990-12-24,0.9902560114860536
1990-12-26,1.0200825929641724
1990-12-27,1.0081520080566406
1990-12-28,1.0081520080566406
1990-12-31,0.9902560114860536
1991-01-02,0.972359836101532
1991-01-03,0.972359836101532
1991-01-04,0.972359836101532
1991-01-07,0.9306015372276306
1991-01-08,0.9365674257278442
1991-01-09,0.9067405462265016
1991-01-10,0.9365674257278442
1991-01-11,0.9365674257278442
1991-01-14,0.9186713099479676
1991-01-15,0.9306015372276306
1991-01-16,0.9544637799263
1991-01-17,0.9902560114860536
1991-01-18,1.0021871328353882
1991-01-21,0.9962212443351746
1991-01-22,0.9962212443351746
1991-01-23,1.0200825929641724
1991-01-24,1.01411771774292
1991-01-25,1.0379786491394043
1991-01-28,1.043043613433838
1991-01-29,1.0490731000900269
1991-01-30,1.0611318349838257
1991-01-31,1.07318913936615
1991-02-01,1.0852476358413696
1991-02-04,1.1756852865219116
1991-02-05,1.1998019218444824
1991-02-06,1.1937726736068726
1991-02-07,1.181714415550232
1991-02-08,1.181714415550232
1991-02-11,1.2178887128829956
1991-02-12,1.2178887128829956
1991-02-13,1.1575970649719238
1991-02-14,1.163626194000244
1991-02-15,1.1696555614471436
1991-02-19,1.1696555614471436
1991-02-20,1.1575970649719238
1991-02-21,1.2118598222732544
1991-02-22,1.229947805404663
1991-02-25,1.1998019218444824
1991-02-26,1.1937726736068726
1991-02-27,1.2178887128829956
1991-02-28,1.2118598222732544
1991-03-01,1.2420059442520142
1991-03-04,1.2420059442520142
1991-03-05,1.254063606262207
1991-03-06,1.223918080329895
1991-03-07,1.223918080329895
1991-03-08,1.2178887128829956
1991-03-11,1.2178887128829956
1991-03-12,1.1696555614471436
1991-03-13,1.1937726736068726
1991-03-14,1.187743067741394
1991-03-15,1.1696555614471436
1991-03-18,1.163626194000244
1991-03-19,1.1575970649719238
1991-03-20,1.1696555614471436
1991-03-21,1.181714415550232
1991-03-22,1.1756852865219116
1991-03-25,1.1696555614471436
1991-03-26,1.2118598222732544
1991-03-27,1.260093092918396
1991-03-28,1.2420059442520142
1991-04-01,1.229947805404663
1991-04-02,1.229947805404663
1991-04-03,1.260093092918396
1991-04-04,1.254063606262207
1991-04-05,1.2178887128829956
1991-04-08,1.2420059442520142
1991-04-09,1.2118598222732544
1991-04-10,1.229947805404663
1991-04-11,1.2962687015533447
1991-04-12,1.2962687015533447
1991-04-15,1.3083269596099854
1991-04-16,1.3324429988861084
1991-04-17,1.4289096593856812
1991-04-18,1.350530743598938
1991-04-19,1.314355969429016
1991-04-22,1.284209966659546
1991-04-23,1.284209966659546
1991-04-24,1.2781802415847778
1991-04-25,1.32038414478302
1991-04-26,1.3083269596099854
1991-04-29,1.2661218643188477
1991-04-30,1.272151231765747
1991-05-01,1.32038414478302
1991-05-02,1.3686184883117676
1991-05-03,1.3565592765808103
1991-05-06,1.361666560173035
1991-05-07,1.373824119567871
1991-05-08,1.392060160636902
1991-05-09,1.404218673706055
1991-05-10,1.3555864095687866
1991-05-13,1.392060160636902
1991-05-14,1.3495081663131714
1991-05-15,1.379902482032776
1991-05-16,1.373824119567871
1991-05-17,1.3495081663131714
1991-05-20,1.3677445650100708
1991-05-21,1.3677445650100708
1991-05-22,1.373824119567871
1991-05-23,1.379902482032776
1991-05-24,1.4102959632873535
1991-05-28,1.404218673706055
1991-05-29,1.434612512588501
1991-05-30,1.4285340309143066
1991-05-31,1.4102959632873535
1991-06-03,1.4163753986358645
1991-06-04,1.434612512588501
1991-06-05,1.4589277505874634
1991-06-06,1.4467694759368896
1991-06-07,1.4163753986358645
1991-06-10,1.4406907558441162
1991-06-11,1.4528486728668213
1991-06-12,1.4102959632873535
1991-06-13,1.398139715194702
1991-06-14,1.3859808444976809
1991-06-17,1.361666560173035
1991-06-18,1.379902482032776
1991-06-19,1.3859808444976809
1991-06-20,1.392060160636902
1991-06-21,1.398139715194702
1991-06-24,1.3859808444976809
1991-06-25,1.373824119567871
1991-06-26,1.361666560173035
1991-06-27,1.3495081663131714
1991-06-28,1.337350368499756
1991-07-01,1.3434290885925293
1991-07-02,1.379902482032776
1991-07-03,1.3434290885925293
1991-07-05,1.3434290885925293
1991-07-08,1.331271052360535
1991-07-09,1.379902482032776
1991-07-10,1.392060160636902
1991-07-11,1.373824119567871
1991-07-12,1.373824119567871
1991-07-15,1.4102959632873535
1991-07-16,1.398139715194702
1991-07-17,1.4528486728668213
1991-07-18,1.4954004287719729
1991-07-19,1.4832433462142944
1991-07-22,1.434612512588501
1991-07-23,1.422454833984375
1991-07-24,1.379902482032776
1991-07-25,1.404218673706055
1991-07-26,1.4285340309143066
1991-07-29,1.4163753986358645
1991-07-30,1.4589277505874634
1991-07-31,1.5075584650039673
1991-08-01,1.4528486728668213
1991-08-02,1.4710856676101685
1991-08-05,1.457854390144348
1991-08-06,1.4884819984436035
1991-08-07,1.4701054096221924
1991-08-08,1.463980197906494
1991-08-09,1.451728582382202
1991-08-12,1.4823565483093262
1991-08-13,1.5007314682006836
1991-08-14,1.5558613538742063
1991-08-15,1.5803637504577637
1991-08-16,1.5987409353256226
1991-08-19,1.5313600301742554
1991-08-20,1.5742380619049072
1991-08-21,1.6109901666641235
1991-08-22,1.5803637504577637
1991-08-23,1.6048650741577148
1991-08-26,1.5926145315170288
1991-08-27,1.5558613538742063
1991-08-28,1.5619874000549316
1991-08-29,1.56811261177063
1991-08-30,1.5619874000549316
1991-09-03,1.5558613538742063
1991-09-04,1.4946073293685913
1991-09-05,1.5007314682006836
1991-09-06,1.5191090106964111
1991-09-09,1.5191090106964111
1991-09-10,1.4946073293685913
1991-09-11,1.5068572759628296
1991-09-12,1.5436115264892578
1991-09-13,1.549736499786377
1991-09-16,1.5558613538742063
1991-09-17,1.5558613538742063
1991-09-18,1.56811261177063
1991-09-19,1.6416183710098269
1991-09-20,1.6538687944412231
1991-09-23,1.5926145315170288
1991-09-24,1.6171157360076904
1991-09-25,1.6048650741577148
1991-09-26,1.6048650741577148
1991-09-27,1.6048650741577148
1991-09-30,1.6416183710098269
1991-10-01,1.65999436378479
1991-10-02,1.65999436378479
1991-10-03,1.6477431058883667
1991-10-04,1.6048650741577148
1991-10-07,1.5926145315170288
1991-10-08,1.5803637504577637
1991-10-09,1.549736499786377
1991-10-10,1.5619874000549316
1991-10-11,1.5864884853363037
1991-10-14,1.6048650741577148
1991-10-15,1.6109901666641235
1991-10-16,1.6416183710098269
1991-10-17,1.6661194562911987
1991-10-18,1.6661194562911987
1991-10-21,1.6661194562911987
1991-10-22,1.6477431058883667
1991-10-23,1.6416183710098269
1991-10-24,1.6416183710098269
1991-10-25,1.5864884853363037
1991-10-28,1.6354920864105225
1991-10-29,1.6416183710098269
1991-10-30,1.6477431058883667
1991-10-31,1.6538687944412231
1991-11-01,1.65999436378479
1991-11-04,1.6846773624420166
1991-11-05,1.6846773624420166
1991-11-06,1.6723366975784302
1991-11-07,1.666164517402649
1991-11-08,1.666164517402649
1991-11-11,1.666164517402649
1991-11-12,1.6723366975784302
1991-11-13,1.6599946022033691
1991-11-14,1.6970200538635254
1991-11-15,1.5797711610794067
1991-11-18,1.5736004114151
1991-11-19,1.5057200193405151
1991-11-20,1.47486412525177
1991-11-21,1.5057200193405151
1991-11-22,1.5304034948349
1991-11-25,1.4995486736297607
1991-11-26,1.5057200193405151
1991-11-27,1.5057200193405151
1991-11-29,1.4810361862182615
1991-12-02,1.493377923965454
1991-12-03,1.5057200193405151
1991-12-04,1.5118898153305054
1991-12-05,1.5057200193405151
1991-12-06,1.4995486736297607
1991-12-09,1.5427454710006714
1991-12-10,1.592113018035889
1991-12-11,1.585942268371582
1991-12-12,1.6167969703674316
1991-12-13,1.6476519107818604
1991-12-16,1.629139065742493
1991-12-17,1.666164517402649
1991-12-18,1.653823733329773
1991-12-19,1.6229674816131592
1991-12-20,1.6785069704055786
1991-12-23,1.7155331373214722
1991-12-24,1.7587296962738037
1991-12-26,1.801926851272583
1991-12-27,1.777243733406067
1991-12-30,1.801926851272583
1991-12-31,1.801926851272583
1992-01-02,1.801926851272583
1992-01-03,1.7895853519439695
1992-01-06,1.7710728645324707
1992-01-07,1.7587296962738037
1992-01-08,1.7340459823608398
1992-01-09,1.7155331373214722
1992-01-10,1.6723366975784302
1992-01-13,1.6970200538635254
1992-01-14,1.7340459823608398
1992-01-15,1.7525593042373655
1992-01-16,1.7402163743972778
1992-01-17,1.7093614339828491
1992-01-20,1.7340459823608398
1992-01-21,1.7031915187835691
1992-01-22,1.7340459823608398
1992-01-23,1.7031915187835691
1992-01-24,1.7278759479522705
1992-01-27,1.7093614339828491
1992-01-28,1.7093614339828491
1992-01-29,1.7278759479522705
1992-01-30,1.721703290939331
1992-01-31,1.7031915187835691
1992-02-03,1.7342709302902222
1992-02-04,1.7529182434082031
1992-02-05,1.783999800682068
1992-02-06,1.802647352218628
1992-02-07,1.802647352218628
1992-02-10,1.808863639831543
1992-02-11,1.802647352218628
1992-02-12,1.808863639831543
1992-02-13,1.802647352218628
1992-02-14,1.839944124221801
1992-02-18,1.8648080825805664
1992-02-19,1.808863639831543
1992-02-20,1.877239346504212
1992-02-21,1.852374792098999
1992-02-24,1.877239346504212
1992-02-25,1.839944124221801
1992-02-26,1.858592867851257
1992-02-27,1.827510118484497
1992-02-28,1.8710224628448489
1992-03-02,1.8710224628448489
1992-03-03,1.8648080825805664
1992-03-04,1.839944124221801
1992-03-05,1.7964324951171875
1992-03-06,1.7529182434082031
1992-03-09,1.7467032670974731
1992-03-10,1.7467032670974731
1992-03-11,1.7529182434082031
1992-03-12,1.7218388319015503
1992-03-13,1.7280555963516235
1992-03-16,1.7218388319015503
1992-03-17,1.7467032670974731
1992-03-18,1.802647352218628
1992-03-19,1.7964324951171875
1992-03-20,1.777782678604126
1992-03-23,1.7467032670974731
1992-03-24,1.740487575531006
1992-03-25,1.783999800682068
1992-03-26,1.808863639831543
1992-03-27,1.783999800682068
1992-03-30,1.7591370344161987
1992-03-31,1.808863639831543
1992-04-01,1.827510118484497
1992-04-02,1.7715671062469482
1992-04-03,1.7653521299362185
1992-04-06,1.7902166843414309
1992-04-07,1.7653521299362185
1992-04-08,1.740487575531006
1992-04-09,1.777782678604126
1992-04-10,1.7902166843414309
1992-04-13,1.7902166843414309
1992-04-14,1.8834552764892576
1992-04-15,1.8896726369857788
1992-04-16,1.877239346504212
1992-04-20,1.877239346504212
1992-04-21,1.8896726369857788
1992-04-22,1.9145361185073853
1992-04-23,1.9207524061203003
1992-04-24,1.8648080825805664
1992-04-27,1.8648080825805664
1992-04-28,1.8648080825805664
1992-04-29,1.9207524061203003
1992-04-30,1.9269678592681885
1992-05-01,1.8896726369857788
1992-05-04,1.9021861553192136
1992-05-05,1.9021861553192136
1992-05-06,1.945987343788147
1992-05-07,1.9334728717803955
1992-05-08,1.9209567308425903
1992-05-11,1.977272391319275
1992-05-12,1.945987343788147
1992-05-13,1.95224404335022
1992-05-14,1.9084423780441284
1992-05-15,1.8646434545516968
1992-05-18,1.9021861553192136
1992-05-19,1.9209567308425903
1992-05-20,1.8959290981292725
1992-05-21,1.883413791656494
1992-05-22,1.9021861553192136
1992-05-26,1.8646434545516968
1992-05-27,1.883413791656494
1992-05-28,1.877158164978028
1992-05-29,1.870900273323059
1992-06-01,1.870900273323059
1992-06-02,1.8583850860595703
1992-06-03,1.870900273323059
1992-06-04,1.852128982543945
1992-06-05,1.889671802520752
1992-06-08,1.870900273323059
1992-06-09,1.827100157737732
1992-06-10,1.852128982543945
1992-06-11,1.8333576917648315
1992-06-12,1.8458714485168457
1992-06-15,1.8396143913269043
1992-06-16,1.852128982543945
1992-06-17,1.8396143913269043
1992-06-18,1.852128982543945
1992-06-19,1.8396143913269043
1992-06-22,1.8458714485168457
1992-06-23,1.852128982543945
1992-06-24,1.8396143913269043
1992-06-25,1.8583850860595703
1992-06-26,1.870900273323059
1992-06-29,1.877158164978028
1992-06-30,1.9021861553192136
1992-07-01,1.9209567308425903
1992-07-02,1.9334728717803955
1992-07-06,1.927215337753296
1992-07-07,1.877158164978028
1992-07-08,1.8959290981292725
1992-07-09,1.9084423780441284
1992-07-10,1.93972909450531
1992-07-13,1.93972909450531
1992-07-14,1.9710150957107544
1992-07-15,1.93972909450531
1992-07-16,1.8959290981292725
1992-07-17,1.9209567308425903
1992-07-20,1.9209567308425903
1992-07-21,1.9021861553192136
1992-07-22,1.927215337753296
1992-07-23,1.945987343788147
1992-07-24,1.9147000312805176
1992-07-27,1.927215337753296
1992-07-28,1.9647578001022337
1992-07-29,1.9647578001022337
1992-07-30,1.9647578001022337
1992-07-31,1.9647578001022337
1992-08-03,1.947864055633545
1992-08-04,1.9541683197021484
1992-08-05,1.9289517402648928
1992-08-06,1.9541683197021484
1992-08-07,1.9415594339370728
1992-08-10,1.9289517402648928
1992-08-11,1.9604722261428835
1992-08-12,1.947864055633545
1992-08-13,1.973078250885009
1992-08-14,1.9604722261428835
1992-08-17,1.9289517402648928
1992-08-18,1.947864055633545
1992-08-19,1.88482666015625
1992-08-20,1.865914821624756
1992-08-21,1.897432565689087
1992-08-24,1.859610795974732
1992-08-25,1.8028762340545648
1992-08-26,1.828092694282532
1992-08-27,1.878522515296936
1992-08-28,1.891130328178405
1992-08-31,1.8470035791397093
1992-09-01,1.872218370437622
1992-09-02,1.8470035791397093
1992-09-03,1.853306531906128
1992-09-04,1.853306531906128
1992-09-08,1.840699553489685
1992-09-09,1.840699553489685
1992-09-10,1.853306531906128
1992-09-11,1.859610795974732
1992-09-14,1.903736352920532
1992-09-15,1.897432565689087
1992-09-16,1.88482666015625
1992-09-17,1.853306531906128
1992-09-18,1.865914821624756
1992-09-21,1.865914821624756
1992-09-22,1.853306531906128
1992-09-23,1.865914821624756
1992-09-24,1.865914821624756
1992-09-25,1.88482666015625
1992-09-28,1.88482666015625
1992-09-29,1.916345238685608
1992-09-30,1.9667754173278809
1992-10-01,1.973078250885009
1992-10-02,1.9667754173278809
1992-10-05,1.916345238685608
1992-10-06,1.88482666015625
1992-10-07,1.878522515296936
1992-10-08,1.903736352920532
1992-10-09,1.891130328178405
1992-10-12,1.9226481914520264
1992-10-13,1.916345238685608
1992-10-14,1.947864055633545
1992-10-15,1.973078250885009
1992-10-16,1.9856867790222168
1992-10-19,2.0109007358551025
1992-10-20,2.0109007358551025
1992-10-21,2.0045981407165527
1992-10-22,2.029813528060913
1992-10-23,2.061330795288086
1992-10-26,2.067635297775269
1992-10-27,2.092849969863892
1992-10-28,2.067635297775269
1992-10-29,2.086546897888184
1992-10-30,2.118067741394043
1992-11-02,2.1581838130950928
1992-11-03,2.1645307540893555
1992-11-04,2.1518337726593018
1992-11-05,2.14548659324646
1992-11-06,2.1264450550079346
1992-11-09,2.1264450550079346
1992-11-10,2.1264450550079346
1992-11-11,2.1391382217407227
1992-11-12,2.1327922344207764
1992-11-13,2.1772243976593018
1992-11-16,2.14548659324646
1992-11-17,2.1518337726593018
1992-11-18,2.1772243976593018
1992-11-19,2.170877456665039
1992-11-20,2.1645307540893555
1992-11-23,2.1581838130950928
1992-11-24,2.1772243976593018
1992-11-25,2.1327922344207764
1992-11-27,2.1391382217407227
1992-11-30,2.1518337726593018
1992-12-01,2.1327922344207764
1992-12-02,2.14548659324646
1992-12-03,2.170877456665039
1992-12-04,2.19626784324646
1992-12-07,2.202615976333618
1992-12-08,2.19626784324646
1992-12-09,2.1772243976593018
1992-12-10,2.1581838130950928
1992-12-11,2.1391382217407227
1992-12-14,2.1645307540893555
1992-12-15,2.1645307540893555
1992-12-16,2.1581838130950928
1992-12-17,2.1772243976593018
1992-12-18,2.202615976333618
1992-12-21,2.18357253074646
1992-12-22,2.1772243976593018
1992-12-23,2.189920425415039
1992-12-24,2.2153115272521973
1992-12-28,2.23435378074646
1992-12-29,2.2280070781707764
1992-12-30,2.2153115272521973
1992-12-31,2.189920425415039
1993-01-04,2.189920425415039
1993-01-05,2.189920425415039
1993-01-06,2.19626784324646
1993-01-07,2.1581838130950928
1993-01-08,2.1327922344207764
1993-01-11,2.1200973987579346
1993-01-12,2.1200973987579346
1993-01-13,2.1391382217407227
1993-01-14,2.1581838130950928
1993-01-15,2.202615976333618
1993-01-18,2.1645307540893555
1993-01-19,2.202615976333618
1993-01-20,2.18357253074646
1993-01-21,2.221658229827881
1993-01-22,2.2597453594207764
1993-01-25,2.2597453594207764
1993-01-26,2.2597453594207764
1993-01-27,2.291480779647827
1993-01-28,2.291480779647827
1993-01-29,2.2851338386535645
1993-02-01,2.338290214538574
1993-02-02,2.3127341270446777
1993-02-03,2.370232105255127
1993-02-04,2.3957884311676025
1993-02-05,2.3766207695007324
1993-02-08,2.3766207695007324
1993-02-09,2.3574540615081787
1993-02-10,2.338290214538574
1993-02-11,2.3638436794281006
1993-02-12,2.331899404525757
1993-02-16,2.3063442707061768
1993-02-17,2.2232906818389893
1993-02-18,2.2232906818389893
1993-02-19,2.2488460540771484
1993-02-22,2.2871809005737305
1993-02-23,2.325511932373047
1993-02-24,2.370232105255127
1993-02-25,2.3893985748291016
1993-02-26,2.3766207695007324
1993-03-01,2.402177095413208
1993-03-02,2.4405086040496826
1993-03-03,2.453285455703736
1993-03-04,2.3893985748291016
1993-03-05,2.421342134475708
1993-03-08,2.498006820678711
1993-03-09,2.555506467819214
1993-03-10,2.587451457977295
1993-03-11,2.600226879119873
1993-03-12,2.587451457977295
1993-03-15,2.6130049228668213
1993-03-16,2.581062793731689
1993-03-17,2.5235626697540283
1993-03-18,2.517173767089844
1993-03-19,2.510784864425659
1993-03-22,2.549118757247925
1993-03-23,2.542729139328003
1993-03-24,2.536339521408081
1993-03-25,2.555506467819214
1993-03-26,2.517173767089844
1993-03-29,2.549118757247925
1993-03-30,2.549118757247925
1993-03-31,2.549118757247925
1993-04-01,2.555506467819214
1993-04-02,2.555506467819214
1993-04-05,2.561895608901977
1993-04-06,2.606618642807007
1993-04-07,2.6577281951904297
1993-04-08,2.753556966781616
1993-04-12,2.849388599395752
1993-04-13,2.86855697631836
1993-04-14,2.798280000686645
1993-04-15,2.7407803535461426
1993-04-16,2.6705055236816406
1993-04-19,2.664116144180298
1993-04-20,2.6321723461151123
1993-04-21,2.581062793731689
1993-04-22,2.581062793731689
1993-04-23,2.555506467819214
1993-04-26,2.491619825363159
1993-04-27,2.561895608901977
1993-04-28,2.549118757247925
1993-04-29,2.6130049228668213
1993-04-30,2.625783443450928
1993-05-03,2.6684787273406982
1993-05-04,2.662049531936645
1993-05-05,2.6427576541900635
1993-05-06,2.578458547592163
1993-05-07,2.57202696800232
1993-05-10,2.527017116546631
1993-05-11,2.6041789054870605
1993-05-12,2.6041789054870605
1993-05-13,2.5398757457733154
1993-05-14,2.494868993759156
1993-05-17,2.494868993759156
1993-05-18,2.5205886363983154
1993-05-19,2.6041789054870605
1993-05-20,2.5977470874786377
1993-05-21,2.57202696800232
1993-05-24,2.56559681892395
1993-05-25,2.578458547592163
1993-05-26,2.6491892337799072
1993-05-27,2.6041789054870605
1993-05-28,2.5527379512786865
1993-06-01,2.56559681892395
1993-06-02,2.5205886363983154
1993-06-03,2.514156579971313
1993-06-04,2.424135684967041
1993-06-07,2.3662660121917725
1993-06-08,2.3662660121917725
1993-06-09,2.4112753868103027
1993-06-10,2.4177064895629883
1993-06-11,2.456286191940308
1993-06-14,2.5205886363983154
1993-06-15,2.5398757457733154
1993-06-16,2.5334482192993164
1993-06-17,2.56559681892395
1993-06-18,2.559168100357056
1993-06-21,2.578458547592163
1993-06-22,2.6106090545654297
1993-06-23,2.5977470874786377
1993-06-24,2.629899501800537
1993-06-25,2.6749093532562256
1993-06-28,2.7842214107513428
1993-06-29,2.803509473800659
1993-06-30,2.816370248794556
1993-07-01,2.764930009841919
1993-07-02,2.713489294052124
1993-07-06,2.7392098903656006
1993-07-07,2.803509473800659
1993-07-08,2.8806724548339844
1993-07-09,2.816370248794556
1993-07-12,2.803509473800659
1993-07-13,2.764930009841919
1993-07-14,2.726349115371704
1993-07-15,2.752070426940918
1993-07-16,2.777790307998657
1993-07-19,2.816370248794556
1993-07-20,2.803509473800659
1993-07-21,2.803509473800659
1993-07-22,2.777790307998657
1993-07-23,2.816370248794556
1993-07-26,2.803509473800659
1993-07-27,2.803509473800659
1993-07-28,2.700629949569702
1993-07-29,2.713489294052124
1993-07-30,2.700629949569702
1993-08-02,2.730654001235962
1993-08-03,2.730654001235962
1993-08-04,2.6659469604492188
1993-08-05,2.6788876056671143
1993-08-06,2.6788876056671143
1993-08-09,2.6659469604492188
1993-08-10,2.7047722339630127
1993-08-11,2.717712879180908
1993-08-12,2.7565364837646484
1993-08-13,2.769477844238281
1993-08-16,2.743593454360962
1993-08-17,2.717712879180908
1993-08-18,2.717712879180908
1993-08-19,2.730654001235962
1993-08-20,2.743593454360962
1993-08-23,2.730654001235962
1993-08-24,2.808301448822021
1993-08-25,2.769477844238281
1993-08-26,2.769477844238281
1993-08-27,2.769477844238281
1993-08-30,2.743593454360962
1993-08-31,2.743593454360962
1993-09-01,2.730654001235962
1993-09-02,2.691829204559326
1993-09-03,2.730654001235962
1993-09-07,2.717712879180908
1993-09-08,2.769477844238281
1993-09-09,2.808301448822021
1993-09-10,2.8212432861328125
1993-09-13,2.847126245498657
1993-09-14,2.808301448822021
1993-09-15,2.7565364837646484
1993-09-16,2.743593454360962
1993-09-17,2.743593454360962
1993-09-20,2.717712879180908
1993-09-21,2.7047722339630127
1993-09-22,2.7047722339630127
1993-09-23,2.7047722339630127
1993-09-24,2.743593454360962
1993-09-27,2.8341846466064453
1993-09-28,2.8212432861328125
1993-09-29,2.795360565185547
1993-09-30,2.860067129135132
1993-10-01,2.873009204864502
1993-10-04,2.924776077270508
1993-10-05,2.873009204864502
1993-10-06,2.885951519012451
1993-10-07,2.8988940715789795
1993-10-08,2.9377169609069824
1993-10-11,2.8988940715789795
1993-10-12,2.950659990310669
1993-10-13,2.9636001586914062
1993-10-14,2.873009204864502
1993-10-15,2.885951519012451
1993-10-18,2.808301448822021
1993-10-19,2.717712879180908
1993-10-20,2.7047722339630127
1993-10-21,2.7047722339630127
1993-10-22,2.6788876056671143
1993-10-25,2.6788876056671143
1993-10-26,2.691829204559326
1993-10-27,2.7047722339630127
1993-10-28,2.691829204559326
1993-10-29,2.6659469604492188
1993-11-01,2.68313980102539
1993-11-02,2.6570894718170166
1993-11-03,2.604988813400269
1993-11-04,2.448690414428711
1993-11-05,2.513814210891724
1993-11-08,2.4747393131256104
1993-11-09,2.539865493774414
1993-11-10,2.487765312194824
1993-11-11,2.448690414428711
1993-11-12,2.461714506149292
1993-11-15,2.448690414428711
1993-11-16,2.461714506149292
1993-11-17,2.422640800476074
1993-11-18,2.357515335083008
1993-11-19,2.396589517593384
1993-11-22,2.396589517593384
1993-11-23,2.422640800476074
1993-11-24,2.3705403804779053
1993-11-26,2.3705403804779053
1993-11-29,2.396589517593384
1993-11-30,2.383565902709961
1993-12-01,2.435665369033813
1993-12-02,2.4096152782440186
1993-12-03,2.396589517593384
1993-12-06,2.396589517593384
1993-12-07,2.4096152782440186
1993-12-08,2.448690414428711
1993-12-09,2.448690414428711
1993-12-10,2.500789165496826
1993-12-13,2.435665369033813
1993-12-14,2.461714506149292
1993-12-15,2.4096152782440186
1993-12-16,2.500789165496826
1993-12-17,2.578940153121948
1993-12-20,2.565914869308472
1993-12-21,2.565914869308472
1993-12-22,2.5528900623321533
1993-12-23,2.578940153121948
1993-12-27,2.604988813400269
1993-12-28,2.631037950515747
1993-12-29,2.565914869308472
1993-12-30,2.604988813400269
1993-12-31,2.539865493774414
1994-01-03,2.487765312194824
1994-01-04,2.487765312194824
1994-01-05,2.4747393131256104
1994-01-06,2.448690414428711
1994-01-07,2.526841163635254
1994-01-10,2.578940153121948
1994-01-11,2.604988813400269
1994-01-12,2.604988813400269
1994-01-13,2.578940153121948
1994-01-14,2.539865493774414
1994-01-17,2.565914869308472
1994-01-18,2.513814210891724
1994-01-19,2.578940153121948
1994-01-20,2.604988813400269
1994-01-21,2.631037950515747
1994-01-24,2.618014574050904
1994-01-25,2.670114517211914
1994-01-26,2.696164131164551
1994-01-27,2.7352397441864014
1994-01-28,2.68313980102539
1994-01-31,2.768151044845581
1994-02-01,2.7943902015686035
1994-02-02,2.87310528755188
1994-02-03,2.768151044845581
1994-02-04,2.7025563716888428
1994-02-07,2.689436674118042
1994-02-08,2.6238396167755127
1994-02-09,2.636959314346313
1994-02-10,2.6500778198242188
1994-02-11,2.6238396167755127
1994-02-14,2.5844831466674805
1994-02-15,2.545126914978028
1994-02-16,2.558245182037353
1994-02-17,2.545126914978028
1994-02-18,2.5057685375213623
1994-02-22,2.545126914978028
1994-02-23,2.5057685375213623
1994-02-24,2.4532909393310547
1994-02-25,2.47952938079834
1994-02-28,2.4664103984832764
1994-03-01,2.4532909393310547
1994-03-02,2.4401721954345703
1994-03-03,2.4401721954345703
1994-03-04,2.427052021026612
1994-03-07,2.427052021026612
1994-03-08,2.4139328002929688
1994-03-09,2.4139328002929688
1994-03-10,2.361456871032715
1994-03-11,2.4008142948150635
1994-03-14,2.4401721954345703
1994-03-15,2.4139328002929688
1994-03-16,2.47952938079834
1994-03-17,2.5320053100585938
1994-03-18,2.558245182037353
1994-03-21,2.5844831466674805
1994-03-22,2.597602367401123
1994-03-23,2.597602367401123
1994-03-24,2.636959314346313
1994-03-25,2.545126914978028
1994-03-28,2.6107213497161865
1994-03-29,2.571364164352417
1994-03-30,2.5057685375213623
1994-03-31,2.5057685375213623
1994-04-04,2.4401721954345703
1994-04-05,2.518885612487793
1994-04-06,2.492647647857666
1994-04-07,2.545126914978028
1994-04-08,2.6238396167755127
1994-04-11,2.7287943363189697
1994-04-12,2.715674877166748
1994-04-13,2.715674877166748
1994-04-14,2.768151044845581
1994-04-15,2.7943902015686035
1994-04-18,2.768151044845581
1994-04-19,2.820629358291626
1994-04-20,2.7550323009490967
1994-04-21,2.768151044845581
1994-04-22,2.7550323009490967
1994-04-25,2.7025563716888428
1994-04-26,2.7025563716888428
1994-04-28,2.6500778198242188
1994-04-29,2.7025563716888428
1994-05-02,2.6692557334899902
1994-05-03,2.7088983058929443
1994-05-04,2.722111940383911
1994-05-05,2.7088983058929443
1994-05-06,2.6296145915985107
1994-05-09,2.6692557334899902
1994-05-10,2.7088983058929443
1994-05-11,2.682469367980957
1994-05-12,2.69568395614624
1994-05-13,2.722111940383911
1994-05-16,2.7088983058929443
1994-05-17,2.69568395614624
1994-05-18,2.7088983058929443
1994-05-19,2.761753797531128
1994-05-20,2.748539686203003
1994-05-23,2.656040668487549
1994-05-24,2.761753797531128
1994-05-25,2.788184642791748
1994-05-26,2.827824592590332
1994-05-27,2.841038942337036
1994-05-31,2.827824592590332
1994-06-01,2.854252815246582
1994-06-02,2.867467403411865
1994-06-03,2.8806815147399902
1994-06-06,2.907110452651977
1994-06-07,2.9203240871429443
1994-06-08,2.9203240871429443
1994-06-09,2.907110452651977
1994-06-10,2.907110452651977
1994-06-13,2.94675350189209
1994-06-14,2.959966897964477
1994-06-15,2.9203240871429443
1994-06-16,2.9203240871429443
1994-06-17,2.9335386753082275
1994-06-20,2.8806815147399902
1994-06-21,2.827824592590332
1994-06-22,2.854252815246582
1994-06-23,2.841038942337036
1994-06-24,2.788184642791748
1994-06-27,2.827824592590332
1994-06-28,2.80139684677124
1994-06-29,2.867467403411865
1994-06-30,2.761753797531128
1994-07-01,2.854252815246582
1994-07-05,2.827824592590332
1994-07-06,2.788184642791748
1994-07-07,2.774968147277832
1994-07-08,2.748539686203003
1994-07-11,2.7353265285491943
1994-07-12,2.69568395614624
1994-07-13,2.682469367980957
1994-07-14,2.748539686203003
1994-07-15,2.748539686203003
1994-07-18,2.761753797531128
1994-07-19,2.7088983058929443
1994-07-20,2.7088983058929443
1994-07-21,2.7088983058929443
1994-07-22,2.69568395614624
1994-07-25,2.69568395614624
1994-07-26,2.69568395614624
1994-07-27,2.722111940383911
1994-07-28,2.722111940383911
1994-07-29,2.761753797531128
1994-08-01,2.754835844039917
1994-08-02,2.741525888442993
1994-08-03,2.754835844039917
1994-08-04,2.7947592735290527
1994-08-05,2.7814507484436035
1994-08-08,2.7947592735290527
1994-08-09,2.821375131607056
1994-08-10,2.7947592735290527
1994-08-11,2.7947592735290527
1994-08-12,2.821375131607056
1994-08-15,2.7947592735290527
1994-08-16,2.861302375793457
1994-08-17,2.847994089126587
1994-08-18,2.8080697059631348
1994-08-19,2.7947592735290527
1994-08-22,2.754835844039917
1994-08-23,2.834684371948242
1994-08-24,2.847994089126587
1994-08-25,2.861302375793457
1994-08-26,2.887917995452881
1994-08-29,2.887917995452881
1994-08-30,2.861302375793457
1994-08-31,2.834684371948242
1994-09-01,2.821375131607056
1994-09-02,2.7947592735290527
1994-09-06,2.7814507484436035
1994-09-07,2.8080697059631348
1994-09-08,2.7947592735290527
1994-09-09,2.7681424617767334
1994-09-12,2.7814507484436035
1994-09-13,2.821375131607056
1994-09-14,2.8080697059631348
1994-09-15,2.8080697059631348
1994-09-16,2.7814507484436035
1994-09-19,2.754835844039917
1994-09-20,2.701601028442383
1994-09-21,2.701601028442383
1994-09-22,2.7149083614349365
1994-09-23,2.701601028442383
1994-09-26,2.728217840194702
1994-09-27,2.674983024597168
1994-09-28,2.6882925033569336
1994-09-29,2.6616766452789307
1994-09-30,2.635058879852295
1994-10-03,2.581825256347656
1994-10-04,2.528590440750122
1994-10-05,2.581825256347656
1994-10-06,2.5685181617736816
1994-10-07,2.5685181617736816
1994-10-10,2.541900873184204
1994-10-11,2.515284776687622
1994-10-12,2.5951335430145264
1994-10-13,2.608442783355713
1994-10-14,2.635058879852295
1994-10-17,2.64836859703064
1994-10-18,2.64836859703064
1994-10-19,2.64836859703064
1994-10-20,2.621750593185425
1994-10-21,2.581825256347656
1994-10-24,2.555208206176758
1994-10-25,2.555208206176758
1994-10-26,2.515284776687622
1994-10-27,2.5951335430145264
1994-10-28,2.6616766452789307
1994-10-31,2.6305391788482666
1994-11-01,2.6573801040649414
1994-11-02,2.6171183586120605
1994-11-03,2.590275764465332
1994-11-04,2.523170232772827
1994-11-07,2.523170232772827
1994-11-08,2.603696584701538
1994-11-09,2.576854467391968
1994-11-10,2.523170232772827
1994-11-11,2.4963271617889404
1994-11-14,2.4963271617889404
1994-11-15,2.46948504447937
1994-11-16,2.442643165588379
1994-11-17,2.46948504447937
1994-11-18,2.415800333023072
1994-11-21,2.402379512786865
1994-11-22,2.3352742195129395
1994-11-23,2.4829063415527344
1994-11-25,2.4963271617889404
1994-11-28,2.402379512786865
1994-11-29,2.442643165588379
1994-11-30,2.3352742195129395
1994-12-01,2.2681682109832764
1994-12-02,2.362116813659668
1994-12-05,2.388958692550659
1994-12-06,2.388958692550659
1994-12-07,2.415800333023072
1994-12-08,2.3755362033843994
1994-12-09,2.402379512786865
1994-12-12,2.415800333023072
1994-12-13,2.415800333023072
1994-12-14,2.4829063415527344
1994-12-15,2.4963271617889404
1994-12-16,2.4963271617889404
1994-12-19,2.523170232772827
1994-12-20,2.4963271617889404
1994-12-21,2.442643165588379
1994-12-22,2.429222345352173
1994-12-23,2.456064462661743
1994-12-27,2.46948504447937
1994-12-28,2.509749412536621
1994-12-29,2.46948504447937
1994-12-30,2.509749412536621
1995-01-03,2.4963271617889404
1995-01-04,2.456064462661743
1995-01-05,2.4829063415527344
1995-01-06,2.4963271617889404
1995-01-09,2.456064462661743
1995-01-10,2.456064462661743
1995-01-11,2.456064462661743
1995-01-12,2.46948504447937
1995-01-13,2.523170232772827
1995-01-16,2.590275764465332
1995-01-17,2.563434600830078
1995-01-18,2.550010681152344
1995-01-19,2.5365915298461914
1995-01-20,2.523170232772827
1995-01-23,2.590275764465332
1995-01-24,2.576854467391968
1995-01-25,2.603696584701538
1995-01-26,2.603696584701538
1995-01-27,2.6171183586120605
1995-01-30,2.6263234615325928
1995-01-31,2.599247694015503
1995-02-01,2.5450973510742188
1995-02-02,2.585711717605591
1995-02-03,2.6804733276367188
1995-02-06,2.6940128803253174
1995-02-07,2.6804733276367188
1995-02-08,2.6533992290496826
1995-02-09,2.639861583709717
1995-02-10,2.6263234615325928
1995-02-13,2.639861583709717
1995-02-14,2.612785816192627
1995-02-15,2.639861583709717
1995-02-16,2.6940128803253174
1995-02-17,2.707550525665283
1995-02-21,2.6533992290496826
1995-02-22,2.6804733276367188
1995-02-23,2.707550525665283
1995-02-24,2.7346253395080566
1995-02-27,2.707550525665283
1995-02-28,2.788775682449341
1995-03-01,2.8158514499664307
1995-03-02,2.8158514499664307
1995-03-03,2.7752392292022705
1995-03-06,2.788775682449341
1995-03-07,2.7481625080108643
1995-03-08,2.721086502075196
1995-03-09,2.7346253395080566
1995-03-10,2.8158514499664307
1995-03-13,2.7752392292022705
1995-03-14,2.7752392292022705
1995-03-15,2.707550525665283
1995-03-16,2.761700391769409
1995-03-17,2.721086502075196
1995-03-20,2.707550525665283
1995-03-21,2.707550525665283
1995-03-22,2.707550525665283
1995-03-23,2.6669366359710693
1995-03-24,2.6940128803253174
1995-03-27,2.707550525665283
1995-03-28,2.707550525665283
1995-03-29,2.761700391769409
1995-03-30,2.7481625080108643
1995-03-31,2.7481625080108643
1995-04-03,2.761700391769409
1995-04-04,2.788775682449341
1995-04-05,2.8158514499664307
1995-04-06,2.870002031326294
1995-04-07,2.8970787525177
1995-04-10,2.85646653175354
1995-04-11,2.8158514499664307
1995-04-12,2.8429276943206787
1995-04-13,2.85646653175354
1995-04-17,2.802314519882202
1995-04-18,2.8158514499664307
1995-04-19,2.788775682449341
1995-04-20,2.802314519882202
1995-04-21,2.7752392292022705
1995-04-24,2.8158514499664307
1995-04-25,2.8158514499664307
1995-04-26,2.8293890953063965
1995-04-27,2.910616397857666
1995-04-28,2.870002031326294
1995-05-01,2.811052322387696
1995-05-02,2.838343858718872
1995-05-03,2.8929288387298584
1995-05-04,2.96115779876709
1995-05-05,2.9475133419036865
1995-05-08,2.98844838142395
1995-05-09,3.0293867588043213
1995-05-10,3.083970069885254
1995-05-11,3.0293867588043213
1995-05-12,3.083970069885254
1995-05-15,3.0703256130218506
1995-05-16,3.015740394592285
1995-05-17,3.0293867588043213
1995-05-18,2.974803686141968
1995-05-19,2.9475133419036865
1995-05-22,2.974803686141968
1995-05-23,3.083970069885254
1995-05-24,3.056678533554077
1995-05-25,3.015740394592285
1995-05-26,3.0293867588043213
1995-05-30,3.0703256130218506
1995-05-31,3.097614049911499
1995-06-01,3.111261367797852
1995-06-02,3.152199506759644
1995-06-05,3.152199506759644
1995-06-06,3.124907970428467
1995-06-07,3.111261367797852
1995-06-08,3.097614049911499
1995-06-09,3.111261367797852
1995-06-12,3.0703256130218506
1995-06-13,3.111261367797852
1995-06-14,3.097614049911499
1995-06-15,3.111261367797852
1995-06-16,3.097614049911499
1995-06-19,3.111261367797852
1995-06-20,3.152199506759644
1995-06-21,3.124907970428467
1995-06-22,3.1385531425476074
1995-06-23,3.1794915199279785
1995-06-26,3.1794915199279785
1995-06-27,3.152199506759644
1995-06-28,3.1794915199279785
1995-06-29,3.165845394134521
1995-06-30,3.1385531425476074
1995-07-03,3.1385531425476074
1995-07-05,3.124907970428467
1995-07-06,3.152199506759644
1995-07-07,3.206784248352051
1995-07-10,3.2204301357269287
1995-07-11,3.1931376457214355
1995-07-12,3.1931376457214355
1995-07-13,3.2204301357269287
1995-07-14,3.165845394134521
1995-07-17,3.1385531425476074
1995-07-18,3.124907970428467
1995-07-19,3.056678533554077
1995-07-20,3.056678533554077
1995-07-21,3.111261367797852
1995-07-24,3.083970069885254
1995-07-25,3.111261367797852
1995-07-26,3.111261367797852
1995-07-27,3.124907970428467
1995-07-28,3.083970069885254
1995-07-31,3.083970069885254
1995-08-01,3.056678533554077
1995-08-02,3.0142855644226074
1995-08-03,3.0005218982696533
1995-08-04,3.028049230575561
1995-08-07,3.069342613220215
1995-08-08,3.08310604095459
1995-08-09,3.08310604095459
1995-08-10,3.096870422363281
1995-08-11,3.069342613220215
1995-08-14,3.096870422363281
1995-08-15,3.096870422363281
1995-08-16,3.110633373260498
1995-08-17,3.096870422363281
1995-08-18,3.096870422363281
1995-08-21,3.1381611824035645
1995-08-22,3.206979513168335
1995-08-23,3.165688753128052
1995-08-24,3.206979513168335
1995-08-25,3.2482712268829346
1995-08-28,3.358381748199463
1995-08-29,3.2895641326904297
1995-08-30,3.31709098815918
1995-08-31,3.31709098815918
1995-09-01,3.344618797302246
1995-09-05,3.358381748199463
1995-09-06,3.3859105110168457
1995-09-07,3.372145175933838
1995-09-08,3.399675846099853
1995-09-11,3.3859105110168457
1995-09-12,3.413438558578491
1995-09-13,3.358381748199463
1995-09-14,3.427203893661499
1995-09-15,3.4684953689575195
1995-09-18,3.427203893661499
1995-09-19,3.427203893661499
1995-09-20,3.4409642219543457
1995-09-21,3.427203893661499
1995-09-22,3.427203893661499
1995-09-25,3.496021509170532
1995-09-26,3.509784698486328
1995-09-27,3.496021509170532
1995-09-28,3.5648412704467773
1995-09-29,3.5786046981811523
1995-10-02,3.53731369972229
1995-10-03,3.5648412704467773
1995-10-04,3.5786046981811523
1995-10-05,3.606132984161377
1995-10-06,3.592367887496948
1995-10-09,3.551076889038086
1995-10-10,3.551076889038086
1995-10-11,3.5235483646392822
1995-10-12,3.606132984161377
1995-10-13,3.592367887496948
1995-10-16,3.6887147426605225
1995-10-17,3.7300071716308594
1995-10-18,3.702478647232056
1995-10-19,3.5648412704467773
1995-10-20,3.5235483646392822
1995-10-23,3.5235483646392822
1995-10-24,3.399675846099853
1995-10-25,3.31709098815918
1995-10-26,3.344618797302246
1995-10-27,3.31709098815918
1995-10-30,3.3033251762390137
1995-10-31,3.2482712268829346
1995-11-01,3.31654691696167
1995-11-02,3.427560567855835
1995-11-03,3.427560567855835
1995-11-06,3.552449941635132
1995-11-07,3.5663259029388428
1995-11-08,3.5663259029388428
1995-11-09,3.607955932617188
1995-11-10,3.607955932617188
1995-11-13,3.5385727882385254
1995-11-14,3.524695634841919
1995-11-15,3.5108189582824707
1995-11-16,3.5385727882385254
1995-11-17,3.5385727882385254
1995-11-20,3.524695634841919
1995-11-21,3.5385727882385254
1995-11-22,3.469190120697021
1995-11-24,3.5385727882385254
1995-11-27,3.552449941635132
1995-11-28,3.621834754943848
1995-11-29,3.552449941635132
1995-11-30,3.663464784622192
1995-12-01,3.663464784622192
1995-12-04,3.7606027126312256
1995-12-05,3.788354635238648
1995-12-06,3.843861818313599
1995-12-07,3.774479627609253
1995-12-08,3.774479627609253
1995-12-11,3.6773409843444815
1995-12-12,3.691218376159668
1995-12-13,3.746726512908936
1995-12-14,3.7606027126312256
1995-12-15,3.732847452163696
1995-12-18,3.6773409843444815
1995-12-19,3.788354635238648
1995-12-20,3.691218376159668
1995-12-21,3.691218376159668
1995-12-22,3.705094337463379
1995-12-26,3.718969821929932
1995-12-27,3.705094337463379
1995-12-28,3.705094337463379
1995-12-29,3.663464784622192
1996-01-02,3.649587154388428
1996-01-03,3.663464784622192
1996-01-04,3.607955932617188
1996-01-05,3.649587154388428
1996-01-08,3.649587154388428
1996-01-09,3.639183759689331
1996-01-10,3.4414358139038086
1996-01-11,3.5385727882385254
1996-01-12,3.5663259029388428
1996-01-15,3.4830658435821533
1996-01-16,3.5663259029388428
1996-01-17,3.580203056335449
1996-01-18,3.496941328048706
1996-01-19,3.552449941635132
1996-01-22,3.607955932617188
1996-01-23,3.594080209732056
1996-01-24,3.607955932617188
1996-01-25,3.580203056335449
1996-01-26,3.594080209732056
1996-01-29,3.607955932617188
1996-01-30,3.774479627609253
1996-01-31,3.843238592147827
1996-02-01,3.787335157394409
1996-02-02,3.731432676315308
1996-02-05,3.731432676315308
1996-02-06,3.815286874771118
1996-02-07,3.885163545608521
1996-02-08,4.05286979675293
1996-02-09,4.024918556213379
1996-02-12,4.05286979675293
1996-02-13,4.066844940185547
1996-02-14,4.0388922691345215
1996-02-15,3.996966600418091
1996-02-16,3.969016075134277
1996-02-20,3.913114070892334
1996-02-21,3.969016075134277
1996-02-22,4.080820083618164
1996-02-23,4.080820083618164
1996-02-26,4.066844940185547
1996-02-27,4.05286979675293
1996-02-28,4.066844940185547
1996-02-29,4.080820083618164
1996-03-01,4.09479570388794
1996-03-04,4.122745513916016
1996-03-05,4.136719703674316
1996-03-06,4.09479570388794
1996-03-07,4.010942935943604
1996-03-08,3.857212066650391
1996-03-11,3.815286874771118
1996-03-12,3.815286874771118
1996-03-13,3.773359060287476
1996-03-14,3.8292624950408936
1996-03-15,3.885163545608521
1996-03-18,3.996966600418091
1996-03-19,4.010942935943604
1996-03-20,3.941065788269043
1996-03-21,3.885163545608521
1996-03-22,3.941065788269043
1996-03-25,4.05286979675293
1996-03-26,4.066844940185547
1996-03-27,4.066844940185547
1996-03-28,4.122745513916016
1996-03-29,4.108768939971924
1996-04-01,4.178644180297852
1996-04-02,4.192623138427734
1996-04-03,4.136719703674316
1996-04-04,4.136719703674316
1996-04-08,4.010942935943604
1996-04-09,4.05286979675293
1996-04-10,3.9829890727996826
1996-04-11,3.913114070892334
1996-04-12,4.024918556213379
1996-04-15,4.108768939971924
1996-04-16,4.066844940185547
1996-04-17,4.024918556213379
1996-04-18,4.024918556213379
1996-04-19,4.080820083618164
1996-04-22,4.09479570388794
1996-04-23,4.09479570388794
1996-04-24,4.066844940185547
1996-04-25,4.024918556213379
1996-04-26,4.066844940185547
1996-04-29,4.066844940185547
1996-04-30,4.0388922691345215
1996-05-01,4.0388922691345215
1996-05-02,3.871187448501587
1996-05-03,3.913114070892334
1996-05-06,3.857212066650391
1996-05-07,3.857212066650391
1996-05-08,3.958065509796143
1996-05-09,3.94398045539856
1996-05-10,4.000324726104736
1996-05-13,4.042579650878906
1996-05-14,4.0284929275512695
1996-05-15,4.042579650878906
1996-05-16,4.0284929275512695
1996-05-17,4.056666851043701
1996-05-20,4.056666851043701
1996-05-21,4.056666851043701
1996-05-22,4.098922252655029
1996-05-23,4.070751190185547
1996-05-24,4.141179084777832
1996-05-28,4.042579650878906
1996-05-29,4.042579650878906
1996-05-30,4.014408111572266
1996-05-31,3.9298951625823975
1996-06-03,3.94398045539856
1996-06-04,3.972153663635254
1996-06-05,3.972153663635254
1996-06-06,4.0284929275512695
1996-06-07,3.94398045539856
1996-06-10,3.9158098697662354
1996-06-11,3.9298951625823975
1996-06-12,3.901724576950073
1996-06-13,3.901724576950073
1996-06-14,3.9158098697662354
1996-06-17,3.859466075897217
1996-06-18,3.901724576950073
1996-06-19,3.8453798294067374
1996-06-20,3.831294298171997
1996-06-21,3.817208766937256
1996-06-24,3.859466075897217
1996-06-25,3.901724576950073
1996-06-26,3.859466075897217
1996-06-27,3.9158098697662354
1996-06-28,3.9298951625823975
1996-07-01,3.94398045539856
1996-07-02,3.859466075897217
1996-07-03,3.887636423110962
1996-07-05,3.7608659267425537
1996-07-08,3.662267446517944
1996-07-09,3.7608659267425537
1996-07-10,3.8031234741210938
1996-07-11,3.7186100482940674
1996-07-12,3.690438270568848
1996-07-15,3.704524278640747
1996-07-16,3.704524278640747
1996-07-17,3.7608659267425537
1996-07-18,3.831294298171997
1996-07-19,3.817208766937256
1996-07-22,3.774951457977295
1996-07-23,3.732696771621704
1996-07-24,3.7186100482940674
1996-07-25,3.774951457977295
1996-07-26,3.8453798294067374
1996-07-29,3.817208766937256
1996-07-30,3.9298951625823975
1996-07-31,4.000324726104736
1996-08-01,4.070751190185547
1996-08-02,4.169351577758789
1996-08-05,4.1130051612854
1996-08-06,4.1130051612854
1996-08-07,4.15785026550293
1996-08-08,4.2288031578063965
1996-08-09,4.214612007141113
1996-08-12,4.242993354797363
1996-08-13,4.2288031578063965
1996-08-14,4.200421333312988
1996-08-15,4.242993354797363
1996-08-16,4.342324733734131
1996-08-19,4.32813835144043
1996-08-20,4.370710849761963
1996-08-21,4.32813835144043
1996-08-22,4.356518268585205
1996-08-23,4.3139472007751465
1996-08-26,4.32813835144043
1996-08-27,4.370710849761963
1996-08-28,4.384902000427246
1996-08-29,4.32813835144043
1996-08-30,4.271373271942139
1996-09-03,4.285565376281738
1996-09-04,4.342324733734131
1996-09-05,4.32813835144043
1996-09-06,4.384902000427246
1996-09-09,4.427473545074463
1996-09-10,4.384902000427246
1996-09-11,4.4132819175720215
1996-09-12,4.455853462219238
1996-09-13,4.583566665649414
1996-09-16,4.569379806518555
1996-09-17,4.498425006866455
1996-09-18,4.498425006866455
1996-09-19,4.5410003662109375
1996-09-20,4.5410003662109375
1996-09-23,4.59775972366333
1996-09-24,4.59775972366333
1996-09-25,4.59775972366333
1996-09-26,4.611950874328613
1996-09-27,4.59775972366333
1996-09-30,4.626141548156738
1996-10-01,4.768049240112305
1996-10-02,4.796432495117188
1996-10-03,4.782236576080322
1996-10-04,4.853188991546631
1996-10-07,4.824807643890381
1996-10-08,4.810617923736572
1996-10-09,4.796432495117188
1996-10-10,4.796432495117188
1996-10-11,4.824807643890381
1996-10-14,4.810617923736572
1996-10-15,4.810617923736572
1996-10-16,4.810617923736572
1996-10-17,4.867379665374756
1996-10-18,4.8957600593566895
1996-10-21,4.909954071044922
1996-10-22,4.867379665374756
1996-10-23,4.867379665374756
1996-10-24,4.824807643890381
1996-10-25,4.867379665374756
1996-10-28,4.810617923736572
1996-10-29,4.909954071044922
1996-10-30,4.924143314361572
1996-10-31,4.980906009674072
1996-11-01,4.952524662017822
1996-11-04,4.99509334564209
1996-11-05,5.066049575805664
1996-11-06,5.068334102630615
1996-11-07,5.054055213928223
1996-11-08,4.98267126083374
1996-11-11,4.954117774963379
1996-11-12,4.911287784576416
1996-11-13,4.897011756896973
1996-11-14,4.996947288513184
1996-11-15,4.98267126083374
1996-11-18,4.968393325805664
1996-11-19,5.139720439910889
1996-11-20,5.068334102630615
1996-11-21,5.054055213928223
1996-11-22,5.182547569274902
1996-11-25,5.268211841583252
1996-11-26,5.282488822937012
1996-11-27,5.196824550628662
1996-11-29,5.339596748352051
1996-12-02,5.296764850616455
1996-12-03,5.182547569274902
1996-12-04,5.054055213928223
1996-12-05,5.025503635406494
1996-12-06,5.025503635406494
1996-12-09,5.153996467590332
1996-12-10,5.096885681152344
1996-12-11,4.98267126083374
1996-12-12,4.911287784576416
1996-12-13,4.882731914520264
1996-12-16,4.797073841094971
1996-12-17,4.911287784576416
1996-12-18,4.939841270446777
1996-12-19,5.139720439910889
1996-12-20,5.253937244415283
1996-12-23,5.182547569274902
1996-12-24,5.182547569274902
1996-12-26,5.22537899017334
1996-12-27,5.182547569274902
1996-12-30,5.168272018432617
1996-12-31,4.968393325805664
1997-01-02,4.939841270446777
1997-01-03,5.039778709411621
1997-01-06,4.98267126083374
1997-01-07,5.039778709411621
1997-01-08,5.068334102630615
1997-01-09,5.068334102630615
1997-01-10,5.011226177215576
1997-01-13,5.168272018432617
1997-01-14,5.253937244415283
1997-01-15,5.296764850616455
1997-01-16,5.282488822937012
1997-01-17,5.3110432624816895
1997-01-20,5.282488822937012
1997-01-21,5.325316905975342
1997-01-22,5.339596748352051
1997-01-23,5.268211841583252
1997-01-24,5.139720439910889
1997-01-27,5.168272018432617
1997-01-28,5.22537899017334
1997-01-29,5.296764850616455
1997-01-30,5.482367038726807
1997-01-31,5.439533710479736
1997-02-03,5.453814029693604
1997-02-04,5.496644020080566
1997-02-05,5.459290504455566
1997-02-06,5.48802661895752
1997-02-07,5.602957725524902
1997-02-10,5.617321491241455
1997-02-11,5.617321491241455
1997-02-12,5.717887878417969
1997-02-13,5.904651165008545
1997-02-14,5.890284538269043
1997-02-18,5.933386325836182
1997-02-19,5.947751998901367
1997-02-20,5.818456649780273
1997-02-21,5.760988712310791
1997-02-24,5.8471879959106445
1997-02-25,5.976486206054688
1997-02-26,5.919021129608154
1997-02-27,5.8040876388549805
1997-02-28,5.717887878417969
1997-03-03,5.78972053527832
1997-03-04,5.818456649780273
1997-03-05,5.8471879959106445
1997-03-06,5.87592077255249
1997-03-07,5.976486206054688
1997-03-10,6.091418743133545
1997-03-11,6.033954620361328
1997-03-12,5.933386325836182
1997-03-13,5.703523635864258
1997-03-14,5.78972053527832
1997-03-17,5.67479133605957
1997-03-18,5.602957725524902
1997-03-19,5.602957725524902
1997-03-20,5.660422325134277
1997-03-21,5.732255458831787
1997-03-24,5.87592077255249
1997-03-25,5.8040876388549805
1997-03-26,5.717887878417969
1997-03-27,5.502389907836914
1997-03-31,5.31562614440918
1997-04-01,5.430559158325195
1997-04-02,5.272525310516357
1997-04-03,5.258158206939697
1997-04-04,5.329991340637207
1997-04-07,5.416190147399902
1997-04-08,5.54548978805542
1997-04-09,5.430559158325195
1997-04-10,5.358722686767578
1997-04-11,5.143228054046631
1997-04-14,5.200695514678955
1997-04-15,5.301257610321045
1997-04-16,5.301257610321045
1997-04-17,5.444924831390381
1997-04-18,5.344359874725342
1997-04-21,5.301257610321045
1997-04-22,5.444924831390381
1997-04-23,5.387457847595215
1997-04-24,5.373092174530029
1997-04-25,5.373092174530029
1997-04-28,5.444924831390381
1997-04-29,5.646054267883301
1997-04-30,5.732255458831787
1997-05-01,5.760988712310791
1997-05-02,5.861548900604248
1997-05-05,5.919021129608154
1997-05-06,6.019586563110352
1997-05-07,5.851975917816162
1997-05-08,6.010919094085693
1997-05-09,6.09761381149292
1997-05-12,6.184309482574463
1997-05-13,6.12651252746582
1997-05-14,6.2421040534973145
1997-05-15,6.198757648468018
1997-05-16,6.068716526031494
1997-05-19,6.09761381149292
1997-05-20,6.198757648468018
1997-05-21,6.010919094085693
1997-05-22,6.025366306304932
1997-05-23,6.12651252746582
1997-05-27,6.068716526031494
1997-05-28,6.054266929626465
1997-05-29,6.0398125648498535
1997-05-30,6.184309482574463
1997-06-02,6.1554107666015625
1997-06-03,6.1554107666015625
1997-06-04,6.198757648468018
1997-06-05,6.2421040534973145
1997-06-06,6.357701301574707
1997-06-09,6.357701301574707
1997-06-10,6.386599540710449
1997-06-11,6.429944515228272
1997-06-12,6.60333776473999
1997-06-13,6.704484462738037
1997-06-16,6.646687030792236
1997-06-17,6.690036773681641
1997-06-18,6.747833251953125
1997-06-19,6.805629253387451
1997-06-20,6.733382225036621
1997-06-23,6.632237434387207
1997-06-24,6.718932628631592
1997-06-25,6.632237434387207
1997-06-26,6.574442386627197
1997-06-27,6.5527663230896
1997-06-30,6.502195358276367
1997-07-01,6.588889598846436
1997-07-02,6.718932628631592
1997-07-03,6.899551868438721
1997-07-07,6.812856197357178
1997-07-08,6.885101795196533
1997-07-09,6.848974704742432
1997-07-10,6.971798419952393
1997-07-11,6.957345962524414
1997-07-14,6.899551868438721
1997-07-15,7.06571626663208
1997-07-16,7.426950454711914
1997-07-17,7.246331691741943
1997-07-18,7.12351655960083
1997-07-21,7.094615459442139
1997-07-22,7.253555297851562
1997-07-23,7.202985286712647
1997-07-24,7.275234222412109
1997-07-25,7.130741596221924
1997-07-28,7.12351655960083
1997-07-29,7.224660396575928
1997-07-30,7.2896833419799805
1997-07-31,7.2896833419799805
1997-08-01,7.159639358520508
1997-08-04,7.246331691741943
1997-08-05,7.174086570739746
1997-08-06,7.2960524559021
1997-08-07,7.1435980796813965
1997-08-08,6.940325736999512
1997-08-11,7.041959762573242
1997-08-12,6.831423759460449
1997-08-13,6.867725849151611
1997-08-14,6.816906452178955
1997-08-15,6.802387237548828
1997-08-18,6.737048625946045
1997-08-19,6.889503479003906
1997-08-20,7.027437210083008
1997-08-21,6.845947742462158
1997-08-22,6.737048625946045
1997-08-25,6.780609130859375
1997-08-26,6.700753211975098
1997-08-27,6.6862311363220215
1997-08-28,6.6717143058776855
1997-08-29,6.6717143058776855
1997-09-02,6.962103843688965
1997-09-03,6.896764755249023
1997-09-04,7.012919902801514
1997-09-05,6.9330644607543945
1997-09-08,7.070998191833496
1997-09-09,7.085520267486572
1997-09-10,7.012919902801514
1997-09-11,6.853202819824219
1997-09-12,6.918543338775635
1997-09-15,7.020181179046631
1997-09-16,7.288787841796875
1997-09-17,7.310572147369385
1997-09-18,7.303313255310059
1997-09-19,7.274271488189697
1997-09-22,7.230715274810791
1997-09-23,7.281529903411865
1997-09-24,7.1435980796813965
1997-09-25,7.020181179046631
1997-09-26,7.11455774307251
1997-09-29,7.172634601593018
1997-09-30,7.11455774307251
1997-10-01,7.223453044891357
1997-10-02,7.375906944274902
1997-10-03,7.542882919311523
1997-10-06,7.651776790618896
1997-10-07,7.884090423583984
1997-10-08,7.688074588775635
1997-10-09,7.60095739364624
1997-10-10,7.586439609527588
1997-10-13,7.622735023498535
1997-10-14,7.884090423583984
1997-10-15,7.680819988250732
1997-10-16,7.579184055328369
1997-10-17,7.419466495513916
1997-10-20,7.550142288208008
1997-10-21,7.811491966247559
1997-10-22,7.666298866271973
1997-10-23,7.608222007751465
1997-10-24,7.666298866271973
1997-10-27,7.216193675994873
1997-10-28,7.4775471687316895
1997-10-29,7.4775471687316895
1997-10-30,7.303313255310059
1997-10-31,7.448504447937012
1997-11-03,7.6953349113464355
1997-11-04,7.651776790618896
1997-11-05,7.690301418304443
1997-11-06,7.602746486663818
1997-11-07,7.515196800231934
1997-11-10,7.544381618499756
1997-11-11,7.500594615936279
1997-11-12,7.340080738067627
1997-11-13,7.413043975830078
1997-11-14,7.602746486663818
1997-11-17,7.777858257293701
1997-11-18,7.792454242706299
1997-11-19,8.04052734375
1997-11-20,8.288599967956543
1997-11-21,8.376152992248535
1997-11-24,8.171859741210938
1997-11-25,8.49289608001709
1997-11-26,8.551261901855469
1997-11-28,8.740970611572266
1997-12-01,9.032822608947754
1997-12-02,8.945266723632812
1997-12-03,8.872297286987305
1997-12-04,8.682601928710938
1997-12-05,8.638824462890625
1997-12-08,8.740970611572266
1997-12-09,8.740970611572266
1997-12-10,8.638824462890625
1997-12-11,8.59504508972168
1997-12-12,8.755566596984863
1997-12-15,9.07659912109375
1997-12-16,8.638824462890625
1997-12-17,8.813936233520508
1997-12-18,8.770155906677246
1997-12-19,8.740970611572266
1997-12-22,8.580451011657715
1997-12-23,8.346965789794922
1997-12-24,8.201044082641602
1997-12-26,8.346965789794922
1997-12-29,8.50749397277832
1997-12-30,8.843124389648438
1997-12-31,9.047415733337402
1998-01-02,8.916084289550781
1998-01-05,8.828524589538574
1998-01-06,8.740970611572266
1998-01-07,8.59504508972168
1998-01-08,8.740970611572266
1998-01-09,8.332376480102539
1998-01-12,8.551261901855469
1998-01-13,8.449118614196777
1998-01-14,8.71178150177002
1998-01-15,8.638824462890625
1998-01-16,8.653414726257324
1998-01-20,8.784749031066895
1998-01-21,8.478302001953125
1998-01-22,8.434528350830078
1998-01-23,8.303190231323242
1998-01-26,8.317785263061523
1998-01-27,8.463708877563477
1998-01-28,8.536673545837402
1998-01-29,8.59504508972168
1998-01-30,8.50749397277832
1998-02-02,8.71178150177002
1998-02-03,8.974451065063477
1998-02-04,9.027799606323242
1998-02-05,8.998489379882812
1998-02-06,9.10107421875
1998-02-09,9.07176685333252
1998-02-10,9.20366668701172
1998-02-11,9.320908546447754
1998-02-12,9.291597366333008
1998-02-13,9.24763011932373
1998-02-17,9.335567474365234
1998-02-18,9.379531860351562
1998-02-19,9.27694320678711
1998-02-20,9.24763011932373
1998-02-23,9.335567474365234
1998-02-24,9.262285232543944
1998-02-25,9.438154220581056
1998-02-26,9.628674507141112
1998-02-27,9.614022254943848
1998-03-02,9.628674507141112
1998-03-03,9.71660327911377
1998-03-04,9.71660327911377
1998-03-05,9.804535865783691
1998-03-06,10.170934677124023
1998-03-09,10.06834316253662
1998-03-10,10.170934677124023
1998-03-11,10.156275749206545
1998-03-12,10.126964569091797
1998-03-13,10.082992553710938
1998-03-16,10.185582160949709
1998-03-17,10.156275749206545
1998-03-18,10.097651481628418
1998-03-19,10.170934677124023
1998-03-20,10.170934677124023
1998-03-23,9.96574878692627
1998-03-24,10.06834316253662
1998-03-25,9.81920337677002
1998-03-26,9.81920337677002
1998-03-27,9.628674507141112
1998-03-30,9.55539608001709
1998-03-31,9.745916366577148
1998-04-01,9.599363327026367
1998-04-02,9.804535865783691
1998-04-03,9.951095581054688
1998-04-06,9.936439514160156
1998-04-07,9.980408668518066
1998-04-08,9.64333152770996
1998-04-09,9.848511695861816
1998-04-13,10.112310409545898
1998-04-14,9.936439514160156
1998-04-15,10.112310409545898
1998-04-16,9.921782493591309
1998-04-17,10.024373054504396
1998-04-20,9.848511695861816
1998-04-21,9.687295913696287
1998-04-22,9.672647476196287
1998-04-23,9.36487102508545
1998-04-24,9.17435073852539
1998-04-27,8.954524040222168
1998-04-28,8.837275505065918
1998-04-29,9.10107421875
1998-04-30,9.35021686553955
1998-05-01,9.482120513916016
1998-05-04,9.232976913452148
1998-05-05,9.24763011932373
1998-05-06,9.05100917816162
1998-05-07,8.84497356414795
1998-05-08,9.036294937133787
1998-05-11,8.918559074401855
1998-05-12,9.02157974243164
1998-05-13,8.977423667907715
1998-05-14,8.962709426879883
1998-05-15,8.962709426879883
1998-05-18,8.859688758850098
1998-05-19,9.05100917816162
1998-05-20,9.34535026550293
1998-05-21,9.418936729431152
1998-05-22,9.330636978149414
1998-05-26,9.095165252685549
1998-05-27,9.0657320022583
1998-05-28,9.21289348602295
1998-05-29,9.15402889251709
1998-06-01,9.21289348602295
1998-06-02,9.257044792175291
1998-06-03,9.095165252685549
1998-06-04,9.198179244995115
1998-06-05,9.34535026550293
1998-06-08,8.668362617492676
1998-06-09,8.462328910827637
1998-06-10,8.535917282104492
1998-06-11,8.359304428100586
1998-06-12,8.256290435791016
1998-06-15,8.064966201782227
1998-06-16,8.094399452209473
1998-06-17,8.43289566040039
1998-06-18,8.37402057647705
1998-06-19,8.182703971862793
1998-06-22,8.329874038696289
1998-06-23,8.477046966552734
1998-06-24,8.638933181762695
1998-06-25,8.653648376464844
1998-06-26,8.653648376464844
1998-06-29,8.800819396972656
1998-06-30,8.830252647399902
1998-07-01,9.080445289611816
1998-07-02,9.02157974243164
1998-07-06,9.109880447387695
1998-07-07,9.080445289611816
1998-07-08,9.21289348602295
1998-07-09,9.0657320022583
1998-07-10,9.15402889251709
1998-07-13,8.977423667907715
1998-07-14,9.271767616271973
1998-07-15,9.15402889251709
1998-07-16,9.271767616271973
1998-07-17,9.198179244995115
1998-07-20,9.12459659576416
1998-07-21,8.874404907226562
1998-07-22,8.992143630981445
1998-07-23,8.830252647399902
1998-07-24,8.697794914245605
1998-07-27,8.830252647399902
1998-07-28,8.60949993133545
1998-07-29,8.624214172363281
1998-07-30,8.712516784667969
1998-07-31,8.462328910827637
1998-08-03,8.43289566040039
1998-08-04,8.064966201782227
1998-08-05,8.049578666687012
1998-08-06,8.064373016357422
1998-08-07,8.09396743774414
1998-08-10,7.931201457977295
1998-08-11,7.842411518096924
1998-08-12,7.975589275360107
1998-08-13,7.975589275360107
1998-08-14,7.724039077758789
1998-08-17,7.81282377243042
1998-08-18,8.123565673828125
1998-08-19,8.019980430603027
1998-08-20,7.842411518096924
1998-08-21,7.590867519378662
1998-08-24,7.620464324951172
1998-08-25,7.516885280609131
1998-08-26,7.546477794647217
1998-08-27,7.28013277053833
1998-08-28,7.1765546798706055
1998-08-31,7.043379783630371
1998-09-01,7.265334129333496
1998-09-02,7.339320182800293
1998-09-03,7.25053596496582
1998-09-04,7.072977066040039
1998-09-08,7.590867519378662
1998-09-09,7.531683444976807
1998-09-10,7.309726715087891
1998-09-11,7.650058269500732
1998-09-14,7.783233642578125
1998-09-15,7.960793018341064
1998-09-16,8.123565673828125
1998-09-17,8.034783363342285
1998-09-18,7.872009754180908
1998-09-21,8.049578666687012
1998-09-22,8.404705047607422
1998-09-23,8.67104721069336
1998-09-24,8.52308464050293
1998-09-25,8.641457557678223
1998-09-28,8.685844421386719
1998-09-29,8.77463150024414
1998-09-30,8.52308464050293
1998-10-01,8.167953491210938
1998-10-02,8.182750701904297
1998-10-05,7.960793018341064
1998-10-06,7.753633499145508
1998-10-07,7.502084255218506
1998-10-08,7.487289905548096
1998-10-09,8.079172134399414
1998-10-12,7.694449424743652
1998-10-13,7.783233642578125
1998-10-14,7.901608943939209
1998-10-15,8.434295654296875
1998-10-16,8.537877082824707
1998-10-19,8.700643539428711
1998-10-20,8.966995239257812
1998-10-21,8.981791496276855
1998-10-22,8.833817481994629
1998-10-23,8.759833335876465
1998-10-26,8.715438842773438
1998-10-27,8.567474365234375
1998-10-28,8.730476379394531
1998-10-29,8.789973258972168
1998-10-30,8.849465370178223
1998-11-02,8.849465370178223
1998-11-03,8.998190879821777
1998-11-04,9.04281520843506
1998-11-05,9.459260940551758
1998-11-06,9.518752098083496
1998-11-09,9.295659065246582
1998-11-10,9.444385528564451
1998-11-11,9.355140686035156
1998-11-12,9.236166954040527
1998-11-13,9.146925926208496
1998-11-16,9.251039505004885
1998-11-17,9.667482376098633
1998-11-18,9.62286376953125
1998-11-19,9.548497200012209
1998-11-20,9.489001274108888
1998-11-23,9.340276718139648
1998-11-24,9.087434768676758
1998-11-25,9.072553634643556
1998-11-27,8.87921142578125
1998-11-30,8.596623420715332
1998-12-01,8.715605735778809
1998-12-02,8.849465370178223
1998-12-03,8.46276569366455
1998-12-04,8.83459758758545
1998-12-07,8.775101661682129
1998-12-08,8.343779563903809
1998-12-09,8.209922790527344
1998-12-10,8.32890796661377
1998-12-11,8.626371383666992
1998-12-14,8.269416809082031
1998-12-15,8.224801063537598
1998-12-16,8.418149948120117
1998-12-17,9.221291542053224
1998-12-18,9.20641803741455
1998-12-21,9.102304458618164
1998-12-22,8.894082069396973
1998-12-23,8.894082069396973
1998-12-24,8.983328819274902
1998-12-28,9.072553634643556
1998-12-29,9.355140686035156
1998-12-30,9.340276718139648
1998-12-31,9.503873825073242
1999-01-04,9.489001274108888
1999-01-05,9.56337070465088
1999-01-06,9.47413444519043
1999-01-07,9.503873825073242
1999-01-08,9.47413444519043
1999-01-11,9.117181777954102
1999-01-12,8.849465370178223
1999-01-13,8.715605735778809
1999-01-14,8.507380485534668
1999-01-15,8.923829078674316
1999-01-19,8.76022720336914
1999-01-20,8.894082069396973
1999-01-21,8.83459758758545
1999-01-22,8.745352745056152
1999-01-25,8.641241073608398
1999-01-26,8.522261619567871
1999-01-27,8.32890796661377
1999-01-28,8.46276569366455
1999-01-29,8.32890796661377
1999-02-01,8.09093952178955
1999-02-02,8.135560035705566
1999-02-03,8.015328407287598
1999-02-04,8.13496208190918
1999-02-05,8.22468376159668
1999-02-08,8.269549369812012
1999-02-09,7.910654544830322
1999-02-10,7.835878372192383
1999-02-11,8.13496208190918
1999-02-12,8.164870262145996
1999-02-16,8.389176368713379
1999-02-17,8.733123779296875
1999-02-18,8.852750778198242
1999-02-19,8.763025283813477
1999-02-22,8.987336158752441
1999-02-23,8.882662773132324
1999-02-24,8.613489151000977
1999-02-25,8.837796211242676
1999-02-26,8.792932510375977
1999-03-01,8.86770248413086
1999-03-02,8.972382545471191
1999-03-03,8.852750778198242
1999-03-04,9.077065467834473
1999-03-05,9.286420822143556
1999-03-08,9.286420822143556
1999-03-09,9.077065467834473
1999-03-10,9.316326141357422
1999-03-11,9.450905799865724
1999-03-12,9.301371574401855
1999-03-15,9.241558074951172
1999-03-16,8.95743179321289
1999-03-17,8.67330265045166
1999-03-18,9.271465301513672
1999-03-19,9.226600646972656
1999-03-22,9.316326141357422
1999-03-23,8.972382545471191
1999-03-24,8.897611618041992
1999-03-25,8.912568092346191
1999-03-26,8.718169212341309
1999-03-29,8.987336158752441
1999-03-30,8.643394470214844
1999-03-31,8.389176368713379
1999-04-01,8.77798080444336
1999-04-05,8.942474365234375
1999-04-06,9.06210994720459
1999-04-07,9.316326141357422
1999-04-08,9.450905799865724
1999-04-09,9.510726928710938
1999-04-12,9.540632247924805
1999-04-13,9.421005249023438
1999-04-14,9.421005249023438
1999-04-15,9.61540412902832
1999-04-16,9.675215721130373
1999-04-19,9.839714050292969
1999-04-20,10.138788223266602
1999-04-21,10.153746604919434
1999-04-22,10.213561058044434
1999-04-23,10.228517532348633
1999-04-26,10.213561058044434
1999-04-27,10.52759838104248
1999-04-28,10.497686386108398
1999-04-29,10.467781066894531
1999-04-30,10.333196640014648
1999-05-03,10.512639999389648
1999-05-04,10.482732772827148
1999-05-05,10.54582405090332
1999-05-06,10.365561485290527
1999-05-07,10.365561485290527
1999-05-10,10.140217781066896
1999-05-11,10.275423049926758
1999-05-12,10.320496559143066
1999-05-13,10.42564868927002
1999-05-14,10.095152854919434
1999-05-17,9.824748039245604
1999-05-18,9.659496307373049
1999-05-19,9.914886474609377
1999-05-20,9.914886474609377
1999-05-21,10.005013465881348
1999-05-24,9.83976936340332
1999-05-25,9.223844528198242
1999-05-26,9.944927215576172
1999-05-27,9.434163093566896
1999-05-28,9.61443328857422
1999-06-01,9.599409103393556
1999-06-02,9.53931999206543
1999-06-03,9.554338455200195
1999-06-04,9.61443328857422
1999-06-07,9.83976936340332
1999-06-08,9.77967929840088
1999-06-09,9.719589233398438
1999-06-10,9.494248390197754
1999-06-11,9.644472122192385
1999-06-14,9.53931999206543
1999-06-15,9.659496307373049
1999-06-16,9.899861335754396
1999-06-17,10.215330123901367
1999-06-18,10.252887725830078
1999-06-21,10.185285568237305
1999-06-22,10.24537467956543
1999-06-23,10.185285568237305
1999-06-24,10.065109252929688
1999-06-25,10.290444374084473
1999-06-28,10.335511207580566
1999-06-29,10.57587718963623
1999-06-30,10.275423049926758
1999-07-01,10.485737800598145
1999-07-02,10.590893745422363
1999-07-06,10.771162033081056
1999-07-07,10.771162033081056
1999-07-08,10.756145477294922
1999-07-09,10.861302375793455
1999-07-12,10.500757217407228
1999-07-13,10.51578426361084
1999-07-14,10.335511207580566
1999-07-15,10.335511207580566
1999-07-16,10.365561485290527
1999-07-19,10.260401725769045
1999-07-20,10.110172271728516
1999-07-21,10.05008602142334
1999-07-22,10.08012580871582
1999-07-23,10.020039558410645
1999-07-26,9.824748039245604
1999-07-27,9.869807243347168
1999-07-28,9.809722900390623
1999-07-29,9.689544677734377
1999-07-30,9.374067306518556
1999-08-02,9.283934593200684
1999-08-03,9.389090538024902
1999-08-04,9.16561508178711
1999-08-05,9.210912704467772
1999-08-06,9.02971076965332
1999-08-09,9.210912704467772
1999-08-10,9.059914588928224
1999-08-11,9.34681510925293
1999-08-12,9.150517463684082
1999-08-13,9.618608474731444
1999-08-16,9.663910865783691
1999-08-17,9.996108055114746
1999-08-18,9.96591091156006
1999-08-19,9.996108055114746
1999-08-20,10.207510948181152
1999-08-23,10.403801918029783
1999-08-24,10.449100494384766
1999-08-25,10.600096702575684
1999-08-26,10.283005714416504
1999-08-27,10.101805686950684
1999-08-30,9.7243070602417
1999-08-31,9.618608474731444
1999-09-01,9.814903259277344
1999-09-02,9.528009414672852
1999-09-03,10.011205673217772
1999-09-07,9.69410514831543
1999-09-08,9.648810386657717
1999-09-09,9.497807502746582
1999-09-10,9.633706092834473
1999-09-13,9.663910865783691
1999-09-14,9.210912704467772
1999-09-15,9.24111270904541
1999-09-16,9.135411262512209
1999-09-17,9.256210327148438
1999-09-20,9.090115547180176
1999-09-21,9.059914588928224
1999-09-22,9.301519393920898
1999-09-23,9.271313667297363
1999-09-24,9.648810386657717
1999-09-27,9.301519393920898
1999-09-28,9.39211368560791
1999-09-29,9.316610336303713
1999-09-30,9.57331085205078
1999-10-01,9.45250415802002
1999-10-04,9.845107078552246
1999-10-05,9.875309944152832
1999-10-06,10.05650234222412
1999-10-07,9.845107078552246
1999-10-08,10.267903327941896
1999-10-11,10.267903327941896
1999-10-12,10.071606636047363
1999-10-13,9.588411331176758
1999-10-14,9.799814224243164
1999-10-15,9.422311782836914
1999-10-18,9.543108940124512
1999-10-19,10.05650234222412
1999-10-20,10.449100494384766
1999-10-21,10.418907165527344
1999-10-22,10.811501502990724
1999-10-25,10.705801010131836
1999-10-26,10.79640007019043
1999-10-27,11.234295845031738
1999-10-28,11.8533935546875
1999-10-29,11.566490173339844
1999-11-01,11.324893951416016
1999-11-02,11.445693016052246
1999-11-03,11.19093894958496
1999-11-04,11.40323543548584
1999-11-05,11.357741355895996
1999-11-08,11.433565139770508
1999-11-09,11.02413558959961
1999-11-10,10.902826309204102
1999-11-11,11.02413558959961
1999-11-12,11.58520793914795
1999-11-15,11.463886260986328
1999-11-16,11.676186561584473
1999-11-17,11.433565139770508
1999-11-18,11.63068962097168
1999-11-19,11.524541854858398
1999-11-22,11.357741355895996
1999-11-23,11.206106185913086
1999-11-24,11.160608291625977
1999-11-26,11.14544677734375
1999-11-29,10.917994499206545
1999-11-30,11.281922340393066
1999-12-01,11.37290859222412
1999-12-02,11.418396949768066
1999-12-03,11.448723793029783
1999-12-06,11.099956512451172
1999-12-07,10.690526008605955
1999-12-08,10.603341102600098
1999-12-09,10.857335090637209
1999-12-10,10.887659072875977
1999-12-13,10.724652290344238
1999-12-14,10.554052352905272
1999-12-15,10.144635200500488
1999-12-16,9.568408966064451
1999-12-17,9.689712524414062
1999-12-20,9.86410140991211
1999-12-21,9.704883575439451
1999-12-22,9.811027526855469
1999-12-23,10.06881046295166
1999-12-27,9.9171781539917
1999-12-28,9.992995262145996
1999-12-29,9.841358184814451
1999-12-30,9.856517791748049
1999-12-31,9.811027526855469
2000-01-03,9.492582321166992
2000-01-04,9.022505760192873
2000-01-05,8.931523323059082
2000-01-06,9.325783729553224
2000-01-07,9.492582321166992
2000-01-10,9.189309120178224
2000-01-11,9.037670135498049
2000-01-12,9.295456886291504
2000-01-13,9.811027526855469
2000-01-14,10.114304542541504
2000-01-18,9.431931495666504
2000-01-19,8.916357040405273
2000-01-20,8.825376510620117
2000-01-21,8.886027336120605
2000-01-24,8.70406723022461
2000-01-25,9.128652572631836
2000-01-26,9.219633102416992
2000-01-27,9.462260246276855
2000-01-28,9.401602745056152
2000-01-31,9.704883575439451
2000-02-01,9.811027526855469
2000-02-02,9.514019966125488
2000-02-03,9.483527183532717
2000-02-04,9.407288551330566
2000-02-07,9.31581211090088
2000-02-08,9.498774528503418
2000-02-09,9.23957633972168
2000-02-10,8.965127944946289
2000-02-11,9.23957633972168
2000-02-14,9.224326133728027
2000-02-15,9.193835258483888
2000-02-16,8.782175064086914
2000-02-17,8.522978782653809
2000-02-18,8.172301292419434
2000-02-22,8.538222312927246
2000-02-23,8.294276237487793
2000-02-24,8.019828796386719
2000-02-25,7.974089622497559
2000-02-28,8.324762344360352
2000-02-29,8.065571784973145
2000-03-01,8.46198558807373
2000-03-02,8.27902603149414
2000-03-03,8.46198558807373
2000-03-06,8.401000022888184
2000-03-07,8.065571784973145
2000-03-08,7.562427520751953
2000-03-09,8.004582405090332
2000-03-10,7.85211706161499
2000-03-13,7.95884370803833
2000-03-14,7.775885105133057
2000-03-15,8.782175064086914
2000-03-16,9.392045974731444
2000-03-17,9.392045974731444
2000-03-20,9.25482177734375
2000-03-21,9.651238441467283
2000-03-22,9.757970809936523
2000-03-23,10.108643531799316
2000-03-24,10.001916885375977
2000-03-27,9.979047775268556
2000-03-28,9.925681114196776
2000-03-29,9.620747566223145
2000-03-30,9.559760093688965
2000-03-31,9.940933227539062
2000-04-03,10.6575288772583
2000-04-04,10.550801277160645
2000-04-05,10.352594375610352
2000-04-06,9.879942893981934
2000-04-07,9.696979522705078
2000-04-10,9.635992050170898
2000-04-11,9.849448204040527
2000-04-12,10.245872497558594
2000-04-13,10.1848783493042
2000-04-14,9.757970809936523
2000-04-17,9.605504989624023
2000-04-18,9.9561767578125
2000-04-19,9.940933227539062
2000-04-20,10.200127601623535
2000-04-24,10.428827285766602
2000-04-25,10.505057334899902
2000-04-26,10.505057334899902
2000-04-27,10.261107444763184
2000-04-28,10.01716423034668
2000-05-01,10.0324125289917
2000-05-02,10.093399047851562
2000-05-03,9.948090553283691
2000-05-04,9.748812675476074
2000-05-05,9.779468536376951
2000-05-08,10.116700172424316
2000-05-09,10.178008079528809
2000-05-10,10.19333839416504
2000-05-11,10.423261642456056
2000-05-12,10.714500427246094
2000-05-15,11.005739212036133
2000-05-16,10.699172019958496
2000-05-17,10.53056526184082
2000-05-18,10.591875076293944
2000-05-19,10.576547622680664
2000-05-22,10.760479927062988
2000-05-23,10.745157241821287
2000-05-24,10.913768768310549
2000-05-25,10.760479927062988
2000-05-26,10.883119583129885
2000-05-30,11.005739212036133
2000-05-31,11.097710609436035
2000-06-01,11.26632308959961
2000-06-02,11.71084976196289
2000-06-05,11.067052841186523
2000-06-06,11.021066665649414
2000-06-07,11.159018516540527
2000-06-08,10.99040985107422
2000-06-09,10.591875076293944
2000-06-12,10.783475875854492
2000-06-13,10.729833602905272
2000-06-14,10.929096221923828
2000-06-15,10.315958976745604
2000-06-16,9.39626693725586
2000-06-19,9.87143898010254
2000-06-20,9.59553050994873
2000-06-21,9.39626693725586
2000-06-22,9.76414680480957
2000-06-23,9.672176361083984
2000-06-26,9.85611343383789
2000-06-27,10.055383682250977
2000-06-28,10.078375816345217
2000-06-29,9.994071006774902
2000-06-30,9.503564834594728
2000-07-03,9.97874355316162
2000-07-05,10.162680625915527
2000-07-06,10.423261642456056
2000-07-07,10.46925163269043
2000-07-10,10.453917503356934
2000-07-11,10.53056526184082
2000-07-12,10.576547622680664
2000-07-13,10.499902725219728
2000-07-14,10.714500427246094
2000-07-17,10.637862205505373
2000-07-18,10.315958976745604
2000-07-19,10.3466215133667
2000-07-20,10.622529983520508
2000-07-21,10.39260482788086
2000-07-24,10.254652976989746
2000-07-25,10.254652976989746
2000-07-26,10.04005527496338
2000-07-27,10.30063819885254
2000-07-28,10.269980430603027
2000-07-31,10.178008079528809
2000-08-01,10.10136890411377
2000-08-02,10.217255592346191
2000-08-03,10.833680152893066
2000-08-04,10.87991428375244
2000-08-07,10.972375869750977
2000-08-08,10.926148414611816
2000-08-09,10.91073513031006
2000-08-10,11.064839363098145
2000-08-11,11.095666885375977
2000-08-14,11.157305717468262
2000-08-15,10.956966400146484
2000-08-16,10.87991428375244
2000-08-17,11.003198623657228
2000-08-18,10.91073513031006
2000-08-21,10.941563606262209
2000-08-22,11.234360694885254
2000-08-23,11.141895294189451
2000-08-24,11.03402328491211
2000-08-25,10.987789154052734
2000-08-28,10.86449909210205
2000-08-29,10.664167404174805
2000-08-30,10.725804328918455
2000-08-31,10.652605056762695
2000-09-01,10.587116241455078
2000-09-05,10.772038459777832
2000-09-06,10.956966400146484
2000-09-07,11.095666885375977
2000-09-08,11.315264701843262
2000-09-11,11.403876304626465
2000-09-12,11.41928768157959
2000-09-13,11.527162551879885
2000-09-14,11.203532218933104
2000-09-15,11.303709983825684
2000-09-18,11.018607139587402
2000-09-19,11.465521812438965
2000-09-20,11.157305717468262
2000-09-21,11.003198623657228
2000-09-22,11.157305717468262
2000-09-25,11.403876304626465
2000-09-26,11.373052597045898
2000-09-27,11.41928768157959
2000-09-28,11.527162551879885
2000-09-29,11.326824188232422
2000-10-02,11.60421085357666
2000-10-03,11.773740768432615
2000-10-04,11.619627952575684
2000-10-05,11.758318901062012
2000-10-06,11.48092555999756
2000-10-09,11.373052597045898
2000-10-10,11.049427032470703
2000-10-11,10.818266868591309
2000-10-12,10.540876388549805
2000-10-13,10.694989204406738
2000-10-16,10.741220474243164
2000-10-17,10.27889633178711
2000-10-18,10.417595863342283
2000-10-19,10.525472640991213
2000-10-20,10.433006286621094
2000-10-23,10.402183532714844
2000-10-24,10.679572105407717
2000-10-25,10.47923469543457
2000-10-26,10.602519035339355
2000-10-27,10.772038459777832
2000-10-30,11.296001434326172
2000-10-31,11.41928768157959
2000-11-01,11.494257926940918
2000-11-02,11.52524757385254
2000-11-03,11.52524757385254
2000-11-06,11.60269832611084
2000-11-07,11.52524757385254
2000-11-08,11.63368320465088
2000-11-09,11.850555419921877
2000-11-10,11.680160522460938
2000-11-13,11.40131950378418
2000-11-14,11.55622100830078
2000-11-15,11.09149932861328
2000-11-16,11.029529571533203
2000-11-17,11.09149932861328
2000-11-20,10.90560817718506
2000-11-21,11.153468132019045
2000-11-22,10.719715118408203
2000-11-24,10.750701904296877
2000-11-27,10.983064651489258
2000-11-28,11.323866844177246
2000-11-29,11.63368320465088
2000-11-30,11.75760555267334
2000-12-01,11.742117881774902
2000-12-04,11.587210655212402
2000-12-05,11.912525177001951
2000-12-06,12.020956993103027
2000-12-07,12.284297943115234
2000-12-08,12.25331687927246
2000-12-11,12.330772399902344
2000-12-12,12.377241134643556
2000-12-13,12.39273452758789
2000-12-14,12.361751556396484
2000-12-15,12.501173973083496
2000-12-18,13.058846473693848
2000-12-19,13.089828491210938
2000-12-20,13.120810508728027
2000-12-21,13.120810508728027
2000-12-22,13.36866855621338
2000-12-26,13.616520881652832
2000-12-27,13.709467887878418
2000-12-28,13.817900657653809
2000-12-29,13.802407264709473
2001-01-02,13.36866855621338
2001-01-03,13.167280197143556
2001-01-04,12.888456344604492
2001-01-05,12.981395721435549
2001-01-08,12.857463836669922
2001-01-09,12.25331687927246
2001-01-10,12.067421913146973
2001-01-11,12.206843376159668
2001-01-12,12.067421913146973
2001-01-16,12.377241134643556
2001-01-17,12.23782730102539
2001-01-18,12.005463600158691
2001-01-19,12.16037654876709
2001-01-22,12.299796104431152
2001-01-23,12.299796104431152
2001-01-24,12.439207077026367
2001-01-25,12.547647476196287
2001-01-26,12.764519691467283
2001-01-29,12.672815322875977
2001-01-30,12.866138458251951
2001-01-31,12.826297760009766
2001-02-01,12.549899101257324
2001-02-02,12.51006317138672
2001-02-05,12.788949966430664
2001-02-06,12.671914100646973
2001-02-07,12.634562492370604
2001-02-08,12.724206924438477
2001-02-09,12.617131233215332
2001-02-12,12.649505615234377
2001-02-13,12.447809219360352
2001-02-14,12.52001953125
2001-02-15,12.378085136413574
2001-02-16,12.477694511413574
2001-02-20,12.121606826782228
2001-02-21,11.957263946533203
2001-02-22,11.98963737487793
2001-02-23,12.069321632385254
2001-02-26,12.345717430114746
2001-02-27,12.467726707458496
2001-02-28,12.360661506652832
2001-03-01,12.340734481811523
2001-03-02,12.492629051208496
2001-03-05,12.407968521118164
2001-03-06,12.318317413330078
2001-03-07,12.75907039642334
2001-03-08,12.876099586486816
2001-03-09,12.572310447692873
2001-03-12,11.902487754821776
2001-03-13,12.31335163116455
2001-03-14,11.593719482421877
2001-03-15,12.13157081604004
2001-03-16,11.924901008605955
2001-03-19,11.959754943847656
2001-03-20,11.665929794311523
2001-03-21,11.30984878540039
2001-03-22,10.95626449584961
2001-03-23,11.312345504760742
2001-03-26,11.504076957702637
2001-03-27,12.099202156066896
2001-03-28,12.116632461547852
2001-03-29,11.959754943847656
2001-03-30,12.318317413330078
2001-04-02,12.3731050491333
2001-04-03,12.188840866088867
2001-04-04,11.451786994934082
2001-04-05,11.860156059265137
2001-04-06,11.516525268554688
2001-04-09,11.444317817687988
2001-04-10,11.763043403625488
2001-04-11,11.678378105163574
2001-04-12,11.895014762878418
2001-04-16,11.740633010864258
2001-04-17,11.3795747756958
2001-04-18,11.852679252624512
2001-04-19,11.94482135772705
2001-04-20,11.934861183166504
2001-04-23,11.840235710144045
2001-04-24,11.92738437652588
2001-04-25,11.71572971343994
2001-04-26,11.486652374267578
2001-04-27,11.907470703125
2001-04-30,11.695807456970217
2001-05-01,11.787943840026855
2001-05-02,11.913079261779783
2001-05-03,11.875537872314451
2001-05-04,11.838003158569336
2001-05-07,11.848016738891602
2001-05-08,11.632766723632812
2001-05-09,11.512640953063965
2001-05-10,11.492618560791016
2001-05-11,11.387505531311035
2001-05-14,11.41252899169922
2001-05-15,11.307416915893556
2001-05-16,11.437557220458984
2001-05-17,11.364978790283203
2001-05-18,11.50763702392578
2001-05-21,11.562695503234863
2001-05-22,11.812970161437988
2001-05-23,11.998170852661133
2001-05-24,11.963134765625
2001-05-25,11.730375289916992
2001-05-29,11.702848434448242
2001-05-30,11.687832832336426
2001-05-31,11.78294277191162
2001-06-01,11.843003273010254
2001-06-04,12.100787162780762
2001-06-05,12.205899238586426
2001-06-06,11.973148345947266
2001-06-07,11.928092002868652
2001-06-08,11.622764587402344
2001-06-11,11.45257568359375
2001-06-12,11.36247730255127
2001-06-13,11.104695320129396
2001-06-14,10.924497604370115
2001-06-15,10.799357414245604
2001-06-18,10.829389572143556
2001-06-19,10.889452934265137
2001-06-20,11.139730453491213
2001-06-21,11.562695503234863
2001-06-22,11.557689666748049
2001-06-25,11.354975700378418
2001-06-26,11.33995246887207
2001-06-27,11.4575777053833
2001-06-28,11.615252494812012
2001-06-29,11.620259284973145
2001-07-02,11.770423889160156
2001-07-03,11.795450210571287
2001-07-05,11.650291442871094
2001-07-06,11.515145301818848
2001-07-09,11.467591285705566
2001-07-10,11.319933891296388
2001-07-11,11.334943771362305
2001-07-12,11.432554244995115
2001-07-13,11.63528060913086
2001-07-16,11.52015209197998
2001-07-17,11.888051986694336
2001-07-18,11.750402450561523
2001-07-19,11.787945747375488
2001-07-20,11.57270622253418
2001-07-23,11.487616539001465
2001-07-24,11.367483139038086
2001-07-25,11.417536735534668
2001-07-26,11.379999160766602
2001-07-27,11.364978790283203
2001-07-30,11.462587356567385
2001-07-31,11.52765941619873
2001-08-01,11.657796859741213
2001-08-02,11.69784450531006
2001-08-03,11.695347785949709
2001-08-06,11.550183296203612
2001-08-07,11.547677993774414
2001-08-08,11.48727321624756
2001-08-09,11.46965503692627
2001-08-10,11.577885627746582
2001-08-13,11.728897094726562
2001-08-14,11.741483688354492
2001-08-15,11.849711418151855
2001-08-16,11.655906677246094
2001-08-17,11.595504760742188
2001-08-20,11.854743957519531
2001-08-21,11.907600402832031
2001-08-22,12.01079273223877
2001-08-23,11.973041534423828
2001-08-24,12.018346786499023
2001-08-27,11.960455894470217
2001-08-28,11.79181957244873
2001-08-29,11.56529712677002
2001-08-30,11.540127754211426
2001-08-31,11.580402374267578
2001-09-04,11.696175575256348
2001-09-05,11.620668411254885
2001-09-06,11.416804313659668
2001-09-07,11.2582368850708
2001-09-10,11.137420654296877
2001-09-17,10.948646545410156
2001-09-18,11.01408863067627
2001-09-19,11.102185249328612
2001-09-20,10.817769050598145
2001-09-21,10.684375762939451
2001-09-24,10.86559009552002
2001-09-25,10.961234092712402
2001-09-26,10.991436004638672
2001-09-27,10.998988151550291
2001-09-28,11.18775463104248
2001-10-01,11.190274238586426
2001-10-02,11.225509643554688
2001-10-03,11.263264656066896
2001-10-04,11.137420654296877
2001-10-05,10.835393905639648
2001-10-08,10.488051414489746
2001-10-09,10.49056911468506
2001-10-10,10.601311683654783
2001-10-11,10.53335952758789
2001-10-12,10.339555740356444
2001-10-15,10.2615327835083
2001-10-16,10.115548133850098
2001-10-17,9.778275489807127
2001-10-18,9.833653450012209
2001-10-19,9.816035270690918
2001-10-22,9.99976634979248
2001-10-23,10.067727088928224
2001-10-24,10.143234252929688
2001-10-25,10.420095443725586
2001-10-26,10.344586372375488
2001-10-29,10.067727088928224
2001-10-30,10.029967308044434
2001-10-31,9.941876411437988
2001-11-01,10.090376853942873
2001-11-02,10.087861061096191
2001-11-05,10.289212226867676
2001-11-06,10.671789169311523
2001-11-07,10.78828239440918
2001-11-08,10.760425567626951
2001-11-09,10.724964141845703
2001-11-12,10.793343544006348
2001-11-13,10.747759819030762
2001-11-14,10.722434997558594
2001-11-15,10.60087776184082
2001-11-16,10.72750473022461
2001-11-19,10.72750473022461
2001-11-20,10.71484375
2001-11-21,10.719904899597168
2001-11-23,10.854125022888184
2001-11-26,10.98327922821045
2001-11-27,10.917438507080078
2001-11-28,10.803474426269531
2001-11-29,10.912372589111328
2001-11-30,10.8389310836792
2001-12-03,10.750299453735352
2001-12-04,10.884513854980469
2001-12-05,10.98581886291504
2001-12-06,11.046594619750977
2001-12-07,11.07191276550293
2001-12-10,11.051657676696776
2001-12-11,11.001006126403809
2001-12-12,10.990875244140623
2001-12-13,10.818666458129885
2001-12-14,10.806008338928224
2001-12-17,10.874390602111816
2001-12-18,11.028862953186035
2001-12-19,11.041521072387695
2001-12-20,11.076977729797363
2001-12-21,10.927560806274414
2001-12-24,10.965548515319824
2001-12-26,10.932631492614746
2001-12-27,10.990875244140623
2001-12-28,11.041521072387695
2001-12-31,11.008609771728516
2002-01-02,11.001006126403809
2002-01-03,11.041521072387695
2002-01-04,11.069387435913086
2002-01-07,11.087112426757812
2002-01-08,11.044059753417969
2002-01-09,10.988341331481934
2002-01-10,11.008609771728516
2002-01-11,10.965548515319824
2002-01-14,10.89464282989502
2002-01-15,11.4771089553833
2002-01-16,11.484704971313477
2002-01-17,11.550549507141112
2002-01-18,11.492304801940918
2002-01-22,11.81899642944336
2002-01-23,11.892433166503906
2002-01-24,11.94054889678955
2002-01-25,11.927888870239258
2002-01-28,11.94054889678955
2002-01-29,11.578410148620604
2002-01-30,11.7439546585083
2002-01-31,11.815278053283691
2002-02-01,11.894227027893066
2002-02-04,11.642082214355469
2002-02-05,11.552939414978027
2002-02-06,11.527470588684082
2002-02-07,11.563132286071776
2002-02-08,11.659907341003418
2002-02-11,11.810175895690918
2002-02-12,11.822915077209473
2002-02-13,11.889137268066406
2002-02-14,11.861120223999023
2002-02-15,11.761789321899414
2002-02-19,11.588600158691406
2002-02-20,11.700650215148926
2002-02-21,11.652270317077637
2002-02-22,11.73122501373291
2002-02-25,11.86875820159912
2002-02-26,11.876401901245115
2002-02-27,11.932433128356934
2002-02-28,11.945172309875488
2002-03-01,12.184578895568848
2002-03-04,12.51567554473877
2002-03-05,12.3832368850708
2002-03-06,12.505498886108398
2002-03-07,12.452011108398438
2002-03-08,12.492764472961426
2002-03-11,12.556439399719238
2002-03-12,12.709248542785645
2002-03-13,12.63284397125244
2002-03-14,12.581902503967283
2002-03-15,12.862065315246582
2002-03-18,12.778019905090332
2002-03-19,12.783119201660156
2002-03-20,12.615019798278809
2002-03-21,12.530966758728027
2002-03-22,12.620110511779783
2002-03-25,12.490217208862305
2002-03-26,12.518232345581056
2002-03-27,12.640482902526855
2002-03-28,12.581902503967283
2002-04-01,12.462201118469238
2002-04-02,12.48512077331543
2002-04-03,12.301739692687988
2002-04-04,12.41635513305664
2002-04-05,12.472387313842772
2002-04-08,12.51567554473877
2002-04-09,12.553887367248535
2002-04-10,12.63284397125244
2002-04-11,12.505498886108398
2002-04-12,12.729623794555664
2002-04-15,12.630295753479004
2002-04-16,12.760191917419434
2002-04-17,13.01488208770752
2002-04-18,13.076014518737791
2002-04-19,13.01233196258545
2002-04-22,12.790746688842772
2002-04-23,12.691425323486328
2002-04-24,12.856985092163086
2002-04-25,12.9384765625
2002-04-26,12.989423751831056
2002-04-29,12.879898071289062
2002-04-30,13.027621269226074
2002-05-01,12.99195384979248
2002-05-02,13.239017486572266
2002-05-03,13.17534065246582
2002-05-06,12.984319686889648
2002-05-07,13.065821647644045
2002-05-08,13.265578269958496
2002-05-09,13.042774200439451
2002-05-10,12.855829238891602
2002-05-13,13.106799125671388
2002-05-14,13.362897872924805
2002-05-15,13.38338565826416
2002-05-16,13.48837184906006
2002-05-17,13.516546249389648
2002-05-20,13.378255844116213
2002-05-21,13.470452308654783
2002-05-22,13.342415809631348
2002-05-23,13.626666069030762
2002-05-24,13.544718742370604
2002-05-28,13.498621940612791
2002-05-29,13.429471015930176
2002-05-30,13.40898895263672
2002-05-31,13.419225692749023
2002-06-03,13.18874454498291
2002-06-04,13.055582046508787
2002-06-05,13.073505401611328
2002-06-06,12.71497631072998
2002-06-07,12.79436492919922
2002-06-10,12.807170867919922
2002-06-11,12.676566123962402
2002-06-12,12.802047729492188
2002-06-13,12.599735260009766
2002-06-14,12.761077880859377
2002-06-17,13.18874454498291
2002-06-18,13.224599838256836
2002-06-19,13.11192512512207
2002-06-20,13.060710906982422
2002-06-21,13.088871002197266
2002-06-24,12.883996963500977
2002-06-25,12.881434440612791
2002-06-26,12.725215911865234
2002-06-27,12.8455810546875
2002-06-28,12.819971084594728
2002-07-01,12.633028030395508
2002-07-02,12.71497631072998
2002-07-03,12.57156467437744
2002-07-05,12.909610748291016
2002-07-08,13.027408599853516
2002-07-09,12.871192932128906
2002-07-10,12.56900691986084
2002-07-11,12.484498023986816
2002-07-12,12.318037033081056
2002-07-15,12.074748992919922
2002-07-16,12.087549209594728
2002-07-17,12.233519554138184
2002-07-18,11.908285140991213
2002-07-19,11.531829833984377
2002-07-22,11.37305736541748
2002-07-23,10.91721248626709
2002-07-24,11.636832237243652
2002-07-25,11.892927169799805
2002-07-26,12.215600967407228
2002-07-29,12.689372062683104
2002-07-30,12.727779388427734
2002-07-31,13.024852752685549
2002-08-01,12.638148307800291
2002-08-02,12.525466918945312
2002-08-05,12.315473556518556
2002-08-06,12.545957565307615
2002-08-07,12.84730625152588
2002-08-08,13.246529579162598
2002-08-09,13.341830253601074
2002-08-12,13.200166702270508
2002-08-13,12.940037727355955
2002-08-14,13.277435302734377
2002-08-15,13.30319881439209
2002-08-16,13.238809585571287
2002-08-19,13.56075954437256
2002-08-20,13.298038482666016
2002-08-21,13.267135620117188
2002-08-22,13.375316619873049
2002-08-23,13.300618171691896
2002-08-26,13.522130012512209
2002-08-27,13.573638916015623
2002-08-28,13.406228065490724
2002-08-29,13.30319881439209
2002-08-30,13.442272186279297
2002-09-03,13.16153335571289
2002-09-04,13.130626678466797
2002-09-05,13.099723815917969
2002-09-06,13.264556884765623
2002-09-09,13.308345794677734
2002-09-10,13.19759464263916
2002-09-11,13.084267616271973
2002-09-12,12.682464599609377
2002-09-13,12.64125633239746
2002-09-16,12.625802993774414
2002-09-17,12.422320365905762
2002-09-18,12.21369743347168
2002-09-19,11.853113174438477
2002-09-20,12.077181816101074
2002-09-23,12.522769927978516
2002-09-24,12.363089561462402
2002-09-25,12.504748344421388
2002-09-26,12.615498542785645
2002-09-27,12.478989601135254
2002-09-30,12.404300689697266
2002-10-01,12.571720123291016
2002-10-02,12.311577796936035
2002-10-03,11.89173984527588
2002-10-04,11.55433464050293
2002-10-07,11.211771965026855
2002-10-08,11.654779434204102
2002-10-09,11.4873685836792
2002-10-10,11.641911506652832
2002-10-11,12.066886901855469
2002-10-14,12.164758682250977
2002-10-15,12.821556091308594
2002-10-16,12.806100845336914
2002-10-17,12.782913208007812
2002-10-18,12.970932960510254
2002-10-21,13.063660621643066
2002-10-22,13.001851081848145
2002-10-23,13.058514595031738
2002-10-24,12.929728507995604
2002-10-25,13.140932083129885
2002-10-28,12.988975524902344
2002-10-29,12.916855812072754
2002-10-30,13.040481567382812
2002-10-31,12.999277114868164
2002-11-01,13.053353309631348
2002-11-04,12.901395797729492
2002-11-05,12.873064041137695
2002-11-06,12.601102828979492
2002-11-07,12.228111267089844
2002-11-08,11.774840354919434
2002-11-11,11.909528732299805
2002-11-12,12.018312454223633
2002-11-13,12.039030075073242
2002-11-14,12.30322265625
2002-11-15,12.43791675567627
2002-11-18,12.264376640319824
2002-11-19,12.000178337097168
2002-11-20,12.17372226715088
2002-11-21,12.329130172729492
2002-11-22,12.30322265625
2002-11-25,12.202207565307615
2002-11-26,11.811101913452148
2002-11-27,12.15300464630127
2002-11-29,11.969103813171388
2002-12-02,11.97945785522461
2002-12-03,11.886216163635254
2002-12-04,12.03126335144043
2002-12-05,11.844772338867188
2002-12-06,11.927655220031738
2002-12-09,11.875852584838867
2002-12-10,12.129685401916504
2002-12-11,12.096014976501465
2002-12-12,12.005365371704102
2002-12-13,11.914706230163574
2002-12-16,12.17372226715088
2002-12-17,12.127099990844728
2002-12-18,11.984638214111328
2002-12-19,11.958735466003418
2002-12-20,12.191849708557127
2002-12-23,12.189261436462402
2002-12-24,12.15300464630127
2002-12-26,12.132279396057127
2002-12-27,11.992408752441406
2002-12-30,12.194446563720703
2002-12-31,12.140048027038574
2003-01-02,12.58037567138672
2003-01-03,12.404252052307127
2003-01-06,12.650311470031738
2003-01-07,12.572607040405272
2003-01-08,12.393887519836426
2003-01-09,12.510442733764648
2003-01-10,12.450867652893066
2003-01-13,12.523392677307127
2003-01-14,12.59332275390625
2003-01-15,12.352442741394045
2003-01-16,12.17372226715088
2003-01-17,12.243659019470217
2003-01-21,12.204798698425291
2003-01-22,12.181493759155272
2003-01-23,12.362800598144531
2003-01-24,12.186668395996094
2003-01-27,12.10897445678711
2003-01-28,12.070114135742188
2003-01-29,12.137463569641112
2003-01-30,12.005365371704102
2003-01-31,12.26955795288086
2003-02-03,12.36539077758789
2003-02-04,12.181493759155272
2003-02-05,11.813940048217772
2003-02-06,11.954694747924805
2003-02-07,11.847822189331056
2003-02-10,11.944273948669434
2003-02-11,11.88692855834961
2003-02-12,11.81915283203125
2003-02-13,11.88692855834961
2003-02-14,12.07721710205078
2003-02-18,12.178885459899902
2003-02-19,12.100680351257324
2003-02-20,12.01205062866211
2003-02-21,12.100680351257324
2003-02-24,11.793078422546388
2003-02-25,11.884319305419922
2003-02-26,11.751373291015623
2003-02-27,11.853039741516112
2003-02-28,11.821754455566406
2003-03-03,11.821754455566406
2003-03-04,11.730517387390137
2003-03-05,11.897353172302246
2003-03-06,11.738340377807615
2003-03-07,11.873888969421388
2003-03-10,11.540223121643066
2003-03-11,11.558465957641602
2003-03-12,11.508939743041992
2003-03-13,11.926029205322266
2003-03-14,11.926029205322266
2003-03-17,12.212772369384766
2003-03-18,12.168458938598633
2003-03-19,12.272729873657228
2003-03-20,12.212772369384766
2003-03-21,12.319653511047363
2003-03-24,11.926029205322266
2003-03-25,12.111106872558594
2003-03-26,11.965129852294922
2003-03-27,11.879106521606444
2003-03-28,11.905177116394045
2003-03-31,11.72790813446045
2003-04-01,12.069398880004885
2003-04-02,12.33790111541748
2003-04-03,12.19974136352539
2003-04-04,12.272729873657228
2003-04-07,12.20755672454834
2003-04-08,12.369178771972656
2003-04-09,12.090254783630373
2003-04-10,12.228413581848145
2003-04-11,12.053760528564451
2003-04-14,12.19974136352539
2003-04-15,12.369178771972656
2003-04-16,12.184094429016112
2003-04-17,12.382209777832031
2003-04-21,12.23884105682373
2003-04-22,12.46823787689209
2003-04-23,12.556865692138672
2003-04-24,12.403068542480469
2003-04-25,12.361358642578123
2003-04-28,12.494305610656738
2003-04-29,12.546442985534668
2003-04-30,12.580330848693848
2003-05-01,12.61160659790039
2003-05-02,12.77323055267334
2003-05-05,12.525588035583496
2003-05-06,12.614212989807127
2003-05-07,12.525033950805664
2003-05-08,12.349289894104004
2003-05-09,12.43847370147705
2003-05-12,12.616841316223145
2003-05-13,12.569626808166504
2003-05-14,12.525033950805664
2003-05-15,12.624711990356444
2003-05-16,12.69290542602539
2003-05-19,12.47519588470459
2003-05-20,12.427980422973633
2003-05-21,12.406993865966797
2003-05-22,12.349289894104004
2003-05-23,12.406993865966797
2003-05-27,12.653562545776367
2003-05-28,12.525033950805664
2003-05-29,12.47781753540039
2003-05-30,12.669306755065918
2003-06-02,12.82668113708496
2003-06-03,12.923733711242676
2003-06-04,13.178175926208496
2003-06-05,13.272597312927246
2003-06-06,13.19390106201172
2003-06-09,13.062762260437012
2003-06-10,13.27784824371338
2003-06-11,13.490312576293944
2003-06-12,13.516547203063965
2003-06-13,13.330309867858888
2003-06-16,13.587367057800291
2003-06-17,13.587367057800291
2003-06-18,13.63983154296875
2003-06-19,13.40375518798828
2003-06-20,13.429986000061035
2003-06-23,13.31456184387207
2003-06-24,13.364408493041992
2003-06-25,13.29096221923828
2003-06-26,13.50080680847168
2003-06-27,13.39064121246338
2003-06-30,13.220145225524902
2003-07-01,13.301456451416016
2003-07-02,13.369654655456545
2003-07-03,13.298834800720217
2003-07-07,13.414243698120115
2003-07-08,13.325060844421388
2003-07-09,13.332930564880373
2003-07-10,13.369654655456545
2003-07-11,13.608348846435549
2003-07-14,13.909998893737791
2003-07-15,13.621466636657717
2003-07-16,13.624089241027832
2003-07-17,13.364408493041992
2003-07-18,13.477206230163574
2003-07-21,13.440475463867188
2003-07-22,13.63196086883545
2003-07-23,13.610973358154297
2003-07-24,13.495560646057127
2003-07-25,13.663432121276855
2003-07-28,13.613592147827148
2003-07-29,13.58998680114746
2003-07-30,13.464083671569824
2003-07-31,13.254240036010742
2003-08-01,13.141448974609377
2003-08-04,13.186041831970217
2003-08-05,13.05226707458496
2003-08-06,13.226962089538574
2003-08-07,13.224324226379396
2003-08-08,13.301079750061035
2003-08-11,13.221671104431152
2003-08-12,13.330195426940918
2003-08-13,13.248133659362791
2003-08-14,13.361967086791992
2003-08-15,13.37254810333252
2003-08-18,13.324907302856444
2003-08-19,13.335495948791504
2003-08-20,13.221671104431152
2003-08-21,13.144906997680664
2003-08-22,13.00461483001709
2003-08-25,13.152843475341797
2003-08-26,13.134318351745604
2003-08-27,13.10255527496338
2003-08-28,13.253432273864746
2003-08-29,13.271964073181152
2003-09-02,13.539311408996582
2003-09-03,13.624015808105469
2003-09-04,13.47313117980957
2003-09-05,13.401665687561035
2003-09-08,13.555192947387695
2003-09-09,13.49696159362793
2003-09-10,13.245492935180664
2003-09-11,13.181971549987791
2003-09-12,13.306373596191406
2003-09-15,13.245492935180664
2003-09-16,13.354023933410645
2003-09-17,13.39637565612793
2003-09-18,13.65842342376709
2003-09-19,13.676955223083496
2003-09-22,13.526073455810549
2003-09-23,13.504901885986328
2003-09-24,13.430788040161133
2003-09-25,13.489011764526367
2003-09-26,13.60548210144043
2003-09-29,13.687541007995604
2003-09-30,13.6319580078125
2003-10-01,14.002532958984377
2003-10-02,14.018414497375488
2003-10-03,14.08988094329834
2003-10-06,14.119003295898438
2003-10-07,14.333399772644045
2003-10-08,14.330760955810549
2003-10-09,14.346635818481444
2003-10-10,14.439287185668944
2003-10-13,14.571635246276855
2003-10-14,14.603398323059082
2003-10-15,14.56633758544922
2003-10-16,14.574271202087402
2003-10-17,14.558399200439451
2003-10-20,14.656335830688477
2003-10-21,14.69074535369873
2003-10-22,14.486926078796388
2003-10-23,14.61398220062256
2003-10-24,14.558399200439451
2003-10-27,14.410168647766112
2003-10-28,14.534579277038574
2003-10-29,14.529284477233888
2003-10-30,14.65898609161377
2003-10-31,14.907798767089844
2003-11-03,15.056034088134766
2003-11-04,14.815149307250977
2003-11-05,14.860522270202637
2003-11-06,14.876526832580566
2003-11-07,14.836499214172363
2003-11-10,14.812490463256836
2003-11-11,14.924561500549316
2003-11-12,15.138038635253906
2003-11-13,15.252782821655272
2003-11-14,15.087335586547852
2003-11-17,15.092670440673828
2003-11-18,14.98326587677002
2003-11-19,15.049979209899902
2003-11-20,15.039304733276367
2003-11-21,15.076666831970217
2003-11-24,15.132694244384766
2003-11-25,15.250112533569336
2003-11-26,15.306151390075684
2003-11-28,15.298145294189451
2003-12-01,15.410215377807615
2003-12-02,15.255440711975098
2003-12-03,15.143369674682615
2003-12-04,15.188732147216797
2003-12-05,15.156713485717772
2003-12-08,15.266120910644531
2003-12-09,15.05798053741455
2003-12-10,15.05264377593994
2003-12-11,15.183395385742188
2003-12-12,15.21275234222412
2003-12-15,14.96458625793457
2003-12-16,15.250112533569336
2003-12-17,15.290138244628906
2003-12-18,15.420890808105469
2003-12-19,15.498273849487305
2003-12-22,15.47425937652588
2003-12-23,15.572994232177734
2003-12-24,15.54897403717041
2003-12-26,15.57565689086914
2003-12-29,15.685060501098633
2003-12-30,15.727761268615724
2003-12-31,15.714415550231934
2004-01-02,15.522292137145996
2004-01-05,15.597005844116213
2004-01-06,15.546309471130373
2004-01-07,15.388871192932127
2004-01-08,15.383532524108888
2004-01-09,15.31148910522461
2004-01-12,15.199406623840332
2004-01-13,15.017950057983398
2004-01-14,15.031301498413086
2004-01-15,15.076666831970217
2004-01-16,15.260783195495604
2004-01-20,15.30348300933838
2004-01-21,15.434237480163574
2004-01-22,15.236767768859863
2004-01-23,15.167388916015623
2004-01-26,15.487601280212402
2004-01-27,15.319488525390623
2004-01-28,15.226099014282228
2004-01-29,15.434237480163574
2004-01-30,15.319488525390623
2004-02-02,15.359516143798828
2004-02-03,15.466259002685549
2004-02-04,15.355996131896973
2004-02-05,15.345242500305176
2004-02-06,15.587273597717283
2004-02-09,15.51465892791748
2004-02-10,15.48239040374756
2004-02-11,15.651820182800291
2004-02-12,15.436670303344728
2004-02-13,15.428608894348145
2004-02-17,15.436670303344728
2004-02-18,15.31565284729004
2004-02-19,15.48239040374756
2004-02-20,15.299519538879396
2004-02-23,15.291451454162598
2004-02-24,15.253798484802246
2004-02-25,15.390954971313477
2004-02-26,15.396328926086426
2004-02-27,15.42322826385498
2004-03-01,15.498528480529783
2004-03-02,15.415151596069336
2004-03-03,15.53079891204834
2004-03-04,15.630303382873535
2004-03-05,15.70291233062744
2004-03-08,15.75938892364502
2004-03-09,15.716367721557615
2004-03-10,15.716367721557615
2004-03-11,15.520044326782228
2004-03-12,15.576513290405272
2004-03-15,15.53886604309082
2004-03-16,15.616850852966309
2004-03-17,15.69753074645996
2004-03-18,15.681405067443848
2004-03-19,15.48239040374756
2004-03-22,15.27531909942627
2004-03-23,15.226899147033691
2004-03-24,15.213455200195312
2004-03-25,15.36675262451172
2004-03-26,15.31565284729004
2004-03-29,15.374818801879885
2004-03-30,15.283381462097168
2004-03-31,15.240350723266602
2004-04-01,15.396328926086426
2004-04-02,15.22421646118164
2004-04-05,15.229594230651855
2004-04-06,15.377509117126465
2004-04-07,15.261863708496094
2004-04-08,15.296832084655762
2004-04-12,15.337165832519531
2004-04-13,14.966042518615724
2004-04-14,14.855780601501465
2004-04-15,14.775101661682127
2004-04-16,15.078990936279297
2004-04-19,15.035968780517578
2004-04-20,14.888053894042969
2004-04-21,15.116644859313965
2004-04-22,15.261863708496094
2004-04-23,15.167741775512695
2004-04-26,15.16505241394043
2004-04-27,15.35329818725586
2004-04-28,15.140851974487305
2004-04-29,15.173110008239746
2004-04-30,15.183873176574709
2004-05-03,15.32103443145752
2004-05-04,15.342546463012695
2004-05-05,15.347962379455566
2004-05-06,15.220568656921388
2004-05-07,14.933233261108398
2004-05-10,14.85190773010254
2004-05-11,14.935938835144045
2004-05-12,15.152792930603027
2004-05-13,15.20700740814209
2004-05-14,15.44826602935791
2004-05-17,15.42657470703125
2004-05-18,15.681381225585938
2004-05-19,15.640717506408691
2004-05-20,15.722050666809082
2004-05-21,15.735596656799316
2004-05-24,15.811492919921877
2004-05-25,15.925345420837402
2004-05-26,16.02564239501953
2004-05-27,16.006664276123047
2004-05-28,15.938899040222168
2004-06-01,15.892818450927734
2004-06-02,15.863001823425291
2004-06-03,15.800649642944336
2004-06-04,15.881972312927246
2004-06-07,15.995824813842772
2004-06-08,15.938899040222168
2004-06-09,15.722050666809082
2004-06-10,15.887396812438965
2004-06-14,15.732897758483888
2004-06-15,15.78980541229248
2004-06-16,15.77626132965088
2004-06-17,15.833186149597168
2004-06-18,15.884684562683104
2004-06-21,15.863001823425291
2004-06-22,15.928051948547363
2004-06-23,16.006664276123047
2004-06-24,15.909079551696776
2004-06-25,15.59463119506836
2004-06-28,15.654276847839355
2004-06-29,15.545852661132812
2004-06-30,15.51332187652588
2004-07-01,15.339832305908203
2004-07-02,15.51332187652588
2004-07-06,15.429282188415527
2004-07-07,15.51332187652588
2004-07-08,15.434709548950195
2004-07-09,15.456396102905272
2004-07-12,15.605484008789062
2004-07-13,15.65969467163086
2004-07-14,15.586503028869627
2004-07-15,15.559401512145996
2004-07-16,15.697647094726562
2004-07-19,15.844021797180176
2004-07-20,15.738304138183594
2004-07-21,15.51873779296875
2004-07-22,15.47536563873291
2004-07-23,15.353386878967283
2004-07-26,15.402185440063477
2004-07-27,15.567534446716309
2004-07-28,15.567534446716309
2004-07-29,15.648852348327637
2004-07-30,15.562111854553224
2004-08-02,15.684094429016112
2004-08-03,15.581082344055176
2004-08-04,15.654887199401855
2004-08-05,15.387008666992188
2004-08-06,15.406142234802246
2004-08-09,15.414342880249023
2004-08-10,15.581082344055176
2004-08-11,15.736897468566896
2004-08-12,15.624823570251465
2004-08-13,15.728708267211914
2004-08-16,15.794304847717283
2004-08-17,15.821637153625488
2004-08-18,15.843502044677734
2004-08-19,15.840774536132812
2004-08-20,15.868103981018066
2004-08-23,15.824370384216309
2004-08-24,15.900907516479492
2004-08-25,16.00478172302246
2004-08-26,16.03484535217285
2004-08-27,16.03484535217285
2004-08-30,15.961044311523438
2004-08-31,16.059450149536133
2004-09-01,16.081308364868164
2004-09-02,16.248071670532227
2004-09-03,16.20159149169922
2004-09-07,16.324600219726562
2004-09-08,16.12778663635254
2004-09-09,16.125059127807617
2004-09-10,16.163328170776367
2004-09-13,16.179729461669922
2004-09-14,16.092252731323242
2004-09-15,16.15513038635254
2004-09-16,16.190658569335938
2004-09-17,16.220731735229492
2004-09-20,16.138717651367188
2004-09-21,16.14692497253418
2004-09-22,16.045785903930664
2004-09-23,15.889978408813477
2004-09-24,16.02938461303711
2004-09-27,16.133256912231445
2004-09-28,16.220731735229492
2004-09-29,16.21527099609375
2004-09-30,16.30000114440918
2004-10-01,16.453086853027344
2004-10-04,16.515949249267578
2004-10-05,16.49408721923828
2004-10-06,16.578821182250977
2004-10-07,16.466751098632812
2004-10-08,16.532358169555664
2004-10-11,16.524152755737305
2004-10-12,16.52688217163086
2004-10-13,16.466751098632812
2004-10-14,16.259000778198242
2004-10-15,16.414817810058594
2004-10-18,16.442148208618164
2004-10-19,16.22346305847168
2004-10-20,16.07859230041504
2004-10-21,15.99657917022705
2004-10-22,15.821637153625488
2004-10-25,15.813430786132812
2004-10-26,16.045785903930664
2004-10-27,16.168792724609375
2004-10-28,16.35466766357422
2004-10-29,16.324600219726562
2004-11-01,16.376535415649414
2004-11-02,16.346473693847656
2004-11-03,16.616525650024414
2004-11-04,16.925159454345703
2004-11-05,16.947202682495117
2004-11-08,16.977514266967773
2004-11-09,16.960983276367188
2004-11-10,16.947202682495117
2004-11-11,17.126319885253906
2004-11-12,17.242063522338867
2004-11-15,17.236541748046875
2004-11-16,17.134586334228516
2004-11-17,17.211755752563477
2004-11-18,17.208980560302734
2004-11-19,16.960983276367188
2004-11-22,17.0987606048584
2004-11-23,17.195209503173828
2004-11-24,17.208980560302734
2004-11-26,17.222763061523438
2004-11-29,17.140094757080078
2004-11-30,17.02161407470703
2004-12-01,17.327478408813477
2004-12-02,17.26961898803711
2004-12-03,17.195209503173828
2004-12-06,17.217252731323242
2004-12-07,17.035381317138672
2004-12-08,17.20073127746582
2004-12-09,17.34952735900879
2004-12-10,17.366064071655273
2004-12-13,17.4294376373291
2004-12-14,17.346769332885742
2004-12-15,17.23103904724121
2004-12-16,17.294418334960938
2004-12-17,17.08498764038086
2004-12-20,17.107025146484375
2004-12-21,17.140094757080078
2004-12-22,17.164901733398438
2004-12-23,17.19797134399414
2004-12-27,17.17041015625
2004-12-28,17.24481201171875
2004-12-29,17.195209503173828
2004-12-30,17.140094757080078
2004-12-31,17.126319885253906
2005-01-03,17.060178756713867
2005-01-04,17.073963165283203
2005-01-05,17.09325408935547
2005-01-06,17.153879165649414
2005-01-07,17.131824493408203
2005-01-10,17.120800018310547
2005-01-11,17.087743759155273
2005-01-12,16.859018325805664
2005-01-13,16.710214614868164
2005-01-14,16.723995208740234
2005-01-18,16.936172485351562
2005-01-19,16.809425354003906
2005-01-20,16.682659149169922
2005-01-21,16.566926956176758
2005-01-24,16.52008628845215
2005-01-25,16.62479591369629
2005-01-26,16.773605346679688
2005-01-27,16.652347564697266
2005-01-28,16.677154541015625
2005-01-31,16.892091751098633
2005-02-01,17.029878616333008
2005-02-02,16.879899978637695
2005-02-03,16.95488739013672
2005-02-04,16.935447692871094
2005-02-07,17.057645797729492
2005-02-08,17.063190460205078
2005-02-09,16.91600227355957
2005-02-10,16.782697677612305
2005-02-11,16.746599197387695
2005-02-14,17.02709197998047
2005-02-15,17.02431869506836
2005-02-16,16.874351501464844
2005-02-17,16.77436637878418
2005-02-18,16.610517501831055
2005-02-22,16.338342666625977
2005-02-23,16.521638870239258
2005-02-24,16.57718276977539
2005-02-25,16.635515213012695
2005-02-28,16.4910945892334
2005-03-01,16.621623992919922
2005-03-02,16.524425506591797
2005-03-03,16.499425888061523
2005-03-04,16.802133560180664
2005-03-07,16.86602020263672
2005-03-08,16.88268280029297
2005-03-09,16.591075897216797
2005-03-10,16.721603393554688
2005-03-11,16.607730865478516
2005-03-14,16.69106101989746
2005-03-15,16.6577205657959
2005-03-16,16.532756805419922
2005-03-17,16.55219268798828
2005-03-18,16.4910945892334
2005-03-21,16.43832778930664
2005-03-22,16.213375091552734
2005-03-23,16.31334686279297
2005-03-24,16.216142654418945
2005-03-28,16.349458694458008
2005-03-29,16.36611557006836
2005-03-30,16.57996368408203
2005-03-31,16.607730865478516
2005-04-01,16.504987716674805
2005-04-04,16.61884117126465
2005-04-05,16.57440948486328
2005-04-06,16.591075897216797
2005-04-07,16.62995719909668
2005-04-08,16.541088104248047
2005-04-11,16.663280487060547
2005-04-12,16.838253021240234
2005-04-13,16.724376678466797
2005-04-14,16.621623992919922
2005-04-15,16.42166519165039
2005-04-18,16.527198791503906
2005-04-19,16.36611557006836
2005-04-20,16.149490356445312
2005-04-21,16.293909072875977
2005-04-22,16.293909072875977
2005-04-25,16.427213668823242
2005-04-26,16.327238082885742
2005-04-27,16.527198791503906
2005-04-28,16.535526275634766
2005-04-29,16.646617889404297
2005-05-02,16.77436637878418
2005-05-03,16.743818283081055
2005-05-04,16.984575271606445
2005-05-05,16.867002487182617
2005-05-06,16.729822158813477
2005-05-09,16.858596801757812
2005-05-10,16.718618392944336
2005-05-11,16.811002731323242
2005-05-12,16.746631622314453
2005-05-13,16.587051391601562
2005-05-16,16.799814224243164
2005-05-17,16.925777435302734
2005-05-18,17.068561553955078
2005-05-19,17.15534019470215
2005-05-20,17.169353485107422
2005-05-23,17.18893814086914
2005-05-24,17.085359573364258
2005-05-25,17.046165466308594
2005-05-26,17.060165405273438
2005-05-27,17.018171310424805
2005-05-31,16.911794662475586
2005-06-01,17.216934204101562
2005-06-02,17.225330352783203
2005-06-03,17.174942016601562
2005-06-06,17.200130462646484
2005-06-07,17.180540084838867
2005-06-08,17.216934204101562
2005-06-09,17.169353485107422
2005-06-10,17.163740158081055
2005-06-13,17.104948043823242
2005-06-14,17.118959426879883
2005-06-15,17.174942016601562
2005-06-16,17.202943801879883
2005-06-17,17.24213218688965
2005-06-20,17.26172637939453
2005-06-21,17.214134216308594
2005-06-22,17.27573013305664
2005-06-23,17.079761505126953
2005-06-24,16.998577117919922
2005-06-27,16.964981079101562
2005-06-28,17.172149658203125
2005-06-29,17.34011459350586
2005-06-30,17.239328384399414
2005-07-01,17.152542114257812
2005-07-05,17.132951736450195
2005-07-06,17.03216552734375
2005-07-07,16.976177215576172
2005-07-08,17.152542114257812
2005-07-11,17.281322479248047
2005-07-12,17.230934143066406
2005-07-13,17.281322479248047
2005-07-14,17.488494873046875
2005-07-15,17.600465774536133
2005-07-18,17.35411262512207
2005-07-19,17.309326171875
2005-07-20,17.41569709777832
2005-07-21,17.295316696166992
2005-07-22,17.28691864013672
2005-07-25,17.312122344970703
2005-07-26,17.356910705566406
2005-07-27,17.30092430114746
2005-07-28,17.34011459350586
2005-07-29,17.172149658203125
2005-08-01,17.228132247924805
2005-08-02,17.278522491455078
2005-08-03,17.29262924194336
2005-08-04,17.210771560668945
2005-08-05,17.044187545776367
2005-08-08,17.041370391845703
2005-08-09,17.06395149230957
2005-08-10,17.027254104614258
2005-08-11,17.069599151611328
2005-08-12,16.987722396850586
2005-08-15,17.148658752441406
2005-08-16,16.92844009399414
2005-08-17,16.94255828857422
2005-08-18,17.035724639892578
2005-08-19,17.117595672607422
2005-08-22,17.128883361816406
2005-08-23,16.953845977783203
2005-08-24,16.792917251586914
2005-08-25,16.818336486816406
2005-08-26,16.598112106323242
2005-08-29,16.736452102661133
2005-08-30,16.598112106323242
2005-08-31,16.832441329956055
2005-09-01,16.86349868774414
2005-09-02,16.739276885986328
2005-09-06,17.00748634338379
2005-09-07,16.959491729736328
2005-09-08,16.883264541625977
2005-09-09,16.8889102935791
2005-09-12,16.883264541625977
2005-09-13,16.826799392700195
2005-09-14,16.711042404174805
2005-09-15,16.547290802001953
2005-09-16,16.931259155273438
2005-09-19,16.826799392700195
2005-09-20,16.722335815429688
2005-09-21,16.49081802368164
2005-09-22,16.600934982299805
2005-09-23,16.6489315032959
2005-09-26,16.552932739257812
2005-09-27,16.538820266723633
2005-09-28,16.40894889831543
2005-09-29,16.660215377807617
2005-09-30,16.536001205444336
2005-10-03,16.50212287902832
2005-10-04,16.312955856323242
2005-10-05,16.324249267578125
2005-10-06,16.445648193359375
2005-10-07,16.536001205444336
2005-10-10,16.33272361755371
2005-10-11,16.338361740112305
2005-10-12,16.341190338134766
2005-10-13,16.527530670166016
2005-10-14,16.65175437927246
2005-10-17,16.696924209594727
2005-10-18,16.62917137145996
2005-10-19,16.855031967163086
2005-10-20,16.691286087036133
2005-10-21,16.70257568359375
2005-10-24,16.934085845947266
2005-10-25,16.90302276611328
2005-10-26,16.86349868774414
2005-10-27,16.823972702026367
2005-10-28,17.12607192993164
2005-10-31,16.996192932128906
2005-11-01,16.908674240112305
2005-11-02,16.98272132873535
2005-11-03,16.945697784423828
2005-11-04,17.00834846496582
2005-11-07,17.170690536499023
2005-11-08,17.133665084838867
2005-11-09,17.2105655670166
2005-11-10,17.501062393188477
2005-11-11,17.700422286987305
2005-11-14,17.768775939941406
2005-11-15,17.518156051635742
2005-11-16,17.370059967041016
2005-11-17,17.768775939941406
2005-11-18,17.802955627441406
2005-11-21,18.0023136138916
2005-11-22,18.178890228271484
2005-11-23,18.301353454589844
2005-11-25,18.32413673400879
2005-11-28,18.16464233398437
2005-11-29,18.18174171447754
2005-11-30,17.899782180786133
2005-12-01,17.922574996948242
2005-12-02,17.885547637939453
2005-12-05,17.976682662963867
2005-12-06,17.9254150390625
2005-12-07,17.800098419189453
2005-12-08,17.714656829833984
2005-12-09,17.83143424987793
2005-12-12,17.757381439208984
2005-12-13,17.999473571777344
2005-12-14,18.232999801635746
2005-12-15,18.14472007751465
2005-12-16,18.15610694885254
2005-12-19,18.12762260437012
2005-12-20,18.059268951416016
2005-12-21,18.136171340942383
2005-12-22,18.221603393554688
2005-12-23,18.2358455657959
2005-12-27,18.113386154174805
2005-12-28,17.985218048095703
2005-12-29,17.959590911865234
2005-12-30,17.894092559814453
2006-01-03,18.170345306396484
2006-01-04,17.959590911865234
2006-01-05,17.939659118652344
2006-01-06,18.045032501220703
2006-01-09,18.042186737060547
2006-01-10,18.0279483795166
2006-01-11,18.121936798095703
2006-01-12,17.911170959472656
2006-01-13,18.013704299926758
2006-01-17,17.828580856323242
2006-01-18,18.113386154174805
2006-01-19,17.83143424987793
2006-01-20,17.515302658081055
2006-01-23,17.54662322998047
2006-01-24,17.540935516357422
2006-01-25,17.65770721435547
2006-01-26,17.82004165649414
2006-01-27,17.857059478759766
2006-01-30,17.791561126708984
2006-01-31,17.760231018066406
2006-02-01,17.760229110717773
2006-02-02,17.605138778686523
2006-02-03,17.530475616455078
2006-02-06,17.533340454101562
2006-02-07,17.556324005126953
2006-02-08,17.613759994506836
2006-02-09,17.58504867553711
2006-02-10,17.728635787963867
2006-02-13,17.705663681030273
2006-02-14,17.992856979370117
2006-02-15,18.234100341796875
2006-02-16,18.3662166595459
2006-02-17,18.26856231689453
2006-02-21,18.239845275878903
2006-02-22,18.492582321166992
2006-02-23,18.492582321166992
2006-02-24,18.54427719116211
2006-02-27,18.521299362182617
2006-02-28,18.4380111694336
2006-03-01,18.578744888305664
2006-03-02,18.33462715148925
2006-03-03,18.32887458801269
2006-03-06,18.300159454345703
2006-03-07,18.521299362182617
2006-03-08,18.49832534790039
2006-03-09,18.35472869873047
2006-03-10,18.45237922668457
2006-03-13,18.483963012695312
2006-03-14,18.64479255676269
2006-03-15,18.639049530029297
2006-03-16,18.65053367614746
2006-03-17,18.685001373291016
2006-03-20,18.70511245727539
2006-03-21,18.63330078125
2006-03-22,18.774036407470703
2006-03-23,18.65915298461914
2006-03-24,18.662023544311523
2006-03-27,18.64766502380371
2006-03-28,18.39780807495117
2006-03-29,18.4380111694336
2006-03-30,18.417903900146484
2006-03-31,18.343238830566406
2006-04-03,18.47534370422364
2006-04-04,18.630434036254883
2006-04-05,18.70511245727539
2006-04-06,18.65053367614746
2006-04-07,18.486835479736328
2006-04-10,18.49832534790039
2006-04-11,18.489707946777344
2006-04-12,18.492582321166992
2006-04-13,18.56724739074707
2006-04-17,18.51268577575684
2006-04-18,18.685001373291016
2006-04-19,18.590221405029297
2006-04-20,18.676389694213867
2006-04-21,18.676389694213867
2006-04-24,18.696489334106445
2006-04-25,18.693618774414062
2006-04-26,18.840085983276367
2006-04-27,19.290987014770508
2006-04-28,19.72751808166504
2006-05-01,19.52936744689941
2006-05-02,19.497764587402344
2006-05-03,19.49197196960449
2006-05-04,19.73218536376953
2006-05-05,19.93188667297364
2006-05-08,19.79296875
2006-05-09,19.76692581176757
2006-05-10,19.66563606262207
2006-05-11,19.52960205078125
2006-05-12,19.436992645263672
2006-05-15,19.58170318603516
2006-05-16,19.656946182250977
2006-05-17,19.23729705810547
2006-05-18,19.00577163696289
2006-05-19,19.118635177612305
2006-05-22,19.28650283813477
2006-05-23,19.35885238647461
2006-05-24,19.39069175720215
2006-05-25,19.416728973388672
2006-05-26,19.46303939819336
2006-05-30,19.17362403869629
2006-05-31,19.20834922790528
2006-06-01,19.58170318603516
2006-06-02,19.720623016357425
2006-06-05,19.48908805847168
2006-06-06,19.57880592346192
2006-06-07,19.746671676635746
2006-06-08,20.047651290893555
2006-06-09,20.00424766540528
2006-06-12,20.03028678894043
2006-06-13,19.41094398498535
2006-06-14,19.25466728210449
2006-06-15,19.36754035949707
2006-06-16,19.28938865661621
2006-06-19,19.234399795532227
2006-06-20,19.240190505981445
2006-06-21,19.28650283813477
2006-06-22,19.21992492675781
2006-06-23,18.95946311950684
2006-06-26,19.05785369873047
2006-06-27,18.85237503051757
2006-06-28,19.17362403869629
2006-06-29,19.506458282470703
2006-06-30,19.41384506225586
2006-07-03,19.518037796020508
2006-07-05,19.355960845947266
2006-07-06,19.53539657592773
2006-07-07,19.711933135986328
2006-07-10,19.775598526000977
2006-07-11,19.92609214782715
2006-07-12,19.703256607055664
2006-07-13,19.67720603942871
2006-07-14,19.61353302001953
2006-07-17,19.839279174804688
2006-07-18,19.75245857238769
2006-07-19,20.499141693115234
2006-07-20,20.487564086914062
2006-07-21,20.60333824157715
2006-07-24,20.51072120666504
2006-07-25,20.461515426635746
2006-07-26,20.507822036743164
2006-07-27,20.27918815612793
2006-07-28,20.956411361694336
2006-07-31,20.93614196777344
2006-08-01,20.994041442871094
2006-08-02,21.11653518676757
2006-08-03,21.18944931030273
2006-08-04,21.29153251647949
2006-08-07,21.11070251464844
2006-08-08,20.845293045043945
2006-08-09,20.337785720825195
2006-08-10,20.25612449645996
2006-08-11,20.29695510864257
2006-08-14,20.212379455566406
2006-08-15,20.399044036865234
2006-08-16,20.550704956054688
2006-08-17,20.56237030029297
2006-08-18,20.49820327758789
2006-08-21,20.53904151916504
2006-08-22,20.34654235839844
2006-08-23,20.36404037475586
2006-08-24,20.53904151916504
2006-08-25,20.358213424682617
2006-08-28,20.486536026000977
2006-08-29,20.329030990600582
2006-08-30,20.235708236694336
2006-08-31,20.27070617675781
2006-09-01,20.31154060363769
2006-09-05,20.317371368408203
2006-09-06,20.439870834350582
2006-09-07,20.224040985107425
2006-09-08,20.404878616333008
2006-09-11,20.439870834350582
2006-09-12,20.61486053466797
2006-09-13,20.69652938842773
2006-09-14,20.78986930847168
2006-09-15,20.92403984069824
2006-09-18,20.87153434753418
2006-09-19,20.98238182067871
2006-09-20,21.174867630004883
2006-09-21,21.058195114135746
2006-09-22,21.00571060180664
2006-09-25,21.215700149536133
2006-09-26,21.268198013305664
2006-09-27,21.1048641204834
2006-09-28,21.069869995117188
2006-09-29,21.1048641204834
2006-10-02,21.02904319763184
2006-10-03,21.28569984436035
2006-10-04,21.36737060546875
2006-10-05,21.29736518859864
2006-10-06,21.198192596435547
2006-10-09,21.239032745361328
2006-10-10,21.1632080078125
2006-10-11,21.128189086914062
2006-10-12,21.174867630004883
2006-10-13,21.19236946105957
2006-10-16,21.11653518676757
2006-10-17,21.279863357543945
2006-10-18,21.47237014770508
2006-10-19,21.43153190612793
2006-10-20,21.36737060546875
2006-10-23,21.39069175720215
2006-10-24,21.26236915588379
2006-10-25,21.227367401123047
2006-10-26,21.250703811645508
2006-10-27,21.186527252197266
2006-10-30,21.198192596435547
2006-10-31,21.16902732849121
2006-11-01,21.157276153564453
2006-11-02,21.08673095703125
2006-11-03,21.163164138793945
2006-11-06,21.36302757263184
2006-11-07,21.392427444458008
2006-11-08,21.633445739746094
2006-11-09,21.5922966003418
2006-11-10,21.557025909423828
2006-11-13,21.451215744018555
2006-11-14,21.58054542541504
2006-11-15,21.298364639282227
2006-11-16,21.45707893371582
2006-11-17,21.321882247924805
2006-11-20,21.257221221923828
2006-11-21,21.033830642700195
2006-11-22,20.87510871887207
2006-11-24,20.910377502441406
2006-11-27,20.69286727905273
2006-11-28,20.639955520629883
2006-11-29,20.845706939697266
2006-11-30,20.71637535095215
2006-12-01,20.71050071716309
2006-12-04,20.86334991455078
2006-12-05,20.880979537963867
2006-12-06,20.880979537963867
2006-12-07,20.86334991455078
2006-12-08,20.82806968688965
2006-12-11,20.8045597076416
2006-12-12,20.77516365051269
2006-12-13,20.78104591369629
2006-12-14,20.910377502441406
2006-12-15,20.9574031829834
2006-12-18,21.02206420898437
2006-12-19,21.098487854003903
2006-12-20,21.09260940551757
2006-12-21,21.098487854003903
2006-12-22,21.069101333618164
2006-12-26,21.12788391113281
2006-12-27,21.19254493713379
2006-12-28,21.11612701416016
2006-12-29,20.90449905395508
2007-01-03,21.01030540466309
2007-01-04,21.04557991027832
2007-01-05,20.92801284790039
2007-01-08,20.86922264099121
2007-01-09,20.922134399414062
2007-01-10,20.85746383666992
2007-01-11,20.892742156982425
2007-01-12,20.87510871887207
2007-01-16,21.298364639282227
2007-01-17,21.321882247924805
2007-01-18,21.280733108520508
2007-01-19,21.18667793273925
2007-01-22,21.01618766784668
2007-01-23,21.16903114318848
2007-01-24,21.49235725402832
2007-01-25,21.210189819335938
2007-01-26,21.180782318115234
2007-01-29,21.13375473022461
2007-01-30,21.104372024536133
2007-01-31,21.28211975097656
2007-02-01,21.25249290466309
2007-02-02,21.246562957763672
2007-02-05,21.145845413208008
2007-02-06,21.2702693939209
2007-02-07,21.25841522216797
2007-02-08,21.068824768066406
2007-02-09,20.950326919555664
2007-02-12,21.09252548217773
2007-02-13,21.25249290466309
2007-02-14,21.335432052612305
2007-02-15,21.335432052612305
2007-02-16,21.187313079833984
2007-02-20,21.29396629333496
2007-02-21,21.4361629486084
2007-02-22,21.453929901123047
2007-02-23,21.110294342041016
2007-02-26,21.133996963500977
2007-02-27,20.375606536865234
2007-02-28,20.559276580810547
2007-03-01,20.535587310791016
2007-03-02,20.405237197875977
2007-03-05,20.16231155395508
2007-03-06,20.535587310791016
2007-03-07,20.33414077758789
2007-03-08,20.44671440124512
2007-03-09,20.44077682495117
2007-03-12,20.458553314208984
2007-03-13,19.830528259277344
2007-03-14,19.937175750732425
2007-03-15,20.20378875732422
2007-03-16,20.11491203308105
2007-03-19,20.29266357421875
2007-03-20,20.505952835083008
2007-03-21,21.02141761779785
2007-03-22,20.731109619140625
2007-03-23,20.71332550048828
2007-03-26,20.54743194580078
2007-03-27,20.381532669067383
2007-03-28,20.22749328613281
2007-03-29,20.46448516845703
2007-03-30,20.39931297302246
2007-04-02,20.150468826293945
2007-04-03,20.44671440124512
2007-04-04,20.34598731994629
2007-04-05,20.405237197875977
2007-04-09,20.36376953125
2007-04-10,20.387470245361328
2007-04-11,20.245256423950195
2007-04-12,20.34598731994629
2007-04-13,20.51780891418457
2007-04-16,21.039196014404297
2007-04-17,20.885150909423828
2007-04-18,21.29988479614257
2007-04-19,21.41246795654297
2007-04-20,21.507266998291016
2007-04-23,21.34136009216309
2007-04-24,21.19917297363281
2007-04-25,21.49541282653809
2007-04-26,21.37098503112793
2007-04-27,21.29396629333496
2007-04-30,21.26433563232422
2007-05-01,21.35322380065918
2007-05-02,21.311410903930664
2007-05-03,21.400983810424805
2007-05-04,21.448755264282227
2007-05-07,21.538318634033203
2007-05-08,21.38307380676269
2007-05-09,21.562211990356445
2007-05-10,21.138242721557617
2007-05-11,21.20989799499512
2007-05-14,21.078533172607425
2007-05-15,21.14422416687012
2007-05-16,21.627885818481445
2007-05-17,21.63984107971192
2007-05-18,21.74731063842773
2007-05-21,21.6816349029541
2007-05-22,21.496522903442383
2007-05-23,21.55025863647461
2007-05-24,21.520414352416992
2007-05-25,21.574153900146484
2007-05-29,21.58609771728516
2007-05-30,21.63386344909668
2007-05-31,21.55025863647461
2007-06-01,21.735370635986328
2007-06-04,21.615947723388672
2007-06-05,21.442779541015625
2007-06-06,21.25170516967773
2007-06-07,20.93523025512696
2007-06-08,21.1024112701416
2007-06-11,21.186016082763672
2007-06-12,21.00687599182129
2007-06-13,21.46069526672364
2007-06-14,21.430831909179688
2007-06-15,21.47861862182617
2007-06-18,21.580123901367188
2007-06-19,21.723434448242188
2007-06-20,21.30544090270996
2007-06-21,21.27558898925781
2007-06-22,20.91134262084961
2007-06-25,20.947168350219727
2007-06-26,20.93523025512696
2007-06-27,21.09644889831543
2007-06-28,21.066591262817383
2007-06-29,21.00091361999512
2007-07-02,21.203935623168945
2007-07-03,21.30544090270996
2007-07-05,21.090484619140625
2007-07-06,21.09644889831543
2007-07-09,20.97105026245117
2007-07-10,20.56500625610352
2007-07-11,20.85163307189941
2007-07-12,21.16213607788086
2007-07-13,21.22185134887696
2007-07-16,21.168100357055664
2007-07-17,21.25170516967773
2007-07-18,21.13227653503418
2007-07-19,21.22185134887696
2007-07-20,20.732202529907227
2007-07-23,20.8098201751709
2007-07-24,20.260473251342773
2007-07-25,20.64262962341309
2007-07-26,20.09328269958496
2007-07-27,20.039535522460938
2007-07-30,20.666513442993164
2007-07-31,20.164934158325195
2007-08-01,20.58889389038086
2007-08-02,20.553056716918945
2007-08-03,19.59170150756836
2007-08-06,20.75609397888184
2007-08-07,20.833703994750977
2007-08-08,21.080730438232425
2007-08-09,20.58067321777344
2007-08-10,20.72526741027832
2007-08-13,20.42403030395508
2007-08-14,20.279436111450195
2007-08-15,20.225217819213867
2007-08-16,21.32774543762207
2007-08-17,22.43631172180176
2007-08-20,22.35196685791016
2007-08-21,22.514631271362305
2007-08-22,22.110971450805664
2007-08-23,21.960350036621094
2007-08-24,22.032644271850582
2007-08-27,21.767560958862305
2007-08-28,21.207252502441406
2007-08-29,21.67718315124512
2007-08-30,21.532590866088867
2007-08-31,22.014568328857425
2007-09-04,22.04469871520996
2007-09-05,21.62296295166016
2007-09-06,21.47836685180664
2007-09-07,21.207252502441406
2007-09-10,21.17110061645508
2007-09-11,21.76154327392578
2007-09-12,21.496448516845703
2007-09-13,21.57476043701172
2007-09-14,21.484390258789062
2007-09-17,21.484390258789062
2007-09-18,22.40618896484375
2007-09-19,22.47246742248535
2007-09-20,22.02059555053711
2007-09-21,21.833833694458008
2007-09-24,21.66512680053711
2007-09-25,21.73141098022461
2007-09-26,21.598859786987305
2007-09-27,21.70127487182617
2007-09-28,21.460298538208008
2007-10-01,22.08084297180176
2007-10-02,22.06880187988281
2007-10-03,22.291711807250977
2007-10-04,22.45437812805176
2007-10-05,22.57488250732422
2007-10-08,22.26761245727539
2007-10-09,22.3640079498291
2007-10-10,22.06277275085449
2007-10-11,21.882030487060547
2007-10-12,21.713340759277344
2007-10-15,21.659109115600582
2007-10-16,20.815635681152344
2007-10-17,20.64695167541504
2007-10-18,20.183040618896484
2007-10-19,19.79744338989257
2007-10-22,20.375831604003903
2007-10-23,20.33968162536621
2007-10-24,20.50837516784668
2007-10-25,20.369813919067383
2007-10-26,20.815635681152344
2007-10-29,20.56259727478028
2007-10-30,20.48429107666016
2007-10-31,20.490297317504883
2007-11-01,19.345592498779297
2007-11-02,19.466083526611328
2007-11-05,19.237154006958008
2007-11-06,19.85167121887207
2007-11-07,18.70825386047364
2007-11-08,19.146160125732425
2007-11-09,19.255634307861328
2007-11-12,19.67528915405273
2007-11-13,20.61192321777344
2007-11-14,20.22267341613769
2007-11-15,19.44418334960937
2007-11-16,18.93937110900879
2007-11-19,18.56837272644043
2007-11-20,18.50147247314453
2007-11-21,18.19737243652344
2007-11-23,18.756914138793945
2007-11-26,17.935840606689453
2007-11-27,18.14263343811035
2007-11-28,18.68392562866211
2007-11-29,18.57445335388184
2007-11-30,19.723953247070312
2007-12-03,19.36511611938477
2007-12-04,19.31645393371582
2007-12-05,19.70570945739746
2007-12-06,19.821266174316406
2007-12-07,19.28604316711425
2007-12-10,19.85166931152344
2007-12-11,18.714336395263672
2007-12-12,18.65351676940918
2007-12-13,18.58660697937012
2007-12-14,18.2885971069336
2007-12-17,18.2885971069336
2007-12-18,18.440643310546875
2007-12-19,18.623109817504883
2007-12-20,18.471059799194336
2007-12-21,18.471059799194336
2007-12-24,18.975860595703125
2007-12-26,19.012357711791992
2007-12-27,18.428476333618164
2007-12-28,18.300764083862305
2007-12-31,18.361581802368164
2008-01-02,17.69864845275879
2008-01-03,17.34589195251465
2008-01-04,16.71944236755371
2008-01-07,16.83499526977539
2008-01-08,16.117321014404297
2008-01-09,16.445755004882812
2008-01-10,16.974884033203125
2008-01-11,17.151264190673828
2008-01-14,17.15734100341797
2008-01-15,16.111244201660156
2008-01-16,16.646455764770508
2008-01-17,15.892289161682127
2008-01-18,15.496952056884766
2008-01-22,16.391014099121094
2008-01-23,17.868942260742188
2008-01-24,18.95154190063477
2008-01-25,18.647443771362305
2008-01-28,19.34078598022461
2008-01-29,19.827342987060547
2008-01-30,19.92465209960937
2008-01-31,20.72749137878418
2008-02-01,20.46595573425293
2008-02-04,19.09142303466797
2008-02-05,18.53188133239746
2008-02-06,18.482723236083984
2008-02-07,18.716217041015625
2008-02-08,18.11405372619629
2008-02-11,18.150917053222656
2008-02-12,18.384408950805664
2008-02-13,18.722362518310547
2008-02-14,18.1816463470459
2008-02-15,18.243087768554688
2008-02-19,18.34754180908203
2008-02-20,18.83296775817871
2008-02-21,18.88826370239257
2008-02-22,19.318384170532227
2008-02-25,19.47199058532715
2008-02-26,19.293806076049805
2008-02-27,19.502716064453125
2008-02-28,18.77765655517578
2008-02-29,17.96042823791504
2008-03-03,17.739233016967773
2008-03-04,17.714656829833984
2008-03-05,17.806821823120117
2008-03-06,17.10020637512207
2008-03-07,17.272253036499023
2008-03-10,17.137075424194336
2008-03-11,18.93741226196289
2008-03-12,18.150917053222656
2008-03-13,18.11405372619629
2008-03-14,17.481168746948242
2008-03-17,17.68393325805664
2008-03-18,19.379825592041016
2008-03-19,18.78994369506836
2008-03-20,20.000417709350582
2008-03-24,19.7177791595459
2008-03-25,19.6993465423584
2008-03-26,18.93127822875977
2008-03-27,18.59332656860352
2008-03-28,18.034162521362305
2008-03-31,17.88056755065918
2008-04-01,19.34910011291504
2008-04-02,18.75922966003418
2008-04-03,18.91898727416992
2008-04-04,19.00500869750977
2008-04-07,18.91898727416992
2008-04-08,18.39055252075196
2008-04-09,18.09561538696289
2008-04-10,17.524181365966797
2008-04-11,17.18623161315918
2008-04-14,16.713104248046875
2008-04-15,17.087915420532227
2008-04-16,17.82526397705078
2008-04-17,18.255374908447266
2008-04-18,18.679344177246094
2008-04-21,17.985017776489258
2008-04-22,18.0526065826416
2008-04-23,17.76995086669922
2008-04-24,18.34139442443848
2008-04-25,18.79609489440918
2008-04-28,18.64248275756836
2008-04-29,18.35982322692871
2008-04-30,18.27995109558105
2008-05-01,19.15862274169922
2008-05-02,19.13404083251953
2008-05-05,19.140193939208984
2008-05-06,19.21391868591309
2008-05-07,18.55607795715332
2008-05-08,18.233369827270508
2008-05-09,18.202335357666016
2008-05-12,18.46919059753418
2008-05-13,17.97891616821289
2008-05-14,17.941675186157227
2008-05-15,18.36990165710449
2008-05-16,17.966508865356445
2008-05-19,17.674821853637695
2008-05-20,17.407962799072266
2008-05-21,17.190750122070312
2008-05-22,17.32107925415039
2008-05-23,17.178329467773438
2008-05-27,17.10386085510254
2008-05-28,17.04800796508789
2008-05-29,17.364517211914062
2008-05-30,17.110076904296875
2008-06-02,16.824594497680664
2008-06-03,16.619794845581055
2008-06-04,16.532909393310547
2008-06-05,16.880447387695312
2008-06-06,15.77577018737793
2008-06-09,15.682680130004885
2008-06-10,16.079870223999023
2008-06-11,15.85644817352295
2008-06-12,16.14813232421875
2008-06-13,16.18536949157715
2008-06-16,16.37156105041504
2008-06-17,15.7633638381958
2008-06-18,15.781976699829102
2008-06-19,15.906097412109377
2008-06-20,15.20481014251709
2008-06-23,15.05587100982666
2008-06-24,15.639235496520996
2008-06-25,15.7633638381958
2008-06-26,14.937952995300291
2008-06-27,14.913130760192873
2008-06-30,14.739365577697754
2008-07-01,14.968987464904783
2008-07-02,14.640070915222168
2008-07-03,14.84486961364746
2008-07-07,14.5966215133667
2008-07-08,15.310319900512695
2008-07-09,14.71452808380127
2008-07-10,14.65247631072998
2008-07-11,14.273907661437988
2008-07-14,13.38644027709961
2008-07-15,12.728604316711426
2008-07-16,16.89906120300293
2008-07-17,17.27142906188965
2008-07-18,17.290042877197266
2008-07-21,17.09145736694336
2008-07-22,18.88499641418457
2008-07-23,18.897411346435547
2008-07-24,18.090621948242188
2008-07-25,18.05338859558105
2008-07-28,17.333492279052734
2008-07-29,18.903621673583984
2008-07-30,19.36286163330078
2008-07-31,18.78569984436035
2008-08-01,18.928443908691406
2008-08-04,18.729846954345703
2008-08-05,19.573875427246094
2008-08-06,19.015520095825195
2008-08-07,18.199934005737305
2008-08-08,18.92768096923828
2008-08-11,19.83109474182129
2008-08-12,19.05942916870117
2008-08-13,18.3756046295166
2008-08-14,18.92768096923828
2008-08-15,18.670459747314453
2008-08-18,18.068187713623047
2008-08-19,17.434551239013672
2008-08-20,18.143468856811523
2008-08-21,17.84233856201172
2008-08-22,18.419511795043945
2008-08-25,17.986637115478516
2008-08-26,17.99917984008789
2008-08-27,18.137191772460938
2008-08-28,19.090791702270508
2008-08-29,18.99041748046875
2008-09-02,19.58013916015625
2008-09-03,19.454666137695312
2008-09-04,18.613998413085938
2008-09-05,19.57387351989746
2008-09-08,21.05445671081543
2008-09-09,19.55505752563477
2008-09-10,19.88755226135254
2008-09-11,21.236400604248047
2008-09-12,21.512439727783203
2008-09-15,19.44839668273925
2008-09-16,21.913957595825195
2008-09-17,20.972904205322266
2008-09-18,23.212610244750977
2008-09-19,24.96923446655273
2008-09-22,22.0707950592041
2008-09-23,21.437152862548828
2008-09-24,21.499889373779297
2008-09-25,21.405776977539062
2008-09-26,23.40708541870117
2008-09-29,20.85997200012207
2008-09-30,23.545106887817383
2008-10-01,23.024394989013672
2008-10-02,22.05824851989746
2008-10-03,21.681835174560547
2008-10-06,21.10464859008789
2008-10-07,19.197452545166016
2008-10-08,20.013023376464844
2008-10-09,17.09576416015625
2008-10-10,17.760778427124023
2008-10-13,19.07198143005371
2008-10-14,21.02936363220215
2008-10-15,20.92269897460937
2008-10-16,21.26777076721192
2008-10-17,20.113414764404297
2008-10-20,20.22006225585937
2008-10-21,20.477283477783203
2008-10-22,19.636608123779297
2008-10-23,19.655431747436523
2008-10-24,19.39193344116211
2008-10-27,19.34174537658692
2008-10-28,21.61908531188965
2008-10-29,20.144775390625
2008-10-30,19.97538375854492
2008-10-31,21.36186790466309
2008-11-03,21.20501708984375
2008-11-04,22.02688217163086
2008-11-05,20.06935691833496
2008-11-06,18.22585678100586
2008-11-07,18.688325881958008
2008-11-10,18.13083267211914
2008-11-11,18.263872146606445
2008-11-12,17.294614791870117
2008-11-13,18.428586959838867
2008-11-14,18.20052528381348
2008-11-17,17.63037109375
2008-11-18,17.23126792907715
2008-11-19,15.457459449768066
2008-11-20,14.272808074951172
2008-11-21,13.785011291503906
2008-11-24,16.483734130859375
2008-11-25,17.072891235351562
2008-11-26,18.14983558654785
2008-11-28,18.301889419555664
2008-12-01,14.830293655395508
2008-12-02,16.401378631591797
2008-12-03,17.801424026489258
2008-12-04,17.45299530029297
2008-12-05,18.96706771850586
2008-12-08,20.6901798248291
2008-12-09,19.321815490722656
2008-12-10,18.4919376373291
2008-12-11,16.407716751098633
2008-12-12,16.927183151245117
2008-12-15,16.515413284301758
2008-12-16,18.86570167541504
2008-12-17,18.992401123046875
2008-12-18,18.783349990844727
2008-12-19,18.5996322631836
2008-12-22,17.370635986328125
2008-12-23,17.09823226928711
2008-12-24,17.40864372253418
2008-12-26,17.427656173706055
2008-12-29,17.63037109375
2008-12-30,18.2448673248291
2008-12-31,18.6756534576416
2009-01-02,19.00507354736328
2009-01-05,17.77607536315918
2009-01-06,17.4466552734375
2009-01-07,16.388704299926758
2009-01-08,16.29368782043457
2009-01-09,15.926252365112305
2009-01-12,15.077352523803713
2009-01-13,15.44478702545166
2009-01-14,14.614900588989258
2009-01-15,12.77140998840332
2009-01-16,11.833823204040527
2009-01-20,9.014738082885742
2009-01-21,10.547818183898926
2009-01-22,10.00300407409668
2009-01-23,10.053683280944824
2009-01-26,9.80661678314209
2009-01-27,10.256403923034668
2009-01-28,13.423914909362791
2009-01-29,11.897171974182127
2009-01-30,11.973193168640137
2009-02-02,12.182250022888184
2009-02-03,11.738799095153809
2009-02-04,11.261249542236328
2009-02-05,10.499743461608888
2009-02-06,12.351880073547363
2009-02-09,12.300247192382812
2009-02-10,10.551369667053224
2009-02-11,11.293517112731934
2009-02-12,10.841774940490724
2009-02-13,10.170618057250977
2009-02-17,8.834754943847656
2009-02-18,8.421731948852539
2009-02-19,7.750578880310059
2009-02-20,7.040700912475586
2009-02-23,7.118138790130615
2009-02-24,8.421731948852539
2009-02-25,8.673418045043945
2009-02-26,9.292949676513672
2009-02-27,7.808657646179199
2009-03-02,6.995525360107422
2009-03-03,6.885817050933838
2009-03-04,6.2340192794799805
2009-03-05,5.240191459655762
2009-03-06,5.556408882141113
2009-03-09,6.434076309204102
2009-03-10,7.6215081214904785
2009-03-11,7.666683197021484
2009-03-12,9.002542495727539
2009-03-13,8.996088027954102
2009-03-16,8.841207504272461
2009-03-17,9.460735321044922
2009-03-18,11.112817764282228
2009-03-19,9.95119857788086
2009-03-20,9.028356552124023
2009-03-23,11.183802604675291
2009-03-24,10.002824783325195
2009-03-25,10.596542358398438
2009-03-26,10.29322910308838
2009-03-27,10.060909271240234
2009-03-30,8.628242492675781
2009-03-31,9.189691543579102
2009-04-01,9.344575881958008
2009-04-02,9.893115997314451
2009-04-03,10.544915199279783
2009-04-06,9.841487884521484
2009-04-07,9.583353996276855
2009-04-08,9.609167098999023
2009-04-09,12.655192375183104
2009-04-13,12.693903923034668
2009-04-14,11.79042625427246
2009-04-15,12.61646842956543
2009-04-16,12.55193328857422
2009-04-17,13.074657440185549
2009-04-20,10.97083854675293
2009-04-21,12.138910293579102
2009-04-22,11.732346534729004
2009-04-23,12.964951515197754
2009-04-24,13.810351371765137
2009-04-27,13.100473403930664
2009-04-28,12.571290016174316
2009-04-29,12.887513160705566
2009-04-30,12.913330078125
2009-05-01,12.655192375183104
2009-05-04,15.649584770202637
2009-05-05,15.017145156860352
2009-05-06,17.358322143554688
2009-05-07,16.01311492919922
2009-05-08,18.22494506835937
2009-05-11,17.1578369140625
2009-05-12,16.621049880981445
2009-05-13,15.6509428024292
2009-05-14,16.614578247070312
2009-05-15,16.08425521850586
2009-05-18,17.416528701782227
2009-05-19,16.45936393737793
2009-05-20,15.819098472595217
2009-05-21,16.194204330444336
2009-05-22,15.722088813781738
2009-05-26,16.588706970214844
2009-05-27,15.573330879211426
2009-05-28,16.01958465576172
2009-05-29,16.4916934967041
2009-06-01,16.44643211364746
2009-06-02,15.773820877075195
2009-06-03,15.605670928955078
2009-06-04,16.233013153076172
2009-06-05,15.987241744995115
2009-06-08,16.42055892944336
2009-06-09,16.59517478942871
2009-06-10,16.110118865966797
2009-06-11,16.18126106262207
2009-06-12,16.478763580322266
2009-06-15,15.980777740478516
2009-06-16,15.780291557312012
2009-06-17,14.93307399749756
2009-06-18,15.327571868896484
2009-06-19,15.644479751586914
2009-06-22,14.55796718597412
2009-06-23,14.816659927368164
2009-06-24,14.984807968139648
2009-06-25,15.39224910736084
2009-06-26,15.43752384185791
2009-06-29,15.864362716674805
2009-06-30,15.689745903015137
2009-07-01,15.612135887145996
2009-07-02,14.926609992980955
2009-07-06,14.939533233642578
2009-07-07,15.088284492492676
2009-07-08,14.816659927368164
2009-07-09,15.055951118469238
2009-07-10,14.79078483581543
2009-07-13,16.03898048400879
2009-07-14,15.780291557312012
2009-07-15,16.362356185913086
2009-07-16,16.200666427612305
2009-07-17,16.168325424194336
2009-07-20,16.504638671875
2009-07-21,16.394691467285156
2009-07-22,15.812623023986816
2009-07-23,15.689745903015137
2009-07-24,15.178826332092283
2009-07-27,15.663877487182615
2009-07-28,15.857906341552734
2009-07-29,15.767354011535645
2009-07-30,16.08425521850586
2009-07-31,15.819098472595217
2009-08-03,16.685720443725586
2009-08-04,17.170772552490234
2009-08-05,18.155658721923828
2009-08-06,18.12326431274414
2009-08-07,18.63513946533203
2009-08-10,18.55739402770996
2009-08-11,17.4234676361084
2009-08-12,17.604900360107422
2009-08-13,18.06494140625
2009-08-14,17.967748641967773
2009-08-17,17.041168212890625
2009-08-18,17.06709861755371
2009-08-19,17.242046356201172
2009-08-20,17.805767059326172
2009-08-21,18.10382461547852
2009-08-24,17.702089309692383
2009-08-25,17.708572387695312
2009-08-26,17.89647674560547
2009-08-27,17.97423553466797
2009-08-28,17.689128875732422
2009-08-31,17.831680297851562
2009-09-01,16.982858657836914
2009-09-02,16.90510368347168
2009-09-03,17.436429977416992
2009-09-04,17.436429977416992
2009-09-08,17.481782913208008
2009-09-09,17.935352325439453
2009-09-10,18.051986694335938
2009-09-11,17.773365020751953
2009-09-14,18.090864181518555
2009-09-15,18.518516540527344
2009-09-16,19.05631446838379
2009-09-17,18.648101806640625
2009-09-18,18.46019554138184
2009-09-21,18.33060836791992
2009-09-22,19.043357849121094
2009-09-23,18.63513946533203
2009-09-24,18.43427467346192
2009-09-25,18.265811920166016
2009-09-28,18.72585868835449
2009-09-29,18.369483947753903
2009-09-30,18.259334564208984
2009-10-01,17.23556137084961
2009-10-02,17.028226852416992
2009-10-05,18.20101356506348
2009-10-06,18.570343017578125
2009-10-07,18.95912170410156
2009-10-08,18.82305335998535
2009-10-09,18.926719665527344
2009-10-12,19.62002944946289
2009-10-13,19.47748565673828
2009-10-14,20.306856155395508
2009-10-15,20.332778930664062
2009-10-16,19.45156478881836
2009-10-19,19.48396110534668
2009-10-20,19.73665809631348
2009-10-21,18.72585868835449
2009-10-22,19.54875564575196
2009-10-23,18.99799537658692
2009-10-26,18.43427467346192
2009-10-27,18.395395278930664
2009-10-28,17.792797088623047
2009-10-29,18.51202964782715
2009-10-30,17.831680297851562
2009-11-02,17.88999366760254
2009-11-03,17.97423553466797
2009-11-04,17.409488677978516
2009-11-05,17.714580535888672
2009-11-06,17.604232788085938
2009-11-09,18.43511009216309
2009-11-10,18.240375518798828
2009-11-11,18.69476127624512
2009-11-12,18.31826400756836
2009-11-13,17.96773910522461
2009-11-16,18.31176376342773
2009-11-17,18.415637969970703
2009-11-18,18.73371315002441
2009-11-19,18.383176803588867
2009-11-20,18.091068267822266
2009-11-23,18.22089958190918
2009-11-24,18.08457565307617
2009-11-25,18.06510734558105
2009-11-27,17.61721420288086
2009-11-30,18.20141792297364
2009-12-01,18.168970108032227
2009-12-02,17.818443298339844
2009-12-03,17.19527816772461
2009-12-04,17.5003719329834
2009-12-07,17.11089515686035
2009-12-08,16.896690368652344
2009-12-09,16.851245880126953
2009-12-10,16.435808181762695
2009-12-11,16.49422836303711
2009-12-14,16.54615592956543
2009-12-15,16.65650749206543
2009-12-16,16.773347854614258
2009-12-17,16.92264747619629
2009-12-18,17.38352394104004
2009-12-21,17.747037887573242
2009-12-22,17.630189895629883
2009-12-23,17.4289608001709
2009-12-24,17.584762573242188
2009-12-28,17.364055633544922
2009-12-29,17.318618774414062
2009-12-30,17.409488677978516
2009-12-31,17.51984214782715
2010-01-04,17.734060287475586
2010-01-05,18.22089958190918
2010-01-06,18.24685859680176
2010-01-07,18.90896415710449
2010-01-08,18.73371315002441
2010-01-11,18.69476127624512
2010-01-12,18.22739028930664
2010-01-13,18.55195045471192
2010-01-14,18.81808853149414
2010-01-15,18.22739028930664
2010-01-19,18.35721206665039
2010-01-20,18.058618545532227
2010-01-21,18.17545890808105
2010-01-22,17.69510841369629
2010-01-25,17.954757690429688
2010-01-26,17.51984214782715
2010-01-27,18.30527687072754
2010-01-28,18.46756362915039
2010-01-29,18.454578399658203
2010-02-01,18.77914428710937
2010-02-02,18.688268661499023
2010-02-03,18.298110961914062
2010-02-04,17.595840454101562
2010-02-05,17.829931259155273
2010-02-08,17.186182022094727
2010-02-09,17.368263244628906
2010-02-10,17.673877716064453
2010-02-11,17.608848571777344
2010-02-12,17.47879981994629
2010-02-16,17.8104190826416
2010-02-17,17.77140998840332
2010-02-18,17.777912139892578
2010-02-19,17.797420501708984
2010-02-22,18.21358108520508
2010-02-23,17.74540138244629
2010-02-24,17.98599624633789
2010-02-25,17.842941284179688
2010-02-26,17.777912139892578
2010-03-01,17.78441619873047
2010-03-02,18.122541427612305
2010-03-03,18.33712577819824
2010-03-04,18.4866886138916
2010-03-05,18.954864501953125
2010-03-08,18.785808563232425
2010-03-09,18.84432411193848
2010-03-10,19.22797203063965
2010-03-11,19.351524353027344
2010-03-12,19.26698875427246
2010-03-15,19.43605613708496
2010-03-16,19.68965530395508
2010-03-17,19.86523056030273
2010-03-18,19.6961612701416
2010-03-19,19.754682540893555
2010-03-22,19.77418708801269
2010-03-23,20.20985984802246
2010-03-24,20.066801071166992
2010-03-25,20.196855545043945
2010-03-26,20.300893783569336
2010-03-29,20.22286605834961
2010-03-30,20.05380249023437
2010-03-31,20.23586082458496
2010-04-01,20.39843368530273
2010-04-05,20.48946762084961
2010-04-06,20.990158081054688
2010-04-07,20.801591873168945
2010-04-08,20.9576473236084
2010-04-09,21.00316619873047
2010-04-12,21.081201553344727
2010-04-13,20.90562629699707
2010-04-14,21.64040946960449
2010-04-15,21.78996658325196
2010-04-16,21.17223358154297
2010-04-19,21.47134590148925
2010-04-20,21.90700912475586
2010-04-21,21.46483993530273
2010-04-22,21.835487365722656
2010-04-23,21.770458221435547
2010-04-26,21.276269912719727
2010-04-27,20.62601661682129
2010-04-28,21.100704193115234
2010-04-29,21.60789680480957
2010-04-30,21.52987289428711
2010-05-03,22.030563354492188
2010-05-04,21.41932678222656
2010-05-05,21.269540786743164
2010-05-06,20.30569648742676
2010-05-07,20.071258544921875
2010-05-10,21.4714298248291
2010-05-11,21.432350158691406
2010-05-12,21.920774459838867
2010-05-13,21.543067932128903
2010-05-14,20.86577415466309
2010-05-17,20.82018280029297
2010-05-18,19.92147827148437
2010-05-19,19.589336395263672
2010-05-20,18.684118270874023
2010-05-21,19.608875274658203
2010-05-24,18.697139739990234
2010-05-25,18.82087516784668
2010-05-26,18.260805130004883
2010-05-27,19.153005599975582
2010-05-28,18.684118270874023
2010-06-01,18.38453483581543
2010-06-02,19.003223419189453
2010-06-03,18.794822692871094
2010-06-04,18.09148597717285
2010-06-07,17.772377014160156
2010-06-08,18.07845497131348
2010-06-09,17.603065490722656
2010-06-10,18.319419860839844
2010-06-11,18.13055992126465
2010-06-14,17.84401512145996
2010-06-15,18.1761474609375
2010-06-16,18.312902450561523
2010-06-17,18.18916893005371
2010-06-18,18.28034210205078
2010-06-21,18.195680618286133
2010-06-22,17.88308334350586
2010-06-23,17.79191017150879
2010-06-24,17.492340087890625
2010-06-25,17.616069793701172
2010-06-28,17.603065490722656
2010-06-29,16.886690139770508
2010-06-30,16.671772003173828
2010-07-01,16.39824867248535
2010-07-02,16.202884674072266
2010-07-06,16.37871551513672
2010-07-07,17.362091064453125
2010-07-08,17.349069595336914
2010-07-09,17.583515167236328
2010-07-12,17.622589111328125
2010-07-13,18.195680618286133
2010-07-14,18.013338088989258
2010-07-15,18.11102867126465
2010-07-16,17.088573455810547
2010-07-19,16.945301055908203
2010-07-20,16.873661041259766
2010-07-21,16.971345901489258
2010-07-22,17.837493896484375
2010-07-23,17.857036590576172
2010-07-26,18.1761474609375
2010-07-27,18.48873710632324
2010-07-28,18.28034210205078
2010-07-29,18.03287124633789
2010-07-30,18.05892372131348
2010-08-02,18.605966567993164
2010-08-03,18.312902450561523
2010-08-04,18.221569061279297
2010-08-05,18.18895149230957
2010-08-06,18.10412979125977
2010-08-09,18.417280197143555
2010-08-10,18.11717987060547
2010-08-11,17.158145904541016
2010-08-12,16.962434768676758
2010-08-13,16.85804557800293
2010-08-16,16.7536678314209
2010-08-17,16.53185272216797
2010-08-18,16.557945251464844
2010-08-19,15.938166618347168
2010-08-20,16.0490779876709
2010-08-23,15.8076810836792
2010-08-24,15.422770500183104
2010-08-25,15.396669387817385
2010-08-26,15.324911117553713
2010-08-27,15.657634735107422
2010-08-30,15.168328285217283
2010-08-31,15.364054679870604
2010-09-01,16.08821678161621
2010-09-02,16.375274658203125
2010-09-03,16.85804557800293
2010-09-07,16.257841110229492
2010-09-08,16.453556060791016
2010-09-09,16.760190963745117
2010-09-10,16.79933738708496
2010-09-13,17.28863525390625
2010-09-14,17.00157356262207
2010-09-15,17.184249877929688
2010-09-16,17.00157356262207
2010-09-17,16.968955993652344
2010-09-20,17.32778549194336
2010-09-21,17.210342407226562
2010-09-22,16.83847999572754
2010-09-23,16.336130142211914
2010-09-24,16.694950103759766
2010-09-27,16.65580940246582
2010-09-28,16.53837776184082
2010-09-29,16.336130142211914
2010-09-30,16.388322830200195
2010-10-01,16.67538070678711
2010-10-04,16.557945251464844
2010-10-05,17.12553596496582
2010-10-06,17.158145904541016
2010-10-07,16.962434768676758
2010-10-08,16.929819107055664
2010-10-11,16.734094619750977
2010-10-12,16.949390411376953
2010-10-13,16.83847999572754
2010-10-14,16.127355575561523
2010-10-15,15.383625984191896
2010-10-18,16.2252254486084
2010-10-19,16.016454696655273
2010-10-20,16.70146942138672
2010-10-21,16.982013702392578
2010-10-22,17.03418731689453
2010-10-25,16.779760360717773
2010-10-26,16.903715133666992
2010-10-27,16.79933738708496
2010-10-28,16.923295974731445
2010-10-29,17.00157356262207
2010-11-01,16.916765213012695
2010-11-02,16.942859649658203
2010-11-03,17.295835494995117
2010-11-04,17.94949722290039
2010-11-05,19.099937438964844
2010-11-08,18.982282638549805
2010-11-09,18.387449264526367
2010-11-10,18.68159866333008
2010-11-11,18.42666816711425
2010-11-12,18.001789093017578
2010-11-15,18.07369041442871
2010-11-16,17.77301788330078
2010-11-17,17.557300567626953
2010-11-18,17.982181549072266
2010-11-19,17.969106674194336
2010-11-22,17.61612892150879
2010-11-23,17.518083572387695
2010-11-24,17.720720291137695
2010-11-26,17.420032501220703
2010-11-29,17.7795467376709
2010-11-30,17.786075592041016
2010-12-01,17.995254516601562
2010-12-02,18.81232643127441
2010-12-03,18.98882102966309
2010-12-06,18.786182403564453
2010-12-07,18.609697341918945
2010-12-08,19.19798851013184
2010-12-09,19.655548095703125
2010-12-10,19.786283493041992
2010-12-13,19.75359344482422
2010-12-14,19.49213218688965
2010-12-15,19.472524642944336
2010-12-16,19.622861862182617
2010-12-17,19.58364486694336
2010-12-20,19.67515563964844
2010-12-21,20.145797729492188
2010-12-22,20.4660873413086
2010-12-23,20.25691604614257
2010-12-27,20.40073204040528
2010-12-28,20.394189834594727
2010-12-29,20.27652359008789
2010-12-30,20.145797729492188
2010-12-31,20.25691604614257
2011-01-03,20.64257049560547
2011-01-04,20.688331604003903
2011-01-05,21.158971786499023
2011-01-06,21.0151596069336
2011-01-07,20.59028434753418
2011-01-10,20.394189834594727
2011-01-11,20.524917602539062
2011-01-12,20.92365837097168
2011-01-13,20.84521102905273
2011-01-14,21.4073543548584
2011-01-18,21.23740577697754
2011-01-19,20.79292106628418
2011-01-20,20.84521102905273
2011-01-21,21.250471115112305
2011-01-24,21.37468147277832
2011-01-25,21.37468147277832
2011-01-26,21.211259841918945
2011-01-27,21.24394416809082
2011-01-28,20.81252861022949
2011-01-31,21.191654205322266
2011-02-01,21.858386993408203
2011-02-02,21.419776916503903
2011-02-03,21.43941116333008
2011-02-04,21.44596099853516
2011-02-07,21.81256103515625
2011-02-08,22.323177337646484
2011-02-09,21.688182830810547
2011-02-10,21.603073120117188
2011-02-11,22.10060310363769
2011-02-14,22.172611236572266
2011-02-15,22.04822158813477
2011-02-16,21.79946517944336
2011-02-17,21.57034492492676
2011-02-18,21.36741065979004
2011-02-22,20.542552947998047
2011-02-23,20.6211166381836
2011-02-24,20.58183860778809
2011-02-25,21.21029090881348
2011-02-28,21.1186466217041
2011-03-01,20.71931266784668
2011-03-02,20.653846740722656
2011-03-03,21.216846466064453
2011-03-04,20.88951873779297
2011-03-07,20.76513671875
2011-03-08,21.28229522705078
2011-03-09,21.47214698791504
2011-03-10,20.987712860107425
2011-03-11,21.19720268249512
2011-03-14,21.01390266418457
2011-03-15,21.12519073486328
2011-03-16,20.44436264038086
2011-03-17,20.529470443725582
2011-03-18,20.837142944335938
2011-03-21,20.86987495422364
2011-03-22,20.627666473388672
2011-03-23,20.5883903503418
2011-03-24,20.693357467651367
2011-03-25,20.95580101013184
2011-03-28,20.73928451538086
2011-03-29,20.72616958618164
2011-03-30,20.93611717224121
2011-03-31,20.80489730834961
2011-04-01,21.034536361694336
2011-04-04,20.86394500732422
2011-04-05,20.988601684570312
2011-04-06,21.257612228393555
2011-04-07,21.106698989868164
2011-04-08,20.74585151672364
2011-04-11,20.60151672363281
2011-04-12,20.60151672363281
2011-04-13,20.129121780395508
2011-04-14,19.781381607055664
2011-04-15,19.61079406738281
2011-04-18,19.368038177490234
2011-04-19,19.728900909423828
2011-04-20,18.915332794189453
2011-04-21,18.72506523132324
2011-04-25,18.73819351196289
2011-04-26,18.94158172607422
2011-04-27,19.204021453857425
2011-04-28,19.204021453857425
2011-04-29,19.09903907775879
2011-05-02,19.112165451049805
2011-05-03,19.361478805541992
2011-05-04,18.95963287353516
2011-05-05,18.531423568725582
2011-05-06,18.610471725463867
2011-05-09,18.584123611450195
2011-05-10,18.7949275970459
2011-05-11,18.551183700561523
2011-05-12,18.59729766845703
2011-05-13,18.399662017822266
2011-05-16,18.353546142578125
2011-05-17,18.93985366821289
2011-05-18,19.05185317993164
2011-05-19,18.847637176513672
2011-05-20,18.445775985717773
2011-05-23,18.13615608215332
2011-05-24,18.20203399658203
2011-05-25,18.15591621398925
2011-05-26,18.24814224243164
2011-05-27,18.53800773620605
2011-05-31,18.68953514099121
2011-06-01,17.74747657775879
2011-06-02,17.892412185668945
2011-06-03,17.69477653503418
2011-06-06,17.29950714111328
2011-06-07,16.976703643798828
2011-06-08,16.706605911254883
2011-06-09,17.273151397705078
2011-06-10,17.312685012817383
2011-06-13,17.72112274169922
2011-06-14,17.8001766204834
2011-06-15,17.490549087524414
2011-06-16,17.65524673461914
2011-06-17,18.0044002532959
2011-06-20,17.754060745239258
2011-06-21,18.09003639221192
2011-06-22,18.03074836730957
2011-06-23,17.813356399536133
2011-06-24,17.958280563354492
2011-06-27,18.08344841003418
2011-06-28,18.109798431396484
2011-06-29,18.49189567565918
2011-06-30,18.485307693481445
2011-07-01,18.88715362548828
2011-07-05,18.722469329833984
2011-07-06,18.524831771850582
2011-07-07,18.88057327270508
2011-07-08,18.643409729003903
2011-07-11,18.175678253173828
2011-07-12,18.043928146362305
2011-07-13,18.13615608215332
2011-07-14,17.971464157104492
2011-07-15,17.90558433532715
2011-07-18,17.707950592041016
2011-07-19,18.71587371826172
2011-07-20,18.906923294067383
2011-07-21,19.35489082336425
2011-07-22,19.1967830657959
2011-07-25,19.07162094116211
2011-07-26,19.084794998168945
2011-07-27,18.82787704467773
2011-07-28,18.643409729003903
2011-07-29,18.406253814697266
2011-08-01,18.399662017822266
2011-08-02,17.90558433532715
2011-08-03,18.06439018249512
2011-08-04,17.03214454650879
2011-08-05,16.681432723999023
2011-08-08,15.172761917114258
2011-08-09,16.396909713745117
2011-08-10,15.139676094055176
2011-08-11,16.072675704956055
2011-08-12,15.966801643371582
2011-08-15,16.555709838867188
2011-08-16,16.244714736938477
2011-08-17,16.463075637817383
2011-08-18,15.695501327514648
2011-08-19,15.457295417785645
2011-08-22,15.146294593811035
2011-08-23,15.841082572937012
2011-08-24,16.16530990600586
2011-08-25,16.383668899536133
2011-08-26,16.271183013916016
2011-08-29,16.82039451599121
2011-08-30,16.807165145874023
2011-08-31,17.270349502563477
2011-09-01,16.694679260253906
2011-09-02,16.013124465942383
2011-09-06,15.827852249145508
2011-09-07,16.516016006469727
2011-09-08,16.145458221435547
2011-09-09,15.563159942626951
2011-09-12,15.94695281982422
2011-09-13,16.118995666503906
2011-09-14,16.337356567382812
2011-09-15,16.668197631835938
2011-09-16,16.509401321411133
2011-09-19,16.099140167236328
2011-09-20,16.32412338256836
2011-09-21,15.688888549804688
2011-09-22,15.331562995910645
2011-09-23,15.675651550292969
2011-09-26,16.403520584106445
2011-09-27,16.516016006469727
2011-09-28,16.178546905517578
2011-09-29,16.535865783691406
2011-09-30,15.960186958312988
2011-10-03,15.3381929397583
2011-10-04,16.019739151000977
2011-10-05,16.21163558959961
2011-10-06,16.787309646606445
2011-10-07,16.238101959228516
2011-10-10,17.29020118713379
2011-10-11,17.237260818481445
2011-10-12,17.832788467407227
2011-10-13,17.283584594726562
2011-10-14,17.64751625061035
2011-10-17,16.15869903564453
2011-10-18,17.111543655395508
2011-10-19,16.66158103942871
2011-10-20,17.045381546020508
2011-10-21,17.409313201904297
2011-10-24,17.548255920410156
2011-10-25,16.906417846679688
2011-10-26,17.045381546020508
2011-10-27,17.912195205688477
2011-10-28,17.918821334838867
2011-10-31,17.14462661743164
2011-11-01,16.39029884338379
2011-11-02,16.84243392944336
2011-11-03,17.161592483520508
2011-11-04,16.88898468017578
2011-11-07,16.902280807495117
2011-11-08,17.640344619750977
2011-11-09,16.616365432739258
2011-11-10,16.67620086669922
2011-11-11,17.05521011352539
2011-11-14,16.689504623413086
2011-11-15,16.815834045410156
2011-11-16,16.583112716674805
2011-11-17,16.403593063354492
2011-11-18,16.416887283325195
2011-11-21,16.07777976989746
2011-11-22,15.911542892456056
2011-11-23,15.432801246643066
2011-11-25,15.63227653503418
2011-11-28,16.05783462524414
2011-11-29,16.011289596557617
2011-11-30,17.194852828979492
2011-12-01,17.048564910888672
2011-12-02,17.33448600769043
2011-12-05,17.77997589111328
2011-12-06,17.72012710571289
2011-12-07,17.986101150512695
2011-12-08,17.41426658630371
2011-12-09,17.893007278442383
2011-12-12,17.48076629638672
2011-12-13,17.148305892944336
2011-12-14,17.194852828979492
2011-12-15,17.028608322143555
2011-12-16,17.274629592895508
2011-12-19,16.82913589477539
2011-12-20,17.620391845703125
2011-12-21,17.87970542907715
2011-12-22,18.119083404541016
2011-12-23,18.478139877319336
2011-12-27,18.35845375061035
2011-12-28,18.025991439819336
2011-12-29,18.45819091796875
2011-12-30,18.3252010345459
2012-01-03,18.903684616088867
2012-01-04,18.99013328552246
2012-01-05,19.29598999023437
2012-01-06,19.2427978515625
2012-01-09,19.482166290283203
2012-01-10,19.55531120300293
2012-01-11,19.69493865966797
2012-01-12,19.688289642333984
2012-01-13,19.688289642333984
2012-01-17,19.834583282470703
2012-01-18,20.10720634460449
2012-01-19,20.04734992980957
2012-01-20,20.30667304992676
2012-01-23,20.559345245361328
2012-01-24,20.30667304992676
2012-01-25,20.080596923828125
2012-01-26,19.31593513488769
2012-01-27,19.681650161743164
2012-01-30,19.448925018310547
2012-01-31,19.422319412231445
2012-02-01,19.956457138061523
2012-02-02,19.963132858276367
2012-02-03,20.45052719116211
2012-02-06,20.16343688964844
2012-02-07,20.203493118286133
2012-02-08,20.45052719116211
2012-02-09,20.41714668273925
2012-02-10,20.203493118286133
2012-02-13,20.44384956359864
2012-02-14,20.31031990051269
2012-02-15,20.14340591430664
2012-02-16,20.27693748474121
2012-02-17,20.75765419006348
2012-02-21,20.670860290527344
2012-02-22,20.423828125
2012-02-23,20.46388053894043
2012-02-24,20.15008544921875
2012-02-27,20.71759033203125
2012-02-28,20.944599151611328
2012-02-29,20.89119338989257
2012-03-01,21.058103561401367
2012-03-02,20.88451766967773
2012-03-05,20.677534103393555
2012-03-06,20.103347778320312
2012-03-07,20.30363845825196
2012-03-08,20.96463394165039
2012-03-09,21.13822364807129
2012-03-12,21.038070678710938
2012-03-13,22.253223419189453
2012-03-14,22.279930114746094
2012-03-15,22.747289657592773
2012-03-16,22.627117156982425
2012-03-19,22.867467880249023
2012-03-20,22.914207458496094
2012-03-21,22.713905334472656
2012-03-22,22.33892059326172
2012-03-23,22.4527530670166
2012-03-26,23.02863311767578
2012-03-27,22.767478942871094
2012-03-28,23.08220863342285
2012-03-29,22.72729682922364
2012-03-30,22.861223220825195
2012-04-02,23.108985900878903
2012-04-03,23.08889961242676
2012-04-04,22.687124252319336
2012-04-05,22.586673736572266
2012-04-09,22.37909507751465
2012-04-10,22.04427719116211
2012-04-11,22.513023376464844
2012-04-12,22.78086853027344
2012-04-13,21.990697860717773
2012-04-16,22.19829368591309
2012-04-17,22.553192138671875
2012-04-18,22.479536056518555
2012-04-19,22.17820167541504
2012-04-20,22.097841262817383
2012-04-23,21.890256881713867
2012-04-24,22.14471435546875
2012-04-25,22.332218170166016
2012-04-26,22.660335540771484
2012-04-27,22.61346244812012
2012-04-30,22.37909507751465
2012-05-01,22.82774543762207
2012-05-02,22.625547409057617
2012-05-03,22.504234313964844
2012-05-04,22.2616024017334
2012-05-07,22.57837104797364
2012-05-08,22.34247398376465
2012-05-09,21.99201202392578
2012-05-10,22.369443893432617
2012-05-11,22.450315475463867
2012-05-14,21.84373664855957
2012-05-15,21.72915267944336
2012-05-16,21.54718017578125
2012-05-17,21.18997573852539
2012-05-18,20.852977752685547
2012-05-21,21.163015365600582
2012-05-22,21.34498786926269
2012-05-23,21.39217185974121
2012-05-24,21.43934440612793
2012-05-25,21.47304344177246
2012-05-29,21.73589515686035
2012-05-30,21.36520767211914
2012-05-31,21.60110092163086
2012-06-01,20.327268600463867
2012-06-04,20.25313186645508
2012-06-05,20.569908142089844
2012-06-06,20.87320137023925
2012-06-07,21.01473617553711
2012-06-08,21.183225631713867
2012-06-11,20.886680603027344
2012-06-12,21.09561920166016
2012-06-13,21.28433418273925
2012-06-14,21.587617874145508
2012-06-15,21.87069129943848
2012-06-18,21.87742805480957
2012-06-19,22.21442031860352
2012-06-20,22.11332321166992
2012-06-21,21.79655838012696
2012-06-22,22.11332321166992
2012-06-25,21.71567726135254
2012-06-26,21.78981590270996
2012-06-27,22.05940628051757
2012-06-28,21.89090919494629
2012-06-29,22.537940979003903
2012-07-02,22.6120719909668
2012-07-03,22.564891815185547
2012-07-05,22.328998565673828
2012-07-06,22.27507972717285
2012-07-09,22.41661834716797
2012-07-10,22.221168518066406
2012-07-11,22.423358917236328
2012-07-12,22.140283584594727
2012-07-13,22.85470390319824
2012-07-16,22.92884063720703
2012-07-17,22.996238708496094
2012-07-18,22.888402938842773
2012-07-19,23.01645851135254
2012-07-20,22.78730201721192
2012-07-23,22.537940979003903
2012-07-24,22.39640045166016
2012-07-25,22.34921836853028
2012-07-26,22.76708602905273
2012-07-27,23.01645851135254
2012-07-30,22.888402938842773
2012-07-31,22.78730201721192
2012-08-01,22.847963333129883
2012-08-02,22.470531463623047
2012-08-03,23.144515991210938
2012-08-06,22.915367126464844
2012-08-07,22.888402938842773
2012-08-08,22.94266700744629
2012-08-09,22.94266700744629
2012-08-10,22.949460983276367
2012-08-13,23.037643432617188
2012-08-14,23.037643432617188
2012-08-15,23.04444122314453
2012-08-16,23.152963638305664
2012-08-17,23.08513069152832
2012-08-20,23.112268447875977
2012-08-21,23.32256317138672
2012-08-22,23.18688201904297
2012-08-23,23.01051139831543
2012-08-24,23.091920852661133
2012-08-27,23.078346252441406
2012-08-28,23.132617950439453
2012-08-29,23.112268447875977
2012-08-30,22.97659683227539
2012-08-31,23.08513069152832
2012-09-04,22.92910385131836
2012-09-05,22.89519119262696
2012-09-06,23.63460922241211
2012-09-07,23.74315452575684
2012-09-10,23.46502113342285
2012-09-11,23.16653633117676
2012-09-12,23.28864479064941
2012-09-13,24.116260528564453
2012-09-14,24.50972366333008
2012-09-17,23.967025756835938
2012-09-18,24.041648864746094
2012-09-19,23.91275787353516
2012-09-20,23.878829956054688
2012-09-21,23.72280502319336
2012-09-24,23.81100273132324
2012-09-25,23.55321502685547
2012-09-26,23.34969520568848
2012-09-27,23.58034324645996
2012-09-28,23.42432403564453
2012-10-01,23.539649963378903
2012-10-02,23.62105178833008
2012-10-03,24.041648864746094
2012-10-04,24.401185989379883
2012-10-05,24.3129997253418
2012-10-08,24.285865783691406
2012-10-09,23.81100273132324
2012-10-10,23.899185180664062
2012-10-11,23.865270614624023
2012-10-12,23.23437690734864
2012-10-15,22.996944427490234
2012-10-16,22.88162040710449
2012-10-17,23.383621215820312
2012-10-18,23.45145797729492
2012-10-19,23.29542350769043
2012-10-22,23.403972625732425
2012-10-23,22.97659683227539
2012-10-24,22.87484169006348
2012-10-25,23.10548591613769
2012-10-26,23.04444122314453
2012-10-31,22.85448265075684
2012-11-01,23.10548591613769
2012-11-02,22.888402938842773
2012-11-05,23.078346252441406
2012-11-06,23.2818603515625
2012-11-07,22.469377517700195
2012-11-08,22.08705139160156
2012-11-09,22.08705139160156
2012-11-12,22.100706100463867
2012-11-13,21.861740112304688
2012-11-14,21.45890998840332
2012-11-15,21.55449676513672
2012-11-16,21.807109832763672
2012-11-19,22.12117958068848
2012-11-20,22.47621726989746
2012-11-21,22.250905990600582
2012-11-23,22.667387008666992
2012-11-26,22.462560653686523
2012-11-27,22.278217315673828
2012-11-28,22.40110969543457
2012-11-29,22.64007568359375
2012-11-30,22.537656784057617
2012-12-03,22.360153198242188
2012-12-04,22.35331916809082
2012-12-05,22.517179489135746
2012-12-06,22.62641906738281
2012-12-07,22.68787384033203
2012-12-10,22.56496810913086
2012-12-11,22.728836059570312
2012-12-12,22.87220573425293
2012-12-13,22.70834922790528
2012-12-14,22.633241653442383
2012-12-17,23.473031997680664
2012-12-18,23.86903190612793
2012-12-19,23.63689613342285
2012-12-20,23.937305450439453
2012-12-21,23.54130744934082
2012-12-24,23.50033950805664
2012-12-26,23.438894271850582
2012-12-27,23.33647346496582
2012-12-28,23.15213394165039
2012-12-31,23.33647346496582
2013-01-02,23.93047523498535
2013-01-03,23.73247337341309
2013-01-04,23.85537910461425
2013-01-07,23.739307403564453
2013-01-08,23.698335647583008
2013-01-09,23.698335647583008
2013-01-10,24.16944122314453
2013-01-11,23.96462059020996
2013-01-14,23.739307403564453
2013-01-15,23.97144317626953
2013-01-16,23.957788467407227
2013-01-17,23.91682815551757
2013-01-18,23.84854316711425
2013-01-22,23.92364501953125
2013-01-23,23.862199783325195
2013-01-24,24.005578994750977
2013-01-25,23.991924285888672
2013-01-28,23.97144317626953
2013-01-29,24.08067512512207
2013-01-30,24.04630279541016
2013-01-31,23.950035095214844
2013-02-01,24.15633010864257
2013-02-04,23.90189552307129
2013-02-05,23.96378898620605
2013-02-06,24.04630279541016
2013-02-07,23.833139419555664
2013-02-08,23.984420776367188
2013-02-11,24.24571228027344
2013-02-12,24.417612075805664
2013-02-13,24.15633010864257
2013-02-14,24.21133041381836
2013-02-15,24.17694664001465
2013-02-19,24.16319465637207
2013-02-20,24.135692596435547
2013-02-21,24.38323783874512
2013-02-22,24.63078498840332
2013-02-25,23.922531127929688
2013-02-26,23.89503288269043
2013-02-27,24.15633010864257
2013-02-28,24.121936798095703
2013-03-01,24.33510971069336
2013-03-04,24.65141487121582
2013-03-05,24.67204475402832
2013-03-06,24.788938522338867
2013-03-07,25.04335594177246
2013-03-08,25.09836769104004
2013-03-11,25.53157424926757
2013-03-12,25.208391189575195
2013-03-13,25.284025192260746
2013-03-14,25.421550750732425
2013-03-15,26.267337799072266
2013-03-18,25.964778900146484
2013-03-19,25.779115676879883
2013-03-20,25.74473190307617
2013-03-21,25.5384521484375
2013-03-22,25.579710006713867
2013-03-25,25.58658027648925
2013-03-26,25.64847183227539
2013-03-27,25.428428649902344
2013-03-28,25.43530464172364
2013-04-01,25.3940486907959
2013-04-02,25.359664916992188
2013-04-03,25.21526336669922
2013-04-04,25.73098373413086
2013-04-05,25.54532241821289
2013-04-08,25.455928802490234
2013-04-09,25.75160789489746
2013-04-10,25.83412742614746
2013-04-11,25.792875289916992
2013-04-12,25.58658027648925
2013-04-15,25.146503448486328
2013-04-16,25.483442306518555
2013-04-17,25.139629364013672
2013-04-18,24.940216064453125
2013-04-19,25.22901153564453
2013-04-22,25.256521224975582
2013-04-23,25.53157424926757
2013-04-24,25.67598342895508
2013-04-25,25.882265090942383
2013-04-26,26.04729652404785
2013-04-29,26.04729652404785
2013-04-30,26.11605834960937
2013-05-01,25.75849342346192
2013-05-02,25.72411346435547
2013-05-03,25.951032638549805
2013-05-06,26.061044692993164
2013-05-07,26.40485954284668
2013-05-08,26.64741516113281
2013-05-09,26.259326934814453
2013-05-10,26.35634994506836
2013-05-13,26.47417449951172
2013-05-14,26.862279891967773
2013-05-15,27.23651695251465
2013-05-16,27.20878791809082
2013-05-17,27.63846778869629
2013-05-20,27.860246658325195
2013-05-21,28.192907333374023
2013-05-22,27.79094314575196
2013-05-23,27.72856330871582
2013-05-24,27.88796615600586
2013-05-28,28.082014083862305
2013-05-29,28.24142074584961
2013-05-30,28.58795738220215
2013-05-31,28.102813720703125
2013-06-03,28.227558135986328
2013-06-04,28.02656936645508
2013-06-05,27.596893310546875
2013-06-06,28.220632553100582
2013-06-07,28.58795738220215
2013-06-10,28.60180282592773
2013-06-11,28.17905044555664
2013-06-12,27.908748626708984
2013-06-13,28.37309455871582
2013-06-14,27.832529067993164
2013-06-17,28.14438819885254
2013-06-18,28.303794860839844
2013-06-19,28.17905044555664
2013-06-20,27.78401756286621
2013-06-21,28.38695335388184
2013-06-24,27.58302879333496
2013-06-25,27.92954444885254
2013-06-26,28.42854690551757
2013-06-27,28.80278205871582
2013-06-28,28.60180282592773
2013-07-01,28.66418838500977
2013-07-02,28.56714630126953
2013-07-03,28.56714630126953
2013-07-05,29.15623664855957
2013-07-08,29.682937622070312
2013-07-09,29.59284210205078
2013-07-10,29.15623664855957
2013-07-11,29.03148651123047
2013-07-12,29.544336318969727
2013-07-15,30.043323516845703
2013-07-16,29.81461524963379
2013-07-17,30.15420913696289
2013-07-18,30.777952194213867
2013-07-19,30.8056755065918
2013-07-22,30.93041038513184
2013-07-23,30.888839721679688
2013-07-24,30.70865249633789
2013-07-25,30.251239776611328
2013-07-26,30.15420913696289
2013-07-29,29.974018096923828
2013-07-30,29.980939865112305
2013-07-31,30.14726829528809
2013-08-01,30.673980712890625
2013-08-02,30.83339500427246
2013-08-05,30.729434967041016
2013-08-06,30.514591217041016
2013-08-07,30.193601608276367
2013-08-08,30.158721923828125
2013-08-09,30.16568946838379
2013-08-12,30.144760131835938
2013-08-13,30.228487014770508
2013-08-14,30.074987411499023
2013-08-15,29.99821662902832
2013-08-16,29.830745697021484
2013-08-19,29.649322509765625
2013-08-20,29.719106674194336
2013-08-21,29.558612823486328
2013-08-22,29.6423568725586
2013-08-23,29.83773231506348
2013-08-26,29.57954216003418
2013-08-27,28.686368942260746
2013-08-28,28.784076690673828
2013-08-29,28.784076690673828
2013-08-30,28.66543197631836
2013-09-03,28.88174819946289
2013-09-04,28.958511352539062
2013-09-05,29.18181228637696
2013-09-06,28.90967559814453
2013-09-09,29.11203384399414
2013-09-10,29.621414184570312
2013-09-11,29.656309127807617
2013-09-12,29.488832473754883
2013-09-13,29.43999481201172
2013-09-16,29.928455352783203
2013-09-17,29.900531768798828
2013-09-18,30.22152137756348
2013-09-19,29.9773063659668
2013-09-20,29.900531768798828
2013-09-23,29.52371406555176
2013-09-24,29.11900329589844
2013-09-25,29.17482566833496
2013-09-26,29.03527069091797
2013-09-27,29.02130508422852
2013-09-30,28.832921981811523
2013-10-01,28.951534271240234
2013-10-02,28.791034698486328
2013-10-03,28.609617233276367
2013-10-04,28.818952560424805
2013-10-07,28.344444274902344
2013-10-08,28.079286575317383
2013-10-09,28.16303253173828
2013-10-10,28.916637420654297
2013-10-11,28.90967559814453
2013-10-14,29.13294982910156
2013-10-15,28.98641967773437
2013-10-16,29.45393943786621
2013-10-17,29.781902313232425
2013-10-18,29.781902313232425
2013-10-21,29.74004173278809
2013-10-22,29.96332550048828
2013-10-23,29.83773231506348
2013-10-24,29.78888320922852
2013-10-25,29.90751838684082
2013-10-28,29.886573791503903
2013-10-29,29.9773063659668
2013-10-30,30.074987411499023
2013-10-31,29.78888320922852
2013-11-01,29.77493095397949
2013-11-04,29.79586410522461
2013-11-05,29.74701499938965
2013-11-06,29.82431030273437
2013-11-07,29.31132125854492
2013-11-08,30.014047622680664
2013-11-11,30.04216957092285
2013-11-12,29.71188163757324
2013-11-13,30.04919815063477
2013-11-14,30.28110122680664
2013-11-15,30.59733772277832
2013-11-18,30.50596809387207
2013-11-19,30.611391067504883
2013-11-20,30.653539657592773
2013-11-21,30.97681999206543
2013-11-22,31.173572540283203
2013-11-25,31.25789833068848
2013-11-26,31.138452529907227
2013-11-27,31.110336303710938
2013-11-29,30.93465805053711
2013-12-02,31.047094345092773
2013-12-03,30.73085021972656
2013-12-04,30.74491500854492
2013-12-05,30.393539428710938
2013-12-06,30.997896194458008
2013-12-09,31.14547538757324
2013-12-10,30.997896194458008
2013-12-11,30.58327293395996
2013-12-12,30.5692195892334
2013-12-13,30.73085021972656
2013-12-16,30.906539916992188
2013-12-17,30.63247871398925
2013-12-18,31.57415771484375
2013-12-19,31.637380599975582
2013-12-20,31.59523200988769
2013-12-23,31.77088928222656
2013-12-24,31.89739990234375
2013-12-26,32.002830505371094
2013-12-27,31.974693298339844
2013-12-30,31.974693298339844
2013-12-31,31.904441833496094
2014-01-02,31.637380599975582
2014-01-03,31.86226272583008
2014-01-06,31.91848373413086
2014-01-07,31.904441833496094
2014-01-08,32.26986312866211
2014-01-09,32.43852615356445
2014-01-10,32.28390884399414
2014-01-13,32.01686477661133
2014-01-14,32.037960052490234
2014-01-15,32.607177734375
2014-01-16,32.60013961791992
2014-01-17,32.60013961791992
2014-01-21,32.67744445800781
2014-01-22,32.79691696166992
2014-01-23,32.5720329284668
2014-01-24,31.96064758300781
2014-01-27,31.99577522277832
2014-01-28,32.2979621887207
2014-01-29,32.037960052490234
2014-01-30,32.361202239990234
2014-01-31,31.86226272583008
2014-02-03,31.2227725982666
2014-02-04,31.46170425415039
2014-02-05,31.29190444946289
2014-02-06,31.681028366088867
2014-02-07,32.09844207763672
2014-02-10,32.204566955566406
2014-02-11,32.522926330566406
2014-02-12,32.537078857421875
2014-02-13,32.529991149902344
2014-02-14,32.63611602783203
2014-02-18,32.63611602783203
2014-02-19,32.21162414550781
2014-02-20,32.28237533569336
2014-02-21,32.26115417480469
2014-02-24,32.60075378417969
2014-02-25,32.60075378417969
2014-02-26,32.579524993896484
2014-02-27,32.579524993896484
2014-02-28,32.841304779052734
2014-03-03,32.65028381347656
2014-03-04,33.06768035888672
2014-03-05,33.315311431884766
2014-03-06,33.4921760559082
2014-03-07,33.92374801635742
2014-03-10,34.06523132324219
2014-03-11,33.82468795776367
2014-03-12,34.04401016235352
2014-03-13,33.845916748046875
2014-03-14,33.53464126586914
2014-03-17,34.05109786987305
2014-03-18,34.24210357666016
2014-03-19,33.82468795776367
2014-03-20,34.68781661987305
2014-03-21,34.75149154663086
2014-03-24,34.65244674682617
2014-03-25,34.6382942199707
2014-03-26,34.3128547668457
2014-03-27,34.73734664916992
2014-03-28,34.87176513671875
2014-03-31,35.19013214111328
2014-04-01,35.211360931396484
2014-04-02,35.20429229736328
2014-04-03,35.25380325317383
2014-04-04,35.06278610229492
2014-04-07,34.426048278808594
2014-04-08,34.54633331298828
2014-04-09,34.73734664916992
2014-04-10,33.75394058227539
2014-04-11,34.01571273803711
2014-04-14,34.03694152832031
2014-04-15,34.51094436645508
2014-04-16,34.730262756347656
2014-04-17,34.61707305908203
2014-04-21,34.75149154663086
2014-04-22,34.829315185546875
2014-04-23,35.08400344848633
2014-04-24,34.89299011230469
2014-04-25,34.70197677612305
2014-04-28,34.62413787841797
2014-04-29,34.99911117553711
2014-04-30,35.11939239501953
2014-05-01,35.11939239501953
2014-05-02,35.076934814453125
2014-05-05,35.06278610229492
2014-05-06,34.730262756347656
2014-05-07,35.19342803955078
2014-05-08,35.15067672729492
2014-05-09,34.9725341796875
2014-05-12,35.45708465576172
2014-05-13,35.492706298828125
2014-05-14,35.12218475341797
2014-05-15,34.936912536621094
2014-05-16,34.9725341796875
2014-05-19,35.26469421386719
2014-05-20,34.887020111083984
2014-05-21,35.392967224121094
2014-05-22,35.62098693847656
2014-05-23,35.74210357666016
2014-05-27,36.02000427246094
2014-05-28,35.94162368774414
2014-05-29,35.82048034667969
2014-05-30,36.18388748168945
2014-06-02,36.40479278564453
2014-06-03,36.40479278564453
2014-06-04,36.36916732788086
2014-06-05,36.78957748413086
2014-06-06,37.03897476196289
2014-06-09,37.4166374206543
2014-06-10,37.473628997802734
2014-06-11,37.224246978759766
2014-06-12,36.84657669067383
2014-06-13,36.98196792602539
2014-06-16,36.40479278564453
2014-06-17,36.81095123291016
2014-06-18,37.08172225952149
2014-06-19,37.06746292114258
2014-06-20,37.68740463256836
2014-06-23,37.75152969360352
2014-06-24,37.402374267578125
2014-06-25,37.48075866699219
2014-06-26,37.316856384277344
2014-06-27,37.69452667236328
2014-06-30,37.4522590637207
2014-07-01,37.56626129150391
2014-07-02,37.52350616455078
2014-07-03,37.76577758789063
2014-07-07,37.40949630737305
2014-07-08,37.23134994506836
2014-07-09,37.18860626220703
2014-07-10,36.91783905029297
2014-07-11,36.689823150634766
2014-07-14,36.561553955078125
2014-07-15,36.59005737304688
2014-07-16,36.46177673339844
2014-07-17,36.11264801025391
2014-07-18,36.54017639160156
2014-07-21,36.37628555297852
2014-07-22,36.59005737304688
2014-07-23,36.5758056640625
2014-07-24,36.76107406616211
2014-07-25,36.76820373535156
2014-07-28,36.76820373535156
2014-07-29,36.72544479370117
2014-07-30,37.12448120117188
2014-07-31,36.26939010620117
2014-08-01,35.87749099731445
2014-08-04,36.333534240722656
2014-08-05,35.91312026977539
2014-08-06,35.92029571533203
2014-08-07,35.661983489990234
2014-08-08,35.87725067138672
2014-08-11,35.798309326171875
2014-08-12,35.71938705444336
2014-08-13,35.87007141113281
2014-08-14,36.14990997314453
2014-08-15,36.02791976928711
2014-08-18,36.37234878540039
2014-08-19,36.49433898925781
2014-08-20,36.48715591430664
2014-08-21,36.8028678894043
2014-08-22,36.72394943237305
2014-08-25,36.91769790649414
2014-08-26,36.996620178222656
2014-08-27,36.83875274658203
2014-08-28,36.702430725097656
2014-08-29,36.91051483154297
2014-09-02,37.00380706787109
2014-09-03,36.989444732666016
2014-09-04,37.00380706787109
2014-09-05,37.06120681762695
2014-09-08,36.93204116821289
2014-09-09,36.64501190185547
2014-09-10,36.96791076660156
2014-09-11,37.01814270019531
2014-09-12,37.09706878662109
2014-09-15,37.26927185058594
2014-09-16,37.5347785949707
2014-09-17,37.67828750610352
2014-09-18,38.20209884643555
2014-09-19,38.28818893432617
2014-09-22,37.95811080932617
2014-09-23,37.384090423583984
2014-09-24,37.40562057495117
2014-09-25,36.88898849487305
2014-09-26,37.219051361083984
2014-09-29,37.08989334106445
2014-09-30,37.219051361083984
2014-10-01,36.7813606262207
2014-10-02,36.88180541992188
2014-10-03,37.384090423583984
2014-10-06,37.33388137817383
2014-10-07,36.652191162109375
2014-10-08,37.41997909545898
2014-10-09,36.68089294433594
2014-10-10,36.33647918701172
2014-10-13,36.02076721191406
2014-10-14,35.03773498535156
2014-10-15,34.334529876708984
2014-10-16,34.53544235229492
2014-10-17,34.937255859375
2014-10-20,35.28886032104492
2014-10-21,36.20014190673828
2014-10-22,35.99923324584961
2014-10-23,36.30777359008789
2014-10-24,36.73830032348633
2014-10-27,36.81722259521485
2014-10-28,37.15447235107422
2014-10-29,37.43431091308594
2014-10-30,37.64241790771485
2014-10-31,38.09446716308594
2014-11-03,38.29537582397461
2014-11-04,38.2236213684082
2014-11-05,38.66421508789063
2014-11-06,39.04703140258789
2014-11-07,38.88811492919922
2014-11-10,38.88090133666992
2014-11-11,38.70033645629883
2014-11-12,38.67144012451172
2014-11-13,38.563106536865234
2014-11-14,38.53420639038086
2014-11-17,38.59919738769531
2014-11-18,38.47642135620117
2014-11-19,38.54142379760742
2014-11-20,38.62810134887695
2014-11-21,38.86646270751953
2014-11-24,39.07592010498047
2014-11-25,38.917022705078125
2014-11-26,39.205936431884766
2014-11-28,39.35038375854492
2014-12-01,38.87368392944336
2014-12-02,39.16260147094727
2014-12-03,39.28537368774414
2014-12-04,39.36483383178711
2014-12-05,39.74764251708984
2014-12-08,39.55986022949219
2014-12-09,39.60319137573242
2014-12-10,39.19148254394531
2014-12-11,39.31428146362305
2014-12-12,38.78700637817383
2014-12-15,38.41864776611328
2014-12-16,38.115272521972656
2014-12-17,38.85199737548828
2014-12-18,39.87766647338867
2014-12-19,39.328712463378906
2014-12-22,39.70431137084961
2014-12-23,40.065467834472656
2014-12-24,39.971561431884766
2014-12-26,39.92822647094727
2014-12-29,40.238807678222656
2014-12-30,40.02935028076172
2014-12-31,39.59597396850586
2015-01-02,39.50928497314453
2015-01-05,38.42585754394531
2015-01-06,37.62410354614258
2015-01-07,37.8480224609375
2015-01-08,38.68587112426758
2015-01-09,38.05026245117188
2015-01-12,37.59523010253906
2015-01-13,37.45077133178711
2015-01-14,37.01738357543945
2015-01-15,36.63457489013672
2015-01-16,37.29906845092773
2015-01-20,37.55911636352539
2015-01-21,37.63134002685547
2015-01-22,38.83755493164063
2015-01-23,38.46919631958008
2015-01-26,38.70033645629883
2015-01-27,38.25973510742188
2015-01-28,37.67467498779297
2015-01-29,38.1080436706543
2015-01-30,37.5013427734375
2015-02-02,38.1441650390625
2015-02-03,38.60643005371094
2015-02-04,38.5555305480957
2015-02-05,39.02085113525391
2015-02-06,39.58794784545898
2015-02-09,39.41344833374024
2015-02-10,39.67519760131836
2015-02-11,39.18807220458984
2015-02-12,39.88603973388672
2015-02-13,40.22774124145508
2015-02-17,40.2568359375
2015-02-18,39.63884735107422
2015-02-19,39.667930603027344
2015-02-20,39.86423110961914
2015-02-23,40.060546875
2015-02-24,40.2568359375
2015-02-25,40.22774124145508
2015-02-26,40.09687423706055
2015-02-27,39.835147857666016
2015-03-02,40.387691497802734
2015-03-03,40.31501388549805
2015-03-04,39.85696029663086
2015-03-05,39.87150192260742
2015-03-06,39.68974304199219
2015-03-09,39.7479133605957
2015-03-10,38.74457550048828
2015-03-11,39.04266357421875
2015-03-12,40.416786193847656
2015-03-13,40.23502731323242
2015-03-16,40.5185775756836
2015-03-17,40.64944839477539
2015-03-18,40.83846664428711
2015-03-19,40.358619689941406
2015-03-20,40.72214126586914
2015-03-23,40.55492782592773
2015-03-24,40.24230194091797
2015-03-25,39.65337753295898
2015-03-26,39.624298095703125
2015-03-27,39.348026275634766
2015-03-30,39.82060241699219
2015-03-31,39.55159759521485
2015-04-01,39.21715927124024
2015-04-02,39.52977752685547
2015-04-06,39.31895446777344
2015-04-07,39.27532196044922
2015-04-08,39.26076889038086
2015-04-09,39.39891052246094
2015-04-10,39.49342727661133
2015-04-13,39.68974304199219
2015-04-14,39.39891052246094
2015-04-15,39.84968948364258
2015-04-16,39.84968948364258
2015-04-17,39.29713439941406
2015-04-20,39.52252578735352
2015-04-21,39.464351654052734
2015-04-22,39.7479133605957
2015-04-23,39.88603973388672
2015-04-24,39.76969909667969
2015-04-27,39.96601867675781
2015-04-28,40.28592300415039
2015-04-29,40.322261810302734
2015-04-30,40.060546875
2015-05-01,40.1259651184082
2015-05-04,40.5185775756836
2015-05-05,40.51130294799805
2015-05-06,40.20020294189453
2015-05-07,40.11969375610352
2015-05-08,41.02734375
2015-05-11,40.63207626342773
2015-05-12,40.6027946472168
2015-05-13,40.69796371459961
2015-05-14,41.02003479003906
2015-05-15,40.63941192626953
2015-05-18,40.80776596069336
2015-05-19,41.28353500366211
2015-05-20,41.04930114746094
2015-05-21,40.99806213378906
2015-05-22,40.99075698852539
2015-05-26,40.74188232421875
2015-05-27,41.04197692871094
2015-05-28,41.144474029541016
2015-05-29,40.96147155761719
2015-06-01,41.02003479003906
2015-06-02,41.12250518798828
2015-06-03,41.65684509277344
2015-06-04,41.093223571777344
2015-06-05,41.43725204467773
2015-06-08,41.07858276367188
2015-06-09,41.50313568115234
2015-06-10,41.87644577026367
2015-06-11,41.913047790527344
2015-06-12,41.78860855102539
2015-06-15,41.70809173583984
2015-06-16,41.88376998901367
2015-06-17,41.847164154052734
2015-06-18,42.23512649536133
2015-06-19,41.75932312011719
2015-06-22,42.38882827758789
2015-06-23,42.37417602539063
2015-06-24,42.11799621582031
2015-06-25,41.847164154052734
2015-06-26,42.0447998046875
2015-06-29,41.03467178344727
2015-06-30,41.16641616821289
2015-07-01,41.65684509277344
2015-07-02,41.53241729736328
2015-07-06,41.31282043457031
2015-07-07,41.17374038696289
2015-07-08,40.44175338745117
2015-07-09,40.624755859375
2015-07-10,41.04930114746094
2015-07-13,41.53241729736328
2015-07-14,41.90571975708008
2015-07-15,42.29366683959961
2015-07-16,42.57915496826172
2015-07-17,42.41078186035156
2015-07-20,42.49131393432617
2015-07-21,42.41810989379883
2015-07-22,42.8353385925293
2015-07-23,42.60841751098633
2015-07-24,42.29366683959961
2015-07-27,42.15459442138672
2015-07-28,42.01551818847656
2015-07-29,42.42543029785156
2015-07-30,42.56450653076172
2015-07-31,42.35954666137695
2015-08-03,42.38882827758789
2015-08-04,42.32294845581055
2015-08-05,42.47398376464844
2015-08-06,42.38556289672852
2015-08-07,42.34138488769531
2015-08-10,42.68764877319336
2015-08-11,42.14980316162109
2015-08-12,41.7888069152832
2015-08-13,41.91405487060547
2015-08-14,42.23822021484375
2015-08-17,42.252960205078125
2015-08-18,42.3929443359375
2015-08-19,42.03930282592773
2015-08-20,41.34674453735352
2015-08-21,39.76272201538086
2015-08-24,37.75874710083008
2015-08-25,36.852535247802734
2015-08-26,38.532344818115234
2015-08-27,39.80691909790039
2015-08-28,39.44591522216797
2015-08-31,39.291202545166016
2015-09-01,37.567195892333984
2015-09-02,38.30395126342773
2015-09-03,38.62811279296875
2015-09-04,37.78822708129883
2015-09-08,38.996490478515625
2015-09-09,38.451290130615234
2015-09-10,38.72389221191406
2015-09-11,38.76810836791992
2015-09-14,38.87860870361328
2015-09-15,39.39435195922852
2015-09-16,39.57853317260742
2015-09-17,38.466041564941406
2015-09-18,37.60402297973633
2015-09-21,37.97977828979492
2015-09-22,37.346153259277344
2015-09-23,37.41247177124024
2015-09-24,37.24302291870117
2015-09-25,37.928199768066406
2015-09-28,37.110389709472656
2015-09-29,37.49351501464844
2015-09-30,37.832427978515625
2015-10-01,37.89872360229492
2015-10-02,37.76611328125
2015-10-05,38.613380432128906
2015-10-06,38.33341979980469
2015-10-07,38.451290130615234
2015-10-08,38.709171295166016
2015-10-09,38.414459228515625
2015-10-12,38.44392776489258
2015-10-13,38.20817184448242
2015-10-14,37.94294738769531
2015-10-15,38.819671630859375
2015-10-16,38.95965576171875
2015-10-19,38.72389221191406
2015-10-20,39.10700225830078
2015-10-21,39.13648223876953
2015-10-22,39.82902908325195
2015-10-23,40.33738708496094
2015-10-26,39.99848175048828
2015-10-27,39.87324142456055
2015-10-28,40.85313034057617
2015-10-29,40.587890625
2015-10-30,39.88796615600586
2015-11-02,40.41106033325195
2015-11-03,40.46999740600586
2015-11-04,40.48855209350586
2015-11-05,40.69626998901367
2015-11-06,41.43067169189453
2015-11-09,41.148773193359375
2015-11-10,41.47518157958984
2015-11-11,41.3935775756836
2015-11-12,40.926231384277344
2015-11-13,40.48113632202149
2015-11-16,41.00040817260742
2015-11-17,40.77044677734375
2015-11-18,41.29714584350586
2015-11-19,41.519676208496094
2015-11-20,41.40841293334961
2015-11-23,41.245216369628906
2015-11-24,41.00782775878906
2015-11-25,40.96331787109375
2015-11-27,41.08942031860352
2015-11-30,40.874298095703125
2015-12-01,41.32680892944336
2015-12-02,40.85946273803711
2015-12-03,40.2066535949707
2015-12-04,41.29714584350586
2015-12-07,41.11167907714844
2015-12-08,40.35502624511719
2015-12-09,40.14731216430664
2015-12-10,40.31051635742188
2015-12-11,39.54645538330078
2015-12-14,39.464839935302734
2015-12-15,40.73335266113281
2015-12-16,41.43067169189453
2015-12-17,41.148773193359375
2015-12-18,39.90251159667969
2015-12-21,40.07313919067383
2015-12-22,40.31051635742188
2015-12-23,40.82979965209961
2015-12-24,40.66658782958984
2015-12-28,40.5627326965332
2015-12-29,41.01524353027344
2015-12-30,40.718528747558594
2015-12-31,40.32535552978516
2016-01-04,39.24971008300781
2016-01-05,39.2348747253418
2016-01-06,38.485652923583984
2016-01-07,37.38774871826172
2016-01-08,36.764610290527344
2016-01-11,37.15778732299805
2016-01-12,38.09989547729492
2016-01-13,36.890724182128906
2016-01-14,37.56578063964844
2016-01-15,36.21568298339844
2016-01-19,35.76315689086914
2016-01-20,35.510929107666016
2016-01-21,35.61478805541992
2016-01-22,36.36402130126953
2016-01-25,35.355159759521484
2016-01-26,35.80025100708008
2016-01-27,36.03021240234375
2016-01-28,36.28984069824219
2016-01-29,37.26164627075195
2016-02-01,37.046504974365234
2016-02-02,36.22308349609375
2016-02-03,35.58392333984375
2016-02-04,36.06984329223633
2016-02-05,35.77828598022461
2016-02-08,34.761592864990234
2016-02-09,34.724220275878906
2016-02-10,34.51491165161133
2016-02-11,33.7598762512207
2016-02-12,35.367130279541016
2016-02-16,36.06235885620117
2016-02-17,35.98013687133789
2016-02-18,35.68110275268555
2016-02-19,35.95022201538086
2016-02-22,36.77254486083984
2016-02-23,35.957698822021484
2016-02-24,35.59140396118164
2016-02-25,35.69606018066406
2016-02-26,35.935264587402344
2016-02-29,35.075584411621094
2016-03-01,36.42118453979492
2016-03-02,37.05662155151367
2016-03-03,37.20612335205078
2016-03-04,37.4603157043457
2016-03-07,37.43039321899414
2016-03-08,36.667877197265625
2016-03-09,36.4735221862793
2016-03-10,36.26420211791992
2016-03-11,37.43039321899414
2016-03-14,37.28835678100586
2016-03-15,37.36311340332031
2016-03-16,37.03419494628906
2016-03-17,37.17622375488281
2016-03-18,37.78175735473633
2016-03-21,37.87893295288086
2016-03-22,37.654666900634766
2016-03-23,37.19863128662109
2016-03-24,36.55576705932617
2016-03-28,36.4062385559082
2016-03-29,35.92032623291016
2016-03-30,36.36886596679688
2016-03-31,36.15206146240234
2016-04-01,36.21935272216797
2016-04-04,36.25672912597656
2016-04-05,35.51665115356445
2016-04-06,35.94275665283203
2016-04-07,35.08306121826172
2016-04-08,35.187713623046875
2016-04-11,35.157814025878906
2016-04-12,35.71101379394531
2016-04-13,36.65293884277344
2016-04-14,36.4735221862793
2016-04-15,36.06984329223633
2016-04-18,36.51089859008789
2016-04-19,37.28835678100586
2016-04-20,37.71446990966797
2016-04-21,37.41544723510742
2016-04-22,37.841556549072266
2016-04-25,37.759315490722656
2016-04-26,38.06581115722656
2016-04-27,38.07330703735352
2016-04-28,37.68456268310547
2016-04-29,37.36311340332031
2016-05-02,37.81913757324219
2016-05-03,37.378074645996094
2016-05-04,36.86582946777344
2016-05-05,36.880897521972656
2016-05-06,36.92610931396485
2016-05-09,36.820648193359375
2016-05-10,37.21236038208008
2016-05-11,36.971290588378906
2016-05-12,37.06169128417969
2016-05-13,36.33852767944336
2016-05-16,36.36112976074219
2016-05-17,35.871490478515625
2016-05-18,36.64737701416016
2016-05-19,36.44399642944336
2016-05-20,36.72270584106445
2016-05-23,36.68505096435547
2016-05-24,37.06169128417969
2016-05-25,38.04097366333008
2016-05-26,38.07863235473633
2016-05-27,38.30461120605469
2016-05-31,38.2066764831543
2016-06-01,38.4176025390625
2016-06-02,38.50045776367188
2016-06-03,37.807430267333984
2016-06-06,38.03343963623047
2016-06-07,37.86771011352539
2016-06-08,37.6643180847168
2016-06-09,37.0164909362793
2016-06-10,36.41387176513672
2016-06-13,36.13514709472656
2016-06-14,35.314064025878906
2016-06-15,35.23872756958008
2016-06-16,35.29145812988281
2016-06-17,35.1031379699707
2016-06-20,35.351741790771484
2016-06-21,35.57771682739258
2016-06-22,35.38185119628906
2016-06-23,36.08994674682617
2016-06-24,34.432716369628906
2016-06-27,33.90541076660156
2016-06-28,34.726497650146484
2016-06-29,35.38185119628906
2016-06-30,35.65304183959961
2016-07-01,35.42705535888672
2016-07-05,34.80935287475586
2016-07-06,35.140804290771484
2016-07-07,35.25379943847656
2016-07-08,35.999549865722656
2016-07-11,36.21801376342773
2016-07-12,36.42139434814453
2016-07-13,36.36112976074219
2016-07-14,36.86582946777344
2016-07-15,35.93929672241211
2016-07-18,36.3686752319336
2016-07-19,36.43645858764648
2016-07-20,36.61725616455078
2016-07-21,36.38373565673828
2016-07-22,36.39879608154297
2016-07-25,36.248146057128906
2016-07-26,36.13514709472656
2016-07-27,36.15774917602539
2016-07-28,36.25567626953125
2016-07-29,36.13514709472656
2016-08-01,36.014625549316406
2016-08-02,35.93177032470703
2016-08-03,36.12158966064453
2016-08-04,36.32661056518555
2016-08-05,36.96446228027344
2016-08-08,37.13909912109375
2016-08-09,37.15428161621094
2016-08-10,36.58479309082031
2016-08-11,36.63034439086914
2016-08-12,36.37217712402344
2016-08-15,36.65312576293945
2016-08-16,36.7822151184082
2016-08-17,36.91131591796875
2016-08-18,36.85057067871094
2016-08-19,36.941673278808594
2016-08-22,36.926490783691406
2016-08-23,36.75944137573242
2016-08-24,36.926490783691406
2016-08-25,36.73665618896485
2016-08-26,36.83536911010742
2016-08-29,37.63268661499024
2016-08-30,38.43757629394531
2016-08-31,38.57426452636719
2016-09-01,38.29328918457031
2016-09-02,38.38441848754883
2016-09-06,37.95918655395508
2016-09-07,37.79212951660156
2016-09-08,37.89085006713867
2016-09-09,36.99483871459961
2016-09-12,36.858158111572266
2016-09-13,35.65839385986328
2016-09-14,35.32429504394531
2016-09-15,35.0433464050293
2016-09-16,34.496620178222656
2016-09-19,34.93703079223633
2016-09-20,35.35466766357422
2016-09-21,34.800350189208984
2016-09-22,34.71682357788086
2016-09-23,34.732017517089844
2016-09-26,34.078975677490234
2016-09-27,34.23844528198242
2016-09-28,34.405494689941406
2016-09-29,33.69171142578125
2016-09-30,33.623382568359375
2016-10-03,33.28167724609375
2016-10-04,33.220943450927734
2016-10-05,34.16251373291016
2016-10-06,34.30677032470703
2016-10-07,34.420684814453125
2016-10-10,34.66366958618164
2016-10-11,34.51179885864258
2016-10-12,34.413089752197266
2016-10-13,33.98027420043945
2016-10-14,33.949893951416016
2016-10-17,33.79043197631836
2016-10-18,34.13214492797852
2016-10-19,34.3675422668457
2016-10-20,34.116939544677734
2016-10-21,34.23844528198242
2016-10-24,34.56494903564453
2016-10-25,34.71682357788086
2016-10-26,35.0433464050293
2016-10-27,35.24074935913086
2016-10-28,35.10408401489258
2016-10-31,34.93703079223633
2016-11-01,34.92184066772461
2016-11-02,34.63855743408203
2016-11-03,34.71511459350586
2016-11-04,34.14852523803711
2016-11-07,34.76105880737305
2016-11-08,34.86825180053711
2016-11-09,36.744117736816406
2016-11-10,39.531131744384766
2016-11-11,39.607688903808594
2016-11-14,40.74853515625
2016-11-15,40.26616287231445
2016-11-16,39.56940460205078
2016-11-17,40.189598083496094
2016-11-18,40.44226837158203
2016-11-21,39.90630340576172
2016-11-22,39.98287582397461
2016-11-23,39.93693161010742
2016-11-25,40.28912353515625
2016-11-28,39.49283981323242
2016-11-29,39.70723342895508
2016-11-30,40.518829345703125
2016-12-01,41.6060791015625
2016-12-02,41.02418899536133
2016-12-05,41.61372375488281
2016-12-06,42.53252029418945
2016-12-07,43.85712432861328
2016-12-08,43.86477279663086
2016-12-09,43.74993133544922
2016-12-12,42.70863723754883
2016-12-13,42.75456619262695
2016-12-14,41.88170623779297
2016-12-15,42.256874084472656
2016-12-16,42.37174606323242
2016-12-19,42.27986526489258
2016-12-20,42.953643798828125
2016-12-21,42.6550407409668
2016-12-22,42.68566131591797
2016-12-23,42.846435546875
2016-12-27,42.83877944946289
2016-12-28,42.356422424316406
2016-12-29,41.98890686035156
2016-12-30,42.19563293457031
2017-01-03,42.877079010009766
2017-01-04,42.91535568237305
2017-01-05,42.24922180175781
2017-01-06,42.142032623291016
2017-01-09,41.52950286865234
2017-01-10,41.82045364379883
2017-01-11,41.95828628540039
2017-01-12,41.72857666015625
2017-01-13,42.34877395629883
2017-01-17,41.17729568481445
2017-01-18,41.55247497558594
2017-01-19,41.78983688354492
2017-01-20,42.16500854492188
2017-01-23,41.53716278076172
2017-01-24,41.88170623779297
2017-01-25,43.35178756713867
2017-01-26,43.780555725097656
2017-01-27,43.32881546020508
2017-01-30,42.93832015991211
2017-01-31,43.12974548339844
2017-02-01,43.09890365600586
2017-02-02,42.97557067871094
2017-02-03,44.147274017333984
2017-02-06,43.59225082397461
2017-02-07,43.43038177490234
2017-02-08,42.883060455322266
2017-02-09,43.73101806640625
2017-02-10,43.83122253417969
2017-02-13,44.00081634521485
2017-02-14,44.694580078125
2017-02-15,45.13398742675781
2017-02-16,44.80250930786133
2017-02-17,44.77939224243164
2017-02-21,44.902713775634766
2017-02-22,44.98751449584961
2017-02-23,45.08773422241211
2017-02-24,44.56353759765625
2017-02-27,44.75625991821289
2017-02-28,44.61750030517578
2017-03-01,46.043601989746094
2017-03-02,45.25732421875
2017-03-03,45.39606475830078
2017-03-06,45.18023300170898
2017-03-07,44.94126892089844
2017-03-08,44.87189102172852
2017-03-09,45.24960708618164
2017-03-10,45.3652458190918
2017-03-13,45.24960708618164
2017-03-14,45.29586410522461
2017-03-15,45.25732421875
2017-03-16,45.72754287719727
2017-03-17,45.22648239135742
2017-03-20,44.42478942871094
2017-03-21,43.05265808105469
2017-03-22,42.65180969238281
2017-03-23,42.59013366699219
2017-03-24,43.0372314453125
2017-03-27,42.69805908203125
2017-03-28,43.13744735717773
2017-03-29,42.91389083862305
2017-03-30,43.35329818725586
2017-03-31,42.90618515014648
2017-04-03,42.775146484375
2017-04-04,42.55158996582031
2017-04-05,42.38199615478516
2017-04-06,42.6826400756836
2017-04-07,42.27408218383789
2017-04-10,42.04281997680664
2017-04-11,41.74990463256836
2017-04-12,40.94819259643555
2017-04-13,39.583778381347656
2017-04-17,40.63984680175781
2017-04-18,40.43171691894531
2017-04-19,40.200462341308594
2017-04-20,41.241119384765625
2017-04-21,40.85569763183594
2017-04-24,41.35675811767578
2017-04-25,42.05825424194336
2017-04-26,42.04281997680664
2017-04-27,41.96573638916016
2017-04-28,41.50321960449219
2017-05-01,41.98115921020508
2017-05-02,42.04281997680664
2017-05-03,42.57844543457031
2017-05-04,42.83461380004883
2017-05-05,42.78028869628906
2017-05-08,42.72593688964844
2017-05-09,42.44648742675781
2017-05-10,42.477535247802734
2017-05-11,41.71678924560547
2017-05-12,41.15787124633789
2017-05-15,41.39075469970703
2017-05-16,41.34418869018555
2017-05-17,40.55238342285156
2017-05-18,40.66106796264648
2017-05-19,41.18893432617188
2017-05-22,41.15011215209961
2017-05-23,41.445091247558594
2017-05-24,41.212215423583984
2017-05-25,40.97156524658203
2017-05-26,40.6843376159668
2017-05-30,40.49029541015625
2017-05-31,39.69848251342773
2017-06-01,40.42818069458008
2017-06-02,40.21859359741211
2017-06-05,40.148719787597656
2017-06-06,40.21859359741211
2017-06-07,40.43595123291016
2017-06-08,40.80078125
2017-06-09,41.76335906982422
2017-06-12,41.98848342895508
2017-06-13,42.26794052124024
2017-06-14,42.33004760742188
2017-06-15,41.84098815917969
2017-06-16,41.833229064941406
2017-06-19,42.104923248291016
2017-06-20,41.49943923950195
2017-06-21,41.12682723999024
2017-06-22,40.74645614624024
2017-06-23,40.71539306640625
2017-06-26,41.06471633911133
2017-06-27,41.26655578613281
2017-06-28,42.17479705810547
2017-06-29,43.300392150878906
2017-06-30,43.01316833496094
2017-07-03,43.300392150878906
2017-07-05,43.300392150878906
2017-07-06,43.12959289550781
2017-07-07,43.269344329833984
2017-07-10,43.15288543701172
2017-07-11,42.72593688964844
2017-07-12,42.82685852050781
2017-07-13,43.16064834594727
2017-07-14,42.687129974365234
2017-07-17,42.46976852416992
2017-07-18,42.53963851928711
2017-07-19,42.648319244384766
2017-07-20,42.60173034667969
2017-07-21,42.05059051513672
2017-07-24,42.128211975097656
2017-07-25,42.74146270751953
2017-07-26,42.625038146972656
2017-07-27,42.46976852416992
2017-07-28,41.3752326965332
2017-07-31,41.87205123901367
2017-08-01,41.98072814941406
2017-08-02,41.92598724365234
2017-08-03,41.75396728515625
2017-08-04,41.31610870361328
2017-08-07,41.081520080566406
2017-08-08,41.21445083618164
2017-08-09,41.27699661254883
2017-08-10,40.62020111083984
2017-08-11,40.61239242553711
2017-08-14,41.31610870361328
2017-08-15,41.323917388916016
2017-08-16,41.19881057739258
2017-08-17,40.5029182434082
2017-08-18,40.40908050537109
2017-08-21,40.518550872802734
2017-08-22,40.83132553100586
2017-08-23,40.6827507019043
2017-08-24,40.78440856933594
2017-08-25,40.47945785522461
2017-08-28,40.3699951171875
2017-08-29,40.20579147338867
2017-08-30,40.15888214111328
2017-08-31,39.9321174621582
2017-09-01,39.85393142700195
2017-09-05,39.17366790771485
2017-09-06,39.001651763916016
2017-09-07,38.84526824951172
2017-09-08,38.76707458496094
2017-09-11,39.61153411865234
2017-09-12,40.32307434082031
2017-09-13,40.237064361572266
2017-09-14,40.104148864746094
2017-09-15,40.39344024658203
2017-09-18,41.21445083618164
2017-09-19,41.7226791381836
2017-09-20,42.027645111083984
2017-09-21,42.2700424194336
2017-09-22,42.41859817504883
2017-09-25,42.246578216552734
2017-09-26,42.06672286987305
2017-09-27,42.3873176574707
2017-09-28,42.41859817504883
2017-09-29,43.12230682373047
2017-10-02,43.37252426147461
2017-10-03,43.45852279663086
2017-10-04,42.97374725341797
2017-10-05,43.309967041015625
2017-10-06,43.45852279663086
2017-10-09,43.11449813842773
2017-10-10,43.48198699951172
2017-10-11,43.521087646484375
2017-10-12,43.169227600097656
2017-10-13,41.98072814941406
2017-10-16,42.06672286987305
2017-10-17,41.58976745605469
2017-10-18,41.76178741455078
2017-10-19,42.027645111083984
2017-10-20,42.94247055053711
2017-10-23,42.93465805053711
2017-10-24,43.33342742919922
2017-10-25,43.200496673583984
2017-10-26,43.48981094360352
2017-10-27,43.68527221679688
2017-10-30,43.66964340209961
2017-10-31,43.89640426635742
2017-11-01,43.95112991333008
2017-11-02,44.47080612182617
2017-11-03,44.36844253540039
2017-11-06,44.23459243774414
2017-11-07,43.34486770629883
2017-11-08,42.72283172607422
2017-11-09,42.51810836791992
2017-11-10,42.36852645874024
2017-11-13,42.297664642333984
2017-11-14,42.54961395263672
2017-11-15,42.32128143310547
2017-11-16,42.99053955078125
2017-11-17,42.63622283935547
2017-11-20,42.55750274658203
2017-11-21,42.92755889892578
2017-11-22,42.565372467041016
2017-11-24,42.58898162841797
2017-11-27,42.47875595092773
2017-11-28,43.75428771972656
2017-11-29,44.62828826904297
2017-11-30,44.46293258666992
2017-12-01,44.25033950805664
2017-12-04,45.18730926513672
2017-12-05,46.10066986083984
2017-12-06,46.11640930175781
2017-12-07,46.73844528198242
2017-12-08,46.69906997680664
2017-12-11,46.35261154174805
2017-12-12,47.5021858215332
2017-12-13,46.76993179321289
2017-12-14,46.62820053100586
2017-12-15,47.13999938964844
2017-12-18,47.96673202514648
2017-12-19,47.52580642700195
2017-12-20,47.35258483886719
2017-12-21,48.51003646850586
2017-12-22,48.4627799987793
2017-12-26,48.13209533691406
2017-12-27,47.99034881591797
2017-12-28,48.26593780517578
2017-12-29,47.76988220214844
2018-01-02,48.100582122802734
2018-01-03,48.47065734863281
2018-01-04,49.076927185058594
2018-01-05,49.40761184692383
2018-01-08,48.848594665527344
2018-01-09,49.02180480957031
2018-01-10,49.69895553588867
2018-01-11,49.612342834472656
2018-01-12,49.25013732910156
2018-01-16,49.21079635620117
2018-01-17,50.29736328125
2018-01-18,50.352481842041016
2018-01-19,50.565067291259766
2018-01-22,50.96662521362305
2018-01-23,50.77765274047852
2018-01-24,51.5571517944336
2018-01-25,51.691009521484375
2018-01-26,51.91147994995117
2018-01-29,51.824851989746094
2018-01-30,51.399696350097656
2018-01-31,51.793365478515625
2018-02-01,51.8884162902832
2018-02-02,50.74784469604492
2018-02-05,46.06671142578125
2018-02-06,45.36968994140625
2018-02-07,45.575626373291016
2018-02-08,43.88059997558594
2018-02-09,44.45882415771485
2018-02-12,44.75188446044922
2018-02-13,45.93997573852539
2018-02-14,47.16768264770508
2018-02-15,47.53995895385742
2018-02-16,47.48451232910156
2018-02-20,47.48451232910156
2018-02-21,47.31026077270508
2018-02-22,46.58155822753906
2018-02-23,46.86670303344727
2018-02-26,47.50036239624024
2018-02-27,46.89839172363281
2018-02-28,46.26472854614258
2018-03-01,45.39344787597656
2018-03-02,45.47265625
2018-03-05,45.615234375
2018-03-06,45.20336532592773
2018-03-07,44.83108901977539
2018-03-08,44.92613983154297
2018-03-09,46.12215042114258
2018-03-12,45.955814361572266
2018-03-13,45.59146881103516
2018-03-14,44.85485458374024
2018-03-15,45.01326370239258
2018-03-16,44.276634216308594
2018-03-19,43.943965911865234
2018-03-20,43.48456573486328
2018-03-21,43.39743423461914
2018-03-22,41.60736083984375
2018-03-23,40.37965774536133
2018-03-26,41.417266845703125
2018-03-27,40.474708557128906
2018-03-28,40.77569961547852
2018-03-29,41.512306213378906
2018-04-02,40.67272567749024
2018-04-03,41.25093078613281
2018-04-04,41.908348083496094
2018-04-05,42.18558120727539
2018-04-06,41.36974334716797
2018-04-09,41.38559341430664
2018-04-10,41.67864990234375
2018-04-11,41.132110595703125
2018-04-12,41.74202728271485
2018-04-13,40.30836868286133
2018-04-16,40.237083435058594
2018-04-17,40.05491256713867
2018-04-18,39.91233444213867
2018-04-19,40.82322692871094
2018-04-20,41.631126403808594
2018-04-23,41.67073059082031
2018-04-24,41.59152221679688
2018-04-25,42.06676483154297
2018-04-26,41.536075592041016
2018-04-27,41.47272491455078
2018-04-30,41.1558837890625
2018-05-01,41.631126403808594
2018-05-02,41.33806228637695
2018-05-03,41.13056945800781
2018-05-04,41.82485580444336
2018-05-07,42.02437973022461
2018-05-08,42.44733810424805
2018-05-09,42.902191162109375
2018-05-10,43.61246109008789
2018-05-11,43.45284271240234
2018-05-14,43.47679138183594
2018-05-15,43.6922607421875
2018-05-16,43.92368698120117
2018-05-17,43.26929473876953
2018-05-18,42.85432052612305
2018-05-21,43.52467727661133
2018-05-22,44.09925842285156
2018-05-23,44.83344650268555
2018-05-24,43.628414154052734
2018-05-25,43.81196594238281
2018-05-29,42.25579833984375
2018-05-30,43.27727127075195
2018-05-31,43.085750579833984
2018-06-01,43.64436721801758
2018-06-04,43.75609970092773
2018-06-05,43.49274826049805
2018-06-06,44.35462188720703
2018-06-07,44.39451217651367
2018-06-08,44.43442535400391
2018-06-11,44.29876327514648
2018-06-12,44.19500350952149
2018-06-13,44.019439697265625
2018-06-14,43.68427276611328
2018-06-15,43.87580871582031
2018-06-18,43.95561599731445
2018-06-19,43.95561599731445
2018-06-20,43.47679138183594
2018-06-21,43.38899993896485
2018-06-22,43.04584884643555
2018-06-25,43.06181716918945
2018-06-26,42.63886260986328
2018-06-27,42.51914978027344
2018-06-28,42.798458099365234
2018-06-29,44.24290084838867
2018-07-02,44.94516754150391
2018-07-03,44.33866882324219
2018-07-05,44.08330154418945
2018-07-06,44.602012634277344
2018-07-09,45.30428695678711
2018-07-10,45.1845817565918
2018-07-11,44.74565124511719
2018-07-12,44.71373748779297
2018-07-13,44.17905807495117
2018-07-16,45.4798583984375
2018-07-17,45.13668823242188
2018-07-18,45.144676208496094
2018-07-19,44.953155517578125
2018-07-20,45.01698684692383
2018-07-23,46.28586196899414
2018-07-24,46.5651741027832
2018-07-25,46.46942138671875
2018-07-26,46.53324890136719
2018-07-27,46.78861618041992
2018-07-30,46.67689895629883
2018-07-31,45.71925735473633
2018-08-01,46.00654602050781
2018-08-02,46.51729583740234
2018-08-03,46.94822311401367
2018-08-06,46.9961166381836
2018-08-07,46.94024658203125
2018-08-08,47.23551559448242
2018-08-09,46.97829055786133
2018-08-10,46.66477584838867
2018-08-13,46.311065673828125
2018-08-14,46.680850982666016
2018-08-15,46.61653900146485
2018-08-16,47.15512847900391
2018-08-17,47.31590270996094
2018-08-20,47.45256423950195
2018-08-21,47.396297454833984
2018-08-22,47.56510925292969
2018-08-23,47.12296676635742
2018-08-24,47.17924118041992
2018-08-27,47.508827209472656
2018-08-28,47.48471832275391
2018-08-29,47.396297454833984
2018-08-30,46.99435424804688
2018-08-31,47.010440826416016
2018-09-04,47.267669677734375
2018-09-05,47.38825607299805
2018-09-06,46.56830978393555
2018-09-07,46.14225769042969
2018-09-10,46.19049072265625
2018-09-11,46.12619400024414
2018-09-12,44.96860122680664
2018-09-13,44.21297073364258
2018-09-14,43.99591827392578
2018-09-17,43.65829086303711
2018-09-18,43.81102752685547
2018-09-19,44.38982009887695
2018-09-20,44.65509033203125
2018-09-21,44.20492172241211
2018-09-24,43.61809921264648
2018-09-25,43.5939826965332
2018-09-26,42.73383331298828
2018-09-27,42.46052169799805
2018-09-28,42.25152206420898
2018-10-01,42.0023193359375
2018-10-02,41.90584564208984
2018-10-03,42.32386779785156
2018-10-04,43.015174865722656
2018-10-05,42.75795364379883
2018-10-08,43.14381408691406
2018-10-09,43.03126907348633
2018-10-10,42.14700698852539
2018-10-11,41.351165771484375
2018-10-12,41.8897705078125
2018-10-15,42.79814910888672
2018-10-16,43.19203567504883
2018-10-17,43.77886199951172
2018-10-18,42.68560791015625
2018-10-19,42.51679611206055
2018-10-22,41.51998519897461
2018-10-23,41.44764709472656
2018-10-24,40.34633255004883
2018-10-25,41.68880844116211
2018-10-26,41.19844055175781
2018-10-29,41.98622512817383
2018-10-30,42.35601425170898
2018-10-31,42.79010009765625
2018-11-01,43.05538558959961
2018-11-02,43.095584869384766
2018-11-05,43.13576889038086
2018-11-06,43.04734802246094
2018-11-07,43.07145690917969
2018-11-08,43.07957077026367
2018-11-09,42.98232269287109
2018-11-12,42.42316055297852
2018-11-13,42.739219665527344
2018-11-14,42.26109313964844
2018-11-15,42.80404281616211
2018-11-16,42.90129089355469
2018-11-19,43.20922470092773
2018-11-20,42.5771369934082
2018-11-21,42.48799133300781
2018-11-23,42.001766204833984
2018-11-26,42.852657318115234
2018-11-27,43.10387420654297
2018-11-28,44.04391860961914
2018-11-29,43.79269027709961
2018-11-30,43.98719024658203
2018-12-03,43.95477294921875
2018-12-04,41.96124649047852
2018-12-06,41.4020881652832
2018-12-07,40.72947692871094
2018-12-10,39.546329498291016
2018-12-11,38.70353317260742
2018-12-12,38.68733596801758
2018-12-13,38.11196517944336
2018-12-14,37.714881896972656
2018-12-17,37.7716064453125
2018-12-18,37.698673248291016
2018-12-19,37.009857177734375
2018-12-20,37.3096923828125
2018-12-21,36.56414413452149
2018-12-24,35.33237838745117
2018-12-26,36.94503021240234
2018-12-27,36.89639663696289
2018-12-28,37.0989990234375
2018-12-31,37.34210968017578
2019-01-02,38.03902816772461
2019-01-03,37.73918533325195
2019-01-04,38.857513427734375
2019-01-07,38.60628509521485
2019-01-08,38.52525329589844
2019-01-09,38.73594284057617
2019-01-10,38.695430755615234
2019-01-11,38.79267883300781
2019-01-14,39.238380432128906
2019-01-15,38.63059616088867
2019-01-16,39.65978240966797
2019-01-17,39.8947868347168
2019-01-18,40.5268783569336
2019-01-22,40.40533065795898
2019-01-23,40.61602020263672
2019-01-24,40.502567291259766
2019-01-25,40.6241340637207
2019-01-28,40.37290954589844
2019-01-29,40.397220611572266
2019-01-30,40.59171295166016
2019-01-31,39.99477767944336
2019-02-01,39.99477767944336
2019-02-04,40.117435455322266
2019-02-05,40.289154052734375
2019-02-06,40.24827194213867
2019-02-07,39.31606674194336
2019-02-08,38.964447021484375
2019-02-11,38.964447021484375
2019-02-12,40.109256744384766
2019-02-13,40.08473587036133
2019-02-14,39.67586517333984
2019-02-15,40.24827194213867
2019-02-19,40.37910461425781
2019-02-20,40.73072814941406
2019-02-21,40.52630233764648
2019-02-22,40.08473587036133
2019-02-25,40.60807418823242
2019-02-26,40.55083465576172
2019-02-27,40.8043327331543
2019-02-28,40.796146392822266
2019-03-01,40.9106330871582
2019-03-04,40.976051330566406
2019-03-05,40.796146392822266
2019-03-06,40.73890686035156
2019-03-07,40.62442398071289
2019-03-08,40.72255325317383
2019-03-11,40.68983840942383
2019-03-12,40.59989547729492
2019-03-13,40.82067489624024
2019-03-14,41.17229461669922
2019-03-15,41.42578887939453
2019-03-18,42.30075454711914
2019-03-19,42.03908157348633
2019-03-20,41.21318054199219
2019-03-21,40.771610260009766
2019-03-22,39.50413513183594
2019-03-25,39.31606674194336
2019-03-26,40.07654571533203
2019-03-27,39.88029479980469
2019-03-28,40.14196395874024
2019-03-29,39.51232147216797
2019-04-01,39.91301727294922
2019-04-02,39.42236709594727
2019-04-03,39.95388412475586
2019-04-04,40.20738220214844
2019-04-05,39.88848114013672
2019-04-08,39.97024917602539
2019-04-09,39.36513900756836
2019-04-10,39.07893371582031
2019-04-11,39.038047790527344
2019-04-12,38.01589584350586
2019-04-15,38.24485397338867
2019-04-16,38.964447021484375
2019-04-17,38.8826789855957
2019-04-18,38.90721130371094
2019-04-22,38.645538330078125
2019-04-23,38.71913528442383
2019-04-24,38.82543182373047
2019-04-25,38.8499641418457
2019-04-26,39.21793365478516
2019-04-29,39.47143173217773
2019-04-30,39.58591842651367
2019-05-01,39.4387321472168
2019-05-02,39.49596786499024
2019-05-03,39.782169342041016
2019-05-06,39.60227584838867
2019-05-07,38.57193374633789
2019-05-08,38.43292999267578
2019-05-09,38.58980941772461
2019-05-10,38.92831039428711
2019-05-13,38.25129318237305
2019-05-14,38.38339614868164
2019-05-15,37.84674072265625
2019-05-16,37.89627456665039
2019-05-17,37.73115158081055
2019-05-20,37.52473831176758
2019-05-21,38.25129318237305
2019-05-22,38.0613899230957
2019-05-23,37.61555862426758
2019-05-24,38.11919403076172
2019-05-28,37.640323638916016
2019-05-29,37.54951095581055
2019-05-30,37.19449234008789
2019-05-31,36.633060455322266
2019-06-03,36.75691223144531
2019-06-04,37.714637756347656
2019-06-05,37.86325073242188
2019-06-06,37.91277694702149
2019-06-07,37.6733512878418
2019-06-10,38.201759338378906
2019-06-11,38.193504333496094
2019-06-12,37.07890319824219
2019-06-13,37.39265060424805
2019-06-14,37.640323638916016
2019-06-17,37.37612533569336
2019-06-18,38.0613899230957
2019-06-19,37.68986129760742
2019-06-20,37.86325073242188
2019-06-21,38.71364212036133
2019-06-24,38.201759338378906
2019-06-25,38.09442138671875
2019-06-26,37.81370544433594
2019-06-27,38.21826934814453
2019-06-28,39.06866836547852
2019-07-01,39.374141693115234
2019-07-02,38.994361877441406
2019-07-03,39.34937286376953
2019-07-05,39.44019317626953
2019-07-08,39.24204635620117
2019-07-09,39.48973846435547
2019-07-10,38.92831039428711
2019-07-11,38.92005157470703
2019-07-12,39.101688385009766
2019-07-15,38.565032958984375
2019-07-16,37.40089797973633
2019-07-17,37.32658767700195
2019-07-18,37.8302116394043
2019-07-19,38.00360107421875
2019-07-22,38.3751335144043
2019-07-23,38.96957778930664
2019-07-24,40.00161743164063
2019-07-25,39.70439147949219
2019-07-26,40.70339584350586
2019-07-29,39.86125946044922
2019-07-30,40.08417892456055
2019-07-31,39.96860122680664
2019-08-01,38.854000091552734
2019-08-02,39.16773986816406
2019-08-05,38.09442138671875
2019-08-06,38.746673583984375
2019-08-07,37.821964263916016
2019-08-08,38.740379333496094
2019-08-09,38.65689086914063
2019-08-12,37.93050384521485
2019-08-13,38.37301254272461
2019-08-14,36.711517333984375
2019-08-15,36.21891403198242
2019-08-16,37.06218719482422
2019-08-19,37.78022003173828
2019-08-20,37.30431365966797
2019-08-21,37.57149505615234
2019-08-22,38.08913803100586
2019-08-23,37.08722686767578
2019-08-26,37.55479049682617
2019-08-27,37.36276245117188
2019-08-28,37.96390151977539
2019-08-29,38.5650520324707
2019-08-30,38.8823127746582
2019-09-03,38.48155212402344
2019-09-04,38.823875427246094
2019-09-05,39.758975982666016
2019-09-06,39.36658477783203
2019-09-09,40.418575286865234
2019-09-10,40.33507537841797
2019-09-11,40.78593444824219
2019-09-12,40.61894989013672
2019-09-13,40.844383239746094
2019-09-16,40.89448547363281
2019-09-17,40.71079254150391
2019-09-18,40.852725982666016
2019-09-19,40.83603286743164
2019-09-20,40.60225677490234
2019-09-23,40.877777099609375
2019-09-24,40.61894989013672
2019-09-25,41.12825393676758
2019-09-26,40.80263900756836
2019-09-27,42.3388900756836
2019-09-30,42.113468170166016
2019-10-01,40.96127700805664
2019-10-02,40.46866607666016
2019-10-03,40.477012634277344
2019-10-04,41.086517333984375
2019-10-07,40.75254440307617
2019-10-08,39.92597198486328
2019-10-09,40.20149612426758
2019-10-10,40.61894989013672
2019-10-11,41.086517333984375
2019-10-14,41.136600494384766
2019-10-15,41.83794784545898
2019-10-16,41.40377807617188
2019-10-17,41.42046737670898
2019-10-18,41.72104644775391
2019-10-21,42.130157470703125
2019-10-22,42.26375198364258
2019-10-23,42.52257537841797
2019-10-24,42.664512634277344
2019-10-25,43.056922912597656
2019-10-28,43.123722076416016
2019-10-29,43.55788040161133
2019-10-30,43.44098663330078
2019-10-31,43.107025146484375
2019-11-01,43.56623077392578
2019-11-04,44.017086029052734
2019-11-05,44.5013427734375
2019-11-06,44.91878890991211
2019-11-07,45.51727294921875
2019-11-08,45.60156631469727
2019-11-11,45.55941009521485
2019-11-12,45.70272064208984
2019-11-13,44.918792724609375
2019-11-14,45.08739471435547
2019-11-15,45.34869384765625
2019-11-18,45.51727294921875
2019-11-19,45.54256057739258
2019-11-20,45.129539489746094
2019-11-21,45.14638519287109
2019-11-22,45.7532844543457
2019-11-25,45.69427490234375
2019-11-26,45.35712814331055
2019-11-27,45.80386352539063
2019-11-29,45.90501403808594
2019-12-02,45.19696807861328
2019-12-03,44.32033920288086
2019-12-04,44.87664794921875
2019-12-05,44.86822128295898
2019-12-06,45.82915115356445
2019-12-09,45.44984436035156
2019-12-10,45.25596618652344
2019-12-11,44.81765365600586
2019-12-12,45.82072448730469
2019-12-13,45.34025955200195
2019-12-16,45.70272064208984
2019-12-17,45.80386352539063
2019-12-18,45.23911285400391
2019-12-19,45.20539855957031
2019-12-20,44.95252227783203
2019-12-23,45.35712814331055
2019-12-24,45.36555099487305
2019-12-26,45.64370727539063
2019-12-27,45.44984436035156
2019-12-30,45.18011474609375
2019-12-31,45.34869384765625
2020-01-02,45.30655288696289
2020-01-03,45.02837753295898
2020-01-06,44.75864791870117
2020-01-07,44.38776397705078
2020-01-08,44.52263259887695
2020-01-09,44.44677734375
2020-01-10,44.252906799316406
2020-01-13,43.92417907714844
2020-01-14,41.55558776855469
2020-01-15,40.729530334472656
2020-01-16,41.51343536376953
2020-01-17,41.45443344116211
2020-01-21,41.25214385986328
2020-01-22,40.931827545166016
2020-01-23,40.645240783691406
2020-01-24,40.09734344482422
2020-01-27,39.701171875
2020-01-28,39.92876052856445
2020-01-29,39.8444709777832
2020-01-30,40.38393020629883
2020-01-31,39.56631088256836
2020-02-03,39.71803665161133
2020-02-04,39.83604049682617
2020-02-05,40.72110748291016
2020-02-06,40.87443923950195
2020-02-07,40.75518035888672
2020-02-10,40.695533752441406
2020-02-11,40.88296890258789
2020-02-12,40.71260070800781
2020-02-13,40.99371337890625
2020-02-14,41.078895568847656
2020-02-18,40.03105163574219
2020-02-19,40.11624526977539
2020-02-20,40.32921600341797
2020-02-21,40.63590621948242
2020-02-24,39.5199089050293
2020-02-25,38.437984466552734
2020-02-26,37.60312271118164
2020-02-27,36.180450439453125
2020-02-28,34.80035781860352
2020-03-02,36.00153732299805
2020-03-03,34.52773666381836
2020-03-04,35.26890563964844
2020-03-05,33.139137268066406
2020-03-06,31.5971908569336
2020-03-09,27.669902801513672
2020-03-10,29.88485145568848
2020-03-11,27.5421199798584
2020-03-12,23.171844482421875
2020-03-13,26.315370559692383
2020-03-16,22.57550811767578
2020-03-17,25.24197196960449
2020-03-18,23.9555892944336
2020-03-19,24.10041618347168
2020-03-20,22.57550811767578
2020-03-23,21.510622024536133
2020-03-24,24.63711929321289
2020-03-25,24.679712295532227
2020-03-26,26.323888778686523
2020-03-27,25.795711517333984
2020-03-30,25.4890251159668
2020-03-31,24.44970321655273
2020-04-01,22.63513946533203
2020-04-02,23.188879013061523
2020-04-03,22.34549140930176
2020-04-06,24.39006423950196
2020-04-07,24.50933074951172
2020-04-08,25.795711517333984
2020-04-09,28.28327178955078
2020-04-13,26.775400161743164
2020-04-14,25.71051788330078
2020-04-15,24.22820281982422
2020-04-16,22.90774726867676
2020-04-17,24.17708396911621
2020-04-20,23.58075523376465
2020-04-21,22.86515617370605
2020-04-22,22.831079483032227
2020-04-23,22.60106086730957
2020-04-24,22.933305740356445
2020-04-27,24.2026481628418
2020-04-28,24.59452247619629
2020-04-29,25.557172775268555
2020-04-30,24.74786376953125
2020-05-01,23.50408172607422
2020-05-04,23.29962158203125
2020-05-05,22.42216110229492
2020-05-06,21.81731033325196
2020-05-07,21.93031120300293
2020-05-08,22.10415267944336
2020-05-11,21.539161682128903
2020-05-12,20.895938873291016
2020-05-13,19.58342933654785
2020-05-14,20.91332626342773
2020-05-15,20.30487060546875
2020-05-18,22.08676719665528
2020-05-19,20.81771469116211
2020-05-20,21.31316375732422
2020-05-21,21.26101303100586
2020-05-22,21.008935928344727
2020-05-26,22.825597763061523
2020-05-27,24.294574737548828
2020-05-28,23.66004180908203
2020-05-29,23.008134841918945
2020-06-01,23.54704475402832
2020-06-02,23.81650352478028
2020-06-03,25.059478759765625
2020-06-04,26.26768684387207
2020-06-05,27.52805519104004
2020-06-08,28.96226119995117
2020-06-09,28.362504959106445
2020-06-10,25.82439041137696
2020-06-11,23.286285400390625
2020-06-12,24.31195640563965
2020-06-15,24.52056884765625
2020-06-16,24.79002571105957
2020-06-17,23.85996437072754
2020-06-18,23.94688415527344
2020-06-19,23.99034118652344
2020-06-22,23.77304077148437
2020-06-23,23.66874313354492
2020-06-24,22.70390892028809
2020-06-25,23.79043197631836
2020-06-26,22.025917053222656
2020-06-29,22.338836669921875
2020-06-30,22.251914978027344
2020-07-01,21.808624267578125
2020-07-02,22.025917053222656
2020-07-06,22.15630531311035
2020-07-07,21.26101303100586
2020-07-08,21.33924102783203
2020-07-09,20.895938873291016
2020-07-10,22.13891792297364
2020-07-13,22.08676719665528
2020-07-14,21.07847785949707
2020-07-15,22.03461265563965
2020-07-16,22.13022804260254
2020-07-17,21.68692779541016
2020-07-20,21.35662841796875
2020-07-21,22.773447036743164
2020-07-22,22.825597763061523
2020-07-23,22.90382957458496
2020-07-24,22.825597763061523
2020-07-27,22.15630531311035
2020-07-28,22.191068649291992
2020-07-29,22.40838050842285
2020-07-30,21.42616271972656
2020-07-31,21.087167739868164
2020-08-03,21.11324691772461
2020-08-04,21.05239486694336
2020-08-05,21.208860397338867
2020-08-06,21.1564884185791
2020-08-07,21.88090705871582
2020-08-10,21.557971954345703
2020-08-11,22.09911155700684
2020-08-12,21.985645294189453
2020-08-13,21.837268829345703
2020-08-14,22.08164978027344
2020-08-17,21.35723304748535
2020-08-18,20.98192977905273
2020-08-19,21.00811195373535
2020-08-20,20.728822708129883
2020-08-21,20.63281440734864
2020-08-24,21.37469291687012
2020-08-25,21.47942352294922
2020-08-26,20.98192977905273
2020-08-27,21.461971282958984
2020-08-28,21.54924964904785
2020-08-31,21.077939987182617
2020-09-01,20.99066162109375
2020-09-02,21.444515228271484
2020-09-03,21.40087127685547
2020-09-04,21.63652610778809
2020-09-08,20.920833587646484
2020-09-09,20.807371139526367
2020-09-10,20.903383255004883
2020-09-11,21.18267250061035
2020-09-14,21.65398406982422
2020-09-15,21.71508026123047
2020-09-16,22.43949317932129
2020-09-17,21.91581916809082
2020-09-18,21.933273315429688
2020-09-21,20.98192977905273
2020-09-22,20.64154624938965
2020-09-23,19.92584991455078
2020-09-24,20.35352325439453
2020-09-25,20.63281440734864
2020-09-28,20.78992080688477
2020-09-29,20.3011531829834
2020-09-30,20.51935386657715
2020-10-01,20.562992095947266
2020-10-02,20.938291549682617
2020-10-05,21.33977699279785
2020-10-06,21.1041259765625
2020-10-07,21.65398406982422
2020-10-08,22.08164978027344
2020-10-09,22.08164978027344
2020-10-12,22.413312911987305
2020-10-13,21.59288787841797
2020-10-14,20.292423248291016
2020-10-15,20.03058433532715
2020-10-16,19.952037811279297
2020-10-19,19.672740936279297
2020-10-20,19.908397674560547
2020-10-21,19.81239128112793
2020-10-22,20.292423248291016
2020-10-23,20.31861114501953
2020-10-26,19.81239128112793
2020-10-27,19.044336318969727
2020-10-28,18.485746383666992
2020-10-29,18.450834274291992
2020-10-30,18.721399307250977
2020-11-02,19.114152908325195
2020-11-03,19.27998733520508
2020-11-04,19.09670066833496
2020-11-05,19.57893753051757
2020-11-06,19.21068572998047
2020-11-09,21.23608589172364
2020-11-10,21.20978355407715
2020-11-11,21.20978355407715
2020-11-12,20.87660217285156
2020-11-13,21.104568481445312
2020-11-16,21.832319259643555
2020-11-17,21.95507049560547
2020-11-18,21.97260093688965
2020-11-19,22.937084197998047
2020-11-20,22.340856552124023
2020-11-23,23.059833526611328
2020-11-24,25.08524513244629
2020-11-25,25.06770896911621
2020-11-27,24.95372009277344
2020-11-30,23.980472564697266
2020-12-01,24.603002548217773
2020-12-02,25.313213348388672
2020-12-03,25.567481994628903
2020-12-04,25.90943145751953
2020-12-07,25.72530746459961
2020-12-08,25.374584197998047
2020-12-09,25.47103309631348
2020-12-10,25.856822967529297
2020-12-11,25.4973373413086
2020-12-14,25.111549377441406
2020-12-15,26.0672550201416
2020-12-16,25.997114181518555
2020-12-17,25.839290618896484
2020-12-18,25.43596076965332
2020-12-21,25.90943145751953
2020-12-22,25.39211654663086
2020-12-23,26.610876083374023
2020-12-24,26.16370391845703
2020-12-28,26.242618560791016
2020-12-29,26.11110115051269
2020-12-30,26.084794998168945
2020-12-31,26.461820602416992
2021-01-04,26.040956497192383
2021-01-05,26.768701553344727
2021-01-06,28.66258811950684
2021-01-07,29.31141662597656
2021-01-08,29.10098457336425
2021-01-11,29.144824981689453
2021-01-12,29.758581161499023
2021-01-13,29.63582992553711
2021-01-14,30.468795776367188
2021-01-15,28.09266471862793
2021-01-19,28.60997772216797
2021-01-20,28.460918426513672
2021-01-21,28.057594299316406
2021-01-22,27.96990966796875
2021-01-25,28.268028259277344
2021-01-26,27.513975143432617
2021-01-27,26.453048706054688
2021-01-28,27.014204025268555
2021-01-29,26.198776245117188
2021-02-01,26.295223236083984
2021-02-02,26.961593627929688
2021-02-03,27.794553756713867
2021-02-04,28.726900100708008
2021-02-05,28.63894462585449
2021-02-08,29.37778282165528
2021-02-09,29.25464630126953
2021-02-10,29.20187187194824
2021-02-11,28.77967643737793
2021-02-12,29.49212646484375
2021-02-16,30.60039329528809
2021-02-17,32.18363952636719
2021-02-18,32.509071350097656
2021-02-19,33.27429962158203
2021-02-22,32.77294158935547
2021-02-23,32.66739654541016
2021-02-24,33.67891311645508
2021-02-25,33.03681945800781
2021-02-26,31.81421089172364
2021-03-01,32.623416900634766
2021-03-02,32.66739654541016
2021-03-03,33.15115737915039
2021-03-04,32.68498992919922
2021-03-05,32.92247772216797
2021-03-08,34.01314163208008
2021-03-09,33.53817367553711
2021-03-10,34.81355285644531
2021-03-11,34.19785690307617
2021-03-12,35.15658950805664
2021-03-15,34.91911315917969
2021-03-16,34.61125564575195
2021-03-17,35.04225158691406
2021-03-18,35.89543533325195
2021-03-19,34.8575325012207
2021-03-22,34.277008056640625
2021-03-23,33.63492965698242
2021-03-24,33.529380798339844
2021-03-25,34.567264556884766
2021-03-26,34.97188186645508
2021-03-29,33.810848236083984
2021-03-30,34.64643478393555
2021-03-31,34.36497497558594
2021-04-01,34.8575325012207
2021-04-05,34.7255973815918
2021-04-06,35.05104446411133
2021-04-07,35.17417907714844
2021-04-08,35.20936584472656
2021-04-09,35.622764587402344
2021-04-12,35.86025619506836
2021-04-13,34.998268127441406
2021-04-14,36.93333053588867
2021-04-15,37.15322494506836
2021-04-16,38.56053924560547
2021-04-19,38.595733642578125
2021-04-20,37.4171028137207
2021-04-21,38.03280258178711
2021-04-22,37.55783462524414
2021-04-23,38.57812881469727
2021-04-26,38.82441711425781
2021-04-27,39.66001129150391
2021-04-28,39.65121841430664
2021-04-29,40.67152404785156
2021-04-30,39.62482833862305
2021-05-03,40.00304412841797
2021-05-04,40.23173141479492
2021-05-05,40.407657623291016
2021-05-06,41.1040267944336
2021-05-07,41.02470397949219
2021-05-10,41.07758331298828
2021-05-11,40.301883697509766
2021-05-12,40.231353759765625
2021-05-13,40.90129089355469
2021-05-14,41.39492416381836
2021-05-17,42.22353744506836
2021-05-18,41.30677032470703
2021-05-19,40.698543548583984
2021-05-20,40.310691833496094
2021-05-21,40.442909240722656
2021-05-24,40.760250091552734
2021-05-25,40.62801742553711
2021-05-26,40.90129089355469
2021-05-27,41.2186164855957
2021-05-28,41.183372497558594
2021-06-01,41.65937805175781
2021-06-02,41.26269912719727
2021-06-03,40.95418167114258
2021-06-04,41.39492416381836
2021-06-07,41.52715301513672
2021-06-08,41.08639907836914
2021-06-09,40.47816467285156
2021-06-10,39.74652862548828
2021-06-11,40.2666130065918
2021-06-14,39.79942321777344
2021-06-15,40.07268142700195
2021-06-16,40.16963958740234
2021-06-17,37.71910095214844
2021-06-18,36.80234146118164
2021-06-21,38.15102767944336
2021-06-22,38.380218505859375
2021-06-23,38.75044250488281
2021-06-24,39.82586669921875
2021-06-25,40.88366317749024
2021-06-28,40.36357116699219
2021-06-29,39.48209381103516
2021-06-30,39.92283248901367
2021-07-01,40.02860641479492
2021-07-02,39.72890472412109
2021-07-06,38.33615112304688
2021-07-07,38.25680541992188
2021-07-08,37.3047981262207
2021-07-09,38.70636749267578
2021-07-12,38.92674255371094
2021-07-13,38.1069564819336
2021-07-14,39.62312698364258
2021-07-15,39.66719436645508
2021-07-16,39.03252410888672
2021-07-19,37.94828796386719
2021-07-20,39.526161193847656
2021-07-21,40.37239074707031
2021-07-22,39.69363784790039
2021-07-23,39.305782318115234
2021-07-26,39.67601013183594
2021-07-27,39.79060745239258
2021-07-28,40.11676025390625
2021-07-29,40.98942947387695
2021-07-30,40.49579620361328
2021-08-02,40.36357116699219
2021-08-03,41.28033447265625
2021-08-04,40.68091583251953
2021-08-05,41.601661682128906
2021-08-06,43.17753982543945
2021-08-09,43.07130813598633
2021-08-10,43.93893051147461
2021-08-11,44.8508186340332
2021-08-12,45.28463363647461
2021-08-13,44.59406661987305
2021-08-16,43.74415969848633
2021-08-17,43.12442398071289
2021-08-18,42.46927261352539
2021-08-19,41.831844329833984
2021-08-20,41.98234176635742
2021-08-23,42.15056991577149
2021-08-24,42.8145637512207
2021-08-25,43.63792419433594
2021-08-26,43.42544555664063
2021-08-27,44.098289489746094
2021-08-30,42.858829498291016
2021-08-31,40.4595832824707
2021-09-01,38.46759414672852
2021-09-02,39.45915222167969
2021-09-03,39.105018615722656
2021-09-07,39.22897338867188
2021-09-08,38.795166015625
2021-09-09,39.27323532104492
2021-09-10,39.24668502807617
2021-09-13,40.5127067565918
2021-09-14,40.76944732666016
2021-09-15,41.29179000854492
2021-09-16,40.97307968139648
2021-09-17,41.14129638671875
2021-09-20,40.55696487426758
2021-09-21,40.59238815307617
2021-09-22,41.68133544921875
2021-09-23,42.31877136230469
2021-09-24,42.42501449584961
2021-09-27,42.10629653930664
2021-09-28,40.65434646606445
2021-09-29,41.63706588745117
2021-09-30,41.08816146850586
2021-10-01,41.62821578979492
2021-10-04,41.62821578979492
2021-10-05,42.460426330566406
2021-10-06,42.38075256347656
2021-10-07,42.28335571289063
2021-10-08,42.4958381652832
2021-10-11,41.85840225219727
2021-10-12,41.30064010620117
2021-10-13,40.76944732666016
2021-10-14,40.11429977416992
2021-10-15,42.83227157592773
2021-10-18,43.76185607910156
2021-10-19,44.56752014160156
2021-10-20,44.408145904541016
2021-10-21,44.55866622924805
2021-10-22,44.8508186340332
2021-10-25,44.81540298461914
2021-10-26,44.82426071166992
2021-10-27,44.31076431274414
2021-10-28,45.470550537109375
2021-10-29,45.29348373413086
2021-11-01,45.780418395996094
2021-11-02,45.417423248291016
2021-11-03,46.03715515136719
2021-11-04,44.98843765258789
2021-11-05,44.82845687866211
2021-11-08,45.21063232421875
2021-11-09,44.33965301513672
2021-11-10,44.75737380981445
2021-11-11,44.96177291870117
2021-11-12,45.29061126708984
2021-11-15,45.39727020263672
2021-11-16,44.76625442504883
2021-11-17,44.29521179199219
2021-11-18,44.34853744506836
2021-11-19,43.38869857788086
2021-11-22,44.739593505859375
2021-11-23,45.68166732788086
2021-11-24,45.60167694091797
2021-11-26,43.042083740234375
2021-11-29,43.69086837768555
2021-11-30,42.464393615722656
2021-12-01,41.95780563354492
2021-12-02,43.46866607666016
2021-12-03,42.43773651123047
2021-12-06,43.37980651855469
2021-12-07,44.65960693359375
2021-12-08,43.91305541992188
2021-12-09,44.16189956665039
2021-12-10,44.61517333984375
2021-12-13,43.157623291015625
2021-12-14,43.45090866088867
2021-12-15,43.49533081054688
2021-12-16,44.70403671264648
2021-12-17,42.615482330322266
2021-12-20,41.63785934448242
2021-12-21,42.49106216430664
2021-12-22,42.68658065795898
2021-12-23,42.97986602783203
2021-12-27,43.3442611694336
2021-12-28,43.033180236816406
2021-12-29,43.05985641479492
2021-12-30,42.74879455566406
2021-12-31,42.64213943481445
2022-01-03,45.08620071411133
2022-01-04,46.8814697265625
2022-01-05,46.47265625
2022-01-06,47.66356658935547
2022-01-07,48.6767463684082
2022-01-10,49.19222259521485
2022-01-11,49.82323455810547
2022-01-12,50.12540054321289
2022-01-13,49.76990509033203
2022-01-14,51.600730895996094
2022-01-18,50.38314056396485
2022-01-19,49.38774490356445
2022-01-20,48.881160736083984
2022-01-21,47.69911575317383
2022-01-24,47.3880500793457
2022-01-25,47.628021240234375
2022-01-26,48.11683654785156
2022-01-27,47.77910614013672
2022-01-28,48.16126251220703
2022-01-31,47.81466293334961
2022-02-01,49.41440200805664
2022-02-02,49.70769119262695
2022-02-03,49.25239562988281
2022-02-04,50.2879753112793
2022-02-07,51.18071746826172
2022-02-08,52.44839859008789
2022-02-09,52.72515487670898
2022-02-10,52.716217041015625
2022-02-11,52.05559539794922
2022-02-14,51.64493942260742
2022-02-15,52.11809158325195
2022-02-16,51.90383529663086
2022-02-17,50.12727355957031
2022-02-18,49.663063049316406
2022-02-22,49.35059356689453
2022-02-23,48.16324996948242
2022-02-24,47.05625915527344
2022-02-25,48.30608749389648
2022-02-28,47.64546585083008
2022-03-01,44.89583587646485
2022-03-02,46.61881256103516
2022-03-03,45.74393844604492
2022-03-04,43.55673599243164
2022-03-07,40.89635848999024
2022-03-08,41.47663116455078
2022-03-09,43.88703536987305
2022-03-10,43.75312423706055
2022-03-11,43.27104568481445
2022-03-14,44.5119514465332
2022-03-15,44.735137939453125
2022-03-16,46.0653190612793
2022-03-17,45.95818710327149
2022-03-18,45.90461730957031
2022-03-21,45.6546516418457
2022-03-22,47.66332626342773
2022-03-23,45.63679885864258
2022-03-24,45.82427597045898
2022-03-25,46.92234802246094
2022-03-28,46.25280380249024
2022-03-29,46.0653190612793
2022-03-30,44.735137939453125
2022-03-31,43.26212310791016
2022-04-01,43.48530578613281
2022-04-04,43.26212310791016
2022-04-05,42.95858001708984
2022-04-06,42.75325775146485
2022-04-07,42.61934661865234
2022-04-08,43.5031623840332
2022-04-11,44.03879928588867
2022-04-12,43.22639846801758
2022-04-13,43.33353805541992
2022-04-14,41.37843322753906
2022-04-18,42.11048889160156
2022-04-19,42.6996955871582
2022-04-20,43.43173599243164
2022-04-21,42.65505599975586
2022-04-22,41.3695182800293
2022-04-25,40.91421890258789
2022-04-26,39.79829406738281
2022-04-27,39.79829406738281
2022-04-28,40.325008392333984
2022-04-29,38.95018768310547
2022-05-02,38.98589706420898
2022-05-03,39.42334365844727
2022-05-04,41.048126220703125
2022-05-05,40.17742919921875
2022-05-06,39.98893356323242
2022-05-09,39.4593391418457
2022-05-10,38.66944122314453
2022-05-11,38.21165084838867
2022-05-12,37.52946853637695
2022-05-13,38.27448272705078
2022-05-16,37.88850784301758
2022-05-17,39.23493957519531
2022-05-18,37.79874038696289
2022-05-19,37.70000457763672
2022-05-20,37.40379333496094
2022-05-23,39.33367538452149
2022-05-24,38.85793685913086
2022-05-25,39.60295486450195
2022-05-26,40.931434631347656
2022-05-27,41.19174575805664
2022-05-31,41.08403778076172
2022-06-01,40.53648376464844
2022-06-02,40.6890869140625
2022-06-03,40.231292724609375
2022-06-06,40.500579833984375
2022-06-07,40.81474685668945
2022-06-08,40.06074523925781
2022-06-09,38.301414489746094
2022-06-10,35.97657775878906
2022-06-13,34.998172760009766
2022-06-14,33.59788513183594
2022-06-15,34.26213073730469
2022-06-16,33.79536437988281
2022-06-17,34.540382385253906
2022-06-21,34.998172760009766
2022-06-22,34.64809799194336
2022-06-23,34.0197639465332
2022-06-24,36.58695602416992
2022-06-27,36.120208740234375
2022-06-28,36.06633377075195
2022-06-29,35.64445114135742
2022-06-30,35.15974426269531
2022-07-01,35.83295440673828
2022-07-05,35.994529724121094
2022-07-06,35.455955505371094
2022-07-07,36.012481689453125
2022-07-08,36.06633377075195
2022-07-11,35.71626663208008
2022-07-12,35.54571914672852
2022-07-13,35.06998062133789
2022-07-14,34.77377700805664
2022-07-15,36.91907501220703
2022-07-18,36.97294235229492
2022-07-19,38.50785827636719
2022-07-20,38.34629440307617
2022-07-21,38.84895706176758
2022-07-22,38.75021743774414
2022-07-25,39.04643630981445
2022-07-26,38.50785827636719
2022-07-27,39.23493957519531
2022-07-28,38.88486862182617
2022-07-29,39.37855911254883
2022-08-01,39.08234024047852
2022-08-02,38.48991012573242
2022-08-03,39.39649963378906
2022-08-04,38.65540313720703
2022-08-05,39.5501594543457
2022-08-08,39.03499221801758
2022-08-09,39.22478866577149
2022-08-10,40.06532287597656
2022-08-11,40.896820068359375
2022-08-12,41.52042388916016
2022-08-15,41.34871292114258
2022-08-16,41.62889099121094
2022-08-17,41.70118713378906
2022-08-18,41.70118713378906
2022-08-19,40.98719024658203
2022-08-22,40.13761520385742
2022-08-23,40.10147857666016
2022-08-24,40.34549331665039
2022-08-25,41.02334213256836
2022-08-26,39.73994827270508
2022-08-29,39.69475555419922
2022-08-30,39.89360046386719
2022-08-31,39.50495910644531
2022-09-01,39.49592590332031
2022-09-02,39.20671463012695
2022-09-06,38.75481414794922
2022-09-07,39.62245559692383
2022-09-08,40.87873458862305
2022-09-09,40.9691162109375
2022-09-12,41.14986801147461
2022-09-13,39.06209945678711
2022-09-14,39.11632537841797
2022-09-15,39.89360046386719
2022-09-16,39.712833404541016
2022-09-19,40.0562858581543
2022-09-20,39.23382186889648
2022-09-21,38.20350646972656
2022-09-22,37.52565383911133
2022-09-23,36.522438049316406
2022-09-26,36.160919189453125
2022-09-27,36.178993225097656
2022-09-28,36.88395690917969
2022-09-29,36.60377883911133
2022-09-30,36.350711822509766
2022-10-03,37.57987594604492
2022-10-04,39.35131454467773
2022-10-05,39.14344024658203
2022-10-06,38.17638397216797
2022-10-07,37.76967239379883
2022-10-10,37.46238708496094
2022-10-11,36.35974884033203
2022-10-12,36.61280822753906
2022-10-13,38.30291366577149
2022-10-14,39.01690673828125
2022-10-17,39.73090744018555
2022-10-18,40.37260437011719
2022-10-19,39.42361831665039
2022-10-20,39.45073699951172
2022-10-21,40.51721954345703
2022-10-24,40.85161590576172
2022-10-25,41.00526428222656
2022-10-26,41.303524017333984
2022-10-27,41.25832748413086
2022-10-28,41.89098358154297
2022-10-31,41.56562423706055
2022-11-01,42.43326568603516
2022-11-02,42.3700065612793
2022-11-03,41.42399215698242
2022-11-04,42.51554489135742
2022-11-07,42.81570816040039
2022-11-08,42.91576766967773
2022-11-09,41.81513595581055
2022-11-10,43.61618041992188
2022-11-11,43.2523307800293
2022-11-14,42.63379287719727
2022-11-15,42.488243103027344
2022-11-16,42.03344345092773
2022-11-17,41.83332443237305
2022-11-18,42.2972297668457
2022-11-21,42.60649871826172
2022-11-22,42.85210418701172
2022-11-23,43.05221176147461
2022-11-25,43.15227127075195
2022-11-28,42.733848571777344
2022-11-29,43.27052307128906
2022-11-30,43.61618041992188
2022-12-01,42.63379287719727
2022-12-02,41.78784942626953
2022-12-05,39.71391296386719
2022-12-06,39.4774169921875
2022-12-07,38.613277435302734
2022-12-08,38.73152923583984
2022-12-09,38.65875244140625
2022-12-12,38.98622512817383
2022-12-13,38.767913818359375
2022-12-14,38.36768341064453
2022-12-15,37.63088607788086
2022-12-16,37.4671630859375
2022-12-19,38.04022216796875
2022-12-20,37.27613830566406
2022-12-21,37.40348434448242
2022-12-22,37.00325775146485
2022-12-23,37.27613830566406
2022-12-27,37.33072280883789
2022-12-28,37.40348434448242
2022-12-29,37.59450912475586
2022-12-30,37.5581169128418
2023-01-03,38.0129280090332
2023-01-04,38.795204162597656
2023-01-05,38.58598709106445
2023-01-06,38.93164443969727
2023-01-09,38.55869674682617
2023-01-10,38.53141784667969
2023-01-11,38.8770637512207
2023-01-12,38.95894241333008
2023-01-13,40.22329711914063
2023-01-17,40.13233947753906
2023-01-18,39.45922088623047
2023-01-19,39.06808090209961
2023-01-20,39.95041275024414
2023-01-23,40.96009063720703
2023-01-24,40.43251037597656
2023-01-25,41.24208068847656
2023-01-26,41.66960144042969
2023-01-27,41.95157241821289
2023-01-30,42.10621643066406
2023-01-31,42.63379287719727
2023-02-01,43.05221176147461
2023-02-02,43.23530197143555
2023-02-03,43.555702209472656
2023-02-06,43.64724349975586
2023-02-07,44.05917739868164
2023-02-08,44.16902542114258
2023-02-09,43.54653930664063
2023-02-10,43.49160385131836
2023-02-13,44.05917739868164
2023-02-14,44.39787673950195
2023-02-15,43.9127082824707
2023-02-16,43.22614288330078
2023-02-17,43.47330856323242
2023-02-21,42.32903289794922
2023-02-22,42.11848068237305
2023-02-23,42.33818054199219
2023-02-24,42.67688751220703
2023-02-27,42.82334518432617
2023-02-28,42.81420516967773
2023-03-01,42.73181915283203
2023-03-02,41.92624282836914
2023-03-03,42.8874397277832
2023-03-06,42.6860466003418
2023-03-07,40.69043350219727
2023-03-08,40.13201904296875
2023-03-09,37.65123748779297
2023-03-10,37.86178588867188
2023-03-13,35.16128921508789
2023-03-14,36.77243041992188
2023-03-15,35.56407165527344
2023-03-16,35.97601318359375
2023-03-17,34.56626892089844
2023-03-20,34.3099479675293
2023-03-21,35.225372314453125
2023-03-22,34.05363464355469
2023-03-23,33.51354217529297
2023-03-24,33.16567611694336
2023-03-27,34.30079650878906
2023-03-28,34.03532409667969
2023-03-29,34.758514404296875
2023-03-30,34.218406677246094
2023-03-31,34.218406677246094
2023-04-03,34.52964782714844
2023-04-04,33.696617126464844
2023-04-05,33.769859313964844
2023-04-06,34.694419860839844
2023-04-10,35.3626823425293
2023-04-11,36.04009246826172
2023-04-12,35.87532043457031
2023-04-13,36.30556106567383
2023-04-14,36.28726196289063
2023-04-17,37.80685424804688
2023-04-18,38.328643798828125
2023-04-19,38.66735458374024
2023-04-20,38.14556121826172
2023-04-21,37.751930236816406
2023-04-24,37.94417190551758
2023-04-25,37.12028121948242
2023-04-26,36.12248229980469
2023-04-27,36.30556106567383
2023-04-28,36.38795852661133
2023-05-01,36.97382354736328
2023-05-02,35.55491638183594
2023-05-03,35.38100051879883
2023-05-04,33.8771858215332
2023-05-05,35.00272750854492
2023-05-08,35.408668518066406
2023-05-09,35.55628204345703
2023-05-10,35.31641387939453
2023-05-11,35.362545013427734
2023-05-12,34.58756637573242
2023-05-15,35.76847839355469
2023-05-16,35.41788864135742
2023-05-17,37.327632904052734
2023-05-18,37.09698867797852
2023-05-19,36.93092346191406
2023-05-22,37.807376861572266
2023-05-23,38.019569396972656
2023-05-24,37.70589828491211
2023-05-25,37.73357391357422
2023-05-26,38.03802108764648
2023-05-30,37.807376861572266
2023-05-31,36.72795867919922
2023-06-01,36.958614349365234
2023-06-02,38.0472526550293
2023-06-05,37.31841278076172
2023-06-06,38.065696716308594
2023-06-07,38.8129997253418
2023-06-08,39.08976745605469
2023-06-09,38.86834335327149
2023-06-12,38.591575622558594
2023-06-13,39.34809494018555
2023-06-14,38.82221984863281
2023-06-15,39.080543518066406
2023-06-16,38.91448211669922
2023-06-20,38.64693069458008
2023-06-21,38.425514221191406
2023-06-22,37.88119125366211
2023-06-23,37.46601867675781
2023-06-26,37.44757461547852
2023-06-27,37.7427978515625
2023-06-28,37.47525405883789
2023-06-29,39.16357803344727
2023-06-30,39.37576675415039
2023-07-03,40.04002380371094
2023-07-05,40.11383438110352
2023-07-06,39.56951522827149
2023-07-07,39.45880126953125
2023-07-10,39.04363632202149
2023-07-11,39.43112564086914
2023-07-12,39.91086196899414
2023-07-13,40.32602310180664
2023-07-14,40.18763732910156
2023-07-17,41.27628707885742
2023-07-18,42.06969833374024
2023-07-19,42.67860412597656
2023-07-20,43.48125457763672
2023-07-21,42.40183639526367
2023-07-24,42.82622146606445
2023-07-25,41.95899200439453
2023-07-26,42.84467697143555
2023-07-27,42.22654724121094
2023-07-28,42.5678939819336
2023-07-31,42.58634567260742
2023-08-01,42.17118835449219
2023-08-02,41.6084098815918
2023-08-03,41.98033905029297
2023-08-04,41.70138931274414
2023-08-07,41.89665222167969
2023-08-08,41.35736846923828
2023-08-09,40.65072250366211
2023-08-10,40.60423278808594
2023-08-11,40.66001892089844
2023-08-14,40.66931915283203
2023-08-15,39.730224609375
2023-08-16,39.25602722167969
2023-08-17,39.48849105834961
2023-08-18,39.5163688659668
2023-08-21,39.507080078125
2023-08-22,38.58657455444336
2023-08-23,38.6888542175293
2023-08-24,38.52149200439453
2023-08-25,38.33553314208984
2023-08-28,38.93989562988281
2023-08-29,39.05147552490234
2023-08-30,38.62377548217773
2023-08-31,38.39131927490234
2023-09-01,38.726051330566406
2023-09-05,38.62377548217773
2023-09-06,38.14027786254883
2023-09-07,37.59169387817383
2023-09-08,38.121673583984375
2023-09-11,38.42851257324219
2023-09-12,39.55356597900391
2023-09-13,39.2839241027832
2023-09-14,40.02776336669922
2023-09-15,39.93478012084961
2023-09-18,40.38108825683594
2023-09-19,40.185829162597656
2023-09-20,39.860389709472656
2023-09-21,39.34900665283203
2023-09-22,38.33553314208984
2023-09-25,38.64236831665039
2023-09-26,37.7962532043457
2023-09-27,37.99150466918945
2023-09-28,38.03798675537109
2023-09-29,37.99150466918945
2023-10-02,36.82926177978516
2023-10-03,35.95524597167969
2023-10-04,36.234188079833984
2023-10-05,36.541015625
2023-10-06,36.90364456176758
2023-10-09,36.91294479370117
2023-10-10,37.02451705932617
2023-10-11,36.90364456176758
2023-10-12,36.95012664794922
2023-10-13,38.08448028564453
2023-10-16,38.726051330566406
2023-10-17,39.03287506103516
2023-10-18,38.61445999145508
2023-10-19,38.289039611816406
2023-10-20,37.44292068481445
2023-10-23,36.7083854675293
2023-10-24,36.52243041992188
2023-10-25,36.28997039794922
2023-10-26,36.866455078125
2023-10-27,36.0389289855957
2023-10-30,36.661895751953125
2023-10-31,36.97803497314453
2023-11-01,36.82926177978516
2023-11-02,38.00187301635742
2023-11-03,39.04313659667969
2023-11-06,38.78048324584961
2023-11-07,38.49905014038086
2023-11-08,38.4427604675293
2023-11-09,37.89867401123047
2023-11-10,38.35833358764648
2023-11-13,38.24577331542969
2023-11-14,39.47467041015625
2023-11-15,40.18760681152344
2023-11-16,39.89679718017578
2023-11-17,40.30017852783203
2023-11-20,40.14070510864258
2023-11-21,39.96246719360352
2023-11-22,40.131324768066406
2023-11-24,40.26265335083008
2023-11-27,40.35646057128906
2023-11-28,40.684791564941406
2023-11-29,41.06940460205078
2023-11-30,41.82925415039063
2023-12-01,42.23263931274414
2023-12-04,42.326446533203125
2023-12-05,41.73544692993164
2023-12-06,41.74483108520508
2023-12-07,42.58910751342773
2023-12-08,43.24576568603516
2023-12-11,43.151954650878906
2023-12-12,43.59286117553711
2023-12-13,44.802982330322266
2023-12-14,47.38272476196289
2023-12-15,47.19511032104492
2023-12-18,46.58535003662109
2023-12-19,46.988731384277344
2023-12-20,46.2851676940918
2023-12-21,46.38835144042969
2023-12-22,46.13507461547852
2023-12-26,46.56658935546875
2023-12-27,46.27578353881836
2023-12-28,46.416500091552734
2023-12-29,46.1725959777832
2024-01-02,46.27578353881836
2024-01-03,45.66602325439453
2024-01-04,46.22887802124024
2024-01-05,46.82925415039063
2024-01-08,46.82925415039063
2024-01-09,46.238258361816406
2024-01-10,46.041259765625
2024-01-11,46.00373840332031
2024-01-12,44.46527862548828
2024-01-16,43.92118835449219
2024-01-17,43.78047180175781
2024-01-18,43.56472396850586
2024-01-19,45.14070129394531
2024-01-22,45.52531814575195
2024-01-23,46.07879257202149
2024-01-24,46.42587661743164
2024-01-25,46.79173278808594
2024-01-26,47.20448303222656
2024-01-29,47.23263549804688
2024-01-30,48.02061080932617
2024-01-31,47.07315826416016
2024-02-01,46.03401565551758
2024-02-02,46.44023132324219
2024-02-05,46.00567626953125
2024-02-06,45.61835861206055
2024-02-07,45.797847747802734
2024-02-08,45.67503356933594
2024-02-09,45.40108108520508
2024-02-12,46.2135009765625
2024-02-13,45.57112884521485
2024-02-14,45.8450813293457
2024-02-15,49.160888671875
2024-02-16,49.038082122802734
2024-02-20,48.90581893920898
2024-02-21,49.74658966064453
2024-02-22,50.41730880737305
2024-02-23,50.88019561767578
2024-02-26,51.1352653503418
2024-02-27,51.77764129638672
2024-02-28,51.69261932373047
2024-02-29,52.51448440551758
2024-03-01,52.0138053894043
2024-03-04,52.72230911254883
2024-03-05,53.46861267089844
2024-03-06,53.95039749145508
2024-03-07,53.84647750854492
2024-03-08,53.91260528564453
2024-03-11,53.93149948120117
2024-03-12,54.4227294921875
2024-03-13,54.62111282348633
2024-03-14,54.19600296020508
2024-03-15,54.32826232910156
2024-03-18,54.57387924194336
2024-03-19,53.85592651367188
2024-03-20,54.129878997802734
2024-03-21,54.64944839477539
2024-03-22,53.96928787231445
2024-03-25,53.59140396118164
2024-03-26,53.5441780090332
2024-03-27,54.4227294921875
2024-03-28,54.75335693359375
2024-04-01,54.4227294921875
2024-04-02,54.17710876464844
2024-04-03,53.96928787231445
2024-04-04,53.5441780090332
2024-04-05,54.22434616088867
2024-04-08,54.5927734375
2024-04-09,54.39439392089844
2024-04-10,53.789798736572266
2024-04-11,53.55362701416016
2024-04-12,53.345802307128906
2024-04-15,53.81813430786133
2024-04-16,53.28911590576172
2024-04-17,54.01651382446289
2024-04-18,55.49020767211914
2024-04-19,57.011138916015625
2024-04-22,57.71965026855469
2024-04-23,57.5684928894043
2024-04-24,57.24730682373047
2024-04-25,56.614376068115234
2024-04-26,56.595489501953125
2024-04-29,56.49156188964844
2024-04-30,56.038116455078125
2024-05-01,56.22705841064453
2024-05-02,56.51990509033203
2024-05-03,56.62382507324219
2024-05-06,56.8599853515625
2024-05-07,56.92611312866211
2024-05-08,57.84245300292969
2024-05-09,58.22249221801758
2024-05-10,58.802059173583984
2024-05-13,58.203495025634766
2024-05-14,58.802059173583984
2024-05-15,59.2296028137207
2024-05-16,58.01347351074219
2024-05-17,58.032474517822266
2024-05-20,57.67143249511719
2024-05-21,58.39351272583008
2024-05-22,57.88996124267578
2024-05-23,56.70233154296875
2024-05-24,57.20587921142578
2024-05-28,56.512306213378906
2024-05-29,55.81873321533203
2024-05-30,56.25577545166016
2024-05-31,56.93034362792969
2024-06-03,56.37929153442383
2024-06-04,55.77122116088867
2024-06-05,55.752220153808594
2024-06-06,54.84961318969727
2024-06-07,55.44818878173828
2024-06-10,55.039642333984375
2024-06-11,54.2795524597168
2024-06-12,54.44107055664063
2024-06-13,54.412574768066406
2024-06-14,54.53608322143555
2024-06-17,55.334171295166016
2024-06-18,56.10375595092773
2024-06-20,56.01824951171875
2024-06-21,55.20115280151367
2024-06-24,56.06575393676758
2024-06-25,54.34606170654297
2024-06-26,54.16554641723633
2024-06-27,54.55507659912109
2024-06-28,56.42679214477539
2024-07-01,57.56692123413086
2024-07-02,57.927955627441406
2024-07-03,57.633426666259766
2024-07-05,56.64531707763672
2024-07-08,56.06575393676758
2024-07-09,56.89234924316406
2024-07-10,56.74032974243164
2024-07-11,57.15837097167969
2024-07-12,53.718997955322266
2024-07-15,54.84961318969727
2024-07-16,57.2343864440918
2024-07-17,57.87095642089844
2024-07-18,56.284278869628906
2024-07-19,56.27477645874024
2024-07-22,56.18927001953125
2024-07-23,56.69282150268555
2024-07-24,56.47430038452149
2024-07-25,56.72132873535156
2024-07-26,57.37689971923828
2024-07-29,56.6168212890625
2024-07-30,57.01586151123047
2024-07-31,56.37929153442383
2024-08-01,54.04202651977539
2024-08-02,50.60264205932617
2024-08-05,49.5195198059082
2024-08-06,49.74755096435547
2024-08-07,49.68104553222656
2024-08-08,50.12759399414063
2024-08-09,50.51054000854492
2024-08-12,49.84038162231445
2024-08-13,50.615840911865234
2024-08-14,51.37216567993164
2024-08-15,52.24336242675781
2024-08-16,52.97096252441406
2024-08-19,54.043212890625
2024-08-20,53.75600051879883
2024-08-21,53.09541320800781
2024-08-22,53.574100494384766
2024-08-23,54.28255081176758
2024-08-26,54.301700592041016
2024-08-27,53.86130905151367
2024-08-28,54.63677597045898
2024-08-29,54.90483474731445
2024-08-30,55.977088928222656
2024-09-03,55.88134765625
2024-09-04,55.64200973510742
2024-09-05,54.435733795166016
2024-09-06,51.697662353515625
2024-09-09,52.26251602172852
2024-09-10,51.64979553222656
2024-09-11,51.43918228149414
2024-09-12,49.37127304077149
2024-09-13,50.52968215942383
2024-09-16,51.496620178222656
2024-09-17,52.18592071533203
2024-09-18,51.94657897949219
2024-09-19,53.4209213256836
2024-09-20,53.89002990722656
2024-09-23,52.76034164428711
2024-09-24,51.8508415222168
2024-09-25,51.32429504394531
2024-09-26,53.98576736450195
2024-09-27,53.51665878295898
2024-09-30,54.08150863647461
2024-10-01,53.02840423583984
2024-10-02,52.94224166870117
2024-10-03,52.635887145996094
2024-10-04,54.53146743774414
2024-10-07,54.722938537597656
2024-10-08,54.85696792602539
2024-10-09,55.08673858642578
2024-10-10,55.28778076171875
2024-10-11,58.38964080810547
2024-10-14,59.5097541809082
2024-10-15,60.3426628112793
2024-10-16,61.16600036621094
2024-10-17,61.63510513305664
2024-10-18,61.61595916748047
2024-10-21,61.29045104980469
2024-10-22,62.04676818847656
2024-10-23,61.80743408203125
2024-10-24,62.64034652709961
2024-10-25,61.77870941162109
2024-10-28,62.81266784667969
2024-10-29,62.51588439941406
2024-10-30,62.62119674682617
2024-10-31,62.1520881652832
2024-11-01,61.92231750488281
2024-11-04,60.98410034179688
2024-11-05,61.33832550048828
2024-11-06,69.38019561767578
2024-11-07,66.84317016601562
2024-11-08,67.44015502929688
2024-11-11,69.86660766601562
2024-11-12,69.90512084960938
2024-11-13,70.06881713867188
2024-11-14,70.09770965576172
2024-11-15,71.58053588867188
2024-11-18,71.33982849121094
2024-11-19,70.7043228149414
2024-11-20,70.84876251220703
2024-11-21,72.05236053466797
2024-11-22,73.14039611816406
2024-11-25,74.0455093383789
2024-11-26,74.47881317138672
2024-11-27,74.34400939941406
2024-11-29,73.34261322021484
2024-12-02,72.48564910888672
2024-12-03,71.3879623413086
2024-12-04,70.3480453491211
2024-12-05,70.92579650878906
2024-12-06,71.57091522216797
2024-12-09,69.92438507080078
2024-12-10,69.37554168701172
2024-12-11,68.94225311279297
2024-12-12,68.17194366455078
2024-12-13,67.8253173828125
2024-12-16,69.30815124511719
2024-12-17,68.18157196044922
2024-12-18,66.20767974853516
2024-12-19,66.29432678222656
2024-12-20,67.72901916503906
2024-12-23,67.92160034179688
2024-12-24,68.93260955810547
2024-12-26,69.0963134765625
2024-12-27,68.47044372558594
2024-12-30,67.79643249511719
2024-12-31,67.63272857666016
2025-01-02,67.5845947265625
2025-01-03,68.66300964355469
2025-01-06,69.35628509521484
2025-01-07,68.93260955810547
2025-01-08,68.91336822509766
2025-01-10,67.36312103271484
2025-01-13,67.9119644165039
2025-01-14,68.54747009277344
2025-01-15,73.13079071044922
2025-01-16,73.13079071044922
2025-01-17,74.2188491821289
2025-01-21,74.96025085449219
2025-01-22,74.6617660522461
2025-01-23,74.55584716796875
2025-01-24,74.44992065429688
2025-01-27,75.04691314697266
2025-01-28,74.9891357421875
2025-01-29,75.46095275878906
2025-01-30,75.89424896240234
2025-01-31,75.87498474121094
2025-02-03,75.2394790649414
2025-02-04,76.52011108398438
2025-02-05,77.0785903930664
2025-02-06,78.39773559570312
2025-02-07,78.0590591430664
2025-02-10,76.53987121582031
2025-02-11,77.0624008178711
2025-02-12,76.68502044677734
2025-02-13,76.2979736328125
2025-02-14,77.39139556884766
2025-02-18,78.16549682617188
2025-02-19,77.7494125366211
2025-02-20,76.08509063720703
2025-02-21,74.99166107177734
2025-02-24,74.7207260131836
2025-02-25,73.54020690917969
2025-02-26,73.97564697265625
2025-02-27,74.14014434814453
2025-02-28,75.78511047363281
2025-03-03,74.53688049316406
2025-03-04,70.92760467529297
2025-03-05,71.759765625
2025-03-06,70.29863739013672
2025-03-07,68.75041961669922
2025-03-10,64.61862182617188
2025-03-11,65.1024398803711
2025-03-12,66.69905090332031
2025-03-13,66.2442398071289
2025-03-14,68.55690002441406
2025-03-17,68.54721069335938
2025-03-18,68.80847930908203
2025-03-19,70.40508270263672
2025-03-20,70.17283630371094
2025-03-21,70.17283630371094
2025-03-24,71.8758773803711
2025-03-25,71.83717346191406
2025-03-26,71.09209442138672
2025-03-27,69.94062042236328
2025-03-28,68.4020767211914
2025-03-31,69.46646881103516
2025-04-01,69.00200653076172
2025-04-02,69.92124938964844
2025-04-03,63.54453659057617
2025-04-04,59.006343841552734
2025-04-07,60.1578254699707
2025-04-08,60.070743560791016
2025-04-09,64.18318939208984
2025-04-10,61.06740951538086
2025-04-11,60.48681640625
2025-04-14,61.05772399902344
2025-04-15,62.45112228393555
2025-04-16,61.90924453735352
2025-04-17,62.61561965942383
2025-04-21,61.93827819824219
2025-04-22,64.08641815185547
2025-04-23,65.74108123779297
2025-04-24,67.30864715576172
2025-04-25,67.47314453125
2025-04-28,67.18285369873047
2025-04-29,68.79879760742188
2025-04-30,68.71171569824219
2025-05-01,69.4858169555664
2025-05-02,71.41142272949219
2025-05-05,71.45979309082031
2025-05-06,71.10177612304688
2025-05-07,70.81148529052734
2025-05-08,70.9372787475586
2025-05-09,70.4897232055664
2025-05-12,72.85396575927734
2025-05-13,73.9339370727539
2025-05-14,74.21609497070312
2025-05-15,73.54475402832031
2025-05-16,74.1187973022461
2025-05-19,74.00202941894531
2025-05-20,73.47665405273438
2025-05-21,71.2096939086914
2025-05-22,71.40428161621094
2025-05-23,70.85943603515625
2025-05-27,71.98804473876953
2025-05-28,71.73509216308594
2025-05-29,72.49398040771484
2025-05-30,72.75667572021484
2025-06-02,72.69830322265625
2025-06-03,73.60313415527344
2025-06-04,73.34043884277344
2025-06-05,72.87342071533203
2025-06-06,74.26473999023438
2025-06-09,74.39122009277344
2025-06-10,73.40853881835938
2025-06-11,72.9026107788086
2025-06-12,72.00751495361328
2025-06-13,70.40216064453125
2025-06-16,71.1707763671875
2025-06-17,70.53836822509766
2025-06-18,72.71775817871094
2025-06-20,73.35990905761719
2025-06-23,74.92633819580078
2025-06-24,75.99658203125
2025-06-25,76.93059539794922
2025-06-26,77.79651641845703
2025-06-27,77.3489761352539
2025-06-30,77.95220184326172
2025-07-01,79.28511810302734
2025-07-02,80.13158416748047
2025-07-03,81.33804321289062
2025-07-07,80.11212158203125
2025-07-08,79.38240814208984
2025-07-09,79.57701110839844
2025-07-10,80.13158416748047
2025-07-11,80.31645202636719
2025-07-14,81.17263793945312
2025-07-15,76.72628784179688
2025-07-16,77.74787902832031
2025-07-17,77.55328369140625
2025-07-18,78.45811462402344
2025-07-21,78.10785675048828
2025-07-22,80.15103912353516
2025-07-23,81.43533325195312
2025-07-24,81.60073852539062
2025-07-25,82.03854370117188
2025-07-28,80.8223648071289
2025-07-29,80.41374969482422
2025-07-30,79.5672836303711
2025-07-31,78.44839477539062
2025-08-01,75.6755142211914
2025-08-04,75.48091888427734
2025-08-05,75.85063171386719
2025-08-06,75.51010131835938
2025-08-07,74.96526336669922
2025-08-08,76.1885757446289
2025-08-11,75.93412780761719
2025-08-12,77.7837905883789
2025-08-13,76.22772979736328
2025-08-14,77.71529388427734
2025-08-15,75.45458221435547
2025-08-18,75.78733825683594
2025-08-19,75.87540435791016
2025-08-20,76.4919662475586
2025-08-21,76.16901397705078
2025-08-22,77.41191101074219
2025-08-25,78.47864532470703
2025-08-26,79.77047729492188
2025-08-27,80.73934936523438
2025-08-28,80.2304458618164
2025-08-29,80.4261703491211
2025-09-02,80.03470611572266
2025-09-03,78.79181671142578
2025-09-04,80.08364868164062
2025-09-05,77.27489471435547
2025-09-08,77.4510498046875
2025-09-09,79.03648376464844
2025-09-10,78.5863037109375
2025-09-11,79.5160140991211
2025-09-12,79.72154235839844
2025-09-15,79.672607421875
2025-09-16,79.65303039550781
2025-09-17,80.71977996826172
2025-09-18,81.71800231933594
2025-09-19,82.83367156982422
2025-09-22,83.34257507324219
2025-09-23,82.5694351196289
2025-09-24,82.31497955322266
2025-09-25,82.52050018310547
2025-09-26,83.19578552246094
2025-09-29,82.84346008300781
2025-09-30,82.03117370605469
2025-10-01,79.14413452148438
2025-10-02,78.78202056884766
2025-10-03,78.94839477539062
2025-10-06,78.96797180175781
2025-10-07,79.40836334228516
2025-10-08,78.02845764160156
2025-10-09,78.18504333496094
2025-10-10,75.96349334716797
2025-10-13,77.2357406616211
2025-10-14,82.75537872314453
2025-10-15,84.61483764648438
2025-10-16,82.20732879638672
2025-10-17,81.50269317626953
2025-10-20,84.18421936035156
2025-10-21,82.95111846923828
2025-10-22,82.08989715576172
2025-10-23,82.65750885009766
2025-10-24,84.5658950805664
2025-10-27,85.1530990600586
2025-10-28,85.04544067382812
2025-10-29,84.16465759277344
2025-10-30,84.15486145019531
2025-10-31,85.11395263671875
2025-11-03,85.43690490722656
2025-11-04,85.2705307006836
2025-11-05,85.09436798095703
2025-11-06,84.20379638671875
2025-11-07,84.6465072631836
2025-11-10,84.70553588867188
2025-11-11,84.7940902709961
2025-11-12,84.86294555664062
2025-11-13,83.32820892333984
2025-11-14,83.67254638671875
2025-11-17,82.06893920898438
2025-11-18,82.50181579589844
2025-11-19,82.79695892333984
2025-11-20,81.06546020507812
2025-11-21,81.76396179199219
2025-11-24,83.28886413574219
2025-11-25,83.72172546386719
2025-11-26,84.17427825927734
2025-11-28,84.45957946777344
2025-12-01,84.01687622070312
2025-12-02,84.9219741821289
2025-12-03,87.90289306640625
2025-12-04,88.74897003173828
2025-12-05,88.3751220703125
2025-12-08,88.60140228271484
2025-12-09,87.45035552978516
2025-12-10,89.22119903564453
2025-12-11,91.09041595458984
2025-12-12,91.25767517089844
2025-12-15,91.3954086303711
2025-12-16,90.6968994140625
2025-12-17,91.09041595458984
2025-12-18,89.9984130859375
2025-12-19,91.50363159179688
2025-12-22,92.7530517578125
2025-12-23,92.93997955322266
2025-12-24,93.75653076171876
2025-12-26,93.71717834472656
2025-12-29,92.98916625976562
2025-12-30,92.78256225585938
2025-12-31,91.69054412841795
2026-01-02,93.65814971923828
2026-01-05,94.81903839111328
2026-01-06,94.8288803100586
2026-01-07,92.7628936767578
2026-01-08,94.05167388916016
2026-01-09,94.39600372314452
2026-01-12,93.42204284667967
2026-01-13,92.04470825195312
2026-01-14,87.80451965332031
2026-01-15,87.51921081542969
2026-01-16,86.9486083984375
2026-01-20,85.2564697265625
2026-01-21,84.72521209716797
2026-01-22,86.61412048339844
2026-01-23,85.5516128540039
2026-01-26,86.62395477294922
2026-01-27,87.27326202392578
2026-01-28,86.60427856445312
2026-01-29,89.17200469970703
2026-01-30,89.0244369506836
2026-02-02,90.77560424804688
2026-02-03,90.8149642944336
2026-02-04,91.63152313232422
2026-02-05,90.5198211669922
2026-02-06,92.9024429321289
2026-02-09,93.53517150878906
2026-02-10,90.86585235595705
2026-02-11,87.9394760131836
2026-02-12,85.3096923828125
2026-02-13,85.99185943603516
2026-02-17,86.4070816040039
2026-02-18,87.55389404296875
2026-02-19,86.57514953613281
2026-02-20,87.69231414794922
2026-02-23,84.18264770507812
2026-02-24,83.6092300415039
2026-02-25,85.77435302734375
2026-02-26,85.319580078125
2026-02-27,80.52467346191406
2026-03-02,81.641845703125
2026-03-03,81.5924072265625
2026-03-04,82.97650909423828
2026-03-05,81.17717742919922
2026-03-06,79.50637817382812
2026-03-09,77.9344482421875
2026-03-10,77.41046905517578
2026-03-11,76.00659942626953
2026-03-12,74.39511108398438
2026-03-13,73.2581787109375
2026-03-16,74.88943481445312
2026-03-17,75.36398315429688
2026-03-18,75.3244400024414
2026-03-19,75.52216339111328
2026-03-20,76.71841430664062
2026-03-23,77.39068603515625
2026-03-24,78.70558166503906
2026-03-25,79.34820556640625
2026-03-26,78.12227630615234
2026-03-27,76.31307983398438
2026-03-30,75.92750549316406
2026-03-31,78.70558166503906
2026-04-01,79.65467834472656
2026-04-02,79.68433380126953
2026-04-06,80.92013549804688
2026-04-07,80.82127380371094
2026-04-08,83.69821166992188
2026-04-09,85.04275512695312
2026-04-10,84.4298095703125
2026-04-13,85.65571594238281
2026-04-14,80.77183532714844
2026-04-15,79.37785339355469
2026-04-16,80.32695007324219
2026-04-17,80.48513793945312
2026-04-20,81.03877258300781
2026-04-21,80.62354278564453
2026-04-22,79.66455841064453
2026-04-23,79.5953598022461
2026-04-24,78.51773834228516
2026-04-27,79.64478302001953
2026-04-28,80.57411193847656
2026-04-29,80.58399200439453
2026-04-30,81.29582214355469
2026-05-01,79.8919448852539
2026-05-04,78.28047180175781
2026-05-05,78.9823989868164
2026-05-06,79.50637817382812
2026-05-07,78.26069641113281
2026-05-08,75.20821380615234
2026-05-11,73.15998077392578
2026-05-12,74.75084686279297
2026-05-13,73.11026000976562
2026-05-14,73.36878204345703
2026-05-15,73.00088500976562
2026-05-18,73.94547271728516
2026-05-19,74.12444305419922
2026-05-20,75.37724304199219
2026-05-21,75.48661804199219
2026-05-22,75.96388244628906
2026-05-26,77.07748413085938
2026-05-27,75.675537109375
2026-05-28,76.21245574951172
2026-05-29,77.09737396240234
2026-06-01,76.72948455810547
2026-06-02,78.98652648925781
2026-06-03,78.23086547851562
2026-06-04,81.15408325195312
2026-06-05,81.47225952148438
2026-06-08,80.49784851074219
2026-06-09,81.53191375732422
2026-06-10,81.50208282470703
2026-06-11,81.92962646484375
2026-06-12,83.25203704833984
2026-06-15,82.6654052734375
2026-06-16,84.56450653076172
2026-06-17,83.33157348632812
2026-06-18,81.73076629638672
2026-06-22,83.36140441894531
2026-06-23,83.64974975585938
2026-06-24,83.81878662109375
2026-06-25,84.25627136230469
2026-06-26,83.38129425048828
2026-06-29,83.03329467773438
2026-06-30,82.16825866699219
2026-07-01,85.44942474365234
2026-07-02,85.0218734741211
2026-07-06,86.95079803466797
2026-07-07,86.68234252929688
2026-07-08,85.07158660888672
2026-07-09,86.41388702392578
2026-07-10,86.66246032714844
2026-07-13,87.16954040527344
2026-07-14,84.80313110351562
2026-07-15,87.01045989990234
2026-07-16,87.5672607421875
2026-07-17,87.01045989990234
2026-07-20,85.83719635009766
2026-07-21,87.23914337158203
2026-07-22,85.92668151855469
2026-07-23,85.697998046875
2026-07-24,85.81730651855469
2026-07-27,86.7718276977539
2026-07-28,86.37411499023438
2026-07-29,83.39124298095703
2026-07-30,84.94232940673828
2026-07-31,85.95650482177734
2026-08-03,87.38829040527344
2026-08-04,87.88543701171875
2026-08-05,88.66098022460938
2026-08-06,87.08999633789062
2026-08-07,87.25
2026-08-10,87.5199966430664
2026-08-11,87.44999694824219
2026-08-12,88.93000030517578
2026-08-13,88.11000061035156
2026-08-14,88.81999969482422
