date,close
2002-10-25,6.944839954376221
2002-10-28,6.944839954376221
2002-10-29,6.747330188751221
2002-10-30,6.672595500946045
2002-10-31,6.731314659118652
2002-11-01,6.731314659118652
2002-11-04,6.89145565032959
2002-11-05,6.950175285339356
2002-11-06,6.939499378204346
2002-11-07,6.966189861297607
2002-11-08,6.902133464813232
2002-11-11,6.784698009490967
2002-11-12,6.384339809417725
2002-11-13,5.925266742706299
2002-11-14,5.919928550720215
2002-11-15,6.1654791831970215
2002-11-18,6.501776218414307
2002-11-19,6.725976943969727
2002-11-20,6.624553680419922
2002-11-21,6.859429836273193
2002-11-22,6.752668857574463
2002-11-25,6.902133464813232
2002-11-26,6.800709247589111
2002-11-27,6.672595500946045
2002-11-29,6.843413829803467
2002-12-02,6.624553680419922
2002-12-03,6.6031999588012695
2002-12-04,6.725976943969727
2002-12-05,7.088967800140381
2002-12-06,7.035587787628174
2002-12-09,6.939499378204346
2002-12-10,6.939499378204346
2002-12-11,7.07295036315918
2002-12-12,7.334518909454346
2002-12-13,7.259785652160644
2002-12-16,7.302490234375
2002-12-17,7.1957292556762695
2002-12-18,7.110318660736084
2002-12-19,6.806049346923828
2002-12-20,6.982205390930176
2002-12-23,7.179714679718018
2002-12-24,7.211745262145996
2002-12-26,7.07295036315918
2002-12-27,6.939499378204346
2002-12-30,6.992883682250977
2002-12-31,6.998218059539795
2003-01-02,7.206405639648437
2003-01-03,7.153026580810547
2003-01-06,7.09430456161499
2003-01-07,7.104981422424316
2003-01-08,6.950175285339356
2003-01-09,6.939499378204346
2003-01-10,6.939499378204346
2003-01-13,7.115658283233643
2003-01-14,7.179714679718018
2003-01-15,7.2971510887146
2003-01-16,7.425266265869141
2003-01-17,7.1957292556762695
2003-01-21,7.32384443283081
2003-01-22,7.612099647521973
2003-01-23,7.606761455535889
2003-01-24,7.473306655883789
2003-01-27,7.542703151702881
2003-01-28,7.612099647521973
2003-01-29,7.489322662353516
2003-01-30,7.350532054901123
2003-01-31,7.339855194091797
2003-02-03,7.281135559082031
2003-02-04,7.249107360839844
2003-02-05,7.233095169067383
2003-02-06,7.686830520629883
2003-02-07,7.446616649627685
2003-02-10,7.318502902984619
2003-02-11,7.638786315917969
2003-02-12,7.441280841827393
2003-02-13,7.462630748748779
2003-02-14,7.649463176727295
2003-02-18,7.713523387908935
2003-02-19,7.628113269805908
2003-02-20,7.505337238311768
2003-02-21,7.505337238311768
2003-02-24,7.473306655883789
2003-02-25,7.569393634796143
2003-02-26,7.446616649627685
2003-02-27,7.446616649627685
2003-02-28,7.590747356414795
2003-03-03,7.516011714935303
2003-03-04,7.499997615814209
2003-03-05,7.43060302734375
2003-03-06,7.473306655883789
2003-03-07,7.558715343475342
2003-03-10,7.558715343475342
2003-03-11,7.516011714935303
2003-03-12,7.382559776306152
2003-03-13,7.5106730461120605
2003-03-14,7.499997615814209
2003-03-17,7.537364482879639
2003-03-18,7.548040390014648
2003-03-19,7.537364482879639
2003-03-20,7.5800700187683105
2003-03-21,7.777576923370361
2003-03-24,7.638786315917969
2003-03-25,8.22064208984375
2003-03-26,8.007116317749023
2003-03-27,7.809607982635498
2003-03-28,8.02846908569336
2003-03-31,8.22064208984375
2003-04-01,7.959073066711426
2003-04-02,8.01245403289795
2003-04-03,7.927042961120605
2003-04-04,8.18861198425293
2003-04-07,8.471527099609375
2003-04-08,8.674379348754883
2003-04-09,8.82384204864502
2003-04-10,8.604978561401367
2003-04-11,8.658360481262207
2003-04-14,8.620996475219727
2003-04-15,8.701064109802246
2003-04-16,8.599642753601074
2003-04-17,8.546260833740234
2003-04-21,8.3380765914917
2003-04-22,8.284697532653809
2003-04-23,9.032026290893556
2003-04-24,8.861210823059082
2003-04-25,9.085407257080078
2003-04-28,9.272242546081545
2003-04-29,9.202847480773926
2003-04-30,9.07473087310791
2003-05-01,9.160141944885254
2003-05-02,9.15480136871338
2003-05-05,9.208184242248535
2003-05-06,9.378999710083008
2003-05-07,9.36298942565918
2003-05-08,9.186829566955566
2003-05-09,9.02134895324707
2003-05-12,9.23487377166748
2003-05-13,9.288252830505373
2003-05-14,9.555158615112305
2003-05-15,9.587190628051758
2003-05-16,10.147683143615724
2003-05-19,10.115655899047852
2003-05-20,10.142348289489746
2003-05-21,10.046262741088867
2003-05-22,10.131665229797363
2003-05-23,9.950172424316406
2003-05-27,9.912808418273926
2003-05-28,9.891460418701172
2003-05-29,9.955517768859863
2003-05-30,10.05159854888916
2003-06-02,10.115655899047852
2003-06-03,9.880780220031738
2003-06-04,9.741990089416504
2003-06-05,9.784696578979492
2003-06-06,9.928823471069336
2003-06-09,9.752668380737305
2003-06-10,9.608540534973145
2003-06-11,9.608540534973145
2003-06-12,9.587190628051758
2003-06-13,9.56583309173584
2003-06-16,9.60319995880127
2003-06-17,9.56583309173584
2003-06-18,9.60319995880127
2003-06-19,9.608540534973145
2003-06-20,9.608540534973145
2003-06-23,9.330961227416992
2003-06-24,9.330961227416992
2003-06-25,9.213521003723145
2003-06-26,9.298933029174805
2003-06-27,9.47508716583252
2003-06-30,9.46975040435791
2003-07-01,9.378999710083008
2003-07-02,9.448396682739258
2003-07-03,9.277579307556152
2003-07-07,9.346975326538086
2003-07-08,9.555158615112305
2003-07-09,9.512450218200684
2003-07-10,9.448396682739258
2003-07-11,9.336297035217283
2003-07-14,9.229537963867188
2003-07-15,9.368324279785156
2003-07-16,9.00533676147461
2003-07-17,9.01601219177246
2003-07-18,8.893237113952637
2003-07-21,8.919925689697266
2003-07-22,8.834515571594238
2003-07-23,8.679715156555176
2003-07-24,8.727755546569824
2003-07-25,8.75444507598877
2003-07-28,8.807827949523926
2003-07-29,9.048040390014648
2003-07-30,9.064053535461426
2003-07-31,9.10142421722412
2003-08-01,8.925264358520508
2003-08-04,8.967966079711914
2003-08-05,8.663700103759766
2003-08-06,8.74911117553711
2003-08-07,8.556939125061035
2003-08-08,8.274016380310059
2003-08-11,8.343414306640625
2003-08-12,8.311386108398438
2003-08-13,8.161922454833984
2003-08-14,8.172599792480469
2003-08-15,8.327400207519531
2003-08-18,8.268684387207031
2003-08-19,8.31672191619873
2003-08-20,8.327400207519531
2003-08-21,8.279358863830566
2003-08-22,8.893237113952637
2003-08-25,8.738431930541992
2003-08-26,8.727755546569824
2003-08-27,8.562274932861328
2003-08-28,8.626334190368652
2003-08-29,8.887899398803711
2003-09-02,8.887899398803711
2003-09-03,8.807827949523926
2003-09-04,8.695727348327637
2003-09-05,8.711740493774414
2003-09-08,9.053378105163574
2003-09-09,8.898575782775879
2003-09-10,8.882558822631836
2003-09-11,8.893237113952637
2003-09-12,9.058719635009766
2003-09-15,9.149466514587402
2003-09-16,9.26156520843506
2003-09-17,9.576512336730955
2003-09-18,9.480426788330078
2003-09-19,9.571173667907717
2003-09-22,9.427043914794922
2003-09-23,9.822059631347656
2003-09-24,9.774022102355955
2003-09-25,9.774022102355955
2003-09-26,9.6512451171875
2003-09-29,9.758008003234863
2003-09-30,9.70462417602539
2003-10-01,9.928823471069336
2003-10-02,10.115655899047852
2003-10-03,10.142348289489746
2003-10-06,10.195727348327637
2003-10-07,10.163700103759766
2003-10-08,10.035585403442385
2003-10-09,10.0943021774292
2003-10-10,10.062274932861328
2003-10-13,10.147683143615724
2003-10-14,10.275801658630373
2003-10-15,10.403913497924805
2003-10-16,10.612096786499023
2003-10-17,10.70284366607666
2003-10-20,10.676156997680664
2003-10-21,10.596081733703612
2003-10-22,10.61743450164795
2003-10-23,10.553380012512209
2003-10-24,10.788253784179688
2003-10-27,11.023127555847168
2003-10-28,11.45551300048828
2003-10-29,12.005332946777344
2003-10-30,11.263345718383787
2003-10-31,10.761564254760742
2003-11-03,10.542705535888672
2003-11-04,10.670819282531738
2003-11-05,10.596081733703612
2003-11-06,10.628113746643066
2003-11-07,10.676156997680664
2003-11-10,10.654803276062012
2003-11-11,10.681492805480955
2003-11-12,10.649462699890137
2003-11-13,10.670819282531738
2003-11-14,10.676156997680664
2003-11-17,10.644126892089844
2003-11-18,10.756224632263184
2003-11-19,10.77224063873291
2003-11-20,11.476866722106934
2003-11-21,11.476866722106934
2003-11-24,11.514232635498049
2003-11-25,12.54448127746582
2003-11-26,12.976862907409668
2003-11-28,13.286474227905272
2003-12-01,13.179712295532228
2003-12-02,13.222417831420898
2003-12-03,13.878998756408691
2003-12-04,13.798931121826172
2003-12-05,13.670820236206056
2003-12-08,13.628111839294434
2003-12-09,13.809603691101074
2003-12-10,13.959071159362791
2003-12-11,14.01779079437256
2003-12-12,14.73842716217041
2003-12-15,14.476865768432615
2003-12-16,14.26334285736084
2003-12-17,14.193949699401855
2003-12-18,14.343414306640623
2003-12-19,14.535582542419434
2003-12-22,14.386110305786133
2003-12-23,14.39145851135254
2003-12-24,14.258005142211914
2003-12-26,14.685052871704102
2003-12-29,14.866547584533691
2003-12-30,15.042701721191406
2003-12-31,14.95195484161377
2004-01-02,15.138787269592283
2004-01-05,15.320282936096191
2004-01-06,15.090744018554688
2004-01-07,15.224199295043944
2004-01-08,15.154800415039062
2004-01-09,14.90390968322754
2004-01-12,14.999995231628418
2004-01-13,14.727754592895508
2004-01-14,15.282917022705078
2004-01-15,14.999995231628418
2004-01-16,15.128113746643066
2004-01-20,15.277572631835938
2004-01-21,15.074728965759276
2004-01-22,14.893233299255373
2004-01-23,14.839853286743164
2004-01-26,16.07828712463379
2004-01-27,15.987537384033203
2004-01-28,15.61387538909912
2004-01-29,15.667254447937012
2004-01-30,15.763344764709473
2004-02-02,16.003557205200195
2004-02-03,16.254446029663086
2004-02-04,16.56406021118164
2004-02-05,16.830961227416992
2004-02-06,17.50889015197754
2004-02-09,18.82206153869629
2004-02-10,18.346969604492188
2004-02-11,18.362987518310547
2004-02-12,18.49643898010254
2004-02-13,19.17971420288086
2004-02-17,19.36654281616211
2004-02-18,19.15302467346192
2004-02-19,19.04092597961425
2004-02-20,18.24555206298828
2004-02-23,17.850528717041016
2004-02-24,17.674373626708984
2004-02-25,17.802486419677734
2004-02-26,18.635225296020508
2004-02-27,19.398576736450195
2004-03-01,20.060497283935547
2004-03-02,20.028472900390625
2004-03-03,20.23665428161621
2004-03-04,20.551603317260746
2004-03-05,20.90391159057617
2004-03-08,20.79715347290039
2004-03-09,20.893239974975582
2004-03-10,20.90391159057617
2004-03-11,19.13701057434082
2004-03-12,19.27045440673828
2004-03-15,18.6512393951416
2004-03-16,18.779356002807617
2004-03-17,19.499998092651367
2004-03-18,19.23309326171875
2004-03-19,18.902130126953125
2004-03-22,18.400354385375977
2004-03-23,18.133451461791992
2004-03-24,19.21708106994629
2004-03-25,19.19038391113281
2004-03-26,19.15302467346192
2004-03-29,18.923480987548828
2004-03-30,18.67793273925781
2004-03-31,18.68327140808105
2004-04-01,18.46974754333496
2004-04-02,18.6886043548584
2004-04-05,19.66547203063965
2004-04-06,19.991098403930664
2004-04-07,19.79893112182617
2004-04-08,19.66547203063965
2004-04-12,19.84162712097168
2004-04-13,19.596078872680664
2004-04-14,19.54804420471192
2004-04-15,18.870105743408203
2004-04-16,19.441274642944336
2004-04-19,19.729530334472656
2004-04-20,19.79358673095703
2004-04-21,19.884336471557617
2004-04-22,20.818500518798828
2004-04-23,20.93594551086425
2004-04-26,21.29358673095703
2004-04-27,21.27223777770996
2004-04-28,20.80248069763184
2004-04-29,21.27223777770996
2004-04-30,21.31493759155273
2004-05-03,22.201061248779297
2004-05-04,21.352313995361328
2004-05-05,21.752662658691406
2004-05-06,21.49643325805664
2004-05-07,20.418142318725582
2004-05-10,19.654804229736328
2004-05-11,20.19928932189941
2004-05-12,20.45551109313965
2004-05-13,20.3647689819336
2004-05-14,20.21529960632324
2004-05-17,19.878995895385746
2004-05-18,20.733097076416016
2004-05-19,21.128114700317383
2004-05-20,21.555156707763672
2004-05-21,21.523128509521484
2004-05-24,21.581846237182617
2004-05-25,21.619216918945312
2004-05-26,20.818500518798828
2004-05-27,20.535585403442383
2004-05-28,20.637006759643555
2004-06-01,21.330957412719727
2004-06-02,21.38967704772949
2004-06-03,21.29892539978028
2004-06-04,21.67259788513184
2004-06-07,23.03914451599121
2004-06-08,23.0338077545166
2004-06-09,22.96440696716309
2004-06-10,22.19038963317871
2004-06-14,21.491098403930664
2004-06-15,21.30426979064941
2004-06-16,20.85586738586425
2004-06-17,20.551603317260746
2004-06-18,20.450172424316406
2004-06-21,20.00177383422852
2004-06-22,19.852304458618164
2004-06-23,20.177928924560547
2004-06-24,20.11387634277344
2004-06-25,20.50355529785156
2004-06-28,20.524906158447266
2004-06-29,20.88789749145508
2004-06-30,20.62099266052246
2004-07-01,20.49287796020508
2004-07-02,20.18327140808105
2004-07-06,20.172592163085938
2004-07-07,20.11387634277344
2004-07-08,19.54270362854004
2004-07-09,19.318498611450195
2004-07-12,19.37721824645996
2004-07-13,19.435935974121094
2004-07-14,19.1636962890625
2004-07-15,19.25444602966309
2004-07-16,19.003557205200195
2004-07-19,18.779356002807617
2004-07-20,18.54448509216309
2004-07-21,19.265121459960938
2004-07-22,19.03558921813965
2004-07-23,19.31316947937012
2004-07-26,19.35586738586425
2004-07-27,19.11565589904785
2004-07-28,18.67793273925781
2004-07-29,18.83807945251465
2004-07-30,19.09964179992676
2004-08-02,19.633453369140625
2004-08-03,19.2437744140625
2004-08-04,18.88078117370605
2004-08-05,18.779356002807617
2004-08-06,18.53915023803711
2004-08-09,18.576505661010746
2004-08-10,19.238428115844727
2004-08-11,19.4572868347168
2004-08-12,19.13166618347168
2004-08-13,18.736648559570312
2004-08-16,18.645910263061523
2004-08-17,18.83273696899414
2004-08-18,18.731313705444336
2004-08-19,18.992881774902344
2004-08-20,19.067615509033203
2004-08-23,19.483980178833008
2004-08-24,19.74020767211914
2004-08-25,20.023128509521484
2004-08-26,20.450172424316406
2004-08-27,20.717084884643555
2004-08-30,20.663698196411133
2004-08-31,20.604984283447266
2004-09-01,20.690391540527344
2004-09-02,21.10676002502441
2004-09-03,20.914587020874023
2004-09-07,21.32028007507324
2004-09-08,21.149459838867188
2004-09-09,21.491098403930664
2004-09-10,21.67259788513184
2004-09-13,22.45194625854492
2004-09-14,22.15302276611328
2004-09-15,22.04092025756836
2004-09-16,21.98219871520996
2004-09-17,22.131669998168945
2004-09-20,22.334516525268555
2004-09-21,22.88967514038086
2004-09-22,22.814939498901367
2004-09-23,24.2935848236084
2004-09-24,25.510662078857425
2004-09-27,26.73309898376465
2004-09-28,27.790037155151367
2004-09-29,27.19217109680176
2004-09-30,27.59252166748047
2004-10-01,27.21353340148925
2004-10-04,28.44661903381348
2004-10-05,28.558712005615234
2004-10-06,28.670812606811523
2004-10-07,28.206403732299805
2004-10-08,28.27045631408692
2004-10-11,28.46797180175781
2004-10-12,28.1637020111084
2004-10-13,27.971534729003903
2004-10-14,27.918142318725582
2004-10-15,27.88077545166016
2004-10-18,28.921707153320312
2004-10-19,29.05516815185547
2004-10-20,28.051597595214844
2004-10-21,28.66014862060547
2004-10-22,28.265125274658203
2004-10-25,28.79893112182617
2004-10-26,29.466176986694336
2004-10-27,30.741989135742188
2004-10-28,30.57650756835937
2004-10-29,31.04091453552246
2004-11-01,31.00889778137207
2004-11-02,31.72952651977539
2004-11-03,32.679710388183594
2004-11-04,33.229522705078125
2004-11-05,33.63522720336914
2004-11-08,34.2651252746582
2004-11-09,32.5249137878418
2004-11-10,33.26688766479492
2004-11-11,32.24198913574219
2004-11-12,31.820281982421875
2004-11-15,32.257999420166016
2004-11-16,32.08186340332031
2004-11-17,32.42346954345703
2004-11-18,32.49287796020508
2004-11-19,31.17438125610352
2004-11-22,30.70462989807129
2004-11-23,31.206409454345703
2004-11-24,31.44127082824707
2004-11-26,31.58006477355957
2004-11-29,31.5960636138916
2004-11-30,31.00889778137207
2004-12-01,31.809616088867188
2004-12-02,30.96084785461425
2004-12-03,32.225975036621094
2004-12-06,32.83452606201172
2004-12-07,33.058712005615234
2004-12-08,32.90391540527344
2004-12-09,32.77580261230469
2004-12-10,34.21707534790039
2004-12-13,35.00711441040039
2004-12-14,35.524906158447266
2004-12-15,35.567604064941406
2004-12-16,37.25445175170898
2004-12-17,37.56938934326172
2004-12-20,36.640567779541016
2004-12-21,35.68504333496094
2004-12-22,36.20284271240234
2004-12-23,35.99464797973633
2004-12-27,35.67970275878906
2004-12-28,36.51778793334961
2004-12-29,35.97330856323242
2004-12-30,35.914581298828125
2004-12-31,35.722408294677734
2005-01-03,34.99109649658203
2005-01-04,34.91636276245117
2005-01-05,35.311378479003906
2005-01-06,36.74199676513672
2005-01-07,35.51957321166992
2005-01-10,35.658355712890625
2005-01-11,35.61565399169922
2005-01-12,35.0338020324707
2005-01-13,34.83629608154297
2005-01-14,34.93238067626953
2005-01-18,36.293582916259766
2005-01-19,36.320289611816406
2005-01-20,34.644126892089844
2005-01-21,33.443050384521484
2005-01-24,32.98930740356445
2005-01-25,32.79181289672852
2005-01-26,33.28291702270508
2005-01-27,32.78114318847656
2005-01-28,33.56048583984375
2005-01-31,34.99644470214844
2005-02-01,35.9039192199707
2005-02-02,36.29892349243164
2005-02-03,35.9786376953125
2005-02-04,37.0996322631836
2005-02-07,38.06050491333008
2005-02-08,37.74554443359375
2005-02-09,36.96617889404297
2005-02-10,37.19573211669922
2005-02-11,37.68148422241211
2005-02-14,38.10853958129883
2005-02-15,39.74199676513672
2005-02-16,39.44839096069336
2005-02-17,39.09073638916016
2005-02-18,38.82917404174805
2005-02-22,37.457279205322266
2005-02-23,37.5747299194336
2005-02-24,38.380767822265625
2005-02-25,38.4661865234375
2005-02-28,38.20460510253906
2005-03-01,38.41279983520508
2005-03-02,38.941287994384766
2005-03-03,38.62097930908203
2005-03-04,38.24733352661133
2005-03-07,39.63521957397461
2005-03-08,38.58897018432617
2005-03-09,37.3772087097168
2005-03-10,37.27579879760742
2005-03-11,37.68148422241211
2005-03-14,38.31671524047852
2005-03-15,38.89323425292969
2005-03-16,38.37544250488281
2005-03-17,38.9786491394043
2005-03-18,38.39680099487305
2005-03-21,38.22063446044922
2005-03-22,37.31316375732422
2005-03-23,36.90747833251953
2005-03-24,37.62810516357422
2005-03-28,38.03378677368164
2005-03-29,36.320289611816406
2005-03-30,36.96084213256836
2005-03-31,36.16013717651367
2005-04-01,35.25266647338867
2005-04-04,33.98753356933594
2005-04-05,33.97686767578125
2005-04-06,34.19038772583008
2005-04-07,34.69216537475586
2005-04-08,33.69927978515625
2005-04-11,33.384334564208984
2005-04-12,34.42526626586914
2005-04-13,34.57471466064453
2005-04-14,33.181488037109375
2005-04-15,31.9323673248291
2005-04-18,31.553367614746094
2005-04-19,31.628116607666016
2005-04-20,29.53023910522461
2005-04-21,29.706403732299805
2005-04-22,28.29714584350586
2005-04-25,29.284687042236328
2005-04-26,30.080062866210938
2005-04-27,29.193941116333008
2005-04-28,28.558712005615234
2005-04-29,28.25977897644043
2005-05-02,27.0213565826416
2005-05-03,25.249107360839844
2005-05-04,26.46619033813477
2005-05-05,26.247314453125
2005-05-06,25.84697151184082
2005-05-09,25.41458320617676
2005-05-10,24.99820899963379
2005-05-11,24.64590835571289
2005-05-12,23.818498611450195
2005-05-13,23.391456604003903
2005-05-16,23.79180908203125
2005-05-17,24.19750595092773
2005-05-18,25.05693626403809
2005-05-19,25.596086502075195
2005-05-20,25.206388473510746
2005-05-23,24.65657997131348
2005-05-24,23.97864151000977
2005-05-25,23.48753547668457
2005-05-26,23.96797180175781
2005-05-27,24.176145553588867
2005-05-31,25.00889778137207
2005-06-01,26.663698196411133
2005-06-02,28.505340576171875
2005-06-03,29.370105743408203
2005-06-06,28.06227684020996
2005-06-07,28.29180145263672
2005-06-08,28.13700294494629
2005-06-09,28.233083724975582
2005-06-10,28.00889205932617
2005-06-13,27.886119842529297
2005-06-14,29.08719825744629
2005-06-15,28.692169189453125
2005-06-16,29.01778984069824
2005-06-17,28.37721824645996
2005-06-20,28.078292846679688
2005-06-21,27.89145469665528
2005-06-22,28.238428115844727
2005-06-23,26.850526809692383
2005-06-24,26.428823471069336
2005-06-27,25.80426979064941
2005-06-28,26.161909103393555
2005-06-29,26.41814994812012
2005-06-30,25.23309326171875
2005-07-01,25.654794692993164
2005-07-05,26.279356002807617
2005-07-06,26.439496994018555
2005-07-07,26.22063064575196
2005-07-08,27.539138793945312
2005-07-11,28.39857482910156
2005-07-12,29.0925235748291
2005-07-13,29.225971221923828
2005-07-14,28.92704200744629
2005-07-15,29.412818908691406
2005-07-18,29.35408592224121
2005-07-19,29.444828033447266
2005-07-20,29.99999046325684
2005-07-21,30.197507858276367
2005-07-22,30.27223396301269
2005-07-25,30.38434791564941
2005-07-26,30.106752395629883
2005-07-27,30.04269218444824
2005-07-28,30.725975036621094
2005-07-29,30.053380966186523
2005-08-01,30.25088119506836
2005-08-02,28.99642944335937
2005-08-03,27.886119842529297
2005-08-04,27.85942649841309
2005-08-05,27.693958282470703
2005-08-08,27.80604553222656
2005-08-09,28.217079162597656
2005-08-10,28.585411071777344
2005-08-11,28.612106323242188
2005-08-12,28.25977897644043
2005-08-15,27.950178146362305
2005-08-16,27.181501388549805
2005-08-17,27.89145469665528
2005-08-18,27.18683433532715
2005-08-19,26.34341049194336
2005-08-22,26.156572341918945
2005-08-23,25.53201484680176
2005-08-24,25.29181671142578
2005-08-25,25.92169570922852
2005-08-26,25.62810707092285
2005-08-29,25.702836990356445
2005-08-30,24.96617889404297
2005-08-31,25.47330093383789
2005-09-01,26.07651710510254
2005-09-02,25.94305419921875
2005-09-06,26.35409164428711
2005-09-07,27.176149368286133
2005-09-08,26.941274642944336
2005-09-09,26.70640754699707
2005-09-12,26.578292846679688
2005-09-13,26.20995330810547
2005-09-14,26.540929794311523
2005-09-15,25.932376861572266
2005-09-16,25.654794692993164
2005-09-19,25.27045249938965
2005-09-20,24.362977981567383
2005-09-21,23.46084785461425
2005-09-22,23.84518814086914
2005-09-23,24.14412307739257
2005-09-26,23.41814613342285
2005-09-27,23.75978660583496
2005-09-28,23.914588928222656
2005-09-29,23.59431266784668
2005-09-30,24.101411819458008
2005-10-03,23.88789939880371
2005-10-04,24.042699813842773
2005-10-05,23.88256072998047
2005-10-06,22.516008377075195
2005-10-07,22.87366104125977
2005-10-10,22.809606552124023
2005-10-11,23.35408592224121
2005-10-12,22.830955505371094
2005-10-13,23.423480987548828
2005-10-14,23.962629318237305
2005-10-17,24.336292266845703
2005-10-18,23.338069915771484
2005-10-19,24.79536819458008
2005-10-20,24.65657997131348
2005-10-21,25.345195770263672
2005-10-24,26.45551872253418
2005-10-25,25.964412689208984
2005-10-26,24.021350860595703
2005-10-27,23.26334571838379
2005-10-28,23.823841094970703
2005-10-31,24.89145851135254
2005-11-01,25.00889778137207
2005-11-02,26.50890350341797
2005-11-03,26.695720672607425
2005-11-04,26.65836906433105
2005-11-07,27.26691246032715
2005-11-08,26.69038200378418
2005-11-09,26.77046012878418
2005-11-10,27.70461654663086
2005-11-11,27.533809661865234
2005-11-14,28.558712005615234
2005-11-15,27.99287223815918
2005-11-16,27.61387252807617
2005-11-17,28.99642944335937
2005-11-18,29.04447555541992
2005-11-21,30.934158325195312
2005-11-22,31.94839668273925
2005-11-23,32.06582260131836
2005-11-25,32.04447555541992
2005-11-28,31.19571685791016
2005-11-29,30.752668380737305
2005-11-30,29.80248069763184
2005-12-01,30.38434791564941
2005-12-02,29.89322662353516
2005-12-05,29.727760314941406
2005-12-06,29.914581298828125
2005-12-07,29.887910842895508
2005-12-08,29.98398208618164
2005-12-09,30.26689720153809
2005-12-12,30.640565872192383
2005-12-13,29.845195770263672
2005-12-14,29.380779266357425
2005-12-15,29.14056205749512
2005-12-16,29.27401161193848
2005-12-19,28.82027816772461
2005-12-20,28.975080490112305
2005-12-21,29.49287223815918
2005-12-22,29.359420776367188
2005-12-23,29.20461654663086
2005-12-27,29.343406677246094
2005-12-28,29.348756790161133
2005-12-29,29.412818908691406
2005-12-30,29.27934837341309
2006-01-03,28.79893112182617
2006-01-04,28.745540618896484
2006-01-05,28.574726104736328
2006-01-06,28.846981048583984
2006-01-09,30.208181381225582
2006-01-10,30.245548248291016
2006-01-11,31.153018951416016
2006-01-12,30.85942840576172
2006-01-13,31.14768409729004
2006-01-17,30.373655319213867
2006-01-18,29.6850528717041
2006-01-19,29.62099838256836
2006-01-20,31.377222061157227
2006-01-23,30.699275970458984
2006-01-24,30.800710678100582
2006-01-25,30.71529960632324
2006-01-26,32.071163177490234
2006-01-27,33.597869873046875
2006-01-30,34.548030853271484
2006-01-31,34.473297119140625
2006-02-01,34.804256439208984
2006-02-02,34.11566162109375
2006-02-03,33.53379821777344
2006-02-06,33.074737548828125
2006-02-07,32.386104583740234
2006-02-08,32.24198913574219
2006-02-09,31.798921585083008
2006-02-10,31.76156044006348
2006-02-13,32.23664855957031
2006-02-14,33.06938934326172
2006-02-15,34.63877868652344
2006-02-16,35.08184051513672
2006-02-17,35.18861389160156
2006-02-21,35.359413146972656
2006-02-22,35.98397445678711
2006-02-23,35.49820327758789
2006-02-24,35.663692474365234
2006-02-27,35.343414306640625
2006-02-28,35.471527099609375
2006-03-01,35.45018005371094
2006-03-02,34.71350860595703
2006-03-03,34.3825569152832
2006-03-06,38.56227493286133
2006-03-07,38.61565017700195
2006-03-08,37.60676193237305
2006-03-09,36.640567779541016
2006-03-10,36.427040100097656
2006-03-13,37.38255310058594
2006-03-14,37.66547393798828
2006-03-15,38.11921310424805
2006-03-16,37.43593215942383
2006-03-17,38.29003143310547
2006-03-20,38.66370391845703
2006-03-21,37.45195770263672
2006-03-22,38.27935791015625
2006-03-23,37.64945983886719
2006-03-24,38.87722396850586
2006-03-27,39.790016174316406
2006-03-28,39.875431060791016
2006-03-29,40.777565002441406
2006-03-30,41.071170806884766
2006-03-31,41.02312850952149
2006-04-03,39.9875373840332
2006-04-04,41.02312850952149
2006-04-05,41.83984375
2006-04-06,42.11743927001953
2006-04-07,41.11921310424805
2006-04-10,40.78290939331055
2006-04-11,40.13699722290039
2006-04-12,40.90568161010742
2006-04-13,41.14055633544922
2006-04-17,41.3701057434082
2006-04-18,41.27401351928711
2006-04-19,41.25799560546875
2006-04-20,41.30605316162109
2006-04-21,41.20461654663086
2006-04-24,41.09785079956055
2006-04-25,41.39145278930664
2006-04-26,40.00889205932617
2006-04-27,40.38256072998047
2006-04-28,40.62810516357422
2006-05-01,40.04625701904297
2006-05-02,39.78469467163086
2006-05-03,38.99464797973633
2006-05-04,38.012454986572266
2006-05-05,38.29003143310547
2006-05-08,41.48752975463867
2006-05-09,41.66367721557617
2006-05-10,41.82383728027344
2006-05-11,40.82027816772461
2006-05-12,40.17436981201172
2006-05-15,40.54267883300781
2006-05-16,41.49822235107422
2006-05-17,40.67613983154297
2006-05-18,39.58183670043945
2006-05-19,39.790016174316406
2006-05-22,38.5035514831543
2006-05-23,38.88789367675781
2006-05-24,37.580078125
2006-05-25,38.60498046875
2006-05-26,38.775787353515625
2006-05-30,37.36654281616211
2006-05-31,38.00711441040039
2006-06-01,38.84518814086914
2006-06-02,37.96441268920898
2006-06-05,36.891448974609375
2006-06-06,36.56049346923828
2006-06-07,37.25445175170898
2006-06-08,37.03556442260742
2006-06-09,36.971527099609375
2006-06-12,36.01600646972656
2006-06-13,35.0711555480957
2006-06-14,35.81849670410156
2006-06-15,37.297149658203125
2006-06-16,36.784698486328125
2006-06-19,36.29892349243164
2006-06-20,36.71530151367188
2006-06-21,37.20107269287109
2006-06-22,36.98754119873047
2006-06-23,36.747318267822266
2006-06-26,37.48932647705078
2006-06-27,37.00354766845703
2006-06-28,37.73486709594727
2006-06-29,39.309608459472656
2006-06-30,39.12810516357422
2006-07-03,39.34162902832031
2006-07-05,38.61565017700195
2006-07-06,38.492862701416016
2006-07-07,37.5960693359375
2006-07-10,37.52134704589844
2006-07-11,38.35942840576172
2006-07-12,38.647682189941406
2006-07-13,37.9697380065918
2006-07-14,36.528465270996094
2006-07-17,37.4786376953125
2006-07-18,37.54804229736328
2006-07-19,38.00711441040039
2006-07-20,37.12633895874024
2006-07-21,35.54624557495117
2006-07-24,36.46439743041992
2006-07-25,36.91280746459961
2006-07-26,35.2686882019043
2006-07-27,33.62454605102539
2006-07-28,34.21707534790039
2006-07-31,34.169036865234375
2006-08-01,32.93593978881836
2006-08-02,35.73310089111328
2006-08-03,36.005332946777344
2006-08-04,36.93949508666992
2006-08-07,36.8861198425293
2006-08-08,37.90034866333008
2006-08-09,37.96441268920898
2006-08-10,38.27402114868164
2006-08-11,38.26333236694336
2006-08-14,38.18326950073242
2006-08-15,39.93948745727539
2006-08-16,40.852298736572266
2006-08-17,40.558719635009766
2006-08-18,41.42348861694336
2006-08-21,40.34518432617188
2006-08-22,39.56049346923828
2006-08-23,40.0996322631836
2006-08-24,40.61742401123047
2006-08-25,39.9875373840332
2006-08-28,40.36121368408203
2006-08-29,41.16191101074219
2006-08-30,40.43593978881836
2006-08-31,41.322059631347656
2006-09-01,41.10852813720703
2006-09-05,40.81494522094727
2006-09-06,40.38789367675781
2006-09-07,40.30781555175781
2006-09-08,41.11921310424805
2006-09-11,41.15122985839844
2006-09-12,40.63877487182617
2006-09-13,39.453739166259766
2006-09-14,40.33984756469727
2006-09-15,39.02134323120117
2006-09-18,37.862979888916016
2006-09-19,36.63522720336914
2006-09-20,37.179718017578125
2006-09-21,36.56049346923828
2006-09-22,35.77579498291016
2006-09-25,35.41280746459961
2006-09-26,36.10675048828125
2006-09-27,36.13877868652344
2006-09-28,35.41812896728516
2006-09-29,36.30426406860352
2006-10-02,36.69929504394531
2006-10-03,35.829185485839844
2006-10-04,38.0551643371582
2006-10-05,38.96263122558594
2006-10-06,38.25265502929688
2006-10-09,38.81849670410156
2006-10-10,38.67970275878906
2006-10-11,38.10319519042969
2006-10-12,38.4661865234375
2006-10-13,39.02667617797852
2006-10-16,38.66902923583984
2006-10-17,38.26333236694336
2006-10-18,38.04447937011719
2006-10-19,38.02846908569336
2006-10-20,38.86120223999024
2006-10-23,38.87722396850586
2006-10-24,38.685054779052734
2006-10-25,39.13344955444336
2006-10-26,39.2348747253418
2006-10-27,38.80780029296875
2006-10-30,38.967960357666016
2006-10-31,39.2562141418457
2006-11-01,38.802490234375
2006-11-02,38.80780029296875
2006-11-03,39.20283126831055
2006-11-06,40.169036865234375
2006-11-07,39.960845947265625
2006-11-08,41.18326568603516
2006-11-09,42.06403732299805
2006-11-10,43.87364959716797
2006-11-13,47.33273696899414
2006-11-14,48.73129653930664
2006-11-15,48.95016860961914
2006-11-16,50.578250885009766
2006-11-17,50.247318267822266
2006-11-20,51.29070663452149
2006-11-21,51.57006454467773
2006-11-22,52.01478958129883
2006-11-24,51.32490921020508
2006-11-27,50.54948425292969
2006-11-28,50.92009735107422
2006-11-29,50.42976379394531
2006-11-30,50.08768081665039
2006-12-01,49.91093444824219
2006-12-04,52.62485885620117
2006-12-05,53.5884017944336
2006-12-06,54.19846725463867
2006-12-07,54.84273910522461
2006-12-08,54.59188079833984
2006-12-11,55.62953567504883
2006-12-12,53.85066986083984
2006-12-13,53.331817626953125
2006-12-14,54.16997146606445
2006-12-15,53.52567672729492
2006-12-18,53.62831878662109
2006-12-19,53.5884017944336
2006-12-20,52.9099006652832
2006-12-21,52.35116195678711
2006-12-22,51.30779647827149
2006-12-26,51.87223815917969
2006-12-27,53.45724487304688
2006-12-28,53.428741455078125
2006-12-29,53.50859069824219
2007-01-03,54.88833999633789
2007-01-04,54.91117477416992
2007-01-05,55.236122131347656
2007-01-08,56.27950668334961
2007-01-09,56.50185012817383
2007-01-10,58.41188430786133
2007-01-11,59.2500114440918
2007-01-12,59.574981689453125
2007-01-16,61.43368911743164
2007-01-17,60.29907989501953
2007-01-18,59.15306091308594
2007-01-19,60.21925735473633
2007-01-22,60.720985412597656
2007-01-23,60.89771270751953
2007-01-24,62.97307205200195
2007-01-25,61.00035095214844
2007-01-26,61.5191764831543
2007-01-29,61.895484924316406
2007-01-30,61.74157333374024
2007-01-31,63.70855712890625
2007-02-01,63.95374298095703
2007-02-02,63.53753280639648
2007-02-05,65.03703308105469
2007-02-06,64.27301025390625
2007-02-07,64.15328216552734
2007-02-08,63.45198440551758
2007-02-09,59.40393829345703
2007-02-12,58.4346809387207
2007-02-13,58.400489807128906
2007-02-14,58.93068313598633
2007-02-15,58.69691848754883
2007-02-16,57.98995590209961
2007-02-20,58.32064056396485
2007-02-21,58.26362609863281
2007-02-22,60.49289321899414
2007-02-23,59.18727111816406
2007-02-26,57.231666564941406
2007-02-27,54.677391052246094
2007-02-28,55.8861083984375
2007-03-01,55.3216438293457
2007-03-02,53.38313674926758
2007-03-05,50.95431137084961
2007-03-06,52.69327163696289
2007-03-07,52.08321380615234
2007-03-08,53.69672775268555
2007-03-09,53.73094177246094
2007-03-12,52.69327163696289
2007-03-13,51.76962661743164
2007-03-14,52.80729293823242
2007-03-15,53.38885116577149
2007-03-16,52.87570571899414
2007-03-19,54.17564010620117
2007-03-20,55.6922607421875
2007-03-21,56.729923248291016
2007-03-22,56.957984924316406
2007-03-23,57.38557815551758
2007-03-26,57.54524230957031
2007-03-27,55.880409240722656
2007-03-28,54.62038040161133
2007-03-29,54.734375
2007-03-30,54.08442687988281
2007-04-02,54.76860809326172
2007-04-03,56.05713272094727
2007-04-04,55.9659423828125
2007-04-05,56.2680892944336
2007-04-09,57.630767822265625
2007-04-10,57.10053253173828
2007-04-11,56.31942367553711
2007-04-12,57.1119499206543
2007-04-13,58.40617370605469
2007-04-16,58.15531539916992
2007-04-17,57.46541595458984
2007-04-18,58.91930770874024
2007-04-19,58.16100692749024
2007-04-20,58.44607162475586
2007-04-23,58.97632598876953
2007-04-24,58.61714553833008
2007-04-25,60.133750915527344
2007-04-26,60.39599609375
2007-04-27,59.59207534790039
2007-04-30,58.27503967285156
2007-05-01,58.252220153808594
2007-05-02,61.0345573425293
2007-05-03,59.08464431762695
2007-05-04,58.4517936706543
2007-05-07,58.069786071777344
2007-05-08,56.963680267333984
2007-05-09,56.59309387207031
2007-05-10,54.734375
2007-05-11,55.0308723449707
2007-05-14,54.643184661865234
2007-05-15,54.1357536315918
2007-05-16,54.89405822753906
2007-05-17,54.18135833740234
2007-05-18,53.44586563110352
2007-05-21,53.702430725097656
2007-05-22,57.670677185058594
2007-05-23,56.6443977355957
2007-05-24,55.133487701416016
2007-05-25,54.02169799804688
2007-05-29,54.22127914428711
2007-05-30,53.73664093017578
2007-05-31,55.01947021484375
2007-06-01,56.11986923217773
2007-06-04,55.86901473999024
2007-06-05,56.25669479370117
2007-06-06,54.87693786621094
2007-06-07,53.28621673583984
2007-06-08,54.45502853393555
2007-06-11,53.78224182128906
2007-06-12,53.62260818481445
2007-06-13,54.83702850341797
2007-06-14,53.97610855102539
2007-06-15,54.19846725463867
2007-06-18,53.51427459716797
2007-06-19,52.71037292480469
2007-06-20,51.86655044555664
2007-06-21,51.87223815917969
2007-06-22,51.056941986083984
2007-06-25,50.93720626831055
2007-06-26,49.796905517578125
2007-06-27,50.4981803894043
2007-06-28,50.78326797485352
2007-06-29,51.11393737792969
2007-07-02,51.06263732910156
2007-07-03,50.63502883911133
2007-07-05,52.88711929321289
2007-07-06,53.73094177246094
2007-07-09,54.03881072998047
2007-07-10,52.80729293823242
2007-07-11,53.7651481628418
2007-07-12,55.29315948486328
2007-07-13,56.09706115722656
2007-07-16,55.75498580932617
2007-07-17,56.02863311767578
2007-07-18,56.29661178588867
2007-07-19,56.6843147277832
2007-07-20,56.26239776611328
2007-07-23,57.73908233642578
2007-07-24,56.6273078918457
2007-07-25,57.950042724609375
2007-07-26,55.68084716796875
2007-07-27,57.21455383300781
2007-07-30,56.56458282470703
2007-07-31,55.05368423461914
2007-08-01,55.25325393676758
2007-08-02,57.77330017089844
2007-08-03,57.619361877441406
2007-08-06,61.22841262817383
2007-08-07,67.3917236328125
2007-08-08,66.52511596679688
2007-08-09,65.9036636352539
2007-08-10,63.58883666992188
2007-08-13,63.94232177734375
2007-08-14,64.99137878417969
2007-08-15,65.26508331298828
2007-08-16,63.27523422241211
2007-08-17,64.05065155029297
2007-08-20,65.042724609375
2007-08-21,66.56502532958984
2007-08-22,67.67680358886719
2007-08-23,66.6334457397461
2007-08-24,70.20256042480469
2007-08-27,69.2048110961914
2007-08-28,67.1636734008789
2007-08-29,68.84563446044922
2007-08-30,69.0223617553711
2007-08-31,70.54469299316406
2007-09-04,72.2094955444336
2007-09-05,72.10688018798828
2007-09-06,72.66561889648438
2007-09-07,70.8582534790039
2007-09-10,70.59029388427734
2007-09-11,75.08877563476562
2007-09-12,78.42984771728516
2007-09-13,79.81531524658203
2007-09-14,79.74117279052734
2007-09-17,81.0924301147461
2007-09-18,84.87255859375
2007-09-19,83.57257080078125
2007-09-20,82.63752746582031
2007-09-21,81.84501647949219
2007-09-24,88.9490966796875
2007-09-25,88.37326049804688
2007-09-26,89.66747283935547
2007-09-27,95.20366668701172
2007-09-28,89.83287048339844
2007-10-01,93.49888610839844
2007-10-02,94.54795837402344
2007-10-03,85.18040466308594
2007-10-04,85.49967193603516
2007-10-05,86.13256072998047
2007-10-08,87.0619125366211
2007-10-09,86.28651428222656
2007-10-10,88.82366943359375
2007-10-11,89.49076843261719
2007-10-12,90.18631744384766
2007-10-15,87.62635040283203
2007-10-16,89.19999694824219
2007-10-17,90.18063354492188
2007-10-18,89.0916519165039
2007-10-19,85.53958892822266
2007-10-22,87.93994903564453
2007-10-23,90.36878204345705
2007-10-24,88.68114471435547
2007-10-25,89.33108520507812
2007-10-26,93.87519073486328
2007-10-29,98.5789566040039
2007-10-30,95.72817993164062
2007-10-31,92.03929138183594
2007-11-01,88.33905029296875
2007-11-02,85.18040466308594
2007-11-05,82.8998031616211
2007-11-06,81.47447204589844
2007-11-07,78.92586517333984
2007-11-08,77.57461547851562
2007-11-09,77.75706481933594
2007-11-12,73.86295318603516
2007-11-13,78.52107238769531
2007-11-14,74.55282592773438
2007-11-15,74.31904602050781
2007-11-16,76.68518829345703
2007-11-19,71.25736999511719
2007-11-20,75.35104370117188
2007-11-21,77.14127349853516
2007-11-23,76.998779296875
2007-11-26,74.46158599853516
2007-11-27,74.46158599853516
2007-11-28,78.74044036865234
2007-11-29,75.91976165771484
2007-11-30,75.85997772216797
2007-12-03,72.11299896240234
2007-12-04,72.90182495117188
2007-12-05,72.94367980957031
2007-12-06,74.01339721679688
2007-12-07,74.46158599853516
2007-12-10,74.35401916503906
2007-12-11,71.45564270019531
2007-12-12,70.5890884399414
2007-12-13,71.19268798828125
2007-12-14,70.43970489501953
2007-12-17,68.28233337402344
2007-12-18,67.14094543457031
2007-12-19,70.50546264648438
2007-12-20,69.5552749633789
2007-12-21,68.87401580810547
2007-12-24,67.69670104980469
2007-12-26,70.32020568847656
2007-12-27,68.47956085205078
2007-12-28,69.14889526367188
2007-12-31,67.00943756103516
2008-01-02,65.36605834960938
2008-01-03,63.154911041259766
2008-01-04,62.86804962158203
2008-01-07,62.28238296508789
2008-01-08,62.449737548828125
2008-01-09,64.69673919677734
2008-01-10,65.13299560546875
2008-01-11,61.2784309387207
2008-01-14,60.32822799682617
2008-01-15,58.35615158081055
2008-01-16,61.35611343383789
2008-01-17,57.901947021484375
2008-01-18,60.61507415771485
2008-01-22,60.58522033691406
2008-01-23,65.71266174316406
2008-01-24,65.04930877685547
2008-01-25,62.16287612915039
2008-01-28,65.93376159667969
2008-01-29,66.90786743164062
2008-01-30,65.5752182006836
2008-01-31,68.71265411376953
2008-02-01,69.81819915771484
2008-02-04,66.61503601074219
2008-02-05,71.33015441894531
2008-02-06,68.9456787109375
2008-02-07,72.06520080566406
2008-02-08,71.11499786376953
2008-02-11,71.6408920288086
2008-02-12,71.61695861816406
2008-02-13,66.28038024902344
2008-02-14,64.18277740478516
2008-02-15,62.521446228027344
2008-02-19,63.053321838378906
2008-02-20,64.0632553100586
2008-02-21,61.17085647583008
2008-02-22,62.216678619384766
2008-02-25,63.11905670166016
2008-02-26,64.04534149169922
2008-02-27,62.4676513671875
2008-02-28,61.72662734985352
2008-02-29,60.178810119628906
2008-03-03,59.14496612548828
2008-03-04,58.13500595092773
2008-03-05,59.27645492553711
2008-03-06,56.7724838256836
2008-03-07,55.46967697143555
2008-03-10,54.62705993652344
2008-03-11,57.63903045654297
2008-03-12,57.99757766723633
2008-03-13,58.123077392578125
2008-03-14,57.77047729492188
2008-03-17,57.931827545166016
2008-03-18,59.16889953613281
2008-03-19,58.28442001342773
2008-03-20,60.59117889404297
2008-03-24,64.11104583740234
2008-03-25,65.06127166748047
2008-03-26,64.73259735107422
2008-03-27,62.01947784423828
2008-03-28,59.89797592163086
2008-03-31,60.14299392700195
2008-04-01,66.44772338867188
2008-04-02,67.21863555908203
2008-04-03,69.57915496826172
2008-04-04,67.45169067382812
2008-04-07,67.14692687988281
2008-04-08,66.16682434082031
2008-04-09,65.03733825683594
2008-04-10,64.52340698242188
2008-04-11,61.463680267333984
2008-04-14,60.17285919189453
2008-04-15,58.60115814208984
2008-04-16,59.83818435668945
2008-04-17,57.40595245361328
2008-04-18,58.84021759033203
2008-04-21,57.095191955566406
2008-04-22,61.33819961547852
2008-04-23,63.31624221801758
2008-04-24,65.64692687988281
2008-04-25,64.54732513427734
2008-04-28,64.3919448852539
2008-04-29,65.27042388916016
2008-04-30,62.95172500610352
2008-05-01,64.6549072265625
2008-05-02,64.55928039550781
2008-05-05,63.136985778808594
2008-05-06,64.5114517211914
2008-05-07,60.9676628112793
2008-05-08,61.045352935791016
2008-05-09,61.565277099609375
2008-05-12,62.06129455566406
2008-05-13,61.32624053955078
2008-05-14,62.92782974243164
2008-05-15,65.12101745605469
2008-05-16,65.44969940185547
2008-05-19,64.79234313964844
2008-05-20,62.79635238647461
2008-05-21,60.7286376953125
2008-05-22,61.33219146728516
2008-05-23,59.60513687133789
2008-05-27,59.76050567626953
2008-05-28,59.66489410400391
2008-05-29,60.97365188598633
2008-05-30,59.778419494628906
2008-06-02,59.63501739501953
2008-06-03,59.485618591308594
2008-06-04,59.288387298583984
2008-06-05,59.59914779663086
2008-06-06,56.64699172973633
2008-06-09,54.35216522216797
2008-06-10,52.56534957885742
2008-06-11,52.89402770996094
2008-06-12,53.18687057495117
2008-06-13,55.09321975708008
2008-06-16,56.41989135742188
2008-06-17,56.82026672363281
2008-06-18,55.82229232788086
2008-06-19,55.40398406982422
2008-06-20,52.82829666137695
2008-06-23,51.83030700683594
2008-06-24,50.79641342163086
2008-06-25,52.284481048583984
2008-06-26,49.90004348754883
2008-06-27,47.694862365722656
2008-06-30,48.61518859863281
2008-07-01,49.063385009765625
2008-07-02,47.36617660522461
2008-07-03,47.17494583129883
2008-07-07,49.00958633422852
2008-07-08,49.90004348754883
2008-07-09,46.35026168823242
2008-07-10,41.7965087890625
2008-07-11,46.69686508178711
2008-07-14,46.18889617919922
2008-07-15,45.18492889404297
2008-07-16,47.53351211547852
2008-07-17,50.24065780639648
2008-07-18,52.607181549072266
2008-07-21,55.8342399597168
2008-07-22,58.45177459716797
2008-07-23,59.6469841003418
2008-07-24,54.73463439941406
2008-07-25,53.808349609375
2008-07-28,54.78246307373047
2008-07-29,59.16290283203125
2008-07-30,58.20075225830078
2008-07-31,58.25453567504883
2008-08-01,57.11911392211914
2008-08-04,56.384037017822266
2008-08-05,59.25254440307617
2008-08-06,62.89194869995117
2008-08-07,60.848140716552734
2008-08-08,64.30229949951172
2008-08-11,68.5273666381836
2008-08-12,64.75050354003906
2008-08-13,61.3919792175293
2008-08-14,64.03340148925781
2008-08-15,63.32223129272461
2008-08-18,59.99358367919922
2008-08-19,57.39996719360352
2008-08-20,54.8720932006836
2008-08-21,53.90995788574219
2008-08-22,57.15495681762695
2008-08-25,54.86015319824219
2008-08-26,54.84219741821289
2008-08-27,54.96771240234375
2008-08-28,57.37009048461914
2008-08-29,57.023475646972656
2008-09-02,56.91592025756836
2008-09-03,56.68284606933594
2008-09-04,54.00556945800781
2008-09-05,53.288455963134766
2008-09-08,53.89800643920898
2008-09-09,50.92790603637695
2008-09-10,49.0992546081543
2008-09-11,52.1828727722168
2008-09-12,52.284481048583984
2008-09-15,50.00163269042969
2008-09-16,50.99964141845703
2008-09-17,48.14306640625
2008-09-18,55.26054382324219
2008-09-19,56.76649475097656
2008-09-22,53.29443359375
2008-09-23,52.67292022705078
2008-09-24,52.64901351928711
2008-09-25,51.53149032592773
2008-09-26,50.77849197387695
2008-09-29,46.57136917114258
2008-09-30,48.788482666015625
2008-10-01,47.92195510864258
2008-10-02,44.12714385986328
2008-10-03,42.08335113525391
2008-10-06,40.49968719482422
2008-10-07,35.8563117980957
2008-10-08,35.9758415222168
2008-10-09,33.609317779541016
2008-10-10,35.54555892944336
2008-10-13,37.870235443115234
2008-10-14,35.37822341918945
2008-10-15,29.46193504333496
2008-10-16,31.398176193237305
2008-10-17,34.37425231933594
2008-10-20,31.32048416137696
2008-10-21,29.3543643951416
2008-10-22,27.71693420410156
2008-10-23,25.32649803161621
2008-10-24,21.86637115478516
2008-10-27,19.99586677551269
2008-10-28,19.649259567260746
2008-10-29,24.53169250488281
2008-10-30,27.78863906860352
2008-10-31,36.09534454345703
2008-11-03,30.83043670654297
2008-11-04,30.8543643951416
2008-11-05,28.32050132751465
2008-11-06,27.310556411743164
2008-11-07,27.513750076293945
2008-11-10,27.97986221313477
2008-11-11,29.94001579284668
2008-11-12,27.041635513305664
2008-11-13,26.74879646301269
2008-11-14,25.69702911376953
2008-11-17,23.58149528503418
2008-11-18,23.258787155151367
2008-11-19,20.06160354614257
2008-11-20,18.675167083740234
2008-11-21,19.13531875610352
2008-11-24,22.565568923950195
2008-11-25,22.613380432128903
2008-11-26,24.800609588623047
2008-11-28,23.796630859375
2008-12-01,20.240886688232425
2008-12-02,22.457992553710938
2008-12-03,23.916149139404297
2008-12-04,22.64923667907715
2008-12-05,24.268741607666016
2008-12-08,26.533666610717773
2008-12-09,24.920127868652344
2008-12-10,26.473913192749023
2008-12-11,24.3225212097168
2008-12-12,25.1472225189209
2008-12-15,24.35838890075684
2008-12-16,27.18505477905273
2008-12-17,28.44003295898437
2008-12-18,26.665143966674805
2008-12-19,25.72689437866211
2008-12-22,25.195024490356445
2008-12-23,26.270715713500977
2008-12-24,26.276687622070312
2008-12-26,25.57749557495117
2008-12-29,25.03965759277344
2008-12-30,25.224903106689453
2008-12-31,25.254783630371094
2009-01-02,28.338424682617188
2009-01-05,31.25474166870117
2009-01-06,33.035614013671875
2009-01-07,28.224889755249023
2009-01-08,27.758752822875977
2009-01-09,26.318523406982425
2009-01-12,24.501808166503903
2009-01-13,23.44404411315918
2009-01-14,21.681114196777344
2009-01-15,21.59146499633789
2009-01-16,22.07553672790528
2009-01-20,19.70304107666016
2009-01-21,20.91617774963379
2009-01-22,20.5337142944336
2009-01-23,20.47394752502441
2009-01-26,21.107410430908203
2009-01-27,20.228927612304688
2009-01-28,21.35841178894043
2009-01-29,19.61339569091797
2009-01-30,17.975961685180664
2009-02-02,17.766794204711914
2009-02-03,17.22298240661621
2009-02-04,15.67518711090088
2009-02-05,16.85246467590332
2009-02-06,17.78472328186035
2009-02-09,18.436119079589844
2009-02-10,16.48194694519043
2009-02-11,15.782753944396973
2009-02-12,15.962034225463867
2009-02-13,15.56163501739502
2009-02-17,14.402281761169434
2009-02-18,13.900293350219728
2009-02-19,13.74492073059082
2009-02-20,14.910247802734377
2009-02-23,13.912250518798828
2009-02-24,15.418210983276367
2009-02-25,12.997906684875488
2009-02-26,13.31464385986328
2009-02-27,12.51982879638672
2009-03-02,10.547727584838867
2009-03-03,10.326617240905762
2009-03-04,10.278809547424316
2009-03-05,9.734986305236816
2009-03-06,9.203120231628418
2009-03-09,9.29275894165039
2009-03-10,11.65329933166504
2009-03-11,11.366451263427734
2009-03-12,12.262853622436523
2009-03-13,12.430188179016112
2009-03-16,11.742939949035645
2009-03-17,12.382380485534668
2009-03-18,12.65129852294922
2009-03-19,12.418231964111328
2009-03-20,12.268831253051758
2009-03-23,14.001886367797852
2009-03-24,13.505873680114746
2009-03-25,13.362454414367676
2009-03-26,13.565640449523926
2009-03-27,12.770819664001465
2009-03-30,11.46804141998291
2009-03-31,11.934174537658691
2009-04-01,12.87839126586914
2009-04-02,16.04569435119629
2009-04-03,17.718984603881836
2009-04-06,18.645278930664062
2009-04-07,15.962034225463867
2009-04-08,16.541706085205078
2009-04-09,18.089506149291992
2009-04-13,18.78870391845703
2009-04-14,19.356426239013672
2009-04-15,19.68511009216309
2009-04-16,20.00184440612793
2009-04-17,19.577539443969727
2009-04-20,18.191104888916016
2009-04-21,18.87834358215332
2009-04-22,20.653234481811523
2009-04-23,21.7707462310791
2009-04-24,23.62333106994629
2009-04-27,22.398237228393555
2009-04-28,21.65122604370117
2009-04-29,22.804616928100582
2009-04-30,23.44404411315918
2009-05-01,23.402217864990234
2009-05-04,25.583477020263672
2009-05-05,29.868310928344727
2009-05-06,28.15914726257324
2009-05-07,26.42012405395508
2009-05-08,28.362340927124023
2009-05-11,29.25873565673828
2009-05-12,26.99979591369629
2009-05-13,23.772724151611328
2009-05-14,23.569541931152344
2009-05-15,22.64923667907715
2009-05-18,24.740846633911133
2009-05-19,23.934085845947266
2009-05-20,23.41417121887207
2009-05-21,22.177125930786133
2009-05-22,21.42414665222168
2009-05-26,22.76875877380371
2009-05-27,21.746850967407227
2009-05-28,21.722944259643555
2009-05-29,22.147247314453125
2009-06-01,24.32850646972656
2009-06-02,24.262767791748047
2009-06-03,23.61137962341309
2009-06-04,24.262767791748047
2009-06-05,24.262767791748047
2009-06-08,23.26476287841797
2009-06-09,22.894250869750977
2009-06-10,22.32054901123047
2009-06-11,22.09346008300781
2009-06-12,22.35640335083008
2009-06-15,20.91020965576172
2009-06-16,21.561595916748047
2009-06-17,21.51378059387207
2009-06-18,21.27474021911621
2009-06-19,22.02772521972656
2009-06-22,20.48590850830078
2009-06-23,20.31260108947754
2009-06-24,21.50780868530273
2009-06-25,22.207002639770508
2009-06-26,21.94405746459961
2009-06-29,22.06955337524414
2009-06-30,21.09545516967773
2009-07-01,21.14923858642578
2009-07-02,19.965984344482425
2009-07-06,19.53571510314941
2009-07-07,18.376359939575195
2009-07-08,17.87437629699707
2009-07-09,19.081523895263672
2009-07-10,18.513805389404297
2009-07-13,19.3086166381836
2009-07-14,20.19904899597168
2009-07-15,21.627330780029297
2009-07-16,22.42215156555176
2009-07-17,21.615367889404297
2009-07-20,23.802610397338867
2009-07-21,23.76675605773925
2009-07-22,25.254783630371094
2009-07-23,26.69502067565918
2009-07-24,28.2607421875
2009-07-27,28.53564453125
2009-07-28,27.842424392700195
2009-07-29,26.47987937927246
2009-07-30,29.96989631652832
2009-07-31,30.57944869995117
2009-08-03,31.93004035949707
2009-08-04,34.66109085083008
2009-08-05,33.8065185546875
2009-08-06,33.22087478637695
2009-08-07,34.94196701049805
2009-08-10,33.70492935180664
2009-08-11,33.131229400634766
2009-08-12,35.5694465637207
2009-08-13,36.38220977783203
2009-08-14,34.15313720703125
2009-08-17,31.607328414916992
2009-08-18,33.05354690551758
2009-08-19,32.77864074707031
2009-08-20,33.11928176879883
2009-08-21,34.03360748291016
2009-08-24,33.167083740234375
2009-08-25,34.67304229736328
2009-08-26,34.183006286621094
2009-08-27,33.6810188293457
2009-08-28,33.62723159790039
2009-08-31,32.34836959838867
2009-09-01,31.34438705444336
2009-09-02,31.481836318969727
2009-09-03,31.92406845092773
2009-09-04,33.7945671081543
2009-09-08,34.314491271972656
2009-09-09,36.50767517089844
2009-09-10,37.14115905761719
2009-09-11,38.54552459716797
2009-09-14,41.30048751831055
2009-09-15,43.30842971801758
2009-09-16,41.18693923950195
2009-09-17,41.34830093383789
2009-09-18,41.330379486083984
2009-09-21,41.04351043701172
2009-09-22,43.58932876586914
2009-09-23,42.82437515258789
2009-09-24,41.56940841674805
2009-09-25,41.981746673583984
2009-09-28,42.57937240600586
2009-09-29,43.77457046508789
2009-09-30,42.36423110961914
2009-10-01,39.2028923034668
2009-10-02,40.4339714050293
2009-10-05,40.77460861206055
2009-10-06,41.01961898803711
2009-10-07,40.24869918823242
2009-10-08,41.778564453125
2009-10-09,40.52958297729492
2009-10-12,39.37022018432617
2009-10-13,39.44194412231445
2009-10-14,40.11724090576172
2009-10-15,38.83238220214844
2009-10-16,38.46784973144531
2009-10-19,38.64114761352539
2009-10-20,38.09135055541992
2009-10-21,37.21883392333984
2009-10-22,37.87621688842773
2009-10-23,37.32640838623047
2009-10-26,37.69095993041992
2009-10-27,33.5435791015625
2009-10-28,32.19298553466797
2009-10-29,33.63920211791992
2009-10-30,32.402156829833984
2009-11-02,32.10931396484375
2009-11-03,33.5435791015625
2009-11-04,33.02962875366211
2009-11-05,35.76069259643555
2009-11-06,35.694950103759766
2009-11-09,37.97183990478516
2009-11-10,38.30049896240234
2009-11-11,39.76465225219727
2009-11-12,40.40408706665039
2009-11-13,41.23474884033203
2009-11-16,40.941925048828125
2009-11-17,42.51587677001953
2009-11-18,41.88756942749024
2009-11-19,40.70709228515625
2009-11-20,40.54208755493164
2009-11-23,40.4786376953125
2009-11-24,39.99628829956055
2009-11-25,41.48772430419922
2009-11-27,39.97090148925781
2009-11-30,40.9609603881836
2009-12-01,42.122406005859375
2009-12-02,42.04622650146485
2009-12-03,41.48772430419922
2009-12-04,42.395294189453125
2009-12-07,41.09424591064453
2009-12-08,40.20572280883789
2009-12-09,39.97090148925781
2009-12-10,39.22200775146485
2009-12-11,39.342586517333984
2009-12-14,40.491310119628906
2009-12-15,39.21565246582031
2009-12-16,39.50124740600586
2009-12-17,38.511173248291016
2009-12-18,38.09230422973633
2009-12-21,38.62541198730469
2009-12-22,37.68613052368164
2009-12-23,38.0669174194336
2009-12-24,37.69245910644531
2009-12-28,37.375144958496094
2009-12-29,37.40052032470703
2009-12-30,37.25454711914063
2009-12-31,36.95625686645508
2010-01-04,40.592864990234375
2010-01-05,43.06167602539063
2010-01-06,42.49684524536133
2010-01-07,43.40441131591797
2010-01-08,43.09342575073242
2010-01-11,42.95378875732422
2010-01-12,43.14419937133789
2010-01-13,44.04541015625
2010-01-14,45.76534271240234
2010-01-15,44.743534088134766
2010-01-19,45.263973236083984
2010-01-20,43.25843048095703
2010-01-21,41.48772430419922
2010-01-22,40.58653259277344
2010-01-25,40.3580322265625
2010-01-26,39.88838195800781
2010-01-27,39.83125305175781
2010-01-28,39.20296478271485
2010-01-29,39.27276611328125
2010-02-01,41.59563064575195
2010-02-02,41.151363372802734
2010-02-03,40.77054977416992
2010-02-04,38.61272048950195
2010-02-05,38.94908905029297
2010-02-08,38.561954498291016
2010-02-09,39.1141242980957
2010-02-10,38.96813583374024
2010-02-11,41.227516174316406
2010-02-12,40.00897216796875
2010-02-16,41.195796966552734
2010-02-17,40.87846755981445
2010-02-18,39.35528945922852
2010-02-19,39.50758743286133
2010-02-22,39.99628829956055
2010-02-23,40.415157318115234
2010-02-24,40.20572280883789
2010-02-25,39.85665512084961
2010-02-26,40.345340728759766
2010-03-01,42.027191162109375
2010-03-02,42.43973159790039
2010-03-03,42.122406005859375
2010-03-04,41.81774520874024
2010-03-05,42.99188232421875
2010-03-08,43.78520202636719
2010-03-09,44.28023147583008
2010-03-10,45.03548431396485
2010-03-11,45.181453704833984
2010-03-12,45.359169006347656
2010-03-15,44.7244987487793
2010-03-16,46.73001480102539
2010-03-17,46.2096061706543
2010-03-18,45.70186996459961
2010-03-19,45.53685760498047
2010-03-22,48.57688522338867
2010-03-23,48.4435920715332
2010-03-24,48.11355972290039
2010-03-25,47.22506713867188
2010-03-26,48.63400268554688
2010-03-29,48.77362823486328
2010-03-30,49.02749252319336
2010-03-31,48.12627410888672
2010-04-01,49.122676849365234
2010-04-05,52.2198371887207
2010-04-06,51.87710952758789
2010-04-07,51.82635116577149
2010-04-08,54.72674560546875
2010-04-09,55.32331848144531
2010-04-12,55.1519660949707
2010-04-13,55.87546920776367
2010-04-14,54.84096908569336
2010-04-15,54.58710479736328
2010-04-16,53.19721221923828
2010-04-19,52.619659423828125
2010-04-20,54.94253540039063
2010-04-21,54.53634262084961
2010-04-22,57.068641662597656
2010-04-23,56.80207824707031
2010-04-26,58.46491241455078
2010-04-27,56.10395431518555
2010-04-28,56.33876800537109
2010-04-29,59.11858749389648
2010-04-30,56.00240707397461
2010-05-03,58.31256484985352
2010-05-04,55.64064025878906
2010-05-05,54.30788040161133
2010-05-06,51.12189102172852
2010-05-07,48.85614013671875
2010-05-10,52.75927734375
2010-05-11,53.6634407043457
2010-05-12,54.61851501464844
2010-05-13,53.94358444213867
2010-05-14,52.34540939331055
2010-05-17,51.80420303344727
2010-05-18,51.428504943847656
2010-05-19,51.19930267333984
2010-05-20,47.627254486083984
2010-05-21,50.097747802734375
2010-05-24,48.8370361328125
2010-05-25,50.66443634033203
2010-05-26,50.034088134765625
2010-05-27,53.79715347290039
2010-05-28,53.40874481201172
2010-06-01,51.91243362426758
2010-06-02,52.96940612792969
2010-06-03,53.587032318115234
2010-06-04,50.81725311279297
2010-06-07,48.13664245605469
2010-06-08,49.63931274414063
2010-06-09,49.11721420288086
2010-06-10,51.79145050048828
2010-06-11,52.74017333984375
2010-06-14,52.574615478515625
2010-06-15,54.0582160949707
2010-06-16,54.47207260131836
2010-06-17,54.47207260131836
2010-06-18,54.14096450805664
2010-06-21,55.30619812011719
2010-06-22,53.77168273925781
2010-06-23,54.61215972900391
2010-06-24,54.77769470214844
2010-06-25,56.69425201416016
2010-06-28,54.185543060302734
2010-06-29,50.01499557495117
2010-06-30,48.56324768066406
2010-07-01,48.47410202026367
2010-07-02,47.62089538574219
2010-07-06,47.7291145324707
2010-07-07,49.983154296875
2010-07-08,50.20600509643555
2010-07-09,50.68354034423828
2010-07-12,49.5438117980957
2010-07-13,51.71504592895508
2010-07-14,53.02032470703125
2010-07-15,52.86115264892578
2010-07-16,50.66443634033203
2010-07-19,50.944610595703125
2010-07-20,53.00761032104492
2010-07-21,52.18622589111328
2010-07-22,54.427513122558594
2010-07-23,55.82830810546875
2010-07-26,56.439552307128906
2010-07-27,55.732791900634766
2010-07-28,55.94930267333984
2010-07-29,55.93655014038086
2010-07-30,55.82830810546875
2010-08-02,56.81525039672852
2010-08-03,58.2606086730957
2010-08-04,58.55988311767578
2010-08-05,57.50289916992188
2010-08-06,58.27334976196289
2010-08-09,59.69960784912109
2010-08-10,58.378055572509766
2010-08-11,55.66472625732422
2010-08-12,55.49873352050781
2010-08-13,55.70943069458008
2010-08-16,55.72856521606445
2010-08-17,57.17142868041992
2010-08-18,57.407657623291016
2010-08-19,55.24337768554688
2010-08-20,55.9265022277832
2010-08-23,54.95607376098633
2010-08-24,52.60665512084961
2010-08-25,53.819671630859375
2010-08-26,52.26190948486328
2010-08-27,53.8452033996582
2010-08-30,52.19806289672852
2010-08-31,51.46387481689453
2010-09-01,52.71517181396485
2010-09-02,54.05589294433594
2010-09-03,56.06055068969727
2010-09-07,55.3327522277832
2010-09-08,56.450008392333984
2010-09-09,56.71813201904297
2010-09-10,57.17142868041992
2010-09-13,58.020538330078125
2010-09-14,57.54171752929688
2010-09-15,57.637481689453125
2010-09-16,57.33742141723633
2010-09-17,58.67812347412109
2010-09-20,60.60620880126953
2010-09-21,59.20164489746094
2010-09-22,58.21206665039063
2010-09-23,55.57535171508789
2010-09-24,57.586421966552734
2010-09-27,55.62003707885742
2010-09-28,55.95200347900391
2010-09-29,55.21142959594727
2010-09-30,55.396583557128906
2010-10-01,55.60087203979492
2010-10-04,57.78433609008789
2010-10-05,59.18888473510742
2010-10-06,57.56723403930664
2010-10-07,56.99267578125
2010-10-08,59.91667175292969
2010-10-11,64.97942352294922
2010-10-12,65.34972381591797
2010-10-13,65.24118041992188
2010-10-14,64.85810852050781
2010-10-15,65.08158111572266
2010-10-18,65.14543914794922
2010-10-19,62.49594497680664
2010-10-20,64.58362579345703
2010-10-21,65.91154479980469
2010-10-22,66.66487884521484
2010-10-25,65.98175811767578
2010-10-26,67.11180114746094
2010-10-27,66.74150085449219
2010-10-28,68.34395599365234
2010-10-29,68.41419219970703
2010-11-01,69.75487518310547
2010-11-02,71.86808013916016
2010-11-03,70.95516204833984
2010-11-04,71.8361587524414
2010-11-05,72.18732452392578
2010-11-08,74.40267181396484
2010-11-09,72.69805908203125
2010-11-10,72.94065856933594
2010-11-11,73.13858032226562
2010-11-12,70.86576080322266
2010-11-15,71.33821868896484
2010-11-16,68.98875427246094
2010-11-17,67.35438537597656
2010-11-18,69.5569839477539
2010-11-19,70.96260070800781
2010-11-22,72.4922103881836
2010-11-23,70.03929901123047
2010-11-24,71.07972717285156
2010-11-26,70.34247589111328
2010-11-29,70.43891143798828
2010-11-30,69.66033935546875
2010-12-01,72.20283508300781
2010-12-02,71.29332733154297
2010-12-03,71.20374298095703
2010-12-06,70.94190216064453
2010-12-07,69.91525268554688
2010-12-08,69.90149688720703
2010-12-09,69.83946990966797
2010-12-10,69.59141540527344
2010-12-13,69.08155059814453
2010-12-14,68.62678527832031
2010-12-15,69.41230010986328
2010-12-16,72.75402069091797
2010-12-17,72.31306457519531
2010-12-20,72.87808990478516
2010-12-21,72.97454833984375
2010-12-22,71.65850830078125
2010-12-23,70.9694595336914
2010-12-27,70.36314392089844
2010-12-28,70.06686401367188
2010-12-29,70.70073699951172
2010-12-30,70.08062744140625
2010-12-31,71.54827117919922
2011-01-03,75.09671020507812
2011-01-04,77.43941497802734
2011-01-05,78.4384765625
2011-01-06,79.0103759765625
2011-01-07,81.80780029296875
2011-01-10,81.78714752197266
2011-01-11,80.67781066894531
2011-01-12,80.46424865722656
2011-01-13,80.42289733886719
2011-01-14,81.86983489990234
2011-01-18,81.89741516113281
2011-01-19,81.42884063720703
2011-01-20,80.0921401977539
2011-01-21,79.89234161376953
2011-01-24,79.49956512451172
2011-01-25,79.11373901367188
2011-01-26,81.75959014892578
2011-01-27,81.90426635742188
2011-01-28,78.90011596679688
2011-01-31,80.15416717529297
2011-02-01,82.11791229248047
2011-02-02,81.90426635742188
2011-02-03,82.26947021484375
2011-02-04,81.34617614746094
2011-02-07,81.31171417236328
2011-02-08,82.80689239501953
2011-02-09,83.73709106445312
2011-02-10,82.78623962402344
2011-02-11,88.95299530029297
2011-02-14,88.1606216430664
2011-02-15,88.33287048339844
2011-02-16,88.11238098144531
2011-02-17,88.51203918457031
2011-02-18,87.98836517333984
2011-02-22,84.7981948852539
2011-02-23,82.91715240478516
2011-02-24,82.19367218017578
2011-02-25,83.95067596435547
2011-02-28,84.7017593383789
2011-03-01,86.69991302490234
2011-03-02,86.87213134765625
2011-03-03,89.93829345703125
2011-03-04,90.1312255859375
2011-03-07,87.09261322021484
2011-03-08,87.54740142822266
2011-03-09,88.2570571899414
2011-03-10,84.81198120117188
2011-03-11,85.29427337646484
2011-03-14,85.43208312988281
2011-03-15,83.4890365600586
2011-03-16,80.64336395263672
2011-03-17,81.42884063720703
2011-03-18,80.24372100830078
2011-03-21,83.89557647705078
2011-03-22,81.58733367919922
2011-03-23,83.35121154785156
2011-03-24,85.6043472290039
2011-03-25,87.5267333984375
2011-03-28,86.21067810058594
2011-03-29,86.73433685302734
2011-03-30,87.96080017089844
2011-03-31,87.6163101196289
2011-04-01,91.64705657958984
2011-04-04,91.6126480102539
2011-04-05,91.73666381835938
2011-04-06,92.53595733642578
2011-04-07,93.2800750732422
2011-04-08,91.34393310546876
2011-04-11,90.93048858642578
2011-04-12,89.66960144042969
2011-04-13,93.12156677246094
2011-04-14,92.99069213867188
2011-04-15,95.40225219726562
2011-04-18,96.807861328125
2011-04-19,95.72611236572266
2011-04-20,101.92041778564452
2011-04-21,101.77574157714844
2011-04-25,101.40365600585938
2011-04-26,100.72840118408205
2011-04-27,101.12114715576172
2011-04-28,100.39771270751952
2011-04-29,101.73899841308594
2011-05-02,102.23682403564452
2011-05-03,100.99922943115234
2011-05-04,98.95957946777344
2011-05-05,99.34675598144533
2011-05-06,99.79619598388672
2011-05-09,100.052001953125
2011-05-10,103.5297393798828
2011-05-11,102.76224517822266
2011-05-12,101.51774597167967
2011-05-13,101.1305923461914
2011-05-16,97.1688461303711
2011-05-17,98.76597595214844
2011-05-18,101.53849792480467
2011-05-19,101.6422119140625
2011-05-20,100.23866271972656
2011-05-23,98.5032730102539
2011-05-24,98.00543212890624
2011-05-25,98.9734115600586
2011-05-26,100.48755645751952
2011-05-27,101.22045135498048
2011-05-31,101.30342864990234
2011-06-01,100.84708404541016
2011-06-02,101.1236572265625
2011-06-03,99.15318298339844
2011-06-06,97.69432830810548
2011-06-07,94.0921401977539
2011-06-08,93.06195068359376
2011-06-09,93.47679901123048
2011-06-10,91.2574234008789
2011-06-13,89.72944641113281
2011-06-14,91.99725341796876
2011-06-15,90.1373519897461
2011-06-16,89.84700775146484
2011-06-17,89.46665954589844
2011-06-20,91.45101928710938
2011-06-21,93.63580322265624
2011-06-22,92.00415802001952
2011-06-23,91.85202026367188
2011-06-24,90.80108642578124
2011-06-27,92.85456085205078
2011-06-28,96.4014129638672
2011-06-29,96.94071197509766
2011-06-30,99.2430648803711
2011-07-01,103.41217803955078
2011-07-05,104.51148986816406
2011-07-06,105.98416900634766
2011-07-07,108.88803100585938
2011-07-08,111.4185562133789
2011-07-11,108.41789245605467
2011-07-12,108.45940399169922
2011-07-13,108.09986877441406
2011-07-14,109.77994537353516
2011-07-15,112.43492126464844
2011-07-18,114.0043716430664
2011-07-19,112.1929168701172
2011-07-20,110.74787902832033
2011-07-21,113.2230987548828
2011-07-22,114.25326538085938
2011-07-25,113.81766510009766
2011-07-26,113.82460021972656
2011-07-27,110.38484191894533
2011-07-28,107.79115295410156
2011-07-29,106.5774917602539
2011-08-01,106.94503784179688
2011-08-02,101.82703399658205
2011-08-03,105.2390594482422
2011-08-04,97.83246612548828
2011-08-05,97.02798461914062
2011-08-08,88.012451171875
2011-08-09,96.86846923828124
2011-08-10,93.40099334716795
2011-08-11,97.7284164428711
2011-08-12,100.77982330322266
2011-08-15,103.40128326416016
2011-08-16,101.8616714477539
2011-08-17,102.36104583740234
2011-08-18,94.31636810302734
2011-08-19,91.08467864990234
2011-08-22,90.14151000976562
2011-08-23,95.80048370361328
2011-08-24,97.00025177001952
2011-08-25,95.14166259765624
2011-08-26,97.32620239257812
2011-08-29,102.02120971679688
2011-08-30,106.45264434814452
2011-08-31,107.2987060546875
2011-09-01,105.98114013671876
2011-09-02,102.56908416748048
2011-09-06,103.25562286376952
2011-09-07,105.86322021484376
2011-09-08,105.73838806152344
2011-09-09,102.93663024902344
2011-09-12,105.21825408935548
2011-09-13,104.50394439697266
2011-09-14,103.08921813964844
2011-09-15,103.75498962402344
2011-09-16,105.4956512451172
2011-09-19,109.78843688964844
2011-09-20,106.2516098022461
2011-09-21,102.09056854248048
2011-09-22,96.4107666015625
2011-09-23,96.16803741455078
2011-09-26,94.85734558105467
2011-09-27,97.10430145263672
2011-09-28,93.96270751953124
2011-09-29,87.06234741210938
2011-09-30,79.80831909179688
2011-10-03,76.74996185302734
2011-10-04,82.35344696044922
2011-10-05,83.17872619628906
2011-10-06,91.94459533691406
2011-10-07,89.50349426269531
2011-10-10,96.90316009521484
2011-10-11,95.5438995361328
2011-10-12,95.50228881835938
2011-10-13,91.0430679321289
2011-10-14,93.26226806640624
2011-10-17,93.49111938476562
2011-10-18,95.46067810058594
2011-10-19,90.34259796142578
2011-10-20,85.55744934082031
2011-10-21,83.49774169921875
2011-10-24,88.52564239501953
2011-10-25,85.4256820678711
2011-10-26,88.7752914428711
2011-10-27,94.93360900878906
2011-10-28,95.7242202758789
2011-10-31,92.43201446533205
2011-11-01,89.51565551757812
2011-11-02,92.2510223388672
2011-11-03,93.05146026611328
2011-11-04,91.63156127929688
2011-11-07,89.59224700927734
2011-11-08,89.81494903564453
2011-11-09,86.24434661865234
2011-11-10,83.22361755371094
2011-11-11,87.32319641113281
2011-11-14,87.01693725585938
2011-11-15,88.99365997314453
2011-11-16,85.78496551513672
2011-11-17,84.06581115722656
2011-11-18,84.7479019165039
2011-11-21,81.34373474121094
2011-11-22,81.9461898803711
2011-11-23,78.38238525390625
2011-11-25,77.67833709716797
2011-11-28,83.18011474609375
2011-11-29,79.94288635253906
2011-11-30,87.50606536865234
2011-12-01,86.34474182128906
2011-12-02,85.94549560546875
2011-12-05,85.37940216064453
2011-12-06,82.5051040649414
2011-12-07,82.78087615966797
2011-12-08,79.9719467163086
2011-12-09,80.46548461914062
2011-12-12,79.14449310302734
2011-12-13,75.78388977050781
2011-12-14,74.2451400756836
2011-12-15,75.90728759765625
2011-12-16,76.68392944335938
2011-12-19,74.17981719970703
2011-12-20,78.08480834960938
2011-12-21,78.3460922241211
2011-12-22,78.4186782836914
2011-12-23,79.8412857055664
2011-12-27,82.40348052978516
2011-12-28,79.27513885498047
2011-12-29,80.08806610107422
2011-12-30,80.19696807861328
2012-01-03,82.72282409667969
2012-01-04,81.30021667480469
2012-01-05,80.45098114013672
2012-01-06,77.62025451660156
2012-01-09,77.40249633789062
2012-01-10,78.0484848022461
2012-01-11,81.21309661865234
2012-01-12,79.69612121582031
2012-01-13,78.28076934814453
2012-01-17,81.22036743164062
2012-01-18,84.78419494628906
2012-01-19,85.1761474609375
2012-01-20,83.81156158447266
2012-01-23,85.11805725097656
2012-01-24,85.98906707763672
2012-01-25,87.40442657470703
2012-01-26,86.48265838623047
2012-01-27,86.42455291748047
2012-01-30,83.76802062988281
2012-01-31,83.63739013671875
2012-02-01,85.46646881103516
2012-02-02,87.66575622558594
2012-02-03,83.45591735839844
2012-02-06,81.8953857421875
2012-02-07,81.77925872802734
2012-02-08,83.20913696289062
2012-02-09,82.44701385498047
2012-02-10,82.16393280029297
2012-02-13,80.24775695800781
2012-02-14,81.04978942871094
2012-02-15,81.2320785522461
2012-02-16,82.15078735351562
2012-02-17,82.16536712646484
2012-02-21,87.05780792236328
2012-02-22,85.84745025634766
2012-02-23,84.82667541503906
2012-02-24,86.10992431640625
2012-02-27,84.95793914794922
2012-02-28,83.91524505615234
2012-02-29,86.43075561523438
2012-03-01,88.99728393554688
2012-03-02,92.7960433959961
2012-03-05,89.50037384033203
2012-03-06,87.04322052001953
2012-03-07,89.15039825439453
2012-03-08,89.96704864501953
2012-03-09,88.07129669189453
2012-03-12,88.27543640136719
2012-03-13,91.3814926147461
2012-03-14,91.92835998535156
2012-03-15,93.32830047607422
2012-03-16,92.57003021240234
2012-03-19,94.2688446044922
2012-03-20,93.33560180664062
2012-03-21,93.9626235961914
2012-03-22,92.46063232421876
2012-03-23,92.28564453125
2012-03-26,94.78656005859376
2012-03-27,93.91890716552734
2012-03-28,92.05232238769533
2012-03-29,91.08988189697266
2012-03-30,91.0534210205078
2012-04-02,91.49089813232422
2012-04-03,91.63673400878906
2012-04-04,90.23682403564452
2012-04-05,91.8262710571289
2012-04-09,90.57221221923828
2012-04-10,89.02645874023438
2012-04-11,90.615966796875
2012-04-12,92.07420349121094
2012-04-13,91.49089813232422
2012-04-16,89.95246124267578
2012-04-17,90.97321319580078
2012-04-18,94.99073791503906
2012-04-19,94.45842742919922
2012-04-20,94.05014038085938
2012-04-23,91.32321166992188
2012-04-24,90.92945861816406
2012-04-25,93.98451232910156
2012-04-26,97.79784393310548
2012-04-27,98.46136474609376
2012-04-30,97.26560974121094
2012-05-01,98.2207489013672
2012-05-02,97.44786834716795
2012-05-03,95.18756866455078
2012-05-04,92.89083862304688
2012-05-07,91.27947235107422
2012-05-08,86.9338607788086
2012-05-09,84.11943054199219
2012-05-10,82.57364654541016
2012-05-11,82.3184814453125
2012-05-14,78.81136322021484
2012-05-15,77.61561584472656
2012-05-16,76.60213470458984
2012-05-17,74.38963317871094
2012-05-18,74.68265533447266
2012-05-21,76.31639862060547
2012-05-22,75.56913757324219
2012-05-23,75.9427719116211
2012-05-24,75.62773895263672
2012-05-25,74.75593566894531
2012-05-29,76.63874816894531
2012-05-30,76.59477233886719
2012-05-31,75.48854064941406
2012-06-01,71.3419418334961
2012-06-04,71.92073822021484
2012-06-05,73.9866714477539
2012-06-06,76.12593841552734
2012-06-07,75.19548797607422
2012-06-08,76.34571838378906
2012-06-11,72.91707611083984
2012-06-12,74.3383560180664
2012-06-13,73.40790557861328
2012-06-14,73.62037658691406
2012-06-15,72.91707611083984
2012-06-18,73.50315856933594
2012-06-19,76.57282257080078
2012-06-20,76.84390258789062
2012-06-21,74.76325988769531
2012-06-22,75.69367218017578
2012-06-25,74.77057647705078
2012-06-26,74.75593566894531
2012-06-27,75.0196762084961
2012-06-28,74.73394012451172
2012-06-29,75.98672485351562
2012-07-02,74.83653259277344
2012-07-03,74.39697265625
2012-07-05,74.59477996826172
2012-07-06,73.76690673828125
2012-07-09,73.26875305175781
2012-07-10,73.4299087524414
2012-07-11,73.73027801513672
2012-07-12,70.88040924072266
2012-07-13,70.49211883544922
2012-07-16,70.65330505371094
2012-07-17,71.3272933959961
2012-07-18,70.54339599609375
2012-07-19,73.01228332519531
2012-07-20,71.2906494140625
2012-07-23,69.61299133300781
2012-07-24,68.13310241699219
2012-07-25,67.97926330566406
2012-07-26,68.20638275146484
2012-07-27,69.68685913085938
2012-07-30,69.64269256591797
2012-07-31,69.05341339111328
2012-08-01,70.19511413574219
2012-08-02,68.891357421875
2012-08-03,70.38658142089844
2012-08-06,72.03654479980469
2012-08-07,75.60150909423828
2012-08-08,75.6530532836914
2012-08-09,74.78392791748047
2012-08-10,75.00491333007812
2012-08-13,73.75273132324219
2012-08-14,73.31814575195312
2012-08-15,73.81167602539062
2012-08-16,76.78003692626953
2012-08-17,77.19252014160156
2012-08-20,77.78176879882812
2012-08-21,77.64180755615234
2012-08-22,77.92909240722656
2012-08-23,77.4502944946289
2012-08-24,77.58290100097656
2012-08-27,77.6860122680664
2012-08-28,77.50923919677734
2012-08-29,77.28089141845703
2012-08-30,75.75618743896484
2012-08-31,75.99191284179688
2012-09-04,74.18731689453125
2012-09-05,73.36968994140625
2012-09-06,74.79867553710938
2012-09-07,75.6751937866211
2012-09-10,75.93299865722656
2012-09-11,77.19252014160156
2012-09-12,79.14442443847656
2012-09-13,81.03742218017578
2012-09-14,83.24714660644531
2012-09-17,82.84200286865234
2012-09-18,83.03352355957031
2012-09-19,85.21376037597656
2012-09-20,84.63188171386719
2012-09-21,84.24148559570312
2012-09-24,84.0205078125
2012-09-25,83.91739654541016
2012-09-26,83.75537872314453
2012-09-27,85.02225494384766
2012-09-28,85.02962493896484
2012-10-01,85.13273620605469
2012-10-02,84.41825866699219
2012-10-03,84.60975646972656
2012-10-04,83.98369598388672
2012-10-05,83.82898712158203
2012-10-08,82.99669647216797
2012-10-09,82.33377075195312
2012-10-10,81.7739486694336
2012-10-11,82.83464813232422
2012-10-12,83.82898712158203
2012-10-15,85.6262435913086
2012-10-16,86.7679214477539
2012-10-17,87.61497497558594
2012-10-18,87.13623809814453
2012-10-19,85.16220092773438
2012-10-22,85.04434204101562
2012-10-23,84.24886322021484
2012-10-24,82.70943450927734
2012-10-25,88.70509338378906
2012-10-26,87.62969970703125
2012-10-31,89.16912078857422
2012-11-01,90.52442932128906
2012-11-02,88.97764587402344
2012-11-05,87.96796417236328
2012-11-06,88.51223754882812
2012-11-07,87.58143615722656
2012-11-08,86.17736053466797
2012-11-09,85.4674072265625
2012-11-12,84.73384094238281
2012-11-13,84.34732055664062
2012-11-14,82.47786712646484
2012-11-15,82.46995544433594
2012-11-16,82.29640197753906
2012-11-19,83.44808959960938
2012-11-20,84.29998016357422
2012-11-21,85.21501922607422
2012-11-23,86.2404556274414
2012-11-26,84.85214233398438
2012-11-27,85.39643859863281
2012-11-28,88.10205078125
2012-11-29,88.3702392578125
2012-11-30,88.66210174560547
2012-12-03,89.4509048461914
2012-12-04,86.86359405517578
2012-12-05,86.72164154052734
2012-12-06,87.91272735595703
2012-12-07,86.97407531738281
2012-12-10,86.80052185058594
2012-12-11,86.61122131347656
2012-12-12,89.49823760986328
2012-12-13,90.09770965576172
2012-12-14,89.72698211669922
2012-12-17,89.67967224121094
2012-12-18,89.88478088378906
2012-12-19,89.64022827148438
2012-12-20,90.1450424194336
2012-12-21,89.53768920898438
2012-12-24,88.75677490234375
2012-12-26,87.99163818359375
2012-12-27,87.5656967163086
2012-12-28,86.50867462158203
2012-12-31,88.73311614990234
2013-01-02,93.1346664428711
2013-01-03,94.13643646240234
2013-01-04,95.2723159790039
2013-01-07,95.5957489013672
2013-01-08,95.51686096191406
2013-01-09,95.85604095458984
2013-01-10,96.9446029663086
2013-01-11,97.01558685302734
2013-01-14,96.86572265625
2013-01-15,97.6545181274414
2013-01-16,96.99192810058594
2013-01-17,97.38633728027344
2013-01-18,97.85962677001952
2013-01-22,98.06471252441406
2013-01-23,97.12604522705078
2013-01-24,96.77105712890624
2013-01-25,97.75704956054688
2013-01-28,97.44945526123048
2013-01-29,96.54230499267578
2013-01-30,97.4100112915039
2013-01-31,98.77462768554688
2013-02-01,99.6817626953125
2013-02-04,98.41178131103516
2013-02-05,99.19270324707033
2013-02-06,97.26013946533205
2013-02-07,96.88936614990234
2013-02-08,99.80010986328124
2013-02-11,97.89117431640624
2013-02-12,97.5492172241211
2013-02-13,97.3345184326172
2013-02-14,97.97068786621094
2013-02-15,97.77982330322266
2013-02-19,95.73614501953124
2013-02-20,92.69046020507812
2013-02-21,91.87136840820312
2013-02-22,93.31072998046876
2013-02-25,91.89524841308594
2013-02-26,91.84754943847656
2013-02-27,93.5492935180664
2013-02-28,92.96082305908205
2013-03-01,92.69841003417967
2013-03-04,92.6824951171875
2013-03-05,92.24512481689452
2013-03-06,93.27890014648438
2013-03-07,93.20733642578124
2013-03-08,93.31869506835938
2013-03-11,93.95486450195312
2013-03-12,93.81966400146484
2013-03-13,94.3365478515625
2013-03-14,95.27490234375
2013-03-15,95.4021453857422
2013-03-18,95.5134506225586
2013-03-19,95.37032318115234
2013-03-20,97.27091217041016
2013-03-21,96.29278564453124
2013-03-22,97.08004760742188
2013-03-25,96.73016357421876
2013-03-26,99.03630065917967
2013-03-27,98.71024322509766
2013-03-28,99.5293197631836
2013-04-01,97.96273803710938
2013-04-02,98.01840209960938
2013-04-03,95.74408721923828
2013-04-04,94.47174072265624
2013-04-05,93.86737060546876
2013-04-08,97.55716705322266
2013-04-09,98.2331314086914
2013-04-10,100.48355865478516
2013-04-11,101.11974334716795
2013-04-12,102.21717071533205
2013-04-15,98.71024322509766
2013-04-16,101.02433013916016
2013-04-17,98.86930084228516
2013-04-18,98.55915069580078
2013-04-19,101.43783569335938
2013-04-22,102.10584259033205
2013-04-23,102.87718200683594
2013-04-24,104.57098388671876
2013-04-25,107.28268432617188
2013-04-26,107.7518539428711
2013-04-29,107.99040222167967
2013-04-30,109.18325805664062
2013-05-01,108.32442474365234
2013-05-02,108.64250946044922
2013-05-03,110.3760757446289
2013-05-06,110.28065490722656
2013-05-07,111.20978546142578
2013-05-08,111.20978546142578
2013-05-09,111.7785186767578
2013-05-10,111.41806030273438
2013-05-13,112.42730712890624
2013-05-14,113.85308837890624
2013-05-15,111.94669342041016
2013-05-16,111.6263198852539
2013-05-17,112.93192291259766
2013-05-20,114.6300277709961
2013-05-21,114.08536529541016
2013-05-22,113.4525909423828
2013-05-23,110.89739227294922
2013-05-24,110.45686340332033
2013-05-28,112.60353088378906
2013-05-29,110.92141723632812
2013-05-30,110.63309478759766
2013-05-31,108.84683990478516
2013-06-03,110.61708068847656
2013-06-04,109.6078109741211
2013-06-05,107.1567840576172
2013-06-06,108.08589935302734
2013-06-07,110.136474609375
2013-06-10,111.30594635009766
2013-06-11,107.9577865600586
2013-06-12,107.24488830566406
2013-06-13,109.3515167236328
2013-06-14,108.24613189697266
2013-06-17,110.8493881225586
2013-06-18,111.57825469970705
2013-06-19,110.42483520507812
2013-06-20,105.86717987060548
2013-06-21,103.88070678710938
2013-06-24,99.4192123413086
2013-06-25,100.60465240478516
2013-06-26,101.91026306152344
2013-06-27,103.00762176513672
2013-06-28,102.50302124023438
2013-07-01,102.89551544189452
2013-07-02,101.06925201416016
2013-07-03,101.0372085571289
2013-07-05,101.79014587402344
2013-07-08,101.71001434326172
2013-07-09,101.39763641357422
2013-07-10,101.94232177734376
2013-07-11,105.43465423583984
2013-07-12,104.75379943847656
2013-07-15,105.72301483154295
2013-07-16,106.10750579833984
2013-07-17,105.33853149414062
2013-07-18,106.6121063232422
2013-07-19,106.60408020019533
2013-07-22,106.8363800048828
2013-07-23,105.34652709960938
2013-07-24,105.0341567993164
2013-07-25,104.25717163085938
2013-07-26,104.91402435302734
2013-07-29,105.14630126953124
2013-07-30,106.58805084228516
2013-07-31,106.63612365722656
2013-08-01,110.08839416503906
2013-08-02,112.0188217163086
2013-08-05,112.85985565185548
2013-08-06,111.4821319580078
2013-08-07,111.3459243774414
2013-08-08,112.5077667236328
2013-08-09,111.44281768798828
2013-08-12,111.68482208251952
2013-08-13,112.64493560791016
2013-08-14,113.08861541748048
2013-08-15,112.2092514038086
2013-08-16,111.79779052734376
2013-08-19,112.2899169921875
2013-08-20,112.87078094482422
2013-08-21,112.1769561767578
2013-08-22,113.96807098388672
2013-08-23,114.50859832763672
2013-08-26,115.3234634399414
2013-08-27,112.31414031982422
2013-08-28,113.57271575927734
2013-08-29,114.46024322509766
2013-08-30,113.79056549072266
2013-09-03,114.30692291259766
2013-09-04,114.06491088867188
2013-09-05,115.12178802490234
2013-09-06,115.71875762939452
2013-09-09,117.26785278320312
2013-09-10,120.40625
2013-09-11,121.72139739990234
2013-09-12,120.73709869384766
2013-09-13,121.30183410644533
2013-09-16,121.00328826904295
2013-09-17,121.63259887695312
2013-09-18,123.4640655517578
2013-09-19,124.69841766357422
2013-09-20,125.23095703125
2013-09-23,125.07763671875
2013-09-24,125.95704650878906
2013-09-25,127.15919494628906
2013-09-26,128.87762451171875
2013-09-27,127.4738311767578
2013-09-30,127.48189544677734
2013-10-01,129.14389038085938
2013-10-02,130.1766357421875
2013-10-03,129.61990356445312
2013-10-04,129.23265075683594
2013-10-07,128.3129119873047
2013-10-08,126.8364715576172
2013-10-09,127.25596618652344
2013-10-10,130.9833984375
2013-10-11,134.42034912109375
2013-10-14,134.85595703125
2013-10-15,134.8963623046875
2013-10-16,136.00973510742188
2013-10-17,136.7197265625
2013-10-18,138.7043914794922
2013-10-21,139.68064880371094
2013-10-22,137.14730834960938
2013-10-23,134.29930114746094
2013-10-24,139.45472717285156
2013-10-25,135.68704223632812
2013-10-28,135.86453247070312
2013-10-29,136.18722534179688
2013-10-30,136.7923126220703
2013-10-31,134.12991333007812
2013-11-01,135.29974365234375
2013-11-04,134.32354736328125
2013-11-05,134.08816528320312
2013-11-06,133.42257690429688
2013-11-07,129.46969604492188
2013-11-08,132.87876892089844
2013-11-11,133.95016479492188
2013-11-12,135.85763549804688
2013-11-13,138.15464782714844
2013-11-14,136.7747802734375
2013-11-15,135.0540313720703
2013-11-18,135.21934509277344
2013-11-19,131.59066772460938
2013-11-20,130.92120361328125
2013-11-21,135.1697540283203
2013-11-22,134.277099609375
2013-11-25,135.28546142578125
2013-11-26,135.55828857421875
2013-11-27,136.84768676757812
2013-11-29,137.1039581298828
2013-12-02,136.16993713378906
2013-12-03,134.98788452148438
2013-12-04,138.6826629638672
2013-12-05,141.6831512451172
2013-12-06,143.1297149658203
2013-12-09,147.56834411621094
2013-12-10,149.7339630126953
2013-12-11,149.3620147705078
2013-12-12,148.36190795898438
2013-12-13,150.23822021484375
2013-12-16,151.1143798828125
2013-12-17,150.8333282470703
2013-12-18,154.29666137695312
2013-12-19,153.00726318359375
2013-12-20,153.20558166503906
2013-12-23,153.040283203125
2013-12-24,156.4292449951172
2013-12-26,157.9087677001953
2013-12-27,158.08241271972656
2013-12-30,159.7686767578125
2013-12-31,160.52911376953125
2014-01-02,163.61221313476562
2014-01-03,162.0086669921875
2014-01-06,161.8929443359375
2014-01-07,166.56304931640625
2014-01-08,169.6874542236328
2014-01-09,169.25767517089844
2014-01-10,170.98519897460938
2014-01-13,168.1831512451172
2014-01-14,171.59690856933594
2014-01-15,173.66339111328125
2014-01-16,173.6550750732422
2014-01-17,178.2921600341797
2014-01-21,175.45703125
2014-01-22,172.5805206298828
2014-01-23,169.66270446777344
2014-01-24,159.6446075439453
2014-01-27,158.56182861328125
2014-01-28,162.95916748046875
2014-01-29,160.24801635742188
2014-01-30,166.56304931640625
2014-01-31,179.71388244628906
2014-02-03,173.1426239013672
2014-02-04,176.51507568359375
2014-02-05,173.208740234375
2014-02-06,179.11874389648438
2014-02-07,183.458251953125
2014-02-10,183.805419921875
2014-02-11,186.44049072265625
2014-02-12,183.805419921875
2014-02-13,183.9384307861328
2014-02-14,184.8195343017578
2014-02-18,186.2825469970703
2014-02-19,183.63917541503903
2014-02-20,185.7837677001953
2014-02-21,189.8153533935547
2014-02-24,195.83360290527344
2014-02-25,195.4678497314453
2014-02-26,196.9141845703125
2014-02-27,201.12863159179688
2014-02-28,201.56919860839844
2014-03-03,201.8933563232422
2014-03-04,206.1077423095703
2014-03-05,205.9498443603516
2014-03-06,206.0080108642578
2014-03-07,205.0271911621093
2014-03-10,199.97315979003903
2014-03-11,199.60745239257807
2014-03-12,199.11697387695312
2014-03-13,193.0405731201172
2014-03-14,190.8959350585937
2014-03-17,193.9133758544922
2014-03-18,194.77783203125
2014-03-19,190.36387634277344
2014-03-20,190.01483154296875
2014-03-21,188.02813720703125
2014-03-24,186.44049072265625
2014-03-25,182.45880126953125
2014-03-26,178.61012268066406
2014-03-27,177.6874542236328
2014-03-28,180.80458068847656
2014-03-31,184.6616058349609
2014-04-01,188.84274291992188
2014-04-02,189.0754547119141
2014-04-03,184.80288696289065
2014-04-04,177.5876922607422
2014-04-07,175.152099609375
2014-04-08,176.9475555419922
2014-04-09,183.1237945556641
2014-04-10,175.26016235351562
2014-04-11,175.66751098632812
2014-04-14,174.8944091796875
2014-04-15,168.5935821533203
2014-04-16,170.40570068359375
2014-04-17,172.89944458007812
2014-04-21,169.94015502929688
2014-04-22,179.624267578125
2014-04-23,171.91859436035156
2014-04-24,177.16375732421875
2014-04-25,167.4880828857422
2014-04-28,160.9626922607422
2014-04-29,169.25027465820312
2014-04-30,169.48300170898438
2014-05-01,171.7606658935547
2014-05-02,184.2709045410156
2014-05-05,180.0897674560547
2014-05-06,172.525390625
2014-05-07,170.3558349609375
2014-05-08,163.29856872558594
2014-05-09,166.65673828125
2014-05-12,169.3084259033203
2014-05-13,172.29429626464844
2014-05-14,168.2964630126953
2014-05-15,168.714599609375
2014-05-16,168.75645446777344
2014-05-19,170.25355529785156
2014-05-20,167.44334411621094
2014-05-21,171.33248901367188
2014-05-22,174.2598419189453
2014-05-23,173.84996032714844
2014-05-27,180.36538696289065
2014-05-28,182.33924865722656
2014-05-29,183.99530029296875
2014-05-30,179.79666137695312
2014-06-02,182.3475952148437
2014-06-03,174.159423828125
2014-06-04,175.8155059814453
2014-06-05,172.16883850097656
2014-06-06,171.44119262695312
2014-06-09,166.4815216064453
2014-06-10,165.49456787109375
2014-06-11,168.17930603027344
2014-06-12,164.9425506591797
2014-06-13,168.16256713867188
2014-06-16,166.5400390625
2014-06-17,165.1432647705078
2014-06-18,166.7742156982422
2014-06-19,169.45899963378906
2014-06-20,167.93679809570312
2014-06-23,168.2462615966797
2014-06-24,168.64772033691406
2014-06-25,170.28701782226562
2014-06-26,174.00050354003906
2014-06-27,173.03871154785156
2014-06-30,173.59909057617188
2014-07-01,175.75694274902344
2014-07-02,177.00315856933594
2014-07-03,177.23736572265625
2014-07-07,174.45220947265625
2014-07-08,169.0993194580078
2014-07-09,172.34454345703125
2014-07-10,169.94412231445312
2014-07-11,169.55938720703125
2014-07-14,169.7182159423828
2014-07-15,169.3753662109375
2014-07-16,170.50450134277344
2014-07-17,166.59861755371094
2014-07-18,168.11241149902344
2014-07-21,169.3753662109375
2014-07-22,173.37327575683594
2014-07-23,172.50341796875
2014-07-24,171.4830322265625
2014-07-25,171.0146484375
2014-07-28,176.4511260986328
2014-07-29,181.8374481201172
2014-07-30,182.8411102294922
2014-07-31,178.3162384033203
2014-08-01,175.67327880859375
2014-08-04,178.56715393066406
2014-08-05,174.87875366210938
2014-08-06,167.72767639160156
2014-08-07,163.24468994140625
2014-08-08,168.9603271484375
2014-08-11,168.55625915527344
2014-08-12,168.5226287841797
2014-08-13,169.4822235107422
2014-08-14,170.2313690185547
2014-08-15,169.47377014160156
2014-08-18,170.79539489746094
2014-08-19,171.18251037597656
2014-08-20,170.48394775390625
2014-08-21,168.78355407714844
2014-08-22,168.4552459716797
2014-08-25,168.74147033691406
2014-08-26,167.7482147216797
2014-08-27,165.155517578125
2014-08-28,165.65220642089844
2014-08-29,162.36082458496094
2014-09-02,155.76980590820312
2014-09-03,155.92970275878906
2014-09-04,155.53408813476562
2014-09-05,156.28326416015625
2014-09-08,155.48358154296875
2014-09-09,155.10476684570312
2014-09-10,153.43809509277344
2014-09-11,156.6536102294922
2014-09-12,153.6485137939453
2014-09-15,152.12493896484375
2014-09-16,151.40940856933594
2014-09-17,154.12831115722656
2014-09-18,158.10989379882812
2014-09-19,155.96339416503906
2014-09-22,152.59628295898438
2014-09-23,153.90101623535156
2014-09-24,156.52734375
2014-09-25,153.16868591308594
2014-09-26,155.3068084716797
2014-09-29,150.6686248779297
2014-09-30,157.47853088378906
2014-10-01,153.4548797607422
2014-10-02,153.0003662109375
2014-10-03,153.43809509277344
2014-10-06,154.70912170410156
2014-10-07,151.75453186035156
2014-10-08,154.28823852539062
2014-10-09,149.89422607421875
2014-10-10,148.74940490722656
2014-10-13,145.9967803955078
2014-10-14,146.3335418701172
2014-10-15,146.72915649414062
2014-10-16,153.2613067626953
2014-10-17,153.58116149902344
2014-10-20,152.91615295410156
2014-10-21,155.38259887695312
2014-10-22,153.55592346191406
2014-10-23,154.45664978027344
2014-10-24,155.4920196533203
2014-10-27,154.60812377929688
2014-10-28,155.9381103515625
2014-10-29,156.51048278808594
2014-10-30,157.9583282470703
2014-10-31,159.94491577148438
2014-11-03,159.52406311035156
2014-11-04,155.946533203125
2014-11-05,151.29994201660156
2014-11-06,150.43292236328125
2014-11-07,151.26101684570312
2014-11-10,151.8671875
2014-11-11,153.96734619140625
2014-11-12,153.91604614257812
2014-11-13,155.9137725830078
2014-11-14,157.07484436035156
2014-11-17,155.9137725830078
2014-11-18,155.44422912597656
2014-11-19,153.6856231689453
2014-11-20,151.83302307128906
2014-11-21,153.36119079589844
2014-11-24,153.85630798339844
2014-11-25,151.96957397460938
2014-11-26,151.1586151123047
2014-11-28,152.48187255859375
2014-12-01,148.97308349609375
2014-12-02,148.7596435546875
2014-12-03,144.76429748535156
2014-12-04,139.0871124267578
2014-12-05,139.92369079589844
2014-12-08,134.53680419921875
2014-12-09,133.71722412109375
2014-12-10,125.28250122070312
2014-12-11,127.10093688964844
2014-12-12,125.9057388305664
2014-12-15,123.92516326904295
2014-12-16,119.96392059326172
2014-12-17,118.64064025878906
2014-12-18,123.87388610839844
2014-12-19,128.1510009765625
2014-12-22,125.9057388305664
2014-12-23,129.49986267089844
2014-12-24,128.825439453125
2014-12-26,128.3729705810547
2014-12-29,130.6182098388672
2014-12-30,129.08154296875
2014-12-31,126.99846649169922
2015-01-02,125.4020538330078
2015-01-05,123.26776123046876
2015-01-06,120.6383285522461
2015-01-07,124.18126678466795
2015-01-08,125.67526245117188
2015-01-09,127.2460708618164
2015-01-12,126.74237823486328
2015-01-13,127.89488983154295
2015-01-14,126.86192321777344
2015-01-15,126.05086517333984
2015-01-16,125.48746490478516
2015-01-20,121.25302124023438
2015-01-21,121.98719787597656
2015-01-22,125.69234466552734
2015-01-23,124.65078735351562
2015-01-26,133.0342254638672
2015-01-27,132.35983276367188
2015-01-28,131.02804565429688
2015-01-29,130.5926055908203
2015-01-30,126.30695343017578
2015-02-02,127.8351593017578
2015-02-03,133.00865173339844
2015-02-04,124.73619079589844
2015-02-05,125.18860626220705
2015-02-06,124.84711456298828
2015-02-09,126.73381805419922
2015-02-10,132.02684020996094
2015-02-11,130.38034057617188
2015-02-12,133.3802947998047
2015-02-13,137.3631134033203
2015-02-17,135.34585571289062
2015-02-18,136.65625
2015-02-19,136.6992950439453
2015-02-20,136.6131134033203
2015-02-23,133.04409790039062
2015-02-24,126.72509002685548
2015-02-25,123.31990051269533
2015-02-26,123.07854461669922
2015-02-27,122.84576416015624
2015-03-02,122.7854232788086
2015-03-03,120.7509307861328
2015-03-04,119.6733627319336
2015-03-05,119.8285140991211
2015-03-06,118.10433197021484
2015-03-09,114.51809692382812
2015-03-10,111.64738464355467
2015-03-11,109.16462707519533
2015-03-12,108.89739990234376
2015-03-13,109.54393005371094
2015-03-16,108.31979370117188
2015-03-17,107.39739227294922
2015-03-18,105.96634674072266
2015-03-19,112.16462707519533
2015-03-20,112.0525894165039
2015-03-23,113.82843780517578
2015-03-24,111.63877868652344
2015-03-25,111.39739227294922
2015-03-26,109.36288452148438
2015-03-27,108.83705139160156
2015-03-30,109.88014221191406
2015-03-31,108.51805877685548
2015-04-01,108.2163314819336
2015-04-02,111.55255889892578
2015-04-06,112.69050598144533
2015-04-07,110.24222564697266
2015-04-08,111.4491195678711
2015-04-09,117.78538513183594
2015-04-10,117.259521484375
2015-04-13,115.17330932617188
2015-04-14,109.9404754638672
2015-04-15,112.0870590209961
2015-04-16,109.78531646728516
2015-04-17,108.1904754638672
2015-04-20,111.16462707519533
2015-04-21,109.28530883789062
2015-04-22,111.26809692382812
2015-04-23,110.4146499633789
2015-04-24,112.14742279052734
2015-04-27,111.06121063232422
2015-04-28,112.48360443115234
2015-04-29,93.7679443359375
2015-04-30,95.75072479248048
2015-05-01,97.1645278930664
2015-05-04,101.01802825927734
2015-05-05,100.38007354736328
2015-05-06,98.00936889648438
2015-05-07,98.6674575805664
2015-05-08,102.03573608398438
2015-05-11,98.7800064086914
2015-05-12,97.13483428955078
2015-05-13,96.08709716796876
2015-05-14,94.1994857788086
2015-05-15,92.46771240234376
2015-05-18,92.5283203125
2015-05-19,92.0780792236328
2015-05-20,93.24699401855467
2015-05-21,93.60198974609376
2015-05-22,92.25125885009766
2015-05-26,90.15579986572266
2015-05-27,89.67090606689453
2015-05-28,89.1773452758789
2015-05-29,87.18582916259766
2015-06-01,85.10771179199219
2015-06-02,86.64029693603516
2015-06-03,88.36343383789062
2015-06-04,94.76233673095705
2015-06-05,94.50254821777344
2015-06-08,88.66647338867188
2015-06-09,88.56256866455078
2015-06-10,89.37650299072266
2015-06-11,90.4415283203125
2015-06-12,89.00418090820312
2015-06-15,89.00418090820312
2015-06-16,89.03014373779297
2015-06-17,90.27703857421876
2015-06-18,91.1429214477539
2015-06-19,89.28125762939453
2015-06-22,87.41093444824219
2015-06-23,86.81349182128906
2015-06-24,85.03843688964844
2015-06-25,84.84794616699219
2015-06-26,83.55775451660156
2015-06-29,81.33245086669922
2015-06-30,85.43675231933594
2015-07-01,89.24662780761719
2015-07-02,89.65360260009766
2015-07-06,89.94798278808594
2015-07-07,96.41616821289062
2015-07-08,90.1731414794922
2015-07-09,91.09095001220705
2015-07-10,89.96531677246094
2015-07-13,93.42020416259766
2015-07-14,92.87467193603516
2015-07-15,89.54969787597656
2015-07-16,89.87870025634766
2015-07-17,88.06904602050781
2015-07-20,86.60568237304688
2015-07-21,87.81793975830078
2015-07-22,87.67073059082031
2015-07-23,90.31165313720705
2015-07-24,88.69246673583984
2015-07-27,85.92163848876953
2015-07-28,84.86527252197266
2015-07-29,83.15079498291016
2015-07-30,90.15579986572266
2015-07-31,89.38517761230469
2015-08-03,87.28105163574219
2015-08-04,86.8481216430664
2015-08-05,87.68804168701172
2015-08-06,87.19449615478516
2015-08-07,89.75285339355469
2015-08-10,90.50125122070312
2015-08-11,86.6114273071289
2015-08-12,84.80142211914062
2015-08-13,82.33876037597656
2015-08-14,80.20675659179688
2015-08-17,79.98047637939453
2015-08-18,79.1015853881836
2015-08-19,78.53596496582031
2015-08-20,74.47209167480469
2015-08-21,71.15660095214844
2015-08-24,66.5532455444336
2015-08-25,65.88316345214844
2015-08-26,64.6474838256836
2015-08-27,68.32842254638672
2015-08-28,68.04999542236328
2015-08-31,65.3088607788086
2015-09-01,61.77581405639648
2015-09-02,63.02891159057617
2015-09-03,64.23849487304688
2015-09-04,63.5858268737793
2015-09-08,65.13480377197266
2015-09-09,63.55973815917969
2015-09-10,60.62712478637695
2015-09-11,58.93024063110352
2015-09-14,59.582889556884766
2015-09-15,61.218875885009766
2015-09-16,64.20368194580078
2015-09-17,61.14925384521485
2015-09-18,59.55679321289063
2015-09-21,57.92081069946289
2015-09-22,55.63217544555664
2015-09-23,52.42111587524414
2015-09-24,52.06433868408203
2015-09-25,50.67200469970703
2015-09-28,47.35651779174805
2015-09-29,46.312278747558594
2015-09-30,46.22525787353516
2015-10-01,44.998268127441406
2015-10-02,55.27538299560547
2015-10-05,56.46756362915039
2015-10-06,59.04336929321289
2015-10-07,62.6460189819336
2015-10-08,66.0572280883789
2015-10-09,65.61341857910156
2015-10-12,61.95855331420898
2015-10-13,61.19276809692383
2015-10-14,62.97670364379883
2015-10-15,64.18628692626953
2015-10-16,63.437896728515625
2015-10-19,59.391448974609375
2015-10-20,58.234073638916016
2015-10-21,56.102081298828125
2015-10-22,54.97951889038086
2015-10-23,58.82582473754883
2015-10-26,57.7902717590332
2015-10-27,56.18040466308594
2015-10-28,58.56475830078125
2015-10-29,60.827293395996094
2015-10-30,60.870792388916016
2015-11-02,62.82004165649414
2015-11-03,64.62138366699219
2015-11-04,63.41181182861328
2015-11-05,63.50752639770508
2015-11-06,64.38643646240234
2015-11-09,59.70793914794922
2015-11-10,58.91939926147461
2015-11-11,57.64902877807617
2015-11-12,56.68526840209961
2015-11-13,54.4949836730957
2015-11-16,55.62517166137695
2015-11-17,53.93426132202149
2015-11-18,53.71521759033203
2015-11-19,54.12699508666992
2015-11-20,52.182010650634766
2015-11-23,52.76900100708008
2015-11-24,55.15205764770508
2015-11-25,54.53878021240234
2015-11-27,53.4874267578125
2015-11-30,54.99436569213867
2015-12-01,58.53390884399414
2015-12-02,60.014556884765625
2015-12-03,57.01820755004883
2015-12-04,56.59767532348633
2015-12-07,56.59767532348633
2015-12-08,54.14453506469727
2015-12-09,61.24989318847656
2015-12-10,58.22726821899414
2015-12-11,55.30977249145508
2015-12-14,54.99436569213867
2015-12-15,57.85930633544922
2015-12-16,60.44384002685547
2015-12-17,56.30855941772461
2015-12-18,55.54632186889648
2015-12-21,57.61397933959961
2015-12-22,59.26985931396485
2015-12-23,60.40879821777344
2015-12-24,60.601558685302734
2015-12-28,59.87438201904297
2015-12-29,61.433895111083984
2015-12-30,60.1372299194336
2015-12-31,60.61909484863281
2016-01-04,60.2511100769043
2016-01-05,61.39007568359375
2016-01-06,58.209747314453125
2016-01-07,52.73396301269531
2016-01-08,50.58746337890625
2016-01-11,49.75513458251953
2016-01-12,48.730072021484375
2016-01-13,45.97027206420898
2016-01-14,45.12043380737305
2016-01-15,51.139404296875
2016-01-19,51.80527114868164
2016-01-20,49.35213088989258
2016-01-21,49.65877151489258
2016-01-22,51.840309143066406
2016-01-25,53.44361114501953
2016-01-26,55.55509185791016
2016-01-27,54.52124786376953
2016-01-28,55.32730102539063
2016-01-29,58.99825286865234
2016-02-01,58.78797912597656
2016-02-02,54.31975555419922
2016-02-03,55.344818115234375
2016-02-04,55.87925338745117
2016-02-05,54.24090576171875
2016-02-08,51.51614761352539
2016-02-09,51.209503173828125
2016-02-10,50.93790817260742
2016-02-11,52.295894622802734
2016-02-12,60.57527923583984
2016-02-16,65.4027328491211
2016-02-17,66.76950073242188
2016-02-18,68.73197174072266
2016-02-19,68.05306243896484
2016-02-22,70.12515258789062
2016-02-23,70.23097229003906
2016-02-24,70.24859619140625
2016-02-25,71.09507751464844
2016-02-26,72.4529800415039
2016-02-29,72.72631072998047
2016-03-01,74.5162353515625
2016-03-02,74.94831848144531
2016-03-03,77.90214538574219
2016-03-04,75.33625793457031
2016-03-07,74.05773162841797
2016-03-08,70.77764892578125
2016-03-09,71.91510772705078
2016-03-10,74.11946105957031
2016-03-11,75.88294219970703
2016-03-14,75.14229583740234
2016-03-15,73.40525817871094
2016-03-16,76.09457397460938
2016-03-17,78.2989273071289
2016-03-18,82.90164184570312
2016-03-21,81.77300262451172
2016-03-22,83.76576232910156
2016-03-23,80.9089126586914
2016-03-24,82.41668701171875
2016-03-28,81.85236358642578
2016-03-29,83.00743865966797
2016-03-30,82.87519073486328
2016-03-31,82.38142395019531
2016-04-01,83.5364990234375
2016-04-04,82.3549575805664
2016-04-05,80.16822052001953
2016-04-06,78.96025848388672
2016-04-07,88.1656494140625
2016-04-08,87.09872436523438
2016-04-11,86.68433380126953
2016-04-12,85.69677734375
2016-04-13,86.12882232666016
2016-04-14,86.1200180053711
2016-04-15,86.1200180053711
2016-04-18,85.07074737548828
2016-04-19,88.1656494140625
2016-04-20,87.63661193847656
2016-04-21,84.46233367919922
2016-04-22,84.6474838256836
2016-04-25,80.18587493896484
2016-04-26,79.05723571777344
2016-04-27,78.62518310546875
2016-04-28,78.66927337646484
2016-04-29,77.85807037353516
2016-05-02,83.13089752197266
2016-05-03,83.28079223632812
2016-05-04,80.44157409667969
2016-05-05,79.0219955444336
2016-05-06,80.4239273071289
2016-05-09,79.0219955444336
2016-05-10,82.91045379638672
2016-05-11,81.96697235107422
2016-05-12,82.37258911132812
2016-05-13,79.73971557617188
2016-05-16,80.56414031982422
2016-05-17,80.87442779541016
2016-05-18,78.40998077392578
2016-05-19,78.40998077392578
2016-05-20,78.86209869384766
2016-05-23,81.09605407714844
2016-05-24,82.6385498046875
2016-05-25,85.67919921875
2016-05-26,83.87963104248047
2016-05-27,85.0675048828125
2016-05-31,85.26256561279297
2016-06-01,85.75012969970703
2016-06-02,88.12591552734375
2016-06-03,87.3192138671875
2016-06-06,87.48763275146484
2016-06-07,89.6329574584961
2016-06-08,89.81912231445312
2016-06-09,89.3492660522461
2016-06-10,89.04785919189453
2016-06-13,88.78191375732422
2016-06-14,90.01411437988281
2016-06-15,90.06732177734375
2016-06-16,89.71272277832031
2016-06-17,91.47686004638672
2016-06-20,88.9060287475586
2016-06-21,90.25347137451172
2016-06-22,89.28722381591797
2016-06-23,90.15596771240234
2016-06-24,81.8140869140625
2016-06-27,77.73627471923828
2016-06-28,78.25927734375
2016-06-29,80.91875457763672
2016-06-30,80.35138702392578
2016-07-01,81.37085723876953
2016-07-05,78.98621368408203
2016-07-06,79.72199249267578
2016-07-07,78.86209869384766
2016-07-08,79.56243133544922
2016-07-11,83.41865539550781
2016-07-12,85.54621124267578
2016-07-13,84.11009979248047
2016-07-14,81.57475280761719
2016-07-15,81.75204467773438
2016-07-18,85.6880874633789
2016-07-19,84.36717224121094
2016-07-20,83.48957824707031
2016-07-21,83.23249053955078
2016-07-22,84.89909362792969
2016-07-25,86.3529281616211
2016-07-26,91.72506713867188
2016-07-27,90.63467407226562
2016-07-28,92.77999114990234
2016-07-29,86.83161926269531
2016-08-01,86.81392669677734
2016-08-02,85.9185562133789
2016-08-03,86.57455444335938
2016-08-04,87.09757232666016
2016-08-05,86.44158935546875
2016-08-08,88.69325256347656
2016-08-09,89.26345825195312
2016-08-10,88.72888946533203
2016-08-11,91.46410369873048
2016-08-12,88.87144470214844
2016-08-15,92.42630004882812
2016-08-16,90.35933685302734
2016-08-17,90.27914428710938
2016-08-18,88.80907440185547
2016-08-19,86.75992584228516
2016-08-22,86.51044464111328
2016-08-23,85.87787628173828
2016-08-24,80.90642547607422
2016-08-25,80.63916015625
2016-08-26,80.05110931396484
2016-08-29,80.82624053955078
2016-08-30,80.31840515136719
2016-08-31,79.57892608642578
2016-09-01,83.00904846191406
2016-09-02,82.30521392822266
2016-09-06,82.6705093383789
2016-09-07,84.06034851074219
2016-09-08,85.33440399169922
2016-09-09,87.6776123046875
2016-09-12,92.66685485839844
2016-09-13,92.39959716796876
2016-09-14,95.5535125732422
2016-09-15,96.82755279541016
2016-09-16,96.72958374023438
2016-09-19,92.62232208251952
2016-09-20,92.20358276367188
2016-09-21,91.76700592041016
2016-09-22,91.13446044921876
2016-09-23,91.00079345703124
2016-09-26,89.81586456298828
2016-09-27,89.75347900390625
2016-09-28,90.5731430053711
2016-09-29,89.61982727050781
2016-09-30,86.79557800292969
2016-10-03,88.45272827148438
2016-10-04,85.86898803710938
2016-10-05,87.25885009765625
2016-10-06,87.08065032958984
2016-10-07,86.43026733398438
2016-10-10,87.90924072265625
2016-10-11,87.0450210571289
2016-10-12,85.91352844238281
2016-10-13,84.59493255615234
2016-10-14,83.18724822998047
2016-10-17,82.94668579101562
2016-10-18,82.83978271484375
2016-10-19,85.10276794433594
2016-10-20,85.5304183959961
2016-10-21,84.88004302978516
2016-10-24,86.24319458007812
2016-10-25,85.14733123779297
2016-10-26,85.30767822265625
2016-10-27,83.9089126586914
2016-10-28,83.9089126586914
2016-10-31,84.23853302001953
2016-11-01,87.51720428466797
2016-11-02,85.99369812011719
2016-11-03,77.98412322998047
2016-11-04,78.43853759765625
2016-11-07,78.27816009521484
2016-11-08,77.21794128417969
2016-11-09,78.26033782958984
2016-11-10,75.99735260009766
2016-11-11,75.7122573852539
2016-11-14,75.29350280761719
2016-11-15,77.85677337646484
2016-11-16,77.587890625
2016-11-17,81.05636596679688
2016-11-18,82.76817321777344
2016-11-21,87.27629852294922
2016-11-22,87.92158508300781
2016-11-23,90.8074951171875
2016-11-25,91.01363372802734
2016-11-28,91.41695404052734
2016-11-29,89.43624877929688
2016-11-30,91.40798950195312
2016-12-01,88.9701919555664
2016-12-02,88.40554809570312
2016-12-05,88.16356658935547
2016-12-06,91.5782699584961
2016-12-07,91.40798950195312
2016-12-08,81.30729675292969
2016-12-09,82.34693908691406
2016-12-12,82.0063705444336
2016-12-13,83.79886627197266
2016-12-14,82.597900390625
2016-12-15,81.45069885253906
2016-12-16,82.36488342285156
2016-12-19,80.76954650878906
2016-12-20,79.14735412597656
2016-12-21,80.00773620605469
2016-12-22,79.09357452392578
2016-12-23,79.1742172241211
2016-12-27,79.0846176147461
2016-12-28,78.04497528076172
2016-12-29,78.1256332397461
2016-12-30,77.53412628173828
2017-01-03,78.38553619384766
2017-01-04,80.9129638671875
2017-01-05,81.95258331298828
2017-01-06,82.83987426757812
2017-01-09,83.12666320800781
2017-01-10,84.99085998535156
2017-01-11,83.28800201416016
2017-01-12,82.40071868896484
2017-01-13,81.13700866699219
2017-01-17,82.75921630859375
2017-01-18,82.43657684326172
2017-01-19,81.49551391601562
2017-01-20,81.39692687988281
2017-01-23,83.02809143066406
2017-01-24,84.27386474609375
2017-01-25,86.41587829589844
2017-01-26,85.59134674072266
2017-01-27,92.38488006591795
2017-01-30,91.9098892211914
2017-01-31,90.90608978271484
2017-02-01,87.70648193359375
2017-02-02,87.27629852294922
2017-02-03,86.86400604248047
2017-02-06,86.95364379882812
2017-02-07,86.9446792602539
2017-02-08,87.0970458984375
2017-02-09,88.62065887451172
2017-02-10,89.08907318115234
2017-02-13,89.15214538574219
2017-02-14,87.9900894165039
2017-02-15,89.89077758789062
2017-02-16,87.12533569335938
2017-02-17,86.39567565917969
2017-02-21,86.4497299194336
2017-02-22,85.35075378417969
2017-02-23,84.53103637695312
2017-02-24,84.68416595458984
2017-02-27,86.0353775024414
2017-02-28,86.61187744140625
2017-03-01,92.52110290527344
2017-03-02,90.2150650024414
2017-03-03,91.0167999267578
2017-03-06,90.41326141357422
2017-03-07,89.59352111816406
2017-03-08,89.3863296508789
2017-03-09,89.1701431274414
2017-03-10,89.67459869384766
2017-03-13,93.9533920288086
2017-03-14,94.31369018554688
2017-03-15,94.35874938964844
2017-03-16,95.63788604736328
2017-03-17,99.25908660888672
2017-03-20,100.5652847290039
2017-03-21,100.66436004638672
2017-03-22,102.10564422607422
2017-03-23,101.17779541015624
2017-03-24,100.81747436523438
2017-03-27,103.27664947509766
2017-03-28,103.75408172607422
2017-03-29,104.03333282470705
2017-03-30,102.96139526367188
2017-03-31,103.24061584472656
2017-04-03,104.79899597167967
2017-04-04,105.15934753417967
2017-04-05,105.10529327392578
2017-04-06,106.15923309326172
2017-04-07,105.24040222167967
2017-04-10,104.6548843383789
2017-04-11,104.69994354248048
2017-04-12,103.94326782226562
2017-04-13,102.21369934082033
2017-04-17,103.26766967773438
2017-04-18,104.39366149902344
2017-04-19,103.53790283203124
2017-04-20,104.6278839111328
2017-04-21,104.40267181396484
2017-04-24,104.10538482666016
2017-04-25,106.49252319335938
2017-04-26,112.77110290527344
2017-04-27,112.14954376220705
2017-04-28,110.8073501586914
2017-05-01,113.4286651611328
2017-05-02,112.87018585205078
2017-05-03,113.36561584472656
2017-05-04,111.98739624023438
2017-05-05,110.0236358642578
2017-05-08,108.27611541748048
2017-05-09,111.67725372314452
2017-05-10,111.50537872314452
2017-05-11,110.56464385986328
2017-05-12,113.33260345458984
2017-05-15,113.69442749023438
2017-05-16,115.70256042480467
2017-05-17,110.91741943359376
2017-05-18,110.73650360107422
2017-05-19,110.1123504638672
2017-05-22,113.21501159667967
2017-05-23,112.3013916015625
2017-05-24,112.1657257080078
2017-05-25,112.56372833251952
2017-05-26,113.73062133789062
2017-05-30,114.49948120117188
2017-05-31,116.41715240478516
2017-06-01,120.84046936035156
2017-06-02,121.8264389038086
2017-06-05,120.56004333496094
2017-06-06,119.9449462890625
2017-06-07,119.6826171875
2017-06-08,121.87166595458984
2017-06-09,117.22222900390624
2017-06-12,117.81922149658205
2017-06-13,121.35608673095705
2017-06-14,120.75003051757812
2017-06-15,121.24752807617188
2017-06-16,121.62747192382812
2017-06-19,125.20952606201172
2017-06-20,124.0426254272461
2017-06-21,124.3411102294922
2017-06-22,123.97026824951172
2017-06-23,125.1190414428711
2017-06-26,124.06072235107422
2017-06-27,122.6857681274414
2017-06-28,122.96617889404295
2017-06-29,120.08968353271484
2017-06-30,121.31988525390624
2017-07-03,118.50672149658205
2017-07-05,119.7821273803711
2017-07-06,118.4162368774414
2017-07-07,119.8183135986328
2017-07-10,122.07067108154295
2017-07-11,121.47366333007812
2017-07-12,122.36016845703124
2017-07-13,122.09784698486328
2017-07-14,117.97300720214844
2017-07-17,117.45740509033205
2017-07-18,120.80429077148438
2017-07-19,120.4605484008789
2017-07-20,119.4022216796875
2017-07-21,121.33797454833984
2017-07-24,125.30902099609376
2017-07-25,125.716064453125
2017-07-26,119.4022216796875
2017-07-27,115.80207061767578
2017-07-28,116.32672119140624
2017-07-31,116.99610137939452
2017-08-01,115.78396606445312
2017-08-02,113.92962646484376
2017-08-03,114.28237915039062
2017-08-04,115.34075164794922
2017-08-07,117.8011474609375
2017-08-08,118.10990142822266
2017-08-09,117.91010284423828
2017-08-10,114.43228149414062
2017-08-11,114.078125
2017-08-14,116.39366149902344
2017-08-15,123.8487777709961
2017-08-16,123.90322875976562
2017-08-17,122.24148559570312
2017-08-18,122.49575805664062
2017-08-21,123.16769409179688
2017-08-22,123.63078308105467
2017-08-23,122.35955047607422
2017-08-24,121.7693328857422
2017-08-25,122.26874542236328
2017-08-28,121.58772277832033
2017-08-29,122.8135757446289
2017-08-30,123.58538818359376
2017-08-31,126.20970153808594
2017-09-01,130.23231506347656
2017-09-05,129.3969268798828
2017-09-06,130.19602966308594
2017-09-07,132.3480987548828
2017-09-08,131.1494140625
2017-09-11,132.48431396484375
2017-09-12,132.50242614746094
2017-09-13,132.0938262939453
2017-09-14,130.8498077392578
2017-09-15,130.05072021484375
2017-09-18,130.61370849609375
2017-09-19,133.49220275878906
2017-09-20,132.2936553955078
2017-09-21,132.03024291992188
2017-09-22,131.58531188964844
2017-09-25,128.1529083251953
2017-09-26,131.32200622558594
2017-09-27,131.92129516601562
2017-09-28,131.10403442382812
2017-09-29,135.22659301757812
2017-10-02,133.54669189453125
2017-10-03,133.56488037109375
2017-10-04,133.45591735839844
2017-10-05,133.44679260253906
2017-10-06,130.70452880859375
2017-10-09,130.18692016601562
2017-10-10,129.43325805664062
2017-10-11,130.09608459472656
2017-10-12,127.81690216064452
2017-10-13,129.24256896972656
2017-10-16,133.3105926513672
2017-10-17,132.93829345703125
2017-10-18,131.96670532226562
2017-10-19,132.1483154296875
2017-10-20,131.15855407714844
2017-10-23,131.44906616210938
2017-10-24,131.58531188964844
2017-10-25,130.31407165527344
2017-10-26,131.9757843017578
2017-10-27,129.98715209960938
2017-10-30,128.2255401611328
2017-10-31,133.92808532714844
2017-11-01,137.61477661132812
2017-11-02,136.25267028808594
2017-11-03,136.28897094726562
2017-11-06,137.46946716308594
2017-11-07,138.1959686279297
2017-11-08,138.74073791503906
2017-11-09,139.46717834472656
2017-11-10,139.86672973632812
2017-11-13,140.96548461914062
2017-11-14,139.4762725830078
2017-11-15,138.1279754638672
2017-11-16,139.5673370361328
2017-11-17,138.72923278808594
2017-11-20,142.99278259277344
2017-11-21,144.45950317382812
2017-11-22,144.56884765625
2017-11-24,145.2338409423828
2017-11-27,144.38661193847656
2017-11-28,143.48472595214844
2017-11-29,142.1820068359375
2017-11-30,144.01309204101562
2017-12-01,144.86036682128906
2017-12-04,144.00399780273438
2017-12-05,145.26121520996094
2017-12-06,143.8035888671875
2017-12-07,144.77835083007812
2017-12-08,145.3432159423828
2017-12-11,149.64315795898438
2017-12-12,147.86666870117188
2017-12-13,150.1807098388672
2017-12-14,150.31735229492188
2017-12-15,151.2556610107422
2017-12-18,150.43576049804688
2017-12-19,151.3558807373047
2017-12-20,153.9158172607422
2017-12-21,153.51498413085938
2017-12-22,152.82260131835938
2017-12-26,153.61517333984375
2017-12-27,155.06373596191406
2017-12-28,153.48765563964844
2017-12-29,153.58787536621094
2018-01-02,149.67965698242188
2018-01-03,148.0579833984375
2018-01-04,148.8596954345703
2018-01-05,149.85272216796875
2018-01-08,147.8575897216797
2018-01-09,148.8596954345703
2018-01-10,147.5843048095703
2018-01-11,148.03977966308594
2018-01-12,150.8092803955078
2018-01-16,153.71542358398438
2018-01-17,158.1429443359375
2018-01-18,159.86476135253906
2018-01-19,163.65452575683594
2018-01-22,177.85728454589844
2018-01-23,177.60220336914062
2018-01-24,182.73123168945312
2018-01-25,182.7494354248047
2018-01-26,164.24671936035156
2018-01-29,148.93255615234375
2018-01-30,156.13876342773438
2018-01-31,150.8548126220703
2018-02-01,155.3187713623047
2018-02-02,151.7384796142578
2018-02-05,150.75460815429688
2018-02-06,148.69569396972656
2018-02-07,161.5410614013672
2018-02-08,154.21646118164062
2018-02-09,151.42874145507812
2018-02-12,148.42242431640625
2018-02-13,150.0076141357422
2018-02-14,150.0076141357422
2018-02-15,149.87049865722656
2018-02-16,150.1172637939453
2018-02-20,150.70205688476562
2018-02-21,152.01791381835938
2018-02-22,150.03501892089844
2018-02-23,152.7215576171875
2018-02-26,154.43031311035156
2018-02-27,154.20187377929688
2018-02-28,153.05966186523438
2018-03-01,149.3313446044922
2018-03-02,149.0023956298828
2018-03-05,150.8299560546875
2018-03-06,152.4016876220703
2018-03-07,153.8911895751953
2018-03-08,163.66871643066406
2018-03-09,172.60560607910156
2018-03-12,175.2555694580078
2018-03-13,169.42562866210938
2018-03-14,169.25196838378906
2018-03-15,170.15667724609375
2018-03-16,168.83164978027344
2018-03-19,165.96231079101562
2018-03-20,168.31077575683594
2018-03-21,163.4951171875
2018-03-22,160.40652465820312
2018-03-23,160.71717834472656
2018-03-26,161.7406463623047
2018-03-27,162.40768432617188
2018-03-28,160.8633575439453
2018-03-29,166.63853454589844
2018-04-02,165.3957977294922
2018-04-03,164.756103515625
2018-04-04,164.0982208251953
2018-04-05,165.61509704589844
2018-04-06,163.10218811035156
2018-04-09,164.82925415039062
2018-04-10,167.479248046875
2018-04-11,164.32664489746094
2018-04-12,170.549560546875
2018-04-13,167.96353149414062
2018-04-16,172.43199157714844
2018-04-17,174.21385192871094
2018-04-18,176.27902221679688
2018-04-19,175.1276092529297
2018-04-20,175.9134979248047
2018-04-23,176.58058166503906
2018-04-24,173.61988830566406
2018-04-25,167.12286376953125
2018-04-26,168.37474060058594
2018-04-27,169.15145874023438
2018-04-30,170.1383819580078
2018-05-01,175.3104248046875
2018-05-02,174.5610809326172
2018-05-03,175.10018920898438
2018-05-04,175.82212829589844
2018-05-07,175.36520385742188
2018-05-08,175.21902465820312
2018-05-09,182.035888671875
2018-05-10,184.1376190185547
2018-05-11,178.7827911376953
2018-05-14,175.109375
2018-05-15,174.46055603027344
2018-05-16,176.6072540283203
2018-05-17,174.2863006591797
2018-05-18,173.41476440429688
2018-05-21,178.1393280029297
2018-05-22,177.86412048339844
2018-05-23,178.53379821777344
2018-05-24,177.6531219482422
2018-05-25,178.16685485839844
2018-05-29,177.41458129882812
2018-05-30,179.5062713623047
2018-05-31,179.81814575195312
2018-06-01,176.5980987548828
2018-06-04,167.72689819335938
2018-06-05,162.26840209960938
2018-06-06,164.68116760253906
2018-06-07,161.69044494628906
2018-06-08,163.40602111816406
2018-06-11,165.8829803466797
2018-06-12,164.57107543945312
2018-06-13,161.846435546875
2018-06-14,161.69044494628906
2018-06-15,158.9933319091797
2018-06-18,160.62631225585938
2018-06-19,158.1768798828125
2018-06-20,160.030029296875
2018-06-21,157.79153442382812
2018-06-22,156.08518981933594
2018-06-25,152.78260803222656
2018-06-26,153.38809204101562
2018-06-27,150.3698272705078
2018-06-28,150.46156311035156
2018-06-29,153.51651000976562
2018-07-02,141.4069061279297
2018-07-03,139.5996551513672
2018-07-05,142.04908752441406
2018-07-06,143.90220642089844
2018-07-09,146.90211486816406
2018-07-10,151.7183837890625
2018-07-11,147.87457275390625
2018-07-12,150.93862915039062
2018-07-13,151.5900115966797
2018-07-16,152.314697265625
2018-07-17,151.33309936523438
2018-07-18,151.3238983154297
2018-07-19,150.05792236328125
2018-07-20,150.3790283203125
2018-07-23,150.21389770507812
2018-07-24,150.0487518310547
2018-07-25,152.1037139892578
2018-07-26,151.60830688476562
2018-07-27,149.892822265625
2018-07-30,148.45252990722656
2018-07-31,153.0027618408203
2018-08-01,146.77362060546875
2018-08-02,137.1868896484375
2018-08-03,136.86581420898438
2018-08-06,140.31517028808594
2018-08-07,140.6271514892578
2018-08-08,141.17755126953125
2018-08-09,139.73727416992188
2018-08-10,136.2511749267578
2018-08-13,135.77410888671875
2018-08-14,131.9853057861328
2018-08-15,127.4203872680664
2018-08-16,128.73915100097656
2018-08-17,131.25677490234375
2018-08-20,134.43832397460938
2018-08-21,134.0233154296875
2018-08-22,133.76515197753906
2018-08-23,133.84815979003906
2018-08-24,134.54898071289062
2018-08-27,137.15884399414062
2018-08-28,136.44876098632812
2018-08-29,137.18646240234375
2018-08-30,136.97438049316406
2018-08-31,136.79916381835938
2018-09-04,131.90228271484375
2018-09-05,129.44921875
2018-09-06,117.90328979492188
2018-09-07,118.39207458496094
2018-09-10,123.75926971435548
2018-09-11,123.1045150756836
2018-09-12,124.4416961669922
2018-09-13,124.66300964355467
2018-09-14,124.75523376464844
2018-09-17,122.14539337158205
2018-09-18,122.62496948242188
2018-09-19,125.17023468017578
2018-09-20,126.62732696533205
2018-09-21,126.0924301147461
2018-09-24,122.6341552734375
2018-09-25,123.51949310302734
2018-09-26,121.42610168457033
2018-09-27,118.90850067138672
2018-09-28,117.1747589111328
2018-10-01,115.54244995117188
2018-10-02,114.1775894165039
2018-10-03,117.24851989746094
2018-10-04,113.83639526367188
2018-10-05,111.24500274658205
2018-10-08,107.2242202758789
2018-10-09,109.70494079589844
2018-10-10,106.15445709228516
2018-10-11,107.17809295654295
2018-10-12,107.51009368896484
2018-10-15,105.74869537353516
2018-10-16,108.6628646850586
2018-10-17,109.08705139160156
2018-10-18,105.01095581054688
2018-10-19,101.62645721435548
2018-10-22,100.24314880371094
2018-10-23,94.70073699951172
2018-10-24,91.68515014648438
2018-10-25,95.18950653076172
2018-10-26,92.69033813476562
2018-10-29,86.85281372070312
2018-10-30,90.00674438476562
2018-10-31,92.77335357666016
2018-11-01,103.86741638183594
2018-11-02,103.00055694580078
2018-11-05,100.79647827148438
2018-11-06,101.1561508178711
2018-11-07,105.1216049194336
2018-11-08,91.3162612915039
2018-11-09,90.67072296142578
2018-11-12,91.75891876220705
2018-11-13,94.05520629882812
2018-11-14,95.20793914794922
2018-11-15,98.1220932006836
2018-11-16,99.37627410888672
2018-11-19,96.1116943359375
2018-11-20,93.77091217041016
2018-11-21,98.2109832763672
2018-11-23,96.91053771972656
2018-11-26,103.58921813964844
2018-11-27,104.80606842041016
2018-11-28,104.77820587158205
2018-11-29,100.4310302734375
2018-11-30,101.6199951171875
2018-12-03,111.27110290527344
2018-12-04,102.51172637939452
2018-12-06,104.41594696044922
2018-12-07,97.52361297607422
2018-12-10,98.68472290039062
2018-12-11,98.03450012207033
2018-12-12,101.6199951171875
2018-12-13,100.42171478271484
2018-12-14,99.11199188232422
2018-12-17,97.04988098144533
2018-12-18,95.75872039794922
2018-12-19,91.3929672241211
2018-12-20,90.84494018554688
2018-12-21,86.76712799072266
2018-12-24,85.4666748046875
2018-12-26,92.1732406616211
2018-12-27,91.14218139648438
2018-12-28,90.32474517822266
2018-12-31,91.87599182128906
2019-01-02,96.97557067871094
2019-01-03,96.0373992919922
2019-01-04,99.91082763671876
2019-01-07,101.6850128173828
2019-01-08,104.87109375
2019-01-09,106.2365493774414
2019-01-10,103.47776794433594
2019-01-11,105.474853515625
2019-01-14,100.41243743896484
2019-01-15,100.10589599609376
2019-01-16,103.57064819335938
2019-01-17,106.14364624023438
2019-01-18,106.98893737792967
2019-01-22,103.99793243408205
2019-01-23,105.01043701171876
2019-01-24,106.2737045288086
2019-01-25,110.10072326660156
2019-01-28,109.7663116455078
2019-01-29,108.38228607177734
2019-01-30,111.91203308105467
2019-01-31,114.26210021972656
2019-02-01,117.10448455810548
2019-02-04,115.54397583007812
2019-02-05,118.1820068359375
2019-02-06,122.1019058227539
2019-02-07,117.85690307617188
2019-02-08,116.30567169189452
2019-02-11,116.110595703125
2019-02-12,117.16023254394533
2019-02-13,118.47925567626952
2019-02-14,115.33039093017578
2019-02-15,116.33952331542967
2019-02-19,119.93687438964844
2019-02-20,120.70306396484376
2019-02-21,121.12354278564452
2019-02-22,123.10442352294922
2019-02-25,120.72175598144533
2019-02-26,121.88972473144533
2019-02-27,119.32952117919922
2019-02-28,118.2363052368164
2019-03-01,116.90948486328124
2019-03-04,117.3299560546875
2019-03-05,115.9937973022461
2019-03-06,115.44251251220705
2019-03-07,110.88273620605467
2019-03-08,111.7423858642578
2019-03-11,111.5368194580078
2019-03-12,109.64935302734376
2019-03-13,109.31298828125
2019-03-14,108.05158233642578
2019-03-15,108.19174194335938
2019-03-18,108.52811431884766
2019-03-19,110.08851623535156
2019-03-20,110.38752746582033
2019-03-21,113.19065856933594
2019-03-22,109.23824310302734
2019-03-25,108.80843353271484
2019-03-26,109.6587142944336
2019-03-27,108.91121673583984
2019-03-28,109.90164947509766
2019-03-29,111.4900894165039
2019-04-01,120.85256958007812
2019-04-02,126.16918182373048
2019-04-03,128.59857177734375
2019-04-04,130.5046844482422
2019-04-05,131.69134521484375
2019-04-08,135.3447723388672
2019-04-09,130.12159729003906
2019-04-10,131.7474365234375
2019-04-11,131.76608276367188
2019-04-12,134.3450164794922
2019-04-15,132.51365661621094
2019-04-16,135.2233428955078
2019-04-17,133.9525604248047
2019-04-18,133.09295654296875
2019-04-22,130.81304931640625
2019-04-23,133.52273559570312
2019-04-24,134.92430114746094
2019-04-25,137.35369873046875
2019-04-26,139.50277709960938
2019-04-29,139.00755310058594
2019-04-30,134.97103881835938
2019-05-01,136.5501251220703
2019-05-02,136.0082244873047
2019-05-03,137.69007873535156
2019-05-06,132.0838165283203
2019-05-07,126.79520416259766
2019-05-08,127.0381851196289
2019-05-09,127.3838882446289
2019-05-10,121.3664779663086
2019-05-13,113.87276458740234
2019-05-14,115.22760772705078
2019-05-15,117.03095245361328
2019-05-16,118.95579528808594
2019-05-17,113.4522933959961
2019-05-20,112.29367065429688
2019-05-21,113.88601684570312
2019-05-22,112.99090576171876
2019-05-23,107.28106689453124
2019-05-24,107.60140991210938
2019-05-28,107.51660919189452
2019-05-29,107.78042602539062
2019-05-30,104.99146270751952
2019-05-31,101.12836456298828
2019-06-03,97.58562469482422
2019-06-04,106.3482666015625
2019-06-05,104.07750701904295
2019-06-06,103.62525939941406
2019-06-07,104.60513305664062
2019-06-10,109.9286880493164
2019-06-11,111.3231964111328
2019-06-12,108.11019134521484
2019-06-13,110.4375
2019-06-14,108.9299545288086
2019-06-17,108.9958953857422
2019-06-18,114.95073699951172
2019-06-19,115.25221252441406
2019-06-20,115.37470245361328
2019-06-21,114.47962188720705
2019-06-24,114.96955871582033
2019-06-25,112.08637237548828
2019-06-26,114.25347137451172
2019-06-27,116.7880401611328
2019-06-28,116.8257293701172
2019-07-01,123.66626739501952
2019-07-02,125.28688049316406
2019-07-03,125.67317962646484
2019-07-05,125.1361083984375
2019-07-08,125.3716812133789
2019-07-09,126.00294494628906
2019-07-10,122.8088150024414
2019-07-11,123.10089874267578
2019-07-12,126.15371704101562
2019-07-15,129.8095245361328
2019-07-16,131.28878784179688
2019-07-17,128.03814697265625
2019-07-18,127.28434753417967
2019-07-19,126.86976623535156
2019-07-22,126.07829284667967
2019-07-23,130.28062438964844
2019-07-24,132.7398223876953
2019-07-25,129.92257690429688
2019-07-26,131.37359619140625
2019-07-29,130.28062438964844
2019-07-30,127.77432250976562
2019-07-31,122.55442810058594
2019-08-01,115.81755065917967
2019-08-02,112.78362274169922
2019-08-05,104.68053436279295
2019-08-06,105.4060516357422
2019-08-07,103.54988098144533
2019-08-08,105.06684112548828
2019-08-09,102.6170883178711
2019-08-12,100.8739776611328
2019-08-13,102.63591766357422
2019-08-14,98.3017120361328
2019-08-15,97.51210021972656
2019-08-16,100.4136962890625
2019-08-19,106.93985748291016
2019-08-20,108.46199798583984
2019-08-21,108.03388214111328
2019-08-22,104.77081298828124
2019-08-23,100.20438385009766
2019-08-26,100.2804946899414
2019-08-27,99.0818328857422
2019-08-28,100.1948699951172
2019-08-29,101.14622497558594
2019-08-30,104.78982543945312
2019-09-03,100.20438385009766
2019-09-04,103.61970520019533
2019-09-05,105.9123992919922
2019-09-06,106.0170669555664
2019-09-09,109.0708465576172
2019-09-10,111.20185089111328
2019-09-11,108.75690460205078
2019-09-12,111.38260650634766
2019-09-13,111.74408721923828
2019-09-16,110.92595672607422
2019-09-17,108.38587951660156
2019-09-18,107.40602111816406
2019-09-19,106.05512237548828
2019-09-20,103.45796966552734
2019-09-23,102.84909057617188
2019-09-24,104.03827667236328
2019-09-25,105.59845733642578
2019-09-26,104.98008728027344
2019-09-27,102.98229217529295
2019-09-30,103.4294204711914
2019-10-01,104.57100677490234
2019-10-02,105.77922821044922
2019-10-03,104.5139617919922
2019-10-04,103.61018371582033
2019-10-07,101.81214141845705
2019-10-08,97.57869720458984
2019-10-09,99.33867645263672
2019-10-10,100.89887237548828
2019-10-11,107.2918472290039
2019-10-14,106.8542251586914
2019-10-15,109.2896499633789
2019-10-16,108.2907485961914
2019-10-17,108.50005340576172
2019-10-18,107.995849609375
2019-10-21,111.18283081054688
2019-10-22,110.06975555419922
2019-10-23,110.2219696044922
2019-10-24,111.4111328125
2019-10-25,114.96914672851562
2019-10-28,117.01451873779295
2019-10-29,114.36980438232422
2019-10-30,117.6994857788086
2019-10-31,115.43528747558594
2019-11-01,117.19527435302734
2019-11-04,120.55349731445312
2019-11-05,120.4393310546875
2019-11-06,116.59593963623048
2019-11-07,119.3833465576172
2019-11-08,120.3156509399414
2019-11-11,115.70167541503906
2019-11-12,114.86449432373048
2019-11-13,114.00112915039062
2019-11-14,113.84764099121094
2019-11-15,112.90754699707033
2019-11-18,115.25779724121094
2019-11-19,115.35372924804688
2019-11-20,112.76366424560548
2019-11-21,113.53109741210938
2019-11-22,114.30810546875
2019-11-25,118.92227172851562
2019-11-26,116.6008071899414
2019-11-27,117.0037078857422
2019-11-29,115.92929077148438
2019-12-02,114.52873229980467
2019-12-03,111.8523406982422
2019-12-04,113.90521240234376
2019-12-05,113.45435333251952
2019-12-06,116.72549438476562
2019-12-09,115.48802185058594
2019-12-10,114.54794311523438
2019-12-11,115.91011810302734
2019-12-12,126.88429260253906
2019-12-13,124.4957046508789
2019-12-16,125.60848236083984
2019-12-17,128.0642547607422
2019-12-18,133.06210327148438
2019-12-19,134.14608764648438
2019-12-20,132.428955078125
2019-12-23,134.52015686035156
2019-12-24,133.76234436035156
2019-12-26,135.2012939453125
2019-12-27,134.1173095703125
2019-12-30,133.70481872558594
2019-12-31,133.215576171875
2020-01-02,137.7529754638672
2020-01-03,135.709716796875
2020-01-06,135.44113159179688
2020-01-07,136.08384704589844
2020-01-08,136.9375457763672
2020-01-09,136.36199951171875
2020-01-10,137.18698120117188
2020-01-13,141.2160186767578
2020-01-14,143.92117309570312
2020-01-15,143.92117309570312
2020-01-16,146.01242065429688
2020-01-17,145.44642639160156
2020-01-21,136.5155029296875
2020-01-22,134.38589477539062
2020-01-23,133.44580078125
2020-01-24,129.26333618164062
2020-01-27,118.84552001953124
2020-01-28,119.88155364990234
2020-01-29,118.80713653564452
2020-01-30,121.46434783935548
2020-01-31,121.0230941772461
2020-02-03,123.34453582763672
2020-02-04,127.29678344726562
2020-02-05,126.8938980102539
2020-02-06,128.72610473632812
2020-02-07,121.74256134033205
2020-02-10,122.67305755615234
2020-02-11,126.61571502685548
2020-02-12,131.24903869628906
2020-02-13,128.17933654785156
2020-02-14,126.75960540771484
2020-02-18,128.02584838867188
2020-02-19,130.62551879882812
2020-02-20,127.90115356445312
2020-02-21,122.7401885986328
2020-02-24,115.27699279785156
2020-02-25,110.16946411132812
2020-02-26,107.13204956054688
2020-02-27,107.52865600585938
2020-02-28,104.45252227783205
2020-03-02,104.4138412475586
2020-03-03,99.09352111816406
2020-03-04,102.20833587646484
2020-03-05,92.45762634277344
2020-03-06,90.958251953125
2020-03-09,79.25353240966797
2020-03-10,87.22434997558594
2020-03-11,78.22816467285156
2020-03-12,65.79792022705078
2020-03-13,70.15093994140625
2020-03-16,53.009803771972656
2020-03-17,52.6035270690918
2020-03-18,41.6146354675293
2020-03-19,45.05833053588867
2020-03-20,50.27226257324219
2020-03-23,55.68932342529297
2020-03-24,64.3856430053711
2020-03-25,72.60796356201172
2020-03-26,69.17393493652344
2020-03-27,61.24180221557617
2020-03-30,59.10399627685547
2020-03-31,58.22372817993164
2020-04-01,52.235939025878906
2020-04-02,50.94939422607422
2020-04-03,46.91561126708984
2020-04-06,54.87675476074219
2020-04-07,58.8621711730957
2020-04-08,66.81363677978516
2020-04-09,68.34202575683594
2020-04-13,67.03614044189453
2020-04-14,72.04690551757812
2020-04-15,69.50281524658203
2020-04-16,69.9284439086914
2020-04-17,75.89688110351562
2020-04-20,70.89579010009766
2020-04-21,68.10018157958984
2020-04-22,67.74227905273438
2020-04-23,73.56560516357422
2020-04-24,74.10733032226562
2020-04-27,80.06608581542969
2020-04-28,79.47602081298828
2020-04-29,86.12158966064453
2020-04-30,82.7359390258789
2020-05-01,78.18946838378906
2020-05-04,77.82186889648438
2020-05-05,77.06733703613281
2020-05-06,76.66107940673828
2020-05-07,76.99964904785156
2020-05-08,84.09986114501953
2020-05-11,79.96935272216797
2020-05-12,76.0903549194336
2020-05-13,74.26209259033203
2020-05-14,75.74212646484375
2020-05-15,75.1617202758789
2020-05-18,78.80856323242188
2020-05-19,79.35025024414062
2020-05-20,84.0224838256836
2020-05-21,80.43367004394531
2020-05-22,75.69374084472656
2020-05-26,82.1168212890625
2020-05-27,84.0901870727539
2020-05-28,80.4820327758789
2020-05-29,80.55943298339844
2020-06-01,83.64521789550781
2020-06-02,81.3526382446289
2020-06-03,90.445556640625
2020-06-04,92.26415252685548
2020-06-05,98.29063415527344
2020-06-08,105.24575805664062
2020-06-09,99.40306854248048
2020-06-10,95.69817352294922
2020-06-11,86.80838775634766
2020-06-12,89.29443359375
2020-06-15,88.99457550048828
2020-06-16,87.55325317382812
2020-06-17,85.80237579345703
2020-06-18,85.48316955566406
2020-06-19,83.95475006103516
2020-06-22,80.59813690185547
2020-06-23,81.7492446899414
2020-06-24,72.75305938720703
2020-06-25,71.1569595336914
2020-06-26,66.7942886352539
2020-06-29,71.79539489746094
2020-06-30,72.05655670166016
2020-07-01,71.37943267822266
2020-07-02,74.79413604736328
2020-07-06,74.19438171386719
2020-07-07,70.97317504882812
2020-07-08,71.75670623779297
2020-07-09,68.80635070800781
2020-07-10,71.70833587646484
2020-07-13,78.61508178710938
2020-07-14,76.70944213867188
2020-07-15,83.90641021728516
2020-07-16,81.83631134033203
2020-07-17,80.05641174316406
2020-07-20,77.35755920410156
2020-07-21,76.6030502319336
2020-07-22,73.61397552490234
2020-07-23,71.48584747314453
2020-07-24,71.01185607910156
2020-07-27,68.38072967529297
2020-07-28,70.97317504882812
2020-07-29,72.83045196533203
2020-07-30,73.92351531982422
2020-07-31,70.06387329101562
2020-08-03,70.66362762451172
2020-08-04,70.37342834472656
2020-08-05,68.9514389038086
2020-08-06,74.06861877441406
2020-08-07,71.67931365966797
2020-08-10,78.81822967529297
2020-08-11,85.40576171875
2020-08-12,82.99711608886719
2020-08-13,83.83869171142578
2020-08-14,82.20388793945312
2020-08-17,80.77223205566406
2020-08-18,78.96332550048828
2020-08-19,78.60541534423828
2020-08-20,77.65743255615234
2020-08-21,80.08544921875
2020-08-24,83.95475006103516
2020-08-25,83.39371490478516
2020-08-26,82.02977752685547
2020-08-27,83.69357299804688
2020-08-28,88.55928802490234
2020-08-31,84.59320831298828
2020-09-01,83.46141052246094
2020-09-02,86.41178894042969
2020-09-03,84.50614166259766
2020-09-04,84.85440826416016
2020-09-08,79.97904205322266
2020-09-09,80.24021911621094
2020-09-10,80.60779571533203
2020-09-11,79.42765808105469
2020-09-14,81.06244659423828
2020-09-15,79.59209442138672
2020-09-16,77.05770111083984
2020-09-17,76.70944213867188
2020-09-18,75.1617202758789
2020-09-21,69.93812561035156
2020-09-22,71.02153778076172
2020-09-23,68.38072967529297
2020-09-24,68.748291015625
2020-09-25,69.99617004394531
2020-09-28,71.21501159667969
2020-09-29,68.6612548828125
2020-09-30,69.46411895751953
2020-10-01,69.71563720703125
2020-10-02,70.80872344970703
2020-10-05,71.43748474121094
2020-10-06,71.89212799072266
2020-10-07,72.60796356201172
2020-10-08,71.89212799072266
2020-10-09,70.29603576660156
2020-10-12,71.68899536132812
2020-10-13,69.39642333984375
2020-10-14,69.35771942138672
2020-10-15,70.32505798339844
2020-10-16,68.79666900634766
2020-10-19,67.39403533935547
2020-10-20,70.07355499267578
2020-10-21,70.47016143798828
2020-10-22,73.9332046508789
2020-10-23,74.0589599609375
2020-10-26,71.1182632446289
2020-10-27,69.48347473144531
2020-10-28,66.7555923461914
2020-10-29,69.83171844482422
2020-10-30,70.06387329101562
2020-11-02,73.37215423583984
2020-11-03,72.13395690917969
2020-11-04,73.63333129882812
2020-11-05,77.51232147216797
2020-11-06,77.45428466796875
2020-11-09,98.90005493164062
2020-11-10,93.50233459472656
2020-11-11,88.71404266357422
2020-11-12,83.83869171142578
2020-11-13,89.17837524414062
2020-11-16,91.6450653076172
2020-11-17,91.15172576904295
2020-11-18,92.5156478881836
2020-11-19,95.52405548095705
2020-11-20,92.17709350585938
2020-11-23,92.36090087890624
2020-11-24,99.40306854248048
2020-11-25,97.12017059326172
2020-11-27,97.91336822509766
2020-11-30,97.21690368652344
2020-12-01,99.01614379882812
2020-12-02,101.69563293457033
2020-12-03,104.94586944580078
2020-12-04,109.79222106933594
2020-12-07,107.68341827392578
2020-12-08,107.67375183105467
2020-12-09,107.52865600585938
2020-12-10,109.19245910644533
2020-12-11,107.3545379638672
2020-12-14,104.0269012451172
2020-12-15,110.37259674072266
2020-12-16,111.46569061279295
2020-12-17,111.05941009521484
2020-12-18,112.142822265625
2020-12-21,108.86357879638672
2020-12-22,108.93128204345705
2020-12-23,111.53339385986328
2020-12-24,110.65315246582033
2020-12-28,111.69786071777344
2020-12-29,110.57575988769533
2020-12-30,109.69546508789062
2020-12-31,109.14409637451172
2021-01-04,103.4078140258789
2021-01-05,106.59034729003906
2021-01-06,107.22876739501952
2021-01-07,106.16471862792967
2021-01-08,105.46823120117188
2021-01-11,104.50088500976562
2021-01-12,106.40656280517578
2021-01-13,104.37515258789062
2021-01-14,105.43922424316406
2021-01-15,102.75971221923828
2021-01-19,103.6689910888672
2021-01-20,106.47425079345705
2021-01-21,105.593994140625
2021-01-22,103.93985748291016
2021-01-25,104.52992248535156
2021-01-26,102.4501495361328
2021-01-27,97.50708770751952
2021-01-28,98.71624755859376
2021-01-29,96.278564453125
2021-02-01,98.43572235107422
2021-02-02,102.63395690917967
2021-02-03,104.87815856933594
2021-02-04,105.13933563232422
2021-02-05,113.1681900024414
2021-02-08,113.57447814941406
2021-02-09,109.6761245727539
2021-02-10,112.63616180419922
2021-02-11,110.8369369506836
2021-02-12,114.00010681152344
2021-02-16,117.45347595214844
2021-02-17,118.17897033691406
2021-02-18,115.95413208007812
2021-02-19,119.62030792236328
2021-02-22,122.60936737060548
2021-02-23,132.02149963378906
2021-02-24,129.82565307617188
2021-02-25,124.45697784423828
2021-02-26,127.4266586303711
2021-03-01,127.48470306396484
2021-03-02,128.6551971435547
2021-03-03,131.18959045410156
2021-03-04,128.54881286621094
2021-03-05,128.9647216796875
2021-03-08,129.37100219726562
2021-03-09,129.62255859375
2021-03-10,130.43507385253906
2021-03-11,133.41445922851562
2021-03-12,132.5728759765625
2021-03-15,135.2330322265625
2021-03-16,133.07591247558594
2021-03-17,135.426513671875
2021-03-18,131.21861267089844
2021-03-19,131.05418395996094
2021-03-22,128.5294189453125
2021-03-23,121.06163787841795
2021-03-24,121.09064483642578
2021-03-25,123.91525268554688
2021-03-26,123.26715850830078
2021-03-29,119.4655303955078
2021-03-30,121.35182189941406
2021-03-31,121.2744598388672
2021-04-01,123.91525268554688
2021-04-05,126.78826904296876
2021-04-06,131.91510009765625
2021-04-07,128.34564208984375
2021-04-08,129.12921142578125
2021-04-09,127.09778594970705
2021-04-12,125.69512176513672
2021-04-13,125.57909393310548
2021-04-14,124.83422088623048
2021-04-15,123.74112701416016
2021-04-16,123.12203979492188
2021-04-19,122.15471649169922
2021-04-20,117.66627502441406
2021-04-21,121.87419128417967
2021-04-22,120.31678771972656
2021-04-23,120.09429168701172
2021-04-26,120.91653442382812
2021-04-27,123.57669830322266
2021-04-28,126.0143585205078
2021-04-29,124.81488037109376
2021-04-30,124.20545196533205
2021-05-03,124.6504135131836
2021-05-04,120.28776550292967
2021-05-05,123.63473510742188
2021-05-06,118.76905822753906
2021-05-07,122.16437530517578
2021-05-10,121.6226806640625
2021-05-11,120.91653442382812
2021-05-12,116.96013641357422
2021-05-13,118.42082214355467
2021-05-14,122.53196716308594
2021-05-17,120.65534973144533
2021-05-18,122.01930236816406
2021-05-19,122.17405700683594
2021-05-20,122.4932861328125
2021-05-21,123.1994400024414
2021-05-24,125.23081970214844
2021-05-25,124.81488037109376
2021-05-26,128.12315368652344
2021-05-27,128.33596801757812
2021-05-28,127.56208038330078
2021-06-01,131.17991638183594
2021-06-02,130.25128173828125
2021-06-03,124.86326599121094
2021-06-04,123.9732894897461
2021-06-07,124.8826141357422
2021-06-08,123.8668975830078
2021-06-09,122.53196716308594
2021-06-10,122.04830932617188
2021-06-11,123.01563262939452
2021-06-14,120.8681640625
2021-06-15,121.30345916748048
2021-06-16,121.35182189941406
2021-06-17,121.20672607421876
2021-06-18,120.37481689453124
2021-06-21,123.44127655029295
2021-06-22,122.61903381347656
2021-06-23,121.83550262451172
2021-06-24,120.09429168701172
2021-06-25,120.00724029541016
2021-06-28,116.81505584716795
2021-06-29,117.66627502441406
2021-06-30,118.30474090576172
2021-07-01,118.4014663696289
2021-07-02,117.53087615966795
2021-07-06,113.08114624023438
2021-07-07,109.22149658203124
2021-07-08,108.01231384277344
2021-07-09,110.15011596679688
2021-07-12,110.28555297851562
2021-07-13,107.90591430664062
2021-07-14,107.09334564208984
2021-07-15,104.6943817138672
2021-07-16,101.27967071533205
2021-07-19,101.3183822631836
2021-07-20,103.08859252929688
2021-07-21,106.00994110107422
2021-07-22,103.8914794921875
2021-07-23,100.18661499023438
2021-07-26,100.91210174560548
2021-07-27,97.06210327148438
2021-07-28,98.82266235351562
2021-07-29,96.5010757446289
2021-07-30,95.11778259277344
2021-08-02,95.15648651123048
2021-08-03,91.97395324707033
2021-08-04,88.1142807006836
2021-08-05,95.4563446044922
2021-08-06,95.6691665649414
2021-08-09,92.99932098388672
2021-08-10,94.2568588256836
2021-08-11,94.64379119873048
2021-08-12,94.02469635009766
2021-08-13,92.39957427978516
2021-08-16,90.64871978759766
2021-08-17,88.95587158203125
2021-08-18,89.33313751220703
2021-08-19,85.78302001953125
2021-08-20,85.41544342041016
2021-08-23,89.8941879272461
2021-08-24,96.1915283203125
2021-08-25,97.5457763671875
2021-08-26,96.3269500732422
2021-08-27,97.74893951416016
2021-08-30,96.62681579589844
2021-08-31,98.36802673339844
2021-09-01,97.68122100830078
2021-09-02,98.66788482666016
2021-09-03,97.0234375
2021-09-07,102.4695053100586
2021-09-08,101.20230102539062
2021-09-09,100.53483581542967
2021-09-10,98.22290802001952
2021-09-13,100.09954071044922
2021-09-14,89.23639678955078
2021-09-15,83.61619567871094
2021-09-16,81.61382293701172
2021-09-17,80.5691146850586
2021-09-20,79.42765808105469
2021-09-21,76.1967544555664
2021-09-22,78.15077209472656
2021-09-23,81.0914535522461
2021-09-24,80.17249298095703
2021-09-27,82.59082794189453
2021-09-28,81.55579376220703
2021-09-29,80.89798736572266
2021-09-30,81.98141479492188
2021-10-01,84.36105346679688
2021-10-04,80.8302993774414
2021-10-05,82.27161407470703
2021-10-06,81.49773406982422
2021-10-07,82.69723510742188
2021-10-08,83.24859619140625
2021-10-11,86.07322692871094
2021-10-12,88.4528579711914
2021-10-13,89.42020416259766
2021-10-14,88.64632415771484
2021-10-15,87.74671173095703
2021-10-18,87.8337631225586
2021-10-19,88.62699127197266
2021-10-20,87.96919250488281
2021-10-21,88.10462951660156
2021-10-22,86.18929290771484
2021-10-25,87.46617126464844
2021-10-26,89.14935302734375
2021-10-27,88.79143524169922
2021-10-28,87.81442260742188
2021-10-29,86.8664321899414
2021-11-01,90.62937927246094
2021-11-02,88.55928802490234
2021-11-03,90.4262237548828
2021-11-04,88.12395477294922
2021-11-05,93.75382995605467
2021-11-08,91.75145721435548
2021-11-09,91.04531860351562
2021-11-10,89.013916015625
2021-11-11,91.29681396484376
2021-11-12,90.880859375
2021-11-15,94.84693145751952
2021-11-16,94.489013671875
2021-11-17,91.89656066894533
2021-11-18,87.52421569824219
2021-11-19,87.74671173095703
2021-11-22,91.2581024169922
2021-11-23,88.69469451904297
2021-11-24,88.22069549560547
2021-11-26,82.89068603515625
2021-11-29,80.28857421875
2021-11-30,78.36359405517578
2021-12-01,73.57528686523438
2021-12-02,79.60176849365234
2021-12-03,77.48331451416016
2021-12-06,82.13619232177734
2021-12-07,83.61619567871094
2021-12-08,85.28968048095703
2021-12-09,84.67058563232422
2021-12-10,84.71894836425781
2021-12-13,82.00076293945312
2021-12-14,80.59813690185547
2021-12-15,80.008056640625
2021-12-16,77.92827606201172
2021-12-17,79.58241271972656
2021-12-20,78.15077209472656
2021-12-21,83.50011444091797
2021-12-22,83.06482696533203
2021-12-23,85.97647857666016
2021-12-27,84.71894836425781
2021-12-28,83.63554382324219
2021-12-29,82.20388793945312
2021-12-30,83.33567810058594
2021-12-31,82.26194763183594
2022-01-03,84.90274810791016
2022-01-04,84.63190460205078
2022-01-05,81.49773406982422
2022-01-06,81.87501525878906
2022-01-07,81.78794860839844
2022-01-10,79.4856948852539
2022-01-11,82.51344299316406
2022-01-12,82.99711608886719
2022-01-13,81.47840118408203
2022-01-14,88.48188018798828
2022-01-18,88.1142807006836
2022-01-19,86.15060424804688
2022-01-20,84.25464630126953
2022-01-21,82.85201263427734
2022-01-24,82.02977752685547
2022-01-25,83.63554382324219
2022-01-26,83.31632995605469
2022-01-27,80.04674530029297
2022-01-28,81.38166046142578
2022-01-31,82.6585464477539
2022-02-01,85.30903625488281
2022-02-02,83.30665588378906
2022-02-03,81.47840118408203
2022-02-04,82.7069091796875
2022-02-07,85.21228790283203
2022-02-08,86.90512084960938
2022-02-09,90.72611236572266
2022-02-10,91.10336303710938
2022-02-11,88.90750885009766
2022-02-14,89.0526123046875
2022-02-15,93.11539459228516
2022-02-16,91.15172576904295
2022-02-17,90.803466796875
2022-02-18,90.10700988769533
2022-02-22,85.65726470947266
2022-02-23,84.34170532226562
2022-02-24,83.6549072265625
2022-02-25,84.90274810791016
2022-02-28,83.69357299804688
2022-03-01,78.97301483154297
2022-03-02,85.73466491699219
2022-03-03,82.50376892089844
2022-03-04,78.61508178710938
2022-03-07,69.71563720703125
2022-03-08,69.39642333984375
2022-03-09,74.74575805664062
2022-03-10,74.02993774414062
2022-03-11,69.95745849609375
2022-03-14,64.69518280029297
2022-03-15,67.24893951416016
2022-03-16,72.71437072753906
2022-03-17,74.39752960205078
2022-03-18,77.04801940917969
2022-03-21,75.74212646484375
2022-03-22,77.31887817382812
2022-03-23,76.07098388671875
2022-03-24,78.71182250976562
2022-03-25,77.64775848388672
2022-03-28,77.51232147216797
2022-03-29,79.07941436767578
2022-03-30,78.51835632324219
2022-03-31,77.13505554199219
2022-04-01,77.99600219726562
2022-04-04,79.16647338867188
2022-04-05,76.4869613647461
2022-04-06,73.68169403076172
2022-04-07,71.55357360839844
2022-04-08,69.87041473388672
2022-04-11,68.96111297607422
2022-04-12,69.16425323486328
2022-04-13,71.1666259765625
2022-04-14,71.55357360839844
2022-04-18,71.06022644042969
2022-04-19,75.25845336914062
2022-04-20,75.21006774902344
2022-04-21,72.95619201660156
2022-04-22,70.80872344970703
2022-04-25,69.85106658935547
2022-04-26,65.99141693115234
2022-04-27,65.73021697998047
2022-04-28,68.4290771484375
2022-04-29,68.1775894165039
2022-05-02,69.36739349365234
2022-05-03,69.34806060791016
2022-05-04,69.60922241210938
2022-05-05,66.25257873535156
2022-05-06,64.13411712646484
2022-05-09,59.32649230957031
2022-05-10,59.63603973388672
2022-05-11,56.9275016784668
2022-05-12,56.64697647094727
2022-05-13,64.10511016845703
2022-05-16,61.85122299194336
2022-05-17,64.2308578491211
2022-05-18,60.76781463623047
2022-05-19,60.74847030639648
2022-05-20,61.00965118408203
2022-05-23,59.91655731201172
2022-05-24,56.289058685302734
2022-05-25,57.76908874511719
2022-05-26,62.3252067565918
2022-05-27,63.12810516357422
2022-05-31,63.94065475463867
2022-06-01,63.00235366821289
2022-06-02,64.49205017089844
2022-06-03,63.099098205566406
2022-06-06,64.65647888183594
2022-06-07,65.25623321533203
2022-06-08,67.98411560058594
2022-06-09,64.1147689819336
2022-06-10,60.255126953125
2022-06-13,55.72801208496094
2022-06-14,56.11494827270508
2022-06-15,57.40149688720703
2022-06-16,52.70992660522461
2022-06-17,53.164581298828125
2022-06-21,52.52614212036133
2022-06-22,51.65554428100586
2022-06-23,50.32062149047852
2022-06-24,56.38579940795898
2022-06-27,55.80539321899414
2022-06-28,57.5659408569336
2022-06-29,56.105262756347656
2022-06-30,55.11858749389648
2022-07-01,56.279396057128906
2022-07-05,55.902137756347656
2022-07-06,54.01583480834961
2022-07-07,55.9698486328125
2022-07-08,54.61558151245117
2022-07-11,51.08481597900391
2022-07-12,52.94208908081055
2022-07-13,52.70992660522461
2022-07-14,52.50680160522461
2022-07-15,53.65792465209961
2022-07-18,54.70264434814453
2022-07-19,57.623985290527344
2022-07-20,59.89721298217773
2022-07-21,61.5997200012207
2022-07-22,59.71342849731445
2022-07-25,60.19709014892578
2022-07-26,59.24909591674805
2022-07-27,61.22245407104492
2022-07-28,61.57069396972656
2022-07-29,61.40625762939453
2022-08-01,61.46429061889648
2022-08-02,62.30587005615234
2022-08-03,64.12445068359375
2022-08-04,64.90800476074219
2022-08-05,64.53073120117188
2022-08-08,63.73751449584961
2022-08-09,63.87294769287109
2022-08-10,63.21516418457031
2022-08-11,65.36263275146484
2022-08-12,66.49441528320312
2022-08-15,66.09783172607422
2022-08-16,65.62380981445312
2022-08-17,63.28287124633789
2022-08-18,63.36994171142578
2022-08-19,61.59004592895508
2022-08-22,58.52360153198242
2022-08-23,59.48126220703125
2022-08-24,60.76781463623047
2022-08-25,62.82822036743164
2022-08-26,60.29381942749024
2022-08-29,60.371212005615234
2022-08-30,58.24307632446289
2022-08-31,58.61065673828125
2022-09-01,57.24671936035156
2022-09-02,57.24671936035156
2022-09-06,56.29873275756836
2022-09-07,58.33981704711914
2022-09-08,59.65538024902344
2022-09-09,60.7291145324707
2022-09-12,62.40260696411133
2022-09-13,60.63238143920898
2022-09-14,58.70738983154297
2022-09-15,63.099098205566406
2022-09-16,63.28287124633789
2022-09-19,63.73751449584961
2022-09-20,65.58512878417969
2022-09-21,61.89958572387695
2022-09-22,58.22372817993164
2022-09-23,57.70137023925781
2022-09-26,64.61779022216797
2022-09-27,64.3856430053711
2022-09-28,64.5791015625
2022-09-29,62.24783706665039
2022-09-30,60.97093963623047
2022-10-03,62.49933624267578
2022-10-04,68.4290771484375
2022-10-05,69.8220443725586
2022-10-06,71.74703216552734
2022-10-07,70.70231628417969
2022-10-10,62.04469299316406
2022-10-11,57.69169235229492
2022-10-12,56.79207611083984
2022-10-13,55.23466491699219
2022-10-14,54.5091667175293
2022-10-17,55.42813873291016
2022-10-18,54.741329193115234
2022-10-19,52.70025634765625
2022-10-20,54.29635620117188
2022-10-21,56.87913131713867
2022-10-24,54.68329620361328
2022-10-25,55.56356048583984
2022-10-26,55.26369857788086
2022-10-27,53.96746826171875
2022-10-28,56.39545822143555
2022-10-31,61.812530517578125
2022-11-01,65.6431884765625
2022-11-02,64.93701171875
2022-11-03,64.3082504272461
2022-11-04,68.4968032836914
2022-11-07,69.91878509521484
2022-11-08,68.11953735351562
2022-11-09,66.04945373535156
2022-11-10,69.6479263305664
2022-11-11,75.43257904052734
2022-11-14,75.51963806152344
2022-11-15,75.83885955810547
2022-11-16,74.56197357177734
2022-11-17,75.4809341430664
2022-11-18,73.51726531982422
2022-11-21,71.91146850585938
2022-11-22,73.1012954711914
2022-11-23,72.89815521240234
2022-11-25,72.48219299316406
2022-11-28,75.6453857421875
2022-11-29,77.6671142578125
2022-11-30,80.92701721191406
2022-12-01,81.29460906982422
2022-12-02,82.36835479736328
2022-12-05,82.96808624267578
2022-12-06,82.61985778808594
2022-12-07,82.18453979492188
2022-12-08,83.60652160644531
2022-12-09,82.21356201171875
2022-12-12,83.58718872070312
2022-12-13,83.83869171142578
2022-12-14,83.50011444091797
2022-12-15,82.17486572265625
2022-12-16,83.20025634765625
2022-12-19,78.89561462402344
2022-12-20,79.87261962890625
2022-12-21,79.90164184570312
2022-12-22,78.5860595703125
2022-12-23,78.08305358886719
2022-12-27,81.57511138916016
2022-12-28,77.4736328125
2022-12-29,78.60541534423828
2022-12-30,79.77587890625
2023-01-03,82.81331634521484
2023-01-04,87.93051147460938
2023-01-05,88.35611724853516
2023-01-06,90.51326751708984
2023-01-09,91.24845886230467
2023-01-10,94.28587341308594
2023-01-11,93.09605407714844
2023-01-12,95.3886260986328
2023-01-13,96.97505950927734
2023-01-17,94.80823516845705
2023-01-18,95.14679718017578
2023-01-19,95.69817352294922
2023-01-20,96.02708435058594
2023-01-23,97.01375579833984
2023-01-24,95.89165496826172
2023-01-25,95.36927032470705
2023-01-26,99.49012756347656
2023-01-27,99.62554931640624
2023-01-30,96.11412811279295
2023-01-31,100.25431060791016
2023-02-01,100.91210174560548
2023-02-02,99.59651947021484
2023-02-03,99.59651947021484
2023-02-06,99.57717895507812
2023-02-07,100.15758514404295
2023-02-08,100.23497009277344
2023-02-09,105.0426025390625
2023-02-10,105.09098052978516
2023-02-13,105.7100601196289
2023-02-14,105.51659393310548
2023-02-15,104.9168701171875
2023-02-16,104.92652130126952
2023-02-17,105.4488754272461
2023-02-21,103.64965057373048
2023-02-22,104.15267181396484
2023-02-23,102.38243865966795
2023-02-24,102.08258056640624
2023-02-27,101.70530700683594
2023-02-28,104.82979583740234
2023-03-01,108.55403137207033
2023-03-02,109.70516204833984
2023-03-03,112.0460968017578
2023-03-06,111.6301498413086
2023-03-07,109.46331024169922
2023-03-08,109.8309097290039
2023-03-09,106.04862213134766
2023-03-10,104.80078125
2023-03-13,102.77906036376952
2023-03-14,104.7911148071289
2023-03-15,101.43446350097656
2023-03-16,103.93019104003906
2023-03-17,103.54325103759766
2023-03-20,104.12364959716795
2023-03-21,104.65569305419922
2023-03-22,102.29540252685548
2023-03-23,102.7306671142578
2023-03-24,103.09828186035156
2023-03-27,102.86610412597656
2023-03-28,103.70768737792967
2023-03-29,105.48758697509766
2023-03-30,105.43922424316406
2023-03-31,108.25414276123048
2023-04-03,109.62776184082033
2023-04-04,108.43793487548828
2023-04-05,105.05228424072266
2023-04-06,105.55529022216795
2023-04-10,106.32916259765624
2023-04-11,104.45252227783205
2023-04-12,102.59524536132812
2023-04-13,106.6580581665039
2023-04-14,107.36421966552734
2023-04-17,107.70276641845705
2023-04-18,108.4863052368164
2023-04-19,108.4572982788086
2023-04-20,109.97602081298828
2023-04-21,110.38228607177734
2023-04-24,110.74019622802734
2023-04-25,107.9832992553711
2023-04-26,105.87451171875
2023-04-27,106.61935424804688
2023-04-28,110.54674530029295
2023-05-01,111.82360076904295
2023-05-02,109.50200653076172
2023-05-03,105.75843048095705
2023-05-04,105.6810531616211
2023-05-05,107.16105651855467
2023-05-08,109.07638549804688
2023-05-09,108.05101776123048
2023-05-10,107.85755157470705
2023-05-11,103.4078140258789
2023-05-12,101.94715881347656
2023-05-15,102.2566909790039
2023-05-16,99.68358612060548
2023-05-17,105.36183166503906
2023-05-18,106.69674682617188
2023-05-19,106.67740631103516
2023-05-22,105.10675811767578
2023-05-23,98.77572631835938
2023-05-24,98.00979614257812
2023-05-25,97.94192504882812
2023-05-26,98.048583984375
2023-05-30,96.47795104980467
2023-05-31,95.692626953125
2023-06-01,93.54026794433594
2023-06-02,97.29235076904295
2023-06-05,97.50564575195312
2023-06-06,99.6095199584961
2023-06-07,100.1136703491211
2023-06-08,99.9197769165039
2023-06-09,99.09567260742188
2023-06-12,100.42393493652344
2023-06-13,100.83111572265624
2023-06-14,100.34636688232422
2023-06-15,101.38375854492188
2023-06-16,100.5693588256836
2023-06-20,102.93500518798828
2023-06-21,103.10952758789062
2023-06-22,102.11091613769533
2023-06-23,101.0250244140625
2023-06-26,102.04304504394533
2023-06-27,102.5374984741211
2023-06-28,101.07351684570312
2023-06-29,101.3158950805664
2023-06-30,102.39208984375
2023-07-03,103.37130737304688
2023-07-05,98.6497039794922
2023-07-06,96.497314453125
2023-07-07,98.2327880859375
2023-07-10,103.82697296142578
2023-07-11,104.96134185791016
2023-07-12,105.55274200439452
2023-07-13,106.29927825927734
2023-07-14,106.1732406616211
2023-07-17,103.75909423828124
2023-07-18,104.96134185791016
2023-07-19,104.03058624267578
2023-07-20,102.95441436767578
2023-07-21,103.91423797607422
2023-07-24,104.2341766357422
2023-07-25,105.52365112304688
2023-07-26,106.192626953125
2023-07-27,104.85468292236328
2023-07-28,105.65938568115234
2023-07-31,105.65938568115234
2023-08-01,105.81452178955078
2023-08-02,101.9557876586914
2023-08-03,102.39208984375
2023-08-04,101.0056610107422
2023-08-07,101.82974243164062
2023-08-08,99.92945861816406
2023-08-09,98.4557876586914
2023-08-10,101.04442596435548
2023-08-11,97.48625946044922
2023-08-14,96.86575317382812
2023-08-15,92.58042907714844
2023-08-16,91.92115020751952
2023-08-17,91.90176391601562
2023-08-18,91.26016998291016
2023-08-21,91.57125854492188
2023-08-22,92.3878173828125
2023-08-23,93.39878845214844
2023-08-24,92.82524871826172
2023-08-25,92.8155288696289
2023-08-28,94.0889663696289
2023-08-29,95.33324432373048
2023-08-30,96.61641693115234
2023-08-31,98.55088806152344
2023-09-01,98.80362701416016
2023-09-05,94.6916732788086
2023-09-06,93.15576934814452
2023-09-07,91.823974609375
2023-09-08,92.06702423095705
2023-09-11,92.65999603271484
2023-09-12,92.6502685546875
2023-09-13,92.62110900878906
2023-09-14,94.9832992553711
2023-09-15,94.33199310302734
2023-09-18,94.49724578857422
2023-09-19,92.07672882080078
2023-09-20,91.0754852294922
2023-09-21,87.83840942382812
2023-09-22,89.00491333007812
2023-09-25,88.12031555175781
2023-09-26,88.14946746826172
2023-09-27,89.63677215576172
2023-09-28,88.82022094726562
2023-09-29,89.83120727539062
2023-10-02,90.04505157470703
2023-10-03,87.7120361328125
2023-10-04,85.74839782714844
2023-10-05,86.99269104003906
2023-10-06,89.83120727539062
2023-10-09,90.47277069091795
2023-10-10,91.3670883178711
2023-10-11,92.08645629882812
2023-10-12,90.93939208984376
2023-10-13,87.76063537597656
2023-10-16,87.79952239990234
2023-10-17,87.78009033203125
2023-10-18,84.29997253417969
2023-10-19,85.75813293457031
2023-10-20,85.15543365478516
2023-10-23,87.33290100097656
2023-10-24,88.86882019042969
2023-10-25,86.4580307006836
2023-10-26,85.09709930419922
2023-10-27,84.84434509277344
2023-10-30,85.62203216552734
2023-10-31,85.33040618896484
2023-11-01,84.51383209228516
2023-11-02,87.24542999267578
2023-11-03,90.1714324951172
2023-11-06,92.48501586914062
2023-11-07,90.5797119140625
2023-11-08,90.30752563476562
2023-11-09,88.12031555175781
2023-11-10,83.10430908203125
2023-11-13,82.1808090209961
2023-11-14,84.6888427734375
2023-11-15,85.01933288574219
2023-11-16,83.65840911865234
2023-11-17,84.69183349609375
2023-11-20,84.98429107666016
2023-11-21,84.68208312988281
2023-11-22,85.33525848388672
2023-11-24,86.09571838378906
2023-11-27,84.8770523071289
2023-11-28,82.81021881103516
2023-11-29,81.5720443725586
2023-11-30,82.3032455444336
2023-12-01,83.01495361328125
2023-12-04,81.78653717041016
2023-12-05,80.14866638183594
2023-12-06,80.33390808105469
2023-12-07,80.46063995361328
2023-12-08,82.07901763916016
2023-12-11,83.84363555908203
2023-12-12,84.06787109375
2023-12-13,85.81298065185547
2023-12-14,87.5483627319336
2023-12-15,86.53443145751953
2023-12-18,87.04139709472656
2023-12-19,89.42021942138672
2023-12-20,86.32969665527344
2023-12-21,88.4452896118164
2023-12-22,88.15280151367188
2023-12-26,88.71826171875
2023-12-27,88.35755157470703
2023-12-28,89.45922088623047
2023-12-29,88.82551574707031
2024-01-02,92.22799682617188
2024-01-03,91.67230224609376
2024-01-04,91.84776306152344
2024-01-05,93.25167846679688
2024-01-08,94.61656951904295
2024-01-09,92.8714599609375
2024-01-10,91.28231048583984
2024-01-11,91.54554748535156
2024-01-12,91.7502899169922
2024-01-16,92.18900299072266
2024-01-17,88.8742446899414
2024-01-18,91.74053955078124
2024-01-19,91.8672866821289
2024-01-22,89.76143646240234
2024-01-23,90.77535247802734
2024-01-24,91.92578125
2024-01-25,93.99260711669922
2024-01-26,94.30459594726562
2024-01-29,94.62630462646484
2024-01-30,92.60821533203124
2024-01-31,92.062255859375
2024-02-01,94.85055541992188
2024-02-02,94.53857421875
2024-02-05,95.0455551147461
2024-02-06,97.55108642578124
2024-02-07,97.3268585205078
2024-02-08,103.44939422607422
2024-02-09,102.95218658447266
2024-02-12,103.06918334960938
2024-02-13,101.58728790283205
2024-02-14,102.57196807861328
2024-02-15,103.07892608642578
2024-02-16,102.73688507080078
2024-02-20,100.88014221191406
2024-02-21,100.04948425292967
2024-02-22,100.0885772705078
2024-02-23,101.78898620605467
2024-02-26,100.8899154663086
2024-02-27,100.35242462158205
2024-02-28,100.51856994628906
2024-02-29,102.8052978515625
2024-03-01,98.9061279296875
2024-03-04,97.4598159790039
2024-03-05,97.49890899658205
2024-03-06,96.8832550048828
2024-03-07,98.80841064453124
2024-03-08,98.14388275146484
2024-03-11,100.88014221191406
2024-03-12,100.69446563720705
2024-03-13,100.00064086914062
2024-03-14,98.700927734375
2024-03-15,96.83438110351562
2024-03-18,96.59007263183594
2024-03-19,97.47936248779295
2024-03-20,97.8018569946289
2024-03-21,97.68458557128906
2024-03-22,97.61618041992188
2024-03-25,97.14710235595705
2024-03-26,98.29047393798828
2024-03-27,99.47293090820312
2024-03-28,99.9029312133789
2024-04-01,104.13434600830078
2024-04-02,102.86392974853516
2024-04-03,103.99752807617188
2024-04-04,103.7043685913086
2024-04-05,105.01386260986328
2024-04-08,103.57732391357422
2024-04-09,104.06593322753906
2024-04-10,101.8671417236328
2024-04-11,102.4730453491211
2024-04-12,98.8768081665039
2024-04-15,97.17642211914062
2024-04-16,97.08847045898438
2024-04-17,95.26104736328124
2024-04-18,93.91246032714844
2024-04-19,92.82771301269533
2024-04-22,95.26104736328124
2024-04-23,96.5705337524414
2024-04-24,94.85059356689452
2024-04-25,94.40106201171876
2024-04-26,93.69744873046876
2024-04-29,94.7724151611328
2024-04-30,89.56375122070312
2024-05-01,90.61915588378906
2024-05-02,93.10133361816406
2024-05-03,94.50856018066406
2024-05-06,95.64215850830078
2024-05-07,95.01673126220705
2024-05-08,93.57041931152344
2024-05-09,94.9776382446289
2024-05-10,94.1958465576172
2024-05-13,95.75943756103516
2024-05-14,95.80827331542967
2024-05-15,95.3978500366211
2024-05-16,94.89946746826172
2024-05-17,94.83086395263672
2024-05-20,95.68326568603516
2024-05-21,94.63491821289062
2024-05-22,93.54739379882812
2024-05-23,92.1855239868164
2024-05-24,92.70478057861328
2024-05-28,91.61725616455078
2024-05-29,90.65708923339844
2024-05-30,90.66690826416016
2024-05-31,92.95953369140624
2024-06-03,92.98892974853516
2024-06-04,91.0392074584961
2024-06-05,91.47029113769533
2024-06-06,90.6081085205078
2024-06-07,91.25475311279295
2024-06-10,90.99022674560548
2024-06-11,89.88309478759766
2024-06-12,88.99151611328125
2024-06-13,88.65839385986328
2024-06-14,87.00259399414062
2024-06-17,86.9830093383789
2024-06-18,87.39449310302734
2024-06-20,87.8843765258789
2024-06-21,88.06072998046875
2024-06-24,87.29652404785156
2024-06-25,86.51272583007812
2024-06-26,86.34616088867188
2024-06-27,87.3357162475586
2024-06-28,87.68843078613281
2024-07-01,85.89545440673828
2024-07-02,84.58258819580078
2024-07-03,85.51336669921875
2024-07-05,85.07246398925781
2024-07-08,83.52445983886719
2024-07-09,83.04438018798828
2024-07-10,82.2115707397461
2024-07-11,82.89741516113281
2024-07-12,84.09272003173828
2024-07-15,82.88761138916016
2024-07-16,84.21028900146484
2024-07-17,83.20112609863281
2024-07-18,81.790283203125
2024-07-19,81.74130249023438
2024-07-22,81.84906005859375
2024-07-23,81.58451843261719
2024-07-24,79.33109283447266
2024-07-25,78.89018249511719
2024-07-26,79.9581298828125
2024-07-29,80.83010864257812
2024-07-30,80.83991241455078
2024-07-31,81.1436538696289
2024-08-01,77.11683654785156
2024-08-02,75.24549102783203
2024-08-05,72.06128692626953
2024-08-06,74.74581146240234
2024-08-07,73.33496856689453
2024-08-08,75.09852600097656
2024-08-09,73.11941528320312
2024-08-12,72.43358612060547
2024-08-13,72.6981201171875
2024-08-14,72.5413589477539
2024-08-15,74.5988540649414
2024-08-16,74.74581146240234
2024-08-19,75.29627990722656
2024-08-20,74.72613525390625
2024-08-21,76.04334259033203
2024-08-22,75.77793884277344
2024-08-23,76.05316925048828
2024-08-26,75.9253921508789
2024-08-27,75.7287826538086
2024-08-28,74.01841735839844
2024-08-29,74.25432586669922
2024-08-30,75.57151794433594
2024-09-03,74.51972198486328
2024-09-04,75.7287826538086
2024-09-05,75.80743408203125
2024-09-06,75.41423797607422
2024-09-09,75.60100555419922
2024-09-10,74.06755065917969
2024-09-11,74.48040771484375
2024-09-12,74.96206665039062
2024-09-13,77.12462615966797
2024-09-16,77.60627746582031
2024-09-17,78.63842010498047
2024-09-18,77.43917083740234
2024-09-19,78.81535339355469
2024-09-20,78.35336303710938
2024-09-23,78.84484100341797
2024-09-24,82.72760772705078
2024-09-25,82.6981201171875
2024-09-26,89.48067474365234
2024-09-27,95.9585189819336
2024-09-30,94.24813079833984
2024-10-01,97.75737762451172
2024-10-02,100.30330657958984
2024-10-03,101.32560729980467
2024-10-04,103.65525817871094
2024-10-07,104.5989227294922
2024-10-08,101.12899780273438
2024-10-09,102.37738800048828
2024-10-10,101.9350357055664
2024-10-11,102.96717071533205
2024-10-14,102.18077850341795
2024-10-15,97.5312957763672
2024-10-16,98.533935546875
2024-10-17,96.32222747802734
2024-10-18,97.74755096435548
2024-10-21,96.69576263427734
2024-10-22,97.7082290649414
2024-10-23,96.01750183105467
2024-10-24,96.23375701904295
2024-10-25,96.32222747802734
2024-10-28,96.9415054321289
2024-10-29,97.31503295898438
2024-10-30,96.81371307373048
2024-10-31,94.38574981689452
2024-11-01,94.0515365600586
2024-11-04,94.02204895019533
2024-11-05,85.2440414428711
2024-11-06,83.86786651611328
2024-11-07,85.68637084960938
2024-11-08,82.86522674560547
2024-11-11,85.00813293457031
2024-11-12,84.04480743408203
2024-11-13,84.3396987915039
2024-11-14,91.63341522216795
2024-11-15,89.43546295166016
2024-11-18,89.15949249267578
2024-11-19,89.93814086914062
2024-11-20,89.90857696533203
2024-11-21,90.42110443115234
2024-11-22,89.97756958007812
2024-11-25,92.10650634765624
2024-11-26,90.53937530517578
2024-11-27,90.35210418701172
2024-11-29,93.02313995361328
2024-12-02,94.77755737304688
2024-12-03,92.41205596923828
2024-12-04,93.42725372314452
2024-12-05,93.04285430908205
2024-12-06,93.01329040527344
2024-12-09,94.56072235107422
2024-12-10,93.5849380493164
2024-12-11,93.84120178222656
2024-12-12,92.12622833251952
2024-12-13,93.17098999023438
2024-12-16,88.39071655273438
2024-12-17,90.63793182373048
2024-12-18,87.42478942871094
2024-12-19,87.0404052734375
2024-12-20,87.67120361328125
2024-12-23,86.84329986572266
2024-12-24,87.50365447998047
2024-12-26,88.0260238647461
2024-12-27,87.40508270263672
2024-12-30,84.59606170654297
2024-12-31,84.92131805419922
2025-01-02,82.59524536132812
2025-01-03,82.12214660644531
2025-01-06,83.39360809326172
2025-01-07,81.26465606689453
2025-01-08,80.0030517578125
2025-01-10,79.98333740234375
2025-01-13,80.16075897216797
2025-01-14,80.6240005493164
2025-01-15,81.22523498535156
2025-01-16,81.31393432617188
2025-01-17,83.4527359008789
2025-01-21,85.01988983154297
2025-01-22,83.93569946289062
2025-01-23,83.85684204101562
2025-01-24,83.76814270019531
2025-01-27,83.55130767822266
2025-01-28,83.11762237548828
2025-01-29,82.90078735351562
2025-01-30,88.3118667602539
2025-01-31,85.60138702392578
2025-02-03,82.35868835449219
2025-02-04,81.9940185546875
2025-02-05,80.48601531982422
2025-02-06,79.49053192138672
2025-02-07,79.42153930664062
2025-02-10,77.83467864990234
2025-02-11,75.89301300048828
2025-02-12,77.24332427978516
2025-02-13,79.31311798095703
2025-02-14,87.5430679321289
2025-02-18,89.89871215820312
2025-02-19,90.9336166381836
2025-02-20,92.12622833251952
2025-02-21,89.45518493652344
2025-02-24,89.09938049316406
2025-02-25,89.9691162109375
2025-02-26,90.0383071899414
2025-02-27,87.16222381591797
2025-02-28,88.27904510498047
2025-03-03,87.89360046386719
2025-03-04,86.08492279052734
2025-03-05,89.61331176757812
2025-03-06,87.16222381591797
2025-03-07,87.68604278564453
2025-03-10,87.38953399658203
2025-03-11,86.36166381835938
2025-03-12,84.67158508300781
2025-03-13,82.2600326538086
2025-03-14,85.17564392089844
2025-03-17,85.41285705566406
2025-03-18,84.43439483642578
2025-03-19,84.0588150024414
2025-03-20,82.10189056396484
2025-03-21,81.6670150756836
2025-03-24,83.88091278076172
2025-03-25,85.02738189697266
2025-03-26,84.82972717285156
2025-03-27,85.14598846435547
2025-03-28,81.37052154541016
2025-03-31,82.5268783569336
2025-04-01,81.76585388183594
2025-04-02,80.5897216796875
2025-04-03,72.0306396484375
2025-04-04,69.27316284179688
2025-04-07,67.13833618164062
2025-04-08,65.32966613769531
2025-04-09,74.9462661743164
2025-04-10,71.4573974609375
2025-04-11,72.33704376220703
2025-04-14,72.6829605102539
2025-04-15,74.02710723876953
2025-04-16,72.87073516845703
2025-04-17,73.89861297607422
2025-04-21,74.0864028930664
2025-04-22,76.07298278808594
2025-04-23,78.18804168701172
2025-04-24,80.62926483154297
2025-04-25,81.153076171875
2025-04-28,81.24201965332031
2025-04-29,80.599609375
2025-04-30,79.3740463256836
2025-05-01,79.10721588134766
2025-05-02,81.52864074707031
2025-05-05,82.012939453125
2025-05-06,82.54664611816406
2025-05-07,83.13966369628906
2025-05-08,85.58086395263672
2025-05-09,86.90525817871094
2025-05-12,94.05099487304688
2025-05-13,95.66199493408205
2025-05-14,96.35383605957033
2025-05-15,96.6108169555664
2025-05-16,95.87755584716795
2025-05-19,95.66947174072266
2025-05-20,92.91481018066406
2025-05-21,90.66552734375
2025-05-22,90.08090209960938
2025-05-23,89.6449203491211
2025-05-27,91.696044921875
2025-05-28,90.11063385009766
2025-05-29,89.90254974365234
2025-05-30,89.71427917480469
2025-06-02,86.99927520751953
2025-06-03,86.94972229003906
2025-06-04,85.35440826416016
2025-06-05,82.48085021972656
2025-06-06,82.54031372070312
2025-06-09,83.92754364013672
2025-06-10,85.87957763671875
2025-06-11,86.7218246459961
2025-06-12,86.27592468261719
2025-06-13,83.41228485107422
2025-06-16,87.79197692871094
2025-06-17,86.4840087890625
2025-06-18,86.11739349365234
2025-06-20,87.68296813964844
2025-06-23,88.88194274902344
2025-06-24,90.1403579711914
2025-06-25,91.07179260253906
2025-06-26,91.79512786865234
2025-06-27,93.8165283203125
2025-06-30,92.81573486328124
2025-07-01,101.0301284790039
2025-07-02,103.7253189086914
2025-07-03,104.66665649414062
2025-07-07,107.6789321899414
2025-07-08,109.45260620117188
2025-07-09,109.07608032226562
2025-07-10,110.90919494628906
2025-07-11,110.15613555908205
2025-07-14,109.9976043701172
2025-07-15,109.98768615722656
2025-07-16,108.84817504882812
2025-07-17,108.44190979003906
2025-07-18,105.79625701904295
2025-07-21,105.39000701904295
2025-07-22,106.7276840209961
2025-07-23,106.6583251953125
2025-07-24,107.4609375
2025-07-25,108.44190979003906
2025-07-28,110.25521850585938
2025-07-29,108.38245391845705
2025-07-30,108.53109741210938
2025-07-31,108.03565216064452
2025-08-01,106.94568634033205
2025-08-04,106.0737075805664
2025-08-05,106.73760986328124
2025-08-06,106.23224639892578
2025-08-07,106.2520751953125
2025-08-08,105.4395523071289
2025-08-11,107.63929748535156
2025-08-12,111.46409606933594
2025-08-13,110.80020904541016
2025-08-14,110.36421966552734
2025-08-15,108.45182037353516
2025-08-18,107.40901947021484
2025-08-19,112.05695343017578
2025-08-20,110.74600219726562
2025-08-21,110.1302490234375
2025-08-22,113.5268096923828
2025-08-25,117.54905700683594
2025-08-26,118.26412963867188
2025-08-27,122.35589599609376
2025-08-28,125.87165069580078
2025-08-29,125.88157653808594
2025-09-02,124.6103515625
2025-09-03,124.66000366210938
2025-09-04,122.04803466796876
2025-09-05,120.07166290283205
2025-09-08,121.82952880859376
2025-09-09,120.65762329101562
2025-09-10,122.0579605102539
2025-09-11,123.01139068603516
2025-09-12,120.61788940429688
2025-09-15,122.00830841064452
2025-09-16,119.8531723022461
2025-09-17,122.43535614013672
2025-09-18,127.79835510253906
2025-09-19,128.63259887695312
2025-09-22,125.1863784790039
2025-09-23,126.6363754272461
2025-09-24,125.05725860595705
2025-09-25,124.97781372070312
2025-09-26,128.08636474609375
2025-09-29,131.52264404296875
2025-09-30,127.39116668701172
2025-10-01,131.12539672851562
2025-10-02,132.4264373779297
2025-10-03,122.81275177001952
2025-10-06,123.73638153076172
2025-10-07,122.0678939819336
2025-10-08,120.73706817626952
2025-10-09,122.70350646972656
2025-10-10,119.0685806274414
2025-10-13,111.74907684326172
2025-10-14,115.3144760131836
2025-10-15,117.26105499267578
2025-10-16,115.1257781982422
2025-10-17,117.0028305053711
2025-10-20,121.1045379638672
2025-10-21,120.30007934570312
2025-10-22,118.57200622558594
2025-10-23,124.54083251953124
2025-10-24,124.70966339111328
2025-10-27,124.58055877685548
2025-10-28,120.02200317382812
2025-10-29,120.04186248779295
2025-10-30,118.94939422607422
2025-10-31,118.17474365234376
2025-11-03,124.86858367919922
2025-11-04,120.5086441040039
2025-11-05,124.33226776123048
2025-11-06,121.70042419433594
2025-11-07,125.27576446533205
2025-11-10,127.99699401855467
2025-11-11,125.20624542236328
2025-11-12,124.1634292602539
2025-11-13,122.16720581054688
2025-11-14,119.90283203125
2025-11-17,117.57403564453124
2025-11-18,119.71373748779295
2025-11-19,117.753173828125
2025-11-20,116.57881927490234
2025-11-21,119.02704620361328
2025-11-24,122.64960479736328
2025-11-25,126.85933685302734
2025-11-26,128.83981323242188
2025-11-28,128.06353759765625
2025-12-01,132.1339569091797
2025-12-02,132.45240783691406
2025-12-03,130.89988708496094
2025-12-04,125.1177215576172
2025-12-05,124.90872955322266
2025-12-08,126.52096557617188
2025-12-09,123.62490844726562
2025-12-10,123.00788116455078
2025-12-11,124.25189208984376
2025-12-12,123.06758880615234
2025-12-15,125.64518737792967
2025-12-16,125.43618774414062
2025-12-17,124.8390655517578
2025-12-18,125.90394592285156
2025-12-19,127.32709503173828
2025-12-22,125.37648010253906
2025-12-23,124.36136627197266
2025-12-24,124.42107391357422
2025-12-26,123.76423645019533
2025-12-29,121.68424987792967
2025-12-30,119.75354766845705
2025-12-31,119.75354766845705
2026-01-02,121.98281860351562
2026-01-05,119.10665893554688
2026-01-06,119.95258331298828
2026-01-07,115.8125228881836
2026-01-08,117.70340728759766
2026-01-09,117.26551818847656
2026-01-12,116.28025817871094
2026-01-13,115.84237670898438
2026-01-14,116.320068359375
2026-01-15,116.80772399902344
2026-01-16,113.78228759765624
2026-01-20,110.74690246582033
2026-01-21,113.58324432373048
2026-01-22,114.5087890625
2026-01-23,113.00602722167967
2026-01-26,113.53348541259766
2026-01-27,113.22496795654295
2026-01-28,112.33922576904295
2026-01-29,108.38825988769533
2026-01-30,106.93524169921876
2026-02-02,108.6569595336914
2026-02-03,108.74652862548828
2026-02-04,113.6628646850586
2026-02-05,112.6576919555664
2026-02-06,117.3948974609375
2026-02-09,116.3797836303711
2026-02-10,116.3001708984375
2026-02-11,114.95663452148438
2026-02-12,107.33333587646484
2026-02-13,112.84678649902344
2026-02-17,113.8519515991211
2026-02-18,115.75279998779295
2026-02-19,114.79740142822266
2026-02-20,114.3197021484375
2026-02-23,106.96900939941406
2026-02-24,109.1532745361328
2026-02-25,107.1684799194336
2026-02-26,109.82151794433594
2026-02-27,107.90654754638672
2026-03-02,103.1689910888672
2026-03-03,102.01202392578124
2026-03-04,103.0592803955078
2026-03-05,105.09393310546876
2026-03-06,101.34378051757812
2026-03-09,101.29391479492188
2026-03-10,102.46085357666016
2026-03-11,99.8078155517578
2026-03-12,98.53117370605467
2026-03-13,100.16687774658205
2026-03-16,100.36634826660156
2026-03-17,103.0592803955078
2026-03-18,101.353759765625
2026-03-19,102.88972473144533
2026-03-20,99.71805572509766
2026-03-23,100.8650360107422
2026-03-24,102.50074005126952
2026-03-25,101.623046875
2026-03-26,99.20938873291016
2026-03-27,96.33692932128906
2026-03-30,96.51646423339844
2026-03-31,101.28394317626952
2026-04-01,102.33119201660156
2026-04-02,101.76268005371094
2026-04-06,102.44090270996094
2026-04-07,100.16687774658205
2026-04-08,104.96427154541016
2026-04-09,104.6151885986328
2026-04-10,103.72752380371094
2026-04-13,102.78998565673828
2026-04-14,105.3133544921875
2026-04-15,106.56007385253906
2026-04-16,106.54013061523438
2026-04-17,108.90392303466795
2026-04-20,108.50497436523438
2026-04-21,107.37793731689452
2026-04-22,106.36060333251952
2026-04-23,105.33330535888672
2026-04-24,105.39314270019533
2026-04-27,105.23356628417967
2026-04-28,105.9217529296875
2026-04-29,103.96688842773438
2026-04-30,106.82937622070312
2026-05-01,105.70233917236328
2026-05-04,103.1689910888672
2026-05-05,105.96165466308594
2026-05-06,107.28816986083984
2026-05-07,106.57005310058594
2026-05-08,102.1516571044922
2026-05-11,99.10965728759766
2026-05-12,96.99520874023438
2026-05-13,95.95793151855467
2026-05-14,95.1799774169922
2026-05-15,95.16999816894533
2026-05-18,95.51000213623048
2026-05-19,94.77999877929688
2026-05-20,98.05999755859376
2026-05-21,98.54000091552734
2026-05-22,97.23999786376952
2026-05-26,97.87000274658205
2026-05-27,101.22000122070312
2026-05-28,101.54000091552734
2026-05-29,101.22000122070312
2026-06-01,106.52999877929688
2026-06-02,104.62000274658205
2026-06-03,104.9499969482422
2026-06-04,103.5999984741211
2026-06-05,104.4800033569336
2026-06-08,104.83000183105467
2026-06-09,107.44000244140624
2026-06-10,105.26000213623048
2026-06-11,107.75
2026-06-12,107.2699966430664
2026-06-15,105.95999908447266
2026-06-16,103.66999816894533
2026-06-17,102.30999755859376
2026-06-18,105.52999877929688
2026-06-22,103.62000274658205
2026-06-23,104.1500015258789
2026-06-24,103.75
2026-06-25,99.37999725341795
2026-06-26,100.44000244140624
2026-06-29,99.41999816894533
2026-06-30,97.08999633789062
2026-07-01,96.11000061035156
2026-07-02,95.91000366210938
2026-07-06,95.88999938964844
2026-07-07,96.3499984741211
2026-07-08,97.93000030517578
2026-07-09,98.83000183105467
2026-07-10,99.7699966430664
2026-07-13,97.12999725341795
2026-07-14,95.9000015258789
2026-07-15,97.0500030517578
2026-07-16,98.11000061035156
2026-07-17,96.63999938964844
2026-07-20,95.66000366210938
2026-07-21,94.62999725341795
2026-07-22,94.37000274658205
2026-07-23,96.7699966430664
2026-07-24,96.91999816894533
2026-07-27,99.6999969482422
2026-07-28,99.0199966430664
2026-07-29,99.01000213623048
2026-07-30,100.6999969482422
2026-07-31,99.30999755859376
2026-08-03,98.36000061035156
2026-08-04,97.5999984741211
2026-08-05,101.1500015258789
2026-08-06,101.5
2026-08-07,102.54000091552734
2026-08-10,102.5
2026-08-11,104.79000091552734
2026-08-12,102.97000122070312
2026-08-13,102.37000274658205
2026-08-14,102.52999877929688
2026-08-17,102.79000091552734
2026-08-18,101.29000091552734
2026-08-19,100.0999984741211
2026-08-20,99.5999984741211
2026-08-21,100.27999877929688
