date,close
1981-12-31,0.766602635383606
1982-01-04,0.768450140953064
1982-01-05,0.7629081010818481
1982-01-06,0.7481301426887512
1982-01-07,0.720422089099884
1982-01-08,0.7462831139564514
1982-01-11,0.7315050959587097
1982-01-12,0.7296584248542786
1982-01-13,0.7185746431350708
1982-01-14,0.7001023292541504
1982-01-15,0.7093382477760315
1982-01-18,0.7167271375656128
1982-01-19,0.7074915766716003
1982-01-20,0.7001023292541504
1982-01-21,0.7001023292541504
1982-01-22,0.7037968635559082
1982-01-25,0.7019497156143188
1982-01-26,0.7074915766716003
1982-01-27,0.7037968635559082
1982-01-28,0.7037968635559082
1982-01-29,0.7019497156143188
1982-02-01,0.696408212184906
1982-02-02,0.689018964767456
1982-02-03,0.6723936200141907
1982-02-04,0.6650049090385437
1982-02-05,0.6631572246551514
1982-02-08,0.6557682752609253
1982-02-09,0.6539212465286255
1982-02-10,0.6631572246551514
1982-02-11,0.6650049090385437
1982-02-12,0.6650049090385437
1982-02-16,0.6613102555274963
1982-02-17,0.6613102555274963
1982-02-18,0.6613102555274963
1982-02-19,0.6594631671905518
1982-02-22,0.6613102555274963
1982-02-23,0.6576159000396729
1982-02-24,0.6613102555274963
1982-02-25,0.6631572246551514
1982-02-26,0.6631572246551514
1982-03-01,0.6613102555274963
1982-03-02,0.6483797430992126
1982-03-03,0.6317546367645264
1982-03-04,0.618824303150177
1982-03-05,0.6354490518569946
1982-03-08,0.6347751021385193
1982-03-09,0.6366475820541382
1982-03-10,0.6441377997398376
1982-03-11,0.6460101008415222
1982-03-12,0.6403924822807312
1982-03-15,0.6460101008415222
1982-03-16,0.6441377997398376
1982-03-17,0.6497552990913391
1982-03-18,0.6460101008415222
1982-03-19,0.6460101008415222
1982-03-22,0.6478822231292725
1982-03-23,0.6403924822807312
1982-03-24,0.6329028010368347
1982-03-25,0.6329028010368347
1982-03-26,0.631030261516571
1982-03-29,0.6347751021385193
1982-03-30,0.6291577219963074
1982-03-31,0.6029425859451294
1982-04-01,0.5991979241371155
1982-04-02,0.6141776442527771
1982-04-05,0.6254125237464905
1982-04-06,0.6441377997398376
1982-04-07,0.6516276597976685
1982-04-08,0.6666077971458435
1982-04-12,0.6722250580787659
1982-04-13,0.6872047781944275
1982-04-14,0.689077615737915
1982-04-15,0.6759697198867798
1982-04-16,0.689077615737915
1982-04-19,0.6965673565864563
1982-04-20,0.6797146797180176
1982-04-21,0.6778426766395569
1982-04-22,0.6853322386741638
1982-04-23,0.702184796333313
1982-04-26,0.7115472555160522
1982-04-27,0.7078019976615906
1982-04-28,0.709674596786499
1982-04-29,0.709674596786499
1982-04-30,0.7190372943878174
1982-05-03,0.7134198546409607
1982-05-04,0.7190372943878174
1982-05-05,0.7190372943878174
1982-05-06,0.7246548533439636
1982-05-07,0.7227820158004761
1982-05-10,0.7246548533439636
1982-05-11,0.7302720546722412
1982-05-12,0.7284000515937805
1982-05-13,0.7284000515937805
1982-05-14,0.7265264987945557
1982-05-17,0.7284000515937805
1982-05-18,0.7265264987945557
1982-05-19,0.7246548533439636
1982-05-20,0.7190372943878174
1982-05-21,0.7246548533439636
1982-05-24,0.7246548533439636
1982-05-25,0.7265264987945557
1982-05-26,0.7246548533439636
1982-05-27,0.7227820158004761
1982-05-28,0.7190372943878174
1982-06-01,0.7003123760223389
1982-06-02,0.7078019976615906
1982-06-03,0.7115472555160522
1982-06-04,0.7003123760223389
1982-06-07,0.689077615737915
1982-06-08,0.6770164966583252
1982-06-09,0.6808090209960938
1982-06-10,0.6789126396179199
1982-06-11,0.6827059388160706
1982-06-14,0.6883950233459473
1982-06-15,0.6864985227584839
1982-06-16,0.6846018433570862
1982-06-17,0.6846018433570862
1982-06-18,0.6789126396179199
1982-06-21,0.6808090209960938
1982-06-22,0.6902911067008972
1982-06-23,0.7016695737838745
1982-06-24,0.7054620385169983
1982-06-25,0.6978769898414612
1982-06-28,0.6827059388160706
1982-06-29,0.6675342917442322
1982-06-30,0.658052384853363
1982-07-01,0.6561557650566101
1982-07-02,0.6542596817016602
1982-07-06,0.6561557650566101
1982-07-07,0.6637414693832397
1982-07-08,0.6675342917442322
1982-07-09,0.6713271737098694
1982-07-12,0.6827059388160706
1982-07-13,0.6789126396179199
1982-07-14,0.6827059388160706
1982-07-15,0.6883950233459473
1982-07-16,0.6902911067008972
1982-07-19,0.6864985227584839
1982-07-20,0.6846018433570862
1982-07-21,0.6789126396179199
1982-07-22,0.6751201152801514
1982-07-23,0.6751201152801514
1982-07-26,0.6808090209960938
1982-07-27,0.6827059388160706
1982-07-28,0.6789126396179199
1982-07-29,0.6827059388160706
1982-07-30,0.6827059388160706
1982-08-02,0.6940840482711792
1982-08-03,0.6959803700447083
1982-08-04,0.6864985227584839
1982-08-05,0.6808090209960938
1982-08-06,0.6770164966583252
1982-08-09,0.6637414693832397
1982-08-10,0.652363657951355
1982-08-11,0.6504665017127991
1982-08-12,0.6561557650566101
1982-08-13,0.6675342917442322
1982-08-16,0.6675342917442322
1982-08-17,0.6978769898414612
1982-08-18,0.6978769898414612
1982-08-19,0.7054620385169983
1982-08-20,0.7585614323616028
1982-08-23,0.8040752410888672
1982-08-24,0.7756292223930359
1982-08-25,0.7813183069229126
1982-08-26,0.7832149267196655
1982-08-27,0.7699403762817383
1982-08-30,0.8021788597106934
1982-08-31,0.8002831339836121
1982-09-01,0.7680438756942749
1982-09-02,0.7926966547966003
1982-09-03,0.8002831339836121
1982-09-07,0.8206852078437805
1982-09-08,0.8206852078437805
1982-09-09,0.818767786026001
1982-09-10,0.8015095591545105
1982-09-13,0.776582658290863
1982-09-14,0.7823350429534912
1982-09-15,0.7957574129104614
1982-09-16,0.8034276366233826
1982-09-17,0.7900047302246094
1982-09-20,0.7804179191589355
1982-09-21,0.8091803193092346
1982-09-22,0.8130146265029907
1982-09-23,0.8245201110839844
1982-09-24,0.8149324655532837
1982-09-27,0.8149324655532837
1982-09-28,0.8130146265029907
1982-09-29,0.8091803193092346
1982-09-30,0.7938401103019714
1982-10-01,0.7957574129104614
1982-10-04,0.805345356464386
1982-10-05,0.7900047302246094
1982-10-06,0.8072618842124939
1982-10-07,0.8341071605682373
1982-10-08,0.8551999926567078
1982-10-11,0.8551999926567078
1982-10-12,0.8551999926567078
1982-10-13,0.8590341806411743
1982-10-14,0.8551999926567078
1982-10-15,0.8647867441177368
1982-10-18,0.891631543636322
1982-10-19,0.8801270723342896
1982-10-20,0.9242289066314696
1982-10-21,0.916559398174286
1982-10-22,0.9299814105033876
1982-10-25,0.9069718718528748
1982-10-26,0.9146415591239928
1982-10-27,0.9203934669494628
1982-10-28,0.9242289066314696
1982-10-29,0.9357344508171082
1982-11-01,0.9395686388015748
1982-11-02,0.949155569076538
1982-11-03,1.0143508911132812
1982-11-04,1.0028460025787354
1982-11-05,0.9970936179161072
1982-11-08,0.9894234538078308
1982-11-09,1.0143508911132812
1982-11-10,1.0239384174346924
1982-11-11,1.031608819961548
1982-11-12,1.0220210552215576
1982-11-15,0.9990109205245972
1982-11-16,0.9760010838508606
1982-11-17,0.9894234538078308
1982-11-18,0.991341471672058
1982-11-19,0.9836711287498474
1982-11-22,0.9760010838508606
1982-11-23,0.9453214406967164
1982-11-24,0.9357344508171082
1982-11-26,0.9472396969795228
1982-11-29,0.9357344508171082
1982-11-30,0.9318995475769044
1982-12-01,0.9242289066314696
1982-12-02,0.9280638098716736
1982-12-03,0.9434038400650024
1982-12-06,0.9510741829872132
1982-12-07,0.96005517244339
1982-12-08,0.95811927318573
1982-12-09,0.9290849566459656
1982-12-10,0.9348923563957214
1982-12-13,0.9252144694328308
1982-12-14,0.8942453861236572
1982-12-15,0.8690826296806335
1982-12-16,0.8710177540779114
1982-12-17,0.9000513553619385
1982-12-20,0.8923099040985107
1982-12-21,0.898116409778595
1982-12-22,0.9329572319984436
1982-12-23,0.9755405187606812
1982-12-27,1.0065088272094729
1982-12-28,1.0065088272094729
1982-12-29,1.0278013944625854
1982-12-30,1.0181236267089844
1982-12-31,1.0200589895248413
1983-01-03,1.0142520666122437
1983-01-04,1.0278013944625854
1983-01-05,1.025865912437439
1983-01-06,1.0510287284851074
1983-01-07,1.0645776987075806
1983-01-10,1.1149035692214966
1983-01-11,1.124581217765808
1983-01-12,1.130387544631958
1983-01-13,1.122645139694214
1983-01-14,1.142001032829285
1983-01-17,1.1574851274490356
1983-01-18,1.1497437953948977
1983-01-19,1.1265171766281128
1983-01-20,1.1032887697219849
1983-01-21,1.066513180732727
1983-01-24,1.0490920543670654
1983-01-25,1.0858689546585083
1983-01-26,1.083933711051941
1983-01-27,1.1149035692214966
1983-01-28,1.1071603298187256
1983-01-31,1.111032009124756
1983-02-01,1.0994173288345337
1983-02-02,1.0994173288345337
1983-02-03,1.1090959310531616
1983-02-04,1.1381300687789917
1983-02-07,1.1594218015670776
1983-02-08,1.1710355281829834
1983-02-09,1.1768418550491333
1983-02-10,1.178778052330017
1983-02-11,1.1826496124267578
1983-02-14,1.1768418550491333
1983-02-15,1.1807129383087158
1983-02-16,1.1690990924835205
1983-02-17,1.1768418550491333
1983-02-18,1.1768418550491333
1983-02-22,1.172970175743103
1983-02-23,1.1768418550491333
1983-02-24,1.1807129383087158
1983-02-25,1.1710355281829834
1983-02-28,1.142001032829285
1983-03-01,1.1536146402359009
1983-03-02,1.1536146402359009
1983-03-03,1.1516788005828855
1983-03-04,1.1690990924835205
1983-03-07,1.1671634912490845
1983-03-08,1.141104221343994
1983-03-09,1.1430548429489136
1983-03-10,1.1215981245040894
1983-03-11,1.1137964725494385
1983-03-14,1.100141525268555
1983-03-15,1.1274508237838743
1983-03-16,1.100141525268555
1983-03-17,1.0864872932434082
1983-03-18,1.0845367908477783
1983-03-21,1.0747835636138916
1983-03-22,1.0884383916854858
1983-03-23,1.0923389196395874
1983-03-24,1.0845367908477783
1983-03-25,1.0923389196395874
1983-03-28,1.0942896604537964
1983-03-29,1.0884383916854858
1983-03-30,1.0903891324996948
1983-03-31,1.0786848068237305
1983-04-04,1.0611283779144287
1983-04-05,1.0455249547958374
1983-04-06,1.0435733795166016
1983-04-07,1.0279693603515625
1983-04-08,1.0435733795166016
1983-04-11,1.0611283779144287
1983-04-12,1.139153242111206
1983-04-13,1.1274508237838743
1983-04-14,1.131350874900818
1983-04-15,1.1274508237838743
1983-04-18,1.131350874900818
1983-04-19,1.111844539642334
1983-04-20,1.1176965236663818
1983-04-21,1.1137964725494385
1983-04-22,1.0864872932434082
1983-04-25,1.065030217170715
1983-04-26,1.0845367908477783
1983-04-27,1.1176965236663818
1983-04-28,1.158660054206848
1983-04-29,1.174264669418335
1983-05-02,1.172313928604126
1983-05-03,1.172313928604126
1983-05-04,1.209376096725464
1983-05-05,1.2561899423599243
1983-05-06,1.2366828918457031
1983-05-09,1.2347322702407837
1983-05-10,1.2522883415222168
1983-05-11,1.2405850887298584
1983-05-12,1.2405850887298584
1983-05-13,1.2366828918457031
1983-05-16,1.215227484703064
1983-05-17,1.2366828918457031
1983-05-18,1.2581398487091064
1983-05-19,1.2561899423599243
1983-05-20,1.2776461839675903
1983-05-23,1.3264113664627075
1983-05-24,1.3946828842163086
1983-05-25,1.3888306617736816
1983-05-26,1.3576215505599976
1983-05-27,1.3088568449020386
1983-05-31,1.295201301574707
1983-06-01,1.3010534048080444
1983-06-02,1.3244612216949463
1983-06-03,1.361522555351257
1983-06-06,1.342016577720642
1983-06-07,1.3432739973068235
1983-06-08,1.319707989692688
1983-06-09,1.2922136783599854
1983-06-10,1.2961409091949463
1983-06-13,1.303996205329895
1983-06-14,1.3472011089324951
1983-06-15,1.351128101348877
1983-06-16,1.3432739973068235
1983-06-17,1.3157795667648315
1983-06-20,1.303996205329895
1983-06-21,1.3079239130020142
1983-06-22,1.3059600591659546
1983-06-23,1.3020331859588623
1983-06-24,1.2961409091949463
1983-06-27,1.319707989692688
1983-06-28,1.3236349821090698
1983-06-29,1.3275623321533203
1983-06-30,1.3275623321533203
1983-07-01,1.331490159034729
1983-07-05,1.3118517398834229
1983-07-06,1.3079239130020142
1983-07-07,1.288285255432129
1983-07-08,1.272574543952942
1983-07-11,1.27650249004364
1983-07-12,1.2745370864868164
1983-07-13,1.2490087747573853
1983-07-14,1.2431163787841797
1983-07-15,1.2450804710388184
1983-07-18,1.2509719133377075
1983-07-19,1.268646001815796
1983-07-20,1.2941770553588867
1983-07-21,1.2863221168518066
1983-07-22,1.2843573093414309
1983-07-25,1.2843573093414309
1983-07-26,1.282394289970398
1983-07-27,1.2509719133377075
1983-07-28,1.2215139865875244
1983-07-29,1.217586874961853
1983-08-01,1.197948336601257
1983-08-02,1.186165452003479
1983-08-03,1.1508166790008545
1983-08-04,1.139032244682312
1983-08-05,1.1547443866729736
1983-08-08,1.1527799367904663
1983-08-09,1.146889090538025
1983-08-10,1.1547443866729736
1983-08-11,1.1665267944335938
1983-08-12,1.174381971359253
1983-08-15,1.1704546213150024
1983-08-16,1.1822378635406494
1983-08-17,1.197948336601257
1983-08-18,1.2058041095733645
1983-08-19,1.1783101558685305
1983-08-22,1.1704546213150024
1983-08-23,1.1547443866729736
1983-08-24,1.146889090538025
1983-08-25,1.1449246406555176
1983-08-26,1.158671498298645
1983-08-29,1.1567074060440063
1983-08-30,1.142960548400879
1983-08-31,1.142960548400879
1983-09-01,1.1409964561462402
1983-09-02,1.1684907674789429
1983-09-06,1.1974672079086304
1983-09-07,1.1895498037338257
1983-09-08,1.2073643207550049
1983-09-09,1.2113229036331177
1983-09-12,1.2548669576644895
1983-09-13,1.2588253021240234
1983-09-14,1.2588253021240234
1983-09-15,1.2489292621612549
1983-09-16,1.2509078979492188
1983-09-19,1.2707009315490725
1983-09-20,1.282576560974121
1983-09-21,1.280597448348999
1983-09-22,1.2865357398986816
1983-09-23,1.266742467880249
1983-09-26,1.2707009315490725
1983-09-27,1.266742467880249
1983-09-28,1.2647634744644165
1983-09-29,1.266742467880249
1983-09-30,1.2568458318710327
1983-10-03,1.2509078979492188
1983-10-04,1.2469494342803955
1983-10-05,1.2370526790618896
1983-10-06,1.223198413848877
1983-10-07,1.2588253021240234
1983-10-10,1.2588253021240234
1983-10-11,1.1935093402862549
1983-10-12,1.1974672079086304
1983-10-13,1.195488452911377
1983-10-14,1.195488452911377
1983-10-17,1.2073643207550049
1983-10-18,1.2034051418304443
1983-10-19,1.195488452911377
1983-10-20,1.2113229036331177
1983-10-21,1.2034051418304443
1983-10-24,1.1994463205337524
1983-10-25,1.1796544790267944
1983-10-26,1.1400684118270874
1983-10-27,1.126213312149048
1983-10-28,1.108399510383606
1983-10-31,1.1123576164245603
1983-11-01,1.1103790998458862
1983-11-02,1.1123576164245603
1983-11-03,1.108399510383606
1983-11-04,1.098503351211548
1983-11-07,1.1004818677902222
1983-11-08,1.104441523551941
1983-11-09,1.124233961105347
1983-11-10,1.1321511268615725
1983-11-11,1.1479849815368652
1983-11-14,1.1361089944839478
1983-11-15,1.1004818677902222
1983-11-16,1.1024612188339231
1983-11-17,1.1004818677902222
1983-11-18,1.0965237617492676
1983-11-21,1.084648370742798
1983-11-22,1.0806896686553955
1983-11-23,1.082669377326965
1983-11-25,1.082669377326965
1983-11-28,1.0886067152023315
1983-11-29,1.0965237617492676
1983-11-30,1.108399510383606
1983-12-01,1.0965237617492676
1983-12-02,1.0806896686553955
1983-12-05,1.0965237617492676
1983-12-06,1.0965237617492676
1983-12-07,1.104441523551941
1983-12-08,1.1004818677902222
1983-12-09,1.1004818677902222
1983-12-12,1.1064201593399048
1983-12-13,1.1057021617889404
1983-12-14,1.087740182876587
1983-12-15,1.087740182876587
1983-12-16,1.0937269926071167
1983-12-19,1.0977187156677246
1983-12-20,1.0977187156677246
1983-12-21,1.0897353887557983
1983-12-22,1.087740182876587
1983-12-23,1.085743427276611
1983-12-27,1.087740182876587
1983-12-28,1.0897353887557983
1983-12-29,1.1136856079101562
1983-12-30,1.1136856079101562
1984-01-03,1.0897353887557983
1984-01-04,1.1176772117614746
1984-01-05,1.1456183195114136
1984-01-06,1.151606798171997
1984-01-09,1.1396315097808838
1984-01-10,1.1336437463760376
1984-01-11,1.1456183195114136
1984-01-12,1.1496113538742063
1984-01-13,1.1536027193069458
1984-01-16,1.1575934886932373
1984-01-17,1.1815441846847534
1984-01-18,1.1835399866104126
1984-01-19,1.1815441846847534
1984-01-20,1.179548978805542
1984-01-23,1.1536027193069458
1984-01-24,1.14761483669281
1984-01-25,1.1416279077529907
1984-01-26,1.151606798171997
1984-01-27,1.1496113538742063
1984-01-30,1.1376354694366455
1984-01-31,1.1316481828689575
1984-02-01,1.1196733713150024
1984-02-02,1.1176772117614746
1984-02-03,1.085743427276611
1984-02-06,1.077759861946106
1984-02-07,1.077759861946106
1984-02-08,1.0697773694992063
1984-02-09,1.061792492866516
1984-02-10,1.0418349504470823
1984-02-13,1.0358468294143677
1984-02-14,1.02985942363739
1984-02-15,1.0218758583068848
1984-02-16,1.0158889293670654
1984-02-17,1.009900450706482
1984-02-21,1.0059096813201904
1984-02-22,0.983954668045044
1984-02-23,0.9620011448860168
1984-02-24,0.99393492937088
1984-02-27,0.99393492937088
1984-02-28,0.9819598197937012
1984-02-29,0.9779676198959352
1984-03-01,0.9659916162490844
1984-03-02,0.9639968276023864
1984-03-05,0.9639968276023864
1984-03-06,0.967301607131958
1984-03-07,0.9753625988960266
1984-03-08,0.9753625988960266
1984-03-09,0.991484522819519
1984-03-12,0.991484522819519
1984-03-13,1.0076055526733398
1984-03-14,0.9934992790222168
1984-03-15,0.9955151677131652
1984-03-16,1.0196975469589231
1984-03-19,1.01163649559021
1984-03-20,1.009621500968933
1984-03-21,1.015666961669922
1984-03-22,1.015666961669922
1984-03-23,1.009621500968933
1984-03-26,1.0217125415802002
1984-03-27,1.015666961669922
1984-03-28,1.0257432460784912
1984-03-29,1.068062424659729
1984-03-30,1.0620163679122925
1984-04-02,1.066047191619873
1984-04-03,1.0600013732910156
1984-04-04,1.0539560317993164
1984-04-05,1.0438809394836426
1984-04-06,1.0398489236831665
1984-04-09,1.0398489236831665
1984-04-10,1.023727536201477
1984-04-11,1.0196975469589231
1984-04-12,1.0358189344406128
1984-04-13,1.0479103326797483
1984-04-16,1.0479103326797483
1984-04-17,1.0458946228027344
1984-04-18,1.0176820755004885
1984-04-19,1.009621500968933
1984-04-23,1.0015603303909302
1984-04-24,1.0035749673843384
1984-04-25,0.997529923915863
1984-04-26,1.01163649559021
1984-04-27,1.0176820755004885
1984-04-30,1.01163649559021
1984-05-01,1.0479103326797483
1984-05-02,1.0479103326797483
1984-05-03,1.0458946228027344
1984-05-04,1.041864037513733
1984-05-07,1.0378341674804688
1984-05-08,1.0559710264205933
1984-05-09,1.0479103326797483
1984-05-10,1.049925446510315
1984-05-11,1.0338034629821775
1984-05-14,1.023727536201477
1984-05-15,1.0196975469589231
1984-05-16,1.0297737121582031
1984-05-17,1.0196975469589231
1984-05-18,1.01163649559021
1984-05-21,1.0035749673843384
1984-05-22,0.9955151677131652
1984-05-23,0.9753625988960266
1984-05-24,0.9773781895637512
1984-05-25,0.9834238886833192
1984-05-29,0.979392945766449
1984-05-30,0.9874534606933594
1984-05-31,0.979392945766449
1984-06-01,0.9955151677131652
1984-06-04,1.013651728630066
1984-06-05,1.0169870853424072
1984-06-06,1.0413951873779297
1984-06-07,1.031225085258484
1984-06-08,1.035293459892273
1984-06-11,1.029191493988037
1984-06-12,1.0271567106246948
1984-06-13,1.0271567106246948
1984-06-14,1.0251233577728271
1984-06-15,1.0088509321212769
1984-06-18,1.0251233577728271
1984-06-19,1.0251233577728271
1984-06-20,1.049530863761902
1984-06-21,1.049530863761902
1984-06-22,1.029191493988037
1984-06-25,1.0373276472091677
1984-06-26,1.029191493988037
1984-06-27,1.029191493988037
1984-06-28,1.043428897857666
1984-06-29,1.0373276472091677
1984-07-02,1.031225085258484
1984-07-03,1.0332598686218262
1984-07-05,1.0271567106246948
1984-07-06,1.0413951873779297
1984-07-09,1.0413951873779297
1984-07-10,1.0251233577728271
1984-07-11,1.0047836303710938
1984-07-12,1.0047836303710938
1984-07-13,1.0108859539031982
1984-07-16,1.0210548639297483
1984-07-17,1.029191493988037
1984-07-18,1.0230897665023804
1984-07-19,1.0169870853424072
1984-07-20,1.000715255737305
1984-07-23,1.012919545173645
1984-07-24,1.0251233577728271
1984-07-25,1.031225085258484
1984-07-26,1.0373276472091677
1984-07-27,1.0373276472091677
1984-07-30,1.0515649318695068
1984-07-31,1.084109902381897
1984-08-01,1.1186858415603638
1984-08-02,1.1268218755722046
1984-08-03,1.1552976369857788
1984-08-06,1.163433074951172
1984-08-07,1.1654677391052246
1984-08-08,1.1756383180618286
1984-08-09,1.171569585800171
1984-08-10,1.1471614837646484
1984-08-13,1.1471614837646484
1984-08-14,1.1410597562789917
1984-08-15,1.134958028793335
1984-08-16,1.1227538585662842
1984-08-17,1.116652011871338
1984-08-20,1.1227538585662842
1984-08-21,1.1512293815612793
1984-08-22,1.171569585800171
1984-08-23,1.167500615119934
1984-08-24,1.1491953134536743
1984-08-27,1.1430927515029907
1984-08-28,1.1390265226364136
1984-08-29,1.159366011619568
1984-08-30,1.1512293815612793
1984-08-31,1.1451280117034912
1984-09-04,1.136186122894287
1984-09-05,1.136186122894287
1984-09-06,1.140287160873413
1984-09-07,1.1443891525268557
1984-09-10,1.1238808631896973
1984-09-11,1.1238808631896973
1984-09-12,1.1238808631896973
1984-09-13,1.1320847272872925
1984-09-14,1.1320847272872925
1984-09-17,1.0992707014083862
1984-09-18,1.111575722694397
1984-09-19,1.0951682329177856
1984-09-20,1.1156768798828125
1984-09-21,1.0992707014083862
1984-09-24,1.10337233543396
1984-09-25,1.107473611831665
1984-09-26,1.1095237731933594
1984-09-27,1.0992707014083862
1984-09-28,1.0931180715560913
1984-10-01,1.0910667181015017
1984-10-02,1.0767109394073486
1984-10-03,1.0828633308410645
1984-10-04,1.064405083656311
1984-10-05,1.0603039264678955
1984-10-08,1.0603039264678955
1984-10-09,1.064405083656311
1984-10-10,1.02543842792511
1984-10-11,1.027489185333252
1984-10-12,1.0336424112319946
1984-10-15,1.0069810152053833
1984-10-16,1.0028787851333618
1984-10-17,1.021336793899536
1984-10-18,1.0377440452575684
1984-10-19,1.052100419998169
1984-10-22,1.0500493049621582
1984-10-23,1.062354564666748
1984-10-24,1.045947551727295
1984-10-25,1.031591534614563
1984-10-26,1.021336793899536
1984-10-29,1.021336793899536
1984-10-30,1.029541015625
1984-10-31,1.0233871936798096
1984-11-01,1.017235517501831
1984-11-02,1.02543842792511
1984-11-05,1.045947551727295
1984-11-06,1.0603039264678955
1984-11-07,1.0664560794830322
1984-11-08,1.0664560794830322
1984-11-09,1.0808123350143433
1984-11-12,1.0972192287445068
1984-11-13,1.0828633308410645
1984-11-14,1.089015245437622
1984-11-15,1.0869652032852173
1984-11-16,1.0931180715560913
1984-11-19,1.0828633308410645
1984-11-20,1.089015245437622
1984-11-21,1.074660062789917
1984-11-23,1.0869652032852173
1984-11-26,1.0931180715560913
1984-11-27,1.0992707014083862
1984-11-28,1.107473611831665
1984-11-29,1.107473611831665
1984-11-30,1.1156768798828125
1984-12-03,1.107473611831665
1984-12-04,1.1156768798828125
1984-12-05,1.1156768798828125
1984-12-06,1.146440029144287
1984-12-07,1.1443891525268557
1984-12-10,1.1320847272872925
1984-12-11,1.1281931400299072
1984-12-12,1.1261228322982788
1984-12-13,1.1261228322982788
1984-12-14,1.1178431510925293
1984-12-17,1.0930012464523315
1984-12-18,1.109561562538147
1984-12-19,1.099211573600769
1984-12-20,1.0930012464523315
1984-12-21,1.0681605339050293
1984-12-24,1.0764412879943848
1984-12-26,1.0971418619155884
1984-12-27,1.0950714349746704
1984-12-28,1.111632227897644
1984-12-31,1.142683744430542
1985-01-02,1.1364731788635254
1985-01-03,1.1364731788635254
1985-01-04,1.1323333978652954
1985-01-07,1.1323333978652954
1985-01-08,1.134402871131897
1985-01-09,1.1406137943267822
1985-01-10,1.1488935947418213
1985-01-11,1.1530346870422363
1985-01-14,1.1799439191818235
1985-01-15,1.1737340688705444
1985-01-16,1.1758049726486206
1985-01-17,1.1758049726486206
1985-01-18,1.1737340688705444
1985-01-21,1.1965047121047974
1985-01-22,1.182013988494873
1985-01-23,1.2006453275680542
1985-01-24,1.2089262008666992
1985-01-25,1.2047854661941528
1985-01-28,1.210996150970459
1985-01-29,1.2234165668487549
1985-01-30,1.2503266334533691
1985-01-31,1.2441171407699585
1985-02-01,1.2399767637252808
1985-02-04,1.237906813621521
1985-02-05,1.24204683303833
1985-02-06,1.2544676065444946
1985-02-07,1.275168538093567
1985-02-08,1.281378984451294
1985-02-11,1.2627477645874023
1985-02-12,1.2544676065444946
1985-02-13,1.3207097053527832
1985-02-14,1.300008773803711
1985-02-15,1.2793083190917969
1985-02-19,1.275168538093567
1985-02-20,1.2710283994674685
1985-02-21,1.24204683303833
1985-02-22,1.2296262979507446
1985-02-25,1.2213462591171265
1985-02-26,1.2544676065444946
1985-02-27,1.2544676065444946
1985-02-28,1.2544676065444946
1985-03-01,1.266887903213501
1985-03-04,1.275168538093567
1985-03-05,1.2441080808639526
1985-03-06,1.235757827758789
1985-03-07,1.235757827758789
1985-03-08,1.252457618713379
1985-03-11,1.2608065605163574
1985-03-12,1.2649816274642944
1985-03-13,1.2441080808639526
1985-03-14,1.2566324472427368
1985-03-15,1.235757827758789
1985-03-18,1.2566324472427368
1985-03-19,1.2608065605163574
1985-03-20,1.214883804321289
1985-03-21,1.19818377494812
1985-03-22,1.1856595277786257
1985-03-25,1.1898332834243774
1985-03-26,1.173134684562683
1985-03-27,1.1647850275039673
1985-03-28,1.1814844608306885
1985-03-29,1.1898332834243774
1985-04-01,1.19818377494812
1985-04-02,1.2190587520599363
1985-04-03,1.2107086181640625
1985-04-04,1.1856595277786257
1985-04-08,1.1689605712890625
1985-04-09,1.1814844608306885
1985-04-10,1.1940094232559204
1985-04-11,1.1898332834243774
1985-04-12,1.1898332834243774
1985-04-15,1.1814844608306885
1985-04-16,1.1856595277786257
1985-04-17,1.1898332834243774
1985-04-18,1.19818377494812
1985-04-19,1.1940094232559204
1985-04-22,1.202358603477478
1985-04-23,1.2190587520599363
1985-04-24,1.2608065605163574
1985-04-25,1.2649816274642944
1985-04-26,1.2566324472427368
1985-04-29,1.2566324472427368
1985-04-30,1.2608065605163574
1985-05-01,1.2566324472427368
1985-05-02,1.2858561277389526
1985-05-03,1.2691570520401
1985-05-06,1.2649816274642944
1985-05-07,1.2608065605163574
1985-05-08,1.252457618713379
1985-05-09,1.2775062322616575
1985-05-10,1.2983808517456057
1985-05-13,1.3192551136016846
1985-05-14,1.3192551136016846
1985-05-15,1.3234297037124634
1985-05-16,1.335953950881958
1985-05-17,1.3443043231964111
1985-05-20,1.3526538610458374
1985-05-21,1.3568285703659058
1985-05-22,1.3568285703659058
1985-05-23,1.3443043231964111
1985-05-24,1.3317793607711792
1985-05-28,1.3109049797058103
1985-05-29,1.3109049797058103
1985-05-30,1.3234297037124634
1985-05-31,1.3568285703659058
1985-06-03,1.3735274076461792
1985-06-04,1.3927152156829834
1985-06-05,1.422167181968689
1985-06-06,1.422167181968689
1985-06-07,1.417960286140442
1985-06-10,1.3969218730926514
1985-06-11,1.388507843017578
1985-06-12,1.3800923824310305
1985-06-13,1.3464312553405762
1985-06-14,1.3464312553405762
1985-06-17,1.3464312553405762
1985-06-18,1.3548465967178345
1985-06-19,1.3590549230575562
1985-06-20,1.3548465967178345
1985-06-21,1.3590549230575562
1985-06-24,1.4137523174285889
1985-06-25,1.438998460769653
1985-06-26,1.443205714225769
1985-06-27,1.497904896736145
1985-06-28,1.4894894361495972
1985-07-01,1.4894894361495972
1985-07-02,1.472659707069397
1985-07-03,1.4852821826934814
1985-07-05,1.5063201189041138
1985-07-08,1.497904896736145
1985-07-09,1.4768664836883545
1985-07-10,1.5063201189041138
1985-07-11,1.5231503248214722
1985-07-12,1.535772442817688
1985-07-15,1.5568125247955322
1985-07-16,1.5778496265411377
1985-07-17,1.619924783706665
1985-07-18,1.5946792364120483
1985-07-19,1.6073015928268433
1985-07-22,1.5904711484909058
1985-07-23,1.5694339275360107
1985-07-24,1.5652267932891846
1985-07-25,1.5778496265411377
1985-07-26,1.5904711484909058
1985-07-29,1.5694339275360107
1985-07-30,1.548396348953247
1985-07-31,1.561018705368042
1985-08-01,1.615717887878418
1985-08-02,1.6073015928268433
1985-08-05,1.5862641334533691
1985-08-06,1.5568125247955322
1985-08-07,1.5568125247955322
1985-08-08,1.5526039600372314
1985-08-09,1.548396348953247
1985-08-12,1.539981484413147
1985-08-13,1.5441888570785522
1985-08-14,1.5273579359054563
1985-08-15,1.5105267763137815
1985-08-16,1.5105267763137815
1985-08-19,1.5105267763137815
1985-08-20,1.539981484413147
1985-08-21,1.5736415386199951
1985-08-22,1.539981484413147
1985-08-23,1.5315656661987305
1985-08-26,1.548396348953247
1985-08-27,1.5568125247955322
1985-08-28,1.5694339275360107
1985-08-29,1.5820566415786743
1985-08-30,1.5862641334533691
1985-09-03,1.580164074897766
1985-09-04,1.5928726196289062
1985-09-05,1.5928726196289062
1985-09-06,1.6267644166946411
1985-09-09,1.6394726037979126
1985-09-10,1.631000280380249
1985-09-11,1.614055633544922
1985-09-12,1.5928726196289062
1985-09-13,1.5844007730484009
1985-09-16,1.5505099296569824
1985-09-17,1.4954372644424438
1985-09-18,1.5250908136367798
1985-09-19,1.5759282112121582
1985-09-20,1.5716915130615234
1985-09-23,1.631000280380249
1985-09-24,1.597109079360962
1985-09-25,1.580164074897766
1985-09-26,1.5547465085983276
1985-09-30,1.5589827299118042
1985-10-01,1.5928726196289062
1985-10-02,1.5759282112121582
1985-10-03,1.5505099296569824
1985-10-04,1.486963987350464
1985-10-07,1.5335638523101809
1985-10-08,1.5123825073242188
1985-10-09,1.5378001928329468
1985-10-10,1.5716915130615234
1985-10-11,1.5759282112121582
1985-10-14,1.6013448238372805
1985-10-15,1.643709659576416
1985-10-16,1.6860737800598145
1985-10-17,1.7199643850326538
1985-10-18,1.7242001295089722
1985-10-21,1.7072548866271973
1985-10-22,1.6987820863723757
1985-10-23,1.6776000261306765
1985-10-24,1.6776000261306765
1985-10-25,1.7242001295089722
1985-10-28,1.7030189037322998
1985-10-29,1.7369096279144287
1985-10-30,1.753855586051941
1985-10-31,1.7750372886657717
1985-11-01,1.8046915531158447
1985-11-04,1.7835091352462769
1985-11-05,1.791982889175415
1985-11-06,1.791982889175415
1985-11-07,1.7792731523513794
1985-11-08,1.8174006938934328
1985-11-11,1.872472763061524
1985-11-12,1.9021286964416504
1985-11-13,1.8894199132919312
1985-11-14,1.8851832151412964
1985-11-15,1.8767099380493164
1985-11-18,1.868237257003784
1985-11-19,1.859764575958252
1985-11-20,1.864001035690308
1985-11-21,1.9699105024337769
1985-11-22,2.020745277404785
1985-11-25,1.9910924434661863
1985-11-26,2.037692308425904
1985-11-27,2.130890369415283
1985-11-29,2.084291696548462
1985-12-02,2.016509532928467
1985-12-03,2.020745277404785
1985-12-04,2.016509532928467
1985-12-05,2.0334548950195312
1985-12-06,2.020745277404785
1985-12-09,2.0249829292297363
1985-12-10,2.0539591312408447
1985-12-11,2.002823829650879
1985-12-12,2.024130582809448
1985-12-13,2.096574068069458
1985-12-16,2.0923123359680176
1985-12-17,2.0667428970336914
1985-12-18,2.0624823570251465
1985-12-19,2.1093571186065674
1985-12-20,2.088050603866577
1985-12-23,2.105096340179444
1985-12-24,2.105096340179444
1985-12-26,2.0710043907165527
1985-12-27,2.075265407562256
1985-12-30,2.088050603866577
1985-12-31,2.105096340179444
1986-01-02,2.0837886333465576
1986-01-03,2.0624823570251465
1986-01-06,2.0667428970336914
1986-01-07,2.1008341312408447
1986-01-08,2.045438766479492
1986-01-09,2.0582211017608643
1986-01-10,2.0710043907165527
1986-01-13,2.0582211017608643
1986-01-14,2.045438766479492
1986-01-15,2.0837886333465576
1986-01-16,2.147709369659424
1986-01-17,2.2798099517822266
1986-01-20,2.237196445465088
1986-01-21,2.2499799728393555
1986-01-22,2.224411725997925
1986-01-23,2.2158899307250977
1986-01-24,2.254241466522217
1986-01-27,2.301117181777954
1986-01-28,2.296854019165039
1986-01-29,2.3309459686279297
1986-01-30,2.3096394538879395
1986-01-31,2.3522539138793945
1986-02-03,2.3522539138793945
1986-02-04,2.3181633949279785
1986-02-05,2.31390118598938
1986-02-06,2.3522539138793945
1986-02-07,2.3607752323150635
1986-02-10,2.4289560317993164
1986-02-11,2.437478542327881
1986-02-12,2.4332165718078613
1986-02-13,2.3906047344207764
1986-02-14,2.3906047344207764
1986-02-18,2.365036964416504
1986-02-19,2.3309459686279297
1986-02-20,2.34372878074646
1986-02-21,2.3565149307250977
1986-02-24,2.3565149307250977
1986-02-25,2.3607752323150635
1986-02-26,2.335207939147949
1986-02-27,2.3522539138793945
1986-02-28,2.369297981262207
1986-03-03,2.3607752323150635
1986-03-04,2.33850359916687
1986-03-05,2.304241418838501
1986-03-06,2.33850359916687
1986-03-07,2.351353168487549
1986-03-10,2.3470699787139893
1986-03-11,2.389899969100952
1986-03-12,2.458427906036377
1986-03-13,2.526955366134644
1986-03-14,2.5141055583953857
1986-03-17,2.4669930934906006
1986-03-18,2.4498610496521
1986-03-19,2.458427906036377
1986-03-20,2.4498610496521
1986-03-21,2.4155962467193604
1986-03-24,2.4284465312957764
1986-03-25,2.372767448425293
1986-03-26,2.462709188461304
1986-03-27,2.55265212059021
1986-03-31,2.5911991596221924
1986-04-01,2.531238317489624
1986-04-02,2.5183892250061035
1986-04-03,2.5655016899108887
1986-04-04,2.5141055583953857
1986-04-07,2.5141055583953857
1986-04-08,2.6126139163970947
1986-04-09,2.6897084712982178
1986-04-10,2.779651165008545
1986-04-11,2.706839084625244
1986-04-14,2.7539525032043457
1986-04-15,2.745384931564331
1986-04-16,2.745384931564331
1986-04-17,2.711122274398804
1986-04-18,2.706839084625244
1986-04-21,2.711122274398804
1986-04-22,2.659726619720459
1986-04-23,2.6211812496185303
1986-04-24,2.6897084712982178
1986-04-25,2.706839084625244
1986-04-28,2.638312101364136
1986-04-29,2.59548282623291
1986-04-30,2.526955366134644
1986-05-01,2.4284465312957764
1986-05-02,2.419881820678711
1986-05-05,2.4498610496521
1986-05-06,2.4284465312957764
1986-05-07,2.394182205200196
1986-05-08,2.402748346328736
1986-05-09,2.458427906036377
1986-05-12,2.462709188461304
1986-05-13,2.522672176361084
1986-05-14,2.5183892250061035
1986-05-15,2.479841947555542
1986-05-16,2.4669930934906006
1986-05-19,2.4669930934906006
1986-05-20,2.5183892250061035
1986-05-21,2.5098230838775635
1986-05-22,2.53551983833313
1986-05-23,2.556934595108032
1986-05-27,2.55265212059021
1986-05-28,2.4669930934906006
1986-05-29,2.389899969100952
1986-05-30,2.479841947555542
1986-06-02,2.4155962467193604
1986-06-03,2.4276490211486816
1986-06-04,2.419039726257324
1986-06-05,2.3932156562805176
1986-06-06,2.36738920211792
1986-06-09,2.345867395401001
1986-06-10,2.3071281909942627
1986-06-11,2.311431884765625
1986-06-12,2.3071281909942627
1986-06-13,2.3932156562805176
1986-06-16,2.4018232822418213
1986-06-17,2.350171566009521
1986-06-18,2.32434630393982
1986-06-19,2.4018232822418213
1986-06-20,2.4018232822418213
1986-06-23,2.410431385040283
1986-06-24,2.419039726257324
1986-06-25,2.43625807762146
1986-06-26,2.526649713516236
1986-06-27,2.530954599380493
1986-06-30,2.509432792663574
1986-07-01,2.526649713516236
1986-07-02,2.513735055923462
1986-07-03,2.479301929473877
1986-07-07,2.4276490211486816
1986-07-08,2.345867395401001
1986-07-09,2.350171566009521
1986-07-10,2.3415637016296387
1986-07-11,2.31573748588562
1986-07-14,2.255476713180542
1986-07-15,2.169389247894287
1986-07-16,2.156477212905884
1986-07-17,2.156477212905884
1986-07-18,2.1952157020568848
1986-07-21,2.1952157020568848
1986-07-22,2.160780191421509
1986-07-23,2.1866066455841064
1986-07-24,2.130650281906128
1986-07-25,2.1349539756774902
1986-07-28,2.096214771270752
1986-07-29,2.0617804527282715
1986-07-30,2.023041248321533
1986-07-31,2.0402591228485107
1986-08-01,2.0402591228485107
1986-08-04,2.00582242012024
1986-08-05,2.023041248321533
1986-08-06,2.0617804527282715
1986-08-07,2.1349539756774902
1986-08-08,2.152170419692993
1986-08-11,2.156477212905884
1986-08-12,2.152170419692993
1986-08-13,2.147867441177368
1986-08-14,2.152170419692993
1986-08-15,2.0919103622436523
1986-08-18,2.06608510017395
1986-08-19,2.0488669872283936
1986-08-20,2.074692487716675
1986-08-21,2.083301782608032
1986-08-22,2.1005194187164307
1986-08-25,2.06608510017395
1986-08-26,2.06608510017395
1986-08-27,2.010127305984497
1986-08-28,1.9972140789031985
1986-08-29,2.023041248321533
1986-09-02,1.9225826263427728
1986-09-03,1.835978865623474
1986-09-04,1.8316479921340945
1986-09-05,1.8706203699111936
1986-09-08,1.8879417181015008
1986-09-09,1.8706203699111936
1986-09-10,1.8489692211151123
1986-09-11,1.7753576040267944
1986-09-12,1.7407166957855225
1986-09-15,1.7277262210845947
1986-09-16,1.7363855838775637
1986-09-17,1.7233957052230835
1986-09-18,1.7233957052230835
1986-09-19,1.7623670101165771
1986-09-22,1.7233957052230835
1986-09-23,1.7233957052230835
1986-09-24,1.714735746383667
1986-09-25,1.658445119857788
1986-09-26,1.658445119857788
1986-09-29,1.658445119857788
1986-09-30,1.662773847579956
1986-10-01,1.7060751914978027
1986-10-02,1.732055902481079
1986-10-03,1.7450474500656128
1986-10-06,1.7407166957855225
1986-10-07,1.732055902481079
1986-10-08,1.801339030265808
1986-10-09,1.753706693649292
1986-10-10,1.753706693649292
1986-10-13,1.779687523841858
1986-10-14,1.7363855838775637
1986-10-15,1.7493771314620972
1986-10-16,1.7580381631851196
1986-10-17,1.7666974067687988
1986-10-20,1.7666974067687988
1986-10-21,1.7753576040267944
1986-10-22,1.8143284320831297
1986-10-23,1.827320218086243
1986-10-24,1.8056676387786863
1986-10-27,1.827320218086243
1986-10-28,1.844640135765076
1986-10-29,1.8662904500961304
1986-10-30,1.896601915359497
1986-10-31,1.8706203699111936
1986-11-03,1.892270803451538
1986-11-04,1.905261397361756
1986-11-05,1.905261397361756
1986-11-06,1.905261397361756
1986-11-07,1.9182524681091309
1986-11-10,1.9528932571411133
1986-11-11,1.957224011421204
1986-11-12,1.926913142204285
1986-11-13,1.853299617767334
1986-11-14,1.9139224290847776
1986-11-17,1.8836100101470947
1986-11-18,1.827320218086243
1986-11-19,1.853299617767334
1986-11-20,1.853299617767334
1986-11-21,1.8662904500961304
1986-11-24,1.874950647354126
1986-11-25,1.874950647354126
1986-11-26,1.8879417181015008
1986-11-28,1.905261397361756
1986-12-01,1.9095925092697144
1986-12-02,1.974543809890747
1986-12-03,2.0048556327819824
1986-12-04,2.030836582183838
1986-12-05,2.000525712966919
1986-12-08,1.974543809890747
1986-12-09,1.9388179779052728
1986-12-10,1.9301038980484009
1986-12-11,1.9518886804580688
1986-12-12,1.947530627250672
1986-12-15,1.9344594478607176
1986-12-16,1.9562464952468872
1986-12-17,1.9518886804580688
1986-12-18,1.96496057510376
1986-12-19,1.9606021642684937
1986-12-22,1.947530627250672
1986-12-23,1.9301038980484009
1986-12-24,1.9344594478607176
1986-12-26,1.9257460832595823
1986-12-29,1.9257460832595823
1986-12-30,1.9257460832595823
1986-12-31,1.912676453590393
1987-01-02,1.9388179779052728
1987-01-05,1.96496057510376
1987-01-06,1.982387661933899
1987-01-07,1.982387661933899
1987-01-08,1.982387661933899
1987-01-09,1.982387661933899
1987-01-12,2.004170656204224
1987-01-13,2.02595591545105
1987-01-14,2.0520968437194824
1987-01-15,2.0782394409179688
1987-01-16,2.0520968437194824
1987-01-19,1.99545693397522
1987-01-20,1.8821780681610107
1987-01-21,1.912676453590393
1987-01-22,1.9344594478607176
1987-01-23,1.9431743621826167
1987-01-26,1.912676453590393
1987-01-27,1.9431743621826167
1987-01-28,1.9518886804580688
1987-01-29,1.9431743621826167
1987-01-30,1.9518886804580688
1987-02-02,1.9606021642684937
1987-02-03,1.912676453590393
1987-02-04,1.9518886804580688
1987-02-05,1.986742615699768
1987-02-06,1.986742615699768
1987-02-09,1.9780292510986328
1987-02-10,1.9606021642684937
1987-02-11,1.982387661933899
1987-02-12,1.9693166017532349
1987-02-13,1.986742615699768
1987-02-17,1.9911012649536133
1987-02-18,2.073880195617676
1987-02-19,2.0346693992614746
1987-02-20,2.021599531173706
1987-02-23,2.0128848552703857
1987-02-24,2.0128848552703857
1987-02-25,2.108736515045166
1987-02-26,2.06516695022583
1987-02-27,2.06516695022583
1987-03-02,2.056453227996826
1987-03-03,2.046812057495117
1987-03-04,2.0380454063415527
1987-03-05,2.125703811645508
1987-03-06,2.1695327758789062
1987-03-09,2.226510763168335
1987-03-10,2.296636819839477
1987-03-11,2.235276699066162
1987-03-12,2.195829629898072
1987-03-13,2.3141682147979736
1987-03-16,2.296636819839477
1987-03-17,2.296636819839477
1987-03-18,2.235276699066162
1987-03-19,2.235276699066162
1987-03-20,2.23965835571289
1987-03-23,2.248425006866455
1987-03-24,2.230893611907959
1987-03-25,2.2177445888519287
1987-03-26,2.200213432312012
1987-03-27,2.1607666015625
1987-03-30,2.103788614273072
1987-03-31,2.1739161014556885
1987-04-01,2.1739161014556885
1987-04-02,2.1826817989349365
1987-04-03,2.226510763168335
1987-04-06,2.252807855606079
1987-04-07,2.265955686569214
1987-04-08,2.3185513019561768
1987-04-09,2.2747223377227783
1987-04-10,2.244041919708252
1987-04-13,2.1695327758789062
1987-04-14,2.138852596282959
1987-04-15,2.226510763168335
1987-04-16,2.2089788913726807
1987-04-20,2.195829629898072
1987-04-21,2.244041919708252
1987-04-22,2.204596281051636
1987-04-23,2.1739161014556885
1987-04-24,2.1651504039764404
1987-04-27,2.134469747543335
1987-04-28,2.191448211669922
1987-04-29,2.195829629898072
1987-04-30,2.213362693786621
1987-05-01,2.213362693786621
1987-05-04,2.244041919708252
1987-05-05,2.244041919708252
1987-05-06,2.230893611907959
1987-05-07,2.226510763168335
1987-05-08,2.204596281051636
1987-05-11,2.1739161014556885
1987-05-12,2.1695327758789062
1987-05-13,2.1519997119903564
1987-05-14,2.138852596282959
1987-05-15,2.0906412601470947
1987-05-18,2.099404573440552
1987-05-19,2.0687255859375
1987-05-20,2.081876039505005
1987-05-21,2.0731091499328613
1987-05-22,2.077491283416748
1987-05-26,2.112554788589477
1987-05-27,2.116939306259156
1987-05-28,2.112554788589477
1987-05-29,2.1213204860687256
1987-06-01,2.1476175785064697
1987-06-02,2.1335129737854004
1987-06-03,2.159961700439453
1987-06-04,2.1643686294555664
1987-06-05,2.1643686294555664
1987-06-08,2.1731860637664795
1987-06-09,2.1775929927825928
1987-06-10,2.2084503173828125
1987-06-11,2.2084503173828125
1987-06-12,2.2525298595428467
1987-06-15,2.3010196685791016
1987-06-16,2.2966110706329346
1987-06-17,2.2833871841430664
1987-06-18,2.2922041416168213
1987-06-19,2.2966110706329346
1987-06-22,2.349507570266724
1987-06-23,2.30983567237854
1987-06-24,2.3054277896881104
1987-06-25,2.30983567237854
1987-06-26,2.2789788246154785
1987-06-29,2.2833871841430664
1987-06-30,2.2569377422332764
1987-07-01,2.2084503173828125
1987-07-02,2.2304906845092773
1987-07-06,2.243714570999145
1987-07-07,2.2525298595428467
1987-07-08,2.243714570999145
1987-07-09,2.221674919128418
1987-07-10,2.2128570079803467
1987-07-13,2.1996352672576904
1987-07-14,2.195225954055786
1987-07-15,2.2084503173828125
1987-07-16,2.2084503173828125
1987-07-17,2.2304906845092773
1987-07-20,2.2084503173828125
1987-07-21,2.3274688720703125
1987-07-22,2.331876277923584
1987-07-23,2.362732172012329
1987-07-24,2.34069299697876
1987-07-27,2.358325242996216
1987-07-28,2.362732172012329
1987-07-29,2.411221742630005
1987-07-30,2.411221742630005
1987-07-31,2.3979971408843994
1987-08-03,2.371548891067505
1987-08-04,2.3274688720703125
1987-08-05,2.3979971408843994
1987-08-06,2.539056301116944
1987-08-07,2.547873020172119
1987-08-10,2.4729342460632324
1987-08-11,2.561095714569092
1987-08-12,2.6139934062957764
1987-08-13,2.671297550201416
1987-08-14,2.618400812149048
1987-08-17,2.583137273788452
1987-08-18,2.547873020172119
1987-08-19,2.543463945388794
1987-08-20,2.543463945388794
1987-08-21,2.486158847808838
1987-08-24,2.543463945388794
1987-08-25,2.6139934062957764
1987-08-26,2.6668901443481445
1987-08-27,2.636033058166504
1987-08-28,2.6051766872406006
1987-08-31,2.5998613834381104
1987-09-01,2.5334274768829346
1987-09-02,2.4802780151367188
1987-09-03,2.560001373291016
1987-09-04,2.4935641288757324
1987-09-08,2.4537034034729004
1987-09-09,2.471420288085937
1987-09-10,2.497992992401123
1987-09-11,2.50242280960083
1987-09-14,2.484706163406372
1987-09-15,2.4669904708862305
1987-09-16,2.471420288085937
1987-09-17,2.471420288085937
1987-09-18,2.449275016784668
1987-09-21,2.360691785812378
1987-09-22,2.391696691513061
1987-09-23,2.471420288085937
1987-09-24,2.511280298233032
1987-09-25,2.506852626800537
1987-09-28,2.497992992401123
1987-09-29,2.4935641288757324
1987-09-30,2.524569272994995
1987-10-01,2.555571794509888
1987-10-02,2.537856101989746
1987-10-05,2.524569272994995
1987-10-06,2.43598747253418
1987-10-07,2.43155837059021
1987-10-08,2.43155837059021
1987-10-09,2.382838249206543
1987-10-12,2.369551181793213
1987-10-13,2.409412145614624
1987-10-14,2.3119728565216064
1987-10-15,2.267681837081909
1987-10-16,2.143669366836548
1987-10-19,1.4881669282913208
1987-10-20,1.532456636428833
1987-10-21,1.691903829574585
1987-10-22,1.6564710140228271
1987-10-23,1.7229068279266355
1987-10-26,1.6033214330673218
1987-10-27,1.563460111618042
1987-10-28,1.532456636428833
1987-10-29,1.6210386753082275
1987-10-30,1.7096198797225952
1987-11-02,1.6653294563293457
1987-11-03,1.6564710140228271
1987-11-04,1.6298959255218506
1987-11-05,1.736194372177124
1987-11-06,1.6741870641708374
1987-11-09,1.6564710140228271
1987-11-10,1.6387542486190796
1987-11-11,1.6564710140228271
1987-11-12,1.691903829574585
1987-11-13,1.647613286972046
1987-11-16,1.6653294563293457
1987-11-17,1.6697577238082886
1987-11-18,1.6830449104309082
1987-11-19,1.6741870641708374
1987-11-20,1.6520423889160156
1987-11-23,1.696332573890686
1987-11-24,1.7450530529022217
1987-11-25,1.7804856300354004
1987-11-27,1.736194372177124
1987-11-30,1.6830449104309082
1987-12-01,1.6609004735946655
1987-12-02,1.6520423889160156
1987-12-03,1.647613286972046
1987-12-04,1.6298959255218506
1987-12-07,1.6653294563293457
1987-12-08,1.7455062866210938
1987-12-09,1.7365778684616089
1987-12-10,1.7142568826675415
1987-12-11,1.7455062866210938
1987-12-14,1.7856838703155518
1987-12-15,1.821398138999939
1987-12-16,1.830326557159424
1987-12-17,1.7946128845214844
1987-12-18,1.7812212705612185
1987-12-21,1.7812212705612185
1987-12-22,1.7812212705612185
1987-12-23,1.776755690574646
1987-12-24,1.7455062866210938
1987-12-28,1.7097924947738647
1987-12-29,1.7365778684616089
1987-12-30,1.7097924947738647
1987-12-31,1.6696146726608276
1988-01-04,1.7410430908203125
1988-01-05,1.776755690574646
1988-01-06,1.7990775108337402
1988-01-07,1.7990775108337402
1988-01-08,1.696400165557861
1988-01-11,1.6785438060760498
1988-01-12,1.687472224235535
1988-01-13,1.6696146726608276
1988-01-14,1.6919361352920532
1988-01-15,1.7455062866210938
1988-01-18,1.7455062866210938
1988-01-19,1.7231847047805786
1988-01-20,1.687472224235535
1988-01-21,1.687472224235535
1988-01-22,1.7053284645080566
1988-01-25,1.816932678222656
1988-01-26,1.8660393953323364
1988-01-27,1.8347915410995483
1988-01-28,1.830326557159424
1988-01-29,1.857111454010009
1988-02-01,1.8526477813720703
1988-02-02,1.919609427452088
1988-02-03,1.888360977172852
1988-02-04,1.946396350860596
1988-02-05,1.897289752960205
1988-02-08,1.879434823989868
1988-02-09,1.9017534255981443
1988-02-10,1.946396350860596
1988-02-11,1.897289752960205
1988-02-12,1.946396350860596
1988-02-16,1.9508600234985352
1988-02-17,1.9999666213989256
1988-02-18,1.991037130355835
1988-02-19,2.0267529487609863
1988-02-22,2.0222885608673096
1988-02-23,2.004429578781128
1988-02-24,2.044609546661377
1988-02-25,2.0088951587677
1988-02-26,2.0088951587677
1988-02-29,2.071394205093384
1988-03-01,2.0535364151000977
1988-03-02,2.040144681930542
1988-03-03,2.0267529487609863
1988-03-04,2.0088951587677
1988-03-07,1.9865739345550537
1988-03-08,2.0088653564453125
1988-03-09,2.0088653564453125
1988-03-10,1.968417406082153
1988-03-11,1.9774048328399656
1988-03-14,1.9729117155075075
1988-03-15,1.945947408676148
1988-03-16,1.959429621696472
1988-03-17,1.9863947629928589
1988-03-18,2.017852306365967
1988-03-21,1.990888357162476
1988-03-22,1.963922977447509
1988-03-23,1.945947408676148
1988-03-24,1.923477053642273
1988-03-25,1.901006102561951
1988-03-28,1.8335946798324585
1988-03-29,1.8335946798324585
1988-03-30,1.8246060609817505
1988-03-31,1.8335946798324585
1988-04-04,1.8470776081085205
1988-04-05,1.8380895853042605
1988-04-06,1.8875237703323364
1988-04-07,1.9189820289611816
1988-04-08,1.9549351930618288
1988-04-11,1.9549351930618288
1988-04-12,1.9774048328399656
1988-04-13,1.9504419565200808
1988-04-14,1.896512985229492
1988-04-15,1.8560645580291748
1988-04-18,1.8425828218460083
1988-04-19,1.8470776081085205
1988-04-20,1.7976428270339966
1988-04-21,1.8021361827850344
1988-04-22,1.8246060609817505
1988-04-25,1.8335946798324585
1988-04-26,1.8335946798324585
1988-04-27,1.820112347602844
1988-04-28,1.8560645580291748
1988-04-29,1.8425828218460083
1988-05-02,1.8246060609817505
1988-05-03,1.8380895853042605
1988-05-04,1.8380895853042605
1988-05-05,1.8246060609817505
1988-05-06,1.8290997743606567
1988-05-09,1.8246060609817505
1988-05-10,1.820112347602844
1988-05-11,1.8066297769546509
1988-05-12,1.784159779548645
1988-05-13,1.7886521816253662
1988-05-16,1.7976428270339966
1988-05-17,1.7886521816253662
1988-05-18,1.784159779548645
1988-05-19,1.7886521816253662
1988-05-20,1.7886521816253662
1988-05-23,1.7751717567443848
1988-05-24,1.8066297769546509
1988-05-25,1.815618634223938
1988-05-26,1.820112347602844
1988-05-27,1.815618634223938
1988-05-31,1.8470776081085205
1988-06-01,1.8785351514816284
1988-06-02,1.905500054359436
1988-06-03,1.923477053642273
1988-06-06,1.9549351930618288
1988-06-07,1.9411797523498533
1988-06-08,1.95927894115448
1988-06-09,1.9457039833068848
1988-06-10,1.9909532070159912
1988-06-13,1.9728541374206543
1988-06-14,1.9728541374206543
1988-06-15,1.981903433799744
1988-06-16,1.9638031721115112
1988-06-17,1.981903433799744
1988-06-20,1.9728541374206543
1988-06-21,1.981903433799744
1988-06-22,2.009053945541382
1988-06-23,2.02262806892395
1988-06-24,2.045252084732056
1988-06-27,2.058826446533203
1988-06-28,2.072402000427246
1988-06-29,2.072402000427246
1988-06-30,2.0904996395111084
1988-07-01,2.1267004013061523
1988-07-05,2.1493258476257324
1988-07-06,2.1312255859375
1988-07-07,2.1267004013061523
1988-07-08,2.117650985717773
1988-07-11,2.135750770568848
1988-07-12,2.1131248474121094
1988-07-13,2.1267004013061523
1988-07-14,2.167425632476806
1988-07-15,2.1493258476257324
1988-07-18,2.1312255859375
1988-07-19,2.104076623916626
1988-07-20,2.1267004013061523
1988-07-21,2.095026016235352
1988-07-22,2.0769259929656982
1988-07-25,2.095026016235352
1988-07-26,2.0904996395111084
1988-07-27,2.063351631164551
1988-07-28,2.0904996395111084
1988-07-29,2.1131248474121094
1988-08-01,2.135750770568848
1988-08-02,2.1448004245758057
1988-08-03,2.1493258476257324
1988-08-04,2.1809990406036377
1988-08-05,2.171948909759521
1988-08-08,2.153848886489868
1988-08-09,2.1312255859375
1988-08-10,2.1312255859375
1988-08-11,2.1493258476257324
1988-08-12,2.1448004245758057
1988-08-15,2.0859763622283936
1988-08-16,2.0859763622283936
1988-08-17,2.0678768157958984
1988-08-18,2.0678768157958984
1988-08-19,2.0859763622283936
1988-08-22,2.0678768157958984
1988-08-23,2.045252084732056
1988-08-24,2.081451416015625
1988-08-25,2.054302453994751
1988-08-26,2.0497775077819824
1988-08-29,2.0859763622283936
1988-08-30,2.117650985717773
1988-08-31,2.0904996395111084
1988-09-01,2.0678768157958984
1988-09-02,2.099551200866699
1988-09-06,2.131246328353882
1988-09-07,2.149462938308716
1988-09-08,2.140354633331299
1988-09-09,2.1676783561706543
1988-09-12,2.144906759262085
1988-09-13,2.1221377849578857
1988-09-14,2.1358017921447754
1988-09-15,2.1221377849578857
1988-09-16,2.144906759262085
1988-09-19,2.1175854206085205
1988-09-20,2.131246328353882
1988-09-21,2.1221377849578857
1988-09-22,2.1266918182373047
1988-09-23,2.1676783561706543
1988-09-26,2.1585686206817627
1988-09-27,2.149462938308716
1988-09-28,2.1676783561706543
1988-09-29,2.21777081489563
1988-09-30,2.2041094303131104
1988-10-03,2.1950008869171143
1988-10-04,2.1950008869171143
1988-10-05,2.2086634635925293
1988-10-06,2.2542033195495605
1988-10-07,2.3134031295776367
1988-10-10,2.327065944671631
1988-10-11,2.308849573135376
1988-10-12,2.2815256118774414
1988-10-13,2.308849573135376
1988-10-14,2.2724175453186035
1988-10-17,2.317957878112793
1988-10-18,2.3498353958129883
1988-10-19,2.308849573135376
1988-10-20,2.37716031074524
1988-10-21,2.37716031074524
1988-10-24,2.3589425086975098
1988-10-25,2.37716031074524
1988-10-26,2.4818994998931885
1988-10-27,2.4226975440979004
1988-10-28,2.4454684257507324
1988-10-31,2.468238592147827
1988-11-01,2.454574584960937
1988-11-02,2.40903639793396
1988-11-03,2.463685274124145
1988-11-04,2.468238592147827
1988-11-07,2.4363605976104736
1988-11-08,2.477346658706665
1988-11-09,2.4591305255889893
1988-11-10,2.427253484725952
1988-11-11,2.399928092956543
1988-11-14,2.39082145690918
1988-11-15,2.345280408859253
1988-11-16,2.317957878112793
1988-11-17,2.340728044509888
1988-11-18,2.404482364654541
1988-11-21,2.37716031074524
1988-11-22,2.3726041316986084
1988-11-23,2.381713390350342
1988-11-25,2.3589425086975098
1988-11-28,2.340728044509888
1988-11-29,2.381713390350342
1988-11-30,2.440913677215576
1988-12-01,2.427253484725952
1988-12-02,2.427253484725952
1988-12-05,2.4363605976104736
1988-12-06,2.477346658706665
1988-12-07,2.504668951034546
1988-12-08,2.5001161098480225
1988-12-09,2.5228865146636963
1988-12-12,2.513777256011963
1988-12-13,2.478050708770752
1988-12-14,2.4459874629974365
1988-12-15,2.4322445392608643
1988-12-16,2.45056676864624
1988-12-19,2.4688868522644043
1988-12-20,2.4917914867401123
1988-12-21,2.44140625
1988-12-22,2.4917914867401123
1988-12-23,2.4734694957733154
1988-12-27,2.482630729675293
1988-12-28,2.482630729675293
1988-12-29,2.5284347534179688
1988-12-30,2.542177200317383
1989-01-03,2.5146939754486084
1989-01-04,2.57423996925354
1989-01-05,2.560498714447021
1989-01-06,2.5513370037078857
1989-01-09,2.565077543258667
1989-01-10,2.533015251159668
1989-01-11,2.5513370037078857
1989-01-12,2.5879833698272705
1989-01-13,2.5925610065460205
1989-01-16,2.5879833698272705
1989-01-17,2.606302499771118
1989-01-18,2.642948865890503
1989-01-19,2.610884428024292
1989-01-20,2.5971438884735107
1989-01-23,2.5971438884735107
1989-01-24,2.620044469833374
1989-01-25,2.606302499771118
1989-01-26,2.620044469833374
1989-01-27,2.5971438884735107
1989-01-30,2.624624967575073
1989-01-31,2.647528648376465
1989-02-01,2.638366937637329
1989-02-02,2.620044469833374
1989-02-03,2.620044469833374
1989-02-06,2.606302499771118
1989-02-07,2.652109384536743
1989-02-08,2.642948865890503
1989-02-09,2.6017236709594727
1989-02-10,2.5788207054138184
1989-02-13,2.57423996925354
1989-02-14,2.610884428024292
1989-02-15,2.5925610065460205
1989-02-16,2.5925610065460205
1989-02-17,2.5925610065460205
1989-02-21,2.583401918411255
1989-02-22,2.519273281097412
1989-02-23,2.5101120471954346
1989-02-24,2.4185025691986084
1989-02-27,2.4185025691986084
1989-02-28,2.4734694957733154
1989-03-01,2.400179147720337
1989-03-02,2.4459874629974365
1989-03-03,2.482630729675293
1989-03-06,2.5284347534179688
1989-03-07,2.497106075286865
1989-03-08,2.5247488021850586
1989-03-09,2.497106075286865
1989-03-10,2.506320714950561
1989-03-13,2.515535831451416
1989-03-14,2.497106075286865
1989-03-15,2.533963680267334
1989-03-16,2.56160569190979
1989-03-17,2.497106075286865
1989-03-20,2.4694619178771973
1989-03-21,2.5247488021850586
1989-03-22,2.4878909587860107
1989-03-23,2.497106075286865
1989-03-27,2.4878909587860107
1989-03-28,2.4878909587860107
1989-03-29,2.497106075286865
1989-03-30,2.4878909587860107
1989-03-31,2.506320714950561
1989-04-03,2.497106075286865
1989-04-04,2.4878909587860107
1989-04-05,2.506320714950561
1989-04-06,2.497106075286865
1989-04-07,2.5247488021850586
1989-04-10,2.533963680267334
1989-04-11,2.5247488021850586
1989-04-12,2.5247488021850586
1989-04-13,2.4878909587860107
1989-04-14,2.506320714950561
1989-04-17,2.4602484703063965
1989-04-18,2.497106075286865
1989-04-19,2.497106075286865
1989-04-20,2.4786767959594727
1989-04-21,2.4878909587860107
1989-04-24,2.4786767959594727
1989-04-25,2.4418187141418457
1989-04-26,2.404962539672852
1989-04-27,2.451033353805542
1989-04-28,2.4602484703063965
1989-05-01,2.451033353805542
1989-05-02,2.4786767959594727
1989-05-03,2.432604551315308
1989-05-04,2.414175748825073
1989-05-05,2.404962539672852
1989-05-08,2.386531114578247
1989-05-09,2.377317190170288
1989-05-10,2.386531114578247
1989-05-11,2.377317190170288
1989-05-12,2.4233920574188232
1989-05-15,2.515535831451416
1989-05-16,2.506320714950561
1989-05-17,2.635322093963623
1989-05-18,2.626107931137085
1989-05-19,2.662966012954712
1989-05-22,2.6537511348724365
1989-05-23,2.635322093963623
1989-05-24,2.6813952922821045
1989-05-25,2.7827534675598145
1989-05-26,2.91175389289856
1989-05-30,2.8564674854278564
1989-05-31,2.8472533226013184
1989-06-01,2.8472533226013184
1989-06-02,2.9209682941436768
1989-06-05,2.8564674854278564
1989-06-06,2.8712875843048096
1989-06-07,2.8805503845214844
1989-06-08,2.899073839187622
1989-06-09,2.8712875843048096
1989-06-12,2.815714359283448
1989-06-13,2.7786645889282227
1989-06-14,2.7971901893615723
1989-06-15,2.7786645889282227
1989-06-16,2.834238052368164
1989-06-19,2.824974536895752
1989-06-20,2.787927389144897
1989-06-21,2.7601406574249268
1989-06-22,2.7971901893615723
1989-06-23,2.963909864425659
1989-06-26,2.8712875843048096
1989-06-27,2.945385932922364
1989-06-28,2.9175992012023926
1989-06-29,2.7971901893615723
1989-06-30,2.7601406574249268
1989-07-03,2.7971901893615723
1989-07-05,2.8620247840881348
1989-07-06,2.8620247840881348
1989-07-07,2.8527631759643555
1989-07-10,2.8527631759643555
1989-07-11,2.889811992645264
1989-07-12,2.9175992012023926
1989-07-13,2.926860809326172
1989-07-14,2.963909864425659
1989-07-17,3.0380070209503174
1989-07-18,3.01948356628418
1989-07-19,3.047269344329834
1989-07-20,3.047269344329834
1989-07-21,3.075057983398437
1989-07-24,3.0102202892303467
1989-07-25,3.01948356628418
1989-07-26,3.0380070209503174
1989-07-27,3.1028428077697754
1989-07-28,3.1028428077697754
1989-07-31,3.0565319061279297
1989-08-01,3.0565319061279297
1989-08-02,3.1121044158935547
1989-08-03,3.121365785598755
1989-08-04,3.1121044158935547
1989-08-07,3.1584155559539795
1989-08-08,3.1862025260925293
1989-08-09,3.1121044158935547
1989-08-10,3.121365785598755
1989-08-11,3.1028428077697754
1989-08-14,3.065791845321656
1989-08-15,3.065791845321656
1989-08-16,3.075057983398437
1989-08-17,3.0565319061279297
1989-08-18,3.065791845321656
1989-08-21,3.047269344329834
1989-08-22,3.028745174407959
1989-08-23,3.0565319061279297
1989-08-24,3.1028428077697754
1989-08-25,3.167677879333496
1989-08-28,3.2139885425567627
1989-08-29,3.176940441131592
1989-08-30,3.1121044158935547
1989-08-31,3.1121044158935547
1989-09-01,3.1398913860321045
1989-09-05,3.108250856399536
1989-09-06,3.0617196559906006
1989-09-07,3.024495840072632
1989-09-08,2.950045824050904
1989-09-11,2.9407403469085693
1989-09-12,2.977964162826538
1989-09-13,2.987269401550293
1989-09-14,2.8849034309387207
1989-09-15,2.959352970123291
1989-09-18,3.015188694000244
1989-09-19,3.005882501602173
1989-09-20,2.959352970123291
1989-09-21,2.950045824050904
1989-09-22,2.950045824050904
1989-09-25,2.8755970001220703
1989-09-26,2.856984615325928
1989-09-27,2.894208669662476
1989-09-28,2.950045824050904
1989-09-29,2.977964162826538
1989-10-02,3.024495840072632
1989-10-03,3.0338006019592285
1989-10-04,3.0710248947143555
1989-10-05,3.0989439487457275
1989-10-06,3.126863479614258
1989-10-09,3.1640865802764893
1989-10-10,3.1640865802764893
1989-10-11,3.126863479614258
1989-10-12,3.117555856704712
1989-10-13,2.7453129291534424
1989-10-16,2.922126531600952
1989-10-17,2.86629056930542
1989-10-18,2.86629056930542
1989-10-19,2.894208669662476
1989-10-20,2.922126531600952
1989-10-23,2.922126531600952
1989-10-24,2.8755970001220703
1989-10-25,2.86629056930542
1989-10-26,2.8011484146118164
1989-10-27,2.810454845428467
1989-10-30,2.8011484146118164
1989-10-31,2.8755970001220703
1989-11-01,2.86629056930542
1989-11-02,2.81976056098938
1989-11-03,2.810454845428467
1989-11-06,2.763924598693848
1989-11-07,2.754616498947144
1989-11-08,2.8011484146118164
1989-11-09,2.791842222213745
1989-11-10,2.86629056930542
1989-11-13,2.912819623947144
1989-11-14,2.950045824050904
1989-11-15,2.968656539916992
1989-11-16,2.968656539916992
1989-11-17,2.977964162826538
1989-11-20,2.977964162826538
1989-11-21,2.968656539916992
1989-11-22,3.0617196559906006
1989-11-24,3.089638948440552
1989-11-27,3.108250856399536
1989-11-28,3.117555856704712
1989-11-29,2.977964162826538
1989-11-30,2.968656539916992
1989-12-01,3.043108463287353
1989-12-04,3.05241322517395
1989-12-05,3.089638948440552
1989-12-06,3.108250856399536
1989-12-07,3.1361687183380127
1989-12-08,3.173393726348877
1989-12-11,3.1454756259918213
1989-12-12,3.1793386936187744
1989-12-13,3.207557439804077
1989-12-14,3.2169620990753174
1989-12-15,3.198150396347046
1989-12-18,3.1040875911712646
1989-12-19,3.1323063373565674
1989-12-20,3.1040875911712646
1989-12-21,3.047650098800659
1989-12-22,3.0852746963500977
1989-12-26,3.1229007244110107
1989-12-27,3.1793386936187744
1989-12-28,3.169930458068848
1989-12-29,3.235776901245117
1990-01-02,3.329838991165161
1990-01-03,3.367464065551758
1990-01-04,3.339245080947876
1990-01-05,3.329838991165161
1990-01-08,3.37687087059021
1990-01-09,3.3110265731811523
1990-01-10,3.292212963104248
1990-01-11,3.3110265731811523
1990-01-12,3.2169620990753174
1990-01-15,3.1511197090148926
1990-01-16,3.207557439804077
1990-01-17,3.160524845123291
1990-01-18,3.1793386936187744
1990-01-19,3.160524845123291
1990-01-22,3.113492965698242
1990-01-23,3.160524845123291
1990-01-24,3.160524845123291
1990-01-25,3.1417129039764404
1990-01-26,3.169930458068848
1990-01-29,3.1793386936187744
1990-01-30,3.160524845123291
1990-01-31,3.198150396347046
1990-02-01,3.2639944553375244
1990-02-02,3.3110265731811523
1990-02-05,3.292212963104248
1990-02-06,3.2263691425323486
1990-02-07,3.245181083679199
1990-02-08,3.2263691425323486
1990-02-09,3.254586696624756
1990-02-12,3.235776901245117
1990-02-13,3.3110265731811523
1990-02-14,3.3204329013824463
1990-02-15,3.3486506938934326
1990-02-16,3.367464065551758
1990-02-20,3.282806158065796
1990-02-21,3.292212963104248
1990-02-22,3.198150396347046
1990-02-23,3.1793386936187744
1990-02-26,3.254586696624756
1990-02-27,3.3016180992126465
1990-02-28,3.395684003829956
1990-03-01,3.489745616912842
1990-03-02,3.4239001274108887
1990-03-05,3.358057737350464
1990-03-06,3.422344923019409
1990-03-07,3.3845276832580566
1990-03-08,3.3372585773468018
1990-03-09,3.308899402618408
1990-03-12,3.308899402618408
1990-03-13,3.393982410430908
1990-03-14,3.4034366607666016
1990-03-15,3.4128921031951904
1990-03-16,3.3845276832580566
1990-03-19,3.3845276832580566
1990-03-20,3.422344923019409
1990-03-21,3.422344923019409
1990-03-22,3.356168031692505
1990-03-23,3.450707197189331
1990-03-26,3.469616174697876
1990-03-27,3.5547003746032715
1990-03-28,3.51688551902771
1990-03-29,3.479067802429199
1990-03-30,3.535792827606201
1990-04-02,3.479067802429199
1990-04-03,3.4601612091064453
1990-04-04,3.51688551902771
1990-04-05,3.4979782104492188
1990-04-06,3.488522529602051
1990-04-09,3.479067802429199
1990-04-10,3.4979782104492188
1990-04-11,3.535792827606201
1990-04-12,3.5547003746032715
1990-04-16,3.583064317703247
1990-04-17,3.6019718647003174
1990-04-18,3.592516660690308
1990-04-19,3.479067802429199
1990-04-20,3.4034366607666016
1990-04-23,3.3845276832580566
1990-04-24,3.4034366607666016
1990-04-25,3.4317989349365234
1990-04-26,3.51688551902771
1990-04-27,3.469616174697876
1990-04-30,3.526338815689087
1990-05-01,3.535792827606201
1990-05-02,3.5547003746032715
1990-05-03,3.5547003746032715
1990-05-04,3.5547003746032715
1990-05-07,3.564155101776123
1990-05-08,3.564155101776123
1990-05-09,3.5452466011047363
1990-05-10,3.535792827606201
1990-05-11,3.649240493774414
1990-05-14,3.743781805038452
1990-05-15,3.696509838104248
1990-05-16,3.705966472625733
1990-05-17,3.696509838104248
1990-05-18,3.734327793121338
1990-05-21,3.809958934783936
1990-05-22,3.885591506958008
1990-05-23,3.8761374950408936
1990-05-24,3.8383212089538574
1990-05-25,3.79105281829834
1990-05-29,3.687058210372925
1990-05-30,3.668149709701538
1990-05-31,3.7626876831054688
1990-06-01,3.687058210372925
1990-06-04,3.734327793121338
1990-06-05,3.7324259281158447
1990-06-06,3.7324259281158447
1990-06-07,3.684941053390503
1990-06-08,3.5329854488372803
1990-06-11,3.542482614517212
1990-06-12,3.57097601890564
1990-06-13,3.618460178375244
1990-06-14,3.58047103881836
1990-06-15,3.618460178375244
1990-06-18,3.5519790649414062
1990-06-19,3.523486852645874
1990-06-20,3.57097601890564
1990-06-21,3.6279563903808594
1990-06-22,3.5139901638031006
1990-06-25,3.4949965476989746
1990-06-26,3.3335413932800293
1990-06-27,3.400022268295288
1990-06-28,3.3240456581115723
1990-06-29,3.3240456581115723
1990-07-02,3.267062187194824
1990-07-03,3.295552492141724
1990-07-05,3.305050849914551
1990-07-06,3.3715319633483887
1990-07-09,3.295552492141724
1990-07-10,3.267062187194824
1990-07-11,3.267062187194824
1990-07-12,3.267062187194824
1990-07-13,3.390525579452514
1990-07-16,3.4760024547576904
1990-07-17,3.400022268295288
1990-07-18,3.305050849914551
1990-07-19,3.419017553329468
1990-07-20,3.381030559539795
1990-07-23,3.3525357246398926
1990-07-24,3.400022268295288
1990-07-25,3.447509765625
1990-07-26,3.3715319633483887
1990-07-27,3.3335413932800293
1990-07-30,3.314546585083008
1990-07-31,3.3240456581115723
1990-08-01,3.295552492141724
1990-08-02,3.191084146499634
1990-08-03,3.058122634887696
1990-08-06,2.9251599311828613
1990-08-07,2.8301851749420166
1990-08-08,2.95365047454834
1990-08-09,3.0676186084747314
1990-08-10,3.020132064819336
1990-08-13,2.982141256332397
1990-08-14,3.020132064819336
1990-08-15,2.991640567779541
1990-08-16,2.9441537857055664
1990-08-17,2.839683771133423
1990-08-20,2.934655904769897
1990-08-21,2.773202657699585
1990-08-22,2.8301851749420166
1990-08-23,2.7352139949798584
1990-08-24,2.754209041595459
1990-08-27,2.991640567779541
1990-08-28,2.9156625270843506
1990-08-29,3.0011394023895264
1990-08-30,2.887170553207397
1990-08-31,3.020132064819336
1990-09-04,3.0468738079071045
1990-09-05,3.01822280883789
1990-09-06,2.894054889678955
1990-09-07,2.8654022216796875
1990-09-10,2.846296548843384
1990-09-11,2.846296548843384
1990-09-12,2.827195405960083
1990-09-13,2.7889890670776367
1990-09-14,2.7316813468933105
1990-09-17,2.769887685775757
1990-09-18,2.8749520778656006
1990-09-19,2.798541784286499
1990-09-20,2.7316813468933105
1990-09-21,2.827195405960083
1990-09-24,2.7316813468933105
1990-09-25,2.855848789215088
1990-09-26,2.8176448345184326
1990-09-27,2.779438734054565
1990-09-28,2.903607130050659
1990-10-01,3.0373244285583496
1990-10-02,3.104184150695801
1990-10-03,3.02777361869812
1990-10-04,3.085081100463867
1990-10-05,3.0468738079071045
1990-10-08,3.15194058418274
1990-10-09,2.999117612838745
1990-10-10,2.8654022216796875
1990-10-11,2.808091402053833
1990-10-12,2.9800169467926025
1990-10-15,2.9418113231658936
1990-10-16,2.8654022216796875
1990-10-17,2.9418113231658936
1990-10-18,2.989567518234253
1990-10-19,3.02777361869812
1990-10-22,3.104184150695801
1990-10-23,3.1996958255767822
1990-10-24,3.1805953979492188
1990-10-25,3.142390012741089
1990-10-26,3.132838010787964
1990-10-29,3.0373244285583496
1990-10-30,3.094632863998413
1990-10-31,3.075531482696533
1990-11-01,3.056426763534546
1990-11-02,3.15194058418274
1990-11-05,3.2092490196228027
1990-11-06,3.15194058418274
1990-11-07,3.0468738079071045
1990-11-08,3.0086700916290283
1990-11-09,3.0468738079071045
1990-11-12,3.0468738079071045
1990-11-13,3.0086700916290283
1990-11-14,3.085081100463867
1990-11-15,3.0086700916290283
1990-11-16,3.02777361869812
1990-11-19,3.1137351989746094
1990-11-20,3.0373244285583496
1990-11-21,3.056426763534546
1990-11-23,3.0468738079071045
1990-11-26,3.094632863998413
1990-11-27,3.094632863998413
1990-11-28,3.094632863998413
1990-11-29,3.056426763534546
1990-11-30,3.1996958255767822
1990-12-03,3.362072229385376
1990-12-04,3.4384806156158447
1990-12-05,3.400275945663452
1990-12-06,3.3907229900360107
1990-12-07,3.381174087524414
1990-12-10,3.428928136825561
1990-12-11,3.419323682785034
1990-12-12,3.4577441215515137
1990-12-13,3.448140382766724
1990-12-14,3.438533306121826
1990-12-17,3.486559629440308
1990-12-18,3.505767822265625
1990-12-19,3.4577441215515137
1990-12-20,3.4577441215515137
1990-12-21,3.438533306121826
1990-12-24,3.4577441215515137
1990-12-26,3.419323682785034
1990-12-27,3.419323682785034
1990-12-28,3.438533306121826
1990-12-31,3.448140382766724
1991-01-02,3.4097204208374023
1991-01-03,3.3809053897857666
1991-01-04,3.3809053897857666
1991-01-07,3.3424859046936035
1991-01-08,3.275252342224121
1991-01-09,3.2560417652130127
1991-01-10,3.313671588897705
1991-01-11,3.323275089263916
1991-01-14,3.284856081008911
1991-01-15,3.332880735397339
1991-01-16,3.4097204208374023
1991-01-17,3.5441877841949463
1991-01-18,3.6018178462982178
1991-01-21,3.649839162826538
1991-01-22,3.678654432296753
1991-01-23,3.669050455093384
1991-01-24,3.7266783714294434
1991-01-25,3.841938018798828
1991-01-28,3.79391360282898
1991-01-29,3.774701833724976
1991-01-30,4.005221366882324
1991-01-31,3.9668009281158447
1991-02-01,3.937985420227051
1991-02-04,3.976406335830689
1991-02-05,4.043637752532959
1991-02-06,4.149293422698975
1991-02-07,3.995614767074585
1991-02-08,4.072451114654541
1991-02-11,4.1781086921691895
1991-02-12,4.1781086921691895
1991-02-13,4.197315692901611
1991-02-14,4.168500900268555
1991-02-15,4.245338439941406
1991-02-19,4.206923007965088
1991-02-20,4.168500900268555
1991-02-21,4.264552116394043
1991-02-22,4.245338439941406
1991-02-25,4.3509955406188965
1991-02-26,4.226133346557617
1991-02-27,4.216527462005615
1991-02-28,4.254946231842041
1991-03-01,4.399018287658691
1991-03-04,4.418229579925537
1991-03-05,4.447167873382568
1991-03-06,4.543633460998535
1991-03-07,4.6401047706604
1991-03-08,4.611165046691895
1991-03-11,4.630459308624268
1991-03-12,4.505047798156738
1991-03-13,4.572575569152832
1991-03-14,4.688337802886963
1991-03-15,4.784807205200195
1991-03-18,4.688337802886963
1991-03-19,4.591870307922363
1991-03-20,4.630459308624268
1991-03-21,4.630459308624268
1991-03-22,4.649750709533691
1991-03-25,4.669045448303223
1991-03-26,4.7076334953308105
1991-03-27,4.717278003692627
1991-03-28,4.688337802886963
1991-04-01,4.649750709533691
1991-04-02,4.755867004394531
1991-04-03,4.81374454498291
1991-04-04,4.8233962059021
1991-04-05,4.6401047706604
1991-04-08,4.630459308624268
1991-04-09,4.553284645080566
1991-04-10,4.505047798156738
1991-04-11,4.49540376663208
1991-04-12,4.669045448303223
1991-04-15,4.553284645080566
1991-04-16,4.726927757263184
1991-04-17,4.794451713562012
1991-04-18,4.746218681335449
1991-04-19,4.6594014167785645
1991-04-22,4.669045448303223
1991-04-23,4.630459308624268
1991-04-24,4.649750709533691
1991-04-25,4.630459308624268
1991-04-26,4.582224369049072
1991-04-29,4.437523365020752
1991-04-30,4.49540376663208
1991-05-01,4.591870307922363
1991-05-02,4.630459308624268
1991-05-03,4.630459308624268
1991-05-06,4.6786932945251465
1991-05-07,4.582224369049072
1991-05-08,4.6015167236328125
1991-05-09,4.630459308624268
1991-05-10,4.543633460998535
1991-05-13,4.553284645080566
1991-05-14,4.466464042663574
1991-05-15,4.418228149414063
1991-05-16,4.533990859985352
1991-05-17,4.562930107116699
1991-05-20,4.562930107116699
1991-05-21,4.6015167236328125
1991-05-22,4.6594014167785645
1991-05-23,4.620810508728027
1991-05-24,4.6594014167785645
1991-05-28,4.669045448303223
1991-05-29,4.688337802886963
1991-05-30,4.794451713562012
1991-05-31,4.80410099029541
1991-06-03,4.775162696838379
1991-06-04,4.746103763580322
1991-06-05,4.6492438316345215
1991-06-06,4.6492438316345215
1991-06-07,4.658927917480469
1991-06-10,4.600811958312988
1991-06-11,4.59112548828125
1991-06-12,4.494267463684082
1991-06-13,4.4748945236206055
1991-06-14,4.629871845245361
1991-06-17,4.629871845245361
1991-06-18,4.610499858856201
1991-06-19,4.600811958312988
1991-06-20,4.717041969299316
1991-06-21,4.881703853607178
1991-06-24,4.813901424407959
1991-06-25,4.6976728439331055
1991-06-26,4.717041969299316
1991-06-27,4.842962741851807
1991-06-28,4.813901424407959
1991-07-01,5.04636287689209
1991-07-02,5.075424671173096
1991-07-03,5.094795227050781
1991-07-05,5.065738201141357
1991-07-08,5.249770641326904
1991-07-09,5.181969165802002
1991-07-10,5.12385368347168
1991-07-11,5.10447883605957
1991-07-12,5.220710277557373
1991-07-15,5.288510799407959
1991-07-16,5.094795227050781
1991-07-17,5.12385368347168
1991-07-18,5.143222332000732
1991-07-19,5.114165782928467
1991-07-22,5.143222332000732
1991-07-23,5.036682605743408
1991-07-24,5.04636287689209
1991-07-25,5.0560503005981445
1991-07-26,5.0560503005981445
1991-07-29,5.0560503005981445
1991-07-30,5.10447883605957
1991-07-31,5.075424671173096
1991-08-01,5.0560503005981445
1991-08-02,5.036682605743408
1991-08-05,4.96887731552124
1991-08-06,5.085110187530518
1991-08-07,5.114165782928467
1991-08-08,5.114165782928467
1991-08-09,5.240086078643799
1991-08-12,5.211027145385742
1991-08-13,5.230397701263428
1991-08-14,5.191651821136475
1991-08-15,5.114165782928467
1991-08-16,5.075424671173096
1991-08-19,4.9495062828063965
1991-08-20,4.96887731552124
1991-08-21,5.133542537689209
1991-08-22,5.20134162902832
1991-08-23,5.395057201385498
1991-08-26,5.317570209503174
1991-08-27,5.317570209503174
1991-08-28,5.4047441482543945
1991-08-29,5.48223352432251
1991-08-30,5.472548007965088
1991-09-03,5.3947834968566895
1991-09-04,5.404504299163818
1991-09-05,5.365621089935303
1991-09-06,5.33646297454834
1991-09-09,5.307300567626953
1991-09-10,5.219818115234375
1991-09-11,5.2684197425842285
1991-09-12,5.307300567626953
1991-09-13,5.2684197425842285
1991-09-16,5.2878594398498535
1991-09-17,5.297580718994141
1991-09-18,5.2878594398498535
1991-09-19,5.307300567626953
1991-09-20,5.365621089935303
1991-09-23,5.365621089935303
1991-09-24,5.501706600189209
1991-09-25,5.423942565917969
1991-09-26,5.385066032409668
1991-09-27,5.3947834968566895
1991-09-30,5.443385601043701
1991-10-01,5.4142231941223145
1991-10-02,5.385066032409668
1991-10-03,5.3947834968566895
1991-10-04,5.365621089935303
1991-10-07,5.346181392669678
1991-10-08,5.346181392669678
1991-10-09,5.258697986602783
1991-10-10,5.326741695404053
1991-10-11,5.297580718994141
1991-10-14,5.365621089935303
1991-10-15,5.705834865570068
1991-10-16,5.832197189331055
1991-10-17,5.812758445739746
1991-10-18,5.919682502746582
1991-10-21,5.939123153686523
1991-10-22,5.871082782745361
1991-10-23,6.007164001464844
1991-10-24,5.929399013519287
1991-10-25,5.880801200866699
1991-10-28,6.007164001464844
1991-10-29,6.143250942230225
1991-10-30,6.1140851974487305
1991-10-31,6.1140851974487305
1991-11-01,5.987724304199219
1991-11-04,5.96828556060791
1991-11-05,5.909961700439453
1991-11-06,5.939123153686523
1991-11-07,5.909961700439453
1991-11-08,5.871082782745361
1991-11-11,5.880801200866699
1991-11-12,5.987724304199219
1991-11-13,5.987724304199219
1991-11-14,5.96828556060791
1991-11-15,5.793318271636963
1991-11-18,5.744715213775635
1991-11-19,5.618353366851807
1991-11-20,5.715554237365723
1991-11-21,5.900240898132324
1991-11-22,5.832197189331055
1991-11-25,5.793318271636963
1991-11-26,5.900240898132324
1991-11-27,5.900240898132324
1991-11-29,5.900240898132324
1991-12-02,5.948841094970703
1991-12-03,6.036326408386231
1991-12-04,6.046047687530518
1991-12-05,6.046047687530518
1991-12-06,6.094646453857422
1991-12-09,6.084926605224609
1991-12-10,6.053581237792969
1991-12-11,6.190719127655029
1991-12-12,6.229899883270264
1991-12-13,6.474785327911377
1991-12-16,6.396422386169434
1991-12-17,6.327853679656982
1991-12-18,6.455195426940918
1991-12-19,6.347443103790283
1991-12-20,6.416011810302734
1991-12-23,6.680488586425781
1991-12-24,6.014400005340576
1991-12-26,6.210305690765381
1991-12-27,6.327853679656982
1991-12-30,6.239694118499756
1991-12-31,6.014400005340576
1992-01-02,6.180919170379639
1992-01-03,6.220105171203613
1992-01-06,6.063376903533936
1992-01-07,5.985015392303467
1992-01-08,6.102558135986328
1992-01-09,6.171124458312988
1992-01-10,6.190719127655029
1992-01-13,5.358104228973389
1992-01-14,5.358104228973389
1992-01-15,5.465854167938232
1992-01-16,5.514835357666016
1992-01-17,5.485445022583008
1992-01-20,5.113219738006592
1992-01-21,5.074038028717041
1992-01-22,4.9369001388549805
1992-01-23,4.799765110015869
1992-01-24,4.73119592666626
1992-01-27,4.7899699211120605
1992-01-28,4.750787734985352
1992-01-29,4.9369001388549805
1992-01-30,5.025060176849365
1992-01-31,4.9369001388549805
1992-02-03,5.005470275878906
1992-02-04,5.113219738006592
1992-02-05,5.093624591827393
1992-02-06,4.99567174911499
1992-02-07,4.956491947174072
1992-02-10,4.760585308074951
1992-02-11,4.662627696990967
1992-02-12,4.858540058135986
1992-02-13,4.81935453414917
1992-02-14,4.799765110015869
1992-02-18,4.623446941375732
1992-02-19,4.643036365509033
1992-02-20,5.171992301940918
1992-02-21,5.171992301940918
1992-02-24,5.309127807617188
1992-02-25,5.269944667816162
1992-02-26,5.446264266967773
1992-02-27,5.40708065032959
1992-02-28,5.36790132522583
1992-03-02,5.36790132522583
1992-03-03,5.352158546447754
1992-03-04,5.371832847595215
1992-03-05,5.234097480773926
1992-03-06,5.175064086914063
1992-03-09,5.25377368927002
1992-03-10,5.352158546447754
1992-03-11,5.332479476928711
1992-03-12,5.25377368927002
1992-03-13,5.293125152587891
1992-03-16,5.273451328277588
1992-03-17,5.332479476928711
1992-03-18,5.332479476928711
1992-03-19,5.273451328277588
1992-03-20,5.273451328277588
1992-03-23,5.214418411254883
1992-03-24,5.155392169952393
1992-03-25,5.057002544403076
1992-03-26,4.997972011566162
1992-03-27,4.997972011566162
1992-03-30,5.175064086914063
1992-03-31,5.332479476928711
1992-04-01,5.470221519470215
1992-04-02,5.391515254974365
1992-04-03,5.509576797485352
1992-04-06,5.470221519470215
1992-04-07,5.332479476928711
1992-04-08,5.273451328277588
1992-04-09,5.411188125610352
1992-04-10,5.489898204803467
1992-04-13,5.470221519470215
1992-04-14,5.686668395996094
1992-04-15,5.82440996170044
1992-04-16,5.863761901855469
1992-04-20,5.745701313018799
1992-04-21,5.745701313018799
1992-04-22,5.903116226196289
1992-04-23,5.804733276367188
1992-04-24,5.765378475189209
1992-04-27,5.686668395996094
1992-04-28,5.568607807159424
1992-04-29,5.647313117980957
1992-04-30,5.804733276367188
1992-05-01,5.804733276367188
1992-05-04,5.844085693359375
1992-05-05,5.883437633514404
1992-05-06,5.903116226196289
1992-05-07,5.98182487487793
1992-05-08,5.98182487487793
1992-05-11,6.040852069854736
1992-05-12,6.021177768707275
1992-05-13,6.001501560211182
1992-05-14,5.942471504211426
1992-05-15,5.922792911529541
1992-05-18,5.726022720336914
1992-05-19,5.922792911529541
1992-05-20,5.844085693359375
1992-05-21,5.785057067871094
1992-05-22,5.883437633514404
1992-05-26,5.745701313018799
1992-05-27,5.804733276367188
1992-05-28,5.883437633514404
1992-05-29,5.863761901855469
1992-06-01,5.82440996170044
1992-06-02,5.927146911621094
1992-06-03,5.946900844573975
1992-06-04,5.848117828369141
1992-06-05,5.848117828369141
1992-06-08,5.848117828369141
1992-06-09,5.769089698791504
1992-06-10,5.6307878494262695
1992-06-11,5.7098164558410645
1992-06-12,5.78884744644165
1992-06-15,5.670301914215088
1992-06-16,5.6307878494262695
1992-06-17,5.551760673522949
1992-06-18,5.551760673522949
1992-06-19,5.887631416320801
1992-06-22,5.828362464904785
1992-06-23,5.690059661865234
1992-06-24,5.650545120239258
1992-06-25,5.690059661865234
1992-06-26,5.78884744644165
1992-06-29,5.828362464904785
1992-06-30,5.946900844573975
1992-07-01,5.9864182472229
1992-07-02,5.9864182472229
1992-07-06,5.828362464904785
1992-07-07,5.78884744644165
1992-07-08,5.867876052856445
1992-07-09,5.966660499572754
1992-07-10,5.946900844573975
1992-07-13,5.927146911621094
1992-07-14,6.065442085266113
1992-07-15,6.006175994873047
1992-07-16,5.9864182472229
1992-07-17,5.946900844573975
1992-07-20,5.887631416320801
1992-07-21,5.808604717254639
1992-07-22,5.749329566955566
1992-07-23,5.78884744644165
1992-07-24,5.729573249816895
1992-07-27,5.690059661865234
1992-07-28,5.927146911621094
1992-07-29,5.946900844573975
1992-07-30,5.808604717254639
1992-07-31,5.749329566955566
1992-08-03,5.729573249816895
1992-08-04,5.78884744644165
1992-08-05,5.749329566955566
1992-08-06,5.7098164558410645
1992-08-07,5.749329566955566
1992-08-10,5.690059661865234
1992-08-11,5.571517467498779
1992-08-12,5.591273307800293
1992-08-13,5.690059661865234
1992-08-14,5.769089698791504
1992-08-17,5.749329566955566
1992-08-18,5.769089698791504
1992-08-19,5.769089698791504
1992-08-20,5.729573249816895
1992-08-21,5.749329566955566
1992-08-24,5.729573249816895
1992-08-25,5.611030578613281
1992-08-26,5.551760673522949
1992-08-27,5.611030578613281
1992-08-28,5.591273307800293
1992-08-31,5.611030578613281
1992-09-01,5.654681205749512
1992-09-02,5.6150007247924805
1992-09-03,5.595160484313965
1992-09-04,5.535634994506836
1992-09-08,5.515796184539795
1992-09-09,5.535634994506836
1992-09-10,5.6150007247924805
1992-09-11,5.674522876739502
1992-09-14,5.991977691650391
1992-09-15,5.872931957244873
1992-09-16,5.932455539703369
1992-09-17,6.011820793151856
1992-09-18,6.111025810241699
1992-09-21,5.991977691650391
1992-09-22,5.853094577789307
1992-09-23,5.972138404846191
1992-09-24,5.892771720886231
1992-09-25,5.714203357696533
1992-09-28,5.734044551849365
1992-09-29,5.833251953125
1992-09-30,5.892771720886231
1992-10-01,5.892771720886231
1992-10-02,5.753885269165039
1992-10-05,5.674522876739502
1992-10-06,5.714203357696533
1992-10-07,5.773726463317871
1992-10-08,5.892771720886231
1992-10-09,5.773726463317871
1992-10-12,5.853094577789307
1992-10-13,5.972138404846191
1992-10-14,5.872931957244873
1992-10-15,5.853094577789307
1992-10-16,5.952296733856201
1992-10-19,5.932455539703369
1992-10-20,5.932455539703369
1992-10-21,6.071342468261719
1992-10-22,6.071342468261719
1992-10-23,6.111025810241699
1992-10-26,6.130866050720215
1992-10-27,6.051498889923096
1992-10-28,6.091180801391602
1992-10-29,5.892771720886231
1992-10-30,5.793567180633545
1992-11-02,5.932455539703369
1992-11-03,5.912614822387695
1992-11-04,5.932455539703369
1992-11-05,5.952296733856201
1992-11-06,5.991977691650391
1992-11-09,6.031661510467529
1992-11-10,6.210227489471436
1992-11-11,6.2895941734313965
1992-11-12,6.230068683624268
1992-11-13,6.190387725830078
1992-11-16,6.091180801391602
1992-11-17,5.872931957244873
1992-11-18,5.991977691650391
1992-11-19,5.932455539703369
1992-11-20,6.031661510467529
1992-11-23,6.071342468261719
1992-11-24,6.130866050720215
1992-11-25,6.190387725830078
1992-11-27,6.190387725830078
1992-11-30,6.2697529792785645
1992-12-01,6.230068683624268
1992-12-02,6.249913692474365
1992-12-03,6.190387725830078
1992-12-04,6.210227489471436
1992-12-07,6.2697529792785645
1992-12-08,6.33670711517334
1992-12-09,6.33670711517334
1992-12-10,6.316778659820557
1992-12-11,6.316778659820557
1992-12-14,6.2968525886535645
1992-12-15,6.23707389831543
1992-12-16,6.197216510772705
1992-12-17,6.217144012451172
1992-12-18,6.316778659820557
1992-12-21,6.177293300628662
1992-12-22,5.978024482727051
1992-12-23,5.79868221282959
1992-12-24,5.699049472808838
1992-12-28,5.778756141662598
1992-12-29,5.878393173217773
1992-12-30,5.9580979347229
1992-12-31,5.978024482727051
1993-01-04,6.037803649902344
1993-01-05,6.177293300628662
1993-01-06,6.117511749267578
1993-01-07,6.137439727783203
1993-01-08,6.117511749267578
1993-01-11,6.1573662757873535
1993-01-12,6.077659606933594
1993-01-13,6.117511749267578
1993-01-14,6.057733535766602
1993-01-15,6.077659606933594
1993-01-18,6.057733535766602
1993-01-19,6.057733535766602
1993-01-20,5.997952461242676
1993-01-21,6.077659606933594
1993-01-22,6.037803649902344
1993-01-25,6.037803649902344
1993-01-26,5.978024482727051
1993-01-27,5.938170909881592
1993-01-28,5.938170909881592
1993-01-29,5.738903522491455
1993-02-01,5.738903522491455
1993-02-02,5.6791205406188965
1993-02-03,5.8983154296875
1993-02-04,5.778756141662598
1993-02-05,5.738903522491455
1993-02-08,5.579492568969727
1993-02-09,5.459928512573242
1993-02-10,5.599416732788086
1993-02-11,5.699049472808838
1993-02-12,5.838537216186523
1993-02-16,5.758829593658447
1993-02-17,5.459928512573242
1993-02-18,5.200882434844971
1993-02-19,4.882054805755615
1993-02-22,4.9019775390625
1993-02-23,4.921905994415283
1993-02-24,5.121175289154053
1993-02-25,5.300513744354248
1993-02-26,5.280588150024414
1993-03-01,5.280588150024414
1993-03-02,5.287800312042236
1993-03-03,5.327856063842773
1993-03-04,5.428006649017334
1993-03-05,5.488095283508301
1993-03-08,5.528151988983154
1993-03-09,5.508124828338623
1993-03-10,5.488095283508301
1993-03-11,5.528151988983154
1993-03-12,5.488095283508301
1993-03-15,5.528151988983154
1993-03-16,5.528151988983154
1993-03-17,5.508124828338623
1993-03-18,5.56821346282959
1993-03-19,5.528151988983154
1993-03-22,5.428006649017334
1993-03-23,5.428006649017334
1993-03-24,5.347886085510254
1993-03-25,5.407974243164063
1993-03-26,5.367917537689209
1993-03-29,5.407974243164063
1993-03-30,5.367917537689209
1993-03-31,5.44803524017334
1993-04-01,5.44803524017334
1993-04-02,5.3078293800354
1993-04-05,5.367917537689209
1993-04-06,5.167623519897461
1993-04-07,5.147593021392822
1993-04-08,5.207681655883789
1993-04-12,5.508124828338623
1993-04-13,5.468063354492188
1993-04-14,5.44803524017334
1993-04-15,5.528151988983154
1993-04-16,5.508124828338623
1993-04-19,5.5481858253479
1993-04-20,5.488095283508301
1993-04-21,5.608274459838867
1993-04-22,5.608274459838867
1993-04-23,5.488095283508301
1993-04-26,5.407974243164063
1993-04-27,5.407974243164063
1993-04-28,5.508124828338623
1993-04-29,5.628300666809082
1993-04-30,5.648329734802246
1993-05-03,5.628300666809082
1993-05-04,5.628300666809082
1993-05-05,5.608274459838867
1993-05-06,5.628300666809082
1993-05-07,5.648329734802246
1993-05-10,5.708417892456055
1993-05-11,5.648329734802246
1993-05-12,5.648329734802246
1993-05-13,5.488095283508301
1993-05-14,5.508124828338623
1993-05-17,5.488095283508301
1993-05-18,5.468063354492188
1993-05-19,5.488095283508301
1993-05-20,5.468063354492188
1993-05-21,5.44803524017334
1993-05-24,5.44803524017334
1993-05-25,5.428006649017334
1993-05-26,5.428006649017334
1993-05-27,5.347886085510254
1993-05-28,5.3078293800354
1993-06-01,5.476139068603516
1993-06-02,5.617068290710449
1993-06-03,5.516404151916504
1993-06-04,5.476139068603516
1993-06-07,5.415738582611084
1993-06-08,5.39560604095459
1993-06-09,5.415738582611084
1993-06-10,5.39560604095459
1993-06-11,5.536537170410156
1993-06-14,5.57680606842041
1993-06-15,5.637204170227051
1993-06-16,5.6774678230285645
1993-06-17,5.617068290710449
1993-06-18,5.536537170410156
1993-06-21,5.556670188903809
1993-06-22,5.57680606842041
1993-06-23,5.536537170410156
1993-06-24,5.617068290710449
1993-06-25,5.617068290710449
1993-06-28,5.596938610076904
1993-06-29,5.476139068603516
1993-06-30,5.355341911315918
1993-07-01,5.315076351165772
1993-07-02,5.335208892822266
1993-07-06,5.294941425323486
1993-07-07,5.234542846679688
1993-07-08,5.355341911315918
1993-07-09,5.315076351165772
1993-07-12,5.274811744689941
1993-07-13,5.274811744689941
1993-07-14,5.294941425323486
1993-07-15,5.315076351165772
1993-07-16,5.315076351165772
1993-07-19,5.335208892822266
1993-07-20,5.335208892822266
1993-07-21,5.174147129058838
1993-07-22,5.254678726196289
1993-07-23,5.274811744689941
1993-07-26,5.335208892822266
1993-07-27,5.214411735534668
1993-07-28,5.254678726196289
1993-07-29,5.315076351165772
1993-07-30,5.274811744689941
1993-08-02,5.254678726196289
1993-08-03,5.234542846679688
1993-08-04,5.1137471199035645
1993-08-05,5.174147129058838
1993-08-06,5.174147129058838
1993-08-09,5.174147129058838
1993-08-10,5.133880138397217
1993-08-11,5.053347110748291
1993-08-12,5.133880138397217
1993-08-13,5.15401554107666
1993-08-16,4.972817897796631
1993-08-17,5.033217906951904
1993-08-18,5.073482036590576
1993-08-19,5.1137471199035645
1993-08-20,5.073482036590576
1993-08-23,5.133880138397217
1993-08-24,5.093615531921387
1993-08-25,5.214411735534668
1993-08-26,5.194279193878174
1993-08-27,5.133880138397217
1993-08-30,5.053347110748291
1993-08-31,5.033217906951904
1993-09-01,4.992951393127441
1993-09-02,5.053347110748291
1993-09-03,5.0403923988342285
1993-09-07,4.979662418365479
1993-09-08,4.959424018859863
1993-09-09,5.2225775718688965
1993-09-10,5.2225775718688965
1993-09-13,5.263059616088867
1993-09-14,5.283304691314697
1993-09-15,5.344032764434815
1993-09-16,5.505972862243652
1993-09-17,5.546456813812256
1993-09-20,5.526215076446533
1993-09-21,5.465486526489258
1993-09-22,5.485730171203613
1993-09-23,5.364274501800537
1993-09-24,5.384517192840576
1993-09-27,5.485730171203613
1993-09-28,5.526215076446533
1993-09-29,5.445242404937744
1993-09-30,5.4250006675720215
1993-10-01,5.4250006675720215
1993-10-04,5.445242404937744
1993-10-05,5.445242404937744
1993-10-06,5.445242404937744
1993-10-07,4.433119297027588
1993-10-08,4.4736008644104
1993-10-11,4.493847370147705
1993-10-12,4.291419506072998
1993-10-13,4.1092376708984375
1993-10-14,4.25093412399292
1993-10-15,4.1699652671813965
1993-10-18,4.2306904792785645
1993-10-19,4.149721622467041
1993-10-20,3.967539787292481
1993-10-21,4.048510551452637
1993-10-22,4.02826738357544
1993-10-25,4.129480838775635
1993-10-26,4.190208911895752
1993-10-27,4.291419506072998
1993-10-28,4.210451126098633
1993-10-29,4.210451126098633
1993-11-01,4.372390270233154
1993-11-02,4.352147579193115
1993-11-03,4.291419506072998
1993-11-04,4.331905841827393
1993-11-05,4.352147579193115
1993-11-08,4.352147579193115
1993-11-09,4.372390270233154
1993-11-10,4.372390270233154
1993-11-11,4.412877082824707
1993-11-12,4.352147579193115
1993-11-15,4.352147579193115
1993-11-16,4.39263391494751
1993-11-17,4.311662197113037
1993-11-18,4.352147579193115
1993-11-19,4.25093412399292
1993-11-22,4.2306904792785645
1993-11-23,4.311662197113037
1993-11-24,4.39263391494751
1993-11-26,4.433119297027588
1993-11-29,4.331905841827393
1993-11-30,4.331905841827393
1993-12-01,4.311662197113037
1993-12-02,4.271178722381592
1993-12-03,4.534331798553467
1993-12-06,4.4736008644104
1993-12-07,4.419832706451416
1993-12-08,4.358728885650635
1993-12-09,4.358728885650635
1993-12-10,4.297624588012695
1993-12-13,4.358728885650635
1993-12-14,4.338361740112305
1993-12-15,4.3179931640625
1993-12-16,4.2161545753479
1993-12-17,4.297624588012695
1993-12-20,4.297624588012695
1993-12-21,4.419832706451416
1993-12-22,4.37909746170044
1993-12-23,4.44019889831543
1993-12-27,4.460569381713867
1993-12-28,4.44019889831543
1993-12-29,4.501302242279053
1993-12-30,4.480933666229248
1993-12-31,4.562409400939941
1994-01-03,4.603142738342285
1994-01-04,4.603142738342285
1994-01-05,4.664246082305908
1994-01-06,4.623507499694824
1994-01-07,4.908663749694824
1994-01-10,5.051233291625977
1994-01-11,5.091974258422852
1994-01-12,5.051233291625977
1994-01-13,5.010499000549316
1994-01-14,5.071602821350098
1994-01-17,5.153075218200684
1994-01-18,5.112338542938232
1994-01-19,5.030867576599121
1994-01-20,4.969766616821289
1994-01-21,5.112338542938232
1994-01-24,5.071602821350098
1994-01-25,4.969766616821289
1994-01-26,4.908663749694824
1994-01-27,5.071602821350098
1994-01-28,5.214181423187256
1994-01-31,5.234547138214111
1994-02-01,5.214181423187256
1994-02-02,5.254915714263916
1994-02-03,5.234547138214111
1994-02-04,4.94939661026001
1994-02-07,5.071602821350098
1994-02-08,5.071602821350098
1994-02-09,5.153075218200684
1994-02-10,4.99013090133667
1994-02-11,5.091974258422852
1994-02-14,5.051233291625977
1994-02-15,5.051233291625977
1994-02-16,4.99013090133667
1994-02-17,5.030867576599121
1994-02-18,4.969766616821289
1994-02-22,5.010499000549316
1994-02-23,5.051233291625977
1994-02-24,4.929027080535889
1994-02-25,5.010499000549316
1994-02-28,4.94939661026001
1994-03-01,4.895323276519775
1994-03-02,4.997738361358643
1994-03-03,5.018216609954834
1994-03-04,5.059182643890381
1994-03-07,5.100147247314453
1994-03-08,5.059182643890381
1994-03-09,5.0796637535095215
1994-03-10,5.059182643890381
1994-03-11,5.100147247314453
1994-03-14,5.038698673248291
1994-03-15,4.97725248336792
1994-03-16,4.936291217803955
1994-03-17,5.0796637535095215
1994-03-18,5.3254570960998535
1994-03-21,5.243528366088867
1994-03-22,5.284491539001465
1994-03-23,5.3664231300354
1994-03-24,5.264008045196533
1994-03-25,5.386903285980225
1994-03-28,5.448350429534912
1994-03-29,5.448350429534912
1994-03-30,5.264008045196533
1994-03-31,5.284491539001465
1994-04-04,5.284491539001465
1994-04-05,5.386903285980225
1994-04-06,5.448350429534912
1994-04-07,5.386903285980225
1994-04-08,5.427867412567139
1994-04-11,5.427867412567139
1994-04-12,5.345940589904785
1994-04-13,5.243528366088867
1994-04-14,5.223043441772461
1994-04-15,5.120633125305176
1994-04-18,5.059182643890381
1994-04-19,5.0796637535095215
1994-04-20,5.059182643890381
1994-04-21,5.018216609954834
1994-04-22,4.997738361358643
1994-04-25,5.038698673248291
1994-04-26,5.120633125305176
1994-04-28,5.141112804412842
1994-04-29,5.161594390869141
1994-05-02,5.284491539001465
1994-05-03,5.284491539001465
1994-05-04,5.407385349273682
1994-05-05,5.427867412567139
1994-05-06,5.284491539001465
1994-05-09,5.202559947967529
1994-05-10,5.223043441772461
1994-05-11,5.120633125305176
1994-05-12,5.243528366088867
1994-05-13,5.3664231300354
1994-05-16,5.386903285980225
1994-05-17,5.407385349273682
1994-05-18,5.407385349273682
1994-05-19,5.5302815437316895
1994-05-20,5.489315509796143
1994-05-23,5.448350429534912
1994-05-24,5.448350429534912
1994-05-25,5.5302815437316895
1994-05-26,5.509799957275391
1994-05-27,5.489315509796143
1994-05-31,5.386903285980225
1994-06-01,5.30497407913208
1994-06-02,5.345940589904785
1994-06-03,5.407385349273682
1994-06-06,5.311856746673584
1994-06-07,5.250091075897217
1994-06-08,5.35303258895874
1994-06-09,5.332444190979004
1994-06-10,5.188322067260742
1994-06-13,5.208911895751953
1994-06-14,5.311856746673584
1994-06-15,5.373620986938477
1994-06-16,5.332444190979004
1994-06-17,5.435385704040527
1994-06-20,5.35303258895874
1994-06-21,5.250091075897217
1994-06-22,5.291266441345215
1994-06-23,5.229498386383057
1994-06-24,5.147149085998535
1994-06-27,5.147149085998535
1994-06-28,5.4559736251831055
1994-06-29,5.558918952941895
1994-06-30,5.373620986938477
1994-07-01,5.497153282165527
1994-07-05,5.538330554962158
1994-07-06,5.558918952941895
1994-07-07,5.600093841552734
1994-07-08,5.661861896514893
1994-07-11,5.517742156982422
1994-07-12,5.35303258895874
1994-07-13,5.291266441345215
1994-07-14,5.373620986938477
1994-07-15,5.35303258895874
1994-07-18,5.311856746673584
1994-07-19,5.250091075897217
1994-07-20,5.188322067260742
1994-07-21,5.229498386383057
1994-07-22,5.250091075897217
1994-07-25,5.167735576629639
1994-07-26,5.147149085998535
1994-07-27,5.147149085998535
1994-07-28,5.229498386383057
1994-07-29,5.229498386383057
1994-08-01,5.188322067260742
1994-08-02,5.167735576629639
1994-08-03,5.105968952178955
1994-08-04,5.147149085998535
1994-08-05,5.167735576629639
1994-08-08,5.12655782699585
1994-08-09,5.147149085998535
1994-08-10,5.147149085998535
1994-08-11,5.105968952178955
1994-08-12,5.044204235076904
1994-08-15,5.02361536026001
1994-08-16,4.982437610626221
1994-08-17,4.920673370361328
1994-08-18,4.9412617683410645
1994-08-19,4.9412617683410645
1994-08-22,4.9412617683410645
1994-08-23,4.9412617683410645
1994-08-24,4.81773042678833
1994-08-25,4.961851119995117
1994-08-26,4.982437610626221
1994-08-29,4.982437610626221
1994-08-30,5.085379600524902
1994-08-31,5.085379600524902
1994-09-01,5.229498386383057
1994-09-02,5.092056274414063
1994-09-06,5.050661087036133
1994-09-07,5.009259223937988
1994-09-08,5.029955863952637
1994-09-09,5.154154300689697
1994-09-12,5.154154300689697
1994-09-13,5.029955863952637
1994-09-14,5.009259223937988
1994-09-15,5.1127543449401855
1994-09-16,5.1748576164245605
1994-09-19,5.236950397491455
1994-09-20,5.216252326965332
1994-09-21,5.1127543449401855
1994-09-22,5.133452892303467
1994-09-23,5.154154300689697
1994-09-26,5.216252326965332
1994-09-27,5.1127543449401855
1994-09-28,5.278353214263916
1994-09-29,5.319750308990479
1994-09-30,5.361148357391357
1994-10-03,5.340449333190918
1994-10-04,5.299054145812988
1994-10-05,5.299054145812988
1994-10-06,5.299054145812988
1994-10-07,5.319750308990479
1994-10-10,5.381848335266113
1994-10-11,5.340449333190918
1994-10-12,5.299054145812988
1994-10-13,5.319750308990479
1994-10-14,5.464645862579346
1994-10-17,5.381848335266113
1994-10-18,5.568143844604492
1994-10-19,5.713038444519043
1994-10-20,5.6302409172058105
1994-10-21,5.568143844604492
1994-10-24,5.588842868804932
1994-10-25,5.588842868804932
1994-10-26,5.588842868804932
1994-10-27,5.568143844604492
1994-10-28,5.609543800354004
1994-10-31,5.6302409172058105
1994-11-01,5.568143844604492
1994-11-02,5.506045341491699
1994-11-03,5.547445297241211
1994-11-04,5.443948268890381
1994-11-07,5.340449333190918
1994-11-08,5.464645862579346
1994-11-09,5.402550220489502
1994-11-10,5.381848335266113
1994-11-11,5.381848335266113
1994-11-14,5.319750308990479
1994-11-15,5.319750308990479
1994-11-16,5.216252326965332
1994-11-17,5.133452892303467
1994-11-18,5.092056274414063
1994-11-21,5.029955863952637
1994-11-22,4.967862129211426
1994-11-23,4.967862129211426
1994-11-25,4.988559246063232
1994-11-28,4.988559246063232
1994-11-29,4.967862129211426
1994-11-30,4.967862129211426
1994-12-01,4.967862129211426
1994-12-02,4.967862129211426
1994-12-05,5.009259223937988
1994-12-06,4.988559246063232
1994-12-07,4.967862129211426
1994-12-08,4.988559246063232
1994-12-09,5.009259223937988
1994-12-12,5.009259223937988
1994-12-13,4.997600078582764
1994-12-14,4.97677755355835
1994-12-15,4.872658729553223
1994-12-16,4.893482208251953
1994-12-19,4.810189723968506
1994-12-20,4.893482208251953
1994-12-21,4.997600078582764
1994-12-22,4.997600078582764
1994-12-23,4.997600078582764
1994-12-27,5.101715087890625
1994-12-28,5.018422603607178
1994-12-29,5.080893039703369
1994-12-30,4.97677755355835
1995-01-03,4.955952167510986
1995-01-04,4.955952167510986
1995-01-05,4.893482208251953
1995-01-06,5.018422603607178
1995-01-09,5.122538089752197
1995-01-10,5.080893039703369
1995-01-11,5.080893039703369
1995-01-12,5.039243221282959
1995-01-13,5.060068130493164
1995-01-16,5.039243221282959
1995-01-17,5.247476577758789
1995-01-18,5.289124965667725
1995-01-19,5.4348883628845215
1995-01-20,5.351593971252441
1995-01-23,5.205833911895752
1995-01-24,5.26830005645752
1995-01-25,5.247476577758789
1995-01-26,5.247476577758789
1995-01-27,5.247476577758789
1995-01-30,5.226655960083008
1995-01-31,5.205833911895752
1995-02-01,5.164183616638184
1995-02-02,5.185008049011231
1995-02-03,5.205833911895752
1995-02-06,5.205833911895752
1995-02-07,5.351593971252441
1995-02-08,5.226655960083008
1995-02-09,5.289124965667725
1995-02-10,5.372417449951172
1995-02-13,5.330773830413818
1995-02-14,5.330773830413818
1995-02-15,5.455710411071777
1995-02-16,5.289124965667725
1995-02-17,5.205833911895752
1995-02-21,5.205833911895752
1995-02-22,5.289124965667725
1995-02-23,5.351593971252441
1995-02-24,5.414063930511475
1995-02-27,5.351593971252441
1995-02-28,5.381748676300049
1995-03-01,5.36081075668335
1995-03-02,5.339867115020752
1995-03-03,5.339867115020752
1995-03-06,5.339867115020752
1995-03-07,5.31892728805542
1995-03-08,5.36081075668335
1995-03-09,5.36081075668335
1995-03-10,5.507395267486572
1995-03-13,5.444571495056152
1995-03-14,5.52833366394043
1995-03-15,5.5492753982543945
1995-03-16,5.52833366394043
1995-03-17,5.612096309661865
1995-03-20,5.653978824615479
1995-03-21,5.570215702056885
1995-03-22,5.63303804397583
1995-03-23,5.7586822509765625
1995-03-24,6.114675045013428
1995-03-27,6.030910015106201
1995-03-28,5.947145938873291
1995-03-29,6.07279109954834
1995-03-30,6.07279109954834
1995-03-31,6.030910015106201
1995-04-03,6.030910015106201
1995-04-04,6.114675045013428
1995-04-05,6.135612487792969
1995-04-06,6.15655517578125
1995-04-07,6.15655517578125
1995-04-10,6.114675045013428
1995-04-11,5.947145938873291
1995-04-12,6.15655517578125
1995-04-13,6.240319728851318
1995-04-17,6.15655517578125
1995-04-18,6.135612487792969
1995-04-19,6.0937323570251465
1995-04-20,6.030910015106201
1995-04-21,6.009967803955078
1995-04-24,6.114675045013428
1995-04-25,5.989028453826904
1995-04-26,6.0937323570251465
1995-04-27,6.15655517578125
1995-04-28,5.612096309661865
1995-05-01,5.716801643371582
1995-05-02,5.695858955383301
1995-05-03,5.737743854522705
1995-05-04,5.591155052185059
1995-05-05,5.695858955383301
1995-05-08,5.779621124267578
1995-05-09,5.695858955383301
1995-05-10,5.695858955383301
1995-05-11,5.63303804397583
1995-05-12,5.653978824615479
1995-05-15,5.591155052185059
1995-05-16,5.612096309661865
1995-05-17,5.5492753982543945
1995-05-18,5.507395267486572
1995-05-19,5.507395267486572
1995-05-22,5.5492753982543945
1995-05-23,5.444571495056152
1995-05-24,5.465512275695801
1995-05-25,5.36081075668335
1995-05-26,5.297986507415772
1995-05-30,5.370434284210205
1995-05-31,5.391497611999512
1995-06-01,5.41255521774292
1995-06-02,5.433616638183594
1995-06-05,5.328313827514648
1995-06-06,5.328313827514648
1995-06-07,5.349374771118164
1995-06-08,5.475736618041992
1995-06-09,5.41255521774292
1995-06-12,5.538920879364014
1995-06-13,5.433616638183594
1995-06-14,5.55997896194458
1995-06-15,5.538920879364014
1995-06-16,5.728464126586914
1995-06-19,5.707405090332031
1995-06-20,5.707405090332031
1995-06-21,5.665283203125
1995-06-22,5.686341762542725
1995-06-23,5.602100849151611
1995-06-26,5.55997896194458
1995-06-27,5.55997896194458
1995-06-28,5.41255521774292
1995-06-29,5.41255521774292
1995-06-30,5.517858028411865
1995-07-03,5.538920879364014
1995-07-05,5.6231608390808105
1995-07-06,5.581040859222412
1995-07-07,5.602100849151611
1995-07-10,5.538920879364014
1995-07-11,5.602100849151611
1995-07-12,5.6231608390808105
1995-07-13,5.6231608390808105
1995-07-14,5.6231608390808105
1995-07-17,5.602100849151611
1995-07-18,5.538920879364014
1995-07-19,5.454678535461426
1995-07-20,5.475736618041992
1995-07-21,5.370434284210205
1995-07-24,5.433616638183594
1995-07-25,5.454678535461426
1995-07-26,5.41255521774292
1995-07-27,5.391497611999512
1995-07-28,5.496797561645508
1995-07-31,5.391497611999512
1995-08-01,5.265134334564209
1995-08-02,5.286192893981934
1995-08-03,5.2440714836120605
1995-08-04,5.223011016845703
1995-08-07,5.349374771118164
1995-08-08,5.349374771118164
1995-08-09,5.349374771118164
1995-08-10,5.328313827514648
1995-08-11,5.2440714836120605
1995-08-14,5.370434284210205
1995-08-15,5.307252883911133
1995-08-16,5.370434284210205
1995-08-17,5.328313827514648
1995-08-18,5.391497611999512
1995-08-21,5.391497611999512
1995-08-22,5.41255521774292
1995-08-23,5.391497611999512
1995-08-24,5.433616638183594
1995-08-25,5.454678535461426
1995-08-28,5.496797561645508
1995-08-29,5.496797561645508
1995-08-30,5.517858028411865
1995-08-31,5.527177810668945
1995-09-01,5.442466735839844
1995-09-05,5.484821796417236
1995-09-06,5.315409183502197
1995-09-07,5.103638648986816
1995-09-08,4.976578235626221
1995-09-11,4.997753143310547
1995-09-12,5.040108680725098
1995-09-13,4.955399990081787
1995-09-14,4.955399990081787
1995-09-15,5.103638648986816
1995-09-18,5.082462310791016
1995-09-19,5.018930435180664
1995-09-20,4.913046836853027
1995-09-21,4.870691299438477
1995-09-22,4.828339099884033
1995-09-25,4.849513053894043
1995-09-26,4.891870021820068
1995-09-27,4.870691299438477
1995-09-28,4.785985946655273
1995-09-29,4.849513053894043
1995-10-02,4.743632793426514
1995-10-03,4.701278209686279
1995-10-04,4.680097579956055
1995-10-05,4.4471540451049805
1995-10-06,4.553038597106934
1995-10-09,4.468329906463623
1995-10-10,4.51068639755249
1995-10-11,4.468329906463623
1995-10-12,4.4471540451049805
1995-10-13,4.383621692657471
1995-10-16,4.320093154907227
1995-10-17,4.468329906463623
1995-10-18,4.51068639755249
1995-10-19,4.701278209686279
1995-10-20,4.574215412139893
1995-10-23,4.553038597106934
1995-10-24,4.680097579956055
1995-10-25,4.645688533782959
1995-10-26,4.6377482414245605
1995-10-27,4.531863689422607
1995-10-30,4.51068639755249
1995-10-31,4.425974369049072
1995-11-01,4.362445831298828
1995-11-02,4.4471540451049805
1995-11-03,4.425974369049072
1995-11-06,4.553038597106934
1995-11-07,4.574215412139893
1995-11-08,4.553038597106934
1995-11-09,4.489509582519531
1995-11-10,4.51068639755249
1995-11-13,4.574215412139893
1995-11-14,4.553038597106934
1995-11-15,4.680097579956055
1995-11-16,4.574215412139893
1995-11-17,4.6377482414245605
1995-11-20,4.658923625946045
1995-11-21,4.785985946655273
1995-11-22,4.785985946655273
1995-11-24,4.785985946655273
1995-11-27,4.7224531173706055
1995-11-28,4.849513053894043
1995-11-29,5.167169094085693
1995-11-30,5.124814033508301
1995-12-01,5.145991325378418
1995-12-04,5.209521770477295
1995-12-05,5.336582660675049
1995-12-06,5.294232368469238
1995-12-07,5.23069953918457
1995-12-08,5.294232368469238
1995-12-11,5.294232368469238
1995-12-12,5.336582660675049
1995-12-13,5.336582660675049
1995-12-14,5.36725378036499
1995-12-15,5.303359508514404
1995-12-18,5.260761260986328
1995-12-19,5.303359508514404
1995-12-20,5.17556619644165
1995-12-21,5.260761260986328
1995-12-22,5.218164443969727
1995-12-26,5.260761260986328
1995-12-27,5.196866512298584
1995-12-28,5.218164443969727
1995-12-29,5.452452182769775
1996-01-02,5.303359508514404
1996-01-03,5.303359508514404
1996-01-04,5.260761260986328
1996-01-05,5.260761260986328
1996-01-08,5.2820587158203125
1996-01-09,5.212838649749756
1996-01-10,5.13297176361084
1996-01-11,5.069075107574463
1996-01-12,5.154266834259033
1996-01-15,5.154266834259033
1996-01-16,5.154266834259033
1996-01-17,5.090372562408447
1996-01-18,5.090372562408447
1996-01-19,4.941280841827393
1996-01-22,4.941280841827393
1996-01-23,5.090372562408447
1996-01-24,5.111671447753906
1996-01-25,5.218164443969727
1996-01-26,5.260761260986328
1996-01-29,5.2820587158203125
1996-01-30,5.196866512298584
1996-01-31,5.324659824371338
1996-02-01,5.324659824371338
1996-02-02,5.452452182769775
1996-02-05,5.495044708251953
1996-02-06,5.622837543487549
1996-02-07,5.8145270347595215
1996-02-08,5.899723529815674
1996-02-09,5.835826873779297
1996-02-12,5.942318916320801
1996-02-13,5.942318916320801
1996-02-14,5.899723529815674
1996-02-15,5.942318916320801
1996-02-16,5.921020030975342
1996-02-20,5.835826873779297
1996-02-21,5.857124328613281
1996-02-22,5.899723529815674
1996-02-23,5.921020030975342
1996-02-26,5.8145270347595215
1996-02-27,5.686731815338135
1996-02-28,5.686731815338135
1996-02-29,5.567673206329346
1996-03-01,5.546257495880127
1996-03-04,5.631916046142578
1996-03-05,5.546257495880127
1996-03-06,5.781813144683838
1996-03-07,5.824642658233643
1996-03-08,5.7175703048706055
1996-03-11,5.824642658233643
1996-03-12,5.824642658233643
1996-03-13,5.86746883392334
1996-03-14,5.910296440124512
1996-03-15,5.910296440124512
1996-03-18,6.017370223999023
1996-03-19,5.910296440124512
1996-03-20,5.995955467224121
1996-03-21,5.910296440124512
1996-03-22,5.974542617797852
1996-03-25,6.038783550262451
1996-03-26,6.167267799377441
1996-03-27,6.081611156463623
1996-03-28,6.103024005889893
1996-03-29,5.995955467224121
1996-04-01,6.038783550262451
1996-04-02,6.081611156463623
1996-04-03,6.167267799377441
1996-04-04,6.038783550262451
1996-04-08,5.9317121505737305
1996-04-09,5.9317121505737305
1996-04-10,5.910296440124512
1996-04-11,5.846053123474121
1996-04-12,5.824642658233643
1996-04-15,5.995955467224121
1996-04-16,5.824642658233643
1996-04-17,5.824642658233643
1996-04-18,5.781813144683838
1996-04-19,5.781813144683838
1996-04-22,5.910296440124512
1996-04-23,5.974542617797852
1996-04-24,5.953124046325684
1996-04-25,5.9317121505737305
1996-04-26,5.86746883392334
1996-04-29,5.974542617797852
1996-04-30,5.953124046325684
1996-05-01,5.953124046325684
1996-05-02,5.9317121505737305
1996-05-03,5.953124046325684
1996-05-06,5.910296440124512
1996-05-07,5.888884544372559
1996-05-08,5.86746883392334
1996-05-09,5.888884544372559
1996-05-10,5.953124046325684
1996-05-13,6.017370223999023
1996-05-14,6.488476753234863
1996-05-15,6.616965293884277
1996-05-16,6.702618598937988
1996-05-17,6.788279056549072
1996-05-20,6.766862392425537
1996-05-21,6.638375759124756
1996-05-22,6.6812028884887695
1996-05-23,6.6812028884887695
1996-05-24,6.6812028884887695
1996-05-28,6.638375759124756
1996-05-29,6.5741353034973145
1996-05-30,6.6051177978515625
1996-05-31,6.583602428436279
1996-06-03,6.5405755043029785
1996-06-04,6.583602428436279
1996-06-05,6.669662952423096
1996-06-06,6.626631736755371
1996-06-07,6.6051177978515625
1996-06-10,6.626631736755371
1996-06-11,6.626631736755371
1996-06-12,6.5405755043029785
1996-06-13,6.519055366516113
1996-06-14,6.49753999710083
1996-06-17,6.519055366516113
1996-06-18,6.5405755043029785
1996-06-19,6.49753999710083
1996-06-20,6.389968395233154
1996-06-21,6.519055366516113
1996-06-24,6.562087059020996
1996-06-25,6.562087059020996
1996-06-26,6.583602428436279
1996-06-27,6.626631736755371
1996-06-28,6.6051177978515625
1996-07-01,6.669662952423096
1996-07-02,6.583602428436279
1996-07-03,6.6481475830078125
1996-07-05,6.49753999710083
1996-07-08,6.476027965545654
1996-07-09,6.4545111656188965
1996-07-10,6.411482810974121
1996-07-11,6.368449687957764
1996-07-12,6.325421333312988
1996-07-15,6.196333885192871
1996-07-16,6.153298377990723
1996-07-17,6.153298377990723
1996-07-18,6.282391548156738
1996-07-19,6.325421333312988
1996-07-22,6.110271453857422
1996-07-23,6.110271453857422
1996-07-24,6.1317877769470215
1996-07-25,6.153298377990723
1996-07-26,6.2178473472595215
1996-07-29,6.1317877769470215
1996-07-30,6.174815654754639
1996-07-31,6.346936225891113
1996-08-01,6.519055366516113
1996-08-02,6.626631736755371
1996-08-05,6.562087059020996
1996-08-06,6.5405755043029785
1996-08-07,6.5405755043029785
1996-08-08,6.519055366516113
1996-08-09,6.5405755043029785
1996-08-12,6.476027965545654
1996-08-13,6.5405755043029785
1996-08-14,6.5405755043029785
1996-08-15,6.519055366516113
1996-08-16,6.6051177978515625
1996-08-19,6.562087059020996
1996-08-20,6.519055366516113
1996-08-21,6.5405755043029785
1996-08-22,6.583602428436279
1996-08-23,6.49753999710083
1996-08-26,6.476027965545654
1996-08-27,6.519055366516113
1996-08-28,6.476027965545654
1996-08-29,6.507157325744629
1996-08-30,6.442298412322998
1996-09-03,6.377448558807373
1996-09-04,6.33420991897583
1996-09-05,6.33420991897583
1996-09-06,6.377448558807373
1996-09-09,6.442298412322998
1996-09-10,6.593631744384766
1996-09-11,6.701722145080566
1996-09-12,6.701722145080566
1996-09-13,6.788197994232178
1996-09-16,6.7665791511535645
1996-09-17,6.701722145080566
1996-09-18,6.636865615844727
1996-09-19,6.615246295928955
1996-09-20,6.550395488739014
1996-09-23,6.463921546936035
1996-09-24,6.572012424468994
1996-09-25,6.528776168823242
1996-09-26,6.658485889434815
1996-09-27,6.658485889434815
1996-09-30,6.74495792388916
1996-10-01,6.636865615844727
1996-10-02,6.636865615844727
1996-10-03,6.723340034484863
1996-10-04,6.658485889434815
1996-10-07,6.658485889434815
1996-10-08,6.939526557922363
1996-10-09,6.658485889434815
1996-10-10,6.7665791511535645
1996-10-11,6.680103302001953
1996-10-14,6.701722145080566
1996-10-15,6.788197994232178
1996-10-16,6.788197994232178
1996-10-17,6.831435680389404
1996-10-18,6.874670505523682
1996-10-21,6.939526557922363
1996-10-22,6.853052139282227
1996-10-23,6.939526557922363
1996-10-24,6.701722145080566
1996-10-25,6.593631744384766
1996-10-28,6.593631744384766
1996-10-29,6.507157325744629
1996-10-30,6.463921546936035
1996-10-31,6.701722145080566
1996-11-01,6.572012424468994
1996-11-04,6.658485889434815
1996-11-05,6.701722145080566
1996-11-06,6.7665791511535645
1996-11-07,6.831435680389404
1996-11-08,6.74495792388916
1996-11-11,6.809816360473633
1996-11-12,6.7665791511535645
1996-11-13,6.7665791511535645
1996-11-14,6.831435680389404
1996-11-15,6.939526557922363
1996-11-18,6.91790771484375
1996-11-19,7.112476825714111
1996-11-20,7.112476825714111
1996-11-21,7.025997638702393
1996-11-22,7.025997638702393
1996-11-25,7.047618865966797
1996-11-26,7.069238662719727
1996-11-27,7.035360813140869
1996-11-29,7.035360813140869
1996-12-02,7.143935203552246
1996-12-03,7.295929908752441
1996-12-04,7.274217128753662
1996-12-05,7.404501438140869
1996-12-06,7.447932720184326
1996-12-09,7.730213165283203
1996-12-10,7.86049747467041
1996-12-11,7.77363920211792
1996-12-12,7.5782151222229
1996-12-13,7.708500385284424
1996-12-16,7.643357753753662
1996-12-17,7.469646453857422
1996-12-18,7.5782151222229
1996-12-19,7.5999274253845215
1996-12-20,7.53478479385376
1996-12-23,7.68678617477417
1996-12-24,7.730213165283203
1996-12-26,7.86049747467041
1996-12-27,7.947356224060059
1996-12-30,7.903923034667969
1996-12-31,8.034211158752441
1997-01-02,7.730213165283203
1997-01-03,7.68678617477417
1997-01-06,7.68678617477417
1997-01-07,7.643357753753662
1997-01-08,7.513075351715088
1997-01-09,7.556502819061279
1997-01-10,7.708500385284424
1997-01-13,7.5999274253845215
1997-01-14,7.7033305168151855
1997-01-15,7.548232078552246
1997-01-16,7.574080944061279
1997-01-17,7.625783920288086
1997-01-20,7.599926471710205
1997-01-21,7.574080944061279
1997-01-22,7.599926471710205
1997-01-23,7.574080944061279
1997-01-24,7.418976306915283
1997-01-27,7.34142541885376
1997-01-28,7.418976306915283
1997-01-29,7.4706807136535645
1997-01-30,7.418976306915283
1997-01-31,7.367277145385742
1997-02-03,7.238026618957519
1997-02-04,7.367277145385742
1997-02-05,7.2121782302856445
1997-02-06,7.186325073242188
1997-02-07,7.186325073242188
1997-02-10,7.160480976104736
1997-02-11,7.031226634979248
1997-02-12,7.186325073242188
1997-02-13,7.677481174468994
1997-02-14,7.858428955078125
1997-02-18,8.039379119873047
1997-02-19,7.884280204772949
1997-02-20,7.858428955078125
1997-02-21,7.858428955078125
1997-02-24,7.884280204772949
1997-02-25,7.832581043243408
1997-02-26,7.832581043243408
1997-02-27,7.818036079406738
1997-02-28,7.818036079406738
1997-03-03,7.869983196258545
1997-03-04,7.895954608917236
1997-03-05,7.895954608917236
1997-03-06,7.973873138427734
1997-03-07,8.129715919494629
1997-03-10,9.116716384887695
1997-03-11,9.376449584960938
1997-03-12,9.376449584960938
1997-03-13,9.246582984924316
1997-03-14,9.2985258102417
1997-03-17,9.454365730285645
1997-03-18,9.376449584960938
1997-03-19,9.272553443908691
1997-03-20,9.376449584960938
1997-03-21,9.402421951293944
1997-03-24,9.532289505004885
1997-03-25,9.558260917663574
1997-03-26,9.558260917663574
1997-03-27,9.350475311279297
1997-03-31,9.220606803894045
1997-04-01,9.142684936523438
1997-04-02,9.142684936523438
1997-04-03,9.168658256530762
1997-04-04,9.038790702819824
1997-04-07,9.194631576538086
1997-04-08,9.246582984924316
1997-04-09,9.2985258102417
1997-04-10,9.376449584960938
1997-04-11,9.350475311279297
1997-04-14,9.532289505004885
1997-04-15,9.662158012390137
1997-04-16,9.714104652404783
1997-04-17,9.740073204040527
1997-04-18,9.662158012390137
1997-04-21,9.610209465026855
1997-04-22,9.558260917663574
1997-04-23,9.714104652404783
1997-04-24,9.688130378723145
1997-04-25,9.558260917663574
1997-04-28,9.610209465026855
1997-04-29,9.766047477722168
1997-04-30,10.025785446166992
1997-05-01,10.285523414611816
1997-05-02,10.804994583129885
1997-05-05,10.934855461120604
1997-05-06,10.59720230102539
1997-05-07,10.259546279907228
1997-05-08,10.363447189331056
1997-05-09,10.337468147277832
1997-05-12,10.363447189331056
1997-05-13,10.389413833618164
1997-05-14,10.389413833618164
1997-05-15,10.467336654663086
1997-05-16,10.311494827270508
1997-05-19,10.285523414611816
1997-05-20,10.259546279907228
1997-05-21,10.389413833618164
1997-05-22,10.363447189331056
1997-05-23,10.259546279907228
1997-05-27,10.285523414611816
1997-05-28,10.389413833618164
1997-05-29,10.609420776367188
1997-05-30,10.50515365600586
1997-06-02,10.374817848205566
1997-06-03,10.453021049499512
1997-06-04,10.42695140838623
1997-06-05,10.479085922241213
1997-06-06,11.000442504882812
1997-06-09,11.261110305786133
1997-06-10,11.261110305786133
1997-06-11,11.31324291229248
1997-06-12,11.469648361206056
1997-06-13,11.678183555603027
1997-06-16,11.626051902770996
1997-06-17,11.599989891052246
1997-06-18,11.573919296264648
1997-06-19,11.626051902770996
1997-06-20,11.547847747802734
1997-06-23,11.339314460754396
1997-06-24,11.235039710998535
1997-06-25,11.53481388092041
1997-06-26,11.41751194000244
1997-06-27,11.639078140258787
1997-06-30,11.599989891052246
1997-07-01,11.66515064239502
1997-07-02,11.860655784606934
1997-07-03,11.756391525268556
1997-07-07,11.678183555603027
1997-07-08,11.782451629638672
1997-07-09,11.782451629638672
1997-07-10,11.61301612854004
1997-07-11,11.639078140258787
1997-07-14,11.678183555603027
1997-07-15,11.91279411315918
1997-07-16,12.564475059509276
1997-07-17,12.746952056884766
1997-07-18,12.590548515319824
1997-07-21,12.382006645202637
1997-07-22,12.79908275604248
1997-07-23,12.694808959960938
1997-07-24,12.616613388061523
1997-07-25,12.51233959197998
1997-07-28,12.473238945007324
1997-07-29,12.3168363571167
1997-07-30,12.564475059509276
1997-07-31,12.903353691101074
1997-08-01,12.746952056884766
1997-08-04,12.720881462097168
1997-08-05,13.137964248657228
1997-08-06,13.555038452148438
1997-08-07,13.346494674682615
1997-08-08,13.033682823181152
1997-08-11,13.17705535888672
1997-08-12,13.268298149108888
1997-08-13,13.294360160827637
1997-08-14,13.281330108642578
1997-08-15,13.124920845031738
1997-08-18,12.720881462097168
1997-08-19,12.720881462097168
1997-08-20,12.382006645202637
1997-08-21,12.408073425292969
1997-08-22,12.121328353881836
1997-08-25,11.71728801727295
1997-08-26,11.873690605163574
1997-08-27,11.36538028717041
1997-08-28,11.16765308380127
1997-08-29,11.063042640686035
1997-09-02,11.311497688293455
1997-09-03,11.28534698486328
1997-09-04,11.71688461303711
1997-09-05,11.429193496704102
1997-09-08,11.193809509277344
1997-09-09,10.252270698547363
1997-09-10,9.912277221679688
1997-09-11,8.77458667755127
1997-09-12,8.787664413452148
1997-09-15,8.578432083129883
1997-09-16,8.970741271972656
1997-09-17,9.32381820678711
1997-09-18,9.271510124206545
1997-09-19,9.415355682373049
1997-09-22,9.258431434631348
1997-09-23,9.153815269470217
1997-09-24,9.166893005371094
1997-09-25,9.519965171813965
1997-09-26,9.65073585510254
1997-09-29,9.66381549835205
1997-09-30,9.886115074157717
1997-10-01,9.990737915039062
1997-10-02,10.160734176635742
1997-10-03,9.89920139312744
1997-10-06,10.016891479492188
1997-10-07,9.938426971435549
1997-10-08,9.72919750213623
1997-10-09,9.598427772521973
1997-10-10,9.703044891357422
1997-10-13,9.572278022766112
1997-10-14,9.454582214355469
1997-10-15,9.66381549835205
1997-10-16,9.89920139312744
1997-10-17,10.06919765472412
1997-10-20,10.19996452331543
1997-10-21,10.23919677734375
1997-10-22,10.304580688476562
1997-10-23,9.938426971435549
1997-10-24,9.742277145385742
1997-10-27,8.853049278259277
1997-10-28,9.480734825134276
1997-10-29,9.467660903930664
1997-10-30,9.402273178100586
1997-10-31,9.44150733947754
1997-11-03,9.62458324432373
1997-11-04,9.559198379516602
1997-11-05,9.219202041625977
1997-11-06,9.33688735961914
1997-11-07,9.062275886535645
1997-11-10,9.179970741271973
1997-11-11,9.062275886535645
1997-11-12,8.892278671264648
1997-11-13,8.748431205749512
1997-11-14,8.918431282043457
1997-11-17,8.996893882751465
1997-11-18,8.866125106811523
1997-11-19,8.892278671264648
1997-11-20,9.114583969116213
1997-11-21,9.062275886535645
1997-11-24,8.853049278259277
1997-11-25,8.735358238220215
1997-11-26,8.77458667755127
1997-11-28,8.879199981689453
1997-12-01,9.166893005371094
1997-12-02,8.996893882751465
1997-12-03,8.839966773986816
1997-12-04,8.761507987976074
1997-12-05,8.957662582397461
1997-12-08,8.800740242004395
1997-12-09,8.853049278259277
1997-12-10,8.356125831604004
1997-12-11,8.157510757446289
1997-12-12,8.14437484741211
1997-12-15,8.013011932373047
1997-12-16,7.894785404205322
1997-12-17,7.842242240905762
1997-12-18,7.776562213897705
1997-12-19,7.513840675354004
1997-12-22,7.632062911987305
1997-12-23,7.684610366821289
1997-12-24,7.671475887298584
1997-12-26,7.526977062225342
1997-12-29,7.553248405456543
1997-12-30,7.802832126617432
1997-12-31,7.802832126617432
1998-01-02,8.0655517578125
1998-01-05,8.446503639221191
1998-01-06,8.393959999084473
1998-01-07,8.367688179016113
1998-01-08,8.459639549255371
1998-01-09,8.0655517578125
1998-01-12,7.973604679107666
1998-01-13,7.986738204956055
1998-01-14,7.986738204956055
1998-01-15,7.829109191894531
1998-01-16,7.894785404205322
1998-01-20,7.802832126617432
1998-01-21,7.671475887298584
1998-01-22,7.566382884979248
1998-01-23,7.500705242156982
1998-01-26,7.461293697357178
1998-01-27,7.540114402770996
1998-01-28,6.791356563568115
1998-01-29,7.132893085479736
1998-01-30,7.185434818267822
1998-02-02,7.343071460723877
1998-02-03,7.356206893920898
1998-02-04,7.343071460723877
1998-02-05,7.3956193923950195
1998-02-06,7.566382884979248
1998-02-09,7.632062911987305
1998-02-10,7.789696216583252
1998-02-11,7.960466861724853
1998-02-12,7.934194087982178
1998-02-13,7.9079270362854
1998-02-17,7.934194087982178
1998-02-18,7.881650447845459
1998-02-19,7.894785404205322
1998-02-20,8.0655517578125
1998-02-23,8.013011932373047
1998-02-24,8.26259708404541
1998-02-25,8.472773551940918
1998-02-26,8.589944839477539
1998-02-27,8.576748847961426
1998-03-02,8.444801330566406
1998-03-03,8.642727851867676
1998-03-04,8.603142738342285
1998-03-05,8.735091209411621
1998-03-06,8.616339683532715
1998-03-09,8.70870304107666
1998-03-10,8.695507049560547
1998-03-11,8.721892356872559
1998-03-12,8.774675369262695
1998-03-13,8.840651512145996
1998-03-16,8.774675369262695
1998-03-17,8.814260482788086
1998-03-18,8.827455520629883
1998-03-19,8.86704158782959
1998-03-20,8.972601890563965
1998-03-23,8.972601890563965
1998-03-24,9.07816219329834
1998-03-25,9.144137382507324
1998-03-26,9.22330379486084
1998-03-27,9.170525550842283
1998-03-30,9.276082992553713
1998-03-31,9.342059135437012
1998-04-01,9.183719635009766
1998-04-02,8.946211814880371
1998-04-03,8.49758243560791
1998-04-06,8.392023086547852
1998-04-07,8.392023086547852
1998-04-08,8.392023086547852
1998-04-09,8.378826141357422
1998-04-13,8.365632057189941
1998-04-14,8.312850952148438
1998-04-15,8.28646183013916
1998-04-16,8.339244842529297
1998-04-17,8.603142738342285
1998-04-20,8.457998275756836
1998-04-21,8.392023086547852
1998-04-22,8.444801330566406
1998-04-23,8.563557624816895
1998-04-24,8.444801330566406
1998-04-27,8.233681678771973
1998-04-28,8.233681678771973
1998-04-29,8.312850952148438
1998-04-30,8.444801330566406
1998-05-01,8.642727851867676
1998-05-04,8.919820785522461
1998-05-05,8.721892356872559
1998-05-06,8.774675369262695
1998-05-07,8.629535675048828
1998-05-08,8.695507049560547
1998-05-11,8.801063537597656
1998-05-12,8.827455520629883
1998-05-13,8.655921936035156
1998-05-14,8.774675369262695
1998-05-15,8.616339683532715
1998-05-18,8.655921936035156
1998-05-19,8.471190452575684
1998-05-20,8.510775566101074
1998-05-21,8.471190452575684
1998-05-22,8.52397346496582
1998-05-26,8.444801330566406
1998-05-27,8.28646183013916
1998-05-28,8.417428016662598
1998-05-29,8.364405632019043
1998-06-01,8.165566444396973
1998-06-02,8.006500244140625
1998-06-03,7.953475475311279
1998-06-04,7.966730117797852
1998-06-05,8.03300952911377
1998-06-08,8.152312278747559
1998-06-09,8.006500244140625
1998-06-10,7.807662010192871
1998-06-11,7.502780914306641
1998-06-12,7.595569610595703
1998-06-15,7.356964111328125
1998-06-16,7.211150169372559
1998-06-17,7.264174938201904
1998-06-18,7.39673376083374
1998-06-19,7.303942203521728
1998-06-22,7.290687084197998
1998-06-23,7.264174938201904
1998-06-24,7.370221138000488
1998-06-25,7.476265430450439
1998-06-26,7.476265430450439
1998-06-29,7.303942203521728
1998-06-30,7.370221138000488
1998-07-01,7.39673376083374
1998-07-02,7.423243999481201
1998-07-06,7.423243999481201
1998-07-07,7.476265430450439
1998-07-08,7.44975471496582
1998-07-09,7.2244110107421875
1998-07-10,7.237663745880127
1998-07-13,7.18463659286499
1998-07-14,7.2244110107421875
1998-07-15,7.144870281219482
1998-07-16,7.131616115570068
1998-07-17,7.1183624267578125
1998-07-20,6.999060153961182
1998-07-21,6.972545623779297
1998-07-22,6.893012046813965
1998-07-23,6.786965370178223
1998-07-24,6.5085930824279785
1998-07-27,6.3230180740356445
1998-07-28,6.36277961730957
1998-07-29,6.614640235900879
1998-07-30,6.64115047454834
1998-07-31,6.5085930824279785
1998-08-03,6.468828678131104
1998-08-04,6.309758186340332
1998-08-05,6.3230180740356445
1998-08-06,6.084409236907959
1998-08-07,6.124173641204834
1998-08-10,6.150688171386719
1998-08-11,6.190456390380859
1998-08-12,6.296502590179443
1998-08-13,6.3230180740356445
1998-08-14,6.28324556350708
1998-08-17,6.36277961730957
1998-08-18,6.521848201751709
1998-08-19,6.49533748626709
1998-08-20,6.402548313140869
1998-08-21,6.376036167144775
1998-08-24,6.402548313140869
1998-08-25,6.0976643562316895
1998-08-26,5.8590593338012695
1998-08-27,5.567432403564453
1998-08-28,5.525789260864258
1998-08-31,5.258842945098877
1998-09-01,5.125370979309082
1998-09-02,5.018589496612549
1998-09-03,5.031939029693604
1998-09-04,5.165410995483398
1998-09-08,5.352274894714356
1998-09-09,5.285538673400879
1998-09-10,5.258842945098877
1998-09-11,5.459053039550781
1998-09-14,5.525789260864258
1998-09-15,5.806084156036377
1998-09-16,5.939558506011963
1998-09-17,5.912861347198486
1998-09-18,5.752694606781006
1998-09-21,5.6859564781188965
1998-09-22,5.792735576629639
1998-09-23,6.313281536102295
1998-09-24,6.153115272521973
1998-09-25,6.219850540161133
1998-09-28,6.420059680938721
1998-09-29,6.326627731323242
1998-09-30,6.28658390045166
1998-10-01,6.00629186630249
1998-10-02,6.046335697174072
1998-10-05,5.926209926605225
1998-10-06,5.952903747558594
1998-10-07,6.073029041290283
1998-10-08,5.926209926605225
1998-10-09,6.073029041290283
1998-10-12,6.28658390045166
1998-10-13,6.153115272521973
1998-10-14,6.273239612579346
1998-10-15,6.526837348937988
1998-10-16,6.7537455558776855
1998-10-19,6.700353145599365
1998-10-20,7.794836521148682
1998-10-21,7.634665966033935
1998-10-22,7.661360740661621
1998-10-23,7.634665966033935
1998-10-26,7.5946221351623535
1998-10-27,7.421108722686768
1998-10-28,7.3143310546875
1998-10-29,7.447804927825928
1998-10-30,7.714746475219727
1998-11-02,7.888263702392578
1998-11-03,8.208600997924805
1998-11-04,8.528939247131348
1998-11-05,8.542282104492188
1998-11-06,8.435508728027344
1998-11-09,8.275338172912598
1998-11-10,8.488895416259766
1998-11-11,8.44884967803955
1998-11-12,8.475544929504395
1998-11-13,8.555633544921875
1998-11-16,8.542282104492188
1998-11-17,8.288687705993652
1998-11-18,8.368768692016602
1998-11-19,8.475544929504395
1998-11-20,8.515589714050293
1998-11-23,8.72914981842041
1998-11-24,8.755840301513672
1998-11-25,8.755840301513672
1998-11-27,8.742493629455566
1998-11-30,8.568977355957031
1998-12-01,8.64906120300293
1998-12-02,8.72914981842041
1998-12-03,8.555633544921875
1998-12-04,8.742493629455566
1998-12-07,9.009440422058104
1998-12-08,9.47659969329834
1998-12-09,9.503289222717283
1998-12-10,9.180045127868652
1998-12-11,9.515087127685549
1998-12-14,9.22024917602539
1998-12-15,8.992424964904785
1998-12-16,9.01922607421875
1998-12-17,9.381068229675291
1998-12-18,9.31406021118164
1998-12-21,9.367663383483888
1998-12-22,9.327457427978516
1998-12-23,9.381068229675291
1998-12-24,9.474878311157228
1998-12-28,9.528485298156738
1998-12-29,9.59549617767334
1998-12-30,9.59549617767334
1998-12-31,9.64909839630127
1999-01-04,9.756309509277344
1999-01-05,9.80991554260254
1999-01-06,10.41298484802246
1999-01-07,10.345974922180176
1999-01-08,10.359376907348633
1999-01-11,10.131551742553713
1999-01-12,10.158358573913574
1999-01-13,10.077947616577148
1999-01-14,9.917128562927246
1999-01-15,10.359376907348633
1999-01-19,10.69442081451416
1999-01-20,10.66761589050293
1999-01-21,10.479995727539062
1999-01-22,10.49339485168457
1999-01-25,10.372782707214355
1999-01-26,10.051138877868652
1999-01-27,10.345974922180176
1999-01-28,10.399580955505373
1999-01-29,10.453186988830566
1999-02-01,10.426385879516602
1999-02-02,10.131551742553713
1999-02-03,10.533595085144045
1999-02-04,10.46658992767334
1999-02-05,10.319178581237791
1999-02-08,10.292372703552246
1999-02-09,10.10475254058838
1999-02-10,10.198564529418944
1999-02-11,10.627411842346191
1999-02-12,10.292372703552246
1999-02-16,10.46658992767334
1999-02-17,10.439790725708008
1999-02-18,10.359376907348633
1999-02-19,10.305771827697754
1999-02-22,10.788226127624512
1999-02-23,11.686131477355955
1999-02-24,11.471708297729492
1999-02-25,11.618009567260742
1999-02-26,11.510436058044434
1999-03-01,12.155875205993652
1999-03-02,12.007956504821776
1999-03-03,11.806262016296388
1999-03-04,12.0348539352417
1999-03-05,12.196215629577637
1999-03-08,12.492051124572754
1999-03-09,12.760976791381836
1999-03-10,12.85511589050293
1999-03-11,13.056818962097168
1999-03-12,12.68030071258545
1999-03-15,12.693745613098145
1999-03-16,12.68030071258545
1999-03-17,12.908896446228027
1999-03-18,13.003019332885742
1999-03-19,12.693745613098145
1999-03-22,12.424808502197266
1999-03-23,12.061750411987305
1999-03-24,12.250006675720217
1999-03-25,12.317234992980955
1999-03-26,12.250006675720217
1999-03-29,13.110602378845217
1999-03-30,12.908896446228027
1999-03-31,12.908896446228027
1999-04-01,13.003019332885742
1999-04-05,13.097149848937988
1999-04-06,12.908896446228027
1999-04-07,13.110602378845217
1999-04-08,13.150938034057615
1999-04-09,13.110602378845217
1999-04-12,13.55434226989746
1999-04-13,13.44676685333252
1999-04-14,14.172891616821287
1999-04-15,13.23161792755127
1999-04-16,13.110602378845217
1999-04-19,12.908896446228027
1999-04-20,12.707194328308104
1999-04-21,12.908896446228027
1999-04-22,12.895451545715332
1999-04-23,13.110602378845217
1999-04-26,12.895451545715332
1999-04-27,12.814769744873049
1999-04-28,13.110602378845217
1999-04-29,12.545835494995115
1999-04-30,12.317234992980955
1999-05-03,12.344134330749512
1999-05-04,12.518940925598145
1999-05-05,12.693745613098145
1999-05-06,12.424808502197266
1999-05-07,12.505492210388184
1999-05-10,12.35757827758789
1999-05-11,12.0348539352417
1999-05-12,12.478599548339844
1999-05-13,12.35757827758789
1999-05-14,11.833155632019045
1999-05-17,11.443201065063477
1999-05-18,11.604559898376465
1999-05-19,11.41630744934082
1999-05-20,11.698688507080078
1999-05-21,11.456643104553224
1999-05-24,10.891887664794922
1999-05-25,10.327117919921877
1999-05-26,11.470093727111816
1999-05-27,11.32217788696289
1999-05-28,11.75247573852539
1999-06-01,11.940731048583984
1999-06-02,11.833155632019045
1999-06-03,11.872011184692385
1999-06-04,11.858519554138184
1999-06-07,11.8450288772583
1999-06-08,12.654483795166016
1999-06-09,12.843350410461426
1999-06-10,12.897324562072754
1999-06-11,13.018739700317385
1999-06-14,13.302044868469238
1999-06-15,13.20761013031006
1999-06-16,13.18062686920166
1999-06-17,13.342520713806152
1999-06-18,13.302044868469238
1999-06-21,13.113174438476562
1999-06-22,13.05921459197998
1999-06-23,12.991753578186035
1999-06-24,12.762408256530762
1999-06-25,12.978264808654783
1999-06-28,13.396476745605469
1999-06-29,14.071035385131836
1999-06-30,15.136816024780272
1999-07-01,15.109830856323242
1999-07-02,15.150293350219728
1999-07-06,15.271710395812988
1999-07-07,15.420119285583496
1999-07-08,15.474085807800291
1999-07-09,15.797859191894531
1999-07-12,15.811359405517578
1999-07-13,15.649465560913086
1999-07-14,15.447100639343262
1999-07-15,15.298702239990234
1999-07-16,15.379647254943848
1999-07-19,15.460598945617676
1999-07-20,15.258233070373535
1999-07-21,16.18909454345703
1999-07-22,15.770886421203612
1999-07-23,15.865317344665527
1999-07-26,15.608997344970703
1999-07-27,15.568517684936523
1999-07-28,15.528050422668455
1999-07-29,15.217750549316406
1999-07-30,15.109830856323242
1999-08-02,15.271710395812988
1999-08-03,15.05587100982666
1999-08-04,14.759058952331545
1999-08-05,15.19077491760254
1999-08-06,15.042369842529297
1999-08-09,15.150293350219728
1999-08-10,14.13848114013672
1999-08-11,14.057534217834473
1999-08-12,13.248080253601074
1999-08-13,13.94961166381836
1999-08-16,14.084513664245604
1999-08-17,14.21942901611328
1999-08-18,14.192448616027832
1999-08-19,13.89564037322998
1999-08-20,14.01706600189209
1999-08-23,14.01706600189209
1999-08-24,14.13848114013672
1999-08-25,14.65113639831543
1999-08-26,14.772550582885742
1999-08-27,14.583688735961914
1999-08-30,14.475756645202637
1999-08-31,14.354336738586426
1999-09-01,14.32735538482666
1999-09-02,14.393372535705566
1999-09-03,14.948007583618164
1999-09-07,15.326772689819336
1999-09-08,15.47558307647705
1999-09-09,15.44852352142334
1999-09-10,15.380888938903809
1999-09-13,15.137385368347168
1999-09-14,15.002116203308104
1999-09-15,14.758617401123049
1999-09-16,14.51512050628662
1999-09-17,14.67745304107666
1999-09-20,14.71803092956543
1999-09-21,14.312211990356444
1999-09-22,14.055181503295898
1999-09-23,14.176934242248535
1999-09-24,13.825210571289062
1999-09-27,14.244565963745115
1999-09-28,14.12281894683838
1999-09-29,14.285154342651367
1999-09-30,14.839783668518066
1999-10-01,14.826250076293944
1999-10-04,14.920954704284668
1999-10-05,14.74509048461914
1999-10-06,15.002116203308104
1999-10-07,14.839783668518066
1999-10-08,15.245614051818848
1999-10-11,15.299727439880373
1999-10-12,15.380888938903809
1999-10-13,14.663918495178224
1999-10-14,14.33926010131836
1999-10-15,14.203985214233398
1999-10-18,14.285154342651367
1999-10-19,14.433954238891602
1999-10-20,14.488062858581545
1999-10-21,14.501587867736816
1999-10-22,15.12386703491211
1999-10-25,14.88036060333252
1999-10-26,15.12386703491211
1999-10-27,15.164443016052246
1999-10-28,16.03020668029785
1999-10-29,17.017723083496094
1999-11-01,17.207109451293945
1999-11-02,17.044776916503906
1999-11-03,16.625425338745117
1999-11-04,17.166534423828125
1999-11-05,17.47766876220703
1999-11-08,17.761747360229492
1999-11-09,18.53282356262207
1999-11-10,18.708675384521484
1999-11-11,18.275793075561523
1999-11-12,19.560914993286133
1999-11-15,18.776309967041016
1999-11-16,19.91263771057129
1999-11-17,20.64312171936035
1999-11-18,20.886627197265625
1999-11-19,21.07600975036621
1999-11-22,21.50889587402344
1999-11-23,21.54947280883789
1999-11-24,21.468305587768555
1999-11-26,21.48183822631836
1999-11-29,21.22272109985352
1999-11-30,20.3147201538086
1999-12-01,20.870359420776367
1999-12-02,21.154953002929688
1999-12-03,22.605039596557617
1999-12-06,22.76766586303711
1999-12-07,22.82187461853028
1999-12-08,23.25216484069824
1999-12-09,25.09863471984864
1999-12-10,25.369678497314453
1999-12-13,25.82367706298828
1999-12-14,24.55655670166016
1999-12-15,22.8760929107666
1999-12-16,23.58080101013184
1999-12-17,24.393932342529297
1999-12-20,24.800493240356445
1999-12-21,24.42102813720703
1999-12-22,25.749135971069336
1999-12-23,26.68425750732422
1999-12-27,26.02020072937012
1999-12-28,26.589380264282227
1999-12-29,26.914627075195312
1999-12-30,26.4403133392334
1999-12-31,27.95815658569336
2000-01-03,26.41321563720703
2000-01-04,23.85185813903809
2000-01-05,23.30975341796875
2000-01-06,22.76766586303711
2000-01-07,25.342578887939453
2000-01-10,25.586503982543945
2000-01-11,23.296201705932617
2000-01-12,22.49662208557129
2000-01-13,25.315475463867188
2000-01-14,24.28550338745117
2000-01-18,27.21278190612793
2000-01-19,28.98812294006348
2000-01-20,33.77203750610352
2000-01-21,35.12725067138672
2000-01-24,33.60940170288086
2000-01-25,32.79628372192383
2000-01-26,33.82624816894531
2000-01-27,35.12725067138672
2000-01-28,31.874725341796875
2000-01-31,33.4467887878418
2000-02-01,31.928939819335938
2000-02-02,32.145774841308594
2000-02-03,33.4467887878418
2000-02-04,35.75064468383789
2000-02-07,35.91328811645508
2000-02-08,36.82128143310547
2000-02-09,35.777767181396484
2000-02-10,37.18719100952149
2000-02-11,35.94039535522461
2000-02-14,39.03028869628906
2000-02-15,38.10874176025391
2000-02-16,38.596622467041016
2000-02-17,41.42903900146485
2000-02-18,41.91691589355469
2000-02-22,41.198638916015625
2000-02-23,40.81917572021485
2000-02-24,41.68650436401367
2000-02-25,40.72432327270508
2000-02-28,38.97608184814453
2000-02-29,40.76496124267578
2000-03-01,44.01747512817383
2000-03-02,44.68052291870117
2000-03-03,44.54486846923828
2000-03-06,45.49435424804688
2000-03-07,42.754390716552734
2000-03-08,40.99103927612305
2000-03-09,41.5098762512207
2000-03-10,41.56072616577149
2000-03-13,40.05510330200195
2000-03-14,38.739376068115234
2000-03-15,36.948917388916016
2000-03-16,37.84413909912109
2000-03-17,41.09955978393555
2000-03-20,42.754390716552734
2000-03-21,41.66926574707031
2000-03-22,44.27358627319336
2000-03-23,47.732452392578125
2000-03-24,46.52525329589844
2000-03-27,45.35871124267578
2000-03-28,44.44992446899414
2000-03-29,42.86289596557617
2000-03-30,40.8011589050293
2000-03-31,42.103309631347656
2000-04-03,39.26839065551758
2000-04-04,36.46059799194336
2000-04-05,36.02653121948242
2000-04-06,38.11541748046875
2000-04-07,42.53736114501953
2000-04-10,41.05884552001953
2000-04-11,36.948917388916016
2000-04-12,33.42221450805664
2000-04-13,33.20857620239258
2000-04-14,31.25193214416504
2000-04-17,32.22856140136719
2000-04-18,34.12754821777344
2000-04-19,34.724388122558594
2000-04-20,33.01529693603516
2000-04-24,32.7711296081543
2000-04-25,38.41384506225586
2000-04-26,39.22769546508789
2000-04-27,41.22162628173828
2000-04-28,42.86289596557617
2000-05-01,43.29694747924805
2000-05-02,41.62857055664063
2000-05-03,39.28194046020508
2000-05-04,39.417598724365234
2000-05-05,41.03173065185547
2000-05-08,39.7973861694336
2000-05-09,38.68513107299805
2000-05-10,37.49147415161133
2000-05-11,39.39046096801758
2000-05-12,40.7401123046875
2000-05-15,38.902137756347656
2000-05-16,42.0490608215332
2000-05-17,42.42885208129883
2000-05-18,42.60517501831055
2000-05-19,39.59391784667969
2000-05-22,38.41384506225586
2000-05-23,35.59247970581055
2000-05-24,36.8946533203125
2000-05-25,37.54573440551758
2000-05-26,36.46059799194336
2000-05-30,40.15007400512695
2000-05-31,41.88628768920898
2000-06-01,42.25123596191406
2000-06-02,45.3739128112793
2000-06-05,45.83551025390625
2000-06-06,47.19320297241211
2000-06-07,45.88983154296875
2000-06-08,46.269981384277344
2000-06-09,46.052734375
2000-06-12,50.61458206176758
2000-06-13,54.09025192260742
2000-06-14,51.48346710205078
2000-06-15,54.25320053100586
2000-06-16,53.43855667114258
2000-06-19,55.01348876953125
2000-06-20,52.854774475097656
2000-06-21,53.05841064453125
2000-06-22,52.135196685791016
2000-06-23,52.135196685791016
2000-06-26,56.52052307128906
2000-06-27,55.01348876953125
2000-06-28,57.50485229492188
2000-06-29,57.34868621826172
2000-06-30,57.34868621826172
2000-07-03,59.41240692138672
2000-07-05,55.96385192871094
2000-07-06,53.8730354309082
2000-07-07,55.760231018066406
2000-07-10,53.92733383178711
2000-07-11,54.41611099243164
2000-07-12,55.1764030456543
2000-07-13,56.26255798339844
2000-07-14,58.00040435791016
2000-07-17,59.79255294799805
2000-07-18,59.56176376342773
2000-07-19,58.502742767333984
2000-07-20,59.8740119934082
2000-07-21,61.530372619628906
2000-07-24,54.30749130249024
2000-07-25,56.26255798339844
2000-07-26,56.07247161865234
2000-07-27,54.03595733642578
2000-07-28,50.5602912902832
2000-07-31,51.04902648925781
2000-08-01,50.76393127441406
2000-08-02,52.09443283081055
2000-08-03,53.92733383178711
2000-08-04,58.00040435791016
2000-08-07,59.62959289550781
2000-08-08,62.23640060424805
2000-08-09,59.92830657958984
2000-08-10,59.22231674194336
2000-08-11,59.73823165893555
2000-08-14,61.06878280639648
2000-08-15,59.846866607666016
2000-08-16,62.99667739868164
2000-08-17,63.21392822265625
2000-08-18,65.1554183959961
2000-08-21,65.11468505859375
2000-08-22,65.27762603759766
2000-08-23,64.3543472290039
2000-08-24,65.20972442626953
2000-08-25,65.49483489990234
2000-08-28,67.66714477539062
2000-08-29,67.25983428955078
2000-08-30,71.68586730957031
2000-08-31,71.29031372070312
2000-09-01,73.89849853515625
2000-09-05,71.29031372070312
2000-09-06,67.82630920410156
2000-09-07,69.38849639892578
2000-09-08,66.26412200927734
2000-09-11,64.33513641357422
2000-09-12,62.59635925292969
2000-09-13,62.16168594360352
2000-09-14,65.85663604736328
2000-09-15,64.8785629272461
2000-09-18,63.139766693115234
2000-09-19,66.9433364868164
2000-09-20,68.57341003417969
2000-09-21,63.465782165527344
2000-09-22,69.52433776855469
2000-09-25,69.98622131347656
2000-09-26,70.6382827758789
2000-09-27,67.37804412841797
2000-09-28,65.42191314697266
2000-09-29,64.76985931396484
2000-10-02,64.0634536743164
2000-10-03,63.03105545043945
2000-10-04,63.4929313659668
2000-10-05,63.20764923095703
2000-10-06,58.96934509277344
2000-10-09,60.6402473449707
2000-10-10,55.42388534545898
2000-10-11,54.20127487182617
2000-10-12,56.0759162902832
2000-10-13,60.5587272644043
2000-10-16,64.1042251586914
2000-10-17,63.24839782714844
2000-10-18,58.27658081054688
2000-10-19,62.06661987304688
2000-10-20,69.07610321044922
2000-10-23,66.14185333251953
2000-10-24,60.96623229980469
2000-10-25,50.126014709472656
2000-10-26,45.643184661865234
2000-10-27,49.55545425415039
2000-10-30,46.29523468017578
2000-10-31,49.88147735595703
2000-11-01,48.0068588256836
2000-11-02,46.45824813842773
2000-11-03,47.68083190917969
2000-11-06,45.96921157836914
2000-11-07,44.74663162231445
2000-11-08,40.10079956054688
2000-11-09,41.73090362548828
2000-11-10,39.20423126220703
2000-11-13,38.47068405151367
2000-11-14,43.36104583740234
2000-11-15,44.17607498168945
2000-11-16,41.60865783691406
2000-11-17,40.50832748413086
2000-11-20,38.67445755004883
2000-11-21,42.09769058227539
2000-11-22,41.24187850952149
2000-11-24,44.01308059692383
2000-11-27,41.93468475341797
2000-11-28,39.774784088134766
2000-11-29,40.58983612060547
2000-11-30,38.14466857910156
2000-12-01,39.73402404785156
2000-12-04,40.10079956054688
2000-12-05,45.07264709472656
2000-12-06,45.48017120361328
2000-12-07,46.66201019287109
2000-12-08,49.88147735595703
2000-12-11,52.00062561035156
2000-12-12,48.86265182495117
2000-12-13,47.27330017089844
2000-12-14,45.680999755859375
2000-12-15,45.680999755859375
2000-12-18,42.09178161621094
2000-12-19,40.66423797607422
2000-12-20,36.2592887878418
2000-12-21,35.56589889526367
2000-12-22,36.70794677734375
2000-12-26,36.09613800048828
2000-12-27,35.19883346557617
2000-12-28,35.851436614990234
2000-12-29,34.46467208862305
2001-01-02,30.91624641418457
2001-01-03,36.177711486816406
2001-01-04,36.05534362792969
2001-01-05,32.71085739135742
2001-01-08,34.46467208862305
2001-01-09,34.42388916015625
2001-01-10,37.1973762512207
2001-01-11,38.5025520324707
2001-01-12,39.72614288330078
2001-01-16,39.11436080932617
2001-01-17,41.72468185424805
2001-01-18,44.94684600830078
2001-01-19,45.109981536865234
2001-01-22,44.131103515625
2001-01-23,45.680999755859375
2001-01-24,45.762577056884766
2001-01-25,36.70794677734375
2001-01-26,35.89221954345703
2001-01-29,37.68680953979492
2001-01-30,37.90217590332031
2001-01-31,37.00813293457031
2001-02-01,35.56589889526367
2001-02-02,33.334068298339844
2001-02-05,33.777835845947266
2001-02-06,32.46612548828125
2001-02-07,30.345224380493164
2001-02-08,28.093809127807617
2001-02-09,26.72991180419922
2001-02-12,27.212825775146484
2001-02-13,25.809764862060547
2001-02-14,25.385574340820312
2001-02-15,27.415117263793945
2001-02-16,21.53532600402832
2001-02-20,19.61019515991211
2001-02-21,19.773340225219727
2001-02-22,20.562971115112305
2001-02-23,21.665847778320312
2001-02-26,21.189451217651367
2001-02-27,18.69658851623535
2001-02-28,17.685073852539062
2001-03-01,19.78451156616211
2001-03-02,18.11673164367676
2001-03-05,19.32668876647949
2001-03-06,20.275041580200195
2001-03-07,19.68641471862793
2001-03-08,18.63996315002441
2001-03-09,17.665447235107422
2001-03-12,15.324003219604492
2001-03-13,16.08922576904297
2001-03-14,15.683727264404297
2001-03-15,15.631402969360352
2001-03-16,15.160494804382324
2001-03-19,16.481645584106445
2001-03-20,15.670649528503418
2001-03-21,15.736047744750977
2001-03-22,16.02382469177246
2001-03-23,15.605238914489746
2001-03-26,15.762210845947266
2001-03-27,16.344289779663086
2001-03-28,14.04210376739502
2001-03-29,13.067598342895508
2001-03-30,13.53195858001709
2001-04-02,13.015273094177246
2001-04-03,12.099621772766112
2001-04-04,12.42663860321045
2001-04-05,13.564656257629396
2001-04-06,12.655553817749023
2001-04-09,12.825597763061523
2001-04-10,14.51954746246338
2001-04-11,14.2579345703125
2001-04-12,15.664106369018556
2001-04-16,14.650358200073242
2001-04-17,14.97736644744873
2001-04-18,16.311599731445312
2001-04-19,17.312273025512695
2001-04-20,17.46269989013672
2001-04-23,15.108168601989746
2001-04-24,14.846566200256348
2001-04-25,14.37565803527832
2001-04-26,13.734704971313477
2001-04-27,13.571192741394045
2001-04-30,14.369117736816406
2001-05-01,14.748457908630373
2001-05-02,16.350839614868164
2001-05-03,14.97736644744873
2001-05-04,15.042783737182615
2001-05-07,15.304384231567385
2001-05-08,15.44827365875244
2001-05-09,15.101637840270996
2001-05-10,14.879266738891602
2001-05-11,14.454144477844238
2001-05-14,13.917834281921388
2001-05-15,13.47309112548828
2001-05-16,13.898216247558594
2001-05-17,13.767411231994627
2001-05-18,13.695469856262209
2001-05-21,14.81386375427246
2001-05-22,15.304384231567385
2001-05-23,14.630733489990234
2001-05-24,14.454144477844238
2001-05-25,14.09442901611328
2001-05-29,13.518874168395996
2001-05-30,12.400477409362791
2001-05-31,12.413597106933594
2001-06-01,12.64979362487793
2001-06-04,12.43327808380127
2001-06-05,13.155003547668455
2001-06-06,12.807265281677246
2001-06-07,12.728537559509276
2001-06-08,12.380797386169434
2001-06-11,12.1708402633667
2001-06-12,11.862468719482422
2001-06-13,11.38350772857666
2001-06-14,10.49775505065918
2001-06-15,9.513594627380373
2001-06-18,8.791869163513184
2001-06-19,8.654085159301758
2001-06-20,8.52942943572998
2001-06-21,9.507033348083496
2001-06-22,9.74323558807373
2001-06-25,9.821967124938965
2001-06-26,9.362689018249512
2001-06-27,9.612009048461914
2001-06-28,10.366539001464844
2001-06-29,10.963595390319824
2001-07-02,11.022648811340332
2001-07-03,11.153870582580566
2001-07-05,10.136898040771484
2001-07-06,9.926942825317385
2001-07-09,9.90725803375244
2001-07-10,9.264269828796388
2001-07-11,9.198662757873535
2001-07-12,9.546399116516112
2001-07-13,9.539839744567873
2001-07-16,9.19210147857666
2001-07-17,9.16585636138916
2001-07-18,8.909972190856934
2001-07-19,9.054315567016602
2001-07-20,8.942777633666992
2001-07-23,9.028072357177734
2001-07-24,8.864041328430176
2001-07-25,9.03463077545166
2001-07-26,10.209071159362791
2001-07-27,10.510879516601562
2001-07-30,10.386216163635254
2001-07-31,10.27467918395996
2001-08-01,10.491198539733888
2001-08-02,10.62897777557373
2001-08-03,10.943914413452148
2001-08-06,11.035764694213867
2001-08-07,10.642104148864746
2001-08-08,10.39934253692627
2001-08-09,10.405902862548828
2001-08-10,10.622421264648438
2001-08-13,10.812689781188965
2001-08-14,10.038481712341309
2001-08-15,9.789164543151855
2001-08-16,9.874455451965332
2001-08-17,9.81540298461914
2001-08-20,9.507033348083496
2001-08-21,9.447982788085938
2001-08-22,9.35612678527832
2001-08-23,9.57264232635498
2001-08-24,10.28780460357666
2001-08-27,10.386216163635254
2001-08-28,10.09753131866455
2001-08-29,9.57920265197754
2001-08-30,7.906124114990234
2001-08-31,7.879882335662842
2001-09-04,7.302505016326904
2001-09-05,6.987570285797119
2001-09-06,7.158160209655762
2001-09-07,7.184403896331787
2001-09-10,6.823544502258301
2001-09-17,6.692319869995117
2001-09-18,6.561099529266357
2001-09-19,6.639830112457275
2001-09-20,6.114945888519287
2001-09-21,5.983721733093262
2001-09-24,6.587343215942383
2001-09-25,6.318336486816406
2001-09-26,6.055891513824463
2001-09-27,5.478517532348633
2001-09-28,5.786887168884277
2001-10-01,5.675349235534668
2001-10-02,5.819694519042969
2001-10-03,5.904989242553711
2001-10-04,5.052046775817871
2001-10-05,5.03892183303833
2001-10-08,4.822407245635986
2001-10-09,4.599331378936768
2001-10-10,4.94706916809082
2001-10-11,5.85250186920166
2001-10-12,5.911552429199219
2001-10-15,5.904989242553711
2001-10-16,5.609739780426025
2001-10-17,5.353857040405273
2001-10-18,5.262001991271973
2001-10-19,5.183269500732422
2001-10-22,5.281684398651123
2001-10-23,5.426030158996582
2001-10-24,5.360418319702148
2001-10-25,5.721278667449951
2001-10-26,5.662230491638184
2001-10-29,5.642547130584717
2001-10-30,5.314488887786865
2001-10-31,5.28824520111084
2001-11-01,5.15045976638794
2001-11-02,5.15045976638794
2001-11-05,5.458835601806641
2001-11-06,5.609739780426025
2001-11-07,5.740960597991943
2001-11-08,5.078291893005371
2001-11-09,4.973311424255371
2001-11-12,5.052046775817871
2001-11-13,5.242318630218506
2001-11-14,5.681911468505859
2001-11-15,5.904989242553711
2001-11-16,6.593903064727783
2001-11-19,6.705442905426025
2001-11-20,6.265850067138672
2001-11-21,6.462682723999023
2001-11-23,6.712002754211426
2001-11-26,6.712002754211426
2001-11-27,6.698883533477783
2001-11-28,6.1608710289001465
2001-11-29,6.167434215545654
2001-11-30,6.187115669250488
2001-12-03,5.872182369232178
2001-12-04,6.226485252380371
2001-12-05,6.626711368560791
2001-12-06,6.718566417694092
2001-12-07,6.370827674865723
2001-12-10,6.462682723999023
2001-12-11,6.757933139801025
2001-12-12,6.639830112457275
2001-12-13,5.872182369232178
2001-12-14,5.734400749206543
2001-12-17,5.583495616912842
2001-12-18,5.609739780426025
2001-12-19,5.576935291290283
2001-12-20,5.544127941131592
2001-12-21,5.603180408477783
2001-12-24,5.517882347106934
2001-12-26,5.445715427398682
2001-12-27,5.557250499725342
2001-12-28,5.904989242553711
2001-12-31,5.85250186920166
2002-01-02,6.023089408874512
2002-01-03,6.364268779754639
2002-01-04,7.020377159118652
2002-01-07,6.89571475982666
2002-01-08,6.876032829284668
2002-01-09,6.889154434204102
2002-01-10,6.771055698394775
2002-01-11,6.613584518432617
2002-01-14,6.436437129974365
2002-01-15,6.443001747131348
2002-01-16,5.878746509552002
2002-01-17,5.891866207122803
2002-01-18,5.662230491638184
2002-01-22,5.550690174102783
2002-01-23,5.458835601806641
2002-01-24,5.557250499725342
2002-01-25,5.314488887786865
2002-01-28,5.347295761108398
2002-01-29,5.058608531951904
2002-01-30,5.301368713378906
2002-01-31,5.22919511795044
2002-02-01,4.986437797546387
2002-02-04,4.65838098526001
2002-02-05,4.1006855964660645
2002-02-06,4.395934581756592
2002-02-07,4.2253499031066895
2002-02-08,4.933946132659912
2002-02-11,5.412906169891357
2002-02-12,5.2751240730285645
2002-02-13,4.7896013259887695
2002-02-14,4.65838098526001
2002-02-15,4.599331378936768
2002-02-19,4.474669933319092
2002-02-20,4.448426246643066
2002-02-21,4.277835369110107
2002-02-22,4.336885452270508
2002-02-25,4.553402900695801
2002-02-26,4.507474422454834
2002-02-27,4.533720970153809
2002-02-28,4.415620803833008
2002-03-01,4.395934581756592
2002-03-04,4.855213642120361
2002-03-05,4.723991394042969
2002-03-06,5.255439758300781
2002-03-07,5.124218463897705
2002-03-08,5.15045976638794
2002-03-11,5.839376926422119
2002-03-12,5.314488887786865
2002-03-13,5.24887752532959
2002-03-14,5.189828872680664
2002-03-15,5.130779266357422
2002-03-18,5.268562316894531
2002-03-19,5.084850788116455
2002-03-20,4.94706916809082
2002-03-21,4.88801908493042
2002-03-22,4.828968048095703
2002-03-25,4.632134914398193
2002-03-26,4.7567973136901855
2002-03-27,4.776479721069336
2002-03-28,4.999557495117188
2002-04-01,5.1045355796813965
2002-04-02,4.835529804229736
2002-04-03,4.632134914398193
2002-04-04,4.592769622802734
2002-04-05,4.454986095428467
2002-04-08,4.605889797210693
2002-04-09,4.566523551940918
2002-04-10,4.520596504211426
2002-04-11,4.336885452270508
2002-04-12,4.494353294372559
2002-04-15,4.481232166290283
2002-04-16,4.881458759307861
2002-04-17,5.012680530548096
2002-04-18,4.881458759307861
2002-04-19,4.868335247039795
2002-04-22,4.592769622802734
2002-04-23,4.461546421051025
2002-04-24,4.330326557159424
2002-04-25,4.481232166290283
2002-04-26,4.192542552947998
2002-04-29,4.376253128051758
2002-04-30,4.38937520980835
2002-05-01,4.422178268432617
2002-05-02,4.395934581756592
2002-05-03,4.395934581756592
2002-05-06,4.290959358215332
2002-05-07,4.1072492599487305
2002-05-08,4.448426246643066
2002-05-09,4.336885452270508
2002-05-10,4.185981273651123
2002-05-13,4.002270221710205
2002-05-14,4.23190975189209
2002-05-15,4.08756685256958
2002-05-16,4.08756685256958
2002-05-17,4.08756685256958
2002-05-20,3.936658143997192
2002-05-21,3.864487171173096
2002-05-22,3.851363658905029
2002-05-23,3.707020521163941
2002-05-24,3.661093235015869
2002-05-28,3.5429935455322266
2002-05-29,3.497066736221313
2002-05-30,3.3461599349975586
2002-05-31,3.149326801300049
2002-06-03,2.939373254776001
2002-06-04,2.965617179870605
2002-06-05,3.0443506240844727
2002-06-06,2.92625093460083
2002-06-07,2.939373254776001
2002-06-10,2.604756593704224
2002-06-11,2.558828592300415
2002-06-12,2.539145946502685
2002-06-13,2.591634750366211
2002-06-14,2.5522677898406982
2002-06-17,2.735978603363037
2002-06-18,2.735978603363037
2002-06-19,2.604756593704224
2002-06-20,2.558828592300415
2002-06-21,2.5457067489624023
2002-06-24,2.46041226387024
2002-06-25,2.486655712127685
2002-06-26,2.1192355155944824
2002-06-27,2.066746234893799
2002-06-28,2.329190492630005
2002-07-01,2.2635788917541504
2002-07-02,2.329190492630005
2002-07-03,2.329190492630005
2002-07-05,2.3619956970214844
2002-07-08,2.4932188987731934
2002-07-09,2.46041226387024
2002-07-10,2.414484024047852
2002-07-11,2.4932188987731934
2002-07-12,2.4407293796539307
2002-07-15,2.565389633178711
2002-07-16,2.624438762664795
2002-07-17,2.703172445297241
2002-07-18,2.650684356689453
2002-07-19,2.3619956970214844
2002-07-22,2.152040481567383
2002-07-23,2.0798680782318115
2002-07-24,2.1717233657836914
2002-07-25,2.0011351108551025
2002-07-26,1.91584062576294
2002-07-29,2.066746234893799
2002-07-30,1.6205912828445437
2002-07-31,1.0497759580612185
2002-08-01,1.0235315561294556
2002-08-02,1.1219477653503418
2002-08-05,1.0628982782363892
2002-08-06,1.0497759580612185
2002-08-07,1.0497759580612185
2002-08-08,1.030092477798462
2002-08-09,1.0104094743728638
2002-08-12,1.0432149171829224
2002-08-13,1.030092477798462
2002-08-14,1.01697039604187
2002-08-15,1.030092477798462
2002-08-16,1.0432149171829224
2002-08-19,1.0628982782363892
2002-08-20,1.1744368076324463
2002-08-21,1.1678755283355713
2002-08-22,1.3122193813323977
2002-08-23,1.2859755754470823
2002-08-26,1.4565640687942505
2002-08-27,1.502491474151611
2002-08-28,1.2794142961502075
2002-08-29,1.358146905899048
2002-08-30,1.3122193813323977
2002-09-03,1.2728533744812012
2002-09-04,1.3647089004516602
2002-09-05,1.3450253009796145
2002-09-06,1.3843915462493896
2002-09-09,1.3778311014175415
2002-09-10,1.4040753841400146
2002-09-11,1.4106367826461792
2002-09-12,1.3647089004516602
2002-09-13,1.3187810182571411
2002-09-16,1.2859755754470823
2002-09-17,1.220364689826965
2002-09-18,1.161314845085144
2002-09-19,1.1153866052627563
2002-09-20,1.2072420120239258
2002-09-23,1.1481924057006836
2002-09-24,1.1022650003433228
2002-09-25,1.1088258028030396
2002-09-26,1.082581639289856
2002-09-27,0.9579203128814696
2002-09-30,1.0497759580612185
2002-10-01,1.0497759580612185
2002-10-02,1.0366536378860474
2002-10-03,0.8923094868659973
2002-10-04,0.8726263642311096
2002-10-07,0.8726263642311096
2002-10-08,0.7217207551002502
2002-10-09,0.8070151805877686
2002-10-10,0.8791872262954712
2002-10-11,0.9710425734519958
2002-10-14,0.9513598680496216
2002-10-15,1.082581639289856
2002-10-16,0.9972873330116272
2002-10-17,1.0563374757766724
2002-10-18,1.01697039604187
2002-10-21,1.082581639289856
2002-10-22,1.0563374757766724
2002-10-23,1.1219477653503418
2002-10-24,1.3122193813323977
2002-10-25,1.2925364971160889
2002-10-28,1.3253421783447266
2002-10-29,1.233486533164978
2002-10-30,1.3253421783447266
2002-10-31,1.2269253730773926
2002-11-01,1.3515862226486206
2002-11-04,1.4106367826461792
2002-11-05,1.5156139135360718
2002-11-06,1.8436689376831048
2002-11-07,1.719008207321167
2002-11-08,1.5746634006500244
2002-11-11,1.417197823524475
2002-11-12,1.6993248462677002
2002-11-13,1.928964614868164
2002-11-14,2.2110891342163086
2002-11-15,2.224213123321533
2002-11-18,2.4932188987731934
2002-11-19,2.591634750366211
2002-11-20,2.76878309249878
2002-11-21,2.985300779342652
2002-11-22,2.6966123580932617
2002-11-25,2.6900506019592285
2002-11-26,2.46041226387024
2002-11-27,2.703172445297241
2002-11-29,2.906566858291626
2002-12-02,3.2739877700805664
2002-12-03,2.9524946212768555
2002-12-04,2.775345087051392
2002-12-05,2.591634750366211
2002-12-06,2.5260233879089355
2002-12-09,2.2110891342163086
2002-12-10,2.46041226387024
2002-12-11,2.624438762664795
2002-12-12,2.565389633178711
2002-12-13,2.466973066329956
2002-12-16,2.558828592300415
2002-12-17,2.447291135787964
2002-12-18,2.3554346561431885
2002-12-19,2.197967290878296
2002-12-20,2.132357358932495
2002-12-23,2.197967290878296
2002-12-24,2.132357358932495
2002-12-26,2.047063112258911
2002-12-27,2.1126749515533447
2002-12-30,2.040501594543457
2002-12-31,2.1717233657836914
2003-01-02,2.46041226387024
2003-01-03,2.4997787475585938
2003-01-06,2.591634750366211
2003-01-07,2.6310009956359863
2003-01-08,2.47353458404541
2003-01-09,2.7884676456451416
2003-01-10,2.959054708480835
2003-01-13,3.024667501449585
2003-01-14,3.0968387126922607
2003-01-15,3.0902791023254395
2003-01-16,2.722857713699341
2003-01-17,2.814711570739746
2003-01-21,2.6900506019592285
2003-01-22,2.67036771774292
2003-01-23,2.860639333724976
2003-01-24,2.624438762664795
2003-01-27,2.5850729942321777
2003-01-28,2.7294178009033203
2003-01-29,2.854077100753784
2003-01-30,2.709733247756958
2003-01-31,2.6769285202026367
2003-02-03,2.6900506019592285
2003-02-04,2.6375620365142822
2003-02-05,2.650684356689453
2003-02-06,2.755662202835083
2003-02-07,2.998422622680664
2003-02-10,3.5429935455322266
2003-02-11,3.503627300262451
2003-02-12,3.247743844985962
2003-02-13,3.3133556842803955
2003-02-14,3.3986496925354004
2003-02-18,3.444577217102051
2003-02-19,3.4183311462402344
2003-02-20,3.372403860092163
2003-02-21,3.2739877700805664
2003-02-24,3.2083775997161865
2003-02-25,3.175571918487549
2003-02-26,3.1099612712860107
2003-02-27,3.149326801300049
2003-02-28,3.228060722351074
2003-03-03,3.3461599349975586
2003-03-04,3.2936716079711914
2003-03-05,3.529871702194214
2003-03-06,3.6086056232452393
2003-03-07,3.798875093460083
2003-03-10,3.628290891647339
2003-03-11,3.588921308517456
2003-03-12,3.562675952911377
2003-03-13,3.739826202392578
2003-03-14,3.864487171173096
2003-03-17,3.8054394721984863
2003-03-18,3.936658143997192
2003-03-19,4.1006855964660645
2003-03-20,4.03507661819458
2003-03-21,4.015392303466797
2003-03-24,3.87104845046997
2003-03-25,3.864487171173096
2003-03-26,3.936658143997192
2003-03-27,3.9497811794281006
2003-03-28,3.936658143997192
2003-03-31,3.831681251525879
2003-04-01,3.844803333282471
2003-04-02,3.87104845046997
2003-04-03,3.838244199752808
2003-04-04,3.7726316452026367
2003-04-07,3.838244199752808
2003-04-08,3.7726316452026367
2003-04-09,3.6414098739624015
2003-04-10,3.8054394721984863
2003-04-11,3.7267041206359854
2003-04-14,3.8054394721984863
2003-04-15,3.923538208007813
2003-04-16,3.8054394721984863
2003-04-17,3.936658143997192
2003-04-21,4.008830547332764
2003-04-22,4.074442386627197
2003-04-23,3.857929229736328
2003-04-24,3.818558692932129
2003-04-25,3.766070604324341
2003-04-28,3.720144033432007
2003-04-29,3.556116342544556
2003-04-30,3.556116342544556
2003-05-01,3.5692379474639893
2003-05-02,3.562675952911377
2003-05-05,3.687337875366211
2003-05-06,3.739826202392578
2003-05-07,3.87104845046997
2003-05-08,3.785753726959229
2003-05-09,3.87104845046997
2003-05-12,3.923538208007813
2003-05-13,4.03507661819458
2003-05-14,4.1072492599487305
2003-05-15,4.074442386627197
2003-05-16,4.126930236816406
2003-05-19,3.943220615386963
2003-05-20,3.923538208007813
2003-05-21,3.759509801864624
2003-05-22,3.936658143997192
2003-05-23,3.9497811794281006
2003-05-27,4.218785762786865
2003-05-28,4.133492469787598
2003-05-29,4.487791061401367
2003-05-30,4.796163558959961
2003-06-02,4.796163558959961
2003-06-03,4.612452507019043
2003-06-04,5.058608531951904
2003-06-05,5.183269500732422
2003-06-06,5.15045976638794
2003-06-09,5.052046775817871
2003-06-10,5.052046775817871
2003-06-11,5.183269500732422
2003-06-12,5.1373395919799805
2003-06-13,4.986437797546387
2003-06-16,5.091413497924805
2003-06-17,5.189828872680664
2003-06-18,5.216074466705322
2003-06-19,5.262001991271973
2003-06-20,5.183269500732422
2003-06-23,4.7896013259887695
2003-06-24,4.67806339263916
2003-06-25,4.8158464431762695
2003-06-26,4.914263248443604
2003-06-27,4.920824527740479
2003-06-30,4.848652362823486
2003-07-01,4.894582271575928
2003-07-02,5.091413497924805
2003-07-03,5.032362937927246
2003-07-07,5.189828872680664
2003-07-08,5.485078811645508
2003-07-09,5.734400749206543
2003-07-10,5.485078811645508
2003-07-11,5.576935291290283
2003-07-14,5.504762649536133
2003-07-15,5.537566184997559
2003-07-16,5.380101203918457
2003-07-17,4.940509796142578
2003-07-18,5.012680530548096
2003-07-21,4.927384853363037
2003-07-22,5.399783134460449
2003-07-23,5.695034980773926
2003-07-24,5.28824520111084
2003-07-25,5.327611923217773
2003-07-28,5.281684398651123
2003-07-29,5.196389198303223
2003-07-30,5.24887752532959
2003-07-31,5.34073543548584
2003-08-01,5.366979598999023
2003-08-04,5.196389198303223
2003-08-05,4.933946132659912
2003-08-06,4.763357639312744
2003-08-07,4.8158464431762695
2003-08-08,4.835529804229736
2003-08-11,4.88801908493042
2003-08-12,5.006119728088379
2003-08-13,5.176707744598389
2003-08-14,5.222635746002197
2003-08-15,5.242318630218506
2003-08-18,5.34073543548584
2003-08-19,5.380101203918457
2003-08-20,5.498201370239258
2003-08-21,5.485078811645508
2003-08-22,5.386663436889648
2003-08-25,5.294806480407715
2003-08-26,5.380101203918457
2003-08-27,5.485078811645508
2003-08-28,5.406344890594482
2003-08-29,5.412906169891357
2003-09-02,5.439150333404541
2003-09-03,5.65566349029541
2003-09-04,5.616301536560059
2003-09-05,5.747521877288818
2003-09-08,5.924672603607178
2003-09-09,5.845935821533203
2003-09-10,5.57037353515625
2003-09-11,5.596618175506592
2003-09-12,5.635984897613525
2003-09-15,5.721278667449951
2003-09-16,6.062455654144287
2003-09-17,6.1346282958984375
2003-09-18,6.383948802947998
2003-09-19,6.561099529266357
2003-09-22,6.364268779754639
2003-09-23,6.239607810974121
2003-09-24,6.187115669250488
2003-09-25,5.91810941696167
2003-09-26,5.911552429199219
2003-09-29,6.298653602600098
2003-09-30,6.180558204650879
2003-10-01,6.1346282958984375
2003-10-02,6.233043670654297
2003-10-03,6.429875373840332
2003-10-06,6.698883533477783
2003-10-07,6.967886447906494
2003-10-08,6.9613237380981445
2003-10-09,7.066303730010986
2003-10-10,7.184403896331787
2003-10-13,7.250012874603271
2003-10-14,7.322186470031738
2003-10-15,7.184403896331787
2003-10-16,7.2172112464904785
2003-10-17,7.2172112464904785
2003-10-20,7.079428195953369
2003-10-21,7.072863578796387
2003-10-22,6.823544502258301
2003-10-23,6.9547648429870605
2003-10-24,6.816984176635742
2003-10-27,7.066303730010986
2003-10-28,7.381237506866455
2003-10-29,7.400920391082764
2003-10-30,7.30906343460083
2003-10-31,7.2040863037109375
2003-11-03,7.374675750732422
2003-11-04,7.656802654266357
2003-11-05,7.722414016723633
2003-11-06,7.879882335662842
2003-11-07,7.873316287994385
2003-11-10,7.814266681671143
2003-11-11,7.578068733215332
2003-11-12,7.669924259185791
2003-11-13,7.709291934967041
2003-11-14,7.604313850402832
2003-11-17,7.282819747924805
2003-11-18,6.915398597717285
2003-11-19,7.177842617034912
2003-11-20,7.112232685089111
2003-11-21,7.125351905822754
2003-11-24,7.453408241271973
2003-11-25,7.492778301239014
2003-11-26,7.5124592781066895
2003-11-28,7.525582790374756
2003-12-01,7.578068733215332
2003-12-02,7.400920391082764
2003-12-03,7.243453502655029
2003-12-04,7.118793487548828
2003-12-05,6.908840656280518
2003-12-08,6.856345176696777
2003-12-09,6.488924503326416
2003-12-10,6.613584518432617
2003-12-11,6.889154434204102
2003-12-12,7.072863578796387
2003-12-15,7.085987091064453
2003-12-16,6.718566417694092
2003-12-17,6.561099529266357
2003-12-18,6.92195987701416
2003-12-19,6.843226432800293
2003-12-22,6.797299385070801
2003-12-23,6.757933139801025
2003-12-24,6.692319869995117
2003-12-26,6.731685638427734
2003-12-29,6.823544502258301
2003-12-30,6.784178256988525
2003-12-31,6.843226432800293
2004-01-02,6.738249778747559
2004-01-05,7.223770618438721
2004-01-06,7.525582790374756
2004-01-07,7.492778301239014
2004-01-08,7.879882335662842
2004-01-09,7.873316287994385
2004-01-12,7.952049732208252
2004-01-13,7.919247150421143
2004-01-14,8.063592910766602
2004-01-15,8.148884773254395
2004-01-16,8.798432350158691
2004-01-20,9.041193008422852
2004-01-21,8.785310745239258
2004-01-22,8.46381950378418
2004-01-23,8.680334091186523
2004-01-26,8.804997444152832
2004-01-27,8.759069442749023
2004-01-28,8.444133758544922
2004-01-29,8.188252449035645
2004-01-30,8.47694206237793
2004-02-02,8.280105590820312
2004-02-03,8.188252449035645
2004-02-04,7.86676025390625
2004-02-05,7.755219459533691
2004-02-06,8.280105590820312
2004-02-09,8.339156150817871
2004-02-10,8.319472312927246
2004-02-11,8.43757152557373
2004-02-12,8.299790382385254
2004-02-13,8.14232349395752
2004-02-17,8.411328315734863
2004-02-18,8.647526741027832
2004-02-19,8.535989761352539
2004-02-20,8.46381950378418
2004-02-23,8.188252449035645
2004-02-24,8.076716423034668
2004-02-25,8.247300148010254
2004-02-26,8.293229103088379
2004-02-27,8.234180450439453
2004-03-01,8.358841896057129
2004-03-02,8.516301155090332
2004-03-03,8.398207664489746
2004-03-04,8.424450874328613
2004-03-05,8.352279663085938
2004-03-08,8.319472312927246
2004-03-09,7.965174674987793
2004-03-10,7.617437362670898
2004-03-11,7.230328559875488
2004-03-12,7.427161693572998
2004-03-15,7.131915092468262
2004-03-16,6.981010913848877
2004-03-17,7.190962791442871
2004-03-18,7.1384758949279785
2004-03-19,6.935083389282227
2004-03-22,6.777616024017334
2004-03-23,6.889154434204102
2004-03-24,6.764492988586426
2004-03-25,7.158160209655762
2004-03-26,7.256581783294678
2004-03-29,7.374675750732422
2004-03-30,7.3943610191345215
2004-03-31,7.335306644439697
2004-04-01,7.564945220947266
2004-04-02,7.788025379180908
2004-04-05,7.748659610748291
2004-04-06,7.519019603729248
2004-04-07,7.374675750732422
2004-04-08,7.466529369354248
2004-04-12,7.492778301239014
2004-04-13,7.243453502655029
2004-04-14,7.158160209655762
2004-04-15,7.085987091064453
2004-04-16,6.876032829284668
2004-04-19,6.902278423309326
2004-04-20,6.764492988586426
2004-04-21,6.692319869995117
2004-04-22,6.725125789642334
2004-04-23,7.958612442016602
2004-04-26,7.906124114990234
2004-04-27,7.912684440612793
2004-04-28,7.630559921264648
2004-04-29,7.354993343353271
2004-04-30,7.236891269683838
2004-05-03,7.381237506866455
2004-05-04,7.551826000213623
2004-05-05,7.728974342346191
2004-05-06,7.564945220947266
2004-05-07,7.591190338134766
2004-05-10,7.348433017730713
2004-05-11,7.532141208648682
2004-05-12,7.519019603729248
2004-05-13,7.630559921264648
2004-05-14,7.420602321624756
2004-05-17,7.131915092468262
2004-05-18,7.230328559875488
2004-05-19,7.486210823059082
2004-05-20,7.643680572509766
2004-05-21,7.807706832885742
2004-05-24,7.945490837097168
2004-05-25,8.122638702392578
2004-05-26,8.286670684814453
2004-05-27,7.997982025146484
2004-05-28,8.129199028015137
2004-06-01,8.037348747253418
2004-06-02,8.116081237792969
2004-06-03,7.86676025390625
2004-06-04,8.07015323638916
2004-06-07,8.444133758544922
2004-06-08,8.535989761352539
2004-06-09,8.319472312927246
2004-06-10,8.424450874328613
2004-06-14,7.873316287994385
2004-06-15,8.240739822387695
2004-06-16,8.057029724121094
2004-06-17,7.899562358856201
2004-06-18,8.14232349395752
2004-06-21,7.912684440612793
2004-06-22,8.037348747253418
2004-06-23,8.247300148010254
2004-06-24,8.194812774658203
2004-06-25,8.339156150817871
2004-06-28,8.194812774658203
2004-06-29,8.470379829406738
2004-06-30,8.568798065185547
2004-07-01,8.253860473632812
2004-07-02,8.221056938171387
2004-07-06,7.86676025390625
2004-07-07,8.037348747253418
2004-07-08,7.742096900939941
2004-07-09,7.932369709014893
2004-07-12,7.781460285186768
2004-07-13,7.906124114990234
2004-07-14,7.768340587615967
2004-07-15,7.623997211456299
2004-07-16,7.683045864105225
2004-07-19,7.3943610191345215
2004-07-20,8.326032638549805
2004-07-21,7.965174674987793
2004-07-22,8.030784606933594
2004-07-23,7.906124114990234
2004-07-26,7.8601975440979
2004-07-27,7.932369709014893
2004-07-28,7.938930511474609
2004-07-29,8.16856575012207
2004-07-30,8.109517097473145
2004-08-02,8.122638702392578
2004-08-03,7.938930511474609
2004-08-04,7.906124114990234
2004-08-05,7.709291934967041
2004-08-06,7.295945644378662
2004-08-09,7.223770618438721
2004-08-10,7.282819747924805
2004-08-11,6.994133472442627
2004-08-12,6.410196781158447
2004-08-13,6.265850067138672
2004-08-16,6.626711368560791
2004-08-17,6.994133472442627
2004-08-18,6.987570285797119
2004-08-19,7.026940822601318
2004-08-20,7.040060520172119
2004-08-23,6.987570285797119
2004-08-24,6.869471549987793
2004-08-25,6.731685638427734
2004-08-26,6.482365131378174
2004-08-27,6.698883533477783
2004-08-30,6.574221611022949
2004-08-31,6.639830112457275
2004-09-01,6.718566417694092
2004-09-02,6.803861618041992
2004-09-03,6.6201491355896
2004-09-07,6.600466728210449
2004-09-08,6.659515857696533
2004-09-09,7.276262283325195
2004-09-10,7.295945644378662
2004-09-13,7.387797355651855
2004-09-14,7.282819747924805
2004-09-15,7.190962791442871
2004-09-16,7.368113994598389
2004-09-17,7.3943610191345215
2004-09-20,7.407480716705322
2004-09-21,7.538704395294189
2004-09-22,7.479652404785156
2004-09-23,7.5124592781066895
2004-09-24,7.5124592781066895
2004-09-27,7.269697666168213
2004-09-28,7.125351905822754
2004-09-29,7.289377689361572
2004-09-30,7.269697666168213
2004-10-01,7.564945220947266
2004-10-04,7.689606666564941
2004-10-05,7.473095417022705
2004-10-06,7.446845054626465
2004-10-07,6.889154434204102
2004-10-08,6.725125789642334
2004-10-11,6.941644191741943
2004-10-12,6.784178256988525
2004-10-13,6.803861618041992
2004-10-14,6.757933139801025
2004-10-15,6.843226432800293
2004-10-18,6.725125789642334
2004-10-19,6.698883533477783
2004-10-20,6.849785327911377
2004-10-21,7.040060520172119
2004-10-22,7.04661750793457
2004-10-25,7.059743404388428
2004-10-26,7.125351905822754
2004-10-27,7.466529369354248
2004-10-28,7.446845054626465
2004-10-29,7.5124592781066895
2004-11-01,7.656802654266357
2004-11-02,7.709291934967041
2004-11-03,7.932369709014893
2004-11-04,7.997982025146484
2004-11-05,8.122638702392578
2004-11-08,7.9848551750183105
2004-11-09,7.774901390075684
2004-11-10,7.6961669921875
2004-11-11,7.886441230773926
2004-11-12,8.030784606933594
2004-11-15,8.017661094665527
2004-11-16,8.063592910766602
2004-11-17,8.33259391784668
2004-11-18,8.431010246276855
2004-11-19,8.17513370513916
2004-11-22,8.240739822387695
2004-11-23,8.214498519897461
2004-11-24,8.33259391784668
2004-11-26,8.201371192932129
2004-11-29,8.306349754333496
2004-11-30,8.253860473632812
2004-12-01,8.424450874328613
2004-12-02,7.742096900939941
2004-12-03,7.8011474609375
2004-12-06,7.663362503051758
2004-12-07,7.50589656829834
2004-12-08,7.315625667572021
2004-12-09,7.302505016326904
2004-12-10,7.368113994598389
2004-12-13,7.276262283325195
2004-12-14,7.459969520568848
2004-12-15,7.571507453918457
2004-12-16,7.623997211456299
2004-12-17,7.564945220947266
2004-12-20,7.623997211456299
2004-12-21,7.742096900939941
2004-12-22,7.7945876121521
2004-12-23,7.748659610748291
2004-12-27,7.788025379180908
2004-12-28,7.676488399505615
2004-12-29,7.610878944396973
2004-12-30,7.715858459472656
2004-12-31,7.722414016723633
2005-01-03,7.683045864105225
2005-01-04,7.564945220947266
2005-01-05,7.479652404785156
2005-01-06,7.702727317810059
2005-01-07,7.7945876121521
2005-01-10,7.8011474609375
2005-01-11,7.715858459472656
2005-01-12,7.748659610748291
2005-01-13,7.788025379180908
2005-01-14,7.722414016723633
2005-01-18,8.024227142333984
2005-01-19,7.827395915985107
2005-01-20,7.650241374969482
2005-01-21,7.558387279510498
2005-01-24,7.381237506866455
2005-01-25,7.551826000213623
2005-01-26,7.184403896331787
2005-01-27,7.053181171417236
2005-01-28,7.04661750793457
2005-01-31,7.177842617034912
2005-02-01,7.171280860900879
2005-02-02,7.282819747924805
2005-02-03,7.250012874603271
2005-02-04,7.427161693572998
2005-02-07,7.715858459472656
2005-02-08,7.932369709014893
2005-02-09,7.663362503051758
2005-02-10,7.715858459472656
2005-02-11,7.820831775665283
2005-02-14,7.774901390075684
2005-02-15,7.722414016723633
2005-02-16,7.768340587615967
2005-02-17,7.689606666564941
2005-02-18,7.656802654266357
2005-02-22,7.532141208648682
2005-02-23,7.414041042327881
2005-02-24,7.545263290405273
2005-02-25,7.663362503051758
2005-02-28,7.525582790374756
2005-03-01,7.584633350372314
2005-03-02,7.532141208648682
2005-03-03,7.689606666564941
2005-03-04,7.400920391082764
2005-03-07,7.492778301239014
2005-03-08,7.420602321624756
2005-03-09,7.446845054626465
2005-03-10,7.466529369354248
2005-03-11,7.414041042327881
2005-03-14,7.532141208648682
2005-03-15,7.440288066864014
2005-03-16,7.328746318817139
2005-03-17,7.427161693572998
2005-03-18,7.282819747924805
2005-03-21,7.099108695983887
2005-03-22,7.197525501251221
2005-03-23,7.099108695983887
2005-03-24,7.125351905822754
2005-03-28,7.2172112464904785
2005-03-29,7.118793487548828
2005-03-30,7.085987091064453
2005-03-31,7.302505016326904
2005-04-01,7.30906343460083
2005-04-04,7.381237506866455
2005-04-05,7.381237506866455
2005-04-06,7.715858459472656
2005-04-07,7.912684440612793
2005-04-08,7.8601975440979
2005-04-11,7.768340587615967
2005-04-12,7.807706832885742
2005-04-13,7.610878944396973
2005-04-14,7.473095417022705
2005-04-15,7.282819747924805
2005-04-18,7.584633350372314
2005-04-19,7.669924259185791
2005-04-20,8.08327579498291
2005-04-21,8.08327579498291
2005-04-22,8.08327579498291
2005-04-25,8.266984939575195
2005-04-26,8.240739822387695
2005-04-27,8.903409004211426
2005-04-28,9.054315567016602
2005-04-29,9.021510124206545
2005-05-02,9.060877799987791
2005-05-03,9.080561637878418
2005-05-04,8.982144355773926
2005-05-05,9.060877799987791
2005-05-06,9.684181213378906
2005-05-09,9.999114990234377
2005-05-10,9.749791145324709
2005-05-11,10.16313934326172
2005-05-12,9.966306686401367
2005-05-13,9.91382122039795
2005-05-16,9.861333847045898
2005-05-17,9.671059608459473
2005-05-18,9.55952262878418
2005-05-19,9.723550796508787
2005-05-20,9.644814491271973
2005-05-23,9.539839744567873
2005-05-24,9.546399116516112
2005-05-25,9.74323558807373
2005-05-26,10.012239456176758
2005-05-27,10.16970157623291
2005-05-31,10.28780460357666
2005-06-01,10.655223846435549
2005-06-02,10.491198539733888
2005-06-03,10.54369068145752
2005-06-06,10.464953422546388
2005-06-07,10.209071159362791
2005-06-08,10.39934253692627
2005-06-09,10.471513748168944
2005-06-10,10.471513748168944
2005-06-13,10.491198539733888
2005-06-14,10.720836639404297
2005-06-15,10.812689781188965
2005-06-16,11.002963066101074
2005-06-17,10.904544830322266
2005-06-20,10.924229621887209
2005-06-21,10.819250106811523
2005-06-22,11.022648811340332
2005-06-23,10.819250106811523
2005-06-24,10.891430854797363
2005-06-27,10.648663520812988
2005-06-28,10.911109924316406
2005-06-29,11.048891067504885
2005-06-30,10.904544830322266
2005-07-01,11.081695556640623
2005-07-05,11.02920913696289
2005-07-06,10.825812339782717
2005-07-07,10.884864807128906
2005-07-08,11.121065139770508
2005-07-11,11.285094261169434
2005-07-12,11.43599796295166
2005-07-13,11.403190612792969
2005-07-14,11.22603988647461
2005-07-15,11.344139099121094
2005-07-18,11.481921195983888
2005-07-19,11.928075790405272
2005-07-20,11.934633255004885
2005-07-21,11.914953231811523
2005-07-22,11.600024223327637
2005-07-25,11.672197341918944
2005-07-26,11.941203117370604
2005-07-27,12.57762622833252
2005-07-28,12.302056312561035
2005-07-29,12.498893737792969
2005-08-01,12.66948413848877
2005-08-02,12.899125099182127
2005-08-03,13.181248664855955
2005-08-04,13.017218589782717
2005-08-05,12.859750747680664
2005-08-08,12.741655349731444
2005-08-09,13.115638732910156
2005-08-10,12.853191375732422
2005-08-11,12.813828468322754
2005-08-12,12.689165115356444
2005-08-15,12.69572925567627
2005-08-16,12.374231338500977
2005-08-17,12.452970504760742
2005-08-18,12.131473541259766
2005-08-19,12.413597106933594
2005-08-22,12.48576831817627
2005-08-23,12.62355613708496
2005-08-24,12.64979362487793
2005-08-25,12.636672973632812
2005-08-26,12.597307205200195
2005-08-29,12.57762622833252
2005-08-30,13.082834243774414
2005-08-31,13.095951080322266
2005-09-01,12.990975379943848
2005-09-02,13.017218589782717
2005-09-06,13.161564826965332
2005-09-07,13.141881942749023
2005-09-08,13.660208702087402
2005-09-09,13.647089004516602
2005-09-12,13.90952968597412
2005-09-13,14.263830184936523
2005-09-14,13.653648376464844
2005-09-15,12.840067863464355
2005-09-16,13.286224365234377
2005-09-19,13.227169036865234
2005-09-20,13.181248664855955
2005-09-21,12.984415054321287
2005-09-22,12.302056312561035
2005-09-23,12.512014389038086
2005-09-26,12.367674827575684
2005-09-27,12.151150703430176
2005-09-28,11.895273208618164
2005-09-29,12.269256591796877
2005-09-30,12.682602882385254
2005-10-03,12.741655349731444
2005-10-04,12.630118370056152
2005-10-05,12.151150703430176
2005-10-06,12.203642845153809
2005-10-07,12.164280891418455
2005-10-10,11.974007606506348
2005-10-11,11.672197341918944
2005-10-12,11.50816822052002
2005-10-13,11.61314582824707
2005-10-14,11.92152214050293
2005-10-17,11.882152557373049
2005-10-18,11.87558650970459
2005-10-19,12.059298515319824
2005-10-20,11.974007606506348
2005-10-21,12.17740249633789
2005-10-24,12.302056312561035
2005-10-25,12.1708402633667
2005-10-26,11.783732414245604
2005-10-27,12.492334365844728
2005-10-28,12.492334365844728
2005-10-31,13.181248664855955
2005-11-01,13.082834243774414
2005-11-02,13.371517181396484
2005-11-03,13.43057346343994
2005-11-04,13.312470436096191
2005-11-07,13.089395523071287
2005-11-08,12.656354904174805
2005-11-09,12.840067863464355
2005-11-10,12.918800354003906
2005-11-11,13.194365501403809
2005-11-14,13.155003547668455
2005-11-15,13.161564826965332
2005-11-16,13.378081321716309
2005-11-17,13.679889678955078
2005-11-18,13.745501518249512
2005-11-21,13.712690353393556
2005-11-22,13.79142951965332
2005-11-23,13.79142951965332
2005-11-25,13.732378959655762
2005-11-28,13.364961624145508
2005-11-29,13.319031715393066
2005-11-30,13.286224365234377
2005-12-01,13.378081321716309
2005-12-02,13.679889678955078
2005-12-05,13.955463409423828
2005-12-06,13.948897361755373
2005-12-07,13.745501518249512
2005-12-08,13.857043266296388
2005-12-09,13.883288383483888
2005-12-12,14.034192085266112
2005-12-13,13.929211616516112
2005-12-14,13.955463409423828
2005-12-15,13.850479125976562
2005-12-16,13.771746635437012
2005-12-19,13.155003547668455
2005-12-20,13.010661125183104
2005-12-21,12.93848991394043
2005-12-22,12.964730262756348
2005-12-23,13.207489013671877
2005-12-27,13.128761291503906
2005-12-28,13.194365501403809
2005-12-29,13.05658721923828
2005-12-30,12.899125099182127
2006-01-03,13.155003547668455
2006-01-04,13.679889678955078
2006-01-05,13.463371276855469
2006-01-06,13.902973175048828
2006-01-09,14.795281410217283
2006-01-10,15.307042121887209
2006-01-11,16.369943618774414
2006-01-12,15.654791831970217
2006-01-13,16.271526336669922
2006-01-17,15.96971035003662
2006-01-18,16.560211181640625
2006-01-19,16.310894012451172
2006-01-20,15.667912483215332
2006-01-23,15.556356430053713
2006-01-24,15.910663604736328
2006-01-25,16.658626556396484
2006-01-26,16.474916458129883
2006-01-27,16.324012756347656
2006-01-30,16.363384246826172
2006-01-31,15.976277351379396
2006-02-01,16.435543060302734
2006-02-02,15.884416580200195
2006-02-03,16.081254959106445
2006-02-06,15.75320529937744
2006-02-07,15.818808555603027
2006-02-08,15.818808555603027
2006-02-09,15.549802780151367
2006-02-10,15.392333984375
2006-02-13,15.516998291015623
2006-02-14,15.864739418029783
2006-02-15,16.04845428466797
2006-02-16,16.369943618774414
2006-02-17,15.930349349975586
2006-02-21,15.628533363342283
2006-02-22,16.383075714111328
2006-02-23,16.14030647277832
2006-02-24,16.205921173095703
2006-02-27,16.343698501586914
2006-02-28,16.015640258789062
2006-03-01,17.327861785888672
2006-03-02,17.22944450378418
2006-03-03,17.478769302368164
2006-03-06,17.524700164794922
2006-03-07,17.052295684814453
2006-03-08,16.573341369628906
2006-03-09,16.343698501586914
2006-03-10,16.573341369628906
2006-03-13,16.6192626953125
2006-03-14,17.032602310180664
2006-03-15,17.682157516479492
2006-03-16,18.04957771301269
2006-03-17,17.62967300415039
2006-03-20,18.35796165466309
2006-03-21,17.898679733276367
2006-03-22,17.833070755004883
2006-03-23,18.09551048278809
2006-03-24,18.154560089111328
2006-03-27,18.154560089111328
2006-03-28,17.70185089111328
2006-03-29,18.003658294677734
2006-03-30,17.839632034301758
2006-03-31,17.66248321533203
2006-04-03,18.062707901000977
2006-04-04,17.669044494628906
2006-04-05,17.34754180908203
2006-04-06,17.288488388061523
2006-04-07,17.203197479248047
2006-04-10,16.947315216064453
2006-04-11,17.170394897460938
2006-04-12,17.550933837890625
2006-04-13,17.800256729125977
2006-04-17,17.327861785888672
2006-04-18,17.793704986572266
2006-04-19,18.03645896911621
2006-04-20,18.351390838623047
2006-04-21,19.08623313903809
2006-04-24,18.88284492492676
2006-04-25,18.108631134033203
2006-04-26,18.63352394104004
2006-04-27,18.535097122192383
2006-04-28,18.12831115722656
2006-05-01,18.06926155090332
2006-05-02,18.23985290527344
2006-05-03,18.443254470825195
2006-05-04,18.65977096557617
2006-05-05,18.528539657592773
2006-05-08,18.292341232299805
2006-05-09,18.35796165466309
2006-05-10,17.833070755004883
2006-05-11,16.888267517089844
2006-05-12,16.396169662475586
2006-05-15,16.159990310668945
2006-05-16,16.146867752075195
2006-05-17,15.956597328186035
2006-05-18,15.667912483215332
2006-05-19,16.074697494506836
2006-05-22,15.28079319000244
2006-05-23,15.051165580749512
2006-05-24,15.254558563232422
2006-05-25,16.114059448242188
2006-05-26,16.251842498779297
2006-05-30,15.615413665771484
2006-05-31,15.910663604736328
2006-06-01,16.402742385864258
2006-06-02,16.363384246826172
2006-06-05,15.910663604736328
2006-06-06,15.779443740844728
2006-06-07,14.40161418914795
2006-06-08,14.263830184936523
2006-06-09,14.611562728881836
2006-06-12,13.699570655822754
2006-06-13,13.778308868408203
2006-06-14,14.060428619384766
2006-06-15,14.919939041137695
2006-06-16,14.519712448120115
2006-06-19,14.191654205322266
2006-06-20,14.073559761047363
2006-06-21,14.290077209472656
2006-06-22,14.126049995422363
2006-06-23,14.145727157592772
2006-06-26,14.56563949584961
2006-06-27,14.349130630493164
2006-06-28,14.690299034118652
2006-06-29,15.667912483215332
2006-06-30,15.871298789978027
2006-07-03,16.06813621520996
2006-07-05,15.418583869934082
2006-07-06,15.247994422912598
2006-07-07,14.532835960388184
2006-07-10,13.758623123168944
2006-07-11,13.82423496246338
2006-07-12,13.896407127380373
2006-07-13,13.548666000366213
2006-07-14,14.408172607421877
2006-07-17,14.27039623260498
2006-07-18,14.388484001159668
2006-07-19,14.860885620117188
2006-07-20,14.880576133728027
2006-07-21,14.368807792663574
2006-07-24,14.322881698608398
2006-07-25,14.204777717590332
2006-07-26,12.151150703430176
2006-07-27,11.993690490722656
2006-07-28,12.551383972167969
2006-07-31,12.512014389038086
2006-08-01,11.941203117370604
2006-08-02,11.809978485107422
2006-08-03,12.118350982666016
2006-08-04,11.993690490722656
2006-08-07,12.157716751098633
2006-08-08,11.816535949707031
2006-08-09,11.691871643066406
2006-08-10,12.0658597946167
2006-08-11,12.43327808380127
2006-08-14,12.544819831848145
2006-08-15,13.16812801361084
2006-08-16,13.660208702087402
2006-08-17,13.76518440246582
2006-08-18,13.771746635437012
2006-08-21,13.66677474975586
2006-08-22,13.483057022094728
2006-08-23,13.640522003173828
2006-08-24,13.962021827697754
2006-08-25,14.303194999694824
2006-08-28,14.165411949157717
2006-08-29,14.440980911254885
2006-08-30,14.860885620117188
2006-08-31,14.585323333740234
2006-09-01,14.434422492980955
2006-09-05,14.677178382873535
2006-09-06,14.375373840332031
2006-09-07,14.034192085266112
2006-09-08,14.263830184936523
2006-09-11,14.237586975097656
2006-09-12,14.808408737182615
2006-09-13,14.755916595458984
2006-09-14,15.02491855621338
2006-09-15,15.136454582214355
2006-09-18,14.959304809570312
2006-09-19,15.261119842529297
2006-09-20,15.976277351379396
2006-09-21,15.477635383605955
2006-09-22,15.661348342895508
2006-09-25,15.595736503601074
2006-09-26,15.956597328186035
2006-09-27,16.00908088684082
2006-09-28,16.225597381591797
2006-09-29,16.015640258789062
2006-10-02,15.713830947875977
2006-10-03,15.740077018737791
2006-10-04,15.936908721923828
2006-10-05,16.343698501586914
2006-10-06,16.133743286132812
2006-10-09,16.061569213867188
2006-10-10,16.199356079101562
2006-10-11,16.343698501586914
2006-10-12,16.428997039794922
2006-10-13,16.53396987915039
2006-10-16,16.402742385864258
2006-10-17,16.238712310791016
2006-10-18,16.02219581604004
2006-10-19,15.582615852355955
2006-10-20,15.261119842529297
2006-10-23,15.346410751342772
2006-10-24,15.182380676269531
2006-10-25,13.84391975402832
2006-10-26,13.916092872619627
2006-10-27,13.509305000305176
2006-10-30,13.581476211547852
2006-10-31,13.40432834625244
2006-11-01,13.312470436096191
2006-11-02,13.325592041015623
2006-11-03,13.45681095123291
2006-11-06,13.51586627960205
2006-11-07,13.82423496246338
2006-11-08,13.56835651397705
2006-11-09,13.207489013671877
2006-11-10,13.200933456420898
2006-11-13,13.57491397857666
2006-11-14,13.981698989868164
2006-11-15,14.040754318237305
2006-11-16,14.178533554077148
2006-11-17,13.916092872619627
2006-11-20,13.732378959655762
2006-11-21,13.778308868408203
2006-11-22,14.132607460021973
2006-11-24,14.021072387695312
2006-11-27,13.771746635437012
2006-11-28,13.732378959655762
2006-11-29,14.099801063537598
2006-11-30,14.145727157592772
2006-12-01,13.79142951965332
2006-12-04,13.771746635437012
2006-12-05,14.39505100250244
2006-12-06,14.362248420715332
2006-12-07,13.811115264892578
2006-12-08,13.581476211547852
2006-12-11,13.332155227661133
2006-12-12,12.95816707611084
2006-12-13,12.833510398864746
2006-12-14,12.997538566589355
2006-12-15,12.78758144378662
2006-12-18,12.833510398864746
2006-12-19,12.426718711853027
2006-12-20,12.597307205200195
2006-12-21,12.564504623413086
2006-12-22,12.407039642333984
2006-12-26,12.32830047607422
2006-12-27,12.472651481628418
2006-12-28,12.34142780303955
2006-12-29,12.27581787109375
2007-01-03,12.367674827575684
2007-01-04,12.820393562316896
2007-01-05,12.492334365844728
2007-01-08,12.229891777038574
2007-01-09,12.111783027648926
2007-01-10,12.439845085144045
2007-01-11,12.741655349731444
2007-01-12,13.141881942749023
2007-01-16,13.155003547668455
2007-01-17,12.761335372924805
2007-01-18,12.69572925567627
2007-01-19,12.682602882385254
2007-01-22,12.466087341308594
2007-01-23,12.361116409301758
2007-01-24,13.712690353393556
2007-01-25,13.883288383483888
2007-01-26,13.90952968597412
2007-01-29,13.725817680358888
2007-01-30,13.56835651397705
2007-01-31,13.673324584960938
2007-02-01,13.686452865600586
2007-02-02,13.837359428405762
2007-02-05,14.014509201049805
2007-02-06,14.677178382873535
2007-02-07,14.690299034118652
2007-02-08,14.755916595458984
2007-02-09,14.165411949157717
2007-02-12,14.171974182128906
2007-02-13,14.381925582885742
2007-02-14,14.591891288757324
2007-02-15,14.467222213745115
2007-02-16,14.250703811645508
2007-02-20,14.257271766662598
2007-02-21,14.368807792663574
2007-02-22,14.28351593017578
2007-02-23,14.178533554077148
2007-02-26,14.119486808776855
2007-02-27,13.371517181396484
2007-02-28,13.535548210144045
2007-03-01,13.620841979980469
2007-03-02,13.319031715393066
2007-03-05,13.21405029296875
2007-03-06,13.535548210144045
2007-03-07,13.771746635437012
2007-03-08,13.929211616516112
2007-03-09,14.021072387695312
2007-03-12,14.28351593017578
2007-03-13,13.988266944885254
2007-03-14,14.171974182128906
2007-03-15,14.263830184936523
2007-03-16,14.28351593017578
2007-03-19,14.729673385620115
2007-03-20,15.051165580749512
2007-03-21,15.169266700744627
2007-03-22,15.051165580749512
2007-03-23,15.08397102355957
2007-03-26,15.02491855621338
2007-03-27,15.143014907836914
2007-03-28,15.038039207458496
2007-03-29,14.97899341583252
2007-03-30,14.919939041137695
2007-04-02,14.906816482543944
2007-04-03,15.116774559020996
2007-04-04,15.169266700744627
2007-04-05,15.477635383605955
2007-04-09,15.431716918945312
2007-04-10,15.595736503601074
2007-04-11,15.556356430053713
2007-04-12,15.635101318359377
2007-04-13,15.576050758361816
2007-04-16,15.75320529937744
2007-04-17,15.543243408203123
2007-04-18,15.50387477874756
2007-04-19,15.457948684692385
2007-04-20,15.405454635620115
2007-04-23,15.300482749938965
2007-04-24,15.569487571716309
2007-04-25,16.389625549316406
2007-04-26,16.343698501586914
2007-04-27,16.00908088684082
2007-04-30,15.562920570373535
2007-05-01,15.457948684692385
2007-05-02,15.628533363342283
2007-05-03,15.726947784423828
2007-05-04,15.7203950881958
2007-05-07,15.654791831970217
2007-05-08,15.569487571716309
2007-05-09,15.543243408203123
2007-05-10,15.28079319000244
2007-05-11,15.569487571716309
2007-05-14,15.313605308532717
2007-05-15,15.307042121887209
2007-05-16,15.635101318359377
2007-05-17,15.543243408203123
2007-05-18,15.69415283203125
2007-05-21,16.08781623840332
2007-05-22,16.146867752075195
2007-05-23,16.14030647277832
2007-05-24,15.7335205078125
2007-05-25,15.85161590576172
2007-05-29,15.87786102294922
2007-05-30,16.317459106445312
2007-05-31,16.402742385864258
2007-06-01,16.829214096069336
2007-06-04,17.0391788482666
2007-06-05,16.888267517089844
2007-06-06,16.84233856201172
2007-06-07,16.50116729736328
2007-06-08,16.78985023498535
2007-06-11,17.019489288330078
2007-06-12,16.599580764770508
2007-06-13,17.05885887145996
2007-06-14,17.071979522705078
2007-06-15,17.28193473815918
2007-06-18,17.203197479248047
2007-06-19,17.045738220214844
2007-06-20,16.796415328979492
2007-06-21,16.855466842651367
2007-06-22,16.724246978759766
2007-06-25,16.83577537536621
2007-06-26,16.658626556396484
2007-06-27,16.770170211791992
2007-06-28,16.86202049255371
2007-06-29,16.763608932495117
2007-07-02,16.901399612426758
2007-07-03,16.993257522583008
2007-07-05,16.848901748657227
2007-07-06,16.940759658813477
2007-07-09,17.190078735351562
2007-07-10,16.9866886138916
2007-07-11,17.085105895996094
2007-07-12,17.859315872192383
2007-07-13,17.747777938842773
2007-07-16,17.66248321533203
2007-07-17,17.590307235717773
2007-07-18,17.537818908691406
2007-07-19,17.642789840698242
2007-07-20,17.406599044799805
2007-07-23,17.524700164794922
2007-07-24,17.183517456054688
2007-07-25,16.21247100830078
2007-07-26,15.995964050292969
2007-07-27,15.444828033447266
2007-07-30,15.963152885437012
2007-07-31,15.641663551330566
2007-08-01,15.890981674194336
2007-08-02,15.799124717712402
2007-08-03,15.444828033447266
2007-08-06,15.326725006103516
2007-08-07,15.208627700805664
2007-08-08,15.766327857971191
2007-08-09,15.477635383605955
2007-08-10,15.385778427124023
2007-08-13,15.536681175231934
2007-08-14,15.307042121887209
2007-08-15,15.044599533081056
2007-08-16,14.736227989196776
2007-08-17,15.090526580810549
2007-08-20,15.484193801879885
2007-08-21,15.326725006103516
2007-08-22,15.484193801879885
2007-08-23,15.346410751342772
2007-08-24,15.726947784423828
2007-08-27,15.50998592376709
2007-08-28,15.082621574401855
2007-08-29,15.575739860534668
2007-08-30,15.253570556640623
2007-08-31,15.36534309387207
2007-09-04,15.878175735473633
2007-09-05,15.865020751953123
2007-09-06,16.555381774902344
2007-09-07,16.246366500854492
2007-09-10,16.377866744995117
2007-09-11,16.555381774902344
2007-09-12,16.46333122253418
2007-09-13,15.8321533203125
2007-09-14,15.60202980041504
2007-09-17,15.391640663146973
2007-09-18,15.792695045471191
2007-09-19,15.792695045471191
2007-09-20,15.680930137634276
2007-09-21,15.759827613830566
2007-09-24,15.82557201385498
2007-09-25,15.838720321655272
2007-09-26,15.88474941253662
2007-09-27,16.37129020690918
2007-09-28,16.2069149017334
2007-10-01,16.49620246887207
2007-10-02,16.71317481994629
2007-10-03,16.621122360229492
2007-10-04,16.56195831298828
2007-10-05,17.101089477539062
2007-10-08,17.002470016479492
2007-10-09,17.285184860229492
2007-10-10,17.285184860229492
2007-10-11,17.219440460205078
2007-10-12,17.147113800048828
2007-10-15,16.851247787475586
2007-10-16,16.621122360229492
2007-10-17,16.739465713500977
2007-10-18,16.76578140258789
2007-10-19,16.220064163208008
2007-10-22,16.21349334716797
2007-10-23,16.266082763671875
2007-10-24,15.253570556640623
2007-10-25,15.187814712524414
2007-10-26,15.529708862304688
2007-10-29,15.641480445861816
2007-10-30,15.523136138916016
2007-10-31,15.957075119018556
2007-11-01,15.64806079864502
2007-11-02,15.720377922058104
2007-11-05,15.39820671081543
2007-11-06,15.904474258422852
2007-11-07,15.36534309387207
2007-11-08,14.431715965270996
2007-11-09,14.010930061340332
2007-11-12,14.102980613708496
2007-11-13,15.513277053833008
2007-11-14,15.49350357055664
2007-11-15,15.51986312866211
2007-11-16,15.38147258758545
2007-11-19,14.959698677062988
2007-11-20,14.781766891479492
2007-11-21,14.630189895629885
2007-11-23,15.17717456817627
2007-11-26,15.111268043518066
2007-11-27,15.638487815856934
2007-11-28,15.849370002746582
2007-11-29,16.033899307250977
2007-11-30,16.00753402709961
2007-12-03,16.20524024963379
2007-12-04,16.080028533935547
2007-12-05,16.422718048095703
2007-12-06,16.567699432373047
2007-12-07,16.422718048095703
2007-12-10,16.673145294189453
2007-12-11,16.277740478515625
2007-12-12,16.396352767944336
2007-12-13,16.277740478515625
2007-12-14,15.941631317138672
2007-12-17,15.38147258758545
2007-12-18,15.249661445617676
2007-12-19,15.421010971069336
2007-12-20,15.592361450195312
2007-12-21,15.83619499206543
2007-12-24,15.816420555114746
2007-12-26,16.086618423461914
2007-12-27,15.77029037475586
2007-12-28,15.888915061950684
2007-12-31,15.809834480285645
2008-01-02,15.401237487792969
2008-01-03,15.243070602416992
2008-01-04,14.788350105285645
2008-01-07,14.603830337524414
2008-01-08,14.287498474121094
2008-01-09,14.781766891479492
2008-01-10,15.117862701416016
2008-01-11,14.887206077575684
2008-01-14,15.322151184082031
2008-01-15,15.249661445617676
2008-01-16,14.669734954833984
2008-01-17,14.610418319702148
2008-01-18,14.630189895629885
2008-01-22,14.327038764953612
2008-01-23,14.070023536682127
2008-01-24,14.630189895629885
2008-01-25,14.742223739624023
2008-01-28,15.22329807281494
2008-01-29,15.59894561767578
2008-01-30,15.790059089660645
2008-01-31,15.92186450958252
2008-02-01,16.218421936035156
2008-02-04,16.18547248840332
2008-02-05,15.22329807281494
2008-02-06,15.065139770507812
2008-02-07,15.48032283782959
2008-02-08,15.506683349609377
2008-02-11,15.55940055847168
2008-02-12,15.361696243286133
2008-02-13,15.935041427612305
2008-02-14,15.58576488494873
2008-02-15,15.210127830505373
2008-02-19,15.09150218963623
2008-02-20,15.539632797241213
2008-02-21,15.434185028076172
2008-02-22,15.58576488494873
2008-02-25,15.935041427612305
2008-02-26,15.961406707763672
2008-02-27,15.875726699829102
2008-02-28,15.74365234375
2008-02-29,15.340821266174316
2008-03-03,15.294586181640623
2008-03-04,15.26157569885254
2008-03-05,15.505916595458984
2008-03-06,15.294586181640623
2008-03-07,15.076667785644531
2008-03-10,15.16250991821289
2008-03-11,15.809690475463867
2008-03-12,15.532330513000488
2008-03-13,15.644598007202148
2008-03-14,15.38043975830078
2008-03-17,15.334213256835938
2008-03-18,16.106874465942383
2008-03-19,15.644598007202148
2008-03-20,15.82950210571289
2008-03-24,16.258756637573242
2008-03-25,16.602157592773438
2008-03-26,16.0078125
2008-03-27,15.961577415466309
2008-03-28,15.92855739593506
2008-03-31,15.875726699829102
2008-04-01,16.47669219970703
2008-04-02,16.50969886779785
2008-04-03,16.859712600708008
2008-04-04,16.87952423095703
2008-04-07,17.057832717895508
2008-04-08,17.242740631103516
2008-04-09,16.707822799682617
2008-04-10,16.75404930114746
2008-04-11,16.417247772216797
2008-04-14,16.496496200561523
2008-04-15,16.245548248291016
2008-04-16,16.932363510131836
2008-04-17,16.77385711669922
2008-04-18,16.97198486328125
2008-04-21,16.991792678833008
2008-04-22,16.991792678833008
2008-04-23,16.608766555786133
2008-04-24,16.80027198791504
2008-04-25,17.117259979248047
2008-04-28,16.95877456665039
2008-04-29,17.52010154724121
2008-04-30,17.638965606689453
2008-05-01,17.850297927856445
2008-05-02,17.830480575561523
2008-05-05,17.85689926147461
2008-05-06,17.916330337524414
2008-05-07,17.288965225219727
2008-05-08,17.55312728881836
2008-05-09,17.22292137145996
2008-05-12,17.229534149169922
2008-05-13,17.024812698364258
2008-05-14,17.11066246032715
2008-05-15,17.863500595092773
2008-05-16,18.06821823120117
2008-05-19,18.33898162841797
2008-05-20,17.97576904296875
2008-05-21,17.638965606689453
2008-05-22,17.889915466308594
2008-05-23,17.863500595092773
2008-05-27,18.008792877197266
2008-05-28,18.180496215820312
2008-05-29,18.154027938842773
2008-05-30,18.08786964416504
2008-06-02,17.77691078186035
2008-06-03,17.710758209228516
2008-06-04,17.624757766723633
2008-06-05,17.948928833007812
2008-06-06,17.56521224975586
2008-06-09,17.737218856811523
2008-06-10,17.43950653076172
2008-06-11,17.551984786987305
2008-06-12,17.72399139404297
2008-06-13,18.19371223449707
2008-06-16,17.90923309326172
2008-06-17,17.63135528564453
2008-06-18,17.327037811279297
2008-06-19,16.956544876098633
2008-06-20,16.711759567260742
2008-06-23,16.80438804626465
2008-06-24,16.447124481201172
2008-06-25,16.698528289794922
2008-06-26,16.063400268554688
2008-06-27,15.514281272888184
2008-06-30,15.249637603759766
2008-07-01,14.951929092407228
2008-07-02,14.713759422302246
2008-07-03,14.812997817993164
2008-07-07,14.700525283813477
2008-07-08,14.091858863830566
2008-07-09,13.43027114868164
2008-07-10,13.337651252746582
2008-07-11,13.417040824890137
2008-07-14,13.112707138061523
2008-07-15,13.119325637817385
2008-07-16,13.271495819091797
2008-07-17,13.68167781829834
2008-07-18,13.364117622375488
2008-07-21,13.575817108154297
2008-07-22,13.297961235046388
2008-07-23,13.31119155883789
2008-07-24,13.152398109436035
2008-07-25,13.562593460083008
2008-07-28,13.761068344116213
2008-07-29,14.105097770690918
2008-07-30,13.542741775512695
2008-07-31,13.23841381072998
2008-08-01,13.456742286682127
2008-08-04,13.297961235046388
2008-08-05,13.522894859313965
2008-08-06,13.483200073242188
2008-08-07,13.106091499328612
2008-08-08,13.68167781829834
2008-08-11,14.277105331420898
2008-08-12,14.184490203857422
2008-08-13,13.847073554992676
2008-08-14,13.7544527053833
2008-08-15,14.025704383850098
2008-08-18,14.144792556762695
2008-08-19,13.939695358276367
2008-08-20,13.939695358276367
2008-08-21,14.118327140808104
2008-08-22,14.197717666625977
2008-08-25,13.95292854309082
2008-08-26,13.85368824005127
2008-08-27,13.913375854492188
2008-08-28,13.774110794067385
2008-08-29,13.621582984924316
2008-09-02,12.931876182556152
2008-09-03,11.307108879089355
2008-09-04,11.008676528930664
2008-09-05,11.068360328674316
2008-09-08,10.99541187286377
2008-09-09,10.610774993896484
2008-09-10,10.756669998168944
2008-09-11,10.750040054321287
2008-09-12,10.929097175598145
2008-09-15,10.1664457321167
2008-09-16,10.19960594177246
2008-09-17,9.622642517089844
2008-09-18,10.564352989196776
2008-09-19,11.333630561828612
2008-09-22,10.657198905944824
2008-09-23,10.723509788513184
2008-09-24,10.98215103149414
2008-09-25,11.068360328674316
2008-09-26,10.69698429107666
2008-09-29,9.834864616394045
2008-09-30,10.372030258178713
2008-10-01,10.146549224853516
2008-10-02,9.735384941101074
2008-10-03,9.8215970993042
2008-10-06,9.251267433166504
2008-10-07,8.428932189941406
2008-10-08,7.679548740386963
2008-10-09,8.157029151916504
2008-10-10,8.20345401763916
2008-10-13,9.364005088806152
2008-10-14,8.946208953857422
2008-10-15,8.13713264465332
2008-10-16,8.024396896362305
2008-10-17,8.117242813110352
2008-10-20,7.964714527130127
2008-10-21,7.493856906890869
2008-10-22,7.275008678436279
2008-10-23,7.367852210998535
2008-10-24,7.062795162200928
2008-10-27,6.731208801269531
2008-10-28,7.573439121246338
2008-10-29,6.969949722290039
2008-10-30,6.691419124603272
2008-10-31,7.18216609954834
2008-11-03,7.401016235351562
2008-11-04,7.785651683807373
2008-11-05,7.354593276977539
2008-11-06,6.631731986999512
2008-11-07,6.903632164001465
2008-11-10,6.598574638366699
2008-11-11,6.618470668792725
2008-11-12,6.074668884277344
2008-11-13,6.3480610847473145
2008-11-14,5.941305637359619
2008-11-17,6.007986545562744
2008-11-18,5.594563007354736
2008-11-19,5.621233940124512
2008-11-20,5.214478015899658
2008-11-21,5.361177444458008
2008-11-24,5.9679765701293945
2008-11-25,6.054663181304932
2008-11-26,6.261377811431885
2008-11-28,6.007986545562744
2008-12-01,5.6545729637146
2008-12-02,5.721256732940674
2008-12-03,5.781269073486328
2008-12-04,5.561222076416016
2008-12-05,5.694582462310791
2008-12-08,5.994649410247803
2008-12-09,5.861288070678711
2008-12-10,5.88129186630249
2008-12-11,5.547885417938232
2008-12-12,5.6345696449279785
2008-12-15,5.6545729637146
2008-12-16,6.101340293884277
2008-12-17,6.128013610839844
2008-12-18,5.914633274078369
2008-12-19,5.861288070678711
2008-12-22,5.841283321380615
2008-12-23,5.787940502166748
2008-12-24,5.841283321380615
2008-12-26,5.907965660095215
2008-12-29,5.807941913604736
2008-12-30,6.007986545562744
2008-12-31,6.354730129241943
2009-01-02,6.701472759246826
2009-01-05,7.05488395690918
2009-01-06,7.701691150665283
2009-01-07,7.428298950195312
2009-01-08,7.414964199066162
2009-01-09,7.134902477264404
2009-01-12,6.641461849212647
2009-01-13,6.428077220916748
2009-01-14,6.128013610839844
2009-01-15,6.414743423461914
2009-01-16,6.46808671951294
2009-01-20,6.088003158569336
2009-01-21,6.3480610847473145
2009-01-22,6.3347249031066895
2009-01-23,6.668131351470947
2009-01-26,6.63478946685791
2009-01-27,6.661461353302002
2009-01-28,7.248258590698242
2009-01-29,6.988204002380371
2009-01-30,6.741480350494385
2009-02-02,6.834832191467285
2009-02-03,6.881511688232422
2009-02-04,7.168242931365967
2009-02-05,7.314936637878418
2009-02-06,7.821715354919434
2009-02-09,7.941746234893799
2009-02-10,7.454967975616455
2009-02-11,7.44830322265625
2009-02-12,7.57499361038208
2009-02-13,7.708361148834228
2009-02-17,7.194912433624268
2009-02-18,7.168242931365967
2009-02-19,6.788158893585205
2009-02-20,6.541438102722168
2009-02-23,6.30805253982544
2009-02-24,6.761486053466797
2009-02-25,6.94152307510376
2009-02-26,7.015226364135742
2009-02-27,7.068833351135254
2009-03-02,6.338496685028076
2009-03-03,6.526106834411621
2009-03-04,7.021928787231445
2009-03-05,6.760615348815918
2009-03-06,6.794117450714111
2009-03-09,6.693613052368164
2009-03-10,7.50435209274292
2009-03-11,7.631656646728516
2009-03-12,7.9398722648620605
2009-03-13,7.846066474914551
2009-03-16,7.618255615234375
2009-03-17,8.315089225769043
2009-03-18,8.375388145446777
2009-03-19,8.670206069946289
2009-03-20,8.328489303588867
2009-03-23,8.697007179260254
2009-03-24,8.824312210083008
2009-03-25,9.058819770812988
2009-03-26,9.534546852111816
2009-03-27,9.085623741149902
2009-03-30,8.623307228088379
2009-03-31,8.891312599182129
2009-04-01,9.480941772460938
2009-04-02,10.211278915405272
2009-04-03,10.693699836730955
2009-04-06,10.532893180847168
2009-04-07,9.675252914428713
2009-04-08,9.996869087219238
2009-04-09,10.117472648620604
2009-04-13,9.909762382507324
2009-04-14,9.775755882263184
2009-04-15,9.849461555480955
2009-04-16,10.09067153930664
2009-04-17,10.231379508972168
2009-04-20,9.775755882263184
2009-04-21,10.104079246520996
2009-04-22,9.882960319519045
2009-04-23,10.13087558746338
2009-04-24,10.271580696105955
2009-04-27,10.613296508789062
2009-04-28,9.84276294708252
2009-04-29,9.949966430664062
2009-04-30,9.795859336853027
2009-05-01,9.574748039245604
2009-05-04,9.983466148376465
2009-05-05,10.25147819519043
2009-05-06,10.526195526123049
2009-05-07,9.822662353515623
2009-05-08,9.762353897094728
2009-05-11,9.427340507507324
2009-05-12,9.320133209228516
2009-05-13,9.018624305725098
2009-05-14,9.434041976928713
2009-05-15,9.300031661987305
2009-05-18,9.480941772460938
2009-05-19,9.534546852111816
2009-05-20,9.74895477294922
2009-05-21,9.42064094543457
2009-05-22,9.54124355316162
2009-05-26,9.903061866760254
2009-05-27,9.795859336853027
2009-05-28,9.533649444580078
2009-05-29,9.883262634277344
2009-06-01,10.50180721282959
2009-06-02,10.427846908569336
2009-06-03,10.253045082092283
2009-06-04,10.508526802062988
2009-06-05,10.47491455078125
2009-06-08,10.44129753112793
2009-06-09,10.837967872619627
2009-06-10,10.81780242919922
2009-06-11,10.730399131774902
2009-06-12,10.683332443237305
2009-06-15,10.58248519897461
2009-06-16,10.3875093460083
2009-06-17,10.273211479187012
2009-06-18,10.32699966430664
2009-06-19,10.286660194396973
2009-06-22,10.19253635406494
2009-06-23,10.306830406188965
2009-06-24,10.367340087890623
2009-06-25,10.844693183898926
2009-06-26,11.006053924560549
2009-06-29,10.938822746276855
2009-06-30,10.797627449035645
2009-07-01,10.47491455078125
2009-07-02,10.17908763885498
2009-07-06,10.212703704833984
2009-07-07,9.66139030456543
2009-07-08,9.560540199279783
2009-07-09,9.708454132080078
2009-07-10,9.923599243164062
2009-07-13,10.132024765014648
2009-07-14,10.360614776611328
2009-07-15,10.76401710510254
2009-07-16,11.032944679260254
2009-07-17,11.18086051940918
2009-07-20,11.362385749816896
2009-07-21,11.234643936157228
2009-07-22,11.059843063354492
2009-07-23,11.288437843322754
2009-07-24,11.429622650146484
2009-07-27,11.093459129333496
2009-07-28,11.342218399047852
2009-07-29,11.281708717346191
2009-07-30,11.36910915374756
2009-07-31,11.429622650146484
2009-08-03,11.315327644348145
2009-08-04,11.268263816833496
2009-08-05,11.147239685058594
2009-08-06,11.167415618896484
2009-08-07,11.396004676818848
2009-08-10,11.012773513793944
2009-08-11,10.76401710510254
2009-08-12,10.91192626953125
2009-08-13,11.080007553100586
2009-08-14,10.669892311096191
2009-08-17,10.19253635406494
2009-08-18,10.676609992980955
2009-08-19,10.58248519897461
2009-08-20,10.683332443237305
2009-08-21,10.81780242919922
2009-08-24,10.703506469726562
2009-08-25,10.871588706970217
2009-08-26,10.790910720825195
2009-08-27,10.73021411895752
2009-08-28,10.73021411895752
2009-08-31,10.17043399810791
2009-09-01,10.00856590270996
2009-09-02,10.17043399810791
2009-09-03,10.25136375427246
2009-09-04,10.332297325134276
2009-09-08,10.372760772705078
2009-09-09,10.662766456604004
2009-09-10,10.905563354492188
2009-09-11,10.824628829956056
2009-09-14,10.66950798034668
2009-09-15,10.656023979187012
2009-09-16,10.642529487609863
2009-09-17,10.487414360046388
2009-09-18,10.29857063293457
2009-09-21,10.51439094543457
2009-09-22,10.494158744812012
2009-09-23,10.440203666687012
2009-09-24,10.069265365600586
2009-09-25,10.00856590270996
2009-09-28,10.17043399810791
2009-09-29,10.237873077392578
2009-09-30,10.32555103302002
2009-10-01,10.076006889343262
2009-10-02,9.81972885131836
2009-10-05,9.98833465576172
2009-10-06,10.453692436218262
2009-10-07,10.372760772705078
2009-10-08,10.440203666687012
2009-10-09,10.57508945465088
2009-10-12,10.622300148010254
2009-10-13,10.35926914215088
2009-10-14,10.770674705505373
2009-10-15,10.453692436218262
2009-10-16,10.366015434265137
2009-10-19,10.480668067932127
2009-10-20,10.487414360046388
2009-10-21,10.460436820983888
2009-10-22,10.521138191223145
2009-10-23,10.554856300354004
2009-10-26,10.460436820983888
2009-10-27,10.183916091918944
2009-10-28,9.974845886230469
2009-10-29,10.210894584655762
2009-10-30,9.853446006774902
2009-11-02,9.792750358581545
2009-11-03,9.839956283569336
2009-11-04,10.028800964355469
2009-11-05,10.29857063293457
2009-11-06,10.318808555603027
2009-11-09,10.656023979187012
2009-11-10,10.656023979187012
2009-11-11,10.986495018005373
2009-11-12,11.121789932250977
2009-11-13,11.26386260986328
2009-11-16,11.399160385131836
2009-11-17,11.473576545715332
2009-11-18,11.399160385131836
2009-11-19,11.20974063873291
2009-11-20,11.101496696472168
2009-11-23,11.155621528625488
2009-11-24,11.18267822265625
2009-11-25,11.405930519104004
2009-11-27,11.21650218963623
2009-11-30,11.28415584564209
2009-12-01,11.635940551757812
2009-12-02,12.055378913879396
2009-12-03,11.899776458740234
2009-12-04,12.400394439697266
2009-12-07,12.440978050231934
2009-12-08,12.102723121643066
2009-12-09,12.231268882751465
2009-12-10,12.319211959838867
2009-12-11,12.495104789733888
2009-12-14,12.73865032196045
2009-12-15,12.752182006835938
2009-12-16,12.670998573303224
2009-12-17,12.4883451461792
2009-12-18,12.495104789733888
2009-12-21,12.840127944946287
2009-12-22,13.01601791381836
2009-12-23,13.029548645019531
2009-12-24,13.049845695495604
2009-12-28,13.01601791381836
2009-12-29,12.995716094970703
2009-12-30,13.083667755126951
2009-12-31,13.06337070465088
2010-01-04,13.232502937316896
2010-01-05,13.279858589172363
2010-01-06,13.110724449157717
2010-01-07,13.239265441894531
2010-01-08,13.455750465393066
2010-01-11,13.861653327941896
2010-01-12,13.645174026489258
2010-01-13,13.739879608154297
2010-01-14,13.665465354919434
2010-01-15,13.300151824951172
2010-01-19,13.388094902038574
2010-01-20,13.374567031860352
2010-01-21,13.266324043273926
2010-01-22,12.555994033813477
2010-01-25,12.664228439331056
2010-01-26,12.616878509521484
2010-01-27,12.948362350463867
2010-01-28,12.589814186096191
2010-01-29,12.231268882751465
2010-02-01,12.285390853881836
2010-02-02,12.657466888427734
2010-02-03,12.819830894470217
2010-02-04,12.346273422241213
2010-02-05,12.210973739624023
2010-02-08,12.0689058303833
2010-02-09,12.014788627624512
2010-02-10,11.852426528930664
2010-02-11,12.143320083618164
2010-02-12,12.102723121643066
2010-02-16,12.2786226272583
2010-02-17,12.183910369873049
2010-02-18,12.170384407043455
2010-02-19,12.373335838317873
2010-02-22,12.014788627624512
2010-02-23,11.642704963684082
2010-02-24,11.873390197753906
2010-02-25,11.873390197753906
2010-02-26,11.961587905883787
2010-03-01,12.056578636169434
2010-03-02,11.948018074035645
2010-03-03,11.948018074035645
2010-03-04,11.880173683166504
2010-03-05,12.280481338500977
2010-03-08,12.450096130371094
2010-03-09,12.484020233154297
2010-03-10,12.53829860687256
2010-03-11,12.450096130371094
2010-03-12,12.239765167236328
2010-03-15,12.266905784606934
2010-03-16,12.53829860687256
2010-03-17,12.809688568115234
2010-03-18,13.05393886566162
2010-03-19,13.155712127685549
2010-03-22,13.176071166992188
2010-03-23,13.352476119995115
2010-03-24,13.203206062316896
2010-03-25,13.359257698059082
2010-03-26,13.427105903625488
2010-03-29,13.637436866760254
2010-03-30,13.684928894042969
2010-03-31,13.712063789367676
2010-04-01,13.827410697937012
2010-04-05,14.017382621765137
2010-04-06,13.87490177154541
2010-04-07,13.617074966430664
2010-04-08,13.44745635986328
2010-04-09,13.345687866210938
2010-04-12,13.556022644042969
2010-04-13,13.58993911743164
2010-04-14,13.779913902282717
2010-04-15,13.718853950500488
2010-04-16,13.501744270324709
2010-04-19,13.556022644042969
2010-04-20,13.637436866760254
2010-04-21,13.840981483459473
2010-04-22,14.037742614746094
2010-04-23,14.139504432678224
2010-04-26,14.193787574768066
2010-04-27,13.651004791259766
2010-04-28,13.617074966430664
2010-04-29,13.528875350952148
2010-04-30,13.060729026794434
2010-05-03,13.440674781799316
2010-05-04,12.850397109985352
2010-05-05,12.667211532592772
2010-05-06,11.873390197753906
2010-05-07,11.900531768798828
2010-05-10,12.490806579589844
2010-05-11,12.361892700195312
2010-05-12,12.572224617004396
2010-05-13,12.565438270568848
2010-05-14,12.185486793518066
2010-05-17,12.429738998413086
2010-05-18,12.239765167236328
2010-05-19,11.900531768798828
2010-05-20,11.405238151550291
2010-05-21,11.520580291748049
2010-05-24,11.439166069030762
2010-05-25,11.500224113464355
2010-05-26,11.459394454956056
2010-05-27,11.922126770019531
2010-05-28,11.860885620117188
2010-06-01,11.15998077392578
2010-06-02,11.452594757080078
2010-06-03,11.438980102539062
2010-06-04,11.044297218322754
2010-06-07,10.887787818908691
2010-06-08,11.602299690246582
2010-06-09,11.765612602233888
2010-06-10,12.119467735290527
2010-06-11,12.344030380249023
2010-06-14,12.500535011291504
2010-06-15,12.7523193359375
2010-06-16,12.425684928894045
2010-06-17,12.45970344543457
2010-06-18,12.4052734375
2010-06-21,12.53456687927246
2010-06-22,12.337223052978516
2010-06-23,12.344030380249023
2010-06-24,12.037811279296877
2010-06-25,11.792837142944336
2010-06-28,11.738394737243652
2010-06-29,11.200813293457031
2010-06-30,10.989862442016602
2010-07-01,10.989862442016602
2010-07-02,11.112345695495604
2010-07-06,11.146368980407717
2010-07-07,11.62271213531494
2010-07-08,11.840465545654297
2010-07-09,11.91532039642334
2010-07-12,11.779226303100586
2010-07-13,12.065028190612791
2010-07-14,12.04461669921875
2010-07-15,11.9901762008667
2010-07-16,11.541051864624023
2010-07-19,11.554667472839355
2010-07-20,11.336908340454102
2010-07-21,11.432174682617188
2010-07-22,12.31680965423584
2010-07-23,12.255558967590332
2010-07-26,12.180710792541504
2010-07-27,12.248757362365724
2010-07-28,12.017394065856934
2010-07-29,12.357640266418455
2010-07-30,12.33042049407959
2010-08-02,13.031311988830566
2010-08-03,12.956466674804688
2010-08-04,13.092556953430176
2010-08-05,13.078948974609377
2010-08-06,12.7931547164917
2010-08-09,12.888413429260254
2010-08-10,12.623027801513672
2010-08-11,12.282785415649414
2010-08-12,11.90851879119873
2010-08-13,11.479811668395996
2010-08-16,11.262052536010742
2010-08-17,11.275662422180176
2010-08-18,11.377734184265137
2010-08-19,10.90820026397705
2010-08-20,10.955835342407228
2010-08-23,10.846954345703123
2010-08-24,10.697250366210938
2010-08-25,11.010272979736328
2010-08-26,10.791845321655272
2010-08-27,10.907882690429688
2010-08-30,10.887407302856444
2010-08-31,10.703105926513672
2010-09-01,11.13996696472168
2010-09-02,11.228703498840332
2010-09-03,11.474438667297363
2010-09-07,11.501741409301758
2010-09-08,11.399354934692385
2010-09-09,11.12631607055664
2010-09-10,10.976143836975098
2010-09-13,11.474438667297363
2010-09-14,12.020513534545898
2010-09-15,11.699699401855469
2010-09-16,11.624614715576172
2010-09-17,11.604135513305664
2010-09-20,12.020513534545898
2010-09-21,12.020513534545898
2010-09-22,11.713348388671877
2010-09-23,11.877168655395508
2010-09-24,12.116079330444336
2010-09-27,12.122907638549805
2010-09-28,12.471029281616213
2010-09-29,12.546116828918455
2010-09-30,12.477858543395996
2010-10-01,12.443727493286133
2010-10-04,12.232125282287598
2010-10-05,12.634848594665527
2010-10-06,12.532462120056152
2010-10-07,12.43690013885498
2010-10-08,12.539284706115724
2010-10-11,12.498327255249023
2010-10-12,12.593897819519045
2010-10-13,12.764546394348145
2010-10-14,12.552935600280762
2010-10-15,12.819156646728516
2010-10-18,12.873764991760254
2010-10-19,12.484685897827148
2010-10-20,12.655333518981934
2010-10-21,12.64850616455078
2010-10-22,12.696290016174316
2010-10-25,12.771371841430664
2010-10-26,12.600726127624512
2010-10-27,12.58025074005127
2010-10-28,12.62120246887207
2010-10-29,12.477858543395996
2010-11-01,12.628028869628906
2010-11-02,12.511984825134276
2010-11-03,12.689456939697266
2010-11-04,12.914721488952637
2010-11-05,12.88741397857666
2010-11-08,12.955674171447754
2010-11-09,12.948845863342283
2010-11-10,12.82597541809082
2010-11-11,12.703113555908203
2010-11-12,12.539284706115724
2010-11-15,12.422924041748049
2010-11-16,11.943808555603027
2010-11-17,11.936964988708496
2010-11-18,12.135457992553713
2010-11-19,12.203904151916504
2010-11-22,12.320263862609863
2010-11-23,12.142300605773926
2010-11-24,12.422924041748049
2010-11-26,12.395552635192873
2010-11-29,12.203904151916504
2010-11-30,12.087549209594728
2010-12-01,12.347640991210938
2010-12-02,12.813067436218262
2010-12-03,12.826756477355955
2010-12-06,12.792540550231934
2010-12-07,12.758317947387695
2010-12-08,12.908897399902344
2010-12-09,13.004725456237791
2010-12-10,12.888365745544434
2010-12-13,13.21005916595459
2010-12-14,12.91574764251709
2010-12-15,12.758317947387695
2010-12-16,12.83360481262207
2010-12-17,12.997881889343262
2010-12-20,12.94996452331543
2010-12-21,13.168997764587402
2010-12-22,13.299038887023926
2010-12-23,13.27165699005127
2010-12-27,13.28534984588623
2010-12-28,13.23743724822998
2010-12-29,13.189525604248049
2010-12-30,13.24428367614746
2010-12-31,13.223748207092283
2011-01-03,13.13476848602295
2011-01-04,13.05263614654541
2011-01-05,12.991031646728516
2011-01-06,13.353795051574709
2011-01-07,13.319572448730469
2011-01-10,13.346952438354492
2011-01-11,13.333260536193848
2011-01-12,13.641274452209473
2011-01-13,13.58651351928711
2011-01-14,13.559127807617188
2011-01-18,13.579667091369627
2011-01-19,13.456465721130373
2011-01-20,13.264812469482422
2011-01-21,13.2305908203125
2011-01-24,13.442771911621094
2011-01-25,14.517373085021973
2011-01-26,14.90752124786377
2011-01-27,15.167610168457031
2011-01-28,14.921201705932615
2011-01-31,15.201836585998535
2011-02-01,15.530381202697754
2011-02-02,15.59881591796875
2011-02-03,15.448241233825684
2011-02-04,15.995811462402344
2011-02-07,15.530381202697754
2011-02-08,15.475624084472656
2011-02-09,15.60566234588623
2011-02-10,15.167610168457031
2011-02-11,15.304506301879885
2011-02-14,15.222368240356444
2011-02-15,14.955436706542969
2011-02-16,15.249750137329102
2011-02-17,15.715174674987791
2011-02-18,15.899982452392578
2011-02-22,15.468775749206545
2011-02-23,15.318194389343262
2011-02-24,15.61316967010498
2011-02-25,15.503414154052734
2011-02-28,15.818968772888184
2011-03-01,15.112404823303224
2011-03-02,15.31133270263672
2011-03-03,15.674911499023438
2011-03-04,15.72292709350586
2011-03-07,15.496548652648926
2011-03-08,15.565155029296877
2011-03-09,15.208430290222168
2011-03-10,14.62533950805664
2011-03-11,14.618483543395996
2011-03-14,14.693942070007324
2011-03-15,14.467569351196287
2011-03-16,14.08340835571289
2011-03-17,14.206886291503906
2011-03-18,14.23432731628418
2011-03-21,14.248046875
2011-03-22,14.268620491027832
2011-03-23,14.30292510986328
2011-03-24,14.645919799804688
2011-03-25,14.72138214111328
2011-03-28,14.71452522277832
2011-03-29,14.481287002563477
2011-03-30,14.268620491027832
2011-03-31,14.15200901031494
2011-04-01,14.13828945159912
2011-04-04,14.117705345153809
2011-04-05,13.994230270385742
2011-04-06,13.987366676330566
2011-04-07,13.857032775878906
2011-04-08,13.43171501159668
2011-04-11,13.445438385009766
2011-04-12,13.15731716156006
2011-04-13,13.26707935333252
2011-04-14,13.45915699005127
2011-04-15,13.562053680419922
2011-04-18,13.36998176574707
2011-04-19,13.507174491882324
2011-04-20,14.042250633239746
2011-04-21,13.987366676330566
2011-04-25,13.905048370361328
2011-04-26,14.131426811218262
2011-04-27,14.460704803466797
2011-04-28,14.43326473236084
2011-04-29,14.364667892456056
2011-05-02,14.241188049316406
2011-05-03,14.13828945159912
2011-05-04,13.987366676330566
2011-05-05,13.795295715332031
2011-05-06,13.925629615783691
2011-05-09,14.289207458496094
2011-05-10,14.371526718139648
2011-05-11,14.248046875
2011-05-12,14.440128326416016
2011-05-13,14.220610618591309
2011-05-16,14.110843658447266
2011-05-17,13.911913871765137
2011-05-18,13.9324951171875
2011-05-19,13.87761116027832
2011-05-20,13.685531616210938
2011-05-23,13.363119125366213
2011-05-24,13.411134719848633
2011-05-25,13.43171501159668
2011-05-26,13.569266319274902
2011-05-27,13.665553092956545
2011-05-31,13.85811996459961
2011-06-01,13.562386512756348
2011-06-02,13.39044952392578
2011-06-03,13.087843894958496
2011-06-06,12.97092628479004
2011-06-07,12.99155616760254
2011-06-08,12.833372116088867
2011-06-09,12.867762565612791
2011-06-10,12.633930206298828
2011-06-13,12.572032928466797
2011-06-14,12.743971824645996
2011-06-15,12.36570644378662
2011-06-16,12.345075607299805
2011-06-17,12.241908073425291
2011-06-20,12.32444190979004
2011-06-21,12.145627975463867
2011-06-22,12.193769454956056
2011-06-23,12.235034942626951
2011-06-24,12.06997776031494
2011-06-27,11.946179389953612
2011-06-28,12.06997776031494
2011-06-29,12.152503967285156
2011-06-30,12.482621192932127
2011-07-01,12.750849723815918
2011-07-05,12.59266185760498
2011-07-06,12.544523239135742
2011-07-07,12.510138511657717
2011-07-08,12.283180236816406
2011-07-11,11.863654136657717
2011-07-12,11.616061210632324
2011-07-13,11.629815101623535
2011-07-14,11.389104843139648
2011-07-15,11.512900352478027
2011-07-18,11.3478422164917
2011-07-19,11.588553428649902
2011-07-20,11.595429420471191
2011-07-21,11.691718101501465
2011-07-22,11.788000106811523
2011-07-25,11.705473899841309
2011-07-26,11.891160011291504
2011-07-27,11.031475067138672
2011-07-28,11.003966331481934
2011-07-29,10.94207000732422
2011-08-01,10.749500274658203
2011-08-02,10.405630111694336
2011-08-03,10.57756233215332
2011-08-04,9.965465545654297
2011-08-05,9.848550796508787
2011-08-08,9.208945274353027
2011-08-09,9.862305641174316
2011-08-10,9.078269958496094
2011-08-11,9.79353141784668
2011-08-12,9.903571128845217
2011-08-15,10.701359748840332
2011-08-16,10.426259994506836
2011-08-17,10.364362716674805
2011-08-18,9.903571128845217
2011-08-19,9.848550796508787
2011-08-22,9.73850917816162
2011-08-23,10.034242630004885
2011-08-24,9.944835662841797
2011-08-25,9.642227172851562
2011-08-26,9.882938385009766
2011-08-29,10.41435432434082
2011-08-30,10.241814613342283
2011-08-31,10.372943878173828
2011-09-01,10.172799110412598
2011-09-02,9.744908332824709
2011-09-06,9.689697265625
2011-09-07,10.02786922454834
2011-09-08,9.910544395446776
2011-09-09,9.372225761413574
2011-09-12,9.3239164352417
2011-09-13,9.45504379272461
2011-09-14,9.468847274780272
2011-09-15,9.606877326965332
2011-09-16,9.620681762695312
2011-09-19,9.227296829223633
2011-09-20,9.261801719665527
2011-09-21,8.896024703979492
2011-09-22,8.371509552001953
2011-09-23,8.523344039916992
2011-09-26,8.51644515991211
2011-09-27,8.820109367370605
2011-09-28,8.619963645935059
2011-09-29,8.737290382385254
2011-09-30,8.530244827270508
2011-10-03,8.198972702026367
2011-10-04,8.212775230407715
2011-10-05,8.695881843566895
2011-10-06,9.317015647888184
2011-10-07,9.247997283935549
2011-10-10,9.475750923156738
2011-10-11,9.45504379272461
2011-10-12,9.358423233032228
2011-10-13,9.358423233032228
2011-10-14,9.461947441101074
2011-10-17,9.013348579406738
2011-10-18,9.386030197143556
2011-10-19,9.14447784423828
2011-10-20,9.096169471740724
2011-10-21,9.48264980316162
2011-10-24,9.862234115600586
2011-10-25,9.468847274780272
2011-10-26,9.75181007385254
2011-10-27,10.64210605621338
2011-10-28,10.56618595123291
2011-10-31,9.862234115600586
2011-11-01,9.586174011230469
2011-11-02,9.634482383728027
2011-11-03,9.910544395446776
2011-11-04,10.034772872924805
2011-11-07,10.186602592468262
2011-11-08,10.276320457458496
2011-11-09,9.813926696777344
2011-11-10,10.055474281311035
2011-11-11,10.483368873596191
2011-11-14,10.639423370361328
2011-11-15,10.77120304107666
2011-11-16,10.701844215393066
2011-11-17,10.431351661682127
2011-11-18,10.403607368469238
2011-11-21,10.077627182006836
2011-11-22,10.022141456604004
2011-11-23,9.744711875915527
2011-11-25,9.675354957580566
2011-11-28,10.251019477844238
2011-11-29,9.148240089416504
2011-11-30,9.203725814819336
2011-12-01,9.342439651489258
2011-12-02,9.169042587280272
2011-12-05,9.4464750289917
2011-12-06,9.626805305480955
2011-12-07,9.710031509399414
2011-12-08,9.377116203308104
2011-12-09,9.56438159942627
2011-12-12,9.349376678466797
2011-12-13,9.113557815551758
2011-12-14,9.113557815551758
2011-12-15,9.13436794281006
2011-12-16,9.071945190429688
2011-12-19,8.718222618103027
2011-12-20,8.725159645080566
2011-12-21,8.704353332519531
2011-12-22,9.037261962890623
2011-12-23,9.280016899108888
2011-12-27,9.15517234802246
2011-12-28,8.96790599822998
2011-12-29,9.051138877868652
2011-12-30,9.002586364746094
2012-01-03,9.044203758239746
2012-01-04,9.13436794281006
2012-01-05,9.21065902709961
2012-01-06,9.377116203308104
2012-01-09,9.529699325561523
2012-01-10,9.703097343444824
2012-01-11,9.93197536468506
2012-01-12,9.848747253417969
2012-01-13,9.710031509399414
2012-01-17,9.81407070159912
2012-01-18,9.9042329788208
2012-01-19,10.022141456604004
2012-01-20,10.00133228302002
2012-01-23,9.966656684875488
2012-01-24,10.140049934387209
2012-01-25,9.051138877868652
2012-01-26,8.787583351135254
2012-01-27,8.752900123596191
2012-01-30,8.745963096618652
2012-01-31,8.926294326782227
2012-02-01,8.947104454040527
2012-02-02,8.974846839904785
2012-02-03,9.418729782104492
2012-02-06,9.522770881652832
2012-02-07,9.536639213562012
2012-02-08,9.536639213562012
2012-02-09,9.56438159942627
2012-02-10,9.432604789733888
2012-02-13,9.481154441833496
2012-02-14,9.349376678466797
2012-02-15,9.377116203308104
2012-02-16,9.578255653381348
2012-02-17,9.599061965942385
2012-02-21,9.550514221191406
2012-02-22,9.404862403869627
2012-02-23,9.418729782104492
2012-02-24,9.536639213562012
2012-02-27,9.428545951843262
2012-02-28,9.303019523620604
2012-02-29,9.093806266784668
2012-03-01,9.0449857711792
2012-03-02,9.058935165405272
2012-03-05,8.982221603393555
2012-03-06,8.933405876159668
2012-03-07,9.038013458251951
2012-03-08,9.351836204528809
2012-03-09,9.26815128326416
2012-03-12,9.379730224609377
2012-03-13,9.69355010986328
2012-03-14,9.79815673828125
2012-03-15,9.902761459350586
2012-03-16,9.99342441558838
2012-03-19,9.958551406860352
2012-03-20,9.79815673828125
2012-03-21,9.714468955993652
2012-03-22,9.665650367736816
2012-03-23,9.777234077453612
2012-03-26,10.049208641052246
2012-03-27,9.90973663330078
2012-03-28,9.777234077453612
2012-03-29,9.78421115875244
2012-03-30,9.81907558441162
2012-04-02,9.69355010986328
2012-04-03,9.672630310058594
2012-04-04,9.554071426391602
2012-04-05,9.442490577697754
2012-04-09,9.400652885437012
2012-04-10,9.337885856628418
2012-04-11,9.435521125793455
2012-04-12,9.574996948242188
2012-04-13,9.470385551452637
2012-04-16,9.463417053222656
2012-04-17,9.554071426391602
2012-04-18,9.442490577697754
2012-04-19,9.435521125793455
2012-04-20,9.191436767578123
2012-04-23,9.212359428405762
2012-04-24,9.30998992919922
2012-04-25,9.972501754760742
2012-04-26,9.972501754760742
2012-04-27,10.077107429504396
2012-04-30,10.007369041442873
2012-05-01,9.98644733428955
2012-05-02,9.944605827331545
2012-05-03,9.763286590576172
2012-05-04,9.533151626586914
2012-05-07,9.484339714050291
2012-05-08,9.31696891784668
2012-05-09,9.330915451049805
2012-05-10,9.289072036743164
2012-05-11,9.282097816467283
2012-05-14,9.282097816467283
2012-05-15,9.177491188049316
2012-05-16,9.010119438171388
2012-05-17,8.940380096435547
2012-05-18,8.89156723022461
2012-05-21,9.191436767578123
2012-05-22,9.142619132995604
2012-05-23,8.905512809753418
2012-05-24,8.933405876159668
2012-05-25,9.00314712524414
2012-05-29,9.189027786254885
2012-05-30,9.020682334899902
2012-05-31,9.11186981201172
2012-06-01,8.845317840576172
2012-06-04,8.58578109741211
2012-06-05,8.747113227844238
2012-06-06,8.99963665008545
2012-06-07,9.048742294311523
2012-06-08,9.210075378417969
2012-06-11,9.055755615234377
2012-06-12,9.245147705078123
2012-06-13,9.15395736694336
2012-06-14,9.132914543151855
2012-06-15,9.125898361206056
2012-06-18,9.189027786254885
2012-06-19,9.2942476272583
2012-06-20,9.301263809204102
2012-06-21,8.96456527709961
2012-06-22,9.020682334899902
2012-06-25,8.733084678649902
2012-06-26,8.7190580368042
2012-06-27,8.831289291381836
2012-06-28,8.831289291381836
2012-06-29,9.069783210754396
2012-07-02,9.055755615234377
2012-07-03,9.175000190734863
2012-07-05,9.118886947631836
2012-07-06,8.971582412719727
2012-07-09,8.887407302856445
2012-07-10,8.796215057373047
2012-07-11,8.712042808532715
2012-07-12,8.64891242980957
2012-07-13,8.641897201538086
2012-07-16,8.59279727935791
2012-07-17,8.655925750732422
2012-07-18,8.690997123718262
2012-07-19,8.740102767944336
2012-07-20,8.606823921203613
2012-07-23,8.501606941223145
2012-07-24,8.466535568237305
2012-07-25,7.814183712005615
2012-07-26,7.877309799194336
2012-07-27,8.087748527526855
2012-07-30,8.010592460632324
2012-07-31,8.003572463989258
2012-08-01,7.933431625366211
2012-08-02,7.877309799194336
2012-08-03,7.954473972320557
2012-08-06,7.912386894226074
2012-08-07,8.087748527526855
2012-08-08,8.143867492675781
2012-08-09,8.129836082458496
2012-08-10,8.115808486938477
2012-08-13,8.080738067626953
2012-08-14,8.080738067626953
2012-08-15,8.129836082458496
2012-08-16,8.242067337036133
2012-08-17,8.410418510437012
2012-08-20,8.410418510437012
2012-08-21,8.319229125976562
2012-08-22,8.228035926818848
2012-08-23,8.10177993774414
2012-08-24,8.080738067626953
2012-08-27,8.129836082458496
2012-08-28,8.192968368530273
2012-08-29,8.302396774291992
2012-08-30,8.2035551071167
2012-08-31,8.464774131774902
2012-09-04,8.408291816711426
2012-09-05,8.365933418273926
2012-09-06,8.683629035949707
2012-09-07,8.860126495361328
2012-09-10,8.881303787231445
2012-09-11,9.01544189453125
2012-09-12,8.966020584106445
2012-09-13,9.078978538513184
2012-09-14,9.262532234191896
2012-09-17,9.093097686767578
2012-09-18,8.987204551696777
2012-09-19,9.093097686767578
2012-09-20,9.248414039611816
2012-09-21,9.333131790161133
2012-09-24,9.354315757751465
2012-09-25,9.12840175628662
2012-09-26,9.078978538513184
2012-09-27,9.389610290527344
2012-09-28,9.283716201782228
2012-10-01,9.241358757019045
2012-10-02,9.34725570678711
2012-10-03,9.446093559265137
2012-10-04,9.460211753845217
2012-10-05,9.389610290527344
2012-10-08,9.38255214691162
2012-10-09,9.206056594848633
2012-10-10,9.1425199508667
2012-10-11,9.191938400268556
2012-10-12,9.16369915008545
2012-10-15,9.234295845031738
2012-10-16,9.57317066192627
2012-10-17,9.763788223266602
2012-10-18,9.700244903564451
2012-10-19,9.544928550720217
2012-10-22,9.544928550720217
2012-10-23,9.46727466583252
2012-10-24,8.57773208618164
2012-10-25,8.535371780395508
2012-10-26,8.344755172729492
2012-10-31,8.295337677001953
2012-11-01,8.288276672363281
2012-11-02,8.26003360748291
2012-11-05,8.365933418273926
2012-11-06,8.40123462677002
2012-11-07,8.125897407531738
2012-11-08,8.04824161529541
2012-11-09,8.005880355834961
2012-11-12,7.956463813781738
2012-11-13,7.878804683685303
2012-11-14,7.786277770996094
2012-11-15,7.743574619293213
2012-11-16,7.757810115814209
2012-11-19,7.864569187164307
2012-11-20,7.957092761993408
2012-11-21,7.9143877029418945
2012-11-23,8.035383224487305
2012-11-26,8.07808780670166
2012-11-27,8.63322925567627
2012-11-28,8.697290420532227
2012-11-29,8.775578498840332
2012-11-30,8.704402923583984
2012-12-03,8.647467613220215
2012-12-04,8.697290420532227
2012-12-05,8.811164855957031
2012-12-06,8.882336616516113
2012-12-07,8.925041198730469
2012-12-10,8.989095687866211
2012-12-11,8.967745780944824
2012-12-12,9.060270309448242
2012-12-13,9.06738567352295
2012-12-14,8.981979370117188
2012-12-17,9.003329277038574
2012-12-18,9.245317459106444
2012-12-19,9.088739395141602
2012-12-20,9.102972030639648
2012-12-21,8.967745780944824
2012-12-24,9.06738567352295
2012-12-26,8.960624694824219
2012-12-27,8.953507423400879
2012-12-28,8.875218391418457
2012-12-31,8.981979370117188
2013-01-02,9.152793884277344
2013-01-03,9.088739395141602
2013-01-04,9.060270309448242
2013-01-07,8.989095687866211
2013-01-08,8.882336616516113
2013-01-09,8.825398445129395
2013-01-10,8.996217727661133
2013-01-11,8.860982894897461
2013-01-14,8.896573066711426
2013-01-15,8.981979370117188
2013-01-16,8.910805702209473
2013-01-17,8.75422477722168
2013-01-18,8.611881256103516
2013-01-22,8.761341094970703
2013-01-23,8.704402923583984
2013-01-24,8.654582977294922
2013-01-25,8.711522102355957
2013-01-28,8.647467613220215
2013-01-29,8.704402923583984
2013-01-30,8.540709495544434
2013-01-31,8.540709495544434
2013-02-01,8.476652145385742
2013-02-04,8.391246795654297
2013-02-05,8.512240409851074
2013-02-06,8.668816566467285
2013-02-07,8.768460273742676
2013-02-08,8.739990234375
2013-02-11,8.853866577148438
2013-02-12,8.946391105651855
2013-02-13,9.095853805541992
2013-02-14,9.21685028076172
2013-02-15,9.102972030639648
2013-02-19,9.18126106262207
2013-02-20,8.989095687866211
2013-02-21,8.903688430786133
2013-02-22,8.974860191345215
2013-02-25,8.789813041687012
2013-02-26,8.811318397521973
2013-02-27,9.026407241821287
2013-02-28,9.040741920471191
2013-03-01,8.97622299194336
2013-03-04,8.875845909118652
2013-03-05,8.97622299194336
2013-03-06,9.004898071289062
2013-03-07,9.076589584350586
2013-03-08,9.112441062927246
2013-03-11,9.05508518218994
2013-03-12,9.083765029907228
2013-03-13,9.06225299835205
2013-03-14,9.184137344360352
2013-03-15,9.262995719909668
2013-03-18,9.212815284729004
2013-03-19,9.198474884033203
2013-03-20,9.449408531188965
2013-03-21,9.313185691833496
2013-03-22,9.356205940246582
2013-03-25,9.327527046203612
2013-03-26,9.39922046661377
2013-03-27,9.427896499633787
2013-03-28,9.5569486618042
2013-04-01,9.5569486618042
2013-04-02,9.5569486618042
2013-04-03,9.564120292663574
2013-04-04,9.564120292663574
2013-04-05,9.542611122131348
2013-04-08,9.571290016174316
2013-04-09,9.571290016174316
2013-04-10,9.607137680053713
2013-04-11,9.585628509521484
2013-04-12,9.535440444946287
2013-04-15,9.413558959960938
2013-04-16,9.449408531188965
2013-04-17,9.29167652130127
2013-04-18,9.363369941711426
2013-04-19,9.205645561218262
2013-04-22,9.191302299499512
2013-04-23,9.413558959960938
2013-04-24,9.929763793945312
2013-04-25,10.20220184326172
2013-04-26,10.20220184326172
2013-04-29,10.331255912780762
2013-04-30,10.395782470703123
2013-05-01,10.27389907836914
2013-05-02,10.30257511138916
2013-05-03,10.661055564880373
2013-05-06,10.668219566345217
2013-05-07,10.661055564880373
2013-05-08,10.668219566345217
2013-05-09,10.797273635864258
2013-05-10,10.825950622558594
2013-05-13,10.926325798034668
2013-05-14,11.13424015045166
2013-05-15,11.241780281066896
2013-05-16,11.07688331604004
2013-05-17,11.571581840515137
2013-05-20,11.693463325500488
2013-05-21,11.607428550720217
2013-05-22,11.327817916870115
2013-05-23,11.291972160339355
2013-05-24,11.227444648742676
2013-05-28,11.299137115478516
2013-05-29,11.248627662658691
2013-05-30,11.248627662658691
2013-05-31,11.089893341064451
2013-06-03,11.328001976013184
2013-06-04,11.234197616577148
2013-06-05,10.815716743469238
2013-06-06,10.830147743225098
2013-06-07,11.097110748291016
2013-06-10,10.98166847229004
2013-06-11,10.815716743469238
2013-06-12,10.664196014404297
2013-06-13,10.887866973876951
2013-06-14,10.76520824432373
2013-06-17,10.90229606628418
2013-06-18,10.960018157958984
2013-06-19,10.772420883178713
2013-06-20,10.325077056884766
2013-06-21,10.2889986038208
2013-06-24,10.072540283203123
2013-06-25,10.252922058105469
2013-06-26,10.339506149291992
2013-06-27,10.317858695983888
2013-06-28,10.267349243164062
2013-07-01,10.426085472106934
2013-07-02,10.40444278717041
2013-07-03,10.303428649902344
2013-07-05,10.47659683227539
2013-07-08,10.498242378234863
2013-07-09,10.656980514526367
2013-07-10,10.678624153137209
2013-07-11,10.85179042816162
2013-07-12,10.844573974609377
2013-07-15,10.887866973876951
2013-07-16,10.837361335754396
2013-07-17,10.693053245544434
2013-07-18,10.671409606933594
2013-07-19,10.90229606628418
2013-07-22,10.815716743469238
2013-07-23,10.837361335754396
2013-07-24,10.923943519592283
2013-07-25,11.02495574951172
2013-07-26,11.00330924987793
2013-07-29,11.104325294494627
2013-07-30,10.960018157958984
2013-07-31,10.960018157958984
2013-08-01,11.147616386413574
2013-08-02,11.111541748046877
2013-08-05,11.068249702453612
2013-08-06,10.87343692779541
2013-08-07,10.844573974609377
2013-08-08,10.916728973388672
2013-08-09,10.887866973876951
2013-08-12,10.90229606628418
2013-08-13,10.974452018737791
2013-08-14,10.909515380859377
2013-08-15,10.7579927444458
2013-08-16,10.844573974609377
2013-08-19,10.620902061462402
2013-08-20,10.440518379211426
2013-08-21,10.498242378234863
2013-08-22,10.548750877380373
2013-08-23,10.656980514526367
2013-08-26,10.642549514770508
2013-08-27,10.260139465332031
2013-08-28,10.296468734741213
2013-08-29,10.30373477935791
2013-08-30,10.20201015472412
2013-09-03,10.114809036254885
2013-09-04,10.30373477935791
2013-09-05,10.499924659729004
2013-09-06,10.463594436645508
2013-09-09,10.63072395324707
2013-09-10,10.797846794128418
2013-09-11,10.819647789001465
2013-09-12,10.528993606567385
2013-09-13,10.63798999786377
2013-09-16,10.528993606567385
2013-09-17,10.645256996154783
2013-09-18,10.91411304473877
2013-09-19,10.8051176071167
2013-09-20,10.659788131713867
2013-09-23,10.768784523010254
2013-09-24,10.812378883361816
2013-09-25,10.841448783874512
2013-09-26,10.85598087310791
2013-09-27,10.703387260437012
2013-09-30,10.601655960083008
2013-10-01,10.710652351379396
2013-10-02,10.558059692382812
2013-10-03,10.390932083129885
2013-10-04,10.63072395324707
2013-10-07,10.521729469299316
2013-10-08,10.17294216156006
2013-10-09,10.180206298828123
2013-10-10,10.507197380065918
2013-10-11,10.499924659729004
2013-10-14,10.470863342285156
2013-10-15,10.369134902954102
2013-10-16,10.47812843322754
2013-10-17,10.77605152130127
2013-10-18,10.899582862854004
2013-10-21,10.964977264404297
2013-10-22,11.153904914855955
2013-10-23,12.730713844299316
2013-10-24,12.701640129089355
2013-10-25,12.607181549072266
2013-10-28,12.570847511291504
2013-10-29,12.72344207763672
2013-10-30,12.352853775024414
2013-10-31,12.418251037597656
2013-11-01,12.447319984436035
2013-11-04,12.541783332824709
2013-11-05,11.989537239074709
2013-11-06,12.02586841583252
2013-11-07,11.851475715637209
2013-11-08,12.047667503356934
2013-11-11,12.05493450164795
2013-11-12,12.156664848327637
2013-11-13,12.317484855651855
2013-11-14,12.273625373840332
2013-11-15,12.434449195861816
2013-11-18,12.266315460205078
2013-11-19,12.324798583984377
2013-11-20,12.310174942016602
2013-11-21,12.529474258422852
2013-11-22,12.617199897766112
2013-11-25,12.485614776611328
2013-11-26,12.485614776611328
2013-11-27,12.55140781402588
2013-11-29,12.485614776611328
2013-12-02,12.470996856689451
2013-12-03,12.266315460205078
2013-12-04,12.266315460205078
2013-12-05,12.156662940979004
2013-12-06,12.507550239562988
2013-12-09,12.441761016845703
2013-12-10,12.617199897766112
2013-12-11,12.38327693939209
2013-12-12,12.434449195861816
2013-12-13,12.33941650390625
2013-12-16,12.463687896728516
2013-12-17,12.58795928955078
2013-12-18,12.69761085510254
2013-12-19,12.734158515930176
2013-12-20,12.74147129058838
2013-12-23,12.836505889892578
2013-12-24,12.894986152648926
2013-12-26,12.960776329040527
2013-12-27,12.990013122558594
2013-12-30,12.997325897216797
2013-12-31,13.026565551757812
2014-01-02,12.990013122558594
2014-01-03,13.077733039855955
2014-01-06,12.960776329040527
2014-01-07,13.041184425354004
2014-01-08,13.14352035522461
2014-01-09,13.158146858215332
2014-01-10,13.37013339996338
2014-01-13,13.172764778137209
2014-01-14,13.516340255737305
2014-01-15,13.457857131958008
2014-01-16,13.530962944030762
2014-01-17,13.721023559570312
2014-01-21,13.713715553283691
2014-01-22,13.889153480529783
2014-01-23,13.874533653259276
2014-01-24,13.311657905578612
2014-01-27,13.318964004516602
2014-01-28,12.500237464904783
2014-01-29,12.54409408569336
2014-01-30,12.704919815063477
2014-01-31,12.580647468566896
2014-02-03,12.463687896728516
2014-02-04,12.56602668762207
2014-02-05,12.829193115234377
2014-02-06,13.216623306274414
2014-02-07,13.42131233215332
2014-02-10,13.472471237182615
2014-02-11,13.742949485778809
2014-02-12,13.89646339416504
2014-02-13,13.95494270324707
2014-02-14,13.96956729888916
2014-02-18,13.947630882263184
2014-02-19,13.830673217773438
2014-02-20,13.889153480529783
2014-02-21,13.940320014953612
2014-02-24,14.115764617919922
2014-02-25,14.09383487701416
2014-02-26,14.1599702835083
2014-02-27,14.211403846740724
2014-02-28,14.1599702835083
2014-03-03,13.990960121154783
2014-03-04,14.3289794921875
2014-03-05,14.446551322937012
2014-03-06,14.358369827270508
2014-03-07,14.431854248046877
2014-03-10,14.24814510345459
2014-03-11,14.152624130249023
2014-03-12,14.182010650634766
2014-03-13,14.086484909057615
2014-03-14,13.866039276123049
2014-03-17,14.057095527648926
2014-03-18,14.189361572265623
2014-03-19,13.990960121154783
2014-03-20,14.270195960998535
2014-03-21,14.343677520751951
2014-03-24,14.409801483154297
2014-03-25,14.740476608276367
2014-03-26,15.012367248535156
2014-03-27,15.03439998626709
2014-03-28,15.144628524780272
2014-03-31,15.298940658569336
2014-04-01,15.40916633605957
2014-04-02,15.695744514465332
2014-04-03,15.864750862121582
2014-04-04,15.68839168548584
2014-04-07,15.504693031311035
2014-04-08,15.438554763793944
2014-04-09,15.548772811889648
2014-04-10,15.262202262878418
2014-04-11,14.97561740875244
2014-04-14,15.085843086242676
2014-04-15,15.100533485412598
2014-04-16,15.232805252075195
2014-04-17,15.460607528686523
2014-04-21,15.445902824401855
2014-04-22,15.600214958190918
2014-04-23,15.541431427001951
2014-04-24,15.57082462310791
2014-04-25,15.240156173706056
2014-04-28,15.40916633605957
2014-04-29,15.32833194732666
2014-04-30,15.365074157714844
2014-05-01,15.475296020507812
2014-05-02,15.423861503601074
2014-05-05,15.39447021484375
2014-05-06,15.18136978149414
2014-05-07,15.343032836914062
2014-05-08,15.298940658569336
2014-05-09,15.240156173706056
2014-05-12,15.739830017089844
2014-05-13,15.651649475097656
2014-05-14,15.57082462310791
2014-05-15,15.401811599731444
2014-05-16,15.39447021484375
2014-05-19,15.519383430480955
2014-05-20,15.482640266418455
2014-05-21,15.541431427001951
2014-05-22,15.592864990234377
2014-05-23,15.673694610595703
2014-05-27,15.754528045654297
2014-05-28,15.695464134216309
2014-05-29,15.798819541931152
2014-05-30,15.72499656677246
2014-06-02,15.72499656677246
2014-06-03,15.806207656860352
2014-06-04,15.769294738769531
2014-06-05,15.93171215057373
2014-06-06,15.924330711364746
2014-06-09,15.84311866760254
2014-06-10,15.93171215057373
2014-06-11,15.835735321044922
2014-06-12,15.503522872924805
2014-06-13,15.651177406311035
2014-06-16,15.58472728729248
2014-06-17,15.71023178100586
2014-06-18,15.835735321044922
2014-06-19,15.99815559387207
2014-06-20,16.131038665771484
2014-06-23,16.06460189819336
2014-06-24,16.094125747680664
2014-06-25,16.241779327392578
2014-06-26,16.057214736938477
2014-06-27,16.241779327392578
2014-06-30,16.204872131347656
2014-07-01,16.300838470458984
2014-07-02,16.227022171020508
2014-07-03,16.485408782958984
2014-07-07,16.441110610961914
2014-07-08,16.197484970092773
2014-07-09,16.256547927856445
2014-07-10,15.96862506866455
2014-07-11,16.012922286987305
2014-07-14,16.175334930419922
2014-07-15,16.21225357055664
2014-07-16,16.108890533447266
2014-07-17,15.865263938903809
2014-07-18,16.116273880004883
2014-07-21,16.182720184326172
2014-07-22,16.36728286743164
2014-07-23,16.374666213989258
2014-07-24,16.308225631713867
2014-07-25,16.256547927856445
2014-07-28,16.278696060180664
2014-07-29,14.765252113342283
2014-07-30,14.66928005218506
2014-07-31,14.506861686706545
2014-08-01,14.67666244506836
2014-08-04,14.802168846130373
2014-08-05,14.67666244506836
2014-08-06,14.610218048095703
2014-08-07,14.529013633728027
2014-08-08,14.72096061706543
2014-08-11,14.853845596313477
2014-08-12,14.905525207519531
2014-08-13,15.001502990722656
2014-08-14,14.95720100402832
2014-08-15,14.883374214172363
2014-08-18,15.038412094116213
2014-08-19,15.016261100769045
2014-08-20,15.282039642333984
2014-08-21,15.245124816894531
2014-08-22,15.16391658782959
2014-08-25,15.23035717010498
2014-08-26,15.311568260192873
2014-08-27,15.20029354095459
2014-08-28,15.259638786315918
2014-08-29,15.474767684936523
2014-09-02,15.55637550354004
2014-09-03,15.57863998413086
2014-09-04,15.667657852172852
2014-09-05,15.7937650680542
2014-09-08,15.66022777557373
2014-09-09,15.571212768554688
2014-09-10,15.593465805053713
2014-09-11,15.534123420715332
2014-09-12,15.378326416015623
2014-09-15,15.281895637512209
2014-09-16,15.311573028564451
2014-09-17,15.363496780395508
2014-09-18,15.393177032470703
2014-09-19,15.133527755737305
2014-09-22,15.007416725158691
2014-09-23,14.792284965515137
2014-09-24,14.977742195129396
2014-09-25,14.695840835571287
2014-09-26,14.740355491638184
2014-09-29,14.502963066101074
2014-09-30,14.347176551818848
2014-10-01,13.94658088684082
2014-10-02,13.872398376464844
2014-10-03,14.043018341064451
2014-10-06,14.221064567565918
2014-10-07,13.86497974395752
2014-10-08,14.065277099609377
2014-10-09,13.783377647399902
2014-10-10,13.47922420501709
2014-10-13,13.086050033569336
2014-10-14,13.034119606018066
2014-10-15,13.026700019836426
2014-10-16,12.982195854187012
2014-10-17,13.16765308380127
2014-10-20,13.41245937347412
2014-10-21,13.74629020690918
2014-10-22,13.657266616821287
2014-10-23,13.85756492614746
2014-10-24,13.94658088684082
2014-10-27,13.983675956726074
2014-10-28,14.540059089660645
2014-10-29,14.755193710327148
2014-10-30,14.88871955871582
2014-10-31,15.15578269958496
2014-11-03,15.244807243347168
2014-11-04,15.341238021850586
2014-11-05,15.400583267211914
2014-11-06,15.341238021850586
2014-11-07,15.244807243347168
2014-11-10,15.430258750915527
2014-11-11,15.4376802444458
2014-11-12,15.4376802444458
2014-11-13,15.169326782226562
2014-11-14,15.214056968688965
2014-11-17,15.17678451538086
2014-11-18,15.22150993347168
2014-11-19,15.258776664733888
2014-11-20,15.36313819885254
2014-11-21,15.594218254089355
2014-11-24,15.638941764831545
2014-11-25,15.668761253356934
2014-11-26,15.70603084564209
2014-11-28,15.668761253356934
2014-12-01,15.586769104003906
2014-12-02,15.661310195922852
2014-12-03,16.05637550354004
2014-12-04,15.82530117034912
2014-12-05,15.90729808807373
2014-12-08,15.661310195922852
2014-12-09,16.01165771484375
2014-12-10,15.765671730041504
2014-12-11,15.79548454284668
2014-12-12,15.378043174743652
2014-12-15,15.36313819885254
2014-12-16,15.467503547668455
2014-12-17,15.87002658843994
2014-12-18,16.533449172973633
2014-12-19,16.891252517700195
2014-12-22,16.921070098876953
2014-12-23,17.249061584472656
2014-12-24,17.30869483947754
2014-12-26,17.38323211669922
2014-12-29,17.28632354736328
2014-12-30,17.28632354736328
2014-12-31,17.092519760131836
2015-01-02,17.152151107788086
2015-01-05,16.913619995117188
2015-01-06,16.622894287109375
2015-01-07,16.861446380615234
2015-01-08,17.405595779418945
2015-01-09,17.375776290893555
2015-01-12,17.353418350219727
2015-01-13,17.256511688232422
2015-01-14,17.331050872802734
2015-01-15,17.159605026245117
2015-01-16,17.271421432495117
2015-01-20,17.256511688232422
2015-01-21,17.360870361328125
2015-01-22,17.681406021118164
2015-01-23,17.7783145904541
2015-01-26,17.823034286499023
2015-01-27,18.43427276611328
2015-01-28,18.05410957336425
2015-01-29,17.73358726501465
2015-01-30,17.718673706054688
2015-02-02,18.00193214416504
2015-02-03,18.15101623535156
2015-02-04,18.09138870239257
2015-02-05,18.247920989990234
2015-02-06,18.04665756225586
2015-02-09,18.06901931762696
2015-02-10,18.52372932434082
2015-02-11,18.30010032653809
2015-02-12,18.53118133544922
2015-02-13,18.635541915893555
2015-02-17,18.33737564086914
2015-02-18,18.359731674194336
2015-02-19,18.37464714050293
2015-02-20,18.60572624206543
2015-02-23,18.47154998779297
2015-02-24,18.47154998779297
2015-02-25,18.426607131958008
2015-02-26,18.329233169555664
2015-02-27,18.27679443359375
2015-03-02,18.44907569885254
2015-03-03,18.426607131958008
2015-03-04,18.53896713256836
2015-03-05,18.44158744812012
2015-03-06,17.99964714050293
2015-03-09,17.797407150268555
2015-03-10,17.265579223632812
2015-03-11,17.0034122467041
2015-03-12,17.32550621032715
2015-03-13,17.22812843322754
2015-03-16,17.759952545166016
2015-03-17,17.505281448364258
2015-03-18,17.797407150268555
2015-03-19,17.32550621032715
2015-03-20,17.520252227783203
2015-03-23,17.580181121826172
2015-03-24,17.535242080688477
2015-03-25,17.01090431213379
2015-03-26,16.83112907409668
2015-03-27,17.033376693725586
2015-03-30,17.40789794921875
2015-03-31,16.988441467285156
2015-04-01,16.666337966918945
2015-04-02,16.718778610229492
2015-04-06,16.756229400634766
2015-04-07,16.479082107543945
2015-04-08,16.524019241333008
2015-04-09,16.658851623535156
2015-04-10,16.79368019104004
2015-04-13,16.74873924255371
2015-04-14,16.733755111694336
2015-04-15,16.726266860961914
2015-04-16,16.95847511291504
2015-04-17,16.823638916015625
2015-04-20,16.988441467285156
2015-04-21,16.935997009277344
2015-04-22,16.80866241455078
2015-04-23,17.070823669433594
2015-04-24,16.86858558654785
2015-04-27,16.763715744018555
2015-04-28,16.531513214111328
2015-04-29,15.999688148498535
2015-04-30,15.677599906921388
2015-05-01,16.05961036682129
2015-05-04,16.05961036682129
2015-05-05,15.580217361450195
2015-05-06,15.774975776672363
2015-05-07,15.759994506835938
2015-05-08,15.84239387512207
2015-05-11,15.962233543395996
2015-05-12,15.722541809082031
2015-05-13,15.789953231811523
2015-05-14,16.007184982299805
2015-05-15,15.947253227233888
2015-05-18,15.992201805114746
2015-05-19,16.097064971923828
2015-05-20,16.171972274780273
2015-05-21,16.34425163269043
2015-05-22,16.10455322265625
2015-05-26,15.887334823608398
2015-05-27,15.91746425628662
2015-05-28,15.857195854187012
2015-05-29,15.759271621704102
2015-06-01,15.72913646697998
2015-06-02,15.706535339355469
2015-06-03,15.668869972229004
2015-06-04,15.55587387084961
2015-06-05,15.601068496704102
2015-06-08,15.6387357711792
2015-06-09,15.540807723999023
2015-06-10,15.834593772888184
2015-06-11,15.668869972229004
2015-06-12,15.631208419799805
2015-06-15,15.352481842041016
2015-06-16,15.744194984436035
2015-06-17,15.751736640930176
2015-06-18,15.985262870788574
2015-06-19,15.774338722229004
2015-06-22,15.86472988128662
2015-06-23,15.796934127807615
2015-06-24,15.646268844604492
2015-06-25,15.480544090270996
2015-06-26,15.314810752868652
2015-06-29,14.840228080749512
2015-06-30,14.86281967163086
2015-07-01,14.915555953979492
2015-07-02,14.840228080749512
2015-07-06,14.779963493347168
2015-07-07,14.742294311523438
2015-07-08,14.418371200561523
2015-07-09,14.433438301086426
2015-07-10,14.52383518218994
2015-07-13,14.42590618133545
2015-07-14,14.501242637634276
2015-07-15,14.358112335205078
2015-07-16,14.71969985961914
2015-07-17,14.373181343078612
2015-07-20,14.245110511779783
2015-07-21,14.124582290649414
2015-07-22,14.147180557250977
2015-07-23,14.147180557250977
2015-07-24,13.996519088745115
2015-07-27,13.89859104156494
2015-07-28,13.838326454162598
2015-07-29,13.966388702392578
2015-07-30,14.034185409545898
2015-07-31,14.071847915649414
2015-08-03,13.70272731781006
2015-08-04,13.770526885986328
2015-08-05,13.838326454162598
2015-08-06,13.755459785461426
2015-08-07,13.657526969909668
2015-08-10,13.906122207641602
2015-08-11,13.476737022399902
2015-08-12,13.514400482177734
2015-08-13,13.416467666625977
2015-08-14,13.529465675354004
2015-08-17,13.680124282836914
2015-08-18,13.499335289001465
2015-08-19,13.363737106323242
2015-08-20,12.979551315307615
2015-08-21,12.648089408874512
2015-08-24,12.271439552307127
2015-08-25,12.030376434326172
2015-08-26,12.444700241088867
2015-08-27,12.86963939666748
2015-08-28,13.036578178405762
2015-08-31,13.059345245361328
2015-09-01,12.672348022460938
2015-09-02,12.892400741577148
2015-09-03,13.097289085388184
2015-09-04,13.082109451293944
2015-09-08,13.499463081359863
2015-09-09,13.324933052062988
2015-09-10,13.362879753112791
2015-09-11,13.408404350280762
2015-09-14,13.370465278625488
2015-09-15,13.6815824508667
2015-09-16,13.894049644470217
2015-09-17,13.787812232971191
2015-09-18,13.370465278625488
2015-09-21,13.29457950592041
2015-09-22,12.88481330871582
2015-09-23,12.725462913513184
2015-09-24,12.657170295715332
2015-09-25,12.573699951171877
2015-09-28,12.40675449371338
2015-09-29,12.672348022460938
2015-09-30,12.991053581237791
2015-10-01,12.770992279052734
2015-10-02,12.93793487548828
2015-10-05,13.385638236999512
2015-10-06,13.514636039733888
2015-10-07,13.537402153015137
2015-10-08,13.636049270629885
2015-10-09,13.29457950592041
2015-10-12,13.097289085388184
2015-10-13,12.808932304382324
2015-10-14,12.899993896484377
2015-10-15,12.786169052124023
2015-10-16,12.816519737243652
2015-10-19,12.76340675354004
2015-10-20,12.786169052124023
2015-10-21,12.679935455322266
2015-10-22,13.355280876159668
2015-10-23,13.355280876159668
2015-10-26,13.142813682556152
2015-10-27,13.856109619140623
2015-10-28,14.281048774719238
2015-10-29,14.303812980651855
2015-10-30,14.114107131958008
2015-11-02,14.281048774719238
2015-11-03,14.2886381149292
2015-11-04,14.318994522094728
2015-11-05,14.463172912597656
2015-11-06,14.356931686401367
2015-11-09,14.243108749389648
2015-11-10,14.342387199401855
2015-11-11,14.136191368103027
2015-11-12,13.853618621826172
2015-11-13,13.69324016571045
2015-11-16,14.006353378295898
2015-11-17,14.090368270874023
2015-11-18,14.380577087402344
2015-11-19,14.502764701843262
2015-11-20,14.495135307312012
2015-11-23,14.556230545043944
2015-11-24,14.479859352111816
2015-11-25,14.487491607666016
2015-11-27,14.327113151550291
2015-11-30,14.304205894470217
2015-12-01,14.372939109802246
2015-12-02,14.311843872070312
2015-12-03,13.61686897277832
2015-12-04,13.769614219665527
2015-12-07,13.777247428894045
2015-12-08,13.61686897277832
2015-12-09,13.555773735046388
2015-12-10,13.50994873046875
2015-12-11,14.266019821166992
2015-12-14,13.800159454345703
2015-12-15,13.647418022155762
2015-12-16,14.143828392028809
2015-12-17,13.815438270568848
2015-12-18,13.746702194213867
2015-12-21,13.769614219665527
2015-12-22,13.868889808654783
2015-12-23,14.166736602783203
2015-12-24,14.174373626708984
2015-12-28,13.90708065032959
2015-12-29,14.1209135055542
2015-12-30,14.1209135055542
2015-12-31,13.960540771484377
2016-01-04,13.677968978881836
2016-01-05,13.670326232910156
2016-01-06,13.36484718322754
2016-01-07,13.059365272521973
2016-01-08,13.09755039215088
2016-01-11,13.219741821289062
2016-01-12,13.242658615112305
2016-01-13,13.028812408447266
2016-01-14,13.212106704711914
2016-01-15,12.883713722229004
2016-01-19,12.799705505371094
2016-01-20,12.74624729156494
2016-01-21,12.92953395843506
2016-01-22,13.059365272521973
2016-01-25,12.799705505371094
2016-01-26,13.525221824645996
2016-01-27,13.677968978881836
2016-01-28,13.739063262939451
2016-01-29,14.212565422058104
2016-02-01,14.182011604309082
2016-02-02,13.815438270568848
2016-02-03,14.036911010742188
2016-02-04,14.403488159179688
2016-02-05,14.006353378295898
2016-02-08,13.71614933013916
2016-02-09,14.10563850402832
2016-02-10,13.853618621826172
2016-02-11,13.60159683227539
2016-02-12,14.04454517364502
2016-02-16,14.235469818115234
2016-02-17,14.472219467163086
2016-02-18,14.304205894470217
2016-02-19,14.166736602783203
2016-02-22,14.27365779876709
2016-02-23,14.00826358795166
2016-02-24,13.839028358459473
2016-02-25,13.939030647277832
2016-02-26,14.085190773010254
2016-02-29,14.077496528625488
2016-03-01,14.331355094909668
2016-03-02,14.46212673187256
2016-03-03,14.53135871887207
2016-03-04,14.585208892822266
2016-03-07,15.054454803466797
2016-03-08,14.639055252075195
2016-03-09,14.75444793701172
2016-03-10,14.615979194641112
2016-03-11,14.962150573730469
2016-03-14,14.931377410888672
2016-03-15,14.954460144042969
2016-03-16,14.962150573730469
2016-03-17,15.416009902954102
2016-03-18,15.40062427520752
2016-03-21,15.516018867492676
2016-03-22,15.6237154006958
2016-03-23,15.485249519348145
2016-03-24,15.577558517456056
2016-03-28,15.67756462097168
2016-03-29,15.885257720947266
2016-03-30,16.03141975402832
2016-03-31,16.069883346557617
2016-04-01,16.023731231689453
2016-04-04,15.98526096343994
2016-04-05,15.854491233825684
2016-04-06,16.00834846496582
2016-04-07,15.892951011657717
2016-04-08,15.792953491210938
2016-04-11,15.8621826171875
2016-04-12,16.023731231689453
2016-04-13,16.216045379638672
2016-04-14,15.977575302124023
2016-04-15,16.09296226501465
2016-04-18,16.09296226501465
2016-04-19,16.10065460205078
2016-04-20,16.13912010192871
2016-04-21,16.000652313232422
2016-04-22,16.146806716918945
2016-04-25,16.13142967224121
2016-04-26,14.7852144241333
2016-04-27,14.846755027770996
2016-04-28,14.53135871887207
2016-04-29,14.362123489379885
2016-05-02,14.469818115234377
2016-05-03,14.323659896850586
2016-05-04,14.13134479522705
2016-05-05,14.092884063720703
2016-05-06,14.185192108154297
2016-05-09,14.108261108398438
2016-05-10,14.508282661437988
2016-05-11,14.515978813171388
2016-05-12,14.52366542816162
2016-05-13,14.377507209777832
2016-05-16,14.777522087097168
2016-05-17,14.70059585571289
2016-05-18,14.60059642791748
2016-05-19,14.569828033447266
2016-05-20,15.00830078125
2016-05-23,15.169849395751951
2016-05-24,15.45447063446045
2016-05-25,15.385242462158203
2016-05-26,15.590486526489258
2016-05-27,15.88479232788086
2016-05-31,16.179092407226562
2016-06-01,16.086156845092773
2016-06-02,16.388208389282227
2016-06-03,16.326244354248047
2016-06-06,16.310760498046875
2016-06-07,16.3339900970459
2016-06-08,16.248798370361328
2016-06-09,16.28752326965332
2016-06-10,15.892535209655762
2016-06-13,15.67567539215088
2016-06-14,15.698907852172852
2016-06-15,15.644696235656738
2016-06-16,15.574990272521973
2016-06-17,15.714395523071287
2016-06-20,15.82282829284668
2016-06-21,15.776360511779783
2016-06-22,15.915763854980469
2016-06-23,16.101646423339844
2016-06-24,15.249706268310549
2016-06-27,14.761781692504885
2016-06-28,15.009613037109377
2016-06-29,15.342643737792969
2016-06-30,15.861554145812988
2016-07-01,15.714395523071287
2016-07-05,15.435582160949709
2016-07-06,15.574990272521973
2016-07-07,15.815081596374512
2016-07-08,16.1945858001709
2016-07-11,16.25653839111328
2016-07-12,16.612810134887695
2016-07-13,16.55084991455078
2016-07-14,16.589567184448242
2016-07-15,16.535362243652344
2016-07-18,16.558591842651367
2016-07-19,16.512121200561523
2016-07-20,16.73672866821289
2016-07-21,16.65152931213379
2016-07-22,16.7677059173584
2016-07-25,16.7677059173584
2016-07-26,16.81417465209961
2016-07-27,16.643779754638672
2016-07-28,17.263385772705078
2016-07-29,17.209163665771484
2016-08-01,17.263385772705078
2016-08-02,17.12397003173828
2016-08-03,17.193674087524414
2016-08-04,17.333078384399414
2016-08-05,17.53445053100586
2016-08-08,17.65836524963379
2016-08-09,17.74356460571289
2016-08-10,17.68160057067871
2016-08-11,17.75130271911621
2016-08-12,17.71257972717285
2016-08-15,17.867483139038086
2016-08-16,17.61189842224121
2016-08-17,17.495723724365234
2016-08-18,17.557687759399414
2016-08-19,17.6351375579834
2016-08-22,17.604156494140625
2016-08-23,17.68160057067871
2016-08-24,17.549936294555664
2016-08-25,17.565433502197266
2016-08-26,17.557687759399414
2016-08-29,17.67844581604004
2016-08-30,17.740779876708984
2016-08-31,17.67844581604004
2016-09-01,17.694032669067383
2016-09-02,17.740779876708984
2016-09-06,17.826486587524414
2016-09-07,17.77973747253418
2016-09-08,17.732988357543945
2016-09-09,17.436922073364258
2016-09-12,17.51483154296875
2016-09-13,17.413549423217773
2016-09-14,17.42913055419922
2016-09-15,17.60053825378418
2016-09-16,17.62391471862793
2016-09-19,17.68623924255371
2016-09-20,17.68623924255371
2016-09-21,17.888818740844727
2016-09-22,18.005685806274414
2016-09-23,18.029056549072266
2016-09-26,17.91997718811035
2016-09-27,18.17709350585937
2016-09-28,18.41082763671875
2016-09-29,18.325124740600582
2016-09-30,18.42641258239746
2016-10-03,18.4342041015625
2016-10-04,18.239421844482425
2016-10-05,18.543289184570312
2016-10-06,18.597820281982425
2016-10-07,18.527700424194336
2016-10-10,18.55107688903809
2016-10-11,18.418624877929688
2016-10-12,18.239421844482425
2016-10-13,18.0758113861084
2016-10-14,18.22383689880371
2016-10-17,18.255006790161133
2016-10-18,18.395248413085938
2016-10-19,18.51211929321289
2016-10-20,18.543289184570312
2016-10-21,18.55886650085449
2016-10-24,18.613401412963867
2016-10-25,17.896608352661133
2016-10-26,17.93556022644043
2016-10-27,17.85765266418457
2016-10-28,17.670663833618164
2016-10-31,17.694032669067383
2016-11-01,17.592742919921875
2016-11-02,17.499244689941406
2016-11-03,17.397968292236328
2016-11-04,17.452503204345703
2016-11-07,17.904394149780273
2016-11-08,18.04464530944824
2016-11-09,18.083595275878903
2016-11-10,18.068017959594727
2016-11-11,18.23163604736328
2016-11-14,18.3017578125
2016-11-15,18.532922744750977
2016-11-16,18.54860115051269
2016-11-17,18.6661434173584
2016-11-18,18.673974990844727
2016-11-21,18.705322265625
2016-11-22,18.80719947814941
2016-11-23,18.956090927124023
2016-11-25,19.034454345703125
2016-11-28,18.96392059326172
2016-11-29,18.940406799316406
2016-11-30,18.830705642700195
2016-12-01,18.438888549804688
2016-12-02,18.45455741882324
2016-12-05,18.51725006103516
2016-12-06,18.799362182617188
2016-12-07,19.26170921325684
2016-12-08,19.496789932250977
2016-12-09,19.24603271484375
2016-12-12,19.05795860290528
2016-12-13,19.16766357421875
2016-12-14,19.07362937927246
2016-12-15,18.995267868041992
2016-12-16,19.04228401184082
2016-12-19,19.089305877685547
2016-12-20,19.2695426940918
2016-12-21,19.45761680603028
2016-12-22,19.394926071166992
2016-12-23,19.41059112548828
2016-12-27,19.5438175201416
2016-12-28,19.159832000732425
2016-12-29,19.15199851989746
2016-12-30,19.018781661987305
2017-01-03,19.04228401184082
2017-01-04,19.16766357421875
2017-01-05,19.05011940002441
2017-01-06,19.21468734741211
2017-01-09,19.17550277709961
2017-01-10,19.19117546081543
2017-01-11,19.33222961425781
2017-01-12,19.222522735595703
2017-01-13,19.4654483795166
2017-01-17,18.956090927124023
2017-01-18,19.24603271484375
2017-01-19,19.13632583618164
2017-01-20,19.42626953125
2017-01-23,19.41059112548828
2017-01-24,20.515522003173828
2017-01-25,20.90733528137207
2017-01-26,20.80546188354492
2017-01-27,20.90733528137207
2017-01-30,20.883825302124023
2017-01-31,20.758445739746094
2017-02-01,20.53903007507324
2017-02-02,20.6722469329834
2017-02-03,20.946517944335938
2017-02-06,20.93084144592285
2017-02-07,20.83681297302246
2017-02-08,20.7506046295166
2017-02-09,21.001371383666992
2017-02-10,20.923004150390625
2017-02-13,20.946517944335938
2017-02-14,21.346172332763672
2017-02-15,21.4402084350586
2017-02-16,21.714473724365234
2017-02-17,21.667457580566406
2017-02-21,21.730148315429688
2017-02-22,21.737987518310547
2017-02-23,21.5969295501709
2017-02-24,21.85305404663086
2017-02-27,21.790010452270508
2017-02-28,21.75849151611328
2017-03-01,22.223447799682617
2017-03-02,21.97126007080078
2017-03-03,21.97126007080078
2017-03-06,21.84516906738281
2017-03-07,21.84516906738281
2017-03-08,21.76636505126953
2017-03-09,21.726964950561523
2017-03-10,21.71908187866211
2017-03-13,21.83729553222656
2017-03-14,21.15955352783203
2017-03-15,21.459020614624023
2017-03-16,21.49842643737793
2017-03-17,21.46690368652344
2017-03-20,21.51418113708496
2017-03-21,21.175317764282227
2017-03-22,21.553585052490234
2017-03-23,21.54571533203125
2017-03-24,21.60087203979492
2017-03-27,21.60087203979492
2017-03-28,21.711196899414062
2017-03-29,21.656042098999023
2017-03-30,21.71908187866211
2017-03-31,21.27776527404785
2017-04-03,21.151674270629883
2017-04-04,21.11227226257324
2017-04-05,21.04134559631348
2017-04-06,21.104394912719727
2017-04-07,21.12803268432617
2017-04-10,21.11227226257324
2017-04-11,21.15955352783203
2017-04-12,20.86797332763672
2017-04-13,20.741884231567383
2017-04-17,20.915258407592773
2017-04-18,21.191076278686523
2017-04-19,21.16744041442871
2017-04-20,21.36445426940918
2017-04-21,21.29352569580078
2017-04-24,21.687559127807617
2017-04-25,22.49138641357422
2017-04-26,22.373180389404297
2017-04-27,22.86965560913086
2017-04-28,22.735685348510746
2017-05-01,22.940580368041992
2017-05-02,22.86965560913086
2017-05-03,22.664758682250977
2017-05-04,22.7278060913086
2017-05-05,22.782968521118164
2017-05-08,22.94846534729004
2017-05-09,22.91694450378418
2017-05-10,22.940580368041992
2017-05-11,22.69628143310547
2017-05-12,22.90117835998535
2017-05-15,23.11395835876465
2017-05-16,23.32674026489257
2017-05-17,22.57019424438477
2017-05-18,22.672645568847656
2017-05-19,22.89330101013184
2017-05-22,23.09819221496582
2017-05-23,22.99575424194336
2017-05-24,22.987865447998047
2017-05-25,23.303091049194336
2017-05-26,23.211992263793945
2017-05-30,23.22783088684082
2017-05-31,23.05354118347168
2017-06-01,23.505109786987305
2017-06-02,23.52095603942871
2017-06-05,23.40212631225586
2017-06-06,23.425886154174805
2017-06-07,23.36250877380371
2017-06-08,23.211992263793945
2017-06-09,22.93471336364746
2017-06-12,23.0218505859375
2017-06-13,23.29120826721192
2017-06-14,23.17238044738769
2017-06-15,23.28328514099121
2017-06-16,23.299129486083984
2017-06-19,23.67147254943848
2017-06-20,23.505109786987305
2017-06-21,23.576404571533203
2017-06-22,23.53679847717285
2017-06-23,23.758621215820312
2017-06-26,23.94874763488769
2017-06-27,23.758621215820312
2017-06-28,24.16264915466309
2017-06-29,24.059659957885746
2017-06-30,23.80615234375
2017-07-03,23.869525909423828
2017-07-05,24.15472984313965
2017-07-06,23.61602020263672
2017-07-07,23.98836326599121
2017-07-10,24.19433784484864
2017-07-11,24.027973175048828
2017-07-12,24.43992805480957
2017-07-13,24.416156768798828
2017-07-14,24.61421585083008
2017-07-17,24.81227302551269
2017-07-18,24.88357162475586
2017-07-19,25.1370792388916
2017-07-20,25.121234893798828
2017-07-21,25.23214340209961
2017-07-24,25.23214340209961
2017-07-25,25.453968048095703
2017-07-26,24.099271774291992
2017-07-27,23.36250877380371
2017-07-28,23.17238044738769
2017-07-31,23.08523750305176
2017-08-01,23.38627815246582
2017-08-02,23.584333419799805
2017-08-03,23.19614601135254
2017-08-04,23.17238044738769
2017-08-07,23.164451599121094
2017-08-08,23.211992263793945
2017-08-09,23.2595272064209
2017-08-10,22.633668899536133
2017-08-11,22.958478927612305
2017-08-14,23.299129486083984
2017-08-15,22.570287704467773
2017-08-16,22.538604736328125
2017-08-17,22.079116821289062
2017-08-18,22.087034225463867
2017-08-21,22.33262634277344
2017-08-22,22.57821273803711
2017-08-23,22.562376022338867
2017-08-24,22.62574958801269
2017-08-25,22.704965591430664
2017-08-28,22.784189224243164
2017-08-29,22.75631332397461
2017-08-30,22.812068939208984
2017-08-31,22.90764617919922
2017-09-01,23.02712631225586
2017-09-05,22.796142578125
2017-09-06,22.7642765045166
2017-09-07,22.88375473022461
2017-09-08,22.732419967651367
2017-09-11,23.03509330749512
2017-09-12,23.218292236328125
2017-09-13,23.25811004638672
2017-09-14,23.29794311523437
2017-09-15,23.377593994140625
2017-09-18,23.528932571411133
2017-09-19,23.82364654541016
2017-09-20,23.91922187805176
2017-09-21,23.9749813079834
2017-09-22,23.935148239135746
2017-09-25,23.90328788757324
2017-09-26,23.74399185180664
2017-09-27,23.92719268798828
2017-09-28,23.85549545288086
2017-09-29,23.831600189208984
2017-10-02,24.02276611328125
2017-10-03,24.14224433898925
2017-10-04,24.269683837890625
2017-10-05,24.25375747680664
2017-10-06,23.96700859069824
2017-10-09,23.990901947021484
2017-10-10,23.91922187805176
2017-10-11,23.80770874023437
2017-10-12,23.847532272338867
2017-10-13,23.688232421875
2017-10-16,23.80770874023437
2017-10-17,23.63247871398925
2017-10-18,23.831600189208984
2017-10-19,23.943113327026367
2017-10-20,23.943113327026367
2017-10-23,23.90328788757324
2017-10-24,25.44055557250977
2017-10-25,25.12195587158203
2017-10-26,25.24939346313477
2017-10-27,25.098058700561523
2017-10-30,24.898929595947266
2017-10-31,24.938751220703125
2017-11-01,25.19363784790039
2017-11-02,25.15381050109864
2017-11-03,25.225500106811523
2017-11-06,25.36090469360352
2017-11-07,25.68747329711914
2017-11-08,25.66358184814453
2017-11-09,25.321075439453125
2017-11-10,25.273292541503903
2017-11-13,25.2175350189209
2017-11-14,25.24939346313477
2017-11-15,25.06930160522461
2017-11-16,25.333436965942383
2017-11-17,25.31743049621582
2017-11-20,25.397476196289062
2017-11-21,25.55755615234375
2017-11-22,25.453500747680664
2017-11-24,25.4935245513916
2017-11-27,25.65360450744629
2017-11-28,25.965770721435547
2017-11-29,25.997791290283203
2017-11-30,25.925756454467773
2017-12-01,25.4935245513916
2017-12-04,25.78166580200196
2017-12-05,25.8056869506836
2017-12-06,25.349449157714844
2017-12-07,25.397476196289062
2017-12-08,25.89373588562012
2017-12-11,26.06982612609864
2017-12-12,26.1258544921875
2017-12-13,25.8457088470459
2017-12-14,25.461503982543945
2017-12-15,25.65360450744629
2017-12-18,25.86972045898437
2017-12-19,25.821691513061523
2017-12-20,25.94976234436035
2017-12-21,25.853715896606445
2017-12-22,25.91775131225586
2017-12-26,25.91775131225586
2017-12-27,25.89373588562012
2017-12-28,25.853715896606445
2017-12-29,25.60558319091797
2018-01-02,26.109848022460938
2018-01-03,26.75019073486328
2018-01-04,27.022329330444336
2018-01-05,26.9262924194336
2018-01-08,27.03033828735352
2018-01-09,26.93428611755371
2018-01-10,26.67815589904785
2018-01-11,27.022329330444336
2018-01-12,27.74272346496582
2018-01-16,27.542612075805664
2018-01-17,27.8787899017334
2018-01-18,27.8947982788086
2018-01-19,27.74272346496582
2018-01-22,27.7827377319336
2018-01-23,27.66266822814941
2018-01-24,27.310482025146484
2018-01-25,27.062355041503903
2018-01-26,27.51859664916992
2018-01-29,27.41453742980957
2018-01-30,25.877723693847656
2018-01-31,24.989255905151367
2018-02-01,25.365455627441406
2018-02-02,25.03728103637696
2018-02-05,23.83664321899414
2018-02-06,23.852649688720703
2018-02-07,23.8686637878418
2018-02-08,22.772077560424805
2018-02-09,23.028215408325195
2018-02-12,23.57250213623047
2018-02-13,23.4044132232666
2018-02-14,23.62853240966797
2018-02-15,23.64454460144043
2018-02-16,23.588510513305664
2018-02-20,23.732585906982425
2018-02-21,23.42042350769043
2018-02-22,23.38039779663086
2018-02-23,23.452442169189453
2018-02-26,23.876665115356445
2018-02-27,23.61897087097168
2018-02-28,23.41765213012696
2018-03-01,22.87005615234375
2018-03-02,23.192174911499023
2018-03-05,23.25659370422364
2018-03-06,23.514284133911133
2018-03-07,23.62702751159668
2018-03-08,23.61897087097168
2018-03-09,24.10214805603028
2018-03-12,24.0296630859375
2018-03-13,24.0296630859375
2018-03-14,23.78808784484864
2018-03-15,23.780029296875
2018-03-16,23.75587272644043
2018-03-19,23.26464080810547
2018-03-20,23.562604904174805
2018-03-21,23.65118408203125
2018-03-22,22.99890518188477
2018-03-23,22.370784759521484
2018-03-26,22.79758644104004
2018-03-27,22.338565826416016
2018-03-28,22.02450942993164
2018-03-29,22.45130920410156
2018-04-02,21.76681900024414
2018-04-03,22.03256607055664
2018-04-04,22.05672073364257
2018-04-05,22.11309242248535
2018-04-06,21.380279541015625
2018-04-09,21.509132385253903
2018-04-10,22.01646614074707
2018-04-11,22.072826385498047
2018-04-12,22.20167732238769
2018-04-13,22.080886840820312
2018-04-16,22.137250900268555
2018-04-17,22.34662437438965
2018-04-18,22.44325828552246
2018-04-19,22.2419376373291
2018-04-20,22.18556785583496
2018-04-23,22.14530372619629
2018-04-24,21.525236129760746
2018-04-25,21.79097557067871
2018-04-26,21.66214179992676
2018-04-27,21.927881240844727
2018-04-30,21.75876808166504
2018-05-01,21.597713470458984
2018-05-02,21.50107955932617
2018-05-03,21.39638900756836
2018-05-04,21.80708694458008
2018-05-07,21.71044540405273
2018-05-08,21.581605911254883
2018-05-09,21.80708694458008
2018-05-10,22.03256607055664
2018-05-11,22.547950744628903
2018-05-14,22.60431861877441
2018-05-15,22.32246398925781
2018-05-16,22.64458656311035
2018-05-17,22.411052703857425
2018-05-18,22.298309326171875
2018-05-21,22.354679107666016
2018-05-22,22.25804710388184
2018-05-23,22.36273002624512
2018-05-24,22.008405685424805
2018-05-25,21.79097557067871
2018-05-29,21.533287048339844
2018-05-30,21.3630313873291
2018-05-31,22.02783966064453
2018-06-01,22.660219192504883
2018-06-04,22.798046112060547
2018-06-05,23.162879943847656
2018-06-06,23.438535690307617
2018-06-07,23.357460021972656
2018-06-08,23.308813095092773
2018-06-11,23.38178062438965
2018-06-12,23.18720245361328
2018-06-13,23.18720245361328
2018-06-14,23.42231750488281
2018-06-15,23.58446502685547
2018-06-18,23.406099319458008
2018-06-19,23.00884056091309
2018-06-20,23.016944885253903
2018-06-21,22.93587303161621
2018-06-22,23.0980224609375
2018-06-25,22.48185539245605
2018-06-26,22.457534790039062
2018-06-27,22.295387268066406
2018-06-28,21.881914138793945
2018-06-29,22.30349540710449
2018-07-02,22.465639114379883
2018-07-03,22.173778533935547
2018-07-05,22.668325424194336
2018-07-06,22.806150436401367
2018-07-09,23.51149177551269
2018-07-10,23.47096824645996
2018-07-11,22.911550521850582
2018-07-12,23.243953704833984
2018-07-13,23.34935188293457
2018-07-16,23.18720245361328
2018-07-17,23.66554069519043
2018-07-18,23.87633514404297
2018-07-19,23.787145614624023
2018-07-20,23.608789443969727
2018-07-23,23.803367614746094
2018-07-24,24.18441200256348
2018-07-25,26.924718856811523
2018-07-26,27.26523208618164
2018-07-27,27.192258834838867
2018-07-30,26.7058162689209
2018-07-31,26.90039825439453
2018-08-01,26.673389434814453
2018-08-02,26.58420181274414
2018-08-03,26.624738693237305
2018-08-06,26.7058162689209
2018-08-07,26.803110122680664
2018-08-08,26.98957633972168
2018-08-09,26.827430725097656
2018-08-10,26.543676376342773
2018-08-13,26.357196807861328
2018-08-14,26.519350051879883
2018-08-15,26.243696212768555
2018-08-16,26.52745819091797
2018-08-17,26.770681381225582
2018-08-20,26.7463607788086
2018-08-21,26.657176971435547
2018-08-22,26.665283203125
2018-08-23,26.60852813720703
2018-08-24,26.75446319580078
2018-08-27,27.25712013244629
2018-08-28,27.297651290893555
2018-08-29,27.41116714477539
2018-08-30,27.2807559967041
2018-08-31,27.313350677490234
2018-09-04,27.239999771118164
2018-09-05,27.158493041992188
2018-09-06,27.32965087890625
2018-09-07,27.37041473388672
2018-09-10,27.68828773498535
2018-09-11,27.345962524414062
2018-09-12,27.72089195251465
2018-09-13,28.57672882080078
2018-09-14,28.74790382385254
2018-09-17,28.674543380737305
2018-09-18,28.74790382385254
2018-09-19,28.731597900390625
2018-09-20,29.448863983154297
2018-09-21,29.27769470214844
2018-09-24,29.090234756469727
2018-09-25,28.943517684936523
2018-09-26,28.85386657714844
2018-09-27,28.8457088470459
2018-09-28,28.772348403930664
2018-10-01,28.75604820251465
2018-10-02,28.910907745361328
2018-10-03,29.13098907470703
2018-10-04,29.09838104248047
2018-10-05,28.307758331298828
2018-10-08,28.095834732055664
2018-10-09,27.91650581359864
2018-10-10,26.343412399291992
2018-10-11,25.54463005065918
2018-10-12,26.18854522705078
2018-10-15,25.91141891479492
2018-10-16,26.60423469543457
2018-10-17,26.40046119689941
2018-10-18,25.40607261657715
2018-10-19,25.08818626403809
2018-10-22,25.12893867492676
2018-10-23,25.6016845703125
2018-10-24,24.696945190429688
2018-10-25,25.6342887878418
2018-10-26,25.01482582092285
2018-10-29,24.93331718444824
2018-10-30,25.45496940612793
2018-10-31,26.04182815551757
2018-11-01,26.979171752929688
2018-11-02,26.82430648803711
2018-11-05,26.946571350097656
2018-11-06,27.20740127563477
2018-11-07,27.72089195251465
2018-11-08,27.79425048828125
2018-11-09,27.35411262512207
2018-11-12,25.84621238708496
2018-11-13,26.10703468322754
2018-11-14,25.74839973449707
2018-11-15,26.273038864135746
2018-11-16,26.25664520263672
2018-11-19,25.54346466064453
2018-11-20,25.28934097290039
2018-11-21,25.1745719909668
2018-11-23,25.551664352416992
2018-11-26,25.854965209960938
2018-11-27,25.88776206970215
2018-11-28,26.436994552612305
2018-11-29,26.11729049682617
2018-11-30,26.412397384643555
2018-12-03,27.37151527404785
2018-12-04,26.355018615722656
2018-12-06,26.45339012145996
2018-12-07,25.764801025390625
2018-12-10,26.035314559936523
2018-12-11,25.89595603942871
2018-12-12,26.215660095214844
2018-12-13,26.207460403442383
2018-12-14,25.764801025390625
2018-12-17,25.330326080322266
2018-12-18,25.125389099121094
2018-12-19,24.64173889160156
2018-12-20,24.223657608032227
2018-12-21,23.59245491027832
2018-12-24,22.928455352783203
2018-12-26,23.92035675048828
2018-12-27,24.34662818908692
2018-12-28,24.387615203857425
2018-12-31,24.76469993591309
2019-01-02,24.494176864624023
2019-01-03,22.977638244628903
2019-01-04,23.944942474365234
2019-01-07,23.93675422668457
2019-01-08,24.16628074645996
2019-01-09,24.330230712890625
2019-01-10,24.87946128845215
2019-01-11,24.63353729248047
2019-01-14,24.46959114074707
2019-01-15,24.67452621459961
2019-01-16,24.64993095397949
2019-01-17,24.813884735107425
2019-01-18,25.108991622924805
2019-01-22,24.117095947265625
2019-01-23,24.02692031860352
2019-01-24,24.4777889251709
2019-01-25,24.88766288757324
2019-01-28,24.88766288757324
2019-01-29,27.64203453063965
2019-01-30,27.47808074951172
2019-01-31,27.26494407653809
2019-02-01,27.125581741333008
2019-02-04,27.50267219543457
2019-02-05,27.50267219543457
2019-02-06,27.68301010131836
2019-02-07,27.22395133972168
2019-02-08,27.37151527404785
2019-02-11,27.34691619873047
2019-02-12,27.8879508972168
2019-02-13,27.90435218811035
2019-02-14,27.650224685668945
2019-02-15,28.289627075195312
2019-02-19,28.035505294799805
2019-02-20,28.41259002685547
2019-02-21,28.28143310546875
2019-02-22,28.568344116210938
2019-02-25,28.75689125061035
2019-02-26,28.617530822753903
2019-02-27,28.601043701171875
2019-02-28,28.699989318847656
2019-03-01,28.798921585083008
2019-03-04,28.757692337036133
2019-03-05,28.601043701171875
2019-03-06,28.45263671875
2019-03-07,28.007417678833008
2019-03-08,27.86726188659668
2019-03-11,28.197046279907227
2019-03-12,28.197046279907227
2019-03-13,28.287744522094727
2019-03-14,28.213542938232425
2019-03-15,28.46088218688965
2019-03-18,28.32071876525879
2019-03-19,28.53508186340332
2019-03-20,28.213542938232425
2019-03-21,28.683488845825195
2019-03-22,27.891986846923828
2019-03-25,27.817794799804688
2019-03-26,27.710613250732425
2019-03-27,27.40555191040039
2019-03-28,27.12523078918457
2019-03-29,27.290128707885746
2019-04-01,27.96619033813477
2019-04-02,28.048641204833984
2019-04-03,28.34545135498047
2019-04-04,28.53508186340332
2019-04-05,28.601043701171875
2019-04-08,28.59280586242676
2019-04-09,28.271249771118164
2019-04-10,28.3619441986084
2019-04-11,28.526836395263672
2019-04-12,28.864877700805664
2019-04-15,28.82364845275879
2019-04-16,28.757692337036133
2019-04-17,28.78242874145508
2019-04-18,28.73295021057129
2019-04-22,28.32071876525879
2019-04-23,28.73295021057129
2019-04-24,28.403169631958008
2019-04-25,27.669384002685547
2019-04-26,27.74359130859375
2019-04-29,27.80954360961914
2019-04-30,26.2595329284668
2019-05-01,26.638792037963867
2019-05-02,26.03693199157715
2019-05-03,26.37495994567871
2019-05-06,25.97096443176269
2019-05-07,25.690643310546875
2019-05-08,25.46803855895996
2019-05-09,25.25367546081543
2019-05-10,25.38558959960937
2019-05-13,24.40446662902832
2019-05-14,24.783721923828125
2019-05-15,24.95686149597168
2019-05-16,25.146493911743164
2019-05-17,24.660051345825195
2019-05-20,24.40446662902832
2019-05-21,25.006330490112305
2019-05-22,25.03106689453125
2019-05-23,24.42919540405273
2019-05-24,24.486909866333008
2019-05-28,24.43743705749512
2019-05-29,24.066431045532227
2019-05-30,24.22416305541992
2019-05-31,23.9419059753418
2019-06-03,23.95020294189453
2019-06-04,24.796974182128903
2019-06-05,25.203746795654297
2019-06-06,25.311670303344727
2019-06-07,25.386388778686523
2019-06-10,25.685245513916016
2019-06-11,25.70185279846192
2019-06-12,25.909387588500977
2019-06-13,25.975807189941406
2019-06-14,25.660343170166016
2019-06-17,26.042217254638672
2019-06-18,26.996902465820312
2019-06-19,27.146339416503903
2019-06-20,27.495006561279297
2019-06-21,27.602924346923828
2019-06-24,27.428586959838867
2019-06-25,27.23765182495117
2019-06-26,27.44519424438477
2019-06-27,27.586320877075195
2019-06-28,27.586320877075195
2019-07-01,28.325164794921875
2019-07-02,27.984798431396484
2019-07-03,28.018009185791016
2019-07-05,27.90178680419922
2019-07-08,27.4036808013916
2019-07-09,27.420284271240234
2019-07-10,27.17954444885254
2019-07-11,27.02181053161621
2019-07-12,27.4036808013916
2019-07-15,27.70254135131836
2019-07-16,27.644433975219727
2019-07-17,27.353872299194336
2019-07-18,27.52820587158203
2019-07-19,27.4867000579834
2019-07-22,27.69424057006836
2019-07-23,27.87688064575196
2019-07-24,28.07612037658692
2019-07-25,27.395383834838867
2019-07-26,28.05120849609375
2019-07-29,28.308563232421875
2019-07-30,26.067123413085938
2019-07-31,25.52751541137696
2019-08-01,24.68905639648437
2019-08-02,24.315475463867188
2019-08-05,23.393999099731445
2019-08-06,23.67625617980957
2019-08-07,23.667949676513672
2019-08-08,24.199256896972656
2019-08-09,23.47701072692871
2019-08-12,23.03702545166016
2019-08-13,23.42720603942871
2019-08-14,22.6800537109375
2019-08-15,22.522329330444336
2019-08-16,22.937408447265625
2019-08-19,23.15325164794922
2019-08-20,22.821178436279297
2019-08-21,23.15325164794922
2019-08-22,23.393999099731445
2019-08-23,22.787975311279297
2019-08-26,22.6053409576416
2019-08-27,22.472517013549805
2019-08-28,22.72986602783203
2019-08-29,23.18145179748535
2019-08-30,23.29016494750977
2019-09-03,22.63787841796875
2019-09-04,22.91384506225586
2019-09-05,23.900644302368164
2019-09-06,23.69157600402832
2019-09-09,23.992639541625977
2019-09-10,24.410778045654297
2019-09-11,25.07142448425293
2019-09-12,25.29722213745117
2019-09-13,25.22195816040039
2019-09-16,25.12997055053711
2019-09-17,23.60795211791992
2019-09-18,23.331981658935547
2019-09-19,23.08110618591309
2019-09-20,23.21490859985352
2019-09-23,23.13964080810547
2019-09-24,23.122915267944336
2019-09-25,23.633041381835938
2019-09-26,23.60795211791992
2019-09-27,23.7333927154541
2019-09-30,23.850473403930664
2019-10-01,23.231630325317383
2019-10-02,22.84694480895996
2019-10-03,23.08110618591309
2019-10-04,23.432336807250977
2019-10-07,23.34870719909668
2019-10-08,22.805131912231445
2019-10-09,23.26507568359375
2019-10-10,23.58286094665528
2019-10-11,24.30205726623535
2019-10-14,24.26024436950684
2019-10-15,24.69510841369629
2019-10-16,24.686744689941406
2019-10-17,24.54457664489746
2019-10-18,24.527847290039062
2019-10-21,25.01288604736328
2019-10-22,25.096513748168945
2019-10-23,25.15506172180176
2019-10-24,24.912538528442383
2019-10-25,25.5146484375
2019-10-28,25.598276138305664
2019-10-29,25.305583953857425
2019-10-30,25.414295196533203
2019-10-31,24.778732299804688
2019-11-01,24.736921310424805
2019-11-04,25.138330459594727
2019-11-05,25.12997055053711
2019-11-06,24.954345703125
2019-11-07,25.247045516967773
2019-11-08,25.397571563720703
2019-11-11,25.03797721862793
2019-11-12,24.77037048339844
2019-11-13,24.511127471923828
2019-11-14,24.37640380859375
2019-11-15,24.713211059570312
2019-11-18,24.435346603393555
2019-11-19,24.37640380859375
2019-11-20,24.098539352416992
2019-11-21,24.03959083557129
2019-11-22,24.435346603393555
2019-11-25,24.62059211730957
2019-11-26,24.5363883972168
2019-11-27,24.713211059570312
2019-11-29,24.452184677124023
2019-12-02,24.20800018310547
2019-12-03,23.601747512817383
2019-12-04,23.59332656860352
2019-12-05,23.31545829772949
2019-12-06,23.483863830566406
2019-12-09,24.005918502807617
2019-12-10,23.57648086547852
2019-12-11,23.59332656860352
2019-12-12,24.62900924682617
2019-12-13,24.1995792388916
2019-12-16,24.098539352416992
2019-12-17,24.005918502807617
2019-12-18,23.837507247924805
2019-12-19,24.35113906860352
2019-12-20,24.42692375183105
2019-12-23,24.519546508789062
2019-12-24,24.26694107055664
2019-12-26,24.443761825561523
2019-12-27,24.241682052612305
2019-12-30,24.42692375183105
2019-12-31,24.511127471923828
2020-01-02,25.25209617614746
2020-01-03,24.9237117767334
2020-01-06,24.99107551574707
2020-01-07,25.17632102966309
2020-01-08,25.2942008972168
2020-01-09,25.445762634277344
2020-01-10,25.35314178466797
2020-01-13,25.59732437133789
2020-01-14,25.35314178466797
2020-01-15,24.98265266418457
2020-01-16,25.268938064575195
2020-01-17,25.31104278564453
2020-01-21,25.016332626342773
2020-01-22,24.96581649780273
2020-01-23,24.881610870361328
2020-01-24,24.721630096435547
2020-01-27,24.048015594482425
2020-01-28,23.57648086547852
2020-01-29,23.87119483947754
2020-01-30,23.31545829772949
2020-01-31,22.473445892333984
2020-02-03,22.658689498901367
2020-02-04,23.22283935546875
2020-02-05,23.820674896240234
2020-02-06,23.71962547302246
2020-02-07,23.30704116821289
2020-02-10,23.21442031860352
2020-02-11,23.610166549682617
2020-02-12,24.283781051635746
2020-02-13,24.17431831359864
2020-02-14,24.073278427124023
2020-02-18,23.55122184753418
2020-02-19,23.54280662536621
2020-02-20,23.820674896240234
2020-02-21,23.54280662536621
2020-02-24,22.73447227478028
2020-02-25,21.65668487548828
2020-02-26,21.26094055175781
2020-02-27,20.41152000427246
2020-02-28,20.26711845397949
2020-03-02,20.95514678955078
2020-03-03,20.292598724365234
2020-03-04,21.31190299987793
2020-03-05,20.89568901062012
2020-03-06,21.13352394104004
2020-03-09,19.400712966918945
2020-03-10,20.538936614990234
2020-03-11,19.66403007507324
2020-03-12,17.387590408325195
2020-03-13,19.366737365722656
2020-03-16,16.18991470336914
2020-03-17,18.31345558166504
2020-03-18,18.26249313354492
2020-03-19,18.06712532043457
2020-03-20,16.0200252532959
2020-03-23,15.077173233032228
2020-03-24,17.00535011291504
2020-03-25,17.20071792602539
2020-03-26,18.525808334350582
2020-03-27,17.616933822631836
2020-03-30,18.07561683654785
2020-03-31,17.44704818725586
2020-04-01,16.232383728027344
2020-04-02,15.88411808013916
2020-04-03,15.213083267211914
2020-04-06,16.74203109741211
2020-04-07,16.716552734375
2020-04-08,17.472532272338867
2020-04-09,17.990673065185547
2020-04-13,17.336626052856445
2020-04-14,17.58295440673828
2020-04-15,16.979867935180664
2020-04-16,16.852460861206055
2020-04-17,17.599946975708008
2020-04-20,17.36211395263672
2020-04-21,16.512691497802734
2020-04-22,16.971378326416016
2020-04-23,17.013851165771484
2020-04-24,17.650915145874023
2020-04-27,18.372913360595703
2020-04-28,18.806116104125977
2020-04-29,19.09492492675781
2020-04-30,18.695695877075195
2020-05-01,17.548982620239258
2020-05-04,17.319639205932617
2020-05-05,17.55747413635254
2020-05-06,17.591447830200195
2020-05-07,17.79530906677246
2020-05-08,18.364421844482425
2020-05-11,18.09261131286621
2020-05-12,17.336626052856445
2020-05-13,16.674081802368164
2020-05-14,16.93739891052246
2020-05-15,16.691070556640625
2020-05-18,17.812301635742188
2020-05-19,17.701875686645508
2020-05-20,18.330446243286133
2020-05-21,18.109600067138672
2020-05-22,18.160558700561523
2020-05-26,19.09492492675781
2020-05-27,19.81692695617676
2020-05-28,19.765474319458008
2020-05-29,19.542524337768555
2020-06-01,19.499650955200195
2020-06-02,20.47719955444336
2020-06-03,21.566238403320312
2020-06-04,21.22323608398437
2020-06-05,22.87821578979492
2020-06-08,23.384145736694336
2020-06-09,23.69285011291504
2020-06-10,23.881494522094727
2020-06-11,22.423736572265625
2020-06-12,23.09259796142578
2020-06-15,23.25551986694336
2020-06-16,23.71857261657715
2020-06-17,23.36699485778809
2020-06-18,23.452749252319336
2020-06-19,22.895368576049805
2020-06-22,22.75817108154297
2020-06-23,23.049718856811523
2020-06-24,22.132190704345703
2020-06-25,22.132190704345703
2020-06-26,21.7891902923584
2020-06-29,22.020713806152344
2020-06-30,22.20936584472656
2020-07-01,22.003564834594727
2020-07-02,22.29511833190918
2020-07-06,22.998271942138672
2020-07-07,22.71529197692871
2020-07-08,22.70671844482422
2020-07-09,22.732437133789062
2020-07-10,22.86964607238769
2020-07-13,22.912517547607425
2020-07-14,23.461322784423828
2020-07-15,24.06157684326172
2020-07-16,24.661827087402344
2020-07-17,24.90193557739257
2020-07-20,24.90193557739257
2020-07-21,25.133453369140625
2020-07-22,25.38213157653809
2020-07-23,25.553630828857425
2020-07-24,25.116304397583008
2020-07-27,26.265357971191406
2020-07-28,25.930932998657227
2020-07-29,27.10571479797364
2020-07-30,26.68554306030273
2020-07-31,26.582639694213867
2020-08-03,26.49689102172852
2020-08-04,26.74555969238281
2020-08-05,27.33723831176757
2020-08-06,27.302942276000977
2020-08-07,27.3115177154541
2020-08-10,27.56876564025879
2020-08-11,27.697389602661133
2020-08-12,28.066123962402344
2020-08-13,27.886045455932617
2020-08-14,27.71454620361328
2020-08-17,27.72312355041504
2020-08-18,27.53446578979492
2020-08-19,27.63736915588379
2020-08-20,27.32866668701172
2020-08-21,27.843164443969727
2020-08-24,28.61491775512696
2020-08-25,28.20331764221192
2020-08-26,28.108997344970703
2020-08-27,27.73777961730957
2020-08-28,28.195322036743164
2020-08-31,28.022666931152344
2020-09-01,28.359350204467773
2020-09-02,29.09315299987793
2020-09-03,27.53921890258789
2020-09-04,27.668716430664062
2020-09-08,27.418359756469727
2020-09-09,28.54927635192871
2020-09-10,27.521949768066406
2020-09-11,27.57375144958496
2020-09-14,28.264392852783203
2020-09-15,28.33345031738281
2020-09-16,28.178056716918945
2020-09-17,28.33345031738281
2020-09-18,28.005401611328125
2020-09-21,27.12483596801757
2020-09-22,27.288862228393555
2020-09-23,26.40829849243164
2020-09-24,26.49462890625
2020-09-25,26.93491172790528
2020-09-28,27.65144920349121
2020-09-29,27.59964942932129
2020-09-30,27.979501724243164
2020-10-01,28.083097457885746
2020-10-02,28.324827194213867
2020-10-05,28.94639015197754
2020-10-06,29.024089813232425
2020-10-07,30.26724624633789
2020-10-08,30.41400909423828
2020-10-09,30.025524139404297
2020-10-12,29.8960189819336
2020-10-13,30.10321617126465
2020-10-14,29.783802032470703
2020-10-15,30.180912017822266
2020-10-16,30.370838165283203
2020-10-19,29.87012481689453
2020-10-20,30.07731437683105
2020-10-21,30.21544075012207
2020-10-22,30.62119674682617
2020-10-23,30.698898315429688
2020-10-26,29.56797409057617
2020-10-27,28.359350204467773
2020-10-28,27.392457962036133
2020-10-29,27.711875915527344
2020-10-30,27.59964942932129
2020-11-02,28.031293869018555
2020-11-03,29.06725311279297
2020-11-04,28.97229766845703
2020-11-05,29.775165557861328
2020-11-06,29.965085983276367
2020-11-09,30.8024845123291
2020-11-10,31.09601402282715
2020-11-11,31.06147575378418
2020-11-12,30.32316017150879
2020-11-13,31.122276306152344
2020-11-16,32.12117385864258
2020-11-17,31.686878204345703
2020-11-18,31.34812355041504
2020-11-19,31.556583404541016
2020-11-20,31.5305233001709
2020-11-23,31.817182540893555
2020-11-24,32.57285690307617
2020-11-25,32.39913558959961
2020-11-27,32.21672439575195
2020-11-30,32.50336456298828
2020-12-01,32.4686279296875
2020-12-02,32.833438873291016
2020-12-03,32.2427864074707
2020-12-04,32.96372985839844
2020-12-07,32.64234161376953
2020-12-08,32.94635772705078
2020-12-09,32.71183395385742
2020-12-10,32.28621292114258
2020-12-11,30.957237243652344
2020-12-14,31.97351837158203
2020-12-15,32.15592193603516
2020-12-16,31.478412628173828
2020-12-17,31.78242874145508
2020-12-18,31.478412628173828
2020-12-21,31.226512908935547
2020-12-22,31.33074760437012
2020-12-23,31.573959350585938
2020-12-24,31.504467010498047
2020-12-28,31.434978485107425
2020-12-29,30.957237243652344
2020-12-30,31.24387550354004
2020-12-31,31.26994132995605
2021-01-04,30.33184814453125
2021-01-05,30.98329734802246
2021-01-06,32.05169677734375
2021-01-07,32.12117385864258
2021-01-08,32.095123291015625
2021-01-11,32.60761260986328
2021-01-12,32.538108825683594
2021-01-13,32.28621292114258
2021-01-14,33.0332145690918
2021-01-15,32.833438873291016
2021-01-19,33.46752166748047
2021-01-20,33.398033142089844
2021-01-21,32.955047607421875
2021-01-22,32.65970993041992
2021-01-25,33.406715393066406
2021-01-26,32.28621292114258
2021-01-27,30.601118087768555
2021-01-28,31.65212821960449
2021-01-29,31.157018661499023
2021-02-01,31.18307876586914
2021-02-02,31.556583404541016
2021-02-03,31.56526565551757
2021-02-04,32.38175964355469
2021-02-05,32.50336456298828
2021-02-08,32.72920608520508
2021-02-09,31.556583404541016
2021-02-10,32.08643341064453
2021-02-11,31.930084228515625
2021-02-12,32.0343132019043
2021-02-16,33.528324127197266
2021-02-17,32.9116096496582
2021-02-18,32.624969482421875
2021-02-19,33.05928039550781
2021-02-22,32.96372985839844
2021-02-23,32.70314407348633
2021-02-24,33.55438995361328
2021-02-25,32.94255447387695
2021-02-26,33.423274993896484
2021-03-01,34.498348236083984
2021-03-02,33.86030197143555
2021-03-03,33.729183197021484
2021-03-04,32.30450820922852
2021-03-05,32.74152374267578
2021-03-08,32.87263870239258
2021-03-09,33.58060836791992
2021-03-10,34.06133270263672
2021-03-11,34.96158981323242
2021-03-12,35.617122650146484
2021-03-15,36.3513069152832
2021-03-16,35.82688522338867
2021-03-17,36.10658645629883
2021-03-18,36.18523788452149
2021-03-19,36.080360412597656
2021-03-22,35.809410095214844
2021-03-23,34.84796524047852
2021-03-24,35.18009948730469
2021-03-25,36.02791976928711
2021-03-26,37.94207763671875
2021-03-29,37.93331527709961
2021-03-30,38.10812759399414
2021-03-31,38.02946472167969
2021-04-01,38.449005126953125
2021-04-05,39.75132751464844
2021-04-06,39.05208969116211
2021-04-07,38.71121597290039
2021-04-08,38.95595169067383
2021-04-09,39.113277435302734
2021-04-12,39.37548065185547
2021-04-13,39.32304763793945
2021-04-14,39.54155349731445
2021-04-15,40.11842346191406
2021-04-16,40.0310173034668
2021-04-19,40.25827026367188
2021-04-20,39.82124710083008
2021-04-21,40.4243392944336
2021-04-22,39.84747695922852
2021-04-23,40.4243392944336
2021-04-26,40.26700973510742
2021-04-27,38.90351104736328
2021-04-28,38.77239990234375
2021-04-29,39.46289443969727
2021-04-30,38.64129638671875
2021-05-03,39.15697479248047
2021-05-04,39.314300537109375
2021-05-05,39.69014358520508
2021-05-06,39.91739273071289
2021-05-07,40.20582580566406
2021-05-10,39.54155349731445
2021-05-11,39.45414352416992
2021-05-12,37.45259094238281
2021-05-13,38.04694366455078
2021-05-14,38.70246887207031
2021-05-17,38.62381362915039
2021-05-18,37.91584777832031
2021-05-19,37.74976348876953
2021-05-20,38.19553756713867
2021-05-21,38.04694366455078
2021-05-24,38.46649169921875
2021-05-25,38.29168701171875
2021-05-26,38.27418899536133
2021-05-27,38.072059631347656
2021-05-28,38.344512939453125
2021-06-01,37.89628982543945
2021-06-02,37.685359954833984
2021-06-03,37.94901657104492
2021-06-04,38.15116500854492
2021-06-07,37.43928909301758
2021-06-08,37.799617767333984
2021-06-09,37.57990646362305
2021-06-10,37.82598114013672
2021-06-11,37.93144226074219
2021-06-14,36.43739318847656
2021-06-15,36.05069732666016
2021-06-16,35.46185302734375
2021-06-17,34.55663299560547
2021-06-18,34.011749267578125
2021-06-21,34.6181526184082
2021-06-22,35.28608703613281
2021-06-23,35.91007232666016
2021-06-24,36.03311538696289
2021-06-25,35.94523239135742
2021-06-28,36.024322509765625
2021-06-29,35.90129089355469
2021-06-30,35.94523239135742
2021-07-01,36.10342788696289
2021-07-02,36.20887756347656
2021-07-06,35.52337646484375
2021-07-07,35.72551727294922
2021-07-08,35.24214553833008
2021-07-09,36.05947494506836
2021-07-12,35.96280288696289
2021-07-13,35.65520477294922
2021-07-14,35.82218933105469
2021-07-15,35.65520477294922
2021-07-16,34.99605941772461
2021-07-19,34.565433502197266
2021-07-20,35.25093460083008
2021-07-21,35.91007232666016
2021-07-22,35.532169342041016
2021-07-23,36.226470947265625
2021-07-26,36.085845947265625
2021-07-27,35.61125564575195
2021-07-28,35.89249420166016
2021-07-29,36.75378036499024
2021-07-30,36.78893661499024
2021-08-02,36.12099456787109
2021-08-03,36.648319244384766
2021-08-04,36.5516357421875
2021-08-05,35.93643951416016
2021-08-06,35.96280288696289
2021-08-09,35.81340789794922
2021-08-10,35.96280288696289
2021-08-11,35.98038101196289
2021-08-12,35.47065353393555
2021-08-13,35.42670440673828
2021-08-16,35.49700927734375
2021-08-17,35.479434967041016
2021-08-18,35.67278289794922
2021-08-19,35.93643951416016
2021-08-20,35.30366134643555
2021-08-23,35.514591217041016
2021-08-24,35.58490753173828
2021-08-25,35.87492370605469
2021-08-26,35.32123565673828
2021-08-27,35.81340789794922
2021-08-30,35.41557312011719
2021-08-31,35.35369110107422
2021-09-01,34.619911193847656
2021-09-02,35.0088996887207
2021-09-03,34.91165542602539
2021-09-07,34.964698791503906
2021-09-08,34.46078872680664
2021-09-09,34.13368606567383
2021-09-10,34.32817459106445
2021-09-13,34.43426513671875
2021-09-14,33.82426071166992
2021-09-15,34.16020965576172
2021-09-16,34.33701705932617
2021-09-17,33.93919372558594
2021-09-20,33.5855598449707
2021-09-21,32.984405517578125
2021-09-22,32.99324417114258
2021-09-23,33.40874481201172
2021-09-24,33.93919372558594
2021-09-27,34.01875686645508
2021-09-28,33.24961853027344
2021-09-29,32.82526779174805
2021-09-30,32.25947189331055
2021-10-01,32.69265365600586
2021-10-04,32.32135391235352
2021-10-05,32.62193298339844
2021-10-06,32.15338516235352
2021-10-07,32.65729904174805
2021-10-08,32.85178756713867
2021-10-11,32.63962173461914
2021-10-12,32.19758224487305
2021-10-13,32.577728271484375
2021-10-14,33.320350646972656
2021-10-15,33.550201416015625
2021-10-18,33.435264587402344
2021-10-19,33.514835357666016
2021-10-20,33.88614273071289
2021-10-21,34.001075744628906
2021-10-22,33.79773712158203
2021-10-25,34.13368606567383
2021-10-26,32.33904266357422
2021-10-27,31.28699111938477
2021-10-28,31.508007049560547
2021-10-29,31.44613265991211
2021-11-01,32.21526336669922
2021-11-02,32.67496871948242
2021-11-03,32.76338195800781
2021-11-04,32.4185905456543
2021-11-05,33.894981384277344
2021-11-08,34.00991439819336
2021-11-09,33.78889846801758
2021-11-10,33.69103240966797
2021-11-11,34.03800201416016
2021-11-12,34.80309295654297
2021-11-15,34.429439544677734
2021-11-16,34.38496398925781
2021-11-17,33.984615325927734
2021-11-18,34.100276947021484
2021-11-19,33.49530792236328
2021-11-22,34.43833923339844
2021-11-23,35.07888412475586
2021-11-24,34.731929779052734
2021-11-26,33.77110290527344
2021-11-29,34.2159309387207
2021-11-30,32.99710464477539
2021-12-01,32.78358840942383
2021-12-02,33.388553619384766
2021-12-03,33.03269577026367
2021-12-06,33.50420379638672
2021-12-07,34.01130676269531
2021-12-08,34.09137725830078
2021-12-09,33.406341552734375
2021-12-10,33.459720611572266
2021-12-13,32.854766845703125
2021-12-14,32.7213134765625
2021-12-15,33.094966888427734
2021-12-16,33.00600051879883
2021-12-17,32.6412467956543
2021-12-20,32.11634826660156
2021-12-21,32.258689880371094
2021-12-22,32.36546325683594
2021-12-23,32.69462585449219
2021-12-27,33.2462043762207
2021-12-28,33.22840881347656
2021-12-29,33.37076187133789
2021-12-30,33.10386276245117
2021-12-31,33.121665954589844
2022-01-03,33.08606719970703
2022-01-04,33.815582275390625
2022-01-05,33.96683120727539
2022-01-06,34.100276947021484
2022-01-07,33.779998779296875
2022-01-10,33.450828552246094
2022-01-11,33.84227752685547
2022-01-12,33.95792388916016
2022-01-13,33.88676071166992
2022-01-14,32.99710464477539
2022-01-18,32.60565948486328
2022-01-19,31.99180603027344
2022-01-20,31.253398895263672
2022-01-21,31.191118240356445
2022-01-24,31.431325912475582
2022-01-25,31.40463829040528
2022-01-26,34.90985870361328
2022-01-27,36.08419799804688
2022-01-28,37.47204208374024
2022-01-31,37.40087127685547
2022-02-01,37.51652908325195
2022-02-02,38.02363586425781
2022-02-03,37.9079704284668
2022-02-04,37.534324645996094
2022-02-07,37.543216705322266
2022-02-08,38.02363586425781
2022-02-09,38.21045303344727
2022-02-10,37.80122375488281
2022-02-11,37.249629974365234
2022-02-14,36.73363876342773
2022-02-15,37.44535827636719
2022-02-16,37.712249755859375
2022-02-17,36.79591369628906
2022-02-18,37.098388671875
2022-02-22,36.582401275634766
2022-02-23,35.790611267089844
2022-02-24,36.03970718383789
2022-02-25,36.809940338134766
2022-02-28,36.183013916015625
2022-03-01,34.54402160644531
2022-03-02,35.672508239746094
2022-03-03,35.502342224121094
2022-03-04,34.794803619384766
2022-03-07,33.39763641357422
2022-03-08,33.111045837402344
2022-03-09,33.702144622802734
2022-03-10,33.146854400634766
2022-03-11,32.6363525390625
2022-03-14,32.43036651611328
2022-03-15,32.77070236206055
2022-03-16,33.41555404663086
2022-03-17,33.76484680175781
2022-03-18,34.05143356323242
2022-03-21,33.85440444946289
2022-03-22,34.33802795410156
2022-03-23,33.63048553466797
2022-03-24,34.34699249267578
2022-03-25,34.36491012573242
2022-03-28,33.98874282836914
2022-03-29,34.320125579833984
2022-03-30,33.657371520996094
2022-03-31,33.05729293823242
2022-04-01,32.56470489501953
2022-04-04,32.77070236206055
2022-04-05,31.946727752685547
2022-04-06,31.2750186920166
2022-04-07,30.81825256347656
2022-04-08,30.531658172607425
2022-04-11,30.155488967895508
2022-04-12,30.048019409179688
2022-04-13,30.33462142944336
2022-04-14,30.173402786254883
2022-04-18,30.33462142944336
2022-04-19,31.0869369506836
2022-04-20,31.05111312866211
2022-04-21,31.02423858642578
2022-04-22,30.27192115783692
2022-04-25,30.827211380004883
2022-04-26,31.794477462768555
2022-04-27,32.30498123168945
2022-04-28,32.60053634643555
2022-04-29,31.51683616638184
2022-05-02,32.20645904541016
2022-05-03,32.358726501464844
2022-05-04,33.379722595214844
2022-05-05,32.71696472167969
2022-05-06,33.01252365112305
2022-05-09,32.027339935302734
2022-05-10,32.24229049682617
2022-05-11,31.23919677734375
2022-05-12,31.534746170043945
2022-05-13,31.83029556274414
2022-05-16,31.525798797607425
2022-05-17,32.50202178955078
2022-05-18,30.50478744506836
2022-05-19,30.02115249633789
2022-05-20,29.671855926513672
2022-05-23,30.2360954284668
2022-05-24,29.7972469329834
2022-05-25,30.18236541748047
2022-05-26,31.5437068939209
2022-05-27,32.17548370361328
2022-05-31,32.32891082763672
2022-06-01,31.985944747924805
2022-06-02,32.95166778564453
2022-06-03,32.346961975097656
2022-06-06,32.392093658447266
2022-06-07,32.346961975097656
2022-06-08,32.32891082763672
2022-06-09,30.92094612121582
2022-06-10,30.03646278381348
2022-06-13,28.827062606811523
2022-06-14,28.97146987915039
2022-06-15,29.549097061157227
2022-06-16,28.312620162963867
2022-06-17,28.772912979125977
2022-06-21,28.98951911926269
2022-06-22,28.475074768066406
2022-06-23,28.529226303100582
2022-06-24,29.5671443939209
2022-06-27,30.045494079589844
2022-06-28,29.332483291625977
2022-06-29,29.224184036254883
2022-06-30,28.4389705657959
2022-07-01,28.799989700317383
2022-07-05,28.565324783325195
2022-07-06,28.799989700317383
2022-07-07,29.47688674926757
2022-07-08,29.43176651000977
2022-07-11,29.287357330322266
2022-07-12,29.206130981445312
2022-07-13,29.09782600402832
2022-07-14,28.872190475463867
2022-07-15,29.964269638061523
2022-07-18,29.57617378234864
2022-07-19,30.85776901245117
2022-07-20,31.06536102294922
2022-07-21,31.45345115661621
2022-07-22,31.020233154296875
2022-07-25,31.128536224365234
2022-07-26,31.534677505493164
2022-07-27,32.44623565673828
2022-07-28,32.753108978271484
2022-07-29,33.17729187011719
2022-08-01,32.84335708618164
2022-08-02,32.59064102172852
2022-08-03,32.9426383972168
2022-08-04,32.9336051940918
2022-08-05,32.31085968017578
2022-08-08,32.401119232177734
2022-08-09,31.931793212890625
2022-08-10,33.21339797973633
2022-08-11,33.520259857177734
2022-08-12,33.881282806396484
2022-08-15,33.55636215209961
2022-08-16,33.73687744140625
2022-08-17,32.83433151245117
2022-08-18,33.267555236816406
2022-08-19,32.66284942626953
2022-08-22,31.71519088745117
2022-08-23,31.624935150146484
2022-08-24,31.570775985717773
2022-08-25,32.35599136352539
2022-08-26,31.2639102935791
2022-08-29,31.011201858520508
2022-08-30,31.402374267578125
2022-08-31,31.220428466796875
2022-09-01,30.81107711791992
2022-09-02,30.15610122680664
2022-09-06,29.82861328125
2022-09-07,30.010555267333984
2022-09-08,30.11971664428711
2022-09-09,30.601842880249023
2022-09-12,31.220428466796875
2022-09-13,29.94687271118164
2022-09-14,29.94687271118164
2022-09-15,29.66486930847168
2022-09-16,29.1645450592041
2022-09-19,29.4465446472168
2022-09-20,28.837055206298828
2022-09-21,28.254858016967773
2022-09-22,27.94556427001953
2022-09-23,27.57258987426757
2022-09-26,27.19052505493164
2022-09-27,26.83574485778809
2022-09-28,27.22690963745117
2022-09-29,26.94491004943848
2022-09-30,26.39909553527832
2022-10-03,27.17233085632324
2022-10-04,28.682411193847656
2022-10-05,28.491374969482425
2022-10-06,28.646020889282227
2022-10-07,27.70903968811035
2022-10-10,27.40884780883789
2022-10-11,27.19962310791016
2022-10-12,27.36336708068848
2022-10-13,27.818204879760746
2022-10-14,27.4725284576416
2022-10-17,28.43679618835449
2022-10-18,28.655118942260746
2022-10-19,28.58234214782715
2022-10-20,28.109304428100582
2022-10-21,29.28280067443848
2022-10-24,29.4101619720459
2022-10-25,28.864347457885746
2022-10-26,29.464738845825195
2022-10-27,29.21002769470215
2022-10-28,29.55571174621582
2022-10-31,29.26460838317871
2022-11-01,29.61938667297364
2022-11-02,28.88254165649414
2022-11-03,29.00080108642578
2022-11-04,29.91958236694336
2022-11-07,30.09242248535156
2022-11-08,30.001453399658203
2022-11-09,29.1645450592041
2022-11-10,30.838367462158203
2022-11-11,31.347789764404297
2022-11-14,30.920242309570312
2022-11-15,31.256820678710938
2022-11-16,30.4563045501709
2022-11-17,30.5296688079834
2022-11-18,31.07990837097168
2022-11-21,30.868986129760746
2022-11-22,31.16245079040528
2022-11-23,31.10742378234864
2022-11-25,31.290843963623047
2022-11-28,30.36458969116211
2022-11-29,30.639711380004883
2022-11-30,31.300020217895508
2022-12-01,31.400903701782227
2022-12-02,31.1807918548584
2022-12-05,30.72224998474121
2022-12-06,30.520492553710938
2022-12-07,30.373760223388672
2022-12-08,30.557174682617188
2022-12-09,30.28205299377441
2022-12-12,30.71308135986328
2022-12-13,31.17162704467773
2022-12-14,30.933181762695312
2022-12-15,30.071123123168945
2022-12-16,29.621749877929688
2022-12-19,29.117361068725582
2022-12-20,28.93394088745117
2022-12-21,29.3741397857666
2022-12-22,28.952281951904297
2022-12-23,29.117361068725582
2022-12-27,29.25492286682129
2022-12-28,28.8147201538086
2022-12-29,29.328283309936523
2022-12-30,29.291603088378903
2023-01-03,29.841854095458984
2023-01-04,31.28166580200196
2023-01-05,31.53845596313477
2023-01-06,32.44636917114258
2023-01-09,32.48305130004883
2023-01-10,32.868221282958984
2023-01-11,33.390960693359375
2023-01-12,33.51018524169922
2023-01-13,33.07915496826172
2023-01-17,32.96910095214844
2023-01-18,32.95992660522461
2023-01-19,32.78569030761719
2023-01-20,32.868221282958984
2023-01-23,33.1158332824707
2023-01-24,32.8407096862793
2023-01-25,32.611446380615234
2023-01-26,33.4093017578125
2023-01-27,33.74861526489258
2023-01-30,33.372615814208984
2023-01-31,31.740215301513672
2023-02-01,32.35465621948242
2023-02-02,33.280906677246094
2023-02-03,32.77651596069336
2023-02-06,32.116214752197266
2023-02-07,32.27212142944336
2023-02-08,32.22626876831055
2023-02-09,32.09787368774414
2023-02-10,32.32714080810547
2023-02-13,32.71231460571289
2023-02-14,32.455535888671875
2023-02-15,32.67563247680664
2023-02-16,32.418853759765625
2023-02-17,32.62977981567383
2023-02-21,31.740215301513672
2023-02-22,31.56596565246582
2023-02-23,31.82274436950684
2023-02-24,31.46508979797364
2023-02-27,31.723981857299805
2023-02-28,31.391122817993164
2023-03-01,31.74247932434082
2023-03-02,31.908906936645508
2023-03-03,32.611629486083984
2023-03-06,32.79655456542969
2023-03-07,31.84418487548828
2023-03-08,31.78870964050293
2023-03-09,31.391122817993164
2023-03-10,30.753124237060547
2023-03-13,30.577449798583984
2023-03-14,31.0305118560791
2023-03-15,30.33704376220703
2023-03-16,30.817846298217773
2023-03-17,30.34629249572754
2023-03-20,30.725387573242188
2023-03-21,31.13221740722656
2023-03-22,30.3000545501709
2023-03-23,30.19834518432617
2023-03-24,30.3740234375
2023-03-27,30.83633804321289
2023-03-28,31.021265029907227
2023-03-29,31.77021789550781
2023-03-30,32.195552825927734
2023-03-31,32.620872497558594
2023-04-03,32.31574249267578
2023-04-04,31.834941864013672
2023-04-05,31.677743911743164
2023-04-06,31.52981376647949
2023-04-10,32.25102233886719
2023-04-11,32.343482971191406
2023-04-12,32.12157440185547
2023-04-13,32.29724884033203
2023-04-14,32.1585578918457
2023-04-17,32.12157440185547
2023-04-18,31.899658203125
2023-04-19,31.437349319458008
2023-04-20,31.418853759765625
2023-04-21,31.067495346069336
2023-04-24,31.12297248840332
2023-04-25,30.4110107421875
2023-04-26,29.81000709533692
2023-04-27,30.28156471252441
2023-04-28,30.71613883972168
2023-05-01,30.614431381225582
2023-05-02,30.04116439819336
2023-05-03,29.2829704284668
2023-05-04,29.005577087402344
2023-05-05,29.10728645324707
2023-05-08,29.09804344177246
2023-05-09,28.81140518188477
2023-05-10,28.93160629272461
2023-05-11,28.64497375488281
2023-05-12,28.654216766357425
2023-05-15,28.8483943939209
2023-05-16,28.321352005004883
2023-05-17,28.49703025817871
2023-05-18,28.93160629272461
2023-05-19,28.959341049194336
2023-05-22,29.125778198242188
2023-05-23,28.450801849365234
2023-05-24,29.153520584106445
2023-05-25,28.7004508972168
2023-05-26,29.153520584106445
2023-05-30,29.069555282592773
2023-05-31,28.743040084838867
2023-06-01,28.79900932312012
2023-06-02,29.39607620239257
2023-06-05,28.96693420410156
2023-06-06,29.181507110595703
2023-06-07,29.750577926635746
2023-06-08,29.554670333862305
2023-06-09,30.58087539672852
2023-06-12,30.627525329589844
2023-06-13,30.77678871154785
2023-06-14,31.010013580322266
2023-06-15,31.56976318359375
2023-06-16,33.444923400878906
2023-06-20,32.55865478515625
2023-06-21,32.11084747314453
2023-06-22,32.13883972167969
2023-06-23,31.588417053222656
2023-06-26,31.8496322631836
2023-06-27,32.36274719238281
2023-06-28,32.44669723510742
2023-06-29,32.38139343261719
2023-06-30,32.68925857543945
2023-07-03,32.801204681396484
2023-07-05,32.633277893066406
2023-07-06,32.32542419433594
2023-07-07,32.3720703125
2023-07-10,32.67059326171875
2023-07-11,33.02510452270508
2023-07-12,33.174373626708984
2023-07-13,33.416927337646484
2023-07-14,31.308544158935547
2023-07-17,31.345861434936523
2023-07-18,31.373851776123047
2023-07-19,31.345861434936523
2023-07-20,30.96336936950684
2023-07-21,30.991355895996094
2023-07-24,30.96336936950684
2023-07-25,31.71902656555176
2023-07-26,32.09218978881836
2023-07-27,31.54178047180176
2023-07-28,31.49512481689453
2023-07-31,31.663049697875977
2023-08-01,31.476470947265625
2023-08-02,31.54178047180176
2023-08-03,31.317874908447266
2023-08-04,30.879404067993164
2023-08-07,30.88873672485352
2023-08-08,30.627525329589844
2023-08-09,30.37563133239746
2023-08-10,30.46892166137696
2023-08-11,30.25435447692871
2023-08-14,30.18905258178711
2023-08-15,29.750577926635746
2023-08-16,29.61997604370117
2023-08-17,29.88118934631348
2023-08-18,29.99313735961914
2023-08-21,29.85320472717285
2023-08-22,29.81588363647461
2023-08-23,30.039783477783203
2023-08-24,29.80655860900879
2023-08-25,30.25435447692871
2023-08-28,30.459596633911133
2023-08-29,30.69282531738281
2023-08-30,30.824552536010746
2023-08-31,30.88100814819336
2023-09-01,30.91864585876465
2023-09-05,30.29763412475586
2023-09-06,29.977724075317383
2023-09-07,29.657814025878903
2023-09-08,29.516674041748047
2023-09-11,29.19676399230957
2023-09-12,29.535490036010746
2023-09-13,29.413175582885746
2023-09-14,29.620176315307617
2023-09-15,29.384944915771484
2023-09-18,29.70486068725586
2023-09-19,29.99654197692871
2023-09-20,29.75190734863281
2023-09-21,29.337894439697266
2023-09-22,29.37553596496582
2023-09-25,29.14030647277832
2023-09-26,28.340526580810547
2023-09-27,28.284069061279297
2023-09-28,28.528705596923828
2023-09-29,28.66984367370605
2023-10-02,28.42520523071289
2023-10-03,28.246431350708008
2023-10-04,28.29347801208496
2023-10-05,27.92652130126953
2023-10-06,27.832426071166992
2023-10-09,27.70069694519043
2023-10-10,27.52192497253418
2023-10-11,27.38078498840332
2023-10-12,26.468093872070312
2023-10-13,26.279905319213867
2023-10-16,26.72214126586914
2023-10-17,26.524545669555664
2023-10-18,25.969406127929688
2023-10-19,25.8094482421875
2023-10-20,25.564809799194336
2023-10-23,25.33899307250977
2023-10-24,25.273122787475582
2023-10-25,25.197847366333008
2023-10-26,25.33899307250977
2023-10-27,25.01907157897949
2023-10-30,25.08493995666504
2023-10-31,25.179033279418945
2023-11-01,25.08493995666504
2023-11-02,25.762401580810547
2023-11-03,26.279905319213867
2023-11-06,26.082313537597656
2023-11-07,25.84708404541016
2023-11-08,25.696537017822266
2023-11-09,25.47071647644043
2023-11-10,26.044677734375
2023-11-13,26.082313537597656
2023-11-14,26.77859687805176
2023-11-15,27.239646911621094
2023-11-16,26.96411323547364
2023-11-17,27.059125900268555
2023-11-20,26.87860679626465
2023-11-21,26.70758438110352
2023-11-22,26.75509262084961
2023-11-24,26.79309844970703
2023-11-27,26.47955703735352
2023-11-28,26.375049591064453
2023-11-29,26.812095642089844
2023-11-30,27.068628311157227
2023-12-01,27.40116500854492
2023-12-04,27.42016792297364
2023-12-05,27.040122985839844
2023-12-06,27.353660583496094
2023-12-07,27.562686920166016
2023-12-08,27.657697677612305
2023-12-11,28.02823829650879
2023-12-12,27.942726135253903
2023-12-13,28.199256896972656
2023-12-14,29.04485511779785
2023-12-15,28.94034194946289
2023-12-18,28.59830474853516
2023-12-19,28.864336013793945
2023-12-20,28.265764236450195
2023-12-21,28.674314498901367
2023-12-22,28.721818923950195
2023-12-26,28.930843353271484
2023-12-27,29.03535461425781
2023-12-28,29.10186004638672
2023-12-29,28.930843353271484
2024-01-02,28.96884727478028
2024-01-03,28.62680625915528
2024-01-04,28.76932907104492
2024-01-05,29.04485511779785
2024-01-08,29.757436752319336
2024-01-09,29.06385612487793
2024-01-10,29.15886688232422
2024-01-11,29.206375122070312
2024-01-12,29.073362350463867
2024-01-16,28.71231460571289
2024-01-17,28.360774993896484
2024-01-18,28.65531349182129
2024-01-19,28.92134094238281
2024-01-22,29.092363357543945
2024-01-23,28.78832626342773
2024-01-24,28.85483741760254
2024-01-25,29.28238296508789
2024-01-26,29.320390701293945
2024-01-29,29.595922470092773
2024-01-30,31.63865089416504
2024-01-31,30.869070053100582
2024-02-01,30.48902130126953
2024-02-02,30.64104080200196
2024-02-05,30.413015365600582
2024-02-06,30.441516876220703
2024-02-07,30.20399284362793
2024-02-08,30.14698028564453
2024-02-09,30.441516876220703
2024-02-12,30.57453155517578
2024-02-13,29.719432830810547
2024-02-14,30.165987014770508
2024-02-15,30.432016372680664
2024-02-16,30.318002700805664
2024-02-20,30.679044723510746
2024-02-21,30.64104080200196
2024-02-22,31.0590877532959
2024-02-23,31.0590877532959
2024-02-26,30.8880672454834
2024-02-27,30.81205940246582
2024-02-28,30.754558563232425
2024-02-29,30.898313522338867
2024-03-01,31.09957695007324
2024-03-04,31.99087905883789
2024-03-05,31.14749336242676
2024-03-06,31.44459724426269
2024-03-07,31.24332618713379
2024-03-08,31.3487548828125
2024-03-11,31.530855178833008
2024-03-12,31.5212631225586
2024-03-13,31.367923736572266
2024-03-14,31.176244735717773
2024-03-15,31.15707778930664
2024-03-18,30.984569549560547
2024-03-19,31.19541358947754
2024-03-20,31.31041717529297
2024-03-21,31.75128173828125
2024-03-22,31.214582443237305
2024-03-25,31.11874389648437
2024-03-26,30.96540260314941
2024-03-27,31.64585494995117
2024-03-28,31.588350296020508
2024-04-01,31.31041717529297
2024-04-02,31.15707778930664
2024-04-03,31.214582443237305
2024-04-04,31.02290344238281
2024-04-05,31.18583106994629
2024-04-08,30.85039329528809
2024-04-09,31.19541358947754
2024-04-10,30.6203842163086
2024-04-11,30.927064895629883
2024-04-12,30.17952537536621
2024-04-15,29.987850189208984
2024-04-16,29.63324737548828
2024-04-17,29.690752029418945
2024-04-18,29.62366104125977
2024-04-19,29.96868133544922
2024-04-22,30.23702812194824
2024-04-23,30.21786117553711
2024-04-24,30.208276748657227
2024-04-25,30.045352935791016
2024-04-26,30.026185989379883
2024-04-29,30.45745658874512
2024-04-30,31.99087905883789
2024-05-01,32.086708068847656
2024-05-02,32.172969818115234
2024-05-03,32.31672286987305
2024-05-06,32.048370361328125
2024-05-07,32.02920913696289
2024-05-08,32.51798248291016
2024-05-09,32.77675247192383
2024-05-10,32.74799728393555
2024-05-13,32.85342025756836
2024-05-14,33.49553298950195
2024-05-15,33.64888000488281
2024-05-16,33.75429916381836
2024-05-17,33.87889099121094
2024-05-20,34.04181289672852
2024-05-21,34.96186447143555
2024-05-22,35.057708740234375
2024-05-23,34.616844177246094
2024-05-24,34.77018356323242
2024-05-28,34.35808181762695
2024-05-29,34.0705680847168
2024-05-30,35.4218864440918
2024-05-31,35.981990814208984
2024-06-03,36.07856750488281
2024-06-04,35.74056625366211
2024-06-05,36.20410537719727
2024-06-06,36.11719131469727
2024-06-07,35.6633186340332
2024-06-10,35.5957145690918
2024-06-11,36.06890869140625
2024-06-12,36.71592330932617
2024-06-13,36.773868560791016
2024-06-14,35.97233581542969
2024-06-17,37.42089080810547
2024-06-18,38.83080673217773
2024-06-20,38.48316192626953
2024-06-21,38.67629623413086
2024-06-24,38.53144836425781
2024-06-25,38.40589904785156
2024-06-26,36.96701049804688
2024-06-27,37.26637268066406
2024-06-28,37.5174560546875
2024-07-01,37.33397674560547
2024-07-02,37.0732307434082
2024-07-03,37.10220336914063
2024-07-05,37.12152099609375
2024-07-08,41.57339477539063
2024-07-09,43.1378288269043
2024-07-10,43.92005157470703
2024-07-11,43.50479888916016
2024-07-12,44.05524444580078
2024-07-15,44.19044494628906
2024-07-16,44.6153564453125
2024-07-17,44.267696380615234
2024-07-18,43.44686126708984
2024-07-19,42.79018020629883
2024-07-22,42.79018020629883
2024-07-23,42.54875946044922
2024-07-24,42.44253158569336
2024-07-25,41.34163284301758
2024-07-26,41.38025665283203
2024-07-29,41.21609115600586
2024-07-30,38.376930236816406
2024-07-31,38.63766479492188
2024-08-01,38.66664505004883
2024-08-02,37.6043701171875
2024-08-05,36.46483612060547
2024-08-06,37.01530075073242
2024-08-07,36.551753997802734
2024-08-08,37.28569412231445
2024-08-09,37.13117599487305
2024-08-12,37.9616813659668
2024-08-13,38.40589904785156
2024-08-14,38.232078552246094
2024-08-15,38.87909698486328
2024-08-16,38.8211555480957
2024-08-19,39.21708679199219
2024-08-20,39.33297729492188
2024-08-21,40.63667297363281
2024-08-22,39.85445785522461
2024-08-23,40.5014762878418
2024-08-26,40.77186965942383
2024-08-27,41.06158065795898
2024-08-28,40.868438720703125
2024-08-29,40.43387222290039
2024-08-30,40.6866455078125
2024-09-03,39.53944396972656
2024-09-04,40.09360504150391
2024-09-05,40.2199821472168
2024-09-06,39.51028060913086
2024-09-09,39.83110427856445
2024-09-10,40.01582717895508
2024-09-11,40.6866455078125
2024-09-12,40.69636917114258
2024-09-13,41.31857681274414
2024-09-16,41.71717834472656
2024-09-17,42.09634017944336
2024-09-18,42.21299743652344
2024-09-19,43.19492721557617
2024-09-20,43.262977600097656
2024-09-23,43.40880584716797
2024-09-24,44.0310173034668
2024-09-25,43.42824935913086
2024-09-26,44.021297454833984
2024-09-27,43.62269592285156
2024-09-30,43.89491653442383
2024-10-01,43.3018684387207
2024-10-02,43.661582946777344
2024-10-03,43.35047912597656
2024-10-04,43.632415771484375
2024-10-07,42.88382339477539
2024-10-08,43.35047912597656
2024-10-09,45.43099212646485
2024-10-10,44.74073028564453
2024-10-11,45.168495178222656
2024-10-14,45.5282096862793
2024-10-15,44.48794937133789
2024-10-16,44.73100662231445
2024-10-17,45.22682571411133
2024-10-18,45.36293411254883
2024-10-21,45.72264862060547
2024-10-22,45.994873046875
2024-10-23,45.586544036865234
2024-10-24,45.50876998901367
2024-10-25,44.964332580566406
2024-10-28,45.53793716430664
2024-10-29,47.66705322265625
2024-10-30,46.70457458496094
2024-10-31,46.267086029052734
2024-11-01,47.01567459106445
2024-11-04,45.712928771972656
2024-11-05,45.9656982421875
2024-11-06,46.899017333984375
2024-11-07,46.87957000732422
2024-11-08,47.36566925048828
2024-11-11,47.56010818481445
2024-11-12,46.97679138183594
2024-11-13,45.89765167236328
2024-11-14,45.742095947265625
2024-11-15,45.4682502746582
2024-11-18,45.41934585571289
2024-11-19,46.25066757202149
2024-11-20,46.30934143066406
2024-11-21,46.78857421875
2024-11-22,47.45363235473633
2024-11-25,47.19934844970703
2024-11-26,46.94506454467773
2024-11-27,47.16022491455078
2024-11-29,47.60033416748047
2024-12-02,48.15781021118164
2024-12-03,48.0893440246582
2024-12-04,48.069786071777344
2024-12-05,48.66637802124024
2024-12-06,48.47077560424805
2024-12-09,47.44385147094727
2024-12-10,47.306922912597656
2024-12-11,46.583194732666016
2024-12-12,47.54166030883789
2024-12-13,47.09176635742188
2024-12-16,47.12110900878906
2024-12-17,46.71033477783203
2024-12-18,45.48780822753906
2024-12-19,46.02572250366211
2024-12-20,46.27022933959961
2024-12-23,46.45604705810547
2024-12-24,46.847259521484375
2024-12-26,46.935279846191406
2024-12-27,46.72989273071289
2024-12-30,46.29956817626953
2024-12-31,46.4756088256836
2025-01-02,45.683406829833984
2025-01-03,46.45604705810547
2025-01-06,47.277587890625
2025-01-07,46.79835510253906
2025-01-08,46.68099594116211
2025-01-10,46.08440017700195
2025-01-13,45.5562744140625
2025-01-14,46.38758087158203
2025-01-15,47.73725509643555
2025-01-16,48.15781021118164
2025-01-17,48.744625091552734
2025-01-21,50.41703796386719
2025-01-22,52.82297134399414
2025-01-23,52.79363250732422
2025-01-24,53.05769729614258
2025-01-27,48.4414291381836
2025-01-28,50.10407257080078
2025-01-29,48.70549774169922
2025-01-30,48.89132308959961
2025-01-31,50.93539810180664
2025-02-03,50.221435546875
2025-02-04,50.896270751953125
2025-02-05,52.118797302246094
2025-02-06,52.47088623046875
2025-02-07,51.80583190917969
2025-02-10,51.88407516479492
2025-02-11,51.24835968017578
2025-02-12,50.86692428588867
2025-02-13,50.96473693847656
2025-02-14,51.385284423828125
2025-02-18,51.72758865356445
2025-02-19,51.512428283691406
2025-02-20,50.73000717163086
2025-02-21,50.358360290527344
2025-02-24,49.66395950317383
2025-02-25,48.57835388183594
2025-02-26,48.91088485717773
2025-02-27,47.9230842590332
2025-02-28,49.32969284057617
2025-03-03,47.46077346801758
2025-03-04,45.72956085205078
2025-03-05,46.27056121826172
2025-03-06,44.765586853027344
2025-03-07,45.17871856689453
2025-03-10,44.27376556396485
2025-03-11,44.1754035949707
2025-03-12,44.65738677978516
2025-03-13,44.8541145324707
2025-03-14,45.98530578613281
2025-03-17,46.09351348876953
2025-03-18,46.496803283691406
2025-03-19,47.9624252319336
2025-03-20,47.8739013671875
2025-03-21,47.73619079589844
2025-03-24,49.07394409179688
2025-03-25,48.18867111206055
2025-03-26,46.3295783996582
2025-03-27,45.79841613769531
2025-03-28,45.10986328125
2025-03-31,45.03117752075195
2025-04-01,44.79509735107422
2025-04-02,45.77874374389648
2025-04-03,41.598262786865234
2025-04-04,38.430931091308594
2025-04-07,38.96209716796875
2025-04-08,38.53913116455078
2025-04-09,42.552391052246094
2025-04-10,41.00807189941406
2025-04-11,40.58510208129883
2025-04-14,40.92938232421875
2025-04-15,41.09659957885742
2025-04-16,40.60477828979492
2025-04-17,40.84085464477539
2025-04-21,40.03426742553711
2025-04-22,41.06708908081055
2025-04-23,42.26713943481445
2025-04-24,43.16225051879883
2025-04-25,43.45734786987305
2025-04-28,43.37865447998047
2025-04-29,43.73276519775391
2025-04-30,43.65407180786133
2025-05-01,44.04753112792969
2025-05-02,45.011497497558594
2025-05-05,44.66722869873047
2025-05-06,44.0278549194336
2025-05-07,44.11638641357422
2025-05-08,44.313114166259766
2025-05-09,44.342620849609375
2025-05-12,46.20170974731445
2025-05-13,46.8410758972168
2025-05-14,46.24105453491211
2025-05-15,46.821407318115234
2025-05-16,47.4312629699707
2025-05-19,47.34273910522461
2025-05-20,47.19518661499024
2025-05-21,47.39192199707031
2025-05-22,47.75586318969727
2025-05-23,47.5689697265625
2025-05-27,49.10345077514648
2025-05-28,48.641143798828125
2025-05-29,49.14279556274414
2025-05-30,49.05377197265625
2025-06-02,49.49890899658203
2025-06-03,50.23090744018555
2025-06-04,50.211124420166016
2025-06-05,50.3100471496582
2025-06-06,50.16166305541992
2025-06-09,50.33971786499024
2025-06-10,50.062747955322266
2025-06-11,49.90447235107422
2025-06-12,50.27047348022461
2025-06-13,49.06366729736328
2025-06-16,50.23090744018555
2025-06-17,49.93415069580078
2025-06-18,49.94404220581055
2025-06-20,49.87479782104492
2025-06-23,51.2398796081543
2025-06-24,50.863990783691406
2025-06-25,50.83430862426758
2025-06-26,51.140960693359375
2025-06-27,51.25966262817383
2025-06-30,52.02133560180664
2025-07-01,52.02133560180664
2025-07-02,52.149932861328125
2025-07-03,52.46647262573242
2025-07-07,51.81360626220703
2025-07-08,52.15982055664063
2025-07-09,52.00155258178711
2025-07-10,51.69490432739258
2025-07-11,51.04204177856445
2025-07-14,52.54560089111328
2025-07-15,51.952091217041016
2025-07-16,52.3972282409668
2025-07-17,53.61392593383789
2025-07-18,53.42597579956055
2025-07-21,53.317169189453125
2025-07-22,53.43587112426758
2025-07-23,55.196624755859375
2025-07-24,55.11749267578125
2025-07-25,54.76138305664063
2025-07-28,54.810848236083984
2025-07-29,61.30979919433594
2025-07-30,61.932987213134766
2025-07-31,62.5561752319336
2025-08-01,61.37904357910156
2025-08-04,62.80347442626953
2025-08-05,62.48693084716797
2025-08-06,63.28817367553711
2025-08-07,64.05974578857422
2025-08-08,65.0588150024414
2025-08-11,64.27735900878906
2025-08-12,65.03903198242188
2025-08-13,65.02914428710938
2025-08-14,65.04893493652344
2025-08-15,64.73238372802734
2025-08-18,64.8115234375
2025-08-19,63.82233428955078
2025-08-20,63.90147018432617
2025-08-21,64.1883316040039
2025-08-22,65.0588150024414
2025-08-25,66.05789184570312
2025-08-26,66.67119598388672
2025-08-27,66.52281188964844
2025-08-28,68.18464660644531
2025-08-29,66.57563018798828
2025-09-02,68.00586700439453
2025-09-03,68.86996459960938
2025-09-04,69.24739837646484
2025-09-05,70.70742797851562
2025-09-08,71.66091918945312
2025-09-09,71.89929962158203
2025-09-10,74.42208099365234
2025-09-11,74.95842742919922
2025-09-12,76.51777648925781
2025-09-15,77.45140838623047
2025-09-16,78.1665267944336
2025-09-17,76.3588638305664
2025-09-18,79.08029174804688
2025-09-19,79.02069091796875
2025-09-22,78.6234130859375
2025-09-23,80.45093536376953
2025-09-24,79.36832427978516
2025-09-25,78.5936050415039
2025-09-26,78.81211853027344
2025-09-29,79.71595001220703
2025-09-30,81.47396087646484
2025-10-01,82.55657196044922
2025-10-02,81.96063232421875
2025-10-03,82.99358367919922
2025-10-06,84.76151275634766
2025-10-07,84.48340606689453
2025-10-08,86.47978973388672
2025-10-09,86.5989761352539
2025-10-10,82.41751861572266
2025-10-13,84.92042541503906
2025-10-14,84.03646850585938
2025-10-15,86.0328369140625
2025-10-16,86.13216400146484
2025-10-17,83.91727447509766
2025-10-20,84.70191955566406
2025-10-21,85.46670532226562
2025-10-22,83.56964874267578
2025-10-23,85.25812530517578
2025-10-24,86.8174819946289
2025-10-27,88.76419830322266
2025-10-28,85.84412384033203
2025-10-29,89.67796325683594
2025-10-30,89.66802215576172
2025-10-31,88.47616577148438
2025-11-03,86.90687561035156
2025-11-04,84.63240051269531
2025-11-05,86.50958251953125
2025-11-06,87.26443481445312
2025-11-07,84.90056610107422
2025-11-10,87.95968627929688
2025-11-11,87.3339614868164
2025-11-12,88.4066390991211
2025-11-13,81.80171966552734
2025-11-14,81.78178405761719
2025-11-17,80.78517150878906
2025-11-18,79.8483657836914
2025-11-19,81.41304016113281
2025-11-20,77.76544952392578
2025-11-21,79.19059753417969
2025-11-24,82.31995391845703
2025-11-25,82.66876220703125
2025-11-26,83.31656646728516
2025-11-28,83.9145278930664
2025-12-01,82.61893463134766
2025-12-02,83.42619323730469
2025-12-03,83.26673889160156
2025-12-04,85.16029357910156
2025-12-05,85.67852783203125
2025-12-08,87.9707260131836
2025-12-09,90.80110168457033
2025-12-10,93.88062286376952
2025-12-11,95.6446304321289
2025-12-12,88.02056121826172
2025-12-15,87.81127166748047
2025-12-16,85.99744415283203
2025-12-17,85.1303939819336
2025-12-18,86.58544158935547
2025-12-19,87.56211853027344
2025-12-22,88.10029602050781
2025-12-23,89.03709411621094
2025-12-24,89.35601806640625
2025-12-26,89.26631927490234
2025-12-29,88.69825744628906
2025-12-30,88.55873107910156
2025-12-31,87.26313018798828
2026-01-02,90.3625946044922
2026-01-05,88.38931274414062
2026-01-06,88.94740295410156
2026-01-07,87.69168090820312
2026-01-08,85.04070281982422
2026-01-09,84.9410400390625
2026-01-12,87.58204650878906
2026-01-13,89.57527160644531
2026-01-14,89.9041519165039
2026-01-15,93.17303466796876
2026-01-16,93.88062286376952
2026-01-20,92.2561492919922
2026-01-21,93.2029266357422
2026-01-22,93.9603500366211
2026-01-23,92.98368072509766
2026-01-26,94.62808227539062
2026-01-27,109.3679428100586
2026-01-28,103.92645263671876
2026-01-29,102.65078735351562
2026-01-30,102.89994049072266
2026-02-02,109.98583984375
2026-02-03,112.40760040283205
2026-02-04,109.318115234375
2026-02-05,112.40760040283205
2026-02-06,121.74583435058594
2026-02-09,130.9445343017578
2026-02-10,127.66569519042967
2026-02-11,132.4494171142578
2026-02-12,131.05416870117188
2026-02-13,133.0075225830078
2026-02-17,130.07748413085938
2026-02-18,131.56243896484375
2026-02-19,129.54928588867188
2026-02-20,139.03700256347656
2026-02-23,144.75755310058594
2026-02-24,151.0760498046875
2026-02-25,159.88607788085938
2026-02-26,149.79043579101562
2026-02-27,150.14988708496094
2026-03-02,157.61842346191406
2026-03-03,147.34417724609375
2026-03-04,144.61834716796875
2026-03-05,134.5338134765625
2026-03-06,123.10133361816406
2026-03-09,128.85252380371094
2026-03-10,136.0115509033203
2026-03-11,131.55836486816406
2026-03-12,129.5714111328125
2026-03-13,128.9224090576172
2026-03-16,131.84793090820312
2026-03-17,129.69122314453125
2026-03-18,129.66127014160156
2026-03-19,132.87635803222656
2026-03-20,124.3893585205078
2026-03-23,130.7695770263672
2026-03-24,141.7926788330078
2026-03-25,146.1260528564453
2026-03-26,135.11293029785156
2026-03-27,136.6006317138672
2026-03-30,128.35328674316406
2026-03-31,135.76193237304688
2026-04-01,142.16212463378906
2026-04-02,147.69363403320312
2026-04-06,146.27581787109375
2026-04-07,148.292724609375
2026-04-08,164.84735107421875
2026-04-09,169.5401611328125
2026-04-10,170.97796630859375
2026-04-13,174.9019317626953
2026-04-14,172.5555419921875
2026-04-15,168.0124969482422
2026-04-16,165.8258514404297
2026-04-17,164.12844848632812
2026-04-20,165.12692260742188
2026-04-21,165.19680786132812
2026-04-22,168.50173950195312
2026-04-23,169.24061584472656
2026-04-24,175.62083435058594
2026-04-27,167.7528839111328
2026-04-28,152.8157958984375
2026-04-29,151.66754150390625
2026-04-30,163.98867797851562
2026-05-01,158.01780700683594
2026-05-04,159.71522521972656
2026-05-05,161.85194396972656
2026-05-06,181.2921600341797
2026-05-07,182.1208648681641
2026-05-08,186.6539306640625
2026-05-11,207.0726318359375
2026-05-12,197.9366455078125
2026-05-13,206.1939697265625
2026-05-14,207.9612731933593
2026-05-15,191.5164794921875
2026-05-18,178.27676391601562
2026-05-19,175.56092834472656
2026-05-20,180.4134979248047
2026-05-21,191.5963592529297
2026-05-22,193.7530517578125
2026-05-26,195.8697967529297
2026-05-27,190.597885131836
2026-05-28,182.69000244140625
2026-05-29,181.1600036621093
2026-06-01,176.6999969482422
2026-06-02,200.3999938964844
2026-06-03,200.759994506836
2026-06-04,197.6999969482422
2026-06-05,177.5800018310547
2026-06-08,187.5399932861328
2026-06-09,173.94000244140625
2026-06-10,168.1699981689453
2026-06-11,176.5500030517578
2026-06-12,179.1999969482422
2026-06-15,187.8800048828125
2026-06-16,177.4199981689453
2026-06-17,175.39999389648438
2026-06-18,194.9199981689453
2026-06-22,209.8300018310547
2026-06-23,194.07000732421875
2026-06-24,205.8300018310547
2026-06-25,228.009994506836
2026-06-26,221.0500030517578
2026-06-29,255.69000244140625
2026-06-30,255.42999267578125
2026-07-01,220.6300048828125
2026-07-02,196.7899932861328
2026-07-06,194.8000030517578
2026-07-07,185.3800048828125
2026-07-08,184.02999877929688
2026-07-09,192.3800048828125
2026-07-10,190.88999938964844
2026-07-13,183.1100006103516
2026-07-14,187.63999938964844
2026-07-15,174.41000366210938
2026-07-16,158.38999938964844
2026-07-17,154.61000061035156
2026-07-20,153.10000610351562
2026-07-21,162.41000366210938
2026-07-22,154.05999755859375
2026-07-23,156.05999755859375
2026-07-24,146.64999389648438
2026-07-27,143.36000061035156
2026-07-28,126.01000213623048
2026-07-29,124.0500030517578
2026-07-30,135.22000122070312
2026-07-31,138.25
2026-08-03,146.63999938964844
2026-08-04,159.88999938964844
2026-08-05,156.6999969482422
2026-08-06,157.17999267578125
2026-08-07,165.67999267578125
2026-08-10,157.75999450683594
2026-08-11,159.19000244140625
2026-08-12,167.44000244140625
2026-08-13,158.5399932861328
2026-08-14,165.99000549316406
2026-08-17,173.2100067138672
2026-08-18,159.89999389648438
