date,close
2002-12-11,5.271398067474365
2002-12-12,5.124718189239502
2002-12-13,5.2347283363342285
2002-12-16,5.3218207359313965
2002-12-17,5.271398067474365
2002-12-18,5.133884906768799
2002-12-19,4.932196140289307
2002-12-20,4.955116271972656
2002-12-23,4.767179012298584
2002-12-24,4.693836212158203
2002-12-26,4.5975775718688965
2002-12-27,4.643415451049805
2002-12-30,4.799266338348389
2002-12-31,4.918444633483887
2003-01-02,4.813016414642334
2003-01-03,4.927614688873291
2003-01-06,5.239312171936035
2003-01-07,5.615184783935547
2003-01-08,5.592264652252197
2003-01-09,5.775620460510254
2003-01-10,5.088044166564941
2003-01-13,4.6892523765563965
2003-01-14,4.698421478271484
2003-01-15,4.936779022216797
2003-01-16,5.046791076660156
2003-01-17,4.950531482696533
2003-01-21,4.693836212158203
2003-01-22,4.363801956176758
2003-01-23,4.583824157714844
2003-01-24,4.560905456542969
2003-01-27,4.28587818145752
2003-01-28,4.30879545211792
2003-01-29,4.4600605964660645
2003-01-30,4.30879545211792
2003-01-31,4.207951068878174
2003-02-03,4.203366756439209
2003-02-04,4.148360252380371
2003-02-05,4.148360252380371
2003-02-06,4.148360252380371
2003-02-07,4.1254425048828125
2003-02-10,3.987927913665772
2003-02-11,4.093356609344482
2003-02-12,3.835797071456909
2003-02-13,3.707016706466675
2003-02-14,3.863391637802124
2003-02-18,4.019766807556152
2003-02-19,4.134748935699463
2003-02-20,4.143947601318359
2003-02-21,4.231329917907715
2003-02-24,4.139348030090332
2003-02-25,4.452097892761231
2003-02-26,4.378509521484375
2003-02-27,4.346314430236816
2003-02-28,4.2635273933410645
2003-03-03,4.277327060699463
2003-03-04,4.2635273933410645
2003-03-05,4.272727489471436
2003-03-06,4.406106948852539
2003-03-07,4.461297988891602
2003-03-10,4.488893032073975
2003-03-11,4.392307758331299
2003-03-12,4.153146266937256
2003-03-13,4.162343978881836
2003-03-14,4.120950698852539
2003-03-17,4.300321578979492
2003-03-18,4.387709140777588
2003-03-19,4.295724868774414
2003-03-20,4.341716766357422
2003-03-21,4.507291316986084
2003-03-24,4.392307758331299
2003-03-25,4.599275588989258
2003-03-26,4.64526891708374
2003-03-27,5.004010200500488
2003-03-28,4.760250568389893
2003-03-31,4.746451377868652
2003-04-01,4.861435413360596
2003-04-02,4.939621448516846
2003-04-03,4.930422306060791
2003-04-04,4.72345781326294
2003-04-07,4.741855144500732
2003-04-08,4.838437557220459
2003-04-09,4.930422306060791
2003-04-10,4.981015682220459
2003-04-11,5.036206245422363
2003-04-14,5.082198143005371
2003-04-15,5.266171455383301
2003-04-16,5.473137378692627
2003-04-17,5.634114265441895
2003-04-21,5.638711929321289
2003-04-22,5.680106163024902
2003-04-23,5.404148578643799
2003-04-24,5.289167881011963
2003-04-25,5.224777221679688
2003-04-28,5.279969215393066
2003-04-29,5.537527561187744
2003-04-30,5.560523509979248
2003-05-01,5.634114265441895
2003-05-02,5.652510643005371
2003-05-05,5.767491340637207
2003-05-06,5.74909257888794
2003-05-07,5.855132102966309
2003-05-08,5.864356994628906
2003-05-09,5.80441951751709
2003-05-12,6.159414768218994
2003-05-13,6.422205448150635
2003-05-14,6.293115615844727
2003-05-15,6.177856922149658
2003-05-16,6.247011661529541
2003-05-19,6.154807090759277
2003-05-20,6.039549350738525
2003-05-21,6.122530460357666
2003-05-22,6.191689014434815
2003-05-23,6.140971183776856
2003-05-27,6.431427001953125
2003-05-28,6.841745376586914
2003-05-29,6.984663963317871
2003-05-30,6.984663963317871
2003-06-02,7.164467811584473
2003-06-03,6.850966453552246
2003-06-04,6.901679992675781
2003-06-05,7.36271333694458
2003-06-06,7.099925994873047
2003-06-09,7.076870441436768
2003-06-10,6.924732208251953
2003-06-11,7.030771732330322
2003-06-12,7.192130088806152
2003-06-13,7.358104705810547
2003-06-16,7.83758020401001
2003-06-17,7.952839374542236
2003-06-18,8.123420715332031
2003-06-19,7.994332313537598
2003-06-20,7.980501174926758
2003-06-23,7.823747158050537
2003-06-24,7.768426895141602
2003-06-25,7.948227405548096
2003-06-26,8.473804473876953
2003-06-27,8.381598472595215
2003-06-30,8.137248992919922
2003-07-01,8.386210441589355
2003-07-02,9.04548454284668
2003-07-03,8.99016284942627
2003-07-07,9.382040977478027
2003-07-08,9.42353630065918
2003-07-09,9.326717376708984
2003-07-10,9.128474235534668
2003-07-11,9.382040977478027
2003-07-14,9.68171501159668
2003-07-15,9.52035427093506
2003-07-16,9.939897537231444
2003-07-17,9.690935134887695
2003-07-18,9.234511375427246
2003-07-21,9.105422973632812
2003-07-22,9.183799743652344
2003-07-23,8.99016284942627
2003-07-24,8.727374076843262
2003-07-25,8.708932876586914
2003-07-28,9.441973686218262
2003-07-29,9.45119857788086
2003-07-30,9.617172241210938
2003-07-31,10.050546646118164
2003-08-01,9.764703750610352
2003-08-04,9.70476531982422
2003-08-05,9.68171501159668
2003-08-06,9.995820045471191
2003-08-07,9.917291641235352
2003-08-08,10.069724082946776
2003-08-11,10.240633964538574
2003-08-12,10.300681114196776
2003-08-13,10.02353286743164
2003-08-14,9.56161880493164
2003-08-15,9.56161880493164
2003-08-18,9.908053398132324
2003-08-19,10.157485961914062
2003-08-20,10.0604829788208
2003-08-21,10.19443702697754
2003-08-22,10.134392738342283
2003-08-25,10.069724082946776
2003-08-26,10.166726112365724
2003-08-27,10.956598281860352
2003-08-28,10.975075721740724
2003-08-29,10.62864112854004
2003-09-02,11.339985847473145
2003-09-03,11.270694732666016
2003-09-04,11.363079071044922
2003-09-05,11.067459106445312
2003-09-08,11.663326263427734
2003-09-09,11.62175464630127
2003-09-10,11.446226119995115
2003-09-11,10.961214065551758
2003-09-12,10.831880569458008
2003-09-15,10.757979393005373
2003-09-16,11.524747848510742
2003-09-17,11.783424377441406
2003-09-18,12.139098167419434
2003-09-19,12.383914947509766
2003-09-22,12.236095428466797
2003-09-23,12.628724098205566
2003-09-24,12.231478691101074
2003-09-25,11.963567733764648
2003-09-26,11.986668586730955
2003-09-29,12.545578956604004
2003-09-30,12.56406021118164
2003-10-01,12.979782104492188
2003-10-02,12.896638870239258
2003-10-03,12.804253578186035
2003-10-06,12.933589935302734
2003-10-07,13.39550495147705
2003-10-08,13.229217529296877
2003-10-09,13.520218849182127
2003-10-10,13.755796432495115
2003-10-13,13.83432388305664
2003-10-14,14.134568214416504
2003-10-15,14.088374137878418
2003-10-16,14.019083023071287
2003-10-17,13.681888580322266
2003-10-20,13.53407859802246
2003-10-21,13.626463890075684
2003-10-22,10.291443824768066
2003-10-23,10.254487037658691
2003-10-24,10.277585983276367
2003-10-27,9.7001953125
2003-10-28,10.57782745361328
2003-10-29,11.45546531677246
2003-10-30,10.808782577514648
2003-10-31,10.61478042602539
2003-11-03,10.693307876586914
2003-11-04,10.38382339477539
2003-11-05,10.50413703918457
2003-11-06,10.823426246643066
2003-11-07,10.059910774230955
2003-11-10,9.375055313110352
2003-11-11,9.014120101928713
2003-11-12,9.69434642791748
2003-11-13,9.837794303894045
2003-11-14,9.213102340698242
2003-11-17,9.25474739074707
2003-11-18,9.06039333343506
2003-11-19,8.99560832977295
2003-11-20,8.79200553894043
2003-11-21,8.79200553894043
2003-11-24,9.08815860748291
2003-11-25,8.940078735351562
2003-11-26,9.143686294555664
2003-11-28,9.139062881469728
2003-12-01,9.166826248168944
2003-12-02,9.115926742553713
2003-12-03,8.77349853515625
2003-12-04,8.699459075927734
2003-12-05,9.06965160369873
2003-12-08,9.06965160369873
2003-12-09,8.653188705444336
2003-12-10,8.27374267578125
2003-12-11,8.861421585083008
2003-12-12,8.676326751708984
2003-12-15,8.079394340515137
2003-12-16,8.148802757263184
2003-12-17,8.097901344299316
2003-12-18,8.213587760925293
2003-12-19,8.158058166503906
2003-12-22,8.22283935546875
2003-12-23,8.468091011047363
2003-12-24,8.583776473999023
2003-12-26,8.56064224243164
2003-12-29,8.782748222351074
2003-12-30,8.722596168518066
2003-12-31,8.745734214782715
2004-01-02,8.935457229614258
2004-01-05,9.222352027893066
2004-01-06,9.393567085266112
2004-01-07,9.546271324157717
2004-01-08,9.953481674194336
2004-01-09,9.453722953796388
2004-01-12,9.671207427978516
2004-01-13,9.69434642791748
2004-01-14,9.25474739074707
2004-01-15,8.916947364807129
2004-01-16,9.217729568481444
2004-01-20,9.402823448181152
2004-01-21,7.450072288513184
2004-01-22,7.524110317230225
2004-01-23,7.440815448760986
2004-01-26,7.519479751586914
2004-01-27,7.639792442321777
2004-01-28,7.658297061920166
2004-01-29,7.602773666381836
2004-01-30,7.542616367340088
2004-02-02,7.450072288513184
2004-02-03,7.542616367340088
2004-02-04,7.450072288513184
2004-02-05,7.792498588562012
2004-02-06,8.014610290527344
2004-02-09,7.704576969146728
2004-02-10,7.68143892288208
2004-02-11,7.867205142974853
2004-02-12,7.848626136779785
2004-02-13,8.15049934387207
2004-02-17,8.011175155639648
2004-02-18,8.020462989807129
2004-02-19,8.27125072479248
2004-02-20,8.127277374267578
2004-02-23,7.713949203491211
2004-02-24,7.755746364593506
2004-02-25,7.848626136779785
2004-02-26,8.039039611816406
2004-02-27,8.034395217895508
2004-03-01,8.071548461914062
2004-03-02,7.769678592681885
2004-03-03,7.741817474365234
2004-03-04,7.704656600952148
2004-03-05,7.616419792175293
2004-03-08,7.4074320793151855
2004-03-09,7.277396202087402
2004-03-10,7.263462543487549
2004-03-11,7.138071060180664
2004-03-12,7.337769985198975
2004-03-15,7.2216644287109375
2004-03-16,7.337769985198975
2004-03-17,7.509606838226318
2004-03-18,7.477097988128662
2004-03-19,7.402790069580078
2004-03-22,7.161294460296631
2004-03-23,7.105564117431641
2004-03-24,7.305263519287109
2004-03-25,7.4213643074035645
2004-03-26,7.430655002593994
2004-03-29,7.588557243347168
2004-03-30,7.62570858001709
2004-03-31,7.491028308868408
2004-04-01,7.542115688323975
2004-04-02,7.481740474700928
2004-04-05,7.272753715515137
2004-04-06,7.240242004394531
2004-04-07,6.956948280334473
2004-04-08,7.05912446975708
2004-04-12,7.035902976989746
2004-04-13,7.161294460296631
2004-04-14,7.105564117431641
2004-04-15,7.026614189147949
2004-04-16,6.933728218078613
2004-04-19,6.868711471557617
2004-04-20,6.743316650390625
2004-04-21,6.422870635986328
2004-04-22,5.898082733154297
2004-04-23,5.912014484405518
2004-04-26,5.833064079284668
2004-04-27,5.823776245117188
2004-04-28,5.963100910186768
2004-04-29,5.884150981903076
2004-04-30,5.809843063354492
2004-05-03,5.758757591247559
2004-05-04,5.707669734954834
2004-05-05,5.679669380187988
2004-05-06,5.474321365356445
2004-05-07,5.618999481201172
2004-05-10,5.595665454864502
2004-05-11,5.787010669708252
2004-05-12,5.745004177093506
2004-05-13,5.754340648651123
2004-05-14,5.60033130645752
2004-05-17,5.506991863250732
2004-05-18,5.618999481201172
2004-05-19,5.63766622543335
2004-05-20,5.628332138061523
2004-05-21,5.693667888641357
2004-05-24,5.84768009185791
2004-05-25,6.071694374084473
2004-05-26,6.225700378417969
2004-05-27,5.992355823516846
2004-05-28,5.7403411865234375
2004-06-01,5.917685031890869
2004-06-02,5.698336601257324
2004-06-03,5.880348205566406
2004-06-04,5.978355884552002
2004-06-07,6.090359687805176
2004-06-08,6.1043620109558105
2004-06-09,6.085692882537842
2004-06-10,6.333041191101074
2004-06-14,6.35170841217041
2004-06-15,6.487051010131836
2004-06-16,6.46371603012085
2004-06-17,6.5103864669799805
2004-06-18,6.54305362701416
2004-06-21,6.533719062805176
2004-06-22,6.505717754364014
2004-06-23,6.678396701812744
2004-06-24,6.547722816467285
2004-06-25,6.524385929107666
2004-06-28,6.445046424865723
2004-06-29,6.538384914398193
2004-06-30,6.734401226043701
2004-07-01,6.650394916534424
2004-07-02,6.631723403930664
2004-07-06,6.37971305847168
2004-07-07,6.431046009063721
2004-07-08,6.239701747894287
2004-07-09,6.319042682647705
2004-07-12,6.3050384521484375
2004-07-13,6.216366291046143
2004-07-14,5.833680629730225
2004-07-15,5.903685092926025
2004-07-16,5.927017211914063
2004-07-19,6.46371603012085
2004-07-20,6.673728942871094
2004-07-21,5.558330535888672
2004-07-22,5.567664623260498
2004-07-23,5.5629963874816895
2004-07-26,5.3856520652771
2004-07-27,5.436987400054932
2004-07-28,5.32498025894165
2004-07-29,5.404317378997803
2004-07-30,5.352985382080078
2004-08-02,5.334317684173584
2004-08-03,5.128970146179199
2004-08-04,5.199359893798828
2004-08-05,5.204052925109863
2004-08-06,5.067966461181641
2004-08-09,4.941269397735596
2004-08-10,5.133663177490234
2004-08-11,5.035120010375977
2004-08-12,4.838033199310303
2004-08-13,4.823954582214356
2004-08-16,5.021043300628662
2004-08-17,5.030426025390625
2004-08-18,5.22751522064209
2004-08-19,5.269749164581299
2004-08-20,5.476219177246094
2004-08-23,5.340133666992188
2004-08-24,5.255670547485352
2004-08-25,5.293209075927734
2004-08-26,5.194665908813477
2004-08-27,5.185281276702881
2004-08-30,5.13835334777832
2004-08-31,5.128967761993408
2004-09-01,5.396446704864502
2004-09-02,5.602920055389404
2004-09-03,5.570072174072266
2004-09-07,5.78123664855957
2004-09-08,5.846932888031006
2004-09-09,5.85631799697876
2004-09-10,6.231720924377441
2004-09-13,6.273956298828125
2004-09-14,6.363114356994629
2004-09-15,6.259876251220703
2004-09-16,6.386577606201172
2004-09-17,6.471044063568115
2004-09-20,6.58366584777832
2004-09-21,6.4053473472595215
2004-09-22,6.194183349609375
2004-09-23,6.269262790679932
2004-09-24,6.109715461730957
2004-09-27,6.025250434875488
2004-09-28,6.147255897521973
2004-09-29,6.316186428070068
2004-09-30,6.344344615936279
2004-10-01,6.513278961181641
2004-10-04,6.672823905944824
2004-10-05,6.66343879699707
2004-10-06,6.71036434173584
2004-10-07,6.569586277008057
2004-10-08,6.546125411987305
2004-10-11,6.5930495262146
2004-10-12,6.410040855407715
2004-10-13,6.410040855407715
2004-10-14,6.20825719833374
2004-10-15,6.20825719833374
2004-10-18,6.569586277008057
2004-10-19,6.677517890930176
2004-10-20,6.433500289916992
2004-10-21,6.212950706481934
2004-10-22,6.053406715393066
2004-10-25,5.917320728302002
2004-10-26,5.917320728302002
2004-10-27,6.053406715393066
2004-10-28,5.893857479095459
2004-10-29,5.931399822235107
2004-11-01,5.959555149078369
2004-11-02,5.959555149078369
2004-11-03,5.9595561027526855
2004-11-04,6.049135684967041
2004-11-05,6.270735263824463
2004-11-08,6.402748107910156
2004-11-09,6.4451823234558105
2004-11-10,6.2141547203063965
2004-11-11,6.440467834472656
2004-11-12,6.690351486206055
2004-11-15,6.784650802612305
2004-11-16,6.600772380828857
2004-11-17,6.690351486206055
2004-11-18,6.624346256256104
2004-11-19,6.54890775680542
2004-11-22,6.605486869812012
2004-11-23,6.638489246368408
2004-11-24,6.916667461395264
2004-11-26,6.968530178070068
2004-11-29,6.911952495574951
2004-11-30,7.062824726104736
2004-12-01,7.765336990356445
2004-12-02,7.958646297454834
2004-12-03,7.803055286407471
2004-12-06,8.01522445678711
2004-12-07,7.760623455047607
2004-12-08,8.01522445678711
2004-12-09,7.986932277679443
2004-12-10,7.873778343200684
2004-12-13,7.9114990234375
2004-12-14,7.925640106201172
2004-12-15,7.944500923156738
2004-12-16,7.902066707611084
2004-12-17,7.887925624847412
2004-12-20,7.680469036102295
2004-12-21,7.741763591766357
2004-12-22,7.78891134262085
2004-12-23,7.82191276550293
2004-12-27,7.836058616638184
2004-12-28,7.836058616638184
2004-12-29,7.986932277679443
2004-12-30,8.104803085327148
2004-12-31,8.142523765563965
2005-01-03,8.199104309082031
2005-01-04,8.048226356506348
2005-01-05,7.968073844909668
2005-01-06,7.925640106201172
2005-01-07,7.854918479919434
2005-01-10,8.104803085327148
2005-01-11,8.100089073181152
2005-01-12,8.241534233093262
2005-01-13,8.439559936523438
2005-01-14,8.401838302612305
2005-01-18,8.651726722717285
2005-01-19,8.118945121765137
2005-01-20,8.180243492126465
2005-01-21,8.180243492126465
2005-01-24,7.958646297454834
2005-01-25,8.01051139831543
2005-01-26,8.019937515258789
2005-01-27,8.128379821777344
2005-01-28,8.01522445678711
2005-01-31,7.977505683898926
2005-02-01,7.99636173248291
2005-02-02,8.062609672546387
2005-02-03,8.076798439025879
2005-02-04,8.365426063537598
2005-02-07,8.270800590515137
2005-02-08,8.195090293884277
2005-02-09,8.161971092224121
2005-02-10,8.161971092224121
2005-02-11,8.176161766052246
2005-02-14,8.072070121765137
2005-02-15,8.27552604675293
2005-02-16,8.209284782409668
2005-02-17,8.365426063537598
2005-02-18,8.303915023803711
2005-02-22,8.124116897583008
2005-02-23,7.92539119720459
2005-02-24,8.161971092224121
2005-02-25,8.374886512756348
2005-02-28,8.502640724182129
2005-03-01,8.526296615600586
2005-03-02,8.710830688476562
2005-03-03,8.696639060974121
2005-03-04,8.9710693359375
2005-03-07,8.909554481506348
2005-03-08,9.060969352722168
2005-03-09,9.08462905883789
2005-03-10,9.02784824371338
2005-03-11,8.739218711853027
2005-03-14,8.909554481506348
2005-03-15,8.781805992126465
2005-03-16,8.994723320007324
2005-03-17,9.089357376098633
2005-03-18,9.33539581298828
2005-03-21,9.382712364196776
2005-03-22,9.212376594543455
2005-03-23,9.207648277282717
2005-03-24,9.382712364196776
2005-03-28,9.023116111755373
2005-03-29,8.743950843811035
2005-03-30,8.952138900756836
2005-03-31,9.250229835510254
2005-04-01,9.179262161254885
2005-04-04,9.06570053100586
2005-04-05,8.933215141296387
2005-04-06,8.909554481506348
2005-04-07,9.08462905883789
2005-04-08,9.060969352722168
2005-04-11,8.942675590515137
2005-04-12,8.98526382446289
2005-04-13,8.76287841796875
2005-04-14,8.22347640991211
2005-04-15,7.840220928192139
2005-04-18,7.934854507446289
2005-04-19,8.204554557800293
2005-04-20,8.507372856140137
2005-04-21,8.937946319580078
2005-04-22,8.635127067565918
2005-04-25,8.777070045471191
2005-04-26,8.838586807250977
2005-04-27,8.682441711425781
2005-04-28,8.322839736938477
2005-04-29,8.318109512329102
2005-05-02,8.365426063537598
2005-05-03,8.337037086486816
2005-05-04,8.294259071350098
2005-05-05,8.142157554626465
2005-05-06,8.584200859069824
2005-05-09,8.574697494506836
2005-05-10,8.465371131896973
2005-05-11,8.48913860321045
2005-05-12,8.389325141906738
2005-05-13,8.788586616516113
2005-05-16,9.116555213928224
2005-05-17,9.230630874633787
2005-05-18,9.591872215270996
2005-05-19,9.634649276733398
2005-05-20,9.582367897033691
2005-05-23,9.762984275817873
2005-05-24,9.891315460205078
2005-05-25,10.010147094726562
2005-05-26,9.98162841796875
2005-05-27,9.95786476135254
2005-05-31,10.08619785308838
2005-06-01,10.005393028259276
2005-06-02,10.124223709106444
2005-06-03,9.801005363464355
2005-06-06,9.886564254760742
2005-06-07,10.062426567077637
2005-06-08,9.92459201812744
2005-06-09,9.705944061279297
2005-06-10,9.705944061279297
2005-06-13,9.758230209350586
2005-06-14,9.57285976409912
2005-06-15,9.487298965454102
2005-06-16,9.64415454864502
2005-06-17,9.03099536895752
2005-06-20,9.306681632995604
2005-06-21,9.278167724609377
2005-06-22,9.235383987426758
2005-06-23,8.983465194702148
2005-06-24,8.72679615020752
2005-06-27,8.603214263916016
2005-06-28,8.294259071350098
2005-06-29,8.303765296936035
2005-06-30,8.341793060302734
2005-07-01,8.246728897094727
2005-07-05,8.289505004882812
2005-07-06,8.512906074523926
2005-07-07,8.455866813659668
2005-07-08,8.669757843017578
2005-07-11,9.073776245117188
2005-07-12,8.964454650878906
2005-07-13,9.282917022705078
2005-07-14,9.13556671142578
2005-07-15,9.097542762756348
2005-07-18,9.03099536895752
2005-07-19,9.244888305664062
2005-07-20,9.064270973205566
2005-07-21,8.707782745361328
2005-07-22,8.70302963256836
2005-07-25,8.802848815917969
2005-07-26,8.907413482666016
2005-07-27,8.878898620605469
2005-07-28,9.19736099243164
2005-07-29,9.206865310668944
2005-08-01,9.069019317626951
2005-08-02,8.992973327636719
2005-08-03,8.91182804107666
2005-08-04,8.992969512939453
2005-08-05,8.997746467590332
2005-08-08,8.973884582519531
2005-08-09,8.94523811340332
2005-08-10,8.897507667541504
2005-08-11,8.973884582519531
2005-08-12,8.697021484375
2005-08-15,8.806811332702637
2005-08-16,8.611106872558594
2005-08-17,8.821133613586426
2005-08-18,8.630199432373047
2005-08-19,8.79249382019043
2005-08-22,8.759075164794922
2005-08-23,8.75430965423584
2005-08-24,8.711346626281738
2005-08-25,8.663614273071289
2005-08-26,8.243561744689941
2005-08-29,8.339024543762207
2005-08-30,7.885557651519775
2005-08-31,7.918971061706543
2005-09-01,7.661209106445312
2005-09-02,7.61824893951416
2005-09-06,7.518011569976807
2005-09-07,7.909424304962158
2005-09-08,7.809185981750488
2005-09-09,7.718492984771728
2005-09-12,7.742353916168213
2005-09-13,7.742353916168213
2005-09-14,7.365264892578125
2005-09-15,7.179104328155518
2005-09-16,7.174330711364746
2005-09-19,7.16478157043457
2005-09-20,7.179104328155518
2005-09-21,7.002491474151611
2005-09-22,7.155238151550293
2005-09-23,7.2220635414123535
2005-09-26,7.207742691040039
2005-09-27,7.112276077270508
2005-09-28,7.217290878295898
2005-09-29,7.436863899230957
2005-09-30,7.565743446350098
2005-10-03,7.718492984771728
2005-10-04,7.5800628662109375
2005-10-05,7.570514678955078
2005-10-06,7.503689765930176
2005-10-07,7.537104606628418
2005-10-10,7.546649932861328
2005-10-11,7.479825496673584
2005-10-12,7.384357452392578
2005-10-13,7.155238151550293
2005-10-14,7.274569034576416
2005-10-17,7.479825496673584
2005-10-18,7.183876514434815
2005-10-19,7.016809940338135
2005-10-20,6.825876712799072
2005-10-21,6.811557769775391
2005-10-24,6.816331386566162
2005-10-25,6.911797523498535
2005-10-26,6.768595218658447
2005-10-27,6.663585186004639
2005-10-28,6.730408668518066
2005-10-31,6.916569709777832
2005-11-01,6.9786224365234375
2005-11-02,7.204204559326172
2005-11-03,7.487381935119629
2005-11-04,7.47298002243042
2005-11-07,7.520979881286621
2005-11-08,7.410585880279541
2005-11-09,7.506578922271728
2005-11-10,7.453782558441162
2005-11-11,7.640964984893799
2005-11-14,7.501779079437256
2005-11-15,7.549777507781982
2005-11-16,7.770559787750244
2005-11-17,8.092133522033691
2005-11-18,8.149724960327148
2005-11-21,8.173725128173828
2005-11-22,8.60568904876709
2005-11-23,8.62009048461914
2005-11-25,8.567293167114258
2005-11-28,8.452099800109863
2005-11-29,8.884066581726074
2005-11-30,9.080849647521973
2005-12-01,9.12404441833496
2005-12-02,8.903266906738281
2005-12-05,9.11444854736328
2005-12-06,9.143242835998535
2005-12-07,9.071250915527344
2005-12-08,9.12404441833496
2005-12-09,9.220033645629885
2005-12-12,9.3400297164917
2005-12-13,9.21524143218994
2005-12-14,9.277634620666504
2005-12-15,9.316030502319336
2005-12-16,9.402425765991213
2005-12-19,9.388023376464844
2005-12-20,9.407221794128418
2005-12-21,9.709595680236816
2005-12-22,9.77199363708496
2005-12-23,9.757591247558594
2005-12-27,9.608802795410156
2005-12-28,9.445618629455566
2005-12-29,9.47441577911377
2005-12-30,9.594400405883787
2006-01-03,9.632806777954102
2006-01-04,10.09836196899414
2006-01-05,10.00717544555664
2006-01-06,10.26635456085205
2006-01-09,10.698312759399414
2006-01-10,11.192673683166504
2006-01-11,11.125480651855469
2006-01-12,11.039088249206545
2006-01-13,11.629437446594238
2006-01-17,11.58144474029541
2006-01-18,11.807024002075195
2006-01-19,12.282187461853027
2006-01-20,11.99900722503662
2006-01-23,12.272586822509766
2006-01-24,12.666150093078612
2006-01-25,12.301382064819336
2006-01-26,12.57496166229248
2006-01-27,12.536561965942385
2006-01-30,12.315780639648438
2006-01-31,12.51736545562744
2006-02-01,12.526989936828612
2006-02-02,12.339232444763184
2006-02-03,12.281458854675291
2006-02-06,12.01185703277588
2006-02-07,11.72299861907959
2006-02-08,11.982966423034668
2006-02-09,12.064818382263184
2006-02-10,12.117775917053224
2006-02-13,12.498109817504885
2006-02-14,12.536624908447266
2006-02-15,12.758085250854492
2006-02-16,12.902512550354004
2006-02-17,13.138422966003418
2006-02-21,13.095088958740234
2006-02-22,12.714754104614258
2006-02-23,12.2236909866333
2006-02-24,12.3007173538208
2006-02-27,12.51736068725586
2006-02-28,12.791781425476074
2006-03-01,13.119153022766112
2006-03-02,13.335809707641602
2006-03-03,13.518750190734863
2006-03-06,13.249147415161133
2006-03-07,12.589576721191406
2006-03-08,11.968527793884276
2006-03-09,11.795211791992188
2006-03-10,11.689294815063477
2006-03-13,11.515978813171388
2006-03-14,11.89150047302246
2006-03-15,12.257391929626465
2006-03-16,11.872239112854004
2006-03-17,11.905940055847168
2006-03-20,12.035926818847656
2006-03-21,12.00704574584961
2006-03-22,11.559306144714355
2006-03-23,11.660407066345217
2006-03-24,11.780765533447266
2006-03-27,11.621891975402832
2006-03-28,11.593002319335938
2006-03-29,12.271832466125488
2006-03-30,12.67623519897461
2006-03-31,12.67623519897461
2006-04-03,12.623285293579102
2006-04-04,13.330995559692385
2006-04-05,13.119153022766112
2006-04-06,13.05657196044922
2006-04-07,13.095088958740234
2006-04-10,12.73401165008545
2006-04-11,12.709941864013672
2006-04-12,12.849555015563965
2006-04-13,12.613654136657717
2006-04-17,12.926584243774414
2006-04-18,13.249147415161133
2006-04-19,12.397005081176758
2006-04-20,12.228501319885254
2006-04-21,12.08407497406006
2006-04-24,12.021484375
2006-04-25,12.194807052612305
2006-04-26,11.978156089782717
2006-04-27,12.502924919128418
2006-04-28,12.786970138549805
2006-05-01,12.85437297821045
2006-05-02,12.878440856933594
2006-05-03,12.796354293823242
2006-05-04,12.71426010131836
2006-05-05,12.78669548034668
2006-05-08,12.844644546508787
2006-05-09,12.78669548034668
2006-05-10,12.424531936645508
2006-05-11,11.87887954711914
2006-05-12,11.632610321044922
2006-05-15,11.492576599121094
2006-05-16,11.226990699768066
2006-05-17,11.38633918762207
2006-05-18,11.618125915527344
2006-05-19,12.047889709472656
2006-05-22,12.02857494354248
2006-05-23,11.434629440307615
2006-05-24,11.226990699768066
2006-05-25,11.550522804260254
2006-05-26,11.690557479858398
2006-05-30,11.352540016174316
2006-05-31,11.275274276733398
2006-06-01,11.5650053024292
2006-06-02,11.647095680236816
2006-06-05,11.106268882751465
2006-06-06,10.971062660217283
2006-06-07,10.806886672973633
2006-06-08,11.13524341583252
2006-06-09,11.159388542175291
2006-06-12,10.73927879333496
2006-06-13,10.17430591583252
2006-06-14,10.208105087280272
2006-06-15,10.729621887207031
2006-06-16,10.517155647277832
2006-06-19,10.43989086151123
2006-06-20,10.183966636657717
2006-06-21,10.275715827941896
2006-06-22,10.183966636657717
2006-06-23,10.1356782913208
2006-06-26,10.280543327331545
2006-06-27,10.179137229919434
2006-06-28,10.27088451385498
2006-06-29,10.66684627532959
2006-06-30,10.932433128356934
2006-07-03,10.879314422607422
2006-07-05,10.98554801940918
2006-07-06,11.096611976623535
2006-07-07,10.903462409973145
2006-07-10,10.608899116516112
2006-07-11,11.009693145751951
2006-07-12,11.000032424926758
2006-07-13,10.84068489074707
2006-07-14,10.83102321624756
2006-07-17,11.05798625946045
2006-07-18,11.318737983703612
2006-07-19,11.719528198242188
2006-07-20,11.5601806640625
2006-07-21,11.00486660003662
2006-07-24,11.352540016174316
2006-07-25,11.198016166687012
2006-07-26,11.029008865356444
2006-07-27,10.937257766723633
2006-07-28,11.318737983703612
2006-07-31,11.202847480773926
2006-08-01,10.8455171585083
2006-08-02,10.816539764404297
2006-08-03,10.719966888427734
2006-08-04,10.507491111755373
2006-08-07,10.357803344726562
2006-08-08,9.995643615722656
2006-08-09,9.633482933044434
2006-08-10,9.739713668823242
2006-08-11,9.633482933044434
2006-08-14,9.81214714050293
2006-08-15,10.019786834716797
2006-08-16,10.533617973327637
2006-08-17,10.368809700012209
2006-08-18,10.34456729888916
2006-08-21,10.300939559936523
2006-08-22,10.140975952148438
2006-08-23,9.947075843811035
2006-08-24,9.893752098083496
2006-08-25,9.966464042663574
2006-08-28,10.136125564575195
2006-08-29,10.26215648651123
2006-08-30,10.664502143859863
2006-08-31,10.78569221496582
2006-09-01,10.950505256652832
2006-09-05,10.775995254516602
2006-09-06,9.898597717285156
2006-09-07,9.724091529846191
2006-09-08,9.719243049621582
2006-09-11,9.879206657409668
2006-09-12,10.140975952148438
2006-09-13,10.247612953186035
2006-09-14,10.751760482788086
2006-09-15,10.708131790161133
2006-09-18,10.766298294067385
2006-09-19,10.89233684539795
2006-09-20,11.144404411315918
2006-09-21,11.061994552612305
2006-09-22,10.916571617126465
2006-09-25,10.955354690551758
2006-09-26,10.902029991149902
2006-09-27,11.173492431640623
2006-09-28,11.149255752563477
2006-09-29,11.192883491516112
2006-10-02,11.11532211303711
2006-10-03,11.061994552612305
2006-10-04,11.05715560913086
2006-10-05,10.979588508605955
2006-10-06,10.848712921142578
2006-10-09,10.499686241149902
2006-10-10,10.160358428955078
2006-10-11,10.145824432373049
2006-10-12,10.136125564575195
2006-10-13,10.49484157562256
2006-10-16,10.664502143859863
2006-10-17,10.611181259155272
2006-10-18,10.43182373046875
2006-10-19,10.49484157562256
2006-10-20,10.69843864440918
2006-10-23,10.3978910446167
2006-10-24,10.242769241333008
2006-10-25,10.872943878173828
2006-10-26,11.125018119812012
2006-10-27,10.746912956237791
2006-10-30,10.994139671325684
2006-10-31,10.945661544799805
2006-11-01,10.838541030883787
2006-11-02,10.85801601409912
2006-11-03,11.091731071472168
2006-11-06,11.24754238128662
2006-11-07,11.08686065673828
2006-11-08,11.242671966552734
2006-11-09,11.510469436645508
2006-11-10,11.41795539855957
2006-11-13,11.271890640258787
2006-11-14,11.573775291442873
2006-11-15,12.041200637817385
2006-11-16,12.338213920593262
2006-11-17,12.343080520629885
2006-11-20,12.576799392700195
2006-11-21,12.498891830444336
2006-11-22,12.810510635375977
2006-11-24,12.995534896850586
2006-11-27,12.406375885009766
2006-11-28,12.576799392700195
2006-11-29,12.494020462036133
2006-11-30,12.542717933654783
2006-12-01,12.571932792663574
2006-12-04,12.669303894042969
2006-12-05,12.781302452087402
2006-12-06,12.8397216796875
2006-12-07,12.834861755371094
2006-12-08,12.85433292388916
2006-12-11,12.74234676361084
2006-12-12,12.547582626342772
2006-12-13,12.708261489868164
2006-12-14,12.829986572265623
2006-12-15,13.015010833740234
2006-12-18,13.000409126281738
2006-12-19,13.058836936950684
2006-12-20,13.09778881072998
2006-12-21,12.825117111206056
2006-12-22,12.922503471374512
2006-12-26,13.073440551757812
2006-12-27,13.063705444335938
2006-12-28,12.88841724395752
2006-12-29,12.903024673461914
2007-01-03,12.693657875061035
2007-01-04,12.85433292388916
2007-01-05,12.664441108703612
2007-01-08,12.591405868530272
2007-01-09,12.9906644821167
2007-01-10,13.053964614868164
2007-01-11,13.053964614868164
2007-01-12,13.058836936950684
2007-01-16,13.13187026977539
2007-01-17,13.331496238708496
2007-01-18,12.80077075958252
2007-01-19,12.635226249694824
2007-01-22,12.893288612365724
2007-01-23,12.74720573425293
2007-01-24,13.803803443908691
2007-01-25,13.492180824279783
2007-01-26,13.31689453125
2007-01-29,13.370450019836426
2007-01-30,13.443493843078612
2007-01-31,13.238245010375977
2007-02-01,13.072098731994627
2007-02-02,12.871743202209473
2007-02-05,12.901055335998535
2007-02-06,12.744680404663086
2007-02-07,12.871743202209473
2007-02-08,12.866850852966309
2007-02-09,12.734910011291504
2007-02-12,12.72024917602539
2007-02-13,12.739791870117188
2007-02-14,12.998790740966797
2007-02-15,13.028114318847656
2007-02-16,12.969475746154783
2007-02-20,13.11119270324707
2007-02-21,13.213809967041016
2007-02-22,13.45326328277588
2007-02-23,13.682939529418944
2007-02-26,13.761130332946776
2007-02-27,13.003686904907228
2007-02-28,13.145394325256348
2007-03-01,12.915716171264648
2007-03-02,12.040992736816406
2007-03-05,12.036103248596191
2007-03-06,12.114285469055176
2007-03-07,12.070313453674316
2007-03-08,11.874841690063477
2007-03-09,11.855290412902832
2007-03-12,12.040992736816406
2007-03-13,11.752667427062988
2007-03-14,11.88461208343506
2007-03-15,12.021443367004396
2007-03-16,11.948137283325195
2007-03-19,11.962799072265623
2007-03-20,12.031214714050291
2007-03-21,12.339081764221191
2007-03-22,12.270669937133787
2007-03-23,12.236461639404297
2007-03-26,12.10451889038086
2007-03-27,11.977458953857422
2007-03-28,11.630498886108398
2007-03-29,11.444805145263672
2007-03-30,11.386157989501951
2007-04-02,11.20534896850586
2007-04-03,11.351953506469728
2007-04-04,11.171142578125
2007-04-05,11.371502876281738
2007-04-09,11.464350700378418
2007-04-10,10.750882148742676
2007-04-11,10.50654411315918
2007-04-12,10.623821258544922
2007-04-13,10.755764961242676
2007-04-16,11.0147705078125
2007-04-17,10.824178695678713
2007-04-18,10.408808708190918
2007-04-19,10.423465728759766
2007-04-20,10.54563808441162
2007-04-23,10.530976295471191
2007-04-24,10.794866561889648
2007-04-25,10.785090446472168
2007-04-26,10.97078800201416
2007-04-27,10.799750328063965
2007-04-30,10.824178695678713
2007-05-01,10.555411338806152
2007-05-02,10.62905502319336
2007-05-03,10.889253616333008
2007-05-04,10.835251808166504
2007-05-07,10.96780776977539
2007-05-08,11.046360969543455
2007-05-09,10.938350677490234
2007-05-10,10.653602600097656
2007-05-11,10.85489273071289
2007-05-14,10.658510208129885
2007-05-15,10.521044731140137
2007-05-16,10.44740390777588
2007-05-17,10.167560577392578
2007-05-18,10.251020431518556
2007-05-21,10.241204261779783
2007-05-22,10.481767654418944
2007-05-23,10.38357639312744
2007-05-24,10.15774154663086
2007-05-25,9.966268539428713
2007-05-29,10.192110061645508
2007-05-30,10.15774154663086
2007-05-31,10.108648300170898
2007-06-01,10.177387237548828
2007-06-04,10.187196731567385
2007-06-05,10.015366554260254
2007-06-06,10.10373592376709
2007-06-07,9.995726585388184
2007-06-08,10.260844230651855
2007-06-11,10.241204261779783
2007-06-12,10.22647476196289
2007-06-13,10.162652969360352
2007-06-14,10.197017669677734
2007-06-15,10.290301322937012
2007-06-18,10.314845085144045
2007-06-19,10.638872146606444
2007-06-20,10.496496200561523
2007-06-21,10.913808822631836
2007-06-22,10.89416790008545
2007-06-25,10.717430114746094
2007-06-26,10.800888061523438
2007-06-27,10.953078269958496
2007-06-28,10.579959869384766
2007-06-29,10.687968254089355
2007-07-02,10.96780776977539
2007-07-03,11.164190292358398
2007-07-05,11.350752830505373
2007-07-06,11.571675300598145
2007-07-09,11.547126770019531
2007-07-10,11.291831970214844
2007-07-11,11.134730339050291
2007-07-12,11.316384315490724
2007-07-13,11.193647384643556
2007-07-16,11.183825492858888
2007-07-17,11.390026092529297
2007-07-18,11.493124961853027
2007-07-19,11.841696739196776
2007-07-20,12.092085838317873
2007-07-23,12.21481990814209
2007-07-24,11.944794654846191
2007-07-25,12.254088401794434
2007-07-26,12.082263946533203
2007-07-27,11.68950366973877
2007-07-30,11.861333847045898
2007-07-31,11.542217254638672
2007-08-01,11.724647521972656
2007-08-02,11.90707302093506
2007-08-03,11.57673168182373
2007-08-06,11.798601150512695
2007-08-07,11.34006690979004
2007-08-08,11.76409149169922
2007-08-09,11.44853973388672
2007-08-10,11.759159088134766
2007-08-13,11.981033325195312
2007-08-14,11.981033325195312
2007-08-15,11.51756763458252
2007-08-16,11.17736530303955
2007-08-17,11.70985507965088
2007-08-20,11.946520805358888
2007-08-21,11.956376075744627
2007-08-22,12.064849853515623
2007-08-23,12.178253173828123
2007-08-24,12.306435585021973
2007-08-27,12.271931648254396
2007-08-28,12.059919357299805
2007-08-29,12.518449783325195
2007-08-30,12.523381233215332
2007-08-31,12.730463027954102
2007-09-04,12.794560432434082
2007-09-05,12.562826156616213
2007-09-06,12.814278602600098
2007-09-07,12.395185470581056
2007-09-10,12.252208709716797
2007-09-11,12.528311729431152
2007-09-12,12.17331886291504
2007-09-13,12.207833290100098
2007-09-14,12.163458824157717
2007-09-17,12.158526420593262
2007-09-18,12.34095287322998
2007-09-19,12.528311729431152
2007-09-20,12.523381233215332
2007-09-21,12.513521194458008
2007-09-24,12.774836540222168
2007-09-25,13.095314979553224
2007-09-26,12.99177360534668
2007-09-27,12.70088005065918
2007-09-28,12.612130165100098
2007-10-01,13.129830360412598
2007-10-02,13.14461898803711
2007-10-03,12.779767990112305
2007-10-04,12.587484359741213
2007-10-05,12.725531578063965
2007-10-08,12.972052574157717
2007-10-09,13.189000129699709
2007-10-10,13.356630325317385
2007-10-11,12.92275333404541
2007-10-12,13.174202919006348
2007-10-15,13.25802230834961
2007-10-16,13.041081428527832
2007-10-17,13.317190170288086
2007-10-18,13.509480476379396
2007-10-19,13.248161315917969
2007-10-22,13.691903114318848
2007-10-23,13.691903114318848
2007-10-24,13.336907386779783
2007-10-25,12.92275333404541
2007-10-26,13.28759765625
2007-10-29,13.460176467895508
2007-10-30,13.30239200592041
2007-10-31,13.777481079101562
2007-11-01,13.658710479736328
2007-11-02,14.153594017028809
2007-11-05,14.00017547607422
2007-11-06,13.846765518188477
2007-11-07,13.762639045715332
2007-11-08,13.742840766906738
2007-11-09,13.411263465881348
2007-11-12,12.827309608459473
2007-11-13,13.000514030456545
2007-11-14,13.010415077209473
2007-11-15,12.842156410217283
2007-11-16,13.178672790527344
2007-11-19,12.941128730773926
2007-11-20,12.654098510742188
2007-11-21,12.44625186920166
2007-11-23,12.372020721435549
2007-11-26,12.530381202697754
2007-11-27,12.87679672241211
2007-11-28,13.34693431854248
2007-11-29,13.40631866455078
2007-11-30,12.762974739074709
2007-12-03,12.629362106323242
2007-12-04,12.668951034545898
2007-12-05,13.455811500549316
2007-12-06,13.638911247253418
2007-12-07,13.79232406616211
2007-12-10,13.846765518188477
2007-12-11,13.79232406616211
2007-12-12,13.727988243103027
2007-12-13,13.673553466796877
2007-12-14,13.619123458862305
2007-12-17,13.48055362701416
2007-12-18,13.030213356018066
2007-12-19,13.010415077209473
2007-12-20,13.059906959533691
2007-12-21,12.852054595947266
2007-12-24,12.901543617248535
2007-12-26,12.965875625610352
2007-12-27,12.901543617248535
2007-12-28,12.79267120361328
2007-12-31,12.619458198547363
2008-01-02,12.094884872436523
2008-01-03,12.12952709197998
2008-01-04,11.535675048828123
2008-01-07,11.397102355957031
2008-01-08,10.97150707244873
2008-01-09,11.634645462036133
2008-01-10,11.74846649169922
2008-01-11,11.337718963623049
2008-01-14,11.75836944580078
2008-01-15,11.54062557220459
2008-01-16,11.372357368469238
2008-01-17,10.689425468444824
2008-01-18,9.749147415161133
2008-01-22,9.927308082580566
2008-01-23,9.75409984588623
2008-01-24,10.387545585632324
2008-01-25,10.387545585632324
2008-01-28,10.318266868591309
2008-01-29,10.10051727294922
2008-01-30,10.145275115966797
2008-01-31,10.080622673034668
2008-02-01,10.408855438232422
2008-02-04,10.314366340637209
2008-02-05,10.5580472946167
2008-02-06,10.503344535827637
2008-02-07,10.702276229858398
2008-02-08,10.916119575500488
2008-02-11,11.110068321228027
2008-02-12,11.318944931030272
2008-02-13,11.567602157592772
2008-02-14,11.184666633605955
2008-02-15,11.279160499572754
2008-02-19,11.582521438598633
2008-02-20,11.532793045043944
2008-02-21,11.672040939331056
2008-02-22,11.821236610412598
2008-02-25,11.865997314453123
2008-02-26,11.791397094726562
2008-02-27,11.731722831726074
2008-02-28,11.115045547485352
2008-02-29,10.727137565612791
2008-03-03,10.851469039916992
2008-03-04,11.39354419708252
2008-03-05,11.343810081481934
2008-03-06,10.83157444000244
2008-03-07,10.816655158996582
2008-03-10,10.567997932434082
2008-03-11,10.861409187316896
2008-03-12,10.82162857055664
2008-03-13,11.005640983581545
2008-03-14,11.04542064666748
2008-03-17,10.582918167114258
2008-03-18,10.806708335876465
2008-03-19,10.26960277557373
2008-03-20,10.582918167114258
2008-03-24,10.940984725952148
2008-03-25,10.756973266601562
2008-03-26,10.851469039916992
2008-03-27,10.18008804321289
2008-03-28,10.095542907714844
2008-03-31,10.413827896118164
2008-04-01,10.747029304504396
2008-04-02,10.881303787231444
2008-04-03,10.985747337341309
2008-04-04,10.752002716064451
2008-04-07,10.81167697906494
2008-04-08,10.582918167114258
2008-04-09,10.478482246398926
2008-04-10,10.756973266601562
2008-04-11,10.214895248413086
2008-04-14,9.931431770324709
2008-04-15,10.030892372131348
2008-04-16,9.47886848449707
2008-04-17,9.831963539123535
2008-04-18,9.68774127960205
2008-04-21,9.926451683044434
2008-04-22,9.68774127960205
2008-04-23,9.55844020843506
2008-04-24,9.757369041442873
2008-04-25,9.642985343933104
2008-04-28,9.543521881103516
2008-04-29,9.548494338989258
2008-04-30,9.443401336669922
2008-05-01,9.758682250976562
2008-05-02,9.733661651611328
2008-05-05,9.85876750946045
2008-05-06,9.943848609924316
2008-05-07,9.928836822509766
2008-05-08,10.159038543701172
2008-05-09,10.124006271362305
2008-05-12,10.073960304260254
2008-05-13,10.033926963806152
2008-05-14,10.629456520080566
2008-05-15,10.674494743347168
2008-05-16,10.964750289916992
2008-05-19,10.429277420043944
2008-05-20,10.269134521484377
2008-05-21,10.239107131958008
2008-05-22,10.454303741455078
2008-05-23,10.344202041625977
2008-05-27,10.334195137023926
2008-05-28,10.28915309906006
2008-05-29,10.36422061920166
2008-05-30,10.719538688659668
2008-06-02,10.664490699768066
2008-06-03,10.849652290344238
2008-06-04,10.919719696044922
2008-06-05,11.059837341308594
2008-06-06,11.144916534423828
2008-06-09,10.854657173156738
2008-06-10,10.50434398651123
2008-06-11,10.264130592346191
2008-06-12,10.134015083312988
2008-06-13,10.144023895263672
2008-06-16,10.519357681274414
2008-06-17,10.414266586303713
2008-06-18,10.35921859741211
2008-06-19,10.484329223632812
2008-06-20,10.09898281097412
2008-06-23,9.9188232421875
2008-06-24,9.838751792907717
2008-06-25,10.028924942016602
2008-06-26,9.758682250976562
2008-06-27,9.74867057800293
2008-06-30,9.573514938354492
2008-07-01,9.72365665435791
2008-07-02,9.413372039794922
2008-07-03,8.977988243103027
2008-07-07,8.792820930480957
2008-07-08,8.86288070678711
2008-07-09,8.527589797973633
2008-07-10,8.522581100463867
2008-07-11,8.507569313049316
2008-07-14,8.542598724365234
2008-07-15,8.657705307006836
2008-07-16,7.316512107849121
2008-07-17,7.661814212799072
2008-07-18,7.431614398956299
2008-07-21,7.476651191711426
2008-07-22,7.231433391571045
2008-07-23,7.576742649078369
2008-07-24,7.436617374420166
2008-07-25,7.491663455963135
2008-07-28,7.496669769287109
2008-07-29,7.556724548339844
2008-07-30,7.55167818069458
2008-07-31,7.55167818069458
2008-08-01,7.581943035125732
2008-08-04,7.4558329582214355
2008-08-05,7.430606842041016
2008-08-06,7.592034816741943
2008-08-07,7.511322498321533
2008-08-08,7.5668134689331055
2008-08-11,7.8089494705200195
2008-08-12,8.116667747497559
2008-08-13,7.955241680145264
2008-08-14,8.116667747497559
2008-08-15,8.449605941772461
2008-08-18,8.131802558898926
2008-08-19,8.020818710327148
2008-08-20,8.04604434967041
2008-08-21,8.25286865234375
2008-08-22,8.187291145324707
2008-08-25,7.894707679748535
2008-08-26,7.879575729370117
2008-08-27,7.914884567260742
2008-08-28,7.753458499908447
2008-08-29,7.521411418914795
2008-09-02,7.546632766723633
2008-09-03,7.425564765930176
2008-09-04,7.435654163360596
2008-09-05,7.430606842041016
2008-09-08,7.354940414428711
2008-09-09,7.107758045196533
2008-09-10,7.238916397094727
2008-09-11,7.057316303253174
2008-09-12,6.85048770904541
2008-09-15,6.6436614990234375
2008-09-16,6.098850727081299
2008-09-17,5.937425136566162
2008-09-18,6.018136501312256
2008-09-19,6.482234001159668
2008-09-22,6.149296283721924
2008-09-23,6.13920783996582
2008-09-24,6.2148756980896
2008-09-25,6.290543556213379
2008-09-26,6.265321731567383
2008-09-29,5.922290802001953
2008-09-30,6.113982677459717
2008-10-01,5.826446056365967
2008-10-02,5.654929161071777
2008-10-03,5.513683795928955
2008-10-06,5.458195686340332
2008-10-07,4.994095802307129
2008-10-08,4.883117198944092
2008-10-09,4.701513290405273
2008-10-10,4.368571758270264
2008-10-13,4.691423416137695
2008-10-14,4.444242000579834
2008-10-15,4.262637615203857
2008-10-16,4.302992820739746
2008-10-17,4.434154033660889
2008-10-20,4.302992820739746
2008-10-21,4.091123104095459
2008-10-22,4.035633563995361
2008-10-23,3.5564002990722656
2008-10-24,3.5513575077056885
2008-10-27,3.3747975826263428
2008-10-28,3.3344430923461914
2008-10-29,3.2537291049957275
2008-10-30,3.233549833297729
2008-10-31,3.415153980255127
2008-11-03,3.566490888595581
2008-11-04,3.798540115356445
2008-11-05,3.593489408493042
2008-11-06,3.2961690425872803
2008-11-07,3.383314371109009
2008-11-10,3.1782660484313965
2008-11-11,2.814302682876587
2008-11-12,2.4657187461853027
2008-11-13,2.573369264602661
2008-11-14,2.4964756965637207
2008-11-17,2.4452128410339355
2008-11-18,2.2145333290100098
2008-11-19,2.004357099533081
2008-11-20,1.9633469581604004
2008-11-21,2.255543231964112
2008-11-24,2.2863006591796875
2008-11-25,2.265796661376953
2008-11-26,2.31193208694458
2008-11-28,2.158143997192383
2008-12-01,1.973599314689636
2008-12-02,2.209407329559326
2008-12-03,2.255543231964112
2008-12-04,2.2042808532714844
2008-12-05,2.317057847976685
2008-12-08,2.6451361179351807
2008-12-09,2.6092522144317627
2008-12-10,2.814302682876587
2008-12-11,2.4400877952575684
2008-12-12,2.701526403427124
2008-12-15,2.4400877952575684
2008-12-16,2.281175136566162
2008-12-17,2.4452128410339355
2008-12-18,2.327310562133789
2008-12-19,2.332437038421631
2008-12-22,2.260669231414795
2008-12-23,2.229912042617798
2008-12-24,2.122260808944702
2008-12-26,2.1325137615203857
2008-12-29,2.096630096435547
2008-12-30,2.122260808944702
2008-12-31,2.2709221839904785
2009-01-02,2.6041274070739746
2009-01-05,2.634884595870972
2009-01-06,2.962963104248047
2009-01-07,2.7527878284454346
2009-01-08,2.870691537857056
2009-01-09,2.89119553565979
2009-01-12,2.4400877952575684
2009-01-13,2.3478150367736816
2009-01-14,2.199154853820801
2009-01-15,2.219658851623535
2009-01-16,2.250416755676269
2009-01-20,1.9889787435531616
2009-01-21,2.1786489486694336
2009-01-22,1.6557737588882446
2009-01-23,1.594258427619934
2009-01-26,1.7531718015670776
2009-01-27,1.8556963205337524
2009-01-28,2.024862766265869
2009-01-29,2.070999383926392
2009-01-30,1.942842960357666
2009-02-02,2.0351150035858154
2009-02-03,1.9633469581604004
2009-02-04,2.2113499641418457
2009-02-05,2.2681829929351807
2009-02-06,2.330183506011963
2009-02-09,2.252683162689209
2009-02-10,2.118348836898804
2009-02-11,2.170015573501587
2009-02-12,2.3146839141845703
2009-02-13,2.25784969329834
2009-02-17,2.216517210006714
2009-02-18,2.2991836071014404
2009-02-19,2.201016664505005
2009-02-20,2.1648497581481934
2009-02-23,2.0718483924865723
2009-02-24,2.04601526260376
2009-02-25,2.226849317550659
2009-02-26,2.118348836898804
2009-02-27,2.2216827869415283
2009-03-02,1.9013473987579343
2009-03-03,1.942680716514588
2009-03-04,1.942680716514588
2009-03-05,1.767013669013977
2009-03-06,1.6068449020385742
2009-03-09,1.6223450899124146
2009-03-10,1.8651806116104128
2009-03-11,1.9220142364501955
2009-03-12,2.0046815872192383
2009-03-13,2.201016664505005
2009-03-16,2.2216827869415283
2009-03-17,2.3043508529663086
2009-03-18,2.428351402282715
2009-03-19,2.402517557144165
2009-03-20,2.3766837120056152
2009-03-23,2.6660192012786865
2009-03-24,2.986354351043701
2009-03-25,3.07935643196106
2009-03-26,3.38935923576355
2009-03-27,3.146523952484131
2009-03-30,3.0535223484039307
2009-03-31,3.105190753936768
2009-04-01,3.0896880626678467
2009-04-02,3.203357458114624
2009-04-03,3.477190971374512
2009-04-06,3.306690454483032
2009-04-07,3.177523374557495
2009-04-08,3.280856370925904
2009-04-09,3.4358580112457275
2009-04-13,3.275691509246826
2009-04-14,3.125856876373291
2009-04-15,3.022522211074829
2009-04-16,3.280856370925904
2009-04-17,3.528857946395874
2009-04-20,3.337691068649292
2009-04-21,3.446192979812622
2009-04-22,3.6941945552825928
2009-04-23,3.6270272731781006
2009-04-24,3.761361360549927
2009-04-27,3.6270272731781006
2009-04-28,3.6270272731781006
2009-04-29,3.844028472900391
2009-04-30,4.216030597686768
2009-05-01,4.3658647537231445
2009-05-04,4.696535110473633
2009-05-05,4.371031761169434
2009-05-06,4.3451995849609375
2009-05-07,3.9783623218536377
2009-05-08,4.0248637199401855
2009-05-11,3.91119384765625
2009-05-12,3.792360544204712
2009-05-13,3.6063599586486816
2009-05-14,3.766526937484741
2009-05-15,3.745861768722534
2009-05-18,3.9370276927948
2009-05-19,4.190197467803955
2009-05-20,4.086864471435547
2009-05-21,4.138529777526856
2009-05-22,4.360697746276856
2009-05-26,4.536365985870361
2009-05-27,4.433034420013428
2009-05-28,4.484699249267578
2009-05-29,4.500198841094971
2009-06-01,4.887703895568848
2009-06-02,4.536365985870361
2009-06-03,4.371031761169434
2009-06-04,4.61386775970459
2009-06-05,4.551866054534912
2009-06-08,4.577700138092041
2009-06-09,4.887703895568848
2009-06-10,4.820535659790039
2009-06-11,4.985871315002441
2009-06-12,4.929034233093262
2009-06-15,4.825703144073486
2009-06-16,4.712032794952393
2009-06-17,4.851534366607666
2009-06-18,4.78436803817749
2009-06-19,5.006536960601807
2009-06-22,4.867035865783691
2009-06-23,4.960036277770996
2009-06-24,5.099536895751953
2009-06-25,4.908370494842529
2009-06-26,5.3062052726745605
2009-06-29,5.316538333892822
2009-06-30,5.404374599456787
2009-07-01,5.476705074310303
2009-07-02,5.311370372772217
2009-07-06,5.192538738250732
2009-07-07,4.908370494842529
2009-07-08,4.908370494842529
2009-07-09,4.92387056350708
2009-07-10,5.166702747344971
2009-07-13,5.357872486114502
2009-07-14,5.481873512268066
2009-07-15,5.616207599639893
2009-07-16,5.64204216003418
2009-07-17,5.7608747482299805
2009-07-20,5.704041957855225
2009-07-21,5.786708831787109
2009-07-22,6.12254524230957
2009-07-23,6.024377822875977
2009-07-24,5.957210540771484
2009-07-27,6.313713550567627
2009-07-28,6.515214920043945
2009-07-29,6.256878852844238
2009-07-30,6.30854606628418
2009-07-31,6.220710754394531
2009-08-03,6.370545864105225
2009-08-04,6.3343825340271
2009-08-05,6.184546947479248
2009-08-06,6.117378234863281
2009-08-07,6.386045932769775
2009-08-10,6.241376876831055
2009-08-11,6.27238130569458
2009-08-12,6.4583821296691895
2009-08-13,6.473879337310791
2009-08-14,6.303380012512207
2009-08-17,6.0863800048828125
2009-08-18,6.27238130569458
2009-08-19,6.313713550567627
2009-08-20,6.35504674911499
2009-08-21,6.525547981262207
2009-08-24,6.344711780548096
2009-08-25,6.375712394714356
2009-08-26,6.267211437225342
2009-08-27,7.021549701690674
2009-08-28,7.24371862411499
2009-08-31,7.155886650085449
2009-09-01,6.923384666442871
2009-09-02,6.7787184715271
2009-09-03,6.8407182693481445
2009-09-04,7.068054676055908
2009-09-08,7.63122034072876
2009-09-09,7.713890075683594
2009-09-10,7.724221229553223
2009-09-11,7.682889938354492
2009-09-14,7.791390419006348
2009-09-15,7.941221714019775
2009-09-16,7.941221714019775
2009-09-17,7.744889736175537
2009-09-18,7.884390830993652
2009-09-21,7.982560634613037
2009-09-22,8.101390838623047
2009-09-23,7.98772668838501
2009-09-24,7.843058109283447
2009-09-25,7.698391437530518
2009-09-28,8.008394241333008
2009-09-29,7.832724571228027
2009-09-30,7.858556747436523
2009-10-01,7.49688720703125
2009-10-02,7.440054416656494
2009-10-05,7.734558582305908
2009-10-06,7.791390419006348
2009-10-07,7.574388027191162
2009-10-08,7.657055854797363
2009-10-09,7.98772668838501
2009-10-12,8.184061050415039
2009-10-13,8.080727577209473
2009-10-14,8.32356071472168
2009-10-15,8.029060363769531
2009-10-16,7.889558792114258
2009-10-19,8.034228324890137
2009-10-20,8.034228324890137
2009-10-21,7.84822416305542
2009-10-22,8.22539234161377
2009-10-23,8.127223014831543
2009-10-26,8.173728942871094
2009-10-27,7.915390968322754
2009-10-28,7.46072244644165
2009-10-29,7.533053874969482
2009-10-30,7.207552433013916
2009-11-02,7.316051483154297
2009-11-03,7.409051895141602
2009-11-04,7.605389595031738
2009-11-05,7.941221714019775
2009-11-06,7.910223484039307
2009-11-09,8.13239574432373
2009-11-10,8.22539234161377
2009-11-11,8.421725273132324
2009-11-12,8.680062294006348
2009-11-13,8.638731956481934
2009-11-16,8.788562774658203
2009-11-17,8.876398086547852
2009-11-18,8.509562492370605
2009-11-19,8.292561531066895
2009-11-20,8.054892539978027
2009-11-23,8.22539234161377
2009-11-24,8.096226692199707
2009-11-25,8.209895133972168
2009-11-27,8.029060363769531
2009-11-30,7.817224502563477
2009-12-01,8.13239574432373
2009-12-02,8.514726638793945
2009-12-03,8.447562217712402
2009-12-04,8.62322998046875
2009-12-07,8.587061882019043
2009-12-08,8.468230247497559
2009-12-09,8.633562088012695
2009-12-10,8.530231475830078
2009-12-11,8.488898277282715
2009-12-14,8.561227798461914
2009-12-15,8.473395347595215
2009-12-16,8.917736053466797
2009-12-17,8.92289924621582
2009-12-18,9.021063804626465
2009-12-21,9.134733200073242
2009-12-22,9.212235450744627
2009-12-23,9.274231910705566
2009-12-24,9.336231231689451
2009-12-28,9.28456687927246
2009-12-29,9.201899528503418
2009-12-30,9.527402877807615
2009-12-31,9.398236274719238
2010-01-04,9.759904861450195
2010-01-05,9.56873607635498
2010-01-06,9.50157070159912
2010-01-07,9.320734024047852
2010-01-08,9.243234634399414
2010-01-11,9.480899810791016
2010-01-12,9.155400276184082
2010-01-13,9.398236274719238
2010-01-14,9.475735664367676
2010-01-15,9.181233406066896
2010-01-19,9.382734298706056
2010-01-20,9.176065444946287
2010-01-21,10.069905281066896
2010-01-22,9.50673484802246
2010-01-25,9.775407791137695
2010-01-26,9.976903915405272
2010-01-27,9.858068466186523
2010-01-28,9.486069679260254
2010-01-29,8.633562088012695
2010-02-01,9.248397827148438
2010-02-02,9.599735260009766
2010-02-03,9.734071731567385
2010-02-04,9.31040096282959
2010-02-05,9.31040096282959
2010-02-08,9.393070220947266
2010-02-09,9.470569610595703
2010-02-10,9.54807186126709
2010-02-11,9.692737579345703
2010-02-12,9.661738395690918
2010-02-16,10.193909645080566
2010-02-17,10.33340549468994
2010-02-18,10.710578918457031
2010-02-19,10.596909523010254
2010-02-22,10.710578918457031
2010-02-23,10.503910064697266
2010-02-24,10.075078010559082
2010-02-25,10.069905281066896
2010-02-26,10.286908149719238
2010-03-01,11.03091526031494
2010-03-02,10.855250358581545
2010-03-03,10.142241477966309
2010-03-04,10.193909645080566
2010-03-05,10.29207706451416
2010-03-08,10.27657413482666
2010-03-09,10.12674045562744
2010-03-10,9.904574394226074
2010-03-11,9.935572624206545
2010-03-12,9.956241607666016
2010-03-15,9.703068733215332
2010-03-16,9.883901596069336
2010-03-17,9.98207187652588
2010-03-18,9.98207187652588
2010-03-19,9.78056812286377
2010-03-22,10.183574676513672
2010-03-23,10.565911293029783
2010-03-24,10.348912239074709
2010-03-25,10.13707160949707
2010-03-26,9.78056812286377
2010-03-29,9.765073776245115
2010-03-30,9.387901306152344
2010-03-31,9.434404373168944
2010-04-01,9.356901168823242
2010-04-05,9.54807186126709
2010-04-06,9.84774112701416
2010-04-07,9.73924160003662
2010-04-08,9.651406288146973
2010-04-09,9.889073371887209
2010-04-12,9.858068466186523
2010-04-13,9.4964017868042
2010-04-14,9.956241607666016
2010-04-15,10.17324161529541
2010-04-16,9.945905685424805
2010-04-19,9.863243103027344
2010-04-20,9.9872407913208
2010-04-21,10.095738410949709
2010-04-22,10.17324161529541
2010-04-23,10.731244087219238
2010-04-26,10.571078300476074
2010-04-27,10.142241477966309
2010-04-28,10.059576034545898
2010-04-29,9.889073371887209
2010-04-30,9.480899810791016
2010-05-03,9.790907859802246
2010-05-04,9.765073776245115
2010-05-05,9.486069679260254
2010-05-06,9.222563743591309
2010-05-07,9.170900344848633
2010-05-10,9.54807186126709
2010-05-11,9.50673484802246
2010-05-12,9.811570167541504
2010-05-13,9.57390594482422
2010-05-14,9.28973388671875
2010-05-17,9.217403411865234
2010-05-18,8.814393043518066
2010-05-19,8.587061882019043
2010-05-20,8.31839370727539
2010-05-21,8.447562217712402
2010-05-24,8.339058876037598
2010-05-25,8.018726348876953
2010-05-26,7.677723407745361
2010-05-27,8.101390838623047
2010-05-28,7.93605899810791
2010-06-01,7.471052169799805
2010-06-02,7.946390628814697
2010-06-03,8.235726356506348
2010-06-04,7.827558994293213
2010-06-07,7.50205659866333
2010-06-08,7.445221900939941
2010-06-09,7.48655366897583
2010-06-10,7.688056945800781
2010-06-11,7.620889186859131
2010-06-14,7.698391437530518
2010-06-15,8.070391654968262
2010-06-16,7.992893695831299
2010-06-17,8.023890495300293
2010-06-18,7.9308929443359375
2010-06-21,7.682889938354492
2010-06-22,7.465888500213623
2010-06-23,7.393552780151367
2010-06-24,7.057715892791748
2010-06-25,7.068054676055908
2010-06-28,7.171387195587158
2010-06-29,6.913050651550293
2010-06-30,6.737382888793945
2010-07-01,6.866550922393799
2010-07-02,6.804549217224121
2010-07-06,6.587546348571777
2010-07-07,6.954381942749023
2010-07-08,7.073217868804932
2010-07-09,7.1352219581604
2010-07-12,7.2695536613464355
2010-07-13,7.471052169799805
2010-07-14,7.739724159240723
2010-07-15,7.63122034072876
2010-07-16,7.316051483154297
2010-07-19,7.372888565063477
2010-07-20,7.507220268249512
2010-07-21,6.7890496253967285
2010-07-22,6.80971622467041
2010-07-23,6.608215808868408
2010-07-26,6.876883506774902
2010-07-27,6.835548400878906
2010-07-28,6.6340508460998535
2010-07-29,6.510049343109131
2010-07-30,6.484215259552002
2010-08-02,6.680551528930664
2010-08-03,6.442883014678955
2010-08-04,6.484215259552002
2010-08-05,6.4583821296691895
2010-08-06,6.30854606628418
2010-08-09,6.132876873016357
2010-08-10,5.735041618347168
2010-08-11,5.828041076660156
2010-08-12,5.678208351135254
2010-08-13,5.7763752937316895
2010-08-16,5.802210330963135
2010-08-17,5.688539981842041
2010-08-18,5.8228759765625
2010-08-19,5.735041618347168
2010-08-20,5.678208351135254
2010-08-23,5.611040115356445
2010-08-24,5.357872486114502
2010-08-25,5.450872421264648
2010-08-26,5.23903751373291
2010-08-27,5.492208957672119
2010-08-30,5.466372966766357
2010-08-31,5.23903751373291
2010-09-01,5.549040794372559
2010-09-02,5.678208351135254
2010-09-03,5.7763752937316895
2010-09-07,5.6007080078125
2010-09-08,5.704041957855225
2010-09-09,5.6988725662231445
2010-09-10,5.554209232330322
2010-09-13,5.807377815246582
2010-09-14,5.740207672119141
2010-09-15,5.884875774383545
2010-09-16,5.838377952575684
2010-09-17,5.766043186187744
2010-09-20,5.83320951461792
2010-09-21,5.905544281005859
2010-09-22,5.735041618347168
2010-09-23,5.729875564575195
2010-09-24,6.00370979309082
2010-09-27,5.967543125152588
2010-09-28,6.039876937866211
2010-09-29,6.20521354675293
2010-09-30,6.0863800048828125
2010-10-01,6.039876937866211
2010-10-04,5.931375980377197
2010-10-05,6.163878440856934
2010-10-06,5.936544895172119
2010-10-07,6.132876873016357
2010-10-08,6.303380012512207
2010-10-11,6.35504674911499
2010-10-12,6.489380359649658
2010-10-13,6.587546348571777
2010-10-14,6.556550025939941
2010-10-15,8.01356029510498
2010-10-18,8.22539234161377
2010-10-19,7.87922191619873
2010-10-20,7.858556747436523
2010-10-21,7.86889123916626
2010-10-22,7.843058109283447
2010-10-25,7.651889801025391
2010-10-26,7.925723075866699
2010-10-27,7.863725185394287
2010-10-28,7.202387809753418
2010-10-29,7.600224018096924
2010-11-01,7.517556667327881
2010-11-02,7.641554355621338
2010-11-03,7.584721088409424
2010-11-04,7.708722114562988
2010-11-05,7.915390968322754
2010-11-08,7.7810564041137695
2010-11-09,7.564055442810059
2010-11-10,7.450389385223389
2010-11-11,7.450389385223389
2010-11-12,7.279888153076172
2010-11-15,7.259216785430908
2010-11-16,7.155886650085449
2010-11-17,7.202387809753418
2010-11-18,7.347054958343506
2010-11-19,7.713890075683594
2010-11-22,7.409051895141602
2010-11-23,7.1352219581604
2010-11-24,7.2695536613464355
2010-11-26,7.176551818847656
2010-11-29,7.161051273345947
2010-11-30,6.9285502433776855
2010-12-01,7.192053318023682
2010-12-02,7.507220268249512
2010-12-03,7.739724159240723
2010-12-06,7.672556400299072
2010-12-07,7.832724571228027
2010-12-08,7.7862229347229
2010-12-09,7.8223876953125
2010-12-10,7.884390830993652
2010-12-13,7.755224704742432
2010-12-14,7.600224018096924
2010-12-15,7.49688720703125
2010-12-16,7.538222312927246
2010-12-17,7.595053672790527
2010-12-20,7.589890003204346
2010-12-21,7.626054763793945
2010-12-22,7.672556400299072
2010-12-23,7.646722316741943
2010-12-27,7.7655558586120605
2010-12-28,7.86889123916626
2010-12-29,7.7862229347229
2010-12-30,7.750053882598877
2010-12-31,7.7655558586120605
2011-01-03,7.734558582305908
2011-01-04,7.636388778686523
2011-01-05,7.595053672790527
2011-01-06,7.620889186859131
2011-01-07,7.476222038269043
2011-01-10,7.398720741271973
2011-01-11,7.2953877449035645
2011-01-12,7.336720943450928
2011-01-13,7.274722099304199
2011-01-14,7.367721080780029
2011-01-18,7.533053874969482
2011-01-19,7.300553321838379
2011-01-20,6.876883506774902
2011-01-21,6.861382007598877
2011-01-24,6.985385417938232
2011-01-25,6.975052833557129
2011-01-26,7.073217868804932
2011-01-27,7.233386516571045
2011-01-28,7.130052089691162
2011-01-31,7.233386516571045
2011-02-01,7.207552433013916
2011-02-02,7.367721080780029
2011-02-03,7.3522210121154785
2011-02-04,7.403887271881103
2011-02-07,7.429721355438232
2011-02-08,7.46072244644165
2011-02-09,7.450389385223389
2011-02-10,7.4348883628845215
2011-02-11,7.4348883628845215
2011-02-14,7.383220672607422
2011-02-15,7.347054958343506
2011-02-16,7.171387195587158
2011-02-17,7.161051273345947
2011-02-18,7.088719844818115
2011-02-22,6.845883846282959
2011-02-23,6.572049140930176
2011-02-24,6.582381725311279
2011-02-25,6.6288838386535645
2011-02-28,6.561712741851807
2011-03-01,6.349879264831543
2011-03-02,6.473879337310791
2011-03-03,6.535881042480469
2011-03-04,6.427379608154297
2011-03-07,7.006052017211914
2011-03-08,7.207552433013916
2011-03-09,7.073217868804932
2011-03-10,6.964717388153076
2011-03-11,6.995716571807861
2011-03-14,6.79421854019165
2011-03-15,6.721883773803711
2011-03-16,6.644381999969482
2011-03-17,6.835548400878906
2011-03-18,6.814882278442383
2011-03-21,6.975052833557129
2011-03-22,6.954381942749023
2011-03-23,7.031883716583252
2011-03-24,7.331552982330322
2011-03-25,7.450389385223389
2011-03-28,7.393552780151367
2011-03-29,7.378055095672607
2011-03-30,7.600224018096924
2011-03-31,7.445221900939941
2011-04-01,7.719058036804199
2011-04-04,7.538222312927246
2011-04-05,7.579555988311768
2011-04-06,7.626054763793945
2011-04-07,7.589890003204346
2011-04-08,8.184061050415039
2011-04-11,8.13239574432373
2011-04-12,8.31839370727539
2011-04-13,8.488898277282715
2011-04-14,8.829896926879883
2011-04-15,9.114065170288086
2011-04-18,9.217403411865234
2011-04-19,9.26390266418457
2011-04-20,9.413739204406738
2011-04-21,9.377570152282717
2011-04-25,9.403401374816896
2011-04-26,9.37240505218506
2011-04-27,9.27940273284912
2011-04-28,9.289841651916504
2011-04-29,9.195897102355955
2011-05-02,9.14892578125
2011-05-03,8.96626091003418
2011-05-04,9.034106254577637
2011-05-05,8.924509048461914
2011-05-06,9.04454517364502
2011-05-09,9.081076622009276
2011-05-10,9.26374340057373
2011-05-11,9.096735954284668
2011-05-12,8.971478462219238
2011-05-13,8.945381164550781
2011-05-16,8.715750694274902
2011-05-17,8.668778419494629
2011-05-18,8.799254417419434
2011-05-19,8.647900581359863
2011-05-20,8.835786819458008
2011-05-23,8.747060775756836
2011-05-24,8.830565452575684
2011-05-25,8.747060775756836
2011-05-26,8.705312728881836
2011-05-27,8.59049129486084
2011-05-31,8.767937660217285
2011-06-01,8.517428398132324
2011-06-02,8.496550559997559
2011-06-03,8.298227310180664
2011-06-06,8.125999450683594
2011-06-07,8.09990406036377
2011-06-08,8.063372611999512
2011-06-09,8.026837348937988
2011-06-10,7.96420955657959
2011-06-13,7.896362781524658
2011-06-14,8.136438369750977
2011-06-15,7.776325702667236
2011-06-16,7.604096412658691
2011-06-17,7.437089443206787
2011-06-20,7.499721050262451
2011-06-21,7.71369743347168
2011-06-22,7.812859535217285
2011-06-23,8.2042875289917
2011-06-24,8.011181831359863
2011-06-27,7.943334579467773
2011-06-28,7.99030590057373
2011-06-29,8.125999450683594
2011-06-30,8.433920860290527
2011-07-01,8.538301467895508
2011-07-05,8.454800605773926
2011-07-06,8.517428398132324
2011-07-07,8.684435844421387
2011-07-08,8.8410062789917
2011-07-11,8.720966339111328
2011-07-12,8.663557052612305
2011-07-13,8.783598899841309
2011-07-14,8.705312728881836
2011-07-15,8.77315902709961
2011-07-18,8.627023696899414
2011-07-19,8.835786819458008
2011-07-20,8.867098808288574
2011-07-21,7.374462127685547
2011-07-22,7.604096412658691
2011-07-25,7.645851135253906
2011-07-26,7.708474159240723
2011-07-27,7.478843688964844
2011-07-28,7.442309379577637
2011-07-29,7.249204158782959
2011-08-01,7.223112106323242
2011-08-02,6.889095783233643
2011-08-03,6.751524448394775
2011-08-04,6.386433124542236
2011-08-05,6.381143093109131
2011-08-08,5.756785869598389
2011-08-09,5.984304904937744
2011-08-10,5.862608432769775
2011-08-11,6.116584777832031
2011-08-12,6.264738082885742
2011-08-15,6.354687213897705
2011-08-16,6.434053897857666
2011-08-17,6.190661430358887
2011-08-18,5.603341579437256
2011-08-19,5.333493232727051
2011-08-22,5.391696453094482
2011-08-23,5.70387077331543
2011-08-24,5.809695243835449
2011-08-25,5.714456081390381
2011-08-26,5.867899894714356
2011-08-29,6.174788475036621
2011-08-30,6.137749195098877
2011-08-31,6.127167701721191
2011-09-01,5.947266101837158
2011-09-02,5.666834831237793
2011-09-06,5.608633041381836
2011-09-07,5.984304904937744
2011-09-08,5.836153030395508
2011-09-09,5.915520191192627
2011-09-12,5.941977500915527
2011-09-13,6.031924724578857
2011-09-14,6.296482086181641
2011-09-15,6.285900592803955
2011-09-16,6.359978675842285
2011-09-19,6.190661430358887
2011-09-20,6.037217617034912
2011-09-21,5.915520191192627
2011-09-22,5.6456708908081055
2011-09-23,5.688000202178955
2011-09-26,5.947266101837158
2011-09-27,6.07425594329834
2011-09-28,5.878483295440674
2011-09-29,5.666834831237793
2011-09-30,5.439315319061279
2011-10-03,5.021312236785889
2011-10-04,5.105972290039063
2011-10-05,5.375822067260742
2011-10-06,5.672125339508057
2011-10-07,5.666834831237793
2011-10-10,5.862608432769775
2011-10-11,5.910229206085205
2011-10-12,5.92081356048584
2011-10-13,6.259445667266846
2011-10-14,6.243574142456055
2011-10-17,5.979013442993164
2011-10-18,6.402308940887451
2011-10-19,6.375850677490234
2011-10-20,6.381143093109131
2011-10-21,8.158976554870605
2011-10-24,8.328290939331055
2011-10-25,8.259503364562988
2011-10-26,8.592848777770996
2011-10-27,8.640466690063477
2011-10-28,8.67221450805664
2011-10-31,8.54522705078125
2011-11-01,8.695053100585938
2011-11-02,9.010746955871582
2011-11-03,9.251532554626465
2011-11-04,9.813368797302246
2011-11-07,9.818718910217283
2011-11-08,9.56722927093506
2011-11-09,9.16592025756836
2011-11-10,9.369253158569336
2011-11-11,9.599337577819824
2011-11-14,9.503022193908691
2011-11-15,9.374601364135742
2011-11-16,9.19802474975586
2011-11-17,8.967940330505371
2011-11-18,8.566632270812988
2011-11-21,8.641541481018066
2011-11-22,8.555930137634277
2011-11-23,8.25628662109375
2011-11-25,8.111817359924316
2011-11-28,8.555930137634277
2011-11-29,8.871628761291504
2011-11-30,9.149868965148926
2011-12-01,9.310392379760742
2011-12-02,8.65224552154541
2011-12-05,8.871628761291504
2011-12-06,8.775313377380371
2011-12-07,8.732505798339844
2011-12-08,8.400757789611816
2011-12-09,8.646893501281738
2011-12-12,8.753911972045898
2011-12-13,8.470319747924805
2011-12-14,8.27768611907959
2011-12-15,8.229532241821289
2011-12-16,8.25628662109375
2011-12-19,8.063655853271484
2011-12-20,8.422161102294922
2011-12-21,8.539876937866211
2011-12-22,8.561278343200684
2011-12-23,8.646893501281738
2011-12-27,8.464969635009766
2011-12-28,8.341896057128906
2011-12-29,8.481024742126465
2011-12-30,8.775313377380371
2012-01-03,8.791366577148438
2012-01-04,9.000049591064453
2012-01-05,9.577933311462402
2012-01-06,9.791966438293455
2012-01-09,9.733109474182127
2012-01-10,9.952492713928224
2012-01-11,10.000645637512209
2012-01-12,10.364500045776367
2012-01-13,10.455462455749512
2012-01-17,10.39660358428955
2012-01-18,10.567831039428713
2012-01-19,10.615992546081545
2012-01-20,10.712299346923828
2012-01-23,10.530377388000488
2012-01-24,10.567831039428713
2012-01-25,10.578535079956056
2012-01-26,10.594582557678224
2012-01-27,11.11361026763916
2012-01-30,11.17782211303711
2012-01-31,11.311593055725098
2012-02-01,13.660598754882812
2012-02-02,13.778307914733888
2012-02-03,14.136820793151855
2012-02-06,14.126112937927246
2012-02-07,14.270578384399414
2012-02-08,14.44716453552246
2012-02-09,14.275935173034668
2012-02-10,14.0191011428833
2012-02-13,14.073123931884766
2012-02-14,14.370250701904297
2012-02-15,14.15415859222412
2012-02-16,14.68358325958252
2012-02-17,14.52151584625244
2012-02-21,14.43507480621338
2012-02-22,14.294618606567385
2012-02-23,14.645771026611328
2012-02-24,14.851058959960938
2012-02-27,14.429672241210938
2012-02-28,14.62956714630127
2012-02-29,14.18657112121582
2012-03-01,14.780827522277832
2012-03-02,14.737607955932615
2012-03-05,14.942898750305176
2012-03-06,14.537726402282717
2012-03-07,14.921287536621094
2012-03-08,15.115777969360352
2012-03-09,15.304856300354004
2012-03-12,15.06175422668457
2012-03-13,15.126582145690918
2012-03-14,14.81864070892334
2012-03-15,14.359444618225098
2012-03-16,14.429672241210938
2012-03-19,14.283815383911133
2012-03-20,14.35404109954834
2012-03-21,14.429672241210938
2012-03-22,15.088768005371094
2012-03-23,15.10496997833252
2012-03-26,15.072561264038086
2012-03-27,14.775430679321287
2012-03-28,14.710601806640623
2012-03-29,14.63497257232666
2012-03-30,14.564740180969238
2012-04-02,15.10496997833252
2012-04-03,15.067156791687012
2012-04-04,14.824048042297363
2012-04-05,13.89484405517578
2012-04-09,14.32162380218506
2012-04-10,13.851627349853516
2012-04-11,13.986685752868652
2012-04-12,14.580941200256348
2012-04-13,14.791631698608398
2012-04-16,15.402103424072266
2012-04-17,15.067156791687012
2012-04-18,15.645200729370115
2012-04-19,15.54256534576416
2012-04-20,15.78026294708252
2012-04-23,15.839682579040527
2012-04-24,16.120609283447266
2012-04-25,16.758087158203125
2012-04-26,16.795909881591797
2012-04-27,15.980154991149902
2012-04-30,16.759275436401367
2012-05-01,17.374942779541016
2012-05-02,17.549287796020508
2012-05-03,17.02079200744629
2012-05-04,16.57947540283203
2012-05-07,16.895483016967773
2012-05-08,16.568578720092773
2012-05-09,16.655746459960938
2012-05-10,17.14610481262207
2012-05-11,16.9663143157959
2012-05-14,17.091623306274414
2012-05-15,17.05893325805664
2012-05-16,16.475948333740234
2012-05-17,15.620559692382812
2012-05-18,14.661632537841797
2012-05-21,15.173789978027344
2012-05-22,14.36197280883789
2012-05-23,14.045965194702148
2012-05-24,14.378318786621094
2012-05-25,14.263908386230469
2012-05-29,13.637341499328612
2012-05-30,13.250503540039062
2012-05-31,12.765597343444824
2012-06-01,11.844820976257324
2012-06-04,12.062751770019531
2012-06-05,12.313380241394045
2012-06-06,12.896355628967283
2012-06-07,12.346074104309082
2012-06-08,12.743800163269045
2012-06-11,12.291586875915527
2012-06-12,12.634836196899414
2012-06-13,12.994429588317873
2012-06-14,12.771044731140137
2012-06-15,12.841872215270996
2012-06-18,12.988978385925291
2012-06-19,13.337678909301758
2012-06-20,13.250503540039062
2012-06-21,12.356966972351074
2012-06-22,12.716562271118164
2012-06-25,12.67841911315918
2012-06-26,13.141534805297852
2012-06-27,13.364916801452637
2012-06-28,12.667522430419922
2012-06-29,13.473886489868164
2012-07-02,13.381265640258787
2012-07-03,13.691824913024902
2012-07-05,13.66458225250244
2012-07-06,13.599205017089844
2012-07-09,14.149489402770996
2012-07-10,13.811695098876951
2012-07-11,13.822587013244627
2012-07-12,13.74630641937256
2012-07-13,14.0623140335083
2012-07-16,14.187630653381348
2012-07-17,14.58536148071289
2012-07-18,14.999438285827637
2012-07-19,14.80329704284668
2012-07-20,14.601707458496094
2012-07-23,14.465499877929688
2012-07-24,14.416462898254396
2012-07-25,14.334736824035645
2012-07-26,16.377885818481445
2012-07-27,16.350650787353516
2012-07-30,16.57947540283203
2012-07-31,16.35608673095703
2012-08-01,16.470508575439453
2012-08-02,16.323394775390625
2012-08-03,16.857345581054688
2012-08-06,17.380388259887695
2012-08-07,17.756328582763672
2012-08-08,17.789016723632812
2012-08-09,18.02874755859375
2012-08-10,18.80447196960449
2012-08-13,18.815473556518555
2012-08-14,18.73295783996582
2012-08-15,18.76596069335937
2012-08-16,19.046537399291992
2012-08-17,19.624210357666016
2012-08-20,19.299619674682617
2012-08-21,19.1015682220459
2012-08-22,19.3491325378418
2012-08-23,18.534893035888672
2012-08-24,18.73845291137696
2012-08-27,18.622922897338867
2012-08-28,18.523889541625977
2012-08-29,18.479875564575195
2012-08-30,17.720657348632812
2012-08-31,17.610628128051758
2012-09-04,17.825191497802734
2012-09-05,17.89670753479004
2012-09-06,17.440078735351562
2012-09-07,16.83489990234375
2012-09-10,16.433284759521484
2012-09-11,16.565317153930664
2012-09-12,16.504812240600586
2012-09-13,16.680856704711914
2012-09-14,16.768875122070312
2012-09-17,16.36726188659668
2012-09-18,16.334259033203125
2012-09-19,16.213220596313477
2012-09-20,16.515811920166016
2012-09-21,17.03295135498047
2012-09-24,17.25302505493164
2012-09-25,17.357555389404297
2012-09-26,17.043962478637695
2012-09-27,17.56661033630371
2012-09-28,17.03295135498047
2012-10-01,16.55431365966797
2012-10-02,16.664356231689453
2012-10-03,16.532310485839844
2012-10-04,16.504812240600586
2012-10-05,16.279239654541016
2012-10-08,16.24622917175293
2012-10-09,15.78409481048584
2012-10-10,15.531021118164062
2012-10-11,15.54202365875244
2012-10-12,15.442998886108398
2012-10-15,15.641056060791016
2012-10-16,15.723580360412598
2012-10-17,15.613543510437012
2012-10-18,15.387977600097656
2012-10-19,15.34946346282959
2012-10-22,15.575029373168944
2012-10-23,15.294450759887695
2012-10-24,15.239435195922852
2012-10-25,15.476003646850586
2012-10-26,15.35496997833252
2012-10-31,15.035874366760254
2012-11-01,15.531021118164062
2012-11-02,15.415480613708496
2012-11-05,15.866618156433104
2012-11-06,16.664356231689453
2012-11-07,16.130695343017578
2012-11-08,16.290246963500977
2012-11-09,16.16232681274414
2012-11-12,15.600587844848633
2012-11-13,15.533854484558104
2012-11-14,14.894257545471191
2012-11-15,14.94431209564209
2012-11-16,15.077795028686523
2012-11-19,15.066664695739746
2012-11-20,14.81082248687744
2012-11-21,14.877571105957031
2012-11-23,15.177897453308104
2012-11-26,15.211273193359377
2012-11-27,14.432632446289062
2012-11-28,14.288030624389648
2012-11-29,14.048876762390137
2012-11-30,13.95989227294922
2012-12-03,14.104490280151367
2012-12-04,14.716279029846191
2012-12-05,15.35031509399414
2012-12-06,15.8675537109375
2012-12-07,15.761880874633787
2012-12-10,16.07889747619629
2012-12-11,16.145639419555664
2012-12-12,15.638450622558594
2012-12-13,15.638450622558594
2012-12-14,15.582091331481934
2012-12-17,15.807510375976562
2012-12-18,16.545757293701172
2012-12-19,17.086761474609375
2012-12-20,17.120574951171875
2012-12-21,17.16566276550293
2012-12-24,17.06985092163086
2012-12-26,17.120574951171875
2012-12-27,17.024768829345703
2012-12-28,16.878252029418945
2012-12-31,17.143115997314453
2013-01-02,18.005346298217773
2013-01-03,17.684123992919922
2013-01-04,17.723567962646484
2013-01-07,17.740480422973633
2013-01-08,17.689760208129883
2013-01-09,18.867572784423828
2013-01-10,18.98028564453125
2013-01-11,18.760498046875
2013-01-14,19.14370918273925
2013-01-15,19.41985511779785
2013-01-16,19.329683303833008
2013-01-17,19.735441207885746
2013-01-18,19.938316345214844
2013-01-22,21.35281181335449
2013-01-23,20.63711166381836
2013-01-24,20.777996063232425
2013-01-25,20.992151260375977
2013-01-28,21.08231544494629
2013-01-29,19.109901428222656
2013-01-30,19.09862899780273
2013-01-31,19.149343490600582
2013-02-01,18.974639892578125
2013-02-04,19.04791259765625
2013-02-05,19.138071060180664
2013-02-06,19.510009765625
2013-02-07,19.577640533447266
2013-02-08,19.994672775268555
2013-02-11,19.752336502075195
2013-02-12,19.543825149536133
2013-02-13,19.72980499267578
2013-02-14,19.69599151611328
2013-02-15,19.41421127319336
2013-02-19,19.26205825805664
2013-02-20,18.315290451049805
2013-02-21,17.875720977783203
2013-02-22,17.9433536529541
2013-02-25,17.379806518554688
2013-02-26,17.655942916870117
2013-02-27,18.01661872863769
2013-02-28,18.12368965148925
2013-03-01,18.21385765075684
2013-03-04,18.05606269836425
2013-03-05,18.22512626647949
2013-03-06,18.608341217041016
2013-03-07,18.15750312805176
2013-03-08,18.315290451049805
2013-03-11,18.78304481506348
2013-03-12,19.69034767150879
2013-03-13,19.898866653442383
2013-03-14,20.22572326660156
2013-03-15,19.9214096069336
2013-03-18,19.887596130371094
2013-03-19,19.380401611328125
2013-03-20,19.69599151611328
2013-03-21,19.453659057617188
2013-03-22,19.56637191772461
2013-03-25,19.56637191772461
2013-03-26,20.220083236694336
2013-03-27,20.67092704772949
2013-03-28,20.60330009460449
2013-04-01,20.69346618652344
2013-04-02,20.44551086425781
2013-04-03,20.3215274810791
2013-04-04,20.47931861877441
2013-04-05,20.01157569885254
2013-04-08,20.27643585205078
2013-04-09,20.82871627807617
2013-04-10,21.23447227478028
2013-04-11,20.58639335632324
2013-04-12,20.33843421936035
2013-04-15,19.611452102661133
2013-04-16,19.915771484375
2013-04-17,19.56637191772461
2013-04-18,19.12116813659668
2013-04-19,19.4085750579834
2013-04-22,19.617095947265625
2013-04-23,20.304622650146484
2013-04-24,20.54694175720215
2013-04-25,20.59203338623047
2013-04-26,20.513134002685547
2013-04-29,20.411697387695312
2013-04-30,20.68219947814941
2013-05-01,20.81745147705078
2013-05-02,22.33338737487793
2013-05-03,23.235063552856445
2013-05-06,23.652099609375
2013-05-07,23.849336624145508
2013-05-08,23.849336624145508
2013-05-09,22.72787857055664
2013-05-10,22.823680877685547
2013-05-13,22.90900421142578
2013-05-14,23.23895263671875
2013-05-15,23.10243797302246
2013-05-16,23.09105682373047
2013-05-17,23.59167861938477
2013-05-20,23.347055435180664
2013-05-21,23.620115280151367
2013-05-22,23.989885330200195
2013-05-23,24.45637893676757
2013-05-24,24.3767318725586
2013-05-28,24.524639129638672
2013-05-29,24.894420623779297
2013-05-30,24.843217849731445
2013-05-31,24.50757598876953
2013-06-03,25.00819396972656
2013-06-04,25.45192527770996
2013-06-05,24.85458946228028
2013-06-06,25.09922218322754
2013-06-07,25.036636352539062
2013-06-10,25.013891220092773
2013-06-11,24.996809005737305
2013-06-12,24.78633689880371
2013-06-13,25.019575119018555
2013-06-14,24.87166213989257
2013-06-17,25.036636352539062
2013-06-18,25.59414863586425
2013-06-19,25.247133255004883
2013-06-20,24.37103843688965
2013-06-21,24.03540802001953
2013-06-24,23.45514678955078
2013-06-25,24.12073516845703
2013-06-26,24.291399002075195
2013-06-27,25.423480987548828
2013-06-28,25.50312805175781
2013-07-01,25.86721420288086
2013-07-02,25.724994659423828
2013-07-03,25.656721115112305
2013-07-05,26.009435653686523
2013-07-08,25.855831146240234
2013-07-09,26.01512718200684
2013-07-10,26.07201385498047
2013-07-11,26.34507751464844
2013-07-12,26.55556869506836
2013-07-15,26.57263565063477
2013-07-16,26.487308502197266
2013-07-17,26.561254501342773
2013-07-18,26.680721282958984
2013-07-19,27.033428192138672
2013-07-22,26.63520240783692
2013-07-23,25.776185989379883
2013-07-24,25.13904190063477
2013-07-25,24.075225830078125
2013-07-26,23.352739334106445
2013-07-29,22.92607688903809
2013-07-30,23.466514587402344
2013-07-31,23.273094177246094
2013-08-01,23.77371025085449
2013-08-02,23.38118362426757
2013-08-05,23.21467018127441
2013-08-06,23.140024185180664
2013-08-07,23.01944351196289
2013-08-08,23.49027633666992
2013-08-09,23.46156883239746
2013-08-12,23.737180709838867
2013-08-13,23.63957595825196
2013-08-14,23.582151412963867
2013-08-15,22.692157745361328
2013-08-16,22.50840187072754
2013-08-19,22.26150894165039
2013-08-20,22.519899368286133
2013-08-21,22.686410903930664
2013-08-22,23.013696670532227
2013-08-23,23.04240798950196
2013-08-26,23.025177001953125
2013-08-27,22.112211227416992
2013-08-28,22.318923950195312
2013-08-29,21.871055603027344
2013-08-30,22.00312614440918
2013-09-03,22.20408058166504
2013-09-04,22.519899368286133
2013-09-05,22.692157745361328
2013-09-06,22.657697677612305
2013-09-09,23.05963516235352
2013-09-10,23.582151412963867
2013-09-11,23.30654525756836
2013-09-12,23.04240798950196
2013-09-13,23.11130714416504
2013-09-16,23.507509231567383
2013-09-17,23.69124984741211
2013-09-18,23.90944099426269
2013-09-19,23.74867057800293
2013-09-20,23.771642684936523
2013-09-23,23.507509231567383
2013-09-24,24.00131225585937
2013-09-25,25.18989562988281
2013-09-26,24.770729064941406
2013-09-27,24.98318672180176
2013-09-30,25.126739501953125
2013-10-01,25.666484832763672
2013-10-02,26.38421058654785
2013-10-03,26.1602840423584
2013-10-04,26.338279724121094
2013-10-07,25.930599212646484
2013-10-08,25.71815299987793
2013-10-09,25.76983642578125
2013-10-10,26.43589782714844
2013-10-11,26.567960739135746
2013-10-14,27.17660522460937
2013-10-15,26.975631713867188
2013-10-16,27.57280540466309
2013-10-17,27.825439453125
2013-10-18,28.732685089111328
2013-10-21,28.991065979003903
2013-10-22,28.215896606445312
2013-10-23,27.60724830627441
2013-10-24,27.88286399841309
2013-10-25,28.59486961364746
2013-10-28,28.623571395874023
2013-10-29,27.70486259460449
2013-10-30,28.422611236572266
2013-10-31,27.9575138092041
2013-11-01,28.25035285949707
2013-11-04,28.284799575805664
2013-11-05,27.83119010925293
2013-11-06,27.83119010925293
2013-11-07,27.25765419006348
2013-11-08,27.91229820251465
2013-11-11,27.75008773803711
2013-11-12,27.69793701171875
2013-11-13,28.25410270690918
2013-11-14,29.03041648864746
2013-11-15,28.352588653564453
2013-11-18,28.097681045532227
2013-11-19,27.72111320495605
2013-11-20,27.645809173583984
2013-11-21,27.941261291503903
2013-11-22,28.004995346069336
2013-11-25,28.074501037597656
2013-11-26,28.2714900970459
2013-11-27,28.3989315032959
2013-11-29,28.41052627563477
2013-12-02,28.873994827270508
2013-12-03,28.75812339782715
2013-12-04,28.94350814819336
2013-12-05,28.873994827270508
2013-12-06,29.78933525085449
2013-12-09,29.378002166748047
2013-12-10,29.5112533569336
2013-12-11,28.717575073242188
2013-12-12,28.62488174438477
2013-12-13,28.966676712036133
2013-12-16,29.742982864379883
2013-12-17,30.675716400146484
2013-12-18,30.501924514770508
2013-12-19,30.40922737121582
2013-12-20,32.24571228027344
2013-12-23,32.4484748840332
2013-12-24,32.40793228149414
2013-12-26,32.45426559448242
2013-12-27,32.24571228027344
2013-12-30,32.74973678588867
2013-12-31,32.53537368774414
2014-01-02,32.10087966918945
2014-01-03,32.91773986816406
2014-01-06,32.99306106567383
2014-01-07,34.0648193359375
2014-01-08,34.545677185058594
2014-01-09,33.60715103149414
2014-01-10,33.827293395996094
2014-01-13,33.91419982910156
2014-01-14,34.951202392578125
2014-01-15,35.24666976928711
2014-01-16,35.14238357543945
2014-01-17,35.45521545410156
2014-01-21,35.478389739990234
2014-01-22,35.33935546875
2014-01-23,35.18872833251953
2014-01-24,33.93157196044922
2014-01-27,33.63031768798828
2014-01-28,29.84727478027344
2014-01-29,31.081254959106445
2014-01-30,30.762615203857425
2014-01-31,30.62357521057129
2014-02-03,29.59814453125
2014-02-04,28.96089172363281
2014-02-05,28.451078414916992
2014-02-06,28.749155044555664
2014-02-07,28.942018508911133
2014-02-10,29.15826797485352
2014-02-11,28.854341506958008
2014-02-12,28.76082801818848
2014-02-13,28.98877143859864
2014-02-14,29.30438041687012
2014-02-18,29.05306053161621
2014-02-19,28.65563201904297
2014-02-20,29.234249114990234
2014-02-21,29.660886764526367
2014-02-24,29.90051651000977
2014-02-25,29.62581825256348
2014-02-26,30.23364448547364
2014-02-27,30.34470558166504
2014-02-28,30.502500534057617
2014-03-03,30.560943603515625
2014-03-04,31.081104278564453
2014-03-05,30.71875
2014-03-06,29.280994415283203
2014-03-07,28.807586669921875
2014-03-10,29.30438041687012
2014-03-11,29.15241050720215
2014-03-12,29.660886764526367
2014-03-13,29.0881290435791
2014-03-14,29.31021881103516
2014-03-17,29.64336204528809
2014-03-18,30.350536346435547
2014-03-19,30.198585510253903
2014-03-20,31.03434944152832
2014-03-21,31.262283325195312
2014-03-24,30.97590446472168
2014-03-25,32.220787048339844
2014-03-26,32.46625518798828
2014-03-27,32.03375244140625
2014-03-28,32.09804916381836
2014-03-31,32.82277297973633
2014-04-01,33.31370544433594
2014-04-02,33.40721893310547
2014-04-03,33.541648864746094
2014-04-04,32.76432037353516
2014-04-07,32.121429443359375
2014-04-08,32.460411071777344
2014-04-09,32.5480842590332
2014-04-10,31.53113555908203
2014-04-11,31.203834533691406
2014-04-14,32.03961181640625
2014-04-15,32.074668884277344
2014-04-16,32.53639602661133
2014-04-17,32.47795867919922
2014-04-21,32.5480842590332
2014-04-22,32.53639602661133
2014-04-23,31.62466049194336
2014-04-24,31.525304794311523
2014-04-25,30.812259674072266
2014-04-28,30.742130279541016
2014-04-29,31.262283325195312
2014-04-30,30.73043632507324
2014-05-01,29.660886764526367
2014-05-02,29.830385208129883
2014-05-05,29.520612716674805
2014-05-06,29.374509811401367
2014-05-07,29.21670913696289
2014-05-08,28.80174446105957
2014-05-09,28.95955848693848
2014-05-12,29.34866714477539
2014-05-13,29.926437377929688
2014-05-14,30.21533393859864
2014-05-15,30.003070831298828
2014-05-16,30.17995262145996
2014-05-19,30.49242401123047
2014-05-20,29.99129104614257
2014-05-21,30.16815757751465
2014-05-22,30.427574157714844
2014-05-23,30.628028869628903
2014-05-27,31.459321975708008
2014-05-28,31.31781768798828
2014-05-29,31.282442092895508
2014-05-30,31.677452087402344
2014-06-02,31.73052024841309
2014-06-03,31.571334838867188
2014-06-04,31.618492126464844
2014-06-05,32.048885345458984
2014-06-06,32.72099685668945
2014-06-09,32.2198600769043
2014-06-10,32.14910888671875
2014-06-11,32.13141632080078
2014-06-12,31.966344833374023
2014-06-13,32.63844680786133
2014-06-16,32.962703704833984
2014-06-17,33.499229431152344
2014-06-18,33.67608642578125
2014-06-19,33.35773468017578
2014-06-20,33.174957275390625
2014-06-23,32.98628616333008
2014-06-24,33.00987243652344
2014-06-25,33.46974182128906
2014-06-26,33.434364318847656
2014-06-27,33.55816650390625
2014-06-30,33.499229431152344
2014-07-01,34.7137336730957
2014-07-02,34.80215835571289
2014-07-03,34.9377555847168
2014-07-07,34.760887145996094
2014-07-08,34.601715087890625
2014-07-09,34.477901458740234
2014-07-10,34.68424987792969
2014-07-11,35.04978561401367
2014-07-14,35.179473876953125
2014-07-15,35.19127655029297
2014-07-16,36.1463737487793
2014-07-17,35.07337188720703
2014-07-18,34.660667419433594
2014-07-21,34.53685760498047
2014-07-22,34.92598342895508
2014-07-23,34.896488189697266
2014-07-24,35.12643051147461
2014-07-25,35.079254150390625
2014-07-28,34.86111831665039
2014-07-29,35.014404296875
2014-07-30,35.42709732055664
2014-07-31,34.54864883422852
2014-08-01,34.306922912597656
2014-08-04,34.60761260986328
2014-08-05,33.829376220703125
2014-08-06,33.82343673706055
2014-08-07,33.764034271240234
2014-08-08,33.84125518798828
2014-08-11,33.859073638916016
2014-08-12,33.74027633666992
2014-08-13,34.411521911621094
2014-08-14,34.684749603271484
2014-08-15,34.898616790771484
2014-08-18,35.17780303955078
2014-08-19,35.39759063720703
2014-08-20,35.5401496887207
2014-08-21,35.89656448364258
2014-08-22,35.86091613769531
2014-08-25,36.211387634277344
2014-08-26,36.03318786621094
2014-08-27,36.34208297729492
2014-08-28,36.88263702392578
2014-08-29,37.17370223999024
2014-09-02,36.72224044799805
2014-09-03,36.65096282958984
2014-09-04,36.211387634277344
2014-09-05,36.42524337768555
2014-09-08,36.40742492675781
2014-09-09,36.13417053222656
2014-09-10,36.38958740234375
2014-09-11,36.15792846679688
2014-09-12,36.241092681884766
2014-09-15,34.95207595825195
2014-09-16,35.19561767578125
2014-09-17,35.03522872924805
2014-09-18,35.51638412475586
2014-09-19,34.637245178222656
2014-09-22,34.21549224853516
2014-09-23,33.734344482421875
2014-09-24,34.120452880859375
2014-09-25,33.41950225830078
2014-09-26,33.72245788574219
2014-09-29,34.00758361816406
2014-09-30,34.019466400146484
2014-10-01,32.718563079833984
2014-10-02,32.97992706298828
2014-10-03,33.31257629394531
2014-10-06,33.3600959777832
2014-10-07,32.81953430175781
2014-10-08,33.89472579956055
2014-10-09,33.40167617797852
2014-10-10,32.63539505004883
2014-10-13,31.47111892700196
2014-10-14,31.22163200378418
2014-10-15,30.865219116210938
2014-10-16,31.114707946777344
2014-10-17,31.453292846679688
2014-10-20,31.9879150390625
2014-10-21,32.7957878112793
2014-10-22,32.24333190917969
2014-10-23,33.57395553588867
2014-10-24,34.66694641113281
2014-10-27,34.892669677734375
2014-10-28,35.3263053894043
2014-10-29,35.77775573730469
2014-10-30,35.73023986816406
2014-10-31,37.32220458984375
2014-11-03,38.11819076538086
2014-11-04,37.95186614990234
2014-11-05,37.86870956420898
2014-11-06,37.4613151550293
2014-11-07,36.88019180297852
2014-11-10,37.00601577758789
2014-11-11,37.02996826171875
2014-11-12,37.33551406860352
2014-11-13,37.20970153808594
2014-11-14,37.66500854492188
2014-11-17,38.33600234985352
2014-11-18,38.73139190673828
2014-11-19,38.71342849731445
2014-11-20,39.26459503173828
2014-11-21,38.90514755249024
2014-11-24,39.55815124511719
2014-11-25,39.53418350219727
2014-11-26,39.4503059387207
2014-11-28,39.60607147216797
2014-12-01,39.50424575805664
2014-12-02,40.462772369384766
2014-12-03,40.04939270019531
2014-12-04,39.59409332275391
2014-12-05,39.779815673828125
2014-12-08,39.6839599609375
2014-12-09,39.39638900756836
2014-12-10,39.07288360595703
2014-12-11,39.24062347412109
2014-12-12,38.36595916748047
2014-12-15,38.168251037597656
2014-12-16,37.9046516418457
2014-12-17,38.94707107543945
2014-12-18,40.504730224609375
2014-12-19,40.978004455566406
2014-12-22,41.11578750610352
2014-12-23,41.127777099609375
2014-12-24,41.229610443115234
2014-12-26,41.19366455078125
2014-12-29,40.85220336914063
2014-12-30,40.28904724121094
2014-12-31,39.8397216796875
2015-01-02,39.552154541015625
2015-01-05,39.34248352050781
2015-01-06,38.25812149047852
2015-01-07,38.50373077392578
2015-01-08,39.19869613647461
2015-01-09,39.80378723144531
2015-01-12,38.96504211425781
2015-01-13,38.79131317138672
2015-01-14,38.695457458496094
2015-01-15,37.3115463256836
2015-01-16,37.98851776123047
2015-01-20,37.81477355957031
2015-01-21,37.9166374206543
2015-01-22,38.30604553222656
2015-01-23,38.33000564575195
2015-01-26,35.38247299194336
2015-01-27,34.19027328491211
2015-01-28,34.46584701538086
2015-01-29,35.16679763793945
2015-01-30,33.812843322753906
2015-02-02,34.62760925292969
2015-02-03,35.49629211425781
2015-02-04,35.903682708740234
2015-02-05,36.19124984741211
2015-02-06,36.23355865478516
2015-02-09,36.511627197265625
2015-02-10,36.39073181152344
2015-02-11,36.753414154052734
2015-02-12,36.971038818359375
2015-02-13,37.38209915161133
2015-02-17,36.964988708496094
2015-02-18,36.98312759399414
2015-02-19,37.15238952636719
2015-02-20,37.58763122558594
2015-02-23,37.4727783203125
2015-02-24,36.69297409057617
2015-02-25,36.28192138671875
2015-02-26,36.68089294433594
2015-02-27,36.94686508178711
2015-03-02,37.212833404541016
2015-03-03,35.556522369384766
2015-03-04,35.109188079833984
2015-03-05,35.32680130004883
2015-03-06,34.39588165283203
2015-03-09,34.44425201416016
2015-03-10,32.890682220458984
2015-03-11,32.8604736328125
2015-03-12,32.969276428222656
2015-03-13,32.49776077270508
2015-03-16,33.15061950683594
2015-03-17,32.443355560302734
2015-03-18,33.42868423461914
2015-03-19,33.67652893066406
2015-03-20,34.160125732421875
2015-03-23,33.76116180419922
2015-03-24,33.44682312011719
2015-03-25,32.4070930480957
2015-03-26,32.358726501464844
2015-03-27,31.89326477050781
2015-03-30,32.08671569824219
2015-03-31,31.451982498168945
2015-04-01,31.30691146850586
2015-04-02,31.70587730407715
2015-04-06,31.881181716918945
2015-04-07,32.491722106933594
2015-04-08,32.225730895996094
2015-04-09,33.05994415283203
2015-04-10,33.59794616699219
2015-04-13,33.49517822265625
2015-04-14,33.71279525756836
2015-04-15,34.256858825683594
2015-04-16,33.82766342163086
2015-04-17,34.71625900268555
2015-04-20,35.74995803833008
2015-04-21,35.308677673339844
2015-04-22,35.19987487792969
2015-04-23,35.51421356201172
2015-04-24,35.266361236572266
2015-04-27,35.01246643066406
2015-04-28,35.66533660888672
2015-04-29,35.48839569091797
2015-04-30,35.82395935058594
2015-05-01,36.379127502441406
2015-05-04,36.122894287109375
2015-05-05,35.20166778564453
2015-05-06,34.341453552246094
2015-05-07,34.4268684387207
2015-05-08,34.9210319519043
2015-05-11,34.62819290161133
2015-05-12,34.26214599609375
2015-05-13,34.52447509765625
2015-05-14,35.03694152832031
2015-05-15,34.70749282836914
2015-05-18,34.71359634399414
2015-05-19,33.64596176147461
2015-05-20,33.31040954589844
2015-05-21,33.780181884765625
2015-05-22,34.03640365600586
2015-05-26,33.30431365966797
2015-05-27,33.761871337890625
2015-05-28,34.39026641845703
2015-05-29,33.94489669799805
2015-06-01,33.67646789550781
2015-06-02,33.73137664794922
2015-06-03,33.96319961547852
2015-06-04,33.2738151550293
2015-06-05,33.206695556640625
2015-06-08,32.35869598388672
2015-06-09,32.10245895385742
2015-06-10,32.69424057006836
2015-06-11,33.127403259277344
2015-06-12,32.669830322265625
2015-06-15,32.56002426147461
2015-06-16,32.456302642822266
2015-06-17,32.444091796875
2015-06-18,33.029781341552734
2015-06-19,32.54781723022461
2015-06-22,32.86506271362305
2015-06-23,31.9011287689209
2015-06-24,31.70591163635254
2015-06-25,30.925004959106445
2015-06-26,30.540658950805664
2015-06-29,29.90616798400879
2015-06-30,28.978836059570312
2015-07-01,29.021547317504883
2015-07-02,29.37539863586425
2015-07-06,28.68599510192871
2015-07-07,29.17406463623047
2015-07-08,28.307762145996094
2015-07-09,28.08812141418457
2015-07-10,28.033222198486328
2015-07-13,28.23455047607422
2015-07-14,29.045948028564453
2015-07-15,28.856830596923828
2015-07-16,29.222871780395508
2015-07-17,29.37539863586425
2015-07-20,29.11916732788086
2015-07-21,29.350997924804688
2015-07-22,29.93056297302246
2015-07-23,29.28997802734375
2015-07-24,28.8690185546875
2015-07-27,29.22897148132324
2015-07-28,29.81465148925781
2015-07-29,30.150196075439453
2015-07-30,31.291051864624023
2015-07-31,30.870086669921875
2015-08-03,31.39476203918457
2015-08-04,31.3520565032959
2015-08-05,31.6387996673584
2015-08-06,31.30935287475586
2015-08-07,30.513975143432617
2015-08-10,31.53130531311035
2015-08-11,31.451169967651367
2015-08-12,31.827268600463867
2015-08-13,31.673126220703125
2015-08-14,32.07389831542969
2015-08-17,32.33900833129883
2015-08-18,32.09238815307617
2015-08-19,30.476980209350582
2015-08-20,29.996063232421875
2015-08-21,30.03922462463379
2015-08-24,29.36099433898925
2015-08-25,28.56562232971192
2015-08-26,29.5274658203125
2015-08-27,30.85309410095215
2015-08-28,31.24769592285156
2015-08-31,31.691621780395508
2015-09-01,31.198360443115234
2015-09-02,30.68661880493164
2015-09-03,30.513975143432617
2015-09-04,29.72476959228516
2015-09-08,30.587963104248047
2015-09-09,30.890087127685547
2015-09-10,30.347505569458008
2015-09-11,30.17485618591309
2015-09-14,29.79875373840332
2015-09-15,29.971406936645508
2015-09-16,30.304344177246094
2015-09-17,29.44732093811035
2015-09-18,28.1463565826416
2015-09-21,28.4854679107666
2015-09-22,26.99953842163086
2015-09-23,26.851551055908203
2015-09-24,27.19067001342773
2015-09-25,26.44463348388672
2015-09-28,25.93903541564941
2015-09-29,25.760242462158203
2015-09-30,27.62227439880371
2015-10-01,26.42613220214844
2015-10-02,26.623441696166992
2015-10-05,27.64693069458008
2015-10-06,28.4854679107666
2015-10-07,29.15752410888672
2015-10-08,29.79875373840332
2015-10-09,30.23035430908203
2015-10-12,30.224193572998047
2015-10-13,29.97755622863769
2015-10-14,29.471973419189453
2015-10-15,25.550594329833984
2015-10-16,24.39145469665528
2015-10-19,23.89202690124512
2015-10-20,23.750221252441406
2015-10-21,22.89319610595703
2015-10-22,24.194149017333984
2015-10-23,25.37179946899414
2015-10-26,24.385290145874023
2015-10-27,24.169490814208984
2015-10-28,24.25580787658692
2015-10-29,23.466596603393555
2015-10-30,23.466596603393555
2015-11-02,23.9721908569336
2015-11-03,24.89087104797364
2015-11-04,24.3083724975586
2015-11-05,24.345956802368164
2015-11-06,24.3083724975586
2015-11-09,23.976411819458008
2015-11-10,22.886573791503903
2015-11-11,22.623512268066406
2015-11-12,21.34576797485352
2015-11-13,20.71316146850586
2015-11-16,21.48356437683105
2015-11-17,21.22050666809082
2015-11-18,21.53367042541504
2015-11-19,21.47103500366211
2015-11-20,21.55246353149414
2015-11-23,21.734102249145508
2015-11-24,21.46477508544922
2015-11-25,21.652681350708008
2015-11-27,21.68399238586425
2015-11-30,22.51076316833496
2015-12-01,22.86778450012207
2015-12-02,21.633888244628903
2015-12-03,21.15160179138184
2015-12-04,21.5775146484375
2015-12-07,21.98464012145996
2015-12-08,22.19133186340332
2015-12-09,22.372970581054688
2015-12-10,22.686140060424805
2015-12-11,22.53582191467285
2015-12-14,21.08896446228028
2015-12-15,21.452247619628903
2015-12-16,21.784210205078125
2015-12-17,21.24555397033692
2015-12-18,21.358299255371094
2015-12-21,21.734102249145508
2015-12-22,22.2038631439209
2015-12-23,22.936681747436523
2015-12-24,22.955469131469727
2015-12-28,23.01184844970703
2015-12-29,23.26863479614257
2015-12-30,23.287431716918945
2015-12-31,22.96174430847168
2016-01-04,22.717458724975582
2016-01-05,22.75503730773925
2016-01-06,21.76542091369629
2016-01-07,21.633888244628903
2016-01-08,20.38120460510254
2016-01-11,19.63585662841797
2016-01-12,19.77364921569824
2016-01-13,19.46047782897949
2016-01-14,20.111875534057617
2016-01-15,19.34773635864257
2016-01-19,18.68381118774414
2016-01-20,18.301738739013672
2016-01-21,17.262014389038086
2016-01-22,17.49376106262207
2016-01-25,16.535451889038086
2016-01-26,17.374755859375
2016-01-27,16.892478942871094
2016-01-28,16.760934829711914
2016-01-29,18.195268630981445
2016-02-01,19.047090530395508
2016-02-02,17.919673919677734
2016-02-03,19.11598777770996
2016-02-04,20.161977767944336
2016-02-05,20.1811466217041
2016-02-08,19.39536666870117
2016-02-09,18.788463592529297
2016-02-10,19.286762237548828
2016-02-11,18.545700073242188
2016-02-12,19.088716506958008
2016-02-16,20.01504898071289
2016-02-17,20.423912048339844
2016-02-18,21.152193069458008
2016-02-19,20.021434783935547
2016-02-22,20.590007781982425
2016-02-23,19.63813018798828
2016-02-24,19.85533142089844
2016-02-25,19.75311851501465
2016-02-26,20.24502944946289
2016-02-29,20.03421211242676
2016-03-01,21.22885131835937
2016-03-02,21.67604637145996
2016-03-03,22.199901580810547
2016-03-04,22.05935859680176
2016-03-07,22.6662654876709
2016-03-08,21.87408828735352
2016-03-09,21.85492515563965
2016-03-10,22.327674865722656
2016-03-11,23.107067108154297
2016-03-14,22.58959579467773
2016-03-15,22.11684799194336
2016-03-16,22.03379821777344
2016-03-17,22.314891815185547
2016-03-18,23.36260032653809
2016-03-21,23.34343719482422
2016-03-22,23.66285514831543
2016-03-23,22.231840133666992
2016-03-24,21.22885131835937
2016-03-28,21.42689514160156
2016-03-29,21.593000411987305
2016-03-30,21.829370498657227
2016-03-31,22.00824546813965
2016-04-01,21.52272605895996
2016-04-04,21.43328666687012
2016-04-05,20.99248695373535
2016-04-06,21.541893005371094
2016-04-07,21.152193069458008
2016-04-08,21.22885131835937
2016-04-11,22.346837997436523
2016-04-12,22.38516998291016
2016-04-13,21.67604637145996
2016-04-14,17.319122314453125
2016-04-15,16.348068237304688
2016-04-18,16.469451904296875
2016-04-19,16.181968688964844
2016-04-20,16.399181365966797
2016-04-21,16.245853424072266
2016-04-22,16.175582885742188
2016-04-25,16.795259475708008
2016-04-26,17.24884605407715
2016-04-27,17.4660587310791
2016-04-28,17.184961318969727
2016-04-29,13.90767765045166
2016-05-02,13.083565711975098
2016-05-03,12.41916847229004
2016-05-04,12.872750282287598
2016-05-05,12.78331184387207
2016-05-06,12.578832626342772
2016-05-09,12.440312385559082
2016-05-10,12.69756031036377
2016-05-11,12.347963333129885
2016-05-12,12.394140243530272
2016-05-13,12.592020988464355
2016-05-16,12.63819980621338
2016-05-17,12.954809188842772
2016-05-18,13.350576400756836
2016-05-19,13.535270690917969
2016-05-20,13.462712287902832
2016-05-23,13.719961166381836
2016-05-24,13.77272605895996
2016-05-25,14.168498039245604
2016-05-26,14.214670181274414
2016-05-27,14.2872314453125
2016-05-31,14.88088321685791
2016-06-01,15.177704811096191
2016-06-02,15.665817260742188
2016-06-03,15.593263626098633
2016-06-06,15.758166313171388
2016-06-07,16.25946807861328
2016-06-08,15.995627403259276
2016-06-09,15.923069953918455
2016-06-10,15.26345920562744
2016-06-13,14.960033416748049
2016-06-14,15.012802124023438
2016-06-15,14.98641872406006
2016-06-16,14.966623306274414
2016-06-17,15.316227912902832
2016-06-20,15.454742431640623
2016-06-21,15.73838233947754
2016-06-22,15.74497127532959
2016-06-23,16.147340774536133
2016-06-24,15.276649475097656
2016-06-27,13.76613712310791
2016-06-28,14.861093521118164
2016-06-29,15.797740936279297
2016-06-30,16.06818962097168
2016-07-01,15.850510597229004
2016-07-05,15.276649475097656
2016-07-06,15.514110565185549
2016-07-07,15.652628898620604
2016-07-08,15.837322235107422
2016-07-11,15.890089988708496
2016-07-12,19.359657287597656
2016-07-13,19.67627143859864
2016-07-14,19.254121780395508
2016-07-15,19.062833786010746
2016-07-18,19.887348175048828
2016-07-19,19.781810760498047
2016-07-20,20.118207931518555
2016-07-21,20.59313201904297
2016-07-22,20.83060073852539
2016-07-25,20.738245010375977
2016-07-26,21.40445899963379
2016-07-27,21.14061546325684
2016-07-28,21.50339698791504
2016-07-29,21.127416610717773
2016-08-01,21.391265869140625
2016-08-02,20.2171573638916
2016-08-03,20.26992416381836
2016-08-04,20.619518280029297
2016-08-05,21.19338035583496
2016-08-08,21.509992599487305
2016-08-09,21.43084716796875
2016-08-10,20.698671340942383
2016-08-11,20.94273376464844
2016-08-12,20.81079864501953
2016-08-15,21.107637405395508
2016-08-16,21.411052703857425
2016-08-17,20.96251678466797
2016-08-18,21.15380477905273
2016-08-19,21.32530212402344
2016-08-22,21.021881103515625
2016-08-23,21.18678855895996
2016-08-24,20.83060073852539
2016-08-25,21.14061546325684
2016-08-26,21.98492813110352
2016-08-29,22.248762130737305
2016-08-30,22.374082565307617
2016-08-31,22.2553653717041
2016-09-01,22.23557472229004
2016-09-02,22.374082565307617
2016-09-06,22.73687171936035
2016-09-07,24.08248710632324
2016-09-08,23.950571060180664
2016-09-09,23.80545234680176
2016-09-12,24.108875274658203
2016-09-13,23.83843421936035
2016-09-14,23.792255401611328
2016-09-15,24.042919158935547
2016-09-16,24.00993156433105
2016-09-19,24.130756378173828
2016-09-20,23.84883117675781
2016-09-21,24.62746238708496
2016-09-22,24.43280601501465
2016-09-23,24.47307777404785
2016-09-26,24.96979331970215
2016-09-27,25.7886962890625
2016-09-28,25.647735595703125
2016-09-29,25.365816116333008
2016-09-30,25.875953674316406
2016-10-03,25.78197479248047
2016-10-04,25.667875289916992
2016-10-05,25.869251251220703
2016-10-06,25.379255294799805
2016-10-07,25.432937622070312
2016-10-10,25.48663711547852
2016-10-11,23.560209274291992
2016-10-12,23.647470474243164
2016-10-13,23.613901138305664
2016-10-14,23.600482940673828
2016-10-17,23.49979591369629
2016-10-18,23.721303939819336
2016-10-19,23.036640167236328
2016-10-20,23.47965812683105
2016-10-21,23.15746688842773
2016-10-24,23.1708984375
2016-10-25,23.00308609008789
2016-10-26,23.38569068908692
2016-10-27,22.98294448852539
2016-10-28,22.92253494262696
2016-10-31,23.02993392944336
2016-11-01,22.62719345092773
2016-11-02,21.915695190429688
2016-11-03,22.204328536987305
2016-11-04,22.15062522888184
2016-11-07,23.258150100708008
2016-11-08,23.1507568359375
2016-11-09,23.33197975158692
2016-11-10,24.27842330932617
2016-11-11,25.00334930419922
2016-11-14,25.506778717041016
2016-11-15,25.849103927612305
2016-11-16,25.681297302246094
2016-11-17,26.3323917388916
2016-11-18,26.37266540527344
2016-11-21,26.72842025756836
2016-11-22,26.15116310119629
2016-11-23,26.05718231201172
2016-11-25,26.224992752075195
2016-11-28,26.42637062072754
2016-11-29,26.51362609863281
2016-11-30,26.91636085510254
2016-12-01,25.58061981201172
2016-12-02,26.09074783325196
2016-12-05,26.2854061126709
2016-12-06,26.278688430786133
2016-12-07,27.03046989440918
2016-12-08,26.3323917388916
2016-12-09,26.433076858520508
2016-12-12,26.2921199798584
2016-12-13,27.413074493408203
2016-12-14,26.98347854614257
2016-12-15,27.25196647644043
2016-12-16,26.245126724243164
2016-12-19,26.40886306762696
2016-12-20,26.44296836853028
2016-12-21,26.545299530029297
2016-12-22,26.62035179138184
2016-12-23,26.68174743652344
2016-12-27,26.86595344543457
2016-12-28,26.46343421936035
2016-12-29,25.93813705444336
2016-12-30,26.040462493896484
2017-01-03,27.02968406677246
2017-01-04,26.688570022583008
2017-01-05,26.64082717895508
2017-01-06,26.25878143310547
2017-01-09,25.95859909057617
2017-01-10,25.67206764221192
2017-01-11,25.153568267822266
2017-01-12,25.07169914245605
2017-01-13,25.17403984069824
2017-01-17,25.255903244018555
2017-01-18,25.40599250793457
2017-01-19,24.79199409484864
2017-01-20,24.880691528320312
2017-01-23,24.812461853027344
2017-01-24,25.54244041442871
2017-01-25,29.110462188720703
2017-01-26,29.9495906829834
2017-01-27,30.35893821716309
2017-01-30,30.63182640075684
2017-01-31,30.80238914489746
2017-02-01,30.549962997436523
2017-02-02,30.884258270263672
2017-02-03,31.58011054992676
2017-02-06,31.000225067138672
2017-02-07,31.450485229492188
2017-02-08,31.245820999145508
2017-02-09,31.63469696044922
2017-02-10,31.69608497619629
2017-02-13,32.61026382446289
2017-02-14,32.644386291503906
2017-02-15,32.84904861450195
2017-02-16,32.45336151123047
2017-02-17,32.160003662109375
2017-02-21,32.35786437988281
2017-02-22,32.30326461791992
2017-02-23,32.33055114746094
2017-02-24,32.576168060302734
2017-02-27,32.53522872924805
2017-02-28,32.87633514404297
2017-03-01,33.75640869140625
2017-03-02,33.37435531616211
2017-03-03,33.40165710449219
2017-03-06,33.09464645385742
2017-03-07,32.93773651123047
2017-03-08,32.82176208496094
2017-03-09,31.8461971282959
2017-03-10,32.25550842285156
2017-03-13,32.45336151123047
2017-03-14,31.85982322692871
2017-03-15,32.10542678833008
2017-03-16,32.22140884399414
2017-03-17,31.975801467895508
2017-03-20,31.86516571044922
2017-03-21,30.77948951721192
2017-03-22,31.125232696533203
2017-03-23,31.208215713500977
2017-03-24,31.2842960357666
2017-03-27,31.056087493896484
2017-03-28,31.31195068359375
2017-03-29,31.58163833618164
2017-03-30,32.58434295654297
2017-03-31,31.761425018310547
2017-04-03,31.32578468322754
2017-04-04,31.78908920288086
2017-04-05,31.809829711914062
2017-04-06,31.98273277282715
2017-04-07,32.39763641357422
2017-04-10,32.91627502441406
2017-04-11,33.94662857055664
2017-04-12,33.42799377441406
2017-04-13,33.31043243408203
2017-04-17,33.531715393066406
2017-04-18,33.56629943847656
2017-04-19,33.58012771606445
2017-04-20,33.57320785522461
2017-04-21,33.37267303466797
2017-04-24,34.17482376098633
2017-04-25,34.9285774230957
2017-04-26,29.05069351196289
2017-04-27,29.251220703125
2017-04-28,29.133663177490234
2017-05-01,29.16824150085449
2017-05-02,29.348031997680664
2017-05-03,29.396446228027344
2017-05-04,29.44485282897949
2017-05-05,30.11562156677246
2017-05-08,29.645395278930664
2017-05-09,29.61773681640625
2017-05-10,29.81134414672852
2017-05-11,29.37569236755371
2017-05-12,29.76295280456543
2017-05-15,30.067214965820312
2017-05-16,30.42679977416992
2017-05-17,29.154407501220703
2017-05-18,29.21665000915528
2017-05-19,29.396446228027344
2017-05-22,29.57623672485352
2017-05-23,29.479434967041016
2017-05-24,29.548568725585938
2017-05-25,29.81134414672852
2017-05-26,29.410268783569336
2017-05-30,29.90124893188477
2017-05-31,30.129453659057617
2017-06-01,29.65230369567871
2017-06-02,29.887420654296875
2017-06-05,29.09908676147461
2017-06-06,28.96769523620605
2017-06-07,29.002273559570312
2017-06-08,29.57623672485352
2017-06-09,29.29962539672852
2017-06-12,28.72566795349121
2017-06-13,29.06450843811035
2017-06-14,28.54587745666504
2017-06-15,28.711833953857425
2017-06-16,29.06450843811035
2017-06-19,29.36638832092285
2017-06-20,28.81178092956543
2017-06-21,29.24704360961914
2017-06-22,29.492769241333008
2017-06-23,29.956098556518555
2017-06-26,29.75952911376953
2017-06-27,27.73765563964844
2017-06-28,28.208026885986328
2017-06-29,27.31642341613769
2017-06-30,27.20410346984864
2017-07-03,27.091781616210938
2017-07-05,27.393659591674805
2017-07-06,26.17911720275879
2017-07-07,26.8179931640625
2017-07-10,26.95137023925781
2017-07-11,27.183040618896484
2017-07-12,27.87104606628418
2017-07-13,26.902231216430664
2017-07-14,27.730642318725582
2017-07-17,27.428754806518555
2017-07-18,27.260269165039062
2017-07-19,27.54810333251953
2017-07-20,27.674461364746094
2017-07-21,27.78679656982422
2017-07-24,27.913164138793945
2017-07-25,23.30777931213379
2017-07-26,22.70401954650879
2017-07-27,22.85846900939941
2017-07-28,22.8935661315918
2017-07-31,23.13928985595703
2017-08-01,23.427122116088867
2017-08-02,23.46222305297852
2017-08-03,23.567529678344727
2017-08-04,23.469242095947266
2017-08-07,23.50434684753418
2017-08-08,23.160350799560547
2017-08-09,22.88654518127441
2017-08-10,22.14940643310547
2017-08-11,22.66891860961914
2017-08-14,22.85144424438477
2017-08-15,22.66189384460449
2017-08-16,22.802305221557617
2017-08-17,22.121322631835938
2017-08-18,22.023042678833008
2017-08-21,22.086227416992188
2017-08-22,22.66891860961914
2017-08-23,21.77030563354492
2017-08-24,21.777328491210938
2017-08-25,21.938793182373047
2017-08-28,22.107276916503903
2017-08-29,22.079206466674805
2017-08-30,22.114303588867188
2017-08-31,22.135372161865234
2017-09-01,22.32491111755371
2017-09-05,22.99185943603516
2017-09-06,23.019939422607425
2017-09-07,22.70401954650879
2017-09-08,22.45830345153809
2017-09-11,21.728174209594727
2017-09-12,22.38810157775879
2017-09-13,23.012922286987305
2017-09-14,22.921655654907227
2017-09-15,23.553485870361328
2017-09-18,23.53242301940918
2017-09-19,23.02443122863769
2017-09-20,23.16752815246582
2017-09-21,23.410795211791992
2017-09-22,24.018962860107425
2017-09-25,23.72561454772949
2017-09-26,23.518115997314453
2017-09-27,23.739925384521484
2017-09-28,23.59682273864746
2017-09-29,23.73276329040528
2017-10-02,24.46971893310547
2017-10-03,24.36239242553711
2017-10-04,24.31231117248535
2017-10-05,24.398162841796875
2017-10-06,24.17637634277344
2017-10-09,24.219297409057617
2017-10-10,24.14774513244629
2017-10-11,23.96887588500977
2017-10-12,24.05473899841309
2017-10-13,24.612829208374023
2017-10-16,24.677215576171875
2017-10-17,24.298002243041992
2017-10-18,24.51265335083008
2017-10-19,24.56989479064941
2017-10-20,24.99917793273925
2017-10-23,28.154491424560547
2017-10-24,27.789588928222656
2017-10-25,27.295902252197266
2017-10-26,27.317367553710938
2017-10-27,26.401540756225582
2017-10-30,26.24413299560547
2017-10-31,26.45162773132324
2017-11-01,26.44447135925293
2017-11-02,26.30853080749512
2017-11-03,25.99371337890625
2017-11-06,26.80221176147461
2017-11-07,26.558948516845703
2017-11-08,26.9810848236084
2017-11-09,26.766441345214844
2017-11-10,27.18141746520996
2017-11-13,26.945316314697266
2017-11-14,26.82368278503418
2017-11-15,27.05263328552246
2017-11-16,27.98992919921875
2017-11-17,28.204572677612305
2017-11-20,28.51223373413086
2017-11-21,28.71971893310547
2017-11-22,28.85566139221192
2017-11-24,28.82704734802246
2017-11-27,27.961305618286133
2017-11-28,28.60525131225586
2017-11-29,27.72519302368164
2017-11-30,27.589252471923828
2017-12-01,27.98277473449707
2017-12-04,28.047164916992188
2017-12-05,27.99708366394043
2017-12-06,28.03285789489746
2017-12-07,28.319055557250977
2017-12-08,28.97014617919922
2017-12-11,28.955841064453125
2017-12-12,30.136388778686523
2017-12-13,30.10776329040528
2017-12-14,30.007612228393555
2017-12-15,30.06484031677246
2017-12-18,30.758865356445312
2017-12-19,30.6281681060791
2017-12-20,30.156179428100582
2017-12-21,30.46841621398925
2017-12-22,30.62091445922852
2017-12-26,30.59911727905273
2017-12-27,30.57734107971192
2017-12-28,30.51197624206543
2017-12-29,30.381282806396484
2018-01-02,31.17276382446289
2018-01-03,31.11467361450196
2018-01-04,30.96218490600586
2018-01-05,31.18001365661621
2018-01-08,33.40196990966797
2018-01-09,33.6851806640625
2018-01-10,34.17893600463867
2018-01-11,35.58762741088867
2018-01-12,37.22142028808594
2018-01-16,37.4029541015625
2018-01-17,37.86041259765625
2018-01-18,37.76602554321289
2018-01-19,38.20895767211914
2018-01-22,38.60108184814453
2018-01-23,39.25458908081055
2018-01-24,38.46310806274414
2018-01-25,38.608341217041016
2018-01-26,39.893585205078125
2018-01-29,40.01702117919922
2018-01-30,39.92262268066406
2018-01-31,40.08237838745117
2018-02-01,39.530517578125
2018-02-02,37.59175109863281
2018-02-05,36.05235290527344
2018-02-06,35.34800720214844
2018-02-07,35.979740142822266
2018-02-08,34.44760513305664
2018-02-09,34.72354507446289
2018-02-12,35.70380783081055
2018-02-13,36.0378303527832
2018-02-14,37.30130386352539
2018-02-15,37.41022109985352
2018-02-16,37.33759689331055
2018-02-20,37.84589385986328
2018-02-21,37.35211944580078
2018-02-22,37.294036865234375
2018-02-23,38.69546890258789
2018-02-26,38.88426971435547
2018-02-27,38.39049530029297
2018-02-28,38.77534103393555
2018-03-01,39.21102142333984
2018-03-02,39.29814910888672
2018-03-05,40.0388069152832
2018-03-06,40.83028793334961
2018-03-07,40.88111877441406
2018-03-08,42.75453186035156
2018-03-09,43.70576477050781
2018-03-12,43.72028732299805
2018-03-13,43.335426330566406
2018-03-14,43.5169677734375
2018-03-15,43.255558013916016
2018-03-16,43.633148193359375
2018-03-19,43.85825729370117
2018-03-20,43.96097946166992
2018-03-21,43.95364761352539
2018-03-22,43.32258987426758
2018-03-23,41.297340393066406
2018-03-26,42.65484619140625
2018-03-27,42.097164154052734
2018-03-28,41.74496078491211
2018-03-29,42.94102096557617
2018-04-02,42.376007080078125
2018-04-03,42.77959060668945
2018-04-04,43.24187088012695
2018-04-05,42.7429084777832
2018-04-06,41.54682922363281
2018-04-09,41.3046875
2018-04-10,43.55006408691406
2018-04-11,42.97037506103516
2018-04-12,43.93162536621094
2018-04-13,44.47462463378906
2018-04-16,44.87088394165039
2018-04-17,45.41387176513672
2018-04-18,45.57530212402344
2018-04-19,43.95364761352539
2018-04-20,43.76285171508789
2018-04-23,42.72087860107422
2018-04-24,42.757568359375
2018-04-25,42.77959060668945
2018-04-26,43.542724609375
2018-04-27,43.6748161315918
2018-04-30,42.47874069213867
2018-05-01,39.778419494628906
2018-05-02,40.13796615600586
2018-05-03,40.33609771728516
2018-05-04,40.85708236694336
2018-05-07,41.05519104003906
2018-05-08,41.45145034790039
2018-05-09,41.994441986083984
2018-05-10,42.02378845214844
2018-05-11,41.61287307739258
2018-05-14,41.87702560424805
2018-05-15,42.39067077636719
2018-05-16,43.564735412597656
2018-05-17,43.30791473388672
2018-05-18,41.31935501098633
2018-05-21,42.00911712646485
2018-05-22,42.56679153442383
2018-05-23,42.76491165161133
2018-05-24,42.76491165161133
2018-05-25,42.17055130004883
2018-05-29,42.00911712646485
2018-05-30,42.58146667480469
2018-05-31,41.34870529174805
2018-06-01,42.4860725402832
2018-06-04,42.17055130004883
2018-06-05,43.4253158569336
2018-06-06,43.05109024047852
2018-06-07,40.5268669128418
2018-06-08,41.07720184326172
2018-06-11,42.51542663574219
2018-06-12,41.89904022216797
2018-06-13,41.78898239135742
2018-06-14,43.35194396972656
2018-06-15,42.87498092651367
2018-06-18,43.278564453125
2018-06-19,42.981876373291016
2018-06-20,43.07829666137695
2018-06-21,43.34531784057617
2018-06-22,43.18214416503906
2018-06-25,41.409461975097656
2018-06-26,41.9138298034668
2018-06-27,41.305625915527344
2018-06-28,41.80256652832031
2018-06-29,41.884159088134766
2018-07-02,42.72969818115234
2018-07-03,42.20309829711914
2018-07-05,43.47140121459961
2018-07-06,43.456573486328125
2018-07-09,43.57524871826172
2018-07-10,43.6790885925293
2018-07-11,42.455265045166016
2018-07-12,43.7755126953125
2018-07-13,43.7755126953125
2018-07-16,43.35273361206055
2018-07-17,43.0931282043457
2018-07-18,43.0931282043457
2018-07-19,42.410762786865234
2018-07-20,41.89158248901367
2018-07-23,41.79515075683594
2018-07-24,41.32787322998047
2018-07-25,41.86189651489258
2018-07-26,42.67778396606445
2018-07-27,40.563907623291016
2018-07-30,40.0521354675293
2018-07-31,39.02857971191406
2018-08-01,39.362342834472656
2018-08-02,39.62194061279297
2018-08-03,39.963134765625
2018-08-06,40.22273635864258
2018-08-07,40.69742584228516
2018-08-08,40.82350540161133
2018-08-09,37.84185791015625
2018-08-10,37.738014221191406
2018-08-13,37.83443832397461
2018-08-14,39.48102569580078
2018-08-15,39.22884368896485
2018-08-16,39.3475227355957
2018-08-17,40.24497222900391
2018-08-20,40.4526596069336
2018-08-21,40.65291976928711
2018-08-22,41.031192779541016
2018-08-23,41.32787322998047
2018-08-24,41.350135803222656
2018-08-27,41.80256652832031
2018-08-28,41.876739501953125
2018-08-29,41.52071380615234
2018-08-30,39.41427230834961
2018-08-31,39.7109603881836
2018-09-04,36.647708892822266
2018-09-05,36.6180305480957
2018-09-06,36.63286972045898
2018-09-07,36.93696212768555
2018-09-10,37.300411224365234
2018-09-11,36.32877349853516
2018-09-12,36.69221496582031
2018-09-13,35.75766372680664
2018-09-14,35.81698989868164
2018-09-17,35.55739974975586
2018-09-18,36.06095886230469
2018-09-19,36.14363479614258
2018-09-20,36.84260940551758
2018-09-21,37.03801345825195
2018-09-24,36.940311431884766
2018-09-25,36.44427490234375
2018-09-26,35.37700653076172
2018-09-27,35.00123596191406
2018-09-28,35.587459564208984
2018-10-01,35.30937957763672
2018-10-02,35.27179718017578
2018-10-03,35.91816711425781
2018-10-04,35.06135940551758
2018-10-05,35.181610107421875
2018-10-08,34.45256805419922
2018-10-09,33.06965637207031
2018-10-10,32.814117431640625
2018-10-11,32.573612213134766
2018-10-12,32.310569763183594
2018-10-15,32.13771438598633
2018-10-16,33.152339935302734
2018-10-17,33.159854888916016
2018-10-18,32.8892822265625
2018-10-19,32.926856994628906
2018-10-22,32.76902770996094
2018-10-23,32.67132568359375
2018-10-24,31.32598114013672
2018-10-25,32.02495574951172
2018-10-26,29.161420822143555
2018-10-29,28.43238639831543
2018-10-30,29.19900321960449
2018-10-31,30.23619079589844
2018-11-01,32.30304336547852
2018-11-02,33.272579193115234
2018-11-05,33.783660888671875
2018-11-06,34.13690185546875
2018-11-07,34.42251205444336
2018-11-08,34.06926727294922
2018-11-09,32.34062576293945
2018-11-12,31.48381233215332
2018-11-13,31.97986221313477
2018-11-14,32.10763168334961
2018-11-15,32.964447021484375
2018-11-16,32.54355239868164
2018-11-19,31.61158943176269
2018-11-20,31.664201736450195
2018-11-21,31.97234916687012
2018-11-23,32.2805061340332
2018-11-26,33.0095329284668
2018-11-27,33.13730239868164
2018-11-28,33.144813537597656
2018-11-29,32.05501937866211
2018-11-30,32.38571548461914
2018-12-03,33.64085388183594
2018-12-04,31.24331855773925
2018-12-06,31.30344581604004
2018-12-07,29.98817253112793
2018-12-10,29.9205322265625
2018-12-11,29.68753433227539
2018-12-12,30.06332969665528
2018-12-13,29.612388610839844
2018-12-14,28.973533630371094
2018-12-17,28.13174819946289
2018-12-18,28.53691673278809
2018-12-19,27.657793045043945
2018-12-20,27.963579177856445
2018-12-21,27.79540252685547
2018-12-24,27.61957740783692
2018-12-26,28.98029899597168
2018-12-27,29.385448455810547
2018-12-28,29.31665802001953
2018-12-31,29.50012588500977
2019-01-02,29.874711990356445
2019-01-03,27.917713165283203
2019-01-04,29.156124114990234
2019-01-07,29.935850143432617
2019-01-08,29.92056655883789
2019-01-09,30.685022354125977
2019-01-10,31.03666305541992
2019-01-11,31.090181350708008
2019-01-14,30.66973114013672
2019-01-15,30.31043815612793
2019-01-16,30.363943099975582
2019-01-17,29.60715103149414
2019-01-18,30.753820419311523
2019-01-22,29.416030883789062
2019-01-23,29.63007926940918
2019-01-24,31.31951332092285
2019-01-25,33.375885009765625
2019-01-28,33.07009506225586
2019-01-29,32.695526123046875
2019-01-30,33.437034606933594
2019-01-31,33.84983444213867
2019-02-01,34.599002838134766
2019-02-04,34.82834243774414
2019-02-05,34.507266998291016
2019-02-06,34.57606506347656
2019-02-07,33.987449645996094
2019-02-08,34.415531158447266
2019-02-11,34.132686614990234
2019-02-12,34.69838333129883
2019-02-13,34.965946197509766
2019-02-14,34.98887252807617
2019-02-15,34.94300079345703
2019-02-19,35.080596923828125
2019-02-20,35.080596923828125
2019-02-21,34.48434066772461
2019-02-22,35.93679428100586
2019-02-25,36.731815338134766
2019-02-26,36.29608154296875
2019-02-27,35.79154586791992
2019-02-28,35.592796325683594
2019-03-01,35.432254791259766
2019-03-04,35.48576736450195
2019-03-05,35.38639068603516
2019-03-06,35.36344909667969
2019-03-07,34.545494079589844
2019-03-08,35.33287048339844
2019-03-11,37.175201416015625
2019-03-12,36.7547492980957
2019-03-13,36.44898223876953
2019-03-14,36.07439422607422
2019-03-15,36.44898223876953
2019-03-18,36.81592178344727
2019-03-19,36.60677337646485
2019-03-20,35.79345703125
2019-03-21,37.93904495239258
2019-03-22,36.35116195678711
2019-03-25,36.27370834350586
2019-03-26,36.56803894042969
2019-03-27,35.49137115478516
2019-03-28,35.623050689697266
2019-03-29,37.094757080078125
2019-04-01,37.51303482055664
2019-04-02,37.768646240234375
2019-04-03,38.41929244995117
2019-04-04,38.12495040893555
2019-04-05,38.1326904296875
2019-04-08,38.24113464355469
2019-04-09,37.88482666015625
2019-04-10,38.504493713378906
2019-04-11,38.31859588623047
2019-04-12,38.47350311279297
2019-04-15,38.25664138793945
2019-04-16,39.224857330322266
2019-04-17,38.95375442504883
2019-04-18,39.11641693115234
2019-04-22,37.9080810546875
2019-04-23,37.35036849975586
2019-04-24,36.39763259887695
2019-04-25,35.68501663208008
2019-04-26,34.84846878051758
2019-04-29,34.80974197387695
2019-04-30,37.427825927734375
2019-05-01,37.42007827758789
2019-05-02,37.48204803466797
2019-05-03,38.41929244995117
2019-05-06,38.24113464355469
2019-05-07,37.61372756958008
2019-05-08,37.98553085327149
2019-05-09,36.84689331054688
2019-05-10,36.715213775634766
2019-05-13,34.11262130737305
2019-05-14,34.577369689941406
2019-05-15,35.313209533691406
2019-05-16,35.3829345703125
2019-05-17,35.02663040161133
2019-05-20,34.63932800292969
2019-05-21,35.7547492980957
2019-05-22,34.63157653808594
2019-05-23,33.8802375793457
2019-05-24,33.45421600341797
2019-05-28,33.020450592041016
2019-05-29,33.87248992919922
2019-05-30,34.0196647644043
2019-05-31,32.41627883911133
2019-06-03,32.935245513916016
2019-06-04,34.20556640625
2019-06-05,34.120357513427734
2019-06-06,34.3914680480957
2019-06-07,33.740814208984375
2019-06-10,34.04291534423828
2019-06-11,33.918968200683594
2019-06-12,33.802791595458984
2019-06-13,34.51539993286133
2019-06-14,34.28302764892578
2019-06-17,34.36048126220703
2019-06-18,35.77481460571289
2019-06-19,35.7041015625
2019-06-20,36.29340744018555
2019-06-21,36.505558013916016
2019-06-24,37.18129348754883
2019-06-25,36.30913162231445
2019-06-26,37.12630081176758
2019-06-27,36.7098503112793
2019-06-28,37.024147033691406
2019-07-01,37.33056640625
2019-07-02,37.25200271606445
2019-07-03,37.34629821777344
2019-07-05,37.12630081176758
2019-07-08,36.60770797729492
2019-07-09,36.1755485534668
2019-07-10,37.118446350097656
2019-07-11,36.66271209716797
2019-07-12,37.4170150756836
2019-07-15,37.98274993896485
2019-07-16,37.21271896362305
2019-07-17,36.92985916137695
2019-07-18,37.22057342529297
2019-07-19,37.16557693481445
2019-07-22,37.22057342529297
2019-07-23,37.50344467163086
2019-07-24,38.44634246826172
2019-07-25,37.7784538269043
2019-07-26,37.56629943847656
2019-07-29,37.3070068359375
2019-07-30,37.27558898925781
2019-07-31,36.387691497802734
2019-08-01,36.348411560058594
2019-08-02,35.30338287353516
2019-08-05,34.91836166381836
2019-08-06,35.106937408447266
2019-08-07,35.02836608886719
2019-08-08,35.46836853027344
2019-08-09,35.26409149169922
2019-08-12,35.21694564819336
2019-08-13,36.01054763793945
2019-08-14,35.06765365600586
2019-08-15,35.02836608886719
2019-08-16,36.16769027709961
2019-08-19,36.48197555541992
2019-08-20,36.43484115600586
2019-08-21,37.118446350097656
2019-08-22,37.38558197021485
2019-08-23,36.867000579833984
2019-08-26,36.984859466552734
2019-08-27,36.88271713256836
2019-08-28,37.04771423339844
2019-08-29,38.43848419189453
2019-08-30,39.45208358764648
2019-09-03,39.01994323730469
2019-09-04,40.99214172363281
2019-09-05,42.50862121582031
2019-09-06,42.68933868408203
2019-09-09,43.04293441772461
2019-09-10,43.47509002685547
2019-09-11,44.166534423828125
2019-09-12,44.237247467041016
2019-09-13,44.11940002441406
2019-09-16,43.76580810546875
2019-09-17,44.04081726074219
2019-09-18,44.59083938598633
2019-09-19,41.597164154052734
2019-09-20,41.1728630065918
2019-09-23,41.4478759765625
2019-09-24,41.24111557006836
2019-09-25,42.211307525634766
2019-09-26,42.67254257202149
2019-09-27,42.79182052612305
2019-09-30,42.77592468261719
2019-10-01,42.03633880615234
2019-10-02,41.55125045776367
2019-10-03,42.2192497253418
2019-10-04,42.68844223022461
2019-10-07,42.640724182128906
2019-10-08,40.72420883178711
2019-10-09,41.48763275146485
2019-10-10,42.06815719604492
2019-10-11,42.79182052612305
2019-10-14,42.84748840332031
2019-10-15,43.6904411315918
2019-10-16,43.65864562988281
2019-10-17,43.88130569458008
2019-10-18,43.72224044799805
2019-10-21,44.11986923217773
2019-10-22,44.42206954956055
2019-10-23,44.61293029785156
2019-10-24,44.724266052246094
2019-10-25,45.2650260925293
2019-10-28,45.9250602722168
2019-10-29,46.10001373291016
2019-10-30,46.004581451416016
2019-10-31,46.147727966308594
2019-11-01,45.82168197631836
2019-11-04,46.187496185302734
2019-11-05,45.861446380615234
2019-11-06,45.99663925170898
2019-11-07,46.21930694580078
2019-11-08,46.75211715698242
2019-11-11,46.322696685791016
2019-11-12,46.10001373291016
2019-11-13,46.22726058959961
2019-11-14,46.29087448120117
2019-11-15,46.98273849487305
2019-11-18,47.785926818847656
2019-11-19,47.4360237121582
2019-11-20,47.40421676635742
2019-11-21,47.30082321166992
2019-11-22,47.141788482666016
2019-11-25,47.59506988525391
2019-11-26,47.12587738037109
2019-11-27,47.905216217041016
2019-11-29,47.45988845825195
2019-12-02,47.181549072265625
2019-12-03,46.29087448120117
2019-12-04,46.6328353881836
2019-12-05,46.59306716918945
2019-12-06,46.911170959472656
2019-12-09,45.42406845092773
2019-12-10,45.82168197631836
2019-12-11,46.07615661621094
2019-12-12,46.95888137817383
2019-12-13,46.72826766967773
2019-12-16,46.96683120727539
2019-12-17,47.05430603027344
2019-12-18,46.76007080078125
2019-12-19,46.481727600097656
2019-12-20,47.41215515136719
2019-12-23,48.00859832763672
2019-12-24,47.823692321777344
2019-12-26,48.16936111450195
2019-12-27,47.89604568481445
2019-12-30,47.66292190551758
2019-12-31,47.83173751831055
2020-01-02,48.6356315612793
2020-01-03,47.3574333190918
2020-01-06,46.794708251953125
2020-01-07,47.3574333190918
2020-01-08,47.72723007202149
2020-01-09,48.60348129272461
2020-01-10,48.21760177612305
2020-01-13,49.02954864501953
2020-01-14,48.86072540283203
2020-01-15,48.6436653137207
2020-01-16,49.46364212036133
2020-01-17,49.10188293457031
2020-01-21,49.07777786254883
2020-01-22,49.254638671875
2020-01-23,50.452430725097656
2020-01-24,50.830265045166016
2020-01-27,48.77228927612305
2020-01-28,49.81735610961914
2020-01-29,47.43783187866211
2020-01-30,46.93136215209961
2020-01-31,45.813961029052734
2020-02-03,46.58570861816406
2020-02-04,47.405670166015625
2020-02-05,43.997161865234375
2020-02-06,44.34283447265625
2020-02-07,43.49070358276367
2020-02-10,44.16597366333008
2020-02-11,44.81713104248047
2020-02-12,45.19496154785156
2020-02-13,44.85732269287109
2020-02-14,43.40227127075195
2020-02-18,43.57108688354492
2020-02-19,43.37012100219727
2020-02-20,44.01322937011719
2020-02-21,43.44247817993164
2020-02-24,41.83468246459961
2020-02-25,40.53236389160156
2020-02-26,41.06295394897461
2020-02-27,38.876346588134766
2020-02-28,38.5467529296875
2020-03-02,40.49216842651367
2020-03-03,40.363555908203125
2020-03-04,41.35234451293945
2020-03-05,40.41178894042969
2020-03-06,39.599857330322266
2020-03-09,36.42446517944336
2020-03-10,38.50655746459961
2020-03-11,36.4405517578125
2020-03-12,35.813514709472656
2020-03-13,39.33456802368164
2020-03-16,32.93556594848633
2020-03-17,36.29585647583008
2020-03-18,34.55943298339844
2020-03-19,34.29414749145508
2020-03-20,32.74263381958008
2020-03-23,32.7828254699707
2020-03-24,35.5031623840332
2020-03-25,36.369083404541016
2020-03-26,39.187442779541016
2020-03-27,39.187442779541016
2020-03-30,40.73958587646485
2020-03-31,39.8654899597168
2020-04-01,39.09758377075195
2020-04-02,38.86885070800781
2020-04-03,37.38205337524414
2020-04-06,39.73477935791016
2020-04-07,40.0860481262207
2020-04-08,41.68720245361328
2020-04-09,41.86692810058594
2020-04-13,41.58917236328125
2020-04-14,42.013973236083984
2020-04-15,41.03367233276367
2020-04-16,41.36044692993164
2020-04-17,42.046653747558594
2020-04-20,41.52383041381836
2020-04-21,40.633392333984375
2020-04-22,41.4503059387207
2020-04-23,39.12208938598633
2020-04-24,39.72661590576172
2020-04-27,40.05338668823242
2020-04-28,40.020694732666016
2020-04-29,41.71171951293945
2020-04-30,40.804935455322266
2020-05-01,38.97504425048828
2020-05-04,37.93756866455078
2020-05-05,38.190799713134766
2020-05-06,38.81983947753906
2020-05-07,39.80013656616211
2020-05-08,41.71171951293945
2020-05-11,40.73141860961914
2020-05-12,39.71844100952149
2020-05-13,38.746315002441406
2020-05-14,39.269134521484375
2020-05-15,39.02406311035156
2020-05-18,40.33930587768555
2020-05-19,40.98466110229492
2020-05-20,42.357078552246094
2020-05-21,41.87510299682617
2020-05-22,41.6300163269043
2020-05-26,41.82608413696289
2020-05-27,42.487789154052734
2020-05-28,41.9567985534668
2020-05-29,43.3292121887207
2020-06-01,42.602149963378906
2020-06-02,43.04328155517578
2020-06-03,43.394561767578125
2020-06-04,44.154293060302734
2020-06-05,44.43204116821289
2020-06-08,45.44501495361328
2020-06-09,44.7914924621582
2020-06-10,45.19995880126953
2020-06-11,41.87510299682617
2020-06-12,41.3441047668457
2020-06-15,41.4503059387207
2020-06-16,42.218204498291016
2020-06-17,41.67903900146485
2020-06-18,40.551700592041016
2020-06-19,42.52046203613281
2020-06-22,41.58917236328125
2020-06-23,40.43897247314453
2020-06-24,39.40462493896485
2020-06-25,39.49565887451172
2020-06-26,38.86676788330078
2020-06-29,39.52047348022461
2020-06-30,40.05834197998047
2020-07-01,39.13983917236328
2020-07-02,39.17293930053711
2020-07-06,39.743896484375
2020-07-07,38.982608795166016
2020-07-08,38.52750015258789
2020-07-09,38.70953750610352
2020-07-10,39.20603561401367
2020-07-13,39.1646614074707
2020-07-14,39.20603561401367
2020-07-15,39.91767501831055
2020-07-16,40.13281631469727
2020-07-17,39.94248962402344
2020-07-20,40.207279205322266
2020-07-21,40.89409637451172
2020-07-22,40.93547439575195
2020-07-23,41.37403869628906
2020-07-24,39.752174377441406
2020-07-27,41.02649688720703
2020-07-28,40.190731048583984
2020-07-29,36.6656608581543
2020-07-30,36.740142822265625
2020-07-31,37.41868209838867
2020-08-03,37.038028717041016
2020-08-04,37.55934143066406
2020-08-05,37.34421157836914
2020-08-06,37.20353317260742
2020-08-07,37.4931526184082
2020-08-10,38.122032165527344
2020-08-11,37.882057189941406
2020-08-12,37.76622009277344
2020-08-13,37.15388488769531
2020-08-14,37.2945556640625
2020-08-17,37.15388488769531
2020-08-18,37.28628540039063
2020-08-19,37.56762313842773
2020-08-20,37.26972961425781
2020-08-21,37.10423278808594
2020-08-24,37.74138641357422
2020-08-25,37.6007194519043
2020-08-26,37.8406867980957
2020-08-27,37.69173049926758
2020-08-28,38.56060028076172
2020-08-31,39.71079635620117
2020-09-01,38.94951248168945
2020-09-02,40.207279205322266
2020-09-03,38.966064453125
2020-09-04,38.89986038208008
2020-09-08,37.80758285522461
2020-09-09,38.25443649291992
2020-09-10,38.00618743896485
2020-09-11,38.51094055175781
2020-09-14,39.42945861816406
2020-09-15,39.17293930053711
2020-09-16,40.27348327636719
2020-09-17,40.662391662597656
2020-09-18,40.39761352539063
2020-09-21,39.90938949584961
2020-09-22,40.0184326171875
2020-09-23,39.94294357299805
2020-09-24,39.77518844604492
2020-09-25,40.44621276855469
2020-09-28,41.6540641784668
2020-09-29,41.99797058105469
2020-09-30,41.32693862915039
2020-10-01,41.15080642700195
2020-10-02,40.88238143920898
2020-10-05,41.19272994995117
2020-10-06,41.60374069213867
2020-10-07,42.31669998168945
2020-10-08,43.05484771728516
2020-10-09,42.75287628173828
2020-10-12,43.02128219604492
2020-10-13,42.92901611328125
2020-10-14,42.81158447265625
2020-10-15,43.07160568237305
2020-10-16,43.147098541259766
2020-10-19,43.74264144897461
2020-10-20,43.52455520629883
2020-10-21,43.35679244995117
2020-10-22,43.440673828125
2020-10-23,42.55995178222656
2020-10-26,41.0669174194336
2020-10-27,40.73140335083008
2020-10-28,40.04359817504883
2020-10-29,39.97648620605469
2020-10-30,40.11071014404297
2020-11-02,40.73978805541992
2020-11-03,42.23282241821289
2020-11-04,42.33348083496094
2020-11-05,44.24591445922852
2020-11-06,44.86662673950195
2020-11-09,45.42020797729492
2020-11-10,45.898319244384766
2020-11-11,45.82282257080078
2020-11-12,44.61497116088867
2020-11-13,45.889930725097656
2020-11-16,46.92163848876953
2020-11-17,46.56094741821289
2020-11-18,46.33449172973633
2020-11-19,46.90485382080078
2020-11-20,46.64484024047852
2020-11-23,47.743648529052734
2020-11-24,49.1108627319336
2020-11-25,48.934715270996094
2020-11-27,49.05213928222656
2020-11-30,49.328948974609375
2020-12-01,50.57035827636719
2020-12-02,51.33364868164063
2020-12-03,52.28986740112305
2020-12-04,53.740943908691406
2020-12-07,53.02799224853516
2020-12-08,53.56481170654297
2020-12-09,53.28801345825195
2020-12-10,54.37004089355469
2020-12-11,54.31971740722656
2020-12-14,54.21906280517578
2020-12-15,55.34303665161133
2020-12-16,55.61982727050781
2020-12-17,55.53595733642578
2020-12-18,54.28617477416992
2020-12-21,54.56296157836914
2020-12-22,53.99513244628906
2020-12-23,53.4188232421875
2020-12-24,53.35102462768555
2020-12-28,52.98659896850586
2020-12-29,51.49496078491211
2020-12-30,51.35935592651367
2020-12-31,52.68147659301758
2021-01-04,50.91865158081055
2021-01-05,50.9864616394043
2021-01-06,50.74068069458008
2021-01-07,50.944091796875
2021-01-08,50.00334930419922
2021-01-11,49.76604080200195
2021-01-12,50.02877426147461
2021-01-13,50.75761795043945
2021-01-14,50.81695175170898
2021-01-15,51.2830810546875
2021-01-19,51.88482284545898
2021-01-20,52.0543212890625
2021-01-21,53.34254837036133
2021-01-22,50.850852966308594
2021-01-25,51.8593864440918
2021-01-26,54.96976852416992
2021-01-27,60.783729553222656
2021-01-28,56.48683166503906
2021-01-29,56.03763961791992
2021-02-01,56.56309509277344
2021-02-02,56.59700393676758
2021-02-03,57.17332077026367
2021-02-04,57.39366149902344
2021-02-05,58.85139465332031
2021-02-08,60.5210075378418
2021-02-09,61.32612228393555
2021-02-10,60.1650276184082
2021-02-11,61.4108772277832
2021-02-12,61.19900131225586
2021-02-16,60.17351913452149
2021-02-17,60.5210075378418
2021-02-18,61.41936111450195
2021-02-19,61.98719787597656
2021-02-22,62.27534103393555
2021-02-23,61.19900131225586
2021-02-24,63.00419998168945
2021-02-25,61.741397857666016
2021-02-26,62.063472747802734
2021-03-01,62.555023193359375
2021-03-02,61.46173858642578
2021-03-03,64.36022186279297
2021-03-04,60.69049072265625
2021-03-05,62.19059753417969
2021-03-08,63.19065475463867
2021-03-09,63.690677642822266
2021-03-10,63.50424575805664
2021-03-11,65.4704818725586
2021-03-12,65.0721435546875
2021-03-15,63.91104888916016
2021-03-16,63.97038269042969
2021-03-17,66.08914947509766
2021-03-18,62.60588455200195
2021-03-19,63.249977111816406
2021-03-22,64.36022186279297
2021-03-23,62.07722473144531
2021-03-24,60.99129867553711
2021-03-25,62.40213394165039
2021-03-26,65.00151824951172
2021-03-29,64.32601165771484
2021-03-30,64.7279052734375
2021-03-31,65.62571716308594
2021-04-01,67.113525390625
2021-04-05,67.72061157226562
2021-04-06,67.31018829345703
2021-04-07,67.51539611816406
2021-04-08,68.4046630859375
2021-04-09,68.85783386230469
2021-04-12,68.32769775390625
2021-04-13,68.3875503540039
2021-04-14,68.64405822753906
2021-04-15,69.54187774658203
2021-04-16,70.17462158203125
2021-04-19,70.39694213867188
2021-04-20,70.4653549194336
2021-04-21,71.7222671508789
2021-04-22,71.8932876586914
2021-04-23,76.22843170166016
2021-04-26,79.75126647949219
2021-04-27,80.5721206665039
2021-04-28,81.4015121459961
2021-04-29,82.79527282714844
2021-04-30,79.38359832763672
2021-05-03,78.32333374023438
2021-05-04,75.65556335449219
2021-05-05,75.61280822753906
2021-05-06,76.94669342041016
2021-05-07,78.28911590576172
2021-05-10,76.94669342041016
2021-05-11,74.7413101196289
2021-05-12,72.71687316894531
2021-05-13,75.06005859375
2021-05-14,84.39842987060547
2021-05-17,89.79122924804688
2021-05-18,87.15513610839844
2021-05-19,85.76815795898438
2021-05-20,83.40773010253906
2021-05-21,80.9094467163086
2021-05-24,84.5534896850586
2021-05-25,80.54763793945312
2021-05-26,83.38188171386719
2021-05-27,83.07176208496094
2021-05-28,82.48594665527344
2021-06-01,84.63963317871094
2021-06-02,84.45011901855469
2021-06-03,84.05382537841797
2021-06-04,85.38911437988281
2021-06-07,84.98422241210938
2021-06-08,86.86222839355469
2021-06-09,85.57001495361328
2021-06-10,83.95907592773438
2021-06-11,83.3646469116211
2021-06-14,81.54692840576172
2021-06-15,80.92669677734375
2021-06-16,79.849853515625
2021-06-17,76.51596069335938
2021-06-18,73.48356628417969
2021-06-21,73.49219512939453
2021-06-22,72.79438781738281
2021-06-23,73.01836395263672
2021-06-24,74.42256927490234
2021-06-25,74.517333984375
2021-06-28,74.26750946044922
2021-06-29,75.53386688232422
2021-06-30,75.7492446899414
2021-07-01,74.62071228027344
2021-07-02,74.9738998413086
2021-07-06,73.76785278320312
2021-07-07,75.65447998046875
2021-07-08,74.517333984375
2021-07-09,75.77507781982422
2021-07-12,76.65377807617188
2021-07-13,76.24027252197266
2021-07-14,77.20513916015625
2021-07-15,74.2158203125
2021-07-16,72.75993347167969
2021-07-19,72.61347198486328
2021-07-20,73.64725494384766
2021-07-21,71.15758514404297
2021-07-22,71.62277221679688
2021-07-23,73.63864135742188
2021-07-26,74.3192138671875
2021-07-27,73.38018798828125
2021-07-28,74.6034927368164
2021-07-29,75.120361328125
2021-07-30,75.72340393066406
2021-08-02,76.24027252197266
2021-08-03,77.89430236816406
2021-08-04,76.94669342041016
2021-08-05,78.30780792236328
2021-08-06,79.38465118408203
2021-08-09,79.70338439941406
2021-08-10,79.91876983642578
2021-08-11,81.09036254882812
2021-08-12,78.24750518798828
2021-08-13,77.82540893554688
2021-08-16,78.14413452148438
2021-08-17,77.71338653564453
2021-08-18,76.69684600830078
2021-08-19,75.93016052246094
2021-08-20,77.05005645751953
2021-08-23,78.96253204345703
2021-08-24,74.14690399169922
2021-08-25,74.85332489013672
2021-08-26,73.00115203857422
2021-08-27,74.35364532470703
2021-08-30,74.81022644042969
2021-08-31,75.4563217163086
2021-09-01,75.11174774169922
2021-09-02,77.10174560546875
2021-09-03,77.80815124511719
2021-09-07,75.86123657226562
2021-09-08,72.64793395996094
2021-09-09,75.24095916748047
2021-09-10,72.29474639892578
2021-09-13,72.31197357177734
2021-09-14,71.26958465576172
2021-09-15,72.66516876220703
2021-09-16,73.07005310058594
2021-09-17,72.13967895507812
2021-09-20,71.45911407470703
2021-09-21,70.84248352050781
2021-09-22,72.03231048583984
2021-09-23,73.85614013671875
2021-09-24,74.75936126708984
2021-09-27,75.48020935058594
2021-09-28,73.12659454345703
2021-09-29,72.17127227783203
2021-09-30,71.66754913330078
2021-10-01,73.30899810791016
2021-10-04,73.07449340820312
2021-10-05,73.95166778564453
2021-10-06,70.00872039794922
2021-10-07,71.02487182617188
2021-10-08,69.41816711425781
2021-10-11,70.89458465576172
2021-10-12,68.6191635131836
2021-10-13,69.10551452636719
2021-10-14,71.65018463134766
2021-10-15,71.20723724365234
2021-10-18,70.55587005615234
2021-10-19,70.45166015625
2021-10-20,69.93925476074219
2021-10-21,71.42437744140625
2021-10-22,75.75810241699219
2021-10-25,77.43429565429688
2021-10-26,76.48766326904297
2021-10-27,76.4529037475586
2021-10-28,77.77301025390625
2021-10-29,77.35611724853516
2021-11-01,79.81395721435547
2021-11-02,79.7444839477539
2021-11-03,81.1688003540039
2021-11-04,82.76681518554688
2021-11-05,84.02611541748047
2021-11-08,84.86853790283203
2021-11-09,86.23206329345703
2021-11-10,85.99757385253906
2021-11-11,91.41693878173828
2021-11-12,93.90081787109376
2021-11-15,91.76435089111328
2021-11-16,90.0273666381836
2021-11-17,87.62165069580078
2021-11-18,87.93429565429688
2021-11-19,87.52611541748047
2021-11-22,88.25565338134766
2021-11-23,88.22090911865234
2021-11-24,87.75193786621094
2021-11-26,85.65017700195312
2021-11-29,90.37474822998048
2021-11-30,89.16754913330078
2021-12-01,90.18367767333984
2021-12-02,91.28665924072266
2021-12-03,91.5472183227539
2021-12-06,89.96656799316406
2021-12-07,94.24819946289062
2021-12-08,91.79906463623048
2021-12-09,89.39335632324219
2021-12-10,90.2444839477539
2021-12-13,88.3077621459961
2021-12-14,88.96780395507812
2021-12-15,90.78294372558594
2021-12-16,90.85243225097656
2021-12-17,90.76555633544922
2021-12-20,91.30403900146484
2021-12-21,95.4919662475586
2021-12-22,96.44497680664062
2021-12-23,97.41545104980467
2021-12-27,99.3301773071289
2021-12-28,99.5312728881836
2021-12-29,100.54546356201172
2021-12-30,99.47882080078124
2021-12-31,98.77937316894533
2022-01-03,98.93675231933594
2022-01-04,101.43724822998048
2022-01-05,100.29193115234376
2022-01-06,98.25477600097656
2022-01-07,97.01327514648438
2022-01-10,100.03839111328124
2022-01-11,97.67774200439452
2022-01-12,98.99795532226562
2022-01-13,96.90835571289062
2022-01-14,95.47447204589844
2022-01-18,92.20458221435548
2022-01-19,89.49420928955078
2022-01-20,87.80680084228516
2022-01-21,83.51393127441406
2022-01-24,84.94781494140625
2022-01-25,82.8669662475586
2022-01-26,84.20464324951172
2022-01-27,90.6483154296875
2022-01-28,93.56851196289062
2022-01-31,93.68215942382812
2022-02-01,94.39035034179688
2022-02-02,96.51490783691406
2022-02-03,94.5739288330078
2022-02-04,95.05481719970705
2022-02-07,95.684326171875
2022-02-08,96.82091522216795
2022-02-09,97.99250030517578
2022-02-10,96.24388122558594
2022-02-11,95.04608154296876
2022-02-14,92.79036712646484
2022-02-15,96.1039810180664
2022-02-16,97.7914047241211
2022-02-17,97.21436309814452
2022-02-18,94.98486328125
2022-02-22,93.85701751708984
2022-02-23,91.6537628173828
2022-02-24,90.19366455078124
2022-02-25,91.71495056152344
2022-02-28,90.19366455078124
2022-03-01,87.9729232788086
2022-03-02,92.41439056396484
2022-03-03,91.50511932373048
2022-03-04,90.21114349365234
2022-03-07,87.50953674316406
2022-03-08,79.18611907958984
2022-03-09,79.02873229980469
2022-03-10,77.56864929199219
2022-03-11,76.35336303710938
2022-03-14,75.49653625488281
2022-03-15,77.47248840332031
2022-03-16,79.07247161865234
2022-03-17,80.52381896972656
2022-03-18,82.46478271484375
2022-03-21,81.27564239501953
2022-03-22,82.50882720947266
2022-03-23,80.51810455322266
2022-03-24,82.7290267944336
2022-03-25,80.08649444580078
2022-03-28,81.38134002685547
2022-03-29,82.49119567871094
2022-03-30,80.48287200927734
2022-03-31,79.18804168701172
2022-04-01,78.76522064208984
2022-04-04,80.13054656982422
2022-04-05,77.64654541015625
2022-04-06,75.84081268310547
2022-04-07,76.21958923339844
2022-04-08,74.90713500976562
2022-04-11,74.44908905029297
2022-04-12,73.24232482910156
2022-04-13,74.07913208007812
2022-04-14,71.70964813232422
2022-04-18,72.50240325927734
2022-04-19,74.10556030273438
2022-04-20,75.54133605957031
2022-04-21,74.21126556396484
2022-04-22,72.59928894042969
2022-04-25,72.70500183105469
2022-04-26,69.79823303222656
2022-04-27,71.92105102539062
2022-04-28,72.37907409667969
2022-04-29,72.26458740234375
2022-05-02,72.6257095336914
2022-05-03,73.89415740966797
2022-05-04,76.14910125732422
2022-05-05,72.86356353759766
2022-05-06,72.77548217773438
2022-05-09,70.78475189208984
2022-05-10,71.17234802246094
2022-05-11,67.93963623046875
2022-05-12,68.79405212402344
2022-05-13,71.09307098388672
2022-05-16,72.96046447753906
2022-05-17,76.72166442871094
2022-05-18,74.07913208007812
2022-05-19,72.67857360839844
2022-05-20,70.57334899902344
2022-05-23,72.16768646240234
2022-05-24,70.07127380371094
2022-05-25,72.81071472167969
2022-05-26,75.51490020751953
2022-05-27,77.66416931152344
2022-05-31,74.58120727539062
2022-06-01,73.70917510986328
2022-06-02,74.55477905273438
2022-06-03,72.8547592163086
2022-06-06,72.70500183105469
2022-06-07,74.42264556884766
2022-06-08,73.71797943115234
2022-06-09,72.97806549072266
2022-06-10,71.00499725341797
2022-06-13,67.8603515625
2022-06-14,66.61836242675781
2022-06-15,67.15567779541016
2022-06-16,62.38148880004883
2022-06-17,64.02867889404297
2022-06-21,64.03748321533203
2022-06-22,63.06855392456055
2022-06-23,62.93514633178711
2022-06-24,65.9595718383789
2022-06-27,66.01293182373047
2022-06-28,64.85652160644531
2022-06-29,63.5844955444336
2022-06-30,63.54890060424805
2022-07-01,61.45848083496094
2022-07-05,63.43327331542969
2022-07-06,63.62897109985352
2022-07-07,66.26200103759766
2022-07-08,66.60004425048828
2022-07-11,66.11968231201172
2022-07-12,66.51997375488281
2022-07-13,66.32426452636719
2022-07-14,67.23159790039062
2022-07-15,69.01070404052734
2022-07-18,68.94843292236328
2022-07-19,71.86612701416016
2022-07-20,73.00474548339844
2022-07-21,74.37464141845703
2022-07-22,68.34354400634766
2022-07-25,68.06778717041016
2022-07-26,67.5963363647461
2022-07-27,69.98919677734375
2022-07-28,70.98545837402344
2022-07-29,71.1456069946289
2022-08-01,70.75420379638672
2022-08-02,70.28274536132812
2022-08-03,71.30571746826172
2022-08-04,71.51032257080078
2022-08-05,72.00843811035156
2022-08-08,72.12410736083984
2022-08-09,68.79722595214844
2022-08-10,71.46583557128906
2022-08-11,73.36055755615234
2022-08-12,74.21452331542969
2022-08-15,73.120361328125
2022-08-16,72.80903625488281
2022-08-17,70.48735046386719
2022-08-18,72.61334228515625
2022-08-19,71.13671112060547
2022-08-22,68.11226654052734
2022-08-23,67.21381378173828
2022-08-24,67.6675033569336
2022-08-25,70.48735046386719
2022-08-26,66.3776626586914
2022-08-29,64.54519653320312
2022-08-30,61.75202560424805
2022-08-31,59.56375503540039
2022-09-01,58.638633728027344
2022-09-02,58.23833847045898
2022-09-06,58.13158798217773
2022-09-07,58.371768951416016
2022-09-08,58.82543563842773
2022-09-09,61.227195739746094
2022-09-12,61.17384338378906
2022-09-13,58.03373718261719
2022-09-14,56.23687744140625
2022-09-15,55.66756439208984
2022-09-16,55.78320693969727
2022-09-19,55.16941452026367
2022-09-20,53.9188346862793
2022-09-21,53.5589599609375
2022-09-22,52.93816757202149
2022-09-23,51.9844856262207
2022-09-26,49.8342170715332
2022-09-27,50.8598747253418
2022-09-28,51.26473236083984
2022-09-29,48.92552185058594
2022-09-30,47.89086532592773
2022-10-03,49.26740646362305
2022-10-04,51.28273010253906
2022-10-05,51.66959381103516
2022-10-06,50.12211608886719
2022-10-07,48.3676986694336
2022-10-10,46.99118041992188
2022-10-11,46.75725173950195
2022-10-12,46.622291564941406
2022-10-13,47.71992874145508
2022-10-14,46.4333610534668
2022-10-17,47.7379264831543
2022-10-18,47.65694046020508
2022-10-19,47.54898071289063
2022-10-20,47.7109260559082
2022-10-21,50.12211608886719
2022-10-24,50.66193389892578
2022-10-25,52.182430267333984
2022-10-26,48.03482055664063
2022-10-27,46.74824905395508
2022-10-28,46.28941345214844
2022-10-31,44.67895126342773
2022-11-01,45.91153717041016
2022-11-02,44.52600860595703
2022-11-03,43.62630844116211
2022-11-04,45.99250793457031
2022-11-07,47.29706954956055
2022-11-08,47.68394470214844
2022-11-09,45.51566696166992
2022-11-10,48.4036979675293
2022-11-11,51.41767883300781
2022-11-14,50.7339096069336
2022-11-15,50.140113830566406
2022-11-16,48.502662658691406
2022-11-17,48.95251083374024
2022-11-18,49.096466064453125
2022-11-21,48.67360305786133
2022-11-22,48.68260192871094
2022-11-23,49.31239318847656
2022-11-25,49.21342849731445
2022-11-28,47.06314849853516
2022-11-29,46.28941345214844
2022-11-30,47.65694046020508
2022-12-01,47.95384216308594
2022-12-02,47.65694046020508
2022-12-05,47.00917053222656
2022-12-06,46.96418762207031
2022-12-07,47.29706954956055
2022-12-08,48.97050857543945
2022-12-09,48.709590911865234
2022-12-12,50.041141510009766
2022-12-13,50.53596878051758
2022-12-14,49.25840377807617
2022-12-15,47.11712646484375
2022-12-16,46.90119934082031
2022-12-19,45.87554550170898
2022-12-20,46.53234100341797
2022-12-21,45.8299446105957
2022-12-22,45.80257034301758
2022-12-23,46.07623672485352
2022-12-27,47.490177154541016
2022-12-28,46.56883239746094
2022-12-29,48.36590194702149
2022-12-30,47.99189758300781
2023-01-03,47.32597732543945
2023-01-04,47.882442474365234
2023-01-05,48.794654846191406
2023-01-06,51.002227783203125
2023-01-09,50.48225784301758
2023-01-10,51.50395202636719
2023-01-11,52.18811798095703
2023-01-12,52.698951721191406
2023-01-13,52.23372650146485
2023-01-17,51.97829818725586
2023-01-18,53.55643844604492
2023-01-19,53.08208465576172
2023-01-20,54.13113784790039
2023-01-23,57.67967224121094
2023-01-24,56.76744842529297
2023-01-25,56.78570175170898
2023-01-26,62.95230484008789
2023-01-27,62.93406677246094
2023-01-30,60.89982223510742
2023-01-31,61.83028793334961
2023-02-01,64.3023910522461
2023-02-02,66.01736450195312
2023-02-03,64.66728973388672
2023-02-06,63.62734603881836
2023-02-07,65.04129028320312
2023-02-08,64.84062194824219
2023-02-09,63.6729736328125
2023-02-10,65.02304077148438
2023-02-13,65.06864929199219
2023-02-14,66.09945678710938
2023-02-15,65.6524887084961
2023-02-16,64.33887481689453
2023-02-17,64.09259033203125
2023-02-21,61.19173431396485
2023-02-22,60.56229782104492
2023-02-23,61.19173431396485
2023-02-24,60.288612365722656
2023-02-27,58.61013412475586
2023-02-28,58.8929328918457
2023-03-01,58.49155807495117
2023-03-02,59.16658782958984
2023-03-03,58.90205764770508
2023-03-06,57.76177597045898
2023-03-07,56.685359954833984
2023-03-08,58.04456329345703
2023-03-09,57.69792175292969
2023-03-10,56.32959365844727
2023-03-13,55.04336166381836
2023-03-14,55.663673400878906
2023-03-15,54.59637069702149
2023-03-16,55.82786560058594
2023-03-17,55.69103240966797
2023-03-20,56.61238098144531
2023-03-21,57.29512405395508
2023-03-22,55.83737564086914
2023-03-23,56.83380889892578
2023-03-24,56.87071228027344
2023-03-27,57.21208572387695
2023-03-28,55.75434112548828
2023-03-29,58.85436248779297
2023-03-30,59.952293395996094
2023-03-31,61.00408935546875
2023-04-03,60.6627082824707
2023-04-04,60.28443908691406
2023-04-05,59.84157180786133
2023-04-06,59.41716766357422
2023-04-10,61.21628189086914
2023-04-11,61.70528411865234
2023-04-12,61.24395751953125
2023-04-13,60.29365539550781
2023-04-14,59.01121139526367
2023-04-17,59.27876663208008
2023-04-18,59.29722213745117
2023-04-19,57.99631881713867
2023-04-20,52.663536071777344
2023-04-21,52.05459976196289
2023-04-24,52.59894943237305
2023-04-25,51.750144958496094
2023-04-26,51.98078918457031
2023-04-27,52.40520477294922
2023-04-28,54.2227783203125
2023-05-01,54.02903366088867
2023-05-02,52.45133209228516
2023-05-03,51.5932846069336
2023-05-04,50.85518646240234
2023-05-05,51.61174392700195
2023-05-08,51.93466567993164
2023-05-09,52.87574005126953
2023-05-10,52.83883285522461
2023-05-11,52.40520477294922
2023-05-12,53.11562347412109
2023-05-15,56.335594177246094
2023-05-16,56.09571075439453
2023-05-17,56.409400939941406
2023-05-18,57.894832611083984
2023-05-19,57.44274520874024
2023-05-22,58.07935333251953
2023-05-23,57.54423522949219
2023-05-24,56.57547378540039
2023-05-25,55.459102630615234
2023-05-26,57.47042083740234
2023-05-30,56.28023147583008
2023-05-31,55.44986724853516
2023-06-01,56.5570182800293
2023-06-02,57.396610260009766
2023-06-05,56.15106964111328
2023-06-06,54.05670547485352
2023-06-07,54.71176528930664
2023-06-08,55.24688720703125
2023-06-09,56.17874526977539
2023-06-12,58.50376129150391
2023-06-13,59.68472290039063
2023-06-14,60.23830795288086
2023-06-15,61.02252960205078
2023-06-16,59.32490158081055
2023-06-20,58.37346649169922
2023-06-21,57.43135452270508
2023-06-22,57.11421203613281
2023-06-23,56.26537704467773
2023-06-26,56.479923248291016
2023-06-27,57.93505859375
2023-06-28,57.47799301147461
2023-06-29,57.7764892578125
2023-06-30,57.71118927001953
2023-07-03,58.00035858154297
2023-07-05,56.73177337646485
2023-07-06,56.73177337646485
2023-07-07,56.22806930541992
2023-07-10,56.34000778198242
2023-07-11,56.95563888549805
2023-07-12,57.47799301147461
2023-07-13,57.85110855102539
2023-07-14,57.43135452270508
2023-07-17,56.85303115844727
2023-07-18,57.26345443725586
2023-07-19,55.8362922668457
2023-07-20,55.313941955566406
2023-07-21,55.60310363769531
2023-07-24,55.2952880859375
2023-07-25,54.32519912719727
2023-07-26,54.0733528137207
2023-07-27,57.97236633300781
2023-07-28,59.18498229980469
2023-07-31,59.23162460327149
2023-08-01,60.929290771484375
2023-08-02,60.6401252746582
2023-08-03,63.69032287597656
2023-08-04,62.300479888916016
2023-08-07,63.90488052368164
2023-08-08,62.55232238769531
2023-08-09,62.36577987670898
2023-08-10,62.63628005981445
2023-08-11,62.356441497802734
2023-08-14,63.25190353393555
2023-08-15,61.09718704223633
2023-08-16,59.87524032592773
2023-08-17,60.56549453735352
2023-08-18,60.02449035644531
2023-08-21,61.09718704223633
2023-08-22,61.46097946166992
2023-08-23,61.71282196044922
2023-08-24,60.53751754760742
2023-08-25,60.089786529541016
2023-08-28,61.62887191772461
2023-08-29,61.93669128417969
2023-08-30,63.58772277832031
2023-08-31,66.03160858154297
2023-09-01,68.74600219726562
2023-09-05,66.1248779296875
2023-09-06,66.44202423095703
2023-09-07,59.175662994384766
2023-09-08,60.97592926025391
2023-09-11,59.98717880249024
2023-09-12,58.50405502319336
2023-09-13,59.1290168762207
2023-09-14,59.93120956420898
2023-09-15,59.464820861816406
2023-09-18,59.912559509277344
2023-09-19,60.50954055786133
2023-09-20,61.218448638916016
2023-09-21,61.0505485534668
2023-09-22,61.47030258178711
2023-09-25,60.7632064819336
2023-09-26,59.79212188720703
2023-09-27,60.61234664916992
2023-09-28,61.93227767944336
2023-09-29,62.17738723754883
2023-10-02,62.40367889404297
2023-10-03,61.67771530151367
2023-10-04,62.19625473022461
2023-10-05,62.80908203125
2023-10-06,62.27167892456055
2023-10-09,62.4413948059082
2023-10-10,62.7713623046875
2023-10-11,65.58088684082031
2023-10-12,65.38290405273438
2023-10-13,64.51553344726562
2023-10-16,65.00577545166016
2023-10-17,64.99635314941406
2023-10-18,64.56267547607422
2023-10-19,63.044769287109375
2023-10-20,62.87506103515625
2023-10-23,61.51744079589844
2023-10-24,64.20441436767578
2023-10-25,63.26160430908203
2023-10-26,62.073692321777344
2023-10-27,64.29869079589844
2023-10-30,64.506103515625
2023-10-31,64.34583282470703
2023-11-01,67.16478729248047
2023-11-02,67.70216369628906
2023-11-03,68.14529418945312
2023-11-06,67.06108093261719
2023-11-07,66.78765869140625
2023-11-08,67.74932861328125
2023-11-09,67.88133239746094
2023-11-10,68.27729797363281
2023-11-13,68.32443237304688
2023-11-14,70.3420181274414
2023-11-15,70.28543853759766
2023-11-16,71.26596069335938
2023-11-17,71.53936767578125
2023-11-20,72.65186309814453
2023-11-21,71.70906829833984
2023-11-22,72.1710433959961
2023-11-24,71.72791290283203
2023-11-27,73.12326049804688
2023-11-28,72.54815673828125
2023-11-29,73.99063873291016
2023-11-30,74.5751724243164
2023-12-01,74.65058135986328
2023-12-04,74.09431457519531
2023-12-05,72.55757141113281
2023-12-06,73.35895538330078
2023-12-07,74.2734603881836
2023-12-08,75.97993469238281
2023-12-11,77.2998275756836
2023-12-12,77.9032211303711
2023-12-13,80.54306030273438
2023-12-14,80.44878387451172
2023-12-15,79.45884704589844
2023-12-18,79.16658782958984
2023-12-19,79.1005859375
2023-12-20,77.81709289550781
2023-12-21,81.09712219238281
2023-12-22,80.96401977539062
2023-12-26,81.6390380859375
2023-12-27,81.4583969116211
2023-12-28,82.51367950439453
2023-12-29,81.1636734008789
2024-01-02,78.61571502685547
2024-01-03,76.4670639038086
2024-01-04,76.79032135009766
2024-01-05,76.324462890625
2024-01-08,76.98997497558594
2024-01-09,76.162841796875
2024-01-10,78.58719635009766
2024-01-11,77.71251678466797
2024-01-12,78.70127868652344
2024-01-16,80.63125610351562
2024-01-17,79.22418975830078
2024-01-18,79.83264923095703
2024-01-19,81.2112045288086
2024-01-22,82.80841827392578
2024-01-23,84.8334732055664
2024-01-24,84.77644348144531
2024-01-25,86.50675964355469
2024-01-26,85.9838638305664
2024-01-29,84.26304626464844
2024-01-30,83.27428436279297
2024-01-31,81.4583969116211
2024-02-01,82.52322387695312
2024-02-02,83.20771789550781
2024-02-05,81.28726196289062
2024-02-06,81.95276641845703
2024-02-07,82.48517608642578
2024-02-08,83.35984802246094
2024-02-09,85.00462341308594
2024-02-12,84.70989227294922
2024-02-13,82.86547088623047
2024-02-14,82.53272247314453
2024-02-15,83.81620025634766
2024-02-16,83.20771789550781
2024-02-20,82.49467468261719
2024-02-21,80.71682739257812
2024-02-22,83.68309020996094
2024-02-23,83.64508056640625
2024-02-26,84.29156494140625
2024-02-27,86.23104095458984
2024-02-28,87.0962142944336
2024-02-29,88.46526336669922
2024-03-01,92.3727569580078
2024-03-04,93.53263854980467
2024-03-05,93.77031707763672
2024-03-06,89.50154876708984
2024-03-07,89.18780517578125
2024-03-08,88.12299346923828
2024-03-11,87.21980285644531
2024-03-12,86.620849609375
2024-03-13,84.30107116699219
2024-03-14,81.5344467163086
2024-03-15,81.77214050292969
2024-03-18,81.18267059326172
2024-03-19,82.30453491210938
2024-03-20,83.79016876220703
2024-03-21,84.77742004394531
2024-03-22,85.31416320800781
2024-03-25,84.54739379882812
2024-03-26,90.78707885742188
2024-03-27,90.65289306640624
2024-03-28,89.18641662597656
2024-04-01,87.96915435791016
2024-04-02,86.48351287841797
2024-04-03,87.82537078857422
2024-04-04,86.99151611328125
2024-04-05,86.25346374511719
2024-04-08,85.44835662841797
2024-04-09,85.81256103515625
2024-04-10,84.33651733398438
2024-04-11,85.09371185302734
2024-04-12,81.65277099609375
2024-04-15,80.39717102050781
2024-04-16,80.20548248291016
2024-04-17,80.70387268066406
2024-04-18,79.97544860839844
2024-04-19,79.0361328125
2024-04-22,81.6431884765625
2024-04-23,82.93714141845703
2024-04-24,83.49305725097656
2024-04-25,83.63683319091797
2024-04-26,82.46749114990234
2024-04-29,82.50582122802734
2024-04-30,82.34288787841797
2024-05-01,82.24703216552734
2024-05-02,82.70709991455078
2024-05-03,83.86686706542969
2024-05-06,86.11927795410156
2024-05-07,85.79341125488281
2024-05-08,86.31098937988281
2024-05-09,87.86370849609375
2024-05-10,90.1065673828125
2024-05-13,89.28225708007812
2024-05-14,92.22480010986328
2024-05-15,94.6209945678711
2024-05-16,94.16091918945312
2024-05-17,91.31423950195312
2024-05-20,92.79029083251952
2024-05-21,89.71356964111328
2024-05-22,90.73914337158205
2024-05-23,89.57939147949219
2024-05-24,90.27909088134766
2024-05-28,92.81905364990234
2024-05-29,90.34617614746094
2024-05-30,89.81900787353516
2024-05-31,89.36852264404297
2024-06-03,87.53784942626953
2024-06-04,88.03623962402344
2024-06-05,92.58901977539062
2024-06-06,92.0139389038086
2024-06-07,92.11936950683594
2024-06-10,95.38776397705078
2024-06-11,97.41975402832033
2024-06-12,98.57950592041016
2024-06-13,100.41019439697266
2024-06-14,99.54757690429688
2024-06-17,101.57955932617188
2024-06-18,101.58912658691406
2024-06-20,99.0129852294922
2024-06-21,99.45681762695312
2024-06-24,99.69802856445312
2024-06-25,100.09361267089844
2024-06-26,99.13839721679688
2024-06-27,100.44094848632812
2024-06-28,99.6401138305664
2024-07-01,98.8393096923828
2024-07-02,99.50503540039062
2024-07-03,97.80691528320312
2024-07-05,98.453369140625
2024-07-08,99.79450225830078
2024-07-09,100.68216705322266
2024-07-10,102.97852325439452
2024-07-11,102.38030242919922
2024-07-12,103.33550262451172
2024-07-15,105.11083221435548
2024-07-16,104.88890838623048
2024-07-17,101.22248840332033
2024-07-18,99.83309936523438
2024-07-19,99.02263641357422
2024-07-22,102.44783782958984
2024-07-23,101.5987777709961
2024-07-24,105.68008422851562
2024-07-25,100.30587005615234
2024-07-26,100.03571319580078
2024-07-29,99.74625396728516
2024-07-30,95.61669158935548
2024-07-31,98.57878875732422
2024-08-01,95.52986145019533
2024-08-02,91.24593353271484
2024-08-05,89.28727722167969
2024-08-06,90.38719940185548
2024-08-07,88.86273193359375
2024-08-08,92.0949935913086
2024-08-09,92.89582061767578
2024-08-12,92.46165466308594
2024-08-13,94.74832916259766
2024-08-14,93.64840698242188
2024-08-15,96.1087875366211
2024-08-16,98.15425872802734
2024-08-19,100.30587005615234
2024-08-20,99.91029357910156
2024-08-21,100.76900482177734
2024-08-22,99.6015396118164
2024-08-23,100.74005889892578
2024-08-26,101.07775115966795
2024-08-27,97.17011260986328
2024-08-28,95.76143646240234
2024-08-29,94.11151885986328
2024-08-30,96.05087280273438
2024-09-03,93.37825775146484
2024-09-04,97.1894073486328
2024-09-05,97.26659393310548
2024-09-06,94.53607940673828
2024-09-09,97.77796173095705
2024-09-10,98.66563415527344
2024-09-11,98.92613220214844
2024-09-12,97.0832748413086
2024-09-13,98.54020690917967
2024-09-16,97.87444305419922
2024-09-17,98.4822998046875
2024-09-18,97.38239288330078
2024-09-19,100.46024322509766
2024-09-20,101.05845642089844
2024-09-23,102.8457260131836
2024-09-24,103.57423400878906
2024-09-25,104.6718521118164
2024-09-26,107.58588409423828
2024-09-27,105.62377166748048
2024-09-30,106.39112854003906
2024-10-01,104.73013305664062
2024-10-02,105.44891357421876
2024-10-03,105.68205261230467
2024-10-04,104.166748046875
2024-10-07,103.08856201171876
2024-10-08,105.53634643554688
2024-10-09,106.15801239013672
2024-10-10,105.02154541015624
2024-10-11,106.66310119628906
2024-10-14,107.87727355957033
2024-10-15,108.58636474609376
2024-10-16,108.52809143066406
2024-10-17,109.2274398803711
2024-10-18,108.90689849853516
2024-10-21,109.18859100341795
2024-10-22,109.41200256347656
2024-10-23,100.55335998535156
2024-10-24,101.00018310546876
2024-10-25,100.0579833984375
2024-10-28,98.4164047241211
2024-10-29,98.42611694335938
2024-10-30,96.93026733398438
2024-10-31,97.49363708496094
2024-11-01,96.26974487304688
2024-11-04,97.0273895263672
2024-11-05,98.73695373535156
2024-11-06,100.02884674072266
2024-11-07,102.0978012084961
2024-11-08,101.77725219726562
2024-11-11,98.92150115966795
2024-11-12,96.93997955322266
2024-11-13,95.4538116455078
2024-11-14,94.6670379638672
2024-11-15,94.01622772216795
2024-11-18,94.2396240234375
2024-11-19,94.99728393554688
2024-11-20,95.2109832763672
2024-11-21,97.05652618408205
2024-11-22,96.76512145996094
2024-11-25,98.45526123046876
2024-11-26,98.74666595458984
2024-11-27,97.13423919677734
2024-11-29,98.42611694335938
2024-12-02,100.20368194580078
2024-12-03,95.9686279296875
2024-12-04,94.83216094970705
2024-12-05,95.36638641357422
2024-12-06,95.68694305419922
2024-12-09,96.13375854492188
2024-12-10,94.79330444335938
2024-12-11,95.57037353515624
2024-12-12,94.84186553955078
2024-12-13,93.69696807861328
2024-12-16,93.5306167602539
2024-12-17,92.46397399902344
2024-12-18,89.63594055175781
2024-12-19,85.66299438476562
2024-12-20,85.43792724609375
2024-12-23,86.63175964355469
2024-12-24,86.59262084960938
2024-12-26,86.50455474853516
2024-12-27,85.51620483398438
2024-12-30,84.67464447021484
2024-12-31,84.45935821533203
2025-01-02,84.53765106201172
2025-01-03,87.23847198486328
2025-01-06,87.19932556152344
2025-01-07,87.67882537841797
2025-01-08,86.788330078125
2025-01-10,86.96448516845703
2025-01-13,87.02318572998047
2025-01-14,89.27387237548828
2025-01-15,92.31719207763672
2025-01-16,93.0315399169922
2025-01-17,95.57579040527344
2025-01-21,99.07902526855467
2025-01-22,105.86044311523438
2025-01-23,106.09529113769533
2025-01-24,105.8702163696289
2025-01-27,101.26121520996094
2025-01-28,98.12003326416016
2025-01-29,97.24910736083984
2025-01-30,96.17271423339844
2025-01-31,94.29387664794922
2025-02-03,91.4756317138672
2025-02-04,92.48355102539062
2025-02-05,93.38382720947266
2025-02-06,94.4700164794922
2025-02-07,94.08838653564452
2025-02-10,95.7030029296875
2025-02-11,95.73235321044922
2025-02-12,97.082763671875
2025-02-13,99.3041000366211
2025-02-14,99.2943115234375
2025-02-18,100.8893585205078
2025-02-19,100.79151153564452
2025-02-20,100.43921661376952
2025-02-21,98.68760681152344
2025-02-24,97.9341278076172
2025-02-25,97.58184051513672
2025-02-26,98.12003326416016
2025-02-27,98.51146697998048
2025-02-28,99.7248764038086
2025-03-03,97.91454315185548
2025-03-04,92.0627670288086
2025-03-05,90.4481430053711
2025-03-06,84.78228759765625
2025-03-07,86.11312866210938
2025-03-10,84.5572280883789
2025-03-11,85.10521697998047
2025-03-12,84.870361328125
2025-03-13,83.78416442871094
2025-03-14,86.0152816772461
2025-03-17,88.5693130493164
2025-03-18,86.7394027709961
2025-03-19,87.73583984375
2025-03-20,87.19322967529297
2025-03-21,87.08470153808594
2025-03-24,87.59772491455078
2025-03-25,86.77886962890625
2025-03-26,86.45329284667969
2025-03-27,86.3250503540039
2025-03-28,83.77969360351562
2025-03-31,83.80928802490234
2025-04-01,83.40478515625
2025-04-02,84.37163543701172
2025-04-03,70.56949615478516
2025-04-04,65.83394622802734
2025-04-07,67.73802947998047
2025-04-08,65.64649963378906
2025-04-09,73.29243469238281
2025-04-10,68.80352020263672
2025-04-11,69.20802307128906
2025-04-14,71.69418334960938
2025-04-15,71.03318786621094
2025-04-16,71.84217071533203
2025-04-17,74.76242065429688
2025-04-21,72.93727111816406
2025-04-22,74.34806823730469
2025-04-23,77.0414047241211
2025-04-24,81.92494201660156
2025-04-25,81.58949279785156
2025-04-28,81.05675506591797
2025-04-29,80.5042724609375
2025-04-30,89.80764770507812
2025-05-01,88.80134582519531
2025-05-02,91.82025146484376
2025-05-05,92.32341003417967
2025-05-06,92.6391143798828
2025-05-07,94.16829681396484
2025-05-08,95.0068817138672
2025-05-09,94.42479705810548
2025-05-12,100.58100128173828
2025-05-13,104.05374145507812
2025-05-14,103.77751159667967
2025-05-15,105.9874267578125
2025-05-16,106.34259033203124
2025-05-19,107.5758056640625
2025-05-20,105.53359985351562
2025-05-21,103.0277099609375
2025-05-22,107.3982391357422
2025-05-23,111.2261199951172
2025-05-27,115.47825622558594
2025-05-28,115.76435089111328
2025-05-29,116.55360412597656
2025-05-30,116.3563003540039
2025-06-02,117.55005645751952
2025-06-03,121.57527160644533
2025-06-04,125.9260482788086
2025-06-05,125.98523712158205
2025-06-06,125.26504516601562
2025-06-09,128.42205810546875
2025-06-10,126.27134704589844
2025-06-11,124.79148864746094
2025-06-12,124.37713623046876
2025-06-13,125.5610122680664
2025-06-16,129.2803955078125
2025-06-17,129.1126708984375
2025-06-18,129.5369110107422
2025-06-20,129.2014617919922
2025-06-23,131.29299926757812
2025-06-24,134.4796142578125
2025-06-25,137.40545654296875
2025-06-26,139.53785705566406
2025-06-27,140.28172302246094
2025-06-30,143.14805603027344
2025-07-01,143.8522491455078
2025-07-02,150.6957244873047
2025-07-03,148.21620178222656
2025-07-07,147.1748046875
2025-07-08,143.2869110107422
2025-07-09,140.84706115722656
2025-07-10,143.31666564941406
2025-07-11,145.97470092773438
2025-07-14,147.85916137695312
2025-07-15,147.8293914794922
2025-07-16,145.91522216796875
2025-07-17,145.51849365234375
2025-07-18,147.8492431640625
2025-07-21,148.40464782714844
2025-07-22,145.38954162597656
2025-07-23,151.50901794433594
2025-07-24,151.479248046875
2025-07-25,149.65432739257812
2025-07-28,149.2278594970703
2025-07-29,151.42967224121094
2025-07-30,146.21273803710938
2025-07-31,155.72421264648438
2025-08-01,153.542236328125
2025-08-04,153.542236328125
2025-08-05,150.49737548828125
2025-08-06,146.06398010253906
2025-08-07,146.88720703125
2025-08-08,149.21792602539062
2025-08-11,150.44778442382812
2025-08-12,154.3158416748047
2025-08-13,155.63494873046875
2025-08-14,154.4547119140625
2025-08-15,153.1653289794922
2025-08-18,157.40037536621094
2025-08-19,156.63668823242188
2025-08-20,157.10284423828125
2025-08-21,153.33395385742188
2025-08-22,157.90621948242188
2025-08-25,162.65696716308594
2025-08-26,163.8868408203125
2025-08-27,165.8704376220703
2025-08-28,170.96835327148438
2025-08-29,166.0291290283203
2025-09-02,169.10372924804688
2025-09-03,174.8760986328125
2025-09-04,182.47335815429688
2025-09-05,186.6191253662109
2025-09-08,187.69029235839844
2025-09-09,190.0210418701172
2025-09-10,191.4591522216797
2025-09-11,195.1982879638672
2025-09-12,194.385009765625
2025-09-15,209.3910980224609
2025-09-16,209.40103149414065
2025-09-17,211.6127471923828
2025-09-18,214.8658905029297
2025-09-19,219.41831970214844
2025-09-22,227.4519805908203
2025-09-23,226.26182556152344
2025-09-24,221.8680877685547
2025-09-25,218.0496063232422
2025-09-26,215.72879028320312
2025-09-29,227.26353454589844
2025-09-30,234.86485290527344
2025-10-01,255.53965759277344
2025-10-02,253.4502868652344
2025-10-03,251.5101318359375
2025-10-06,241.6005706787109
2025-10-07,223.8708038330078
2025-10-08,223.2141571044922
2025-10-09,220.5775451660156
2025-10-10,213.29461669921875
2025-10-13,218.3986358642578
2025-10-14,210.5585479736328
2025-10-15,218.2693023681641
2025-10-16,224.8856201171875
2025-10-17,224.25881958007807
2025-10-20,213.3144989013672
2025-10-21,213.4836578369141
2025-10-22,213.9612274169922
2025-10-23,225.2637176513672
2025-10-24,232.9346618652344
2025-10-27,229.1539306640625
2025-10-28,221.8709716796875
2025-10-29,264.2751770019531
2025-10-30,266.9813842773437
2025-10-31,254.5845184326172
2025-11-03,264.2055358886719
2025-11-04,249.1123504638672
2025-11-05,274.373779296875
2025-11-06,277.06011962890625
2025-11-07,277.9356689453125
2025-11-10,292.5015563964844
2025-11-11,286.5419006347656
2025-11-12,281.82586669921875
2025-11-13,261.2306823730469
2025-11-14,256.9027099609375
2025-11-17,260.0566711425781
2025-11-18,252.57473754882807
2025-11-19,257.8280029296875
2025-11-20,239.28237915039065
2025-11-21,236.28761291503903
2025-11-24,252.09716796875
2025-11-25,260.5640869140625
2025-11-26,270.9014892578125
2025-11-28,275.2891540527344
2025-12-01,268.7325134277344
2025-12-02,265.5188293457031
2025-12-03,257.3603820800781
2025-12-04,264.2851257324219
2025-12-05,277.3785095214844
2025-12-08,283.9649658203125
2025-12-09,281.42791748046875
2025-12-10,297.4065856933594
2025-12-11,306.2914123535156
2025-12-12,286.1837463378906
2025-12-15,284.1341247558594
2025-12-16,286.6712341308594
2025-12-17,276.2442932128906
2025-12-18,290.5216064453125
2025-12-19,294.85955810546875
2025-12-22,281.41796875
2025-12-23,281.3681945800781
2025-12-24,284.5703125
2025-12-26,285.5180053710937
2025-12-29,280.6100769042969
2025-12-30,279.3930358886719
2025-12-31,274.7145690917969
2026-01-02,286.83477783203125
2026-01-05,289.119140625
2026-01-06,329.609619140625
2026-01-07,307.50396728515625
2026-01-08,283.7723083496094
2026-01-09,303.2643737792969
2026-01-12,320.6915283203125
2026-01-13,317.65899658203125
2026-01-14,311.5140991210937
2026-01-15,319.53436279296875
2026-01-16,325.4299011230469
2026-01-20,325.1904602050781
2026-01-21,343.3757629394531
2026-01-22,345.6800842285156
2026-01-23,345.2511291503906
2026-01-26,357.4112548828125
2026-01-27,370.8482055664063
2026-01-28,441.8436584472656
2026-01-29,445.4747314453125
2026-01-30,406.6900939941406
2026-02-02,431.8881530761719
2026-02-03,443.3599243164063
2026-02-04,417.603271484375
2026-02-05,404.4555969238281
2026-02-06,428.2670593261719
2026-02-09,423.9576416015625
2026-02-10,395.2582092285156
2026-02-11,406.2511596679688
2026-02-12,430.1125183105469
2026-02-13,424.9451904296875
2026-02-17,414.91986083984375
2026-02-18,423.0997619628906
2026-02-19,407.9669494628906
2026-02-20,410.1016845703125
2026-02-23,406.40081787109375
2026-02-24,395.0487060546875
2026-02-25,420.81536865234375
2026-02-26,408.6652526855469
2026-02-27,406.8396911621094
2026-03-02,378.5891723632813
2026-03-03,356.7428894042969
2026-03-04,374.09027099609375
2026-03-05,366.4390258789063
2026-03-06,351.9346923828125
2026-03-09,373.4118957519531
2026-03-10,383.3474731445313
2026-03-11,385.0233459472656
2026-03-12,373.0627746582031
2026-03-13,382.7688903808594
2026-03-16,397.8019409179688
2026-03-17,420.0572204589844
2026-03-18,405.7723083496094
2026-03-19,433.5340881347656
2026-03-20,410.2214050292969
2026-03-23,403.0290832519531
2026-03-24,423.917724609375
2026-03-25,412.9255676269531
2026-03-26,378.5201110839844
2026-03-27,379.7991943359375
2026-03-30,362.1717529296875
2026-03-31,391.4808654785156
2026-04-01,422.8185119628906
2026-04-02,429.0540466308594
2026-04-06,452.9770202636719
2026-04-07,468.3860168457031
2026-04-08,495.9463806152344
2026-04-09,500.4131774902344
2026-04-10,502.7715148925781
2026-04-13,512.914306640625
2026-04-14,533.0599365234375
2026-04-15,519.229736328125
2026-04-16,531.4310913085938
2026-04-17,547.3597412109375
2026-04-20,539.3654174804688
2026-04-21,559.5010986328125
2026-04-22,579.4668579101562
2026-04-23,587.2012939453125
2026-04-24,585.832275390625
2026-04-27,595.4354248046875
2026-04-28,578.6174926757812
2026-04-29,642.8416137695312
2026-04-30,673.1600341796875
2026-05-01,726.4120483398438
2026-05-04,738.0137329101562
2026-05-05,770.4606323242188
2026-05-06,785.859619140625
2026-05-07,765.8939208984375
2026-05-08,782.0823974609375
2026-05-11,833.415771484375
2026-05-12,808.2236938476562
2026-05-13,816.767578125
2026-05-14,804.1865844726562
2026-05-15,794.9031982421875
2026-05-18,740.3121948242188
2026-05-19,732.8274536132812
2026-05-20,750.5348510742188
2026-05-21,809.882568359375
2026-05-22,812.15087890625
2026-05-26,845.1574096679688
2026-05-27,870.0396118164062
2026-05-28,880.0924682617188
2026-05-29,879.173095703125
2026-06-01,920.6035766601562
2026-06-02,925.9497680664062
2026-06-03,940.019775390625
2026-06-04,925.3302001953124
2026-06-05,846.8661499023438
2026-06-08,876.1453247070312
2026-06-09,845.4072265625
2026-06-10,815.4085693359375
2026-06-11,867.4714965820312
2026-06-12,930.3765869140624
2026-06-15,1018.0740966796876
2026-06-16,1030.6051025390625
2026-06-17,1065.310302734375
2026-06-18,1069.4674072265625
2026-06-22,1093.260498046875
2026-06-23,1037.8499755859375
2026-06-24,993.25
2026-06-25,1025.3599853515625
2026-06-26,899.9000244140625
2026-06-29,968.530029296875
2026-06-30,965.0
2026-07-01,915.1900024414062
2026-07-02,820.1599731445312
2026-07-06,868.260009765625
2026-07-07,827.6400146484375
2026-07-08,860.02001953125
2026-07-09,890.0900268554688
2026-07-10,910.3400268554688
2026-07-13,860.6599731445312
2026-07-14,878.3099975585938
2026-07-15,828.2999877929688
2026-07-16,745.489990234375
2026-07-17,787.6599731445312
2026-07-20,802.4500122070312
2026-07-21,891.8300170898438
2026-07-22,908.0999755859376
2026-07-23,913.3599853515624
2026-07-24,851.6900024414062
2026-07-27,816.989990234375
2026-07-28,747.2999877929688
2026-07-29,764.4299926757812
2026-07-30,851.6799926757812
2026-07-31,856.1300048828125
2026-08-03,831.0599975585938
2026-08-04,845.3499755859375
2026-08-05,837.6599731445312
2026-08-06,852.9500122070312
2026-08-07,812.760009765625
2026-08-10,800.989990234375
2026-08-11,820.52001953125
2026-08-12,878.2100219726562
2026-08-13,921.3699951171876
2026-08-14,973.4400024414062
2026-08-17,994.7899780273438
